eps1,eps2,i,j,freq_MHz,strength,a_J,a_F1,a_F,a_ef,a_mF,a_parity,b_J,b_F1,b_F,b_ef,b_mF,b_parity
sigma+,sigma-,106,20,-174633.506384,1.937989e-09,5,5,4.5,f,-4.5,+1,2,2,2.5,e,-2.5,+1
sigma+,sigma-,107,21,-174633.506379,1.076659e-09,5,5,4.5,f,-3.5,+1,2,2,2.5,e,-1.5,+1
sigma+,sigma-,108,22,-174633.506374,5.383288e-10,5,5,4.5,f,-2.5,+1,2,2,2.5,e,-0.5,+1
sigma+,sigma-,109,23,-174633.506369,2.307120e-10,5,5,4.5,f,-1.5,+1,2,2,2.5,e,+0.5,+1
sigma+,sigma-,110,24,-174633.506364,7.690390e-11,5,5,4.5,f,-0.5,+1,2,2,2.5,e,+1.5,+1
sigma+,sigma-,111,25,-174633.506359,1.538076e-11,5,5,4.5,f,+0.5,+1,2,2,2.5,e,+2.5,+1
sigma+,sigma-,96,26,-174538.286385,1.937987e-09,5,5,4.5,e,-4.5,-1,2,2,2.5,f,-2.5,-1
sigma+,sigma-,97,27,-174538.286381,1.076658e-09,5,5,4.5,e,-3.5,-1,2,2,2.5,f,-1.5,-1
sigma+,sigma-,98,28,-174538.286377,5.383283e-10,5,5,4.5,e,-2.5,-1,2,2,2.5,f,-0.5,-1
sigma+,sigma-,99,29,-174538.286373,2.307118e-10,5,5,4.5,e,-1.5,-1,2,2,2.5,f,+0.5,-1
sigma+,sigma-,100,30,-174538.286369,7.690383e-11,5,5,4.5,e,-0.5,-1,2,2,2.5,f,+1.5,-1
sigma+,sigma-,101,31,-174538.286365,1.538074e-11,5,5,4.5,e,+0.5,-1,2,2,2.5,f,+2.5,-1
sigma+,sigma-,68,4,-130973.018529,4.788115e-09,4,4,3.5,f,-3.5,-1,1,1,1.5,e,-1.5,-1
sigma+,sigma-,69,5,-130973.018513,2.052044e-09,4,4,3.5,f,-2.5,-1,1,1,1.5,e,-0.5,-1
sigma+,sigma-,70,6,-130973.018497,6.840126e-10,4,4,3.5,f,-1.5,-1,1,1,1.5,e,+0.5,-1
sigma+,sigma-,71,7,-130973.018481,1.368021e-10,4,4,3.5,f,-0.5,-1,1,1,1.5,e,+1.5,-1
sigma+,sigma-,106,53,-130963.279323,5.667057e-03,5,5,4.5,f,-4.5,+1,3,3,3.5,f,-2.5,+1
sigma+,sigma-,107,54,-130963.279322,7.556070e-03,5,5,4.5,f,-3.5,+1,3,3,3.5,f,-1.5,+1
sigma+,sigma-,108,55,-130963.279321,7.083811e-03,5,5,4.5,f,-2.5,+1,3,3,3.5,f,-0.5,+1
sigma+,sigma-,109,56,-130963.279320,5.397185e-03,5,5,4.5,f,-1.5,+1,3,3,3.5,f,+0.5,+1
sigma+,sigma-,110,57,-130963.279318,3.373238e-03,5,5,4.5,f,-0.5,+1,3,3,3.5,f,+1.5,+1
sigma+,sigma-,111,58,-130963.279317,1.619153e-03,5,5,4.5,f,+0.5,+1,3,3,3.5,f,+2.5,+1
sigma+,sigma-,112,59,-130963.279316,4.722526e-04,5,5,4.5,f,+1.5,+1,3,3,3.5,f,+3.5,+1
sigma+,sigma-,128,52,-130959.701873,2.727194e-01,5,5,5.5,f,-5.5,+1,3,3,3.5,f,-3.5,+1
sigma+,sigma-,129,53,-130959.701871,1.735488e-01,5,5,5.5,f,-4.5,+1,3,3,3.5,f,-2.5,+1
sigma+,sigma-,130,54,-130959.701868,1.041293e-01,5,5,5.5,f,-3.5,+1,3,3,3.5,f,-1.5,+1
sigma+,sigma-,131,55,-130959.701866,5.784961e-02,5,5,5.5,f,-2.5,+1,3,3,3.5,f,-0.5,+1
sigma+,sigma-,132,56,-130959.701864,2.892481e-02,5,5,5.5,f,-1.5,+1,3,3,3.5,f,+0.5,+1
sigma+,sigma-,133,57,-130959.701861,1.239635e-02,5,5,5.5,f,-0.5,+1,3,3,3.5,f,+1.5,+1
sigma+,sigma-,134,58,-130959.701859,4.132118e-03,5,5,5.5,f,+0.5,+1,3,3,3.5,f,+2.5,+1
sigma+,sigma-,135,59,-130959.701857,8.264237e-04,5,5,5.5,f,+1.5,+1,3,3,3.5,f,+3.5,+1
sigma+,sigma-,106,38,-130957.483146,2.571523e-01,5,5,4.5,f,-4.5,+1,3,3,2.5,f,-2.5,+1
sigma+,sigma-,107,39,-130957.483142,1.428623e-01,5,5,4.5,f,-3.5,+1,3,3,2.5,f,-1.5,+1
sigma+,sigma-,108,40,-130957.483138,7.143116e-02,5,5,4.5,f,-2.5,+1,3,3,2.5,f,-0.5,+1
sigma+,sigma-,109,41,-130957.483134,3.061335e-02,5,5,4.5,f,-1.5,+1,3,3,2.5,f,+0.5,+1
sigma+,sigma-,110,42,-130957.483130,1.020445e-02,5,5,4.5,f,-0.5,+1,3,3,2.5,f,+1.5,+1
sigma+,sigma-,111,43,-130957.483126,2.040889e-03,5,5,4.5,f,+0.5,+1,3,3,2.5,f,+2.5,+1
sigma+,sigma-,96,45,-130915.669321,5.667046e-03,5,5,4.5,e,-4.5,-1,3,3,3.5,e,-2.5,-1
sigma+,sigma-,97,46,-130915.669320,7.556055e-03,5,5,4.5,e,-3.5,-1,3,3,3.5,e,-1.5,-1
sigma+,sigma-,98,47,-130915.669319,7.083796e-03,5,5,4.5,e,-2.5,-1,3,3,3.5,e,-0.5,-1
sigma+,sigma-,99,48,-130915.669318,5.397173e-03,5,5,4.5,e,-1.5,-1,3,3,3.5,e,+0.5,-1
sigma+,sigma-,100,49,-130915.669317,3.373231e-03,5,5,4.5,e,-0.5,-1,3,3,3.5,e,+1.5,-1
sigma+,sigma-,101,50,-130915.669317,1.619149e-03,5,5,4.5,e,+0.5,-1,3,3,3.5,e,+2.5,-1
sigma+,sigma-,102,51,-130915.669316,4.722515e-04,5,5,4.5,e,+1.5,-1,3,3,3.5,e,+3.5,-1
sigma+,sigma-,60,8,-130914.828530,4.788109e-09,4,4,3.5,e,-3.5,+1,1,1,1.5,f,-1.5,+1
sigma+,sigma-,61,9,-130914.828515,2.052041e-09,4,4,3.5,e,-2.5,+1,1,1,1.5,f,-0.5,+1
sigma+,sigma-,62,10,-130914.828500,6.840118e-10,4,4,3.5,e,-1.5,+1,1,1,1.5,f,+0.5,+1
sigma+,sigma-,63,11,-130914.828486,1.368020e-10,4,4,3.5,e,-0.5,+1,1,1,1.5,f,+1.5,+1
sigma+,sigma-,116,44,-130912.091872,2.727194e-01,5,5,5.5,e,-5.5,-1,3,3,3.5,e,-3.5,-1
sigma+,sigma-,117,45,-130912.091870,1.735488e-01,5,5,5.5,e,-4.5,-1,3,3,3.5,e,-2.5,-1
sigma+,sigma-,118,46,-130912.091867,1.041293e-01,5,5,5.5,e,-3.5,-1,3,3,3.5,e,-1.5,-1
sigma+,sigma-,119,47,-130912.091865,5.784962e-02,5,5,5.5,e,-2.5,-1,3,3,3.5,e,-0.5,-1
sigma+,sigma-,120,48,-130912.091863,2.892481e-02,5,5,5.5,e,-1.5,-1,3,3,3.5,e,+0.5,-1
sigma+,sigma-,121,49,-130912.091860,1.239635e-02,5,5,5.5,e,-0.5,-1,3,3,3.5,e,+1.5,-1
sigma+,sigma-,122,50,-130912.091858,4.132118e-03,5,5,5.5,e,+0.5,-1,3,3,3.5,e,+2.5,-1
sigma+,sigma-,123,51,-130912.091856,8.264238e-04,5,5,5.5,e,+1.5,-1,3,3,3.5,e,+3.5,-1
sigma+,sigma-,96,32,-130909.873145,2.571523e-01,5,5,4.5,e,-4.5,-1,3,3,2.5,e,-2.5,-1
sigma+,sigma-,97,33,-130909.873141,1.428624e-01,5,5,4.5,e,-3.5,-1,3,3,2.5,e,-1.5,-1
sigma+,sigma-,98,34,-130909.873137,7.143116e-02,5,5,4.5,e,-2.5,-1,3,3,2.5,e,-0.5,-1
sigma+,sigma-,99,35,-130909.873133,3.061335e-02,5,5,4.5,e,-1.5,-1,3,3,2.5,e,+0.5,-1
sigma+,sigma-,100,36,-130909.873129,1.020445e-02,5,5,4.5,e,-0.5,-1,3,3,2.5,e,+1.5,-1
sigma+,sigma-,101,37,-130909.873125,2.040889e-03,5,5,4.5,e,+0.5,-1,3,3,2.5,e,+2.5,-1
sigma+,sigma-,68,27,-101863.547670,1.058195e-02,4,4,3.5,f,-3.5,-1,2,2,2.5,f,-1.5,-1
sigma+,sigma-,69,28,-101863.547667,1.209364e-02,4,4,3.5,f,-2.5,-1,2,2,2.5,f,-0.5,-1
sigma+,sigma-,70,29,-101863.547663,9.070217e-03,4,4,3.5,f,-1.5,-1,2,2,2.5,f,+0.5,-1
sigma+,sigma-,71,30,-101863.547660,4.837444e-03,4,4,3.5,f,-0.5,-1,2,2,2.5,f,+1.5,-1
sigma+,sigma-,72,31,-101863.547657,1.511699e-03,4,4,3.5,f,+0.5,-1,2,2,2.5,f,+2.5,-1
sigma+,sigma-,86,26,-101859.112222,2.380806e-01,4,4,4.5,f,-4.5,-1,2,2,2.5,f,-2.5,-1
sigma+,sigma-,87,27,-101859.112217,1.322671e-01,4,4,4.5,f,-3.5,-1,2,2,2.5,f,-1.5,-1
sigma+,sigma-,88,28,-101859.112212,6.613355e-02,4,4,4.5,f,-2.5,-1,2,2,2.5,f,-0.5,-1
sigma+,sigma-,89,29,-101859.112206,2.834296e-02,4,4,4.5,f,-1.5,-1,2,2,2.5,f,+0.5,-1
sigma+,sigma-,90,30,-101859.112201,9.447656e-03,4,4,4.5,f,-0.5,-1,2,2,2.5,f,+1.5,-1
sigma+,sigma-,91,31,-101859.112196,1.889532e-03,4,4,4.5,f,+0.5,-1,2,2,2.5,f,+2.5,-1
sigma+,sigma-,68,16,-101855.218020,2.143041e-01,4,4,3.5,f,-3.5,-1,2,2,1.5,f,-1.5,-1
sigma+,sigma-,69,17,-101855.218011,9.184459e-02,4,4,3.5,f,-2.5,-1,2,2,1.5,f,-0.5,-1
sigma+,sigma-,70,18,-101855.218001,3.061485e-02,4,4,3.5,f,-1.5,-1,2,2,1.5,f,+0.5,-1
sigma+,sigma-,71,19,-101855.217991,6.122969e-03,4,4,3.5,f,-0.5,-1,2,2,1.5,f,+1.5,-1
sigma+,sigma-,60,21,-101826.517669,1.058192e-02,4,4,3.5,e,-3.5,+1,2,2,2.5,e,-1.5,+1
sigma+,sigma-,61,22,-101826.517666,1.209361e-02,4,4,3.5,e,-2.5,+1,2,2,2.5,e,-0.5,+1
sigma+,sigma-,62,23,-101826.517662,9.070199e-03,4,4,3.5,e,-1.5,+1,2,2,2.5,e,+0.5,+1
sigma+,sigma-,63,24,-101826.517659,4.837433e-03,4,4,3.5,e,-0.5,+1,2,2,2.5,e,+1.5,+1
sigma+,sigma-,64,25,-101826.517656,1.511696e-03,4,4,3.5,e,+0.5,+1,2,2,2.5,e,+2.5,+1
sigma+,sigma-,76,20,-101822.082221,2.380806e-01,4,4,4.5,e,-4.5,+1,2,2,2.5,e,-2.5,+1
sigma+,sigma-,77,21,-101822.082216,1.322671e-01,4,4,4.5,e,-3.5,+1,2,2,2.5,e,-1.5,+1
sigma+,sigma-,78,22,-101822.082211,6.613355e-02,4,4,4.5,e,-2.5,+1,2,2,2.5,e,-0.5,+1
sigma+,sigma-,79,23,-101822.082205,2.834296e-02,4,4,4.5,e,-1.5,+1,2,2,2.5,e,+0.5,+1
sigma+,sigma-,80,24,-101822.082200,9.447657e-03,4,4,4.5,e,-0.5,+1,2,2,2.5,e,+1.5,+1
sigma+,sigma-,81,25,-101822.082195,1.889532e-03,4,4,4.5,e,+0.5,+1,2,2,2.5,e,+2.5,+1
sigma+,sigma-,60,12,-101818.188019,2.143041e-01,4,4,3.5,e,-3.5,+1,2,2,1.5,e,-1.5,+1
sigma+,sigma-,61,13,-101818.188010,9.184460e-02,4,4,3.5,e,-2.5,+1,2,2,1.5,e,-0.5,+1
sigma+,sigma-,62,14,-101818.188000,3.061486e-02,4,4,3.5,e,-1.5,+1,2,2,1.5,e,+0.5,+1
sigma+,sigma-,63,15,-101818.187990,6.122969e-03,4,4,3.5,e,-0.5,+1,2,2,1.5,e,+1.5,+1
sigma+,sigma-,113,85,-72811.424156,3.305410e-04,5,5,4.5,f,+2.5,+1,4,4,4.5,e,+4.5,+1
sigma+,sigma-,112,84,-72811.424156,7.712630e-04,5,5,4.5,f,+1.5,+1,4,4,4.5,e,+3.5,+1
sigma+,sigma-,111,83,-72811.424156,1.156895e-03,5,5,4.5,f,+0.5,+1,4,4,4.5,e,+2.5,+1
sigma+,sigma-,110,82,-72811.424156,1.377258e-03,5,5,4.5,f,-0.5,+1,4,4,4.5,e,+1.5,+1
sigma+,sigma-,109,81,-72811.424156,1.377259e-03,5,5,4.5,f,-1.5,+1,4,4,4.5,e,+0.5,+1
sigma+,sigma-,108,80,-72811.424156,1.156898e-03,5,5,4.5,f,-2.5,+1,4,4,4.5,e,-0.5,+1
sigma+,sigma-,107,79,-72811.424155,7.712661e-04,5,5,4.5,f,-3.5,+1,4,4,4.5,e,-1.5,+1
sigma+,sigma-,106,78,-72811.424155,3.305429e-04,5,5,4.5,f,-4.5,+1,4,4,4.5,e,-2.5,+1
sigma+,sigma-,128,77,-72807.846705,1.616513e-02,5,5,5.5,f,-5.5,+1,4,4,4.5,e,-3.5,+1
sigma+,sigma-,129,78,-72807.846704,2.351293e-02,5,5,5.5,f,-4.5,+1,4,4,4.5,e,-2.5,+1
sigma+,sigma-,130,79,-72807.846702,2.468858e-02,5,5,5.5,f,-3.5,+1,4,4,4.5,e,-1.5,+1
sigma+,sigma-,131,80,-72807.846701,2.194541e-02,5,5,5.5,f,-2.5,+1,4,4,4.5,e,-0.5,+1
sigma+,sigma-,132,81,-72807.846700,1.714485e-02,5,5,5.5,f,-1.5,+1,4,4,4.5,e,+0.5,+1
sigma+,sigma-,133,82,-72807.846698,1.175647e-02,5,5,5.5,f,-0.5,+1,4,4,4.5,e,+1.5,+1
sigma+,sigma-,134,83,-72807.846697,6.857944e-03,5,5,5.5,f,+0.5,+1,4,4,4.5,e,+2.5,+1
sigma+,sigma-,135,84,-72807.846696,3.135061e-03,5,5,5.5,f,+1.5,+1,4,4,4.5,e,+3.5,+1
sigma+,sigma-,136,85,-72807.846694,8.817360e-04,5,5,5.5,f,+2.5,+1,4,4,4.5,e,+4.5,+1
sigma+,sigma-,106,61,-72806.988701,1.850649e-02,5,5,4.5,f,-4.5,+1,4,4,3.5,e,-2.5,+1
sigma+,sigma-,107,62,-72806.988699,2.467532e-02,5,5,4.5,f,-3.5,+1,4,4,3.5,e,-1.5,+1
sigma+,sigma-,108,63,-72806.988697,2.313310e-02,5,5,4.5,f,-2.5,+1,4,4,3.5,e,-0.5,+1
sigma+,sigma-,109,64,-72806.988695,1.762522e-02,5,5,4.5,f,-1.5,+1,4,4,3.5,e,+0.5,+1
sigma+,sigma-,110,65,-72806.988693,1.101576e-02,5,5,4.5,f,-0.5,+1,4,4,3.5,e,+1.5,+1
sigma+,sigma-,111,66,-72806.988691,5.287565e-03,5,5,4.5,f,+0.5,+1,4,4,3.5,e,+2.5,+1
sigma+,sigma-,112,67,-72806.988689,1.542206e-03,5,5,4.5,f,+1.5,+1,4,4,3.5,e,+3.5,+1
sigma+,sigma-,128,60,-72803.411252,2.022632e-03,5,5,5.5,f,-5.5,+1,4,4,3.5,e,-3.5,+1
sigma+,sigma-,129,61,-72803.411249,1.287128e-03,5,5,5.5,f,-4.5,+1,4,4,3.5,e,-2.5,+1
sigma+,sigma-,130,62,-72803.411245,7.722763e-04,5,5,5.5,f,-3.5,+1,4,4,3.5,e,-1.5,+1
sigma+,sigma-,131,63,-72803.411242,4.290420e-04,5,5,5.5,f,-2.5,+1,4,4,3.5,e,-0.5,+1
sigma+,sigma-,132,64,-72803.411239,2.145208e-04,5,5,5.5,f,-1.5,+1,4,4,3.5,e,+0.5,+1
sigma+,sigma-,133,65,-72803.411235,9.193742e-05,5,5,5.5,f,-0.5,+1,4,4,3.5,e,+1.5,+1
sigma+,sigma-,134,66,-72803.411232,3.064578e-05,5,5,5.5,f,+0.5,+1,4,4,3.5,e,+2.5,+1
sigma+,sigma-,135,67,-72803.411229,6.129151e-06,5,5,5.5,f,+1.5,+1,4,4,3.5,e,+3.5,+1
sigma+,sigma-,38,9,-72764.334070,2.176796e-02,3,3,2.5,f,-2.5,+1,1,1,1.5,f,-0.5,+1
sigma+,sigma-,39,10,-72764.334057,1.741432e-02,3,3,2.5,f,-1.5,+1,1,1,1.5,f,+0.5,+1
sigma+,sigma-,40,11,-72764.334044,6.530355e-03,3,3,2.5,f,-0.5,+1,1,1,1.5,f,+1.5,+1
sigma+,sigma-,52,8,-72758.537909,1.713990e-01,3,3,3.5,f,-3.5,+1,1,1,1.5,f,-1.5,+1
sigma+,sigma-,53,9,-72758.537893,7.345675e-02,3,3,3.5,f,-2.5,+1,1,1,1.5,f,-0.5,+1
sigma+,sigma-,54,10,-72758.537877,2.448560e-02,3,3,3.5,f,-1.5,+1,1,1,1.5,f,+0.5,+1
sigma+,sigma-,55,11,-72758.537862,4.897123e-03,3,3,3.5,f,-0.5,+1,1,1,1.5,f,+1.5,+1
sigma+,sigma-,38,2,-72749.286478,1.333741e-01,3,3,2.5,f,-2.5,+1,1,1,0.5,f,-0.5,+1
sigma+,sigma-,39,3,-72749.286441,2.667480e-02,3,3,2.5,f,-1.5,+1,1,1,0.5,f,+0.5,+1
sigma+,sigma-,32,5,-72737.884068,2.176792e-02,3,3,2.5,e,-2.5,-1,1,1,1.5,e,-0.5,-1
sigma+,sigma-,33,6,-72737.884056,1.741429e-02,3,3,2.5,e,-1.5,-1,1,1,1.5,e,+0.5,-1
sigma+,sigma-,34,7,-72737.884044,6.530342e-03,3,3,2.5,e,-0.5,-1,1,1,1.5,e,+1.5,-1
sigma+,sigma-,44,4,-72732.087908,1.713990e-01,3,3,3.5,e,-3.5,-1,1,1,1.5,e,-1.5,-1
sigma+,sigma-,45,5,-72732.087893,7.345676e-02,3,3,3.5,e,-2.5,-1,1,1,1.5,e,-0.5,-1
sigma+,sigma-,46,6,-72732.087877,2.448561e-02,3,3,3.5,e,-1.5,-1,1,1,1.5,e,+0.5,-1
sigma+,sigma-,47,7,-72732.087861,4.897125e-03,3,3,3.5,e,-0.5,-1,1,1,1.5,e,+1.5,-1
sigma+,sigma-,32,0,-72722.836479,1.333742e-01,3,3,2.5,e,-2.5,-1,1,1,0.5,e,-0.5,-1
sigma+,sigma-,33,1,-72722.836442,2.667481e-02,3,3,2.5,e,-1.5,-1,1,1,0.5,e,+0.5,-1
sigma+,sigma-,103,95,-72679.174164,3.305409e-04,5,5,4.5,e,+2.5,-1,4,4,4.5,f,+4.5,-1
sigma+,sigma-,102,94,-72679.174163,7.712625e-04,5,5,4.5,e,+1.5,-1,4,4,4.5,f,+3.5,-1
sigma+,sigma-,101,93,-72679.174162,1.156894e-03,5,5,4.5,e,+0.5,-1,4,4,4.5,f,+2.5,-1
sigma+,sigma-,100,92,-72679.174161,1.377256e-03,5,5,4.5,e,-0.5,-1,4,4,4.5,f,+1.5,-1
sigma+,sigma-,99,91,-72679.174160,1.377257e-03,5,5,4.5,e,-1.5,-1,4,4,4.5,f,+0.5,-1
sigma+,sigma-,98,90,-72679.174159,1.156897e-03,5,5,4.5,e,-2.5,-1,4,4,4.5,f,-0.5,-1
sigma+,sigma-,97,89,-72679.174157,7.712648e-04,5,5,4.5,e,-3.5,-1,4,4,4.5,f,-1.5,-1
sigma+,sigma-,96,88,-72679.174156,3.305423e-04,5,5,4.5,e,-4.5,-1,4,4,4.5,f,-2.5,-1
sigma+,sigma-,116,87,-72675.596705,1.616513e-02,5,5,5.5,e,-5.5,-1,4,4,4.5,f,-3.5,-1
sigma+,sigma-,117,88,-72675.596705,2.351293e-02,5,5,5.5,e,-4.5,-1,4,4,4.5,f,-2.5,-1
sigma+,sigma-,118,89,-72675.596705,2.468858e-02,5,5,5.5,e,-3.5,-1,4,4,4.5,f,-1.5,-1
sigma+,sigma-,119,90,-72675.596704,2.194541e-02,5,5,5.5,e,-2.5,-1,4,4,4.5,f,-0.5,-1
sigma+,sigma-,120,91,-72675.596704,1.714485e-02,5,5,5.5,e,-1.5,-1,4,4,4.5,f,+0.5,-1
sigma+,sigma-,121,92,-72675.596704,1.175647e-02,5,5,5.5,e,-0.5,-1,4,4,4.5,f,+1.5,-1
sigma+,sigma-,122,93,-72675.596703,6.857944e-03,5,5,5.5,e,+0.5,-1,4,4,4.5,f,+2.5,-1
sigma+,sigma-,123,94,-72675.596703,3.135061e-03,5,5,5.5,e,+1.5,-1,4,4,4.5,f,+3.5,-1
sigma+,sigma-,124,95,-72675.596703,8.817360e-04,5,5,5.5,e,+2.5,-1,4,4,4.5,f,+4.5,-1
sigma+,sigma-,96,69,-72674.738701,1.850649e-02,5,5,4.5,e,-4.5,-1,4,4,3.5,f,-2.5,-1
sigma+,sigma-,97,70,-72674.738700,2.467532e-02,5,5,4.5,e,-3.5,-1,4,4,3.5,f,-1.5,-1
sigma+,sigma-,98,71,-72674.738700,2.313311e-02,5,5,4.5,e,-2.5,-1,4,4,3.5,f,-0.5,-1
sigma+,sigma-,99,72,-72674.738699,1.762522e-02,5,5,4.5,e,-1.5,-1,4,4,3.5,f,+0.5,-1
sigma+,sigma-,100,73,-72674.738698,1.101576e-02,5,5,4.5,e,-0.5,-1,4,4,3.5,f,+1.5,-1
sigma+,sigma-,101,74,-72674.738697,5.287565e-03,5,5,4.5,e,+0.5,-1,4,4,3.5,f,+2.5,-1
sigma+,sigma-,102,75,-72674.738697,1.542206e-03,5,5,4.5,e,+1.5,-1,4,4,3.5,f,+3.5,-1
sigma+,sigma-,116,68,-72671.161252,2.022632e-03,5,5,5.5,e,-5.5,-1,4,4,3.5,f,-3.5,-1
sigma+,sigma-,117,69,-72671.161250,1.287128e-03,5,5,5.5,e,-4.5,-1,4,4,3.5,f,-2.5,-1
sigma+,sigma-,118,70,-72671.161247,7.722754e-04,5,5,5.5,e,-3.5,-1,4,4,3.5,f,-1.5,-1
sigma+,sigma-,119,71,-72671.161245,4.290413e-04,5,5,5.5,e,-2.5,-1,4,4,3.5,f,-0.5,-1
sigma+,sigma-,120,72,-72671.161243,2.145203e-04,5,5,5.5,e,-1.5,-1,4,4,3.5,f,+0.5,-1
sigma+,sigma-,121,73,-72671.161241,9.193715e-05,5,5,5.5,e,-0.5,-1,4,4,3.5,f,+1.5,-1
sigma+,sigma-,122,74,-72671.161239,3.064567e-05,5,5,5.5,e,+0.5,-1,4,4,3.5,f,+2.5,-1
sigma+,sigma-,123,75,-72671.161237,6.129125e-06,5,5,5.5,e,+1.5,-1,4,4,3.5,f,+3.5,-1
sigma+,sigma-,68,46,-58240.930609,1.190273e-03,4,4,3.5,f,-3.5,-1,3,3,3.5,e,-1.5,-1
sigma+,sigma-,69,47,-58240.930609,2.550584e-03,4,4,3.5,f,-2.5,-1,3,3,3.5,e,-0.5,-1
sigma+,sigma-,70,48,-58240.930609,3.400775e-03,4,4,3.5,f,-1.5,-1,3,3,3.5,e,+0.5,-1
sigma+,sigma-,71,49,-58240.930609,3.400771e-03,4,4,3.5,f,-0.5,-1,3,3,3.5,e,+1.5,-1
sigma+,sigma-,72,50,-58240.930609,2.550576e-03,4,4,3.5,f,+0.5,-1,3,3,3.5,e,+2.5,-1
sigma+,sigma-,73,51,-58240.930608,1.190268e-03,4,4,3.5,f,+1.5,-1,3,3,3.5,e,+3.5,-1
sigma+,sigma-,86,45,-58236.495158,2.857867e-02,4,4,4.5,f,-4.5,-1,3,3,3.5,e,-2.5,-1
sigma+,sigma-,87,46,-58236.495156,3.810491e-02,4,4,4.5,f,-3.5,-1,3,3,3.5,e,-1.5,-1
sigma+,sigma-,88,47,-58236.495154,3.572336e-02,4,4,4.5,f,-2.5,-1,3,3,3.5,e,-0.5,-1
sigma+,sigma-,89,48,-58236.495152,2.721781e-02,4,4,4.5,f,-1.5,-1,3,3,3.5,e,+0.5,-1
sigma+,sigma-,90,49,-58236.495150,1.701113e-02,4,4,4.5,f,-0.5,-1,3,3,3.5,e,+1.5,-1
sigma+,sigma-,91,50,-58236.495148,8.165347e-03,4,4,4.5,f,+0.5,-1,3,3,3.5,e,+2.5,-1
sigma+,sigma-,92,51,-58236.495146,2.381560e-03,4,4,4.5,f,+1.5,-1,3,3,3.5,e,+3.5,-1
sigma+,sigma-,68,33,-58235.134430,3.305552e-02,4,4,3.5,f,-3.5,-1,3,3,2.5,e,-1.5,-1
sigma+,sigma-,69,34,-58235.134427,3.777773e-02,4,4,3.5,f,-2.5,-1,3,3,2.5,e,-0.5,-1
sigma+,sigma-,70,35,-58235.134424,2.833329e-02,4,4,3.5,f,-1.5,-1,3,3,2.5,e,+0.5,-1
sigma+,sigma-,71,36,-58235.134420,1.511109e-02,4,4,3.5,f,-0.5,-1,3,3,2.5,e,+1.5,-1
sigma+,sigma-,72,37,-58235.134417,4.722214e-03,4,4,3.5,f,+0.5,-1,3,3,2.5,e,+2.5,-1
sigma+,sigma-,86,32,-58230.698982,4.767065e-03,4,4,4.5,f,-4.5,-1,3,3,2.5,e,-2.5,-1
sigma+,sigma-,87,33,-58230.698977,2.648367e-03,4,4,4.5,f,-3.5,-1,3,3,2.5,e,-1.5,-1
sigma+,sigma-,88,34,-58230.698972,1.324182e-03,4,4,4.5,f,-2.5,-1,3,3,2.5,e,-0.5,-1
sigma+,sigma-,89,35,-58230.698967,5.675062e-04,4,4,4.5,f,-1.5,-1,3,3,2.5,e,+0.5,-1
sigma+,sigma-,90,36,-58230.698961,1.891686e-04,4,4,4.5,f,-0.5,-1,3,3,2.5,e,+1.5,-1
sigma+,sigma-,91,37,-58230.698956,3.783368e-05,4,4,4.5,f,+0.5,-1,3,3,2.5,e,+2.5,-1
sigma+,sigma-,65,59,-58156.290616,1.190267e-03,4,4,3.5,e,+1.5,+1,3,3,3.5,f,+3.5,+1
sigma+,sigma-,64,58,-58156.290615,2.550575e-03,4,4,3.5,e,+0.5,+1,3,3,3.5,f,+2.5,+1
sigma+,sigma-,63,57,-58156.290614,3.400769e-03,4,4,3.5,e,-0.5,+1,3,3,3.5,f,+1.5,+1
sigma+,sigma-,62,56,-58156.290613,3.400772e-03,4,4,3.5,e,-1.5,+1,3,3,3.5,f,+0.5,+1
sigma+,sigma-,61,55,-58156.290612,2.550581e-03,4,4,3.5,e,-2.5,+1,3,3,3.5,f,-0.5,+1
sigma+,sigma-,60,54,-58156.290611,1.190272e-03,4,4,3.5,e,-3.5,+1,3,3,3.5,f,-1.5,+1
sigma+,sigma-,76,53,-58151.855159,2.857867e-02,4,4,4.5,e,-4.5,+1,3,3,3.5,f,-2.5,+1
sigma+,sigma-,77,54,-58151.855158,3.810491e-02,4,4,4.5,e,-3.5,+1,3,3,3.5,f,-1.5,+1
sigma+,sigma-,78,55,-58151.855157,3.572336e-02,4,4,4.5,e,-2.5,+1,3,3,3.5,f,-0.5,+1
sigma+,sigma-,79,56,-58151.855156,2.721781e-02,4,4,4.5,e,-1.5,+1,3,3,3.5,f,+0.5,+1
sigma+,sigma-,80,57,-58151.855155,1.701113e-02,4,4,4.5,e,-0.5,+1,3,3,3.5,f,+1.5,+1
sigma+,sigma-,81,58,-58151.855154,8.165347e-03,4,4,4.5,e,+0.5,+1,3,3,3.5,f,+2.5,+1
sigma+,sigma-,82,59,-58151.855153,2.381560e-03,4,4,4.5,e,+1.5,+1,3,3,3.5,f,+3.5,+1
sigma+,sigma-,60,39,-58150.494432,3.305553e-02,4,4,3.5,e,-3.5,+1,3,3,2.5,f,-1.5,+1
sigma+,sigma-,61,40,-58150.494430,3.777774e-02,4,4,3.5,e,-2.5,+1,3,3,2.5,f,-0.5,+1
sigma+,sigma-,62,41,-58150.494428,2.833330e-02,4,4,3.5,e,-1.5,+1,3,3,2.5,f,+0.5,+1
sigma+,sigma-,63,42,-58150.494426,1.511109e-02,4,4,3.5,e,-0.5,+1,3,3,2.5,f,+1.5,+1
sigma+,sigma-,64,43,-58150.494424,4.722214e-03,4,4,3.5,e,+0.5,+1,3,3,2.5,f,+2.5,+1
sigma+,sigma-,76,38,-58146.058983,4.767066e-03,4,4,4.5,e,-4.5,+1,3,3,2.5,f,-2.5,+1
sigma+,sigma-,77,39,-58146.058979,2.648366e-03,4,4,4.5,e,-3.5,+1,3,3,2.5,f,-1.5,+1
sigma+,sigma-,78,40,-58146.058975,1.324181e-03,4,4,4.5,e,-2.5,+1,3,3,2.5,f,-0.5,+1
sigma+,sigma-,79,41,-58146.058971,5.675055e-04,4,4,4.5,e,-1.5,+1,3,3,2.5,f,+0.5,+1
sigma+,sigma-,80,42,-58146.058967,1.891682e-04,4,4,4.5,e,-0.5,+1,3,3,2.5,f,+1.5,+1
sigma+,sigma-,81,43,-58146.058963,3.783359e-05,4,4,4.5,e,+0.5,+1,3,3,2.5,f,+2.5,+1
sigma+,sigma-,38,22,-43676.023220,6.120583e-03,3,3,2.5,f,-2.5,+1,2,2,2.5,e,-0.5,+1
sigma+,sigma-,39,23,-43676.023219,1.101703e-02,3,3,2.5,f,-1.5,+1,2,2,2.5,e,+0.5,+1
sigma+,sigma-,40,24,-43676.023218,1.101702e-02,3,3,2.5,f,-0.5,+1,2,2,2.5,e,+1.5,+1
sigma+,sigma-,41,25,-43676.023216,6.120557e-03,3,3,2.5,f,+0.5,+1,2,2,2.5,e,+2.5,+1
sigma+,sigma-,52,21,-43670.227048,5.715981e-02,3,3,3.5,f,-3.5,+1,2,2,2.5,e,-1.5,+1
sigma+,sigma-,53,22,-43670.227044,6.532553e-02,3,3,3.5,f,-2.5,+1,2,2,2.5,e,-0.5,+1
sigma+,sigma-,54,23,-43670.227039,4.899418e-02,3,3,3.5,f,-1.5,+1,2,2,2.5,e,+0.5,+1
sigma+,sigma-,55,24,-43670.227035,2.613024e-02,3,3,3.5,f,-0.5,+1,2,2,2.5,e,+1.5,+1
sigma+,sigma-,56,25,-43670.227031,8.165706e-03,3,3,3.5,f,+0.5,+1,2,2,2.5,e,+2.5,+1
sigma+,sigma-,38,13,-43667.693564,6.527354e-02,3,3,2.5,f,-2.5,+1,2,2,1.5,e,-0.5,+1
sigma+,sigma-,39,14,-43667.693556,5.221881e-02,3,3,2.5,f,-1.5,+1,2,2,1.5,e,+0.5,+1
sigma+,sigma-,40,15,-43667.693549,1.958205e-02,3,3,2.5,f,-0.5,+1,2,2,1.5,e,+1.5,+1
sigma+,sigma-,52,12,-43661.897398,1.429685e-02,3,3,3.5,f,-3.5,+1,2,2,1.5,e,-1.5,+1
sigma+,sigma-,53,13,-43661.897388,6.127215e-03,3,3,3.5,f,-2.5,+1,2,2,1.5,e,-0.5,+1
sigma+,sigma-,54,14,-43661.897377,2.042403e-03,3,3,3.5,f,-1.5,+1,2,2,1.5,e,+0.5,+1
sigma+,sigma-,55,15,-43661.897366,4.084802e-04,3,3,3.5,f,-0.5,+1,2,2,1.5,e,+1.5,+1
sigma+,sigma-,32,28,-43628.413222,6.120578e-03,3,3,2.5,e,-2.5,-1,2,2,2.5,f,-0.5,-1
sigma+,sigma-,33,29,-43628.413222,1.101703e-02,3,3,2.5,e,-1.5,-1,2,2,2.5,f,+0.5,-1
sigma+,sigma-,34,30,-43628.413222,1.101701e-02,3,3,2.5,e,-0.5,-1,2,2,2.5,f,+1.5,-1
sigma+,sigma-,35,31,-43628.413222,6.120554e-03,3,3,2.5,e,+0.5,-1,2,2,2.5,f,+2.5,-1
sigma+,sigma-,44,27,-43622.617050,5.715981e-02,3,3,3.5,e,-3.5,-1,2,2,2.5,f,-1.5,-1
sigma+,sigma-,45,28,-43622.617047,6.532553e-02,3,3,3.5,e,-2.5,-1,2,2,2.5,f,-0.5,-1
sigma+,sigma-,46,29,-43622.617044,4.899418e-02,3,3,3.5,e,-1.5,-1,2,2,2.5,f,+0.5,-1
sigma+,sigma-,47,30,-43622.617040,2.613024e-02,3,3,3.5,e,-0.5,-1,2,2,2.5,f,+1.5,-1
sigma+,sigma-,48,31,-43622.617037,8.165706e-03,3,3,3.5,e,+0.5,-1,2,2,2.5,f,+2.5,-1
sigma+,sigma-,32,17,-43620.083566,6.527355e-02,3,3,2.5,e,-2.5,-1,2,2,1.5,f,-0.5,-1
sigma+,sigma-,33,18,-43620.083560,5.221882e-02,3,3,2.5,e,-1.5,-1,2,2,1.5,f,+0.5,-1
sigma+,sigma-,34,19,-43620.083554,1.958205e-02,3,3,2.5,e,-0.5,-1,2,2,1.5,f,+1.5,-1
sigma+,sigma-,44,16,-43614.287400,1.429685e-02,3,3,3.5,e,-3.5,-1,2,2,1.5,f,-1.5,-1
sigma+,sigma-,45,17,-43614.287390,6.127215e-03,3,3,3.5,e,-2.5,-1,2,2,1.5,f,-0.5,-1
sigma+,sigma-,46,18,-43614.287381,2.042402e-03,3,3,3.5,e,-1.5,-1,2,2,1.5,f,+0.5,-1
sigma+,sigma-,47,19,-43614.287372,4.084799e-04,3,3,3.5,e,-0.5,-1,2,2,1.5,f,+1.5,-1
sigma+,sigma-,16,6,-29117.800466,5.995865e-02,2,2,1.5,f,-1.5,-1,1,1,1.5,e,+0.5,-1
sigma+,sigma-,17,7,-29117.800460,5.995848e-02,2,2,1.5,f,-0.5,-1,1,1,1.5,e,+1.5,-1
sigma+,sigma-,26,5,-29109.470829,1.333762e-01,2,2,2.5,f,-2.5,-1,1,1,1.5,e,-0.5,-1
sigma+,sigma-,27,6,-29109.470816,1.067012e-01,2,2,2.5,f,-1.5,-1,1,1,1.5,e,+0.5,-1
sigma+,sigma-,28,7,-29109.470804,4.001303e-02,2,2,2.5,f,-0.5,-1,1,1,1.5,e,+1.5,-1
sigma+,sigma-,16,1,-29102.752852,1.200413e-01,2,2,1.5,f,-1.5,-1,1,1,0.5,e,+0.5,-1
sigma+,sigma-,12,10,-29096.640469,5.995861e-02,2,2,1.5,e,-1.5,+1,1,1,1.5,f,+0.5,+1
sigma+,sigma-,13,11,-29096.640464,5.995844e-02,2,2,1.5,e,-0.5,+1,1,1,1.5,f,+1.5,+1
sigma+,sigma-,26,0,-29094.423240,6.662594e-02,2,2,2.5,f,-2.5,-1,1,1,0.5,e,-0.5,-1
sigma+,sigma-,27,1,-29094.423202,1.332517e-02,2,2,2.5,f,-1.5,-1,1,1,0.5,e,+0.5,-1
sigma+,sigma-,20,9,-29088.310832,1.333762e-01,2,2,2.5,e,-2.5,+1,1,1,1.5,f,-0.5,+1
sigma+,sigma-,21,10,-29088.310820,1.067012e-01,2,2,2.5,e,-1.5,+1,1,1,1.5,f,+0.5,+1
sigma+,sigma-,22,11,-29088.310808,4.001303e-02,2,2,2.5,e,-0.5,+1,1,1,1.5,f,+1.5,+1
sigma+,sigma-,12,3,-29081.592853,1.200413e-01,2,2,1.5,e,-1.5,+1,1,1,0.5,f,+0.5,+1
sigma+,sigma-,20,2,-29073.263240,6.662598e-02,2,2,2.5,e,-2.5,+1,1,1,0.5,f,-0.5,+1
sigma+,sigma-,21,3,-29073.263204,1.332518e-02,2,2,2.5,e,-1.5,+1,1,1,0.5,f,+0.5,+1
sigma+,sigma-,2,11,-15.047550,3.995849e-02,1,1,0.5,f,-0.5,+1,1,1,1.5,f,+1.5,+1
sigma+,sigma-,0,7,-15.047547,3.995852e-02,1,1,0.5,e,-0.5,-1,1,1,1.5,e,+1.5,-1
sigma+,sigma-,18,31,-8.329645,8.153553e-03,2,2,1.5,f,+0.5,-1,2,2,2.5,f,+2.5,-1
sigma+,sigma-,14,25,-8.329644,8.153527e-03,2,2,1.5,e,+0.5,+1,2,2,2.5,e,+2.5,+1
sigma+,sigma-,17,30,-8.329639,6.522852e-03,2,2,1.5,f,-0.5,-1,2,2,2.5,f,+1.5,-1
sigma+,sigma-,13,24,-8.329638,6.522832e-03,2,2,1.5,e,-0.5,+1,2,2,2.5,e,+1.5,+1
sigma+,sigma-,16,29,-8.329633,2.446073e-03,2,2,1.5,f,-1.5,-1,2,2,2.5,f,+0.5,-1
sigma+,sigma-,12,23,-8.329631,2.446066e-03,2,2,1.5,e,-1.5,+1,2,2,2.5,e,+0.5,+1
sigma+,sigma-,42,59,-5.796178,7.139215e-03,3,3,2.5,f,+1.5,+1,3,3,3.5,f,+3.5,+1
sigma+,sigma-,36,51,-5.796177,7.139197e-03,3,3,2.5,e,+1.5,-1,3,3,3.5,e,+3.5,-1
sigma+,sigma-,41,58,-5.796175,8.159112e-03,3,3,2.5,f,+0.5,+1,3,3,3.5,f,+2.5,+1
sigma+,sigma-,35,50,-5.796174,8.159092e-03,3,3,2.5,e,+0.5,-1,3,3,3.5,e,+2.5,-1
sigma+,sigma-,40,57,-5.796172,6.119340e-03,3,3,2.5,f,-0.5,+1,3,3,3.5,f,+1.5,+1
sigma+,sigma-,34,49,-5.796171,6.119325e-03,3,3,2.5,e,-0.5,-1,3,3,3.5,e,+1.5,-1
sigma+,sigma-,39,56,-5.796169,3.263651e-03,3,3,2.5,f,-1.5,+1,3,3,3.5,f,+0.5,+1
sigma+,sigma-,33,48,-5.796168,3.263644e-03,3,3,2.5,e,-1.5,-1,3,3,3.5,e,+0.5,-1
sigma+,sigma-,38,55,-5.796166,1.019892e-03,3,3,2.5,f,-2.5,+1,3,3,3.5,f,-0.5,+1
sigma+,sigma-,32,47,-5.796165,1.019890e-03,3,3,2.5,e,-2.5,-1,3,3,3.5,e,-0.5,-1
sigma+,sigma-,74,95,-4.435458,4.548053e-03,4,4,3.5,f,+2.5,-1,4,4,4.5,f,+4.5,-1
sigma+,sigma-,66,85,-4.435457,4.548042e-03,4,4,3.5,e,+2.5,+1,4,4,4.5,e,+4.5,+1
sigma+,sigma-,73,94,-4.435456,6.064076e-03,4,4,3.5,f,+1.5,-1,4,4,4.5,f,+3.5,-1
sigma+,sigma-,65,84,-4.435455,6.064062e-03,4,4,3.5,e,+1.5,+1,4,4,4.5,e,+3.5,+1
sigma+,sigma-,72,93,-4.435454,5.685076e-03,4,4,3.5,f,+0.5,-1,4,4,4.5,f,+2.5,-1
sigma+,sigma-,64,83,-4.435453,5.685063e-03,4,4,3.5,e,+0.5,+1,4,4,4.5,e,+2.5,+1
sigma+,sigma-,71,92,-4.435452,4.331490e-03,4,4,3.5,f,-0.5,-1,4,4,4.5,f,+1.5,-1
sigma+,sigma-,63,82,-4.435451,4.331481e-03,4,4,3.5,e,-0.5,+1,4,4,4.5,e,+1.5,+1
sigma+,sigma-,70,91,-4.435450,2.707184e-03,4,4,3.5,f,-1.5,-1,4,4,4.5,f,+0.5,-1
sigma+,sigma-,62,81,-4.435449,2.707178e-03,4,4,3.5,e,-1.5,+1,4,4,4.5,e,+0.5,+1
sigma+,sigma-,69,90,-4.435448,1.299449e-03,4,4,3.5,f,-2.5,-1,4,4,4.5,f,-0.5,-1
sigma+,sigma-,61,80,-4.435447,1.299446e-03,4,4,3.5,e,-2.5,+1,4,4,4.5,e,-0.5,+1
sigma+,sigma-,68,89,-4.435447,3.790063e-04,4,4,3.5,f,-3.5,-1,4,4,4.5,f,-1.5,-1
sigma+,sigma-,60,79,-4.435445,3.790056e-04,4,4,3.5,e,-3.5,+1,4,4,4.5,e,-1.5,+1
sigma+,sigma-,114,139,-3.577457,2.904226e-03,5,5,4.5,f,+3.5,+1,5,5,5.5,f,+5.5,+1
sigma+,sigma-,104,127,-3.577457,2.904219e-03,5,5,4.5,e,+3.5,-1,5,5,5.5,e,+5.5,-1
sigma+,sigma-,113,138,-3.577456,4.224332e-03,5,5,4.5,f,+2.5,+1,5,5,5.5,f,+4.5,+1
sigma+,sigma-,103,126,-3.577455,4.224323e-03,5,5,4.5,e,+2.5,-1,5,5,5.5,e,+4.5,-1
sigma+,sigma-,112,137,-3.577455,4.435552e-03,5,5,4.5,f,+1.5,+1,5,5,5.5,f,+3.5,+1
sigma+,sigma-,102,125,-3.577454,4.435542e-03,5,5,4.5,e,+1.5,-1,5,5,5.5,e,+3.5,-1
sigma+,sigma-,111,136,-3.577453,3.942716e-03,5,5,4.5,f,+0.5,+1,5,5,5.5,f,+2.5,+1
sigma+,sigma-,101,124,-3.577452,3.942707e-03,5,5,4.5,e,+0.5,-1,5,5,5.5,e,+2.5,-1
sigma+,sigma-,110,135,-3.577452,3.080249e-03,5,5,4.5,f,-0.5,+1,5,5,5.5,f,+1.5,+1
sigma+,sigma-,100,123,-3.577451,3.080243e-03,5,5,4.5,e,-0.5,-1,5,5,5.5,e,+1.5,-1
sigma+,sigma-,109,134,-3.577451,2.112172e-03,5,5,4.5,f,-1.5,+1,5,5,5.5,f,+0.5,+1
sigma+,sigma-,99,122,-3.577449,2.112168e-03,5,5,4.5,e,-1.5,-1,5,5,5.5,e,+0.5,-1
sigma+,sigma-,108,133,-3.577449,1.232102e-03,5,5,4.5,f,-2.5,+1,5,5,5.5,f,-0.5,+1
sigma+,sigma-,107,132,-3.577448,5.632468e-04,5,5,4.5,f,-3.5,+1,5,5,5.5,f,-1.5,+1
sigma+,sigma-,98,121,-3.577448,1.232099e-03,5,5,4.5,e,-2.5,-1,5,5,5.5,e,-0.5,-1
sigma+,sigma-,106,131,-3.577447,1.584133e-04,5,5,4.5,f,-4.5,+1,5,5,5.5,f,-2.5,+1
sigma+,sigma-,97,120,-3.577447,5.632457e-04,5,5,4.5,e,-3.5,-1,5,5,5.5,e,-1.5,-1
sigma+,sigma-,96,119,-3.577445,1.584130e-04,5,5,4.5,e,-4.5,-1,5,5,5.5,e,-2.5,-1
sigma+,sigma-,132,134,0.000005,7.486109e-02,5,5,5.5,f,-1.5,+1,5,5,5.5,f,+0.5,+1
sigma+,sigma-,137,139,0.000005,1.307100e-02,5,5,5.5,f,+3.5,+1,5,5,5.5,f,+5.5,+1
sigma+,sigma-,135,137,0.000005,5.133335e-02,5,5,5.5,f,+1.5,+1,5,5,5.5,f,+3.5,+1
sigma+,sigma-,136,138,0.000005,3.208335e-02,5,5,5.5,f,+2.5,+1,5,5,5.5,f,+4.5,+1
sigma+,sigma-,130,132,0.000005,5.133331e-02,5,5,5.5,f,-3.5,+1,5,5,5.5,f,-1.5,+1
sigma+,sigma-,129,131,0.000005,3.208331e-02,5,5,5.5,f,-4.5,+1,5,5,5.5,f,-2.5,+1
sigma+,sigma-,131,133,0.000005,6.654318e-02,5,5,5.5,f,-2.5,+1,5,5,5.5,f,-0.5,+1
sigma+,sigma-,134,136,0.000005,6.654322e-02,5,5,5.5,f,+0.5,+1,5,5,5.5,f,+2.5,+1
sigma+,sigma-,128,130,0.000005,1.307098e-02,5,5,5.5,f,-5.5,+1,5,5,5.5,f,-3.5,+1
sigma+,sigma-,133,135,0.000005,7.486111e-02,5,5,5.5,f,-0.5,+1,5,5,5.5,f,+1.5,+1
sigma+,sigma-,120,122,0.000006,7.486110e-02,5,5,5.5,e,-1.5,-1,5,5,5.5,e,+0.5,-1
sigma+,sigma-,117,119,0.000006,3.208331e-02,5,5,5.5,e,-4.5,-1,5,5,5.5,e,-2.5,-1
sigma+,sigma-,119,121,0.000006,6.654319e-02,5,5,5.5,e,-2.5,-1,5,5,5.5,e,-0.5,-1
sigma+,sigma-,123,125,0.000006,5.133335e-02,5,5,5.5,e,+1.5,-1,5,5,5.5,e,+3.5,-1
sigma+,sigma-,122,124,0.000006,6.654322e-02,5,5,5.5,e,+0.5,-1,5,5,5.5,e,+2.5,-1
sigma+,sigma-,124,126,0.000006,3.208335e-02,5,5,5.5,e,+2.5,-1,5,5,5.5,e,+4.5,-1
sigma+,sigma-,125,127,0.000006,1.307100e-02,5,5,5.5,e,+3.5,-1,5,5,5.5,e,+5.5,-1
sigma+,sigma-,116,118,0.000006,1.307098e-02,5,5,5.5,e,-5.5,-1,5,5,5.5,e,-3.5,-1
sigma+,sigma-,118,120,0.000006,5.133331e-02,5,5,5.5,e,-3.5,-1,5,5,5.5,e,-1.5,-1
sigma+,sigma-,121,123,0.000006,7.486111e-02,5,5,5.5,e,-0.5,-1,5,5,5.5,e,+1.5,-1
sigma+,sigma-,87,89,0.000007,3.715043e-02,4,4,4.5,f,-3.5,-1,4,4,4.5,f,-1.5,-1
sigma+,sigma-,90,92,0.000007,6.634010e-02,4,4,4.5,f,-0.5,-1,4,4,4.5,f,+1.5,-1
sigma+,sigma-,92,94,0.000007,3.715047e-02,4,4,4.5,f,+1.5,-1,4,4,4.5,f,+3.5,-1
sigma+,sigma-,93,95,0.000007,1.592164e-02,4,4,4.5,f,+2.5,-1,4,4,4.5,f,+4.5,-1
sigma+,sigma-,86,88,0.000007,1.592161e-02,4,4,4.5,f,-4.5,-1,4,4,4.5,f,-2.5,-1
sigma+,sigma-,91,93,0.000007,5.572570e-02,4,4,4.5,f,+0.5,-1,4,4,4.5,f,+2.5,-1
sigma+,sigma-,88,90,0.000007,5.572566e-02,4,4,4.5,f,-2.5,-1,4,4,4.5,f,-0.5,-1
sigma+,sigma-,89,91,0.000007,6.634008e-02,4,4,4.5,f,-1.5,-1,4,4,4.5,f,+0.5,-1
sigma+,sigma-,80,82,0.000008,6.634011e-02,4,4,4.5,e,-0.5,+1,4,4,4.5,e,+1.5,+1
sigma+,sigma-,77,79,0.000008,3.715043e-02,4,4,4.5,e,-3.5,+1,4,4,4.5,e,-1.5,+1
sigma+,sigma-,83,85,0.000008,1.592164e-02,4,4,4.5,e,+2.5,+1,4,4,4.5,e,+4.5,+1
sigma+,sigma-,76,78,0.000008,1.592161e-02,4,4,4.5,e,-4.5,+1,4,4,4.5,e,-2.5,+1
sigma+,sigma-,81,83,0.000008,5.572571e-02,4,4,4.5,e,+0.5,+1,4,4,4.5,e,+2.5,+1
sigma+,sigma-,79,81,0.000008,6.634009e-02,4,4,4.5,e,-1.5,+1,4,4,4.5,e,+0.5,+1
sigma+,sigma-,82,84,0.000008,3.715048e-02,4,4,4.5,e,+1.5,+1,4,4,4.5,e,+3.5,+1
sigma+,sigma-,78,80,0.000008,5.572566e-02,4,4,4.5,e,-2.5,+1,4,4,4.5,e,-0.5,+1
sigma+,sigma-,111,113,0.000008,6.248393e-02,5,5,4.5,f,+0.5,+1,5,5,4.5,f,+2.5,+1
sigma+,sigma-,112,114,0.000008,4.165595e-02,5,5,4.5,f,+1.5,+1,5,5,4.5,f,+3.5,+1
sigma+,sigma-,107,109,0.000008,4.165597e-02,5,5,4.5,f,-3.5,+1,5,5,4.5,f,-1.5,+1
sigma+,sigma-,113,115,0.000008,1.785255e-02,5,5,4.5,f,+2.5,+1,5,5,4.5,f,+4.5,+1
sigma+,sigma-,110,112,0.000008,7.438564e-02,5,5,4.5,f,-0.5,+1,5,5,4.5,f,+1.5,+1
sigma+,sigma-,106,108,0.000008,1.785256e-02,5,5,4.5,f,-4.5,+1,5,5,4.5,f,-2.5,+1
sigma+,sigma-,108,110,0.000008,6.248395e-02,5,5,4.5,f,-2.5,+1,5,5,4.5,f,-0.5,+1
sigma+,sigma-,109,111,0.000008,7.438564e-02,5,5,4.5,f,-1.5,+1,5,5,4.5,f,+0.5,+1
sigma+,sigma-,101,103,0.000009,6.248394e-02,5,5,4.5,e,+0.5,-1,5,5,4.5,e,+2.5,-1
sigma+,sigma-,102,104,0.000009,4.165595e-02,5,5,4.5,e,+1.5,-1,5,5,4.5,e,+3.5,-1
sigma+,sigma-,97,99,0.000009,4.165598e-02,5,5,4.5,e,-3.5,-1,5,5,4.5,e,-1.5,-1
sigma+,sigma-,103,105,0.000009,1.785255e-02,5,5,4.5,e,+2.5,-1,5,5,4.5,e,+4.5,-1
sigma+,sigma-,100,102,0.000009,7.438565e-02,5,5,4.5,e,-0.5,-1,5,5,4.5,e,+1.5,-1
sigma+,sigma-,96,98,0.000009,1.785256e-02,5,5,4.5,e,-4.5,-1,5,5,4.5,e,-2.5,-1
sigma+,sigma-,98,100,0.000009,6.248396e-02,5,5,4.5,e,-2.5,-1,5,5,4.5,e,-0.5,-1
sigma+,sigma-,99,101,0.000009,7.438566e-02,5,5,4.5,e,-1.5,-1,5,5,4.5,e,+0.5,-1
sigma+,sigma-,54,56,0.000010,5.101158e-02,3,3,3.5,f,-1.5,+1,3,3,3.5,f,+0.5,+1
sigma+,sigma-,53,55,0.000010,3.825867e-02,3,3,3.5,f,-2.5,+1,3,3,3.5,f,-0.5,+1
sigma+,sigma-,56,58,0.000010,3.825872e-02,3,3,3.5,f,+0.5,+1,3,3,3.5,f,+2.5,+1
sigma+,sigma-,57,59,0.000010,1.785408e-02,3,3,3.5,f,+1.5,+1,3,3,3.5,f,+3.5,+1
sigma+,sigma-,52,54,0.000010,1.785404e-02,3,3,3.5,f,-3.5,+1,3,3,3.5,f,-1.5,+1
sigma+,sigma-,55,57,0.000010,5.101160e-02,3,3,3.5,f,-0.5,+1,3,3,3.5,f,+1.5,+1
sigma+,sigma-,70,72,0.000011,6.554286e-02,4,4,3.5,f,-1.5,-1,4,4,3.5,f,+0.5,-1
sigma+,sigma-,72,74,0.000011,4.915713e-02,4,4,3.5,f,+0.5,-1,4,4,3.5,f,+2.5,-1
sigma+,sigma-,73,75,0.000011,2.293999e-02,4,4,3.5,f,+1.5,-1,4,4,3.5,f,+3.5,-1
sigma+,sigma-,69,71,0.000011,4.915715e-02,4,4,3.5,f,-2.5,-1,4,4,3.5,f,-0.5,-1
sigma+,sigma-,68,70,0.000011,2.294001e-02,4,4,3.5,f,-3.5,-1,4,4,3.5,f,-1.5,-1
sigma+,sigma-,71,73,0.000011,6.554285e-02,4,4,3.5,f,-0.5,-1,4,4,3.5,f,+1.5,-1
sigma+,sigma-,46,48,0.000011,5.101159e-02,3,3,3.5,e,-1.5,-1,3,3,3.5,e,+0.5,-1
sigma+,sigma-,47,49,0.000011,5.101162e-02,3,3,3.5,e,-0.5,-1,3,3,3.5,e,+1.5,-1
sigma+,sigma-,45,47,0.000011,3.825868e-02,3,3,3.5,e,-2.5,-1,3,3,3.5,e,-0.5,-1
sigma+,sigma-,48,50,0.000011,3.825873e-02,3,3,3.5,e,+0.5,-1,3,3,3.5,e,+2.5,-1
sigma+,sigma-,44,46,0.000011,1.785404e-02,3,3,3.5,e,-3.5,-1,3,3,3.5,e,-1.5,-1
sigma+,sigma-,49,51,0.000011,1.785408e-02,3,3,3.5,e,+1.5,-1,3,3,3.5,e,+3.5,-1
sigma+,sigma-,64,66,0.000012,4.915714e-02,4,4,3.5,e,+0.5,+1,4,4,3.5,e,+2.5,+1
sigma+,sigma-,60,62,0.000012,2.294001e-02,4,4,3.5,e,-3.5,+1,4,4,3.5,e,-1.5,+1
sigma+,sigma-,62,64,0.000012,6.554288e-02,4,4,3.5,e,-1.5,+1,4,4,3.5,e,+0.5,+1
sigma+,sigma-,65,67,0.000012,2.294000e-02,4,4,3.5,e,+1.5,+1,4,4,3.5,e,+3.5,+1
sigma+,sigma-,61,63,0.000012,4.915717e-02,4,4,3.5,e,-2.5,+1,4,4,3.5,e,-0.5,+1
sigma+,sigma-,63,65,0.000012,6.554287e-02,4,4,3.5,e,-0.5,+1,4,4,3.5,e,+1.5,+1
sigma+,sigma-,38,40,0.000016,2.756230e-02,3,3,2.5,f,-2.5,+1,3,3,2.5,f,-0.5,+1
sigma+,sigma-,39,41,0.000016,4.961213e-02,3,3,2.5,f,-1.5,+1,3,3,2.5,f,+0.5,+1
sigma+,sigma-,41,43,0.000016,2.756228e-02,3,3,2.5,f,+0.5,+1,3,3,2.5,f,+2.5,+1
sigma+,sigma-,40,42,0.000016,4.961212e-02,3,3,2.5,f,-0.5,+1,3,3,2.5,f,+1.5,+1
sigma+,sigma-,35,37,0.000017,2.756229e-02,3,3,2.5,e,+0.5,-1,3,3,2.5,e,+2.5,-1
sigma+,sigma-,32,34,0.000017,2.756231e-02,3,3,2.5,e,-2.5,-1,3,3,2.5,e,-0.5,-1
sigma+,sigma-,33,35,0.000017,4.961215e-02,3,3,2.5,e,-1.5,-1,3,3,2.5,e,+0.5,-1
sigma+,sigma-,34,36,0.000017,4.961214e-02,3,3,2.5,e,-0.5,-1,3,3,2.5,e,+1.5,-1
sigma+,sigma-,26,28,0.000017,1.223736e-02,2,2,2.5,f,-2.5,-1,2,2,2.5,f,-0.5,-1
sigma+,sigma-,27,29,0.000017,2.202727e-02,2,2,2.5,f,-1.5,-1,2,2,2.5,f,+0.5,-1
sigma+,sigma-,29,31,0.000017,1.223740e-02,2,2,2.5,f,+0.5,-1,2,2,2.5,f,+2.5,-1
sigma+,sigma-,28,30,0.000017,2.202729e-02,2,2,2.5,f,-0.5,-1,2,2,2.5,f,+1.5,-1
sigma+,sigma-,21,23,0.000018,2.202728e-02,2,2,2.5,e,-1.5,+1,2,2,2.5,e,+0.5,+1
sigma+,sigma-,20,22,0.000018,1.223737e-02,2,2,2.5,e,-2.5,+1,2,2,2.5,e,-0.5,+1
sigma+,sigma-,22,24,0.000018,2.202731e-02,2,2,2.5,e,-0.5,+1,2,2,2.5,e,+1.5,+1
sigma+,sigma-,23,25,0.000018,1.223741e-02,2,2,2.5,e,+0.5,+1,2,2,2.5,e,+2.5,+1
sigma+,sigma-,16,18,0.000030,2.004144e-02,2,2,1.5,f,-1.5,-1,2,2,1.5,f,+0.5,-1
sigma+,sigma-,17,19,0.000030,2.004143e-02,2,2,1.5,f,-0.5,-1,2,2,1.5,f,+1.5,-1
sigma+,sigma-,12,14,0.000031,2.004147e-02,2,2,1.5,e,-1.5,+1,2,2,1.5,e,+0.5,+1
sigma+,sigma-,13,15,0.000031,2.004146e-02,2,2,1.5,e,-0.5,+1,2,2,1.5,e,+1.5,+1
sigma+,sigma-,8,10,0.000041,2.004140e-02,1,1,1.5,f,-1.5,+1,1,1,1.5,f,+0.5,+1
sigma+,sigma-,9,11,0.000041,2.004153e-02,1,1,1.5,f,-0.5,+1,1,1,1.5,f,+1.5,+1
sigma+,sigma-,4,6,0.000042,2.004137e-02,1,1,1.5,e,-1.5,-1,1,1,1.5,e,+0.5,-1
sigma+,sigma-,5,7,0.000042,2.004150e-02,1,1,1.5,e,-0.5,-1,1,1,1.5,e,+1.5,-1
sigma+,sigma-,128,107,3.577458,2.904246e-03,5,5,5.5,f,-5.5,+1,5,5,4.5,f,-3.5,+1
sigma+,sigma-,116,97,3.577459,2.904240e-03,5,5,5.5,e,-5.5,-1,5,5,4.5,e,-3.5,-1
sigma+,sigma-,129,108,3.577460,4.224354e-03,5,5,5.5,f,-4.5,+1,5,5,4.5,f,-2.5,+1
sigma+,sigma-,117,98,3.577461,4.224346e-03,5,5,5.5,e,-4.5,-1,5,5,4.5,e,-2.5,-1
sigma+,sigma-,130,109,3.577461,4.435569e-03,5,5,5.5,f,-3.5,+1,5,5,4.5,f,-1.5,+1
sigma+,sigma-,118,99,3.577462,4.435560e-03,5,5,5.5,e,-3.5,-1,5,5,4.5,e,-1.5,-1
sigma+,sigma-,131,110,3.577462,3.942725e-03,5,5,5.5,f,-2.5,+1,5,5,4.5,f,-0.5,+1
sigma+,sigma-,119,100,3.577463,3.942717e-03,5,5,5.5,e,-2.5,-1,5,5,4.5,e,-0.5,-1
sigma+,sigma-,132,111,3.577464,3.080252e-03,5,5,5.5,f,-1.5,+1,5,5,4.5,f,+0.5,+1
sigma+,sigma-,120,101,3.577465,3.080245e-03,5,5,5.5,e,-1.5,-1,5,5,4.5,e,+0.5,-1
sigma+,sigma-,133,112,3.577465,2.112171e-03,5,5,5.5,f,-0.5,+1,5,5,4.5,f,+1.5,+1
sigma+,sigma-,121,102,3.577466,2.112166e-03,5,5,5.5,e,-0.5,-1,5,5,4.5,e,+1.5,-1
sigma+,sigma-,134,113,3.577466,1.232099e-03,5,5,5.5,f,+0.5,+1,5,5,4.5,f,+2.5,+1
sigma+,sigma-,122,103,3.577468,1.232096e-03,5,5,5.5,e,+0.5,-1,5,5,4.5,e,+2.5,-1
sigma+,sigma-,135,114,3.577468,5.632447e-04,5,5,5.5,f,+1.5,+1,5,5,4.5,f,+3.5,+1
sigma+,sigma-,136,115,3.577469,1.584125e-04,5,5,5.5,f,+2.5,+1,5,5,4.5,f,+4.5,+1
sigma+,sigma-,123,104,3.577469,5.632435e-04,5,5,5.5,e,+1.5,-1,5,5,4.5,e,+3.5,-1
sigma+,sigma-,124,105,3.577471,1.584121e-04,5,5,5.5,e,+2.5,-1,5,5,4.5,e,+4.5,-1
sigma+,sigma-,86,69,4.435462,4.548080e-03,4,4,4.5,f,-4.5,-1,4,4,3.5,f,-2.5,-1
sigma+,sigma-,76,61,4.435463,4.548071e-03,4,4,4.5,e,-4.5,+1,4,4,3.5,e,-2.5,+1
sigma+,sigma-,87,70,4.435464,6.064102e-03,4,4,4.5,f,-3.5,-1,4,4,3.5,f,-1.5,-1
sigma+,sigma-,77,62,4.435465,6.064089e-03,4,4,4.5,e,-3.5,+1,4,4,3.5,e,-1.5,+1
sigma+,sigma-,88,71,4.435466,5.685090e-03,4,4,4.5,f,-2.5,-1,4,4,3.5,f,-0.5,-1
sigma+,sigma-,78,63,4.435467,5.685078e-03,4,4,4.5,e,-2.5,+1,4,4,3.5,e,-0.5,+1
sigma+,sigma-,89,72,4.435468,4.331494e-03,4,4,4.5,f,-1.5,-1,4,4,3.5,f,+0.5,-1
sigma+,sigma-,79,64,4.435469,4.331484e-03,4,4,4.5,e,-1.5,+1,4,4,3.5,e,+0.5,+1
sigma+,sigma-,90,73,4.435470,2.707181e-03,4,4,4.5,f,-0.5,-1,4,4,3.5,f,+1.5,-1
sigma+,sigma-,80,65,4.435471,2.707175e-03,4,4,4.5,e,-0.5,+1,4,4,3.5,e,+1.5,+1
sigma+,sigma-,91,74,4.435471,1.299446e-03,4,4,4.5,f,+0.5,-1,4,4,3.5,f,+2.5,-1
sigma+,sigma-,81,66,4.435473,1.299443e-03,4,4,4.5,e,+0.5,+1,4,4,3.5,e,+2.5,+1
sigma+,sigma-,92,75,4.435473,3.790048e-04,4,4,4.5,f,+1.5,-1,4,4,3.5,f,+3.5,-1
sigma+,sigma-,82,67,4.435475,3.790039e-04,4,4,4.5,e,+1.5,+1,4,4,3.5,e,+3.5,+1
sigma+,sigma-,52,39,5.796189,7.139252e-03,3,3,3.5,f,-3.5,+1,3,3,2.5,f,-1.5,+1
sigma+,sigma-,44,33,5.796190,7.139236e-03,3,3,3.5,e,-3.5,-1,3,3,2.5,e,-1.5,-1
sigma+,sigma-,53,40,5.796192,8.159137e-03,3,3,3.5,f,-2.5,+1,3,3,2.5,f,-0.5,+1
sigma+,sigma-,45,34,5.796193,8.159118e-03,3,3,3.5,e,-2.5,-1,3,3,2.5,e,-0.5,-1
sigma+,sigma-,54,41,5.796195,6.119346e-03,3,3,3.5,f,-1.5,+1,3,3,2.5,f,+0.5,+1
sigma+,sigma-,46,35,5.796196,6.119332e-03,3,3,3.5,e,-1.5,-1,3,3,2.5,e,+0.5,-1
sigma+,sigma-,55,42,5.796198,3.263648e-03,3,3,3.5,f,-0.5,+1,3,3,2.5,f,+1.5,+1
sigma+,sigma-,47,36,5.796199,3.263640e-03,3,3,3.5,e,-0.5,-1,3,3,2.5,e,+1.5,-1
sigma+,sigma-,56,43,5.796201,1.019889e-03,3,3,3.5,f,+0.5,+1,3,3,2.5,f,+2.5,+1
sigma+,sigma-,48,37,5.796202,1.019886e-03,3,3,3.5,e,+0.5,-1,3,3,2.5,e,+2.5,-1
sigma+,sigma-,26,17,8.329673,8.153590e-03,2,2,2.5,f,-2.5,-1,2,2,1.5,f,-0.5,-1
sigma+,sigma-,20,13,8.329674,8.153565e-03,2,2,2.5,e,-2.5,+1,2,2,1.5,e,-0.5,+1
sigma+,sigma-,27,18,8.329680,6.522862e-03,2,2,2.5,f,-1.5,-1,2,2,1.5,f,+0.5,-1
sigma+,sigma-,21,14,8.329680,6.522842e-03,2,2,2.5,e,-1.5,+1,2,2,1.5,e,+0.5,+1
sigma+,sigma-,28,19,8.329686,2.446070e-03,2,2,2.5,f,-0.5,-1,2,2,1.5,f,+1.5,-1
sigma+,sigma-,22,15,8.329687,2.446062e-03,2,2,2.5,e,-0.5,+1,2,2,1.5,e,+1.5,+1
sigma+,sigma-,4,1,15.047656,3.995866e-02,1,1,1.5,e,-1.5,-1,1,1,0.5,e,+0.5,-1
sigma+,sigma-,8,3,15.047657,3.995862e-02,1,1,1.5,f,-1.5,+1,1,1,0.5,f,+0.5,+1
sigma+,sigma-,3,25,29073.263240,6.662554e-02,1,1,0.5,f,+0.5,+1,2,2,2.5,e,+2.5,+1
sigma+,sigma-,2,24,29073.263277,1.332513e-02,1,1,0.5,f,-0.5,+1,2,2,2.5,e,+1.5,+1
sigma+,sigma-,2,15,29081.592946,1.200416e-01,1,1,0.5,f,-0.5,+1,2,2,1.5,e,+1.5,+1
sigma+,sigma-,10,25,29088.310856,1.333767e-01,1,1,1.5,f,+0.5,+1,2,2,2.5,e,+2.5,+1
sigma+,sigma-,9,24,29088.310868,1.067011e-01,1,1,1.5,f,-0.5,+1,2,2,2.5,e,+1.5,+1
sigma+,sigma-,8,23,29088.310879,4.001284e-02,1,1,1.5,f,-1.5,+1,2,2,2.5,e,+0.5,+1
sigma+,sigma-,1,31,29094.423237,6.662550e-02,1,1,0.5,e,+0.5,-1,2,2,2.5,f,+2.5,-1
sigma+,sigma-,0,30,29094.423274,1.332512e-02,1,1,0.5,e,-0.5,-1,2,2,2.5,f,+1.5,-1
sigma+,sigma-,9,15,29096.640537,5.995847e-02,1,1,1.5,f,-0.5,+1,2,2,1.5,e,+1.5,+1
sigma+,sigma-,8,14,29096.640542,5.995863e-02,1,1,1.5,f,-1.5,+1,2,2,1.5,e,+0.5,+1
sigma+,sigma-,0,19,29102.752943,1.200415e-01,1,1,0.5,e,-0.5,-1,2,2,1.5,f,+1.5,-1
sigma+,sigma-,6,31,29109.470851,1.333767e-01,1,1,1.5,e,+0.5,-1,2,2,2.5,f,+2.5,-1
sigma+,sigma-,5,30,29109.470863,1.067011e-01,1,1,1.5,e,-0.5,-1,2,2,2.5,f,+1.5,-1
sigma+,sigma-,4,29,29109.470876,4.001285e-02,1,1,1.5,e,-1.5,-1,2,2,2.5,f,+0.5,-1
sigma+,sigma-,5,19,29117.800532,5.995849e-02,1,1,1.5,e,-0.5,-1,2,2,1.5,f,+1.5,-1
sigma+,sigma-,4,18,29117.800538,5.995866e-02,1,1,1.5,e,-1.5,-1,2,2,1.5,f,+0.5,-1
sigma+,sigma-,19,51,43614.287393,1.429677e-02,2,2,1.5,f,+1.5,-1,3,3,3.5,e,+3.5,-1
sigma+,sigma-,18,50,43614.287403,6.127194e-03,2,2,1.5,f,+0.5,-1,3,3,3.5,e,+2.5,-1
sigma+,sigma-,17,49,43614.287412,2.042401e-03,2,2,1.5,f,-0.5,-1,3,3,3.5,e,+1.5,-1
sigma+,sigma-,16,48,43614.287422,4.084807e-04,2,2,1.5,f,-1.5,-1,3,3,3.5,e,+0.5,-1
sigma+,sigma-,18,37,43620.083594,6.527357e-02,2,2,1.5,f,+0.5,-1,3,3,2.5,e,+2.5,-1
sigma+,sigma-,17,36,43620.083601,5.221887e-02,2,2,1.5,f,-0.5,-1,3,3,2.5,e,+1.5,-1
sigma+,sigma-,16,35,43620.083607,1.958209e-02,2,2,1.5,f,-1.5,-1,3,3,2.5,e,+0.5,-1
sigma+,sigma-,30,51,43622.617062,5.715989e-02,2,2,2.5,f,+1.5,-1,3,3,3.5,e,+3.5,-1
sigma+,sigma-,29,50,43622.617065,6.532555e-02,2,2,2.5,f,+0.5,-1,3,3,3.5,e,+2.5,-1
sigma+,sigma-,28,49,43622.617068,4.899414e-02,2,2,2.5,f,-0.5,-1,3,3,3.5,e,+1.5,-1
sigma+,sigma-,27,48,43622.617072,2.613019e-02,2,2,2.5,f,-1.5,-1,3,3,3.5,e,+0.5,-1
sigma+,sigma-,26,47,43622.617075,8.165679e-03,2,2,2.5,f,-2.5,-1,3,3,3.5,e,-0.5,-1
sigma+,sigma-,29,37,43628.413257,6.120557e-03,2,2,2.5,f,+0.5,-1,3,3,2.5,e,+2.5,-1
sigma+,sigma-,28,36,43628.413257,1.101702e-02,2,2,2.5,f,-0.5,-1,3,3,2.5,e,+1.5,-1
sigma+,sigma-,27,35,43628.413257,1.101703e-02,2,2,2.5,f,-1.5,-1,3,3,2.5,e,+0.5,-1
sigma+,sigma-,26,34,43628.413257,6.120581e-03,2,2,2.5,f,-2.5,-1,3,3,2.5,e,-0.5,-1
sigma+,sigma-,15,59,43661.897386,1.429676e-02,2,2,1.5,e,+1.5,+1,3,3,3.5,f,+3.5,+1
sigma+,sigma-,14,58,43661.897397,6.127189e-03,2,2,1.5,e,+0.5,+1,3,3,3.5,f,+2.5,+1
sigma+,sigma-,13,57,43661.897408,2.042398e-03,2,2,1.5,e,-0.5,+1,3,3,3.5,f,+1.5,+1
sigma+,sigma-,12,56,43661.897418,4.084801e-04,2,2,1.5,e,-1.5,+1,3,3,3.5,f,+0.5,+1
sigma+,sigma-,14,43,43667.693588,6.527357e-02,2,2,1.5,e,+0.5,+1,3,3,2.5,f,+2.5,+1
sigma+,sigma-,13,42,43667.693596,5.221887e-02,2,2,1.5,e,-0.5,+1,3,3,2.5,f,+1.5,+1
sigma+,sigma-,12,41,43667.693604,1.958208e-02,2,2,1.5,e,-1.5,+1,3,3,2.5,f,+0.5,+1
sigma+,sigma-,24,59,43670.227055,5.715990e-02,2,2,2.5,e,+1.5,+1,3,3,3.5,f,+3.5,+1
sigma+,sigma-,23,58,43670.227059,6.532556e-02,2,2,2.5,e,+0.5,+1,3,3,3.5,f,+2.5,+1
sigma+,sigma-,22,57,43670.227063,4.899414e-02,2,2,2.5,e,-0.5,+1,3,3,3.5,f,+1.5,+1
sigma+,sigma-,21,56,43670.227067,2.613019e-02,2,2,2.5,e,-1.5,+1,3,3,3.5,f,+0.5,+1
sigma+,sigma-,20,55,43670.227072,8.165681e-03,2,2,2.5,e,-2.5,+1,3,3,3.5,f,-0.5,+1
sigma+,sigma-,23,43,43676.023251,6.120556e-03,2,2,2.5,e,+0.5,+1,3,3,2.5,f,+2.5,+1
sigma+,sigma-,22,42,43676.023252,1.101702e-02,2,2,2.5,e,-0.5,+1,3,3,2.5,f,+1.5,+1
sigma+,sigma-,21,41,43676.023253,1.101703e-02,2,2,2.5,e,-1.5,+1,3,3,2.5,f,+0.5,+1
sigma+,sigma-,20,40,43676.023254,6.120582e-03,2,2,2.5,e,-2.5,+1,3,3,2.5,f,-0.5,+1
sigma+,sigma-,43,85,58146.058978,4.767036e-03,3,3,2.5,f,+2.5,+1,4,4,4.5,e,+4.5,+1
sigma+,sigma-,42,84,58146.058983,2.648357e-03,3,3,2.5,f,+1.5,+1,4,4,4.5,e,+3.5,+1
sigma+,sigma-,41,83,58146.058987,1.324180e-03,3,3,2.5,f,+0.5,+1,4,4,4.5,e,+2.5,+1
sigma+,sigma-,40,82,58146.058991,5.675066e-04,3,3,2.5,f,-0.5,+1,4,4,4.5,e,+1.5,+1
sigma+,sigma-,39,81,58146.058995,1.891691e-04,3,3,2.5,f,-1.5,+1,4,4,4.5,e,+0.5,+1
sigma+,sigma-,38,80,58146.058999,3.783388e-05,3,3,2.5,f,-2.5,+1,4,4,4.5,e,-0.5,+1
sigma+,sigma-,42,67,58150.494449,3.305552e-02,3,3,2.5,f,+1.5,+1,4,4,3.5,e,+3.5,+1
sigma+,sigma-,41,66,58150.494451,3.777775e-02,3,3,2.5,f,+0.5,+1,4,4,3.5,e,+2.5,+1
sigma+,sigma-,40,65,58150.494453,2.833332e-02,3,3,2.5,f,-0.5,+1,4,4,3.5,e,+1.5,+1
sigma+,sigma-,39,64,58150.494455,1.511111e-02,3,3,2.5,f,-1.5,+1,4,4,3.5,e,+0.5,+1
sigma+,sigma-,38,63,58150.494458,4.722221e-03,3,3,2.5,f,-2.5,+1,4,4,3.5,e,-0.5,+1
sigma+,sigma-,58,85,58151.855170,2.857870e-02,3,3,3.5,f,+2.5,+1,4,4,4.5,e,+4.5,+1
sigma+,sigma-,57,84,58151.855171,3.810492e-02,3,3,3.5,f,+1.5,+1,4,4,4.5,e,+3.5,+1
sigma+,sigma-,56,83,58151.855172,3.572335e-02,3,3,3.5,f,+0.5,+1,4,4,4.5,e,+2.5,+1
sigma+,sigma-,55,82,58151.855173,2.721778e-02,3,3,3.5,f,-0.5,+1,4,4,4.5,e,+1.5,+1
sigma+,sigma-,54,81,58151.855174,1.701111e-02,3,3,3.5,f,-1.5,+1,4,4,4.5,e,+0.5,+1
sigma+,sigma-,53,80,58151.855175,8.165330e-03,3,3,3.5,f,-2.5,+1,4,4,4.5,e,-0.5,+1
sigma+,sigma-,52,79,58151.855176,2.381554e-03,3,3,3.5,f,-3.5,+1,4,4,4.5,e,-1.5,+1
sigma+,sigma-,52,62,58156.290633,1.190274e-03,3,3,3.5,f,-3.5,+1,4,4,3.5,e,-1.5,+1
sigma+,sigma-,53,63,58156.290634,2.550584e-03,3,3,3.5,f,-2.5,+1,4,4,3.5,e,-0.5,+1
sigma+,sigma-,54,64,58156.290635,3.400776e-03,3,3,3.5,f,-1.5,+1,4,4,3.5,e,+0.5,+1
sigma+,sigma-,55,65,58156.290636,3.400773e-03,3,3,3.5,f,-0.5,+1,4,4,3.5,e,+1.5,+1
sigma+,sigma-,56,66,58156.290637,2.550578e-03,3,3,3.5,f,+0.5,+1,4,4,3.5,e,+2.5,+1
sigma+,sigma-,57,67,58156.290638,1.190269e-03,3,3,3.5,f,+1.5,+1,4,4,3.5,e,+3.5,+1
sigma+,sigma-,37,95,58230.698970,4.767034e-03,3,3,2.5,e,+2.5,-1,4,4,4.5,f,+4.5,-1
sigma+,sigma-,36,94,58230.698975,2.648355e-03,3,3,2.5,e,+1.5,-1,4,4,4.5,f,+3.5,-1
sigma+,sigma-,35,93,58230.698980,1.324179e-03,3,3,2.5,e,+0.5,-1,4,4,4.5,f,+2.5,-1
sigma+,sigma-,34,92,58230.698985,5.675056e-04,3,3,2.5,e,-0.5,-1,4,4,4.5,f,+1.5,-1
sigma+,sigma-,33,91,58230.698991,1.891687e-04,3,3,2.5,e,-1.5,-1,4,4,4.5,f,+0.5,-1
sigma+,sigma-,32,90,58230.698996,3.783378e-05,3,3,2.5,e,-2.5,-1,4,4,4.5,f,-0.5,-1
sigma+,sigma-,36,75,58235.134441,3.305552e-02,3,3,2.5,e,+1.5,-1,4,4,3.5,f,+3.5,-1
sigma+,sigma-,35,74,58235.134445,3.777775e-02,3,3,2.5,e,+0.5,-1,4,4,3.5,f,+2.5,-1
sigma+,sigma-,34,73,58235.134448,2.833332e-02,3,3,2.5,e,-0.5,-1,4,4,3.5,f,+1.5,-1
sigma+,sigma-,33,72,58235.134452,1.511111e-02,3,3,2.5,e,-1.5,-1,4,4,3.5,f,+0.5,-1
sigma+,sigma-,32,71,58235.134455,4.722222e-03,3,3,2.5,e,-2.5,-1,4,4,3.5,f,-0.5,-1
sigma+,sigma-,50,95,58236.495161,2.857870e-02,3,3,3.5,e,+2.5,-1,4,4,4.5,f,+4.5,-1
sigma+,sigma-,49,94,58236.495163,3.810492e-02,3,3,3.5,e,+1.5,-1,4,4,4.5,f,+3.5,-1
sigma+,sigma-,48,93,58236.495166,3.572336e-02,3,3,3.5,e,+0.5,-1,4,4,4.5,f,+2.5,-1
sigma+,sigma-,47,92,58236.495168,2.721779e-02,3,3,3.5,e,-0.5,-1,4,4,4.5,f,+1.5,-1
sigma+,sigma-,46,91,58236.495170,1.701111e-02,3,3,3.5,e,-1.5,-1,4,4,4.5,f,+0.5,-1
sigma+,sigma-,45,90,58236.495172,8.165331e-03,3,3,3.5,e,-2.5,-1,4,4,4.5,f,-0.5,-1
sigma+,sigma-,44,89,58236.495174,2.381554e-03,3,3,3.5,e,-3.5,-1,4,4,4.5,f,-1.5,-1
sigma+,sigma-,49,75,58240.930630,1.190268e-03,3,3,3.5,e,+1.5,-1,4,4,3.5,f,+3.5,-1
sigma+,sigma-,48,74,58240.930630,2.550576e-03,3,3,3.5,e,+0.5,-1,4,4,3.5,f,+2.5,-1
sigma+,sigma-,47,73,58240.930630,3.400772e-03,3,3,3.5,e,-0.5,-1,4,4,3.5,f,+1.5,-1
sigma+,sigma-,46,72,58240.930630,3.400775e-03,3,3,3.5,e,-1.5,-1,4,4,3.5,f,+0.5,-1
sigma+,sigma-,45,71,58240.930631,2.550584e-03,3,3,3.5,e,-2.5,-1,4,4,3.5,f,-0.5,-1
sigma+,sigma-,44,70,58240.930631,1.190274e-03,3,3,3.5,e,-3.5,-1,4,4,3.5,f,-1.5,-1
sigma+,sigma-,75,127,72671.161249,2.022618e-03,4,4,3.5,f,+3.5,-1,5,5,5.5,e,+5.5,-1
sigma+,sigma-,74,126,72671.161251,1.287123e-03,4,4,3.5,f,+2.5,-1,5,5,5.5,e,+4.5,-1
sigma+,sigma-,73,125,72671.161254,7.722747e-04,4,4,3.5,f,+1.5,-1,5,5,5.5,e,+3.5,-1
sigma+,sigma-,72,124,72671.161256,4.290421e-04,4,4,3.5,f,+0.5,-1,5,5,5.5,e,+2.5,-1
sigma+,sigma-,71,123,72671.161258,2.145214e-04,4,4,3.5,f,-0.5,-1,5,5,5.5,e,+1.5,-1
sigma+,sigma-,70,122,72671.161260,9.193786e-05,4,4,3.5,f,-1.5,-1,5,5,5.5,e,+0.5,-1
sigma+,sigma-,69,121,72671.161262,3.064600e-05,4,4,3.5,f,-2.5,-1,5,5,5.5,e,-0.5,-1
sigma+,sigma-,68,120,72671.161264,6.129209e-06,4,4,3.5,f,-3.5,-1,5,5,5.5,e,-1.5,-1
sigma+,sigma-,74,105,72674.738716,1.850649e-02,4,4,3.5,f,+2.5,-1,5,5,4.5,e,+4.5,-1
sigma+,sigma-,73,104,72674.738716,2.467532e-02,4,4,3.5,f,+1.5,-1,5,5,4.5,e,+3.5,-1
sigma+,sigma-,72,103,72674.738717,2.313311e-02,4,4,3.5,f,+0.5,-1,5,5,4.5,e,+2.5,-1
sigma+,sigma-,71,102,72674.738718,1.762523e-02,4,4,3.5,f,-0.5,-1,5,5,4.5,e,+1.5,-1
sigma+,sigma-,70,101,72674.738718,1.101577e-02,4,4,3.5,f,-1.5,-1,5,5,4.5,e,+0.5,-1
sigma+,sigma-,69,100,72674.738719,5.287571e-03,4,4,3.5,f,-2.5,-1,5,5,4.5,e,-0.5,-1
sigma+,sigma-,68,99,72674.738720,1.542208e-03,4,4,3.5,f,-3.5,-1,5,5,4.5,e,-1.5,-1
sigma+,sigma-,94,127,72675.596716,1.616515e-02,4,4,4.5,f,+3.5,-1,5,5,5.5,e,+5.5,-1
sigma+,sigma-,93,126,72675.596716,2.351294e-02,4,4,4.5,f,+2.5,-1,5,5,5.5,e,+4.5,-1
sigma+,sigma-,92,125,72675.596716,2.468858e-02,4,4,4.5,f,+1.5,-1,5,5,5.5,e,+3.5,-1
sigma+,sigma-,91,124,72675.596717,2.194540e-02,4,4,4.5,f,+0.5,-1,5,5,5.5,e,+2.5,-1
sigma+,sigma-,90,123,72675.596717,1.714484e-02,4,4,4.5,f,-0.5,-1,5,5,5.5,e,+1.5,-1
sigma+,sigma-,89,122,72675.596717,1.175646e-02,4,4,4.5,f,-1.5,-1,5,5,5.5,e,+0.5,-1
sigma+,sigma-,88,121,72675.596717,6.857933e-03,4,4,4.5,f,-2.5,-1,5,5,5.5,e,-0.5,-1
sigma+,sigma-,87,120,72675.596718,3.135055e-03,4,4,4.5,f,-3.5,-1,5,5,5.5,e,-1.5,-1
sigma+,sigma-,86,119,72675.596718,8.817339e-04,4,4,4.5,f,-4.5,-1,5,5,5.5,e,-2.5,-1
sigma+,sigma-,86,98,72679.174172,3.305430e-04,4,4,4.5,f,-4.5,-1,5,5,4.5,e,-2.5,-1
sigma+,sigma-,87,99,72679.174173,7.712665e-04,4,4,4.5,f,-3.5,-1,5,5,4.5,e,-1.5,-1
sigma+,sigma-,88,100,72679.174174,1.156899e-03,4,4,4.5,f,-2.5,-1,5,5,4.5,e,-0.5,-1
sigma+,sigma-,89,101,72679.174176,1.377260e-03,4,4,4.5,f,-1.5,-1,5,5,4.5,e,+0.5,-1
sigma+,sigma-,90,102,72679.174177,1.377259e-03,4,4,4.5,f,-0.5,-1,5,5,4.5,e,+1.5,-1
sigma+,sigma-,91,103,72679.174178,1.156897e-03,4,4,4.5,f,+0.5,-1,5,5,4.5,e,+2.5,-1
sigma+,sigma-,92,104,72679.174179,7.712641e-04,4,4,4.5,f,+1.5,-1,5,5,4.5,e,+3.5,-1
sigma+,sigma-,93,105,72679.174180,3.305416e-04,4,4,4.5,f,+2.5,-1,5,5,4.5,e,+4.5,-1
sigma+,sigma-,1,37,72722.836476,1.333744e-01,1,1,0.5,e,+0.5,-1,3,3,2.5,e,+2.5,-1
sigma+,sigma-,0,36,72722.836514,2.667491e-02,1,1,0.5,e,-0.5,-1,3,3,2.5,e,+1.5,-1
sigma+,sigma-,7,51,72732.087883,1.713990e-01,1,1,1.5,e,+1.5,-1,3,3,3.5,e,+3.5,-1
sigma+,sigma-,6,50,72732.087899,7.345666e-02,1,1,1.5,e,+0.5,-1,3,3,3.5,e,+2.5,-1
sigma+,sigma-,5,49,72732.087914,2.448553e-02,1,1,1.5,e,-0.5,-1,3,3,3.5,e,+1.5,-1
sigma+,sigma-,4,48,72732.087930,4.897103e-03,1,1,1.5,e,-1.5,-1,3,3,3.5,e,+0.5,-1
sigma+,sigma-,6,37,72737.884090,2.176777e-02,1,1,1.5,e,+0.5,-1,3,3,2.5,e,+2.5,-1
sigma+,sigma-,5,36,72737.884103,1.741426e-02,1,1,1.5,e,-0.5,-1,3,3,2.5,e,+1.5,-1
sigma+,sigma-,4,35,72737.884115,6.530363e-03,1,1,1.5,e,-1.5,-1,3,3,2.5,e,+0.5,-1
sigma+,sigma-,3,43,72749.286473,1.333744e-01,1,1,0.5,f,+0.5,+1,3,3,2.5,f,+2.5,+1
sigma+,sigma-,2,42,72749.286510,2.667490e-02,1,1,0.5,f,-0.5,+1,3,3,2.5,f,+1.5,+1
sigma+,sigma-,11,59,72758.537882,1.713990e-01,1,1,1.5,f,+1.5,+1,3,3,3.5,f,+3.5,+1
sigma+,sigma-,10,58,72758.537897,7.345665e-02,1,1,1.5,f,+0.5,+1,3,3,3.5,f,+2.5,+1
sigma+,sigma-,9,57,72758.537913,2.448553e-02,1,1,1.5,f,-0.5,+1,3,3,3.5,f,+1.5,+1
sigma+,sigma-,8,56,72758.537929,4.897103e-03,1,1,1.5,f,-1.5,+1,3,3,3.5,f,+0.5,+1
sigma+,sigma-,10,43,72764.334089,2.176781e-02,1,1,1.5,f,+0.5,+1,3,3,2.5,f,+2.5,+1
sigma+,sigma-,9,42,72764.334101,1.741429e-02,1,1,1.5,f,-0.5,+1,3,3,2.5,f,+1.5,+1
sigma+,sigma-,8,41,72764.334114,6.530375e-03,1,1,1.5,f,-1.5,+1,3,3,2.5,f,+0.5,+1
sigma+,sigma-,67,139,72803.411239,2.022617e-03,4,4,3.5,e,+3.5,+1,5,5,5.5,f,+5.5,+1
sigma+,sigma-,66,138,72803.411243,1.287121e-03,4,4,3.5,e,+2.5,+1,5,5,5.5,f,+4.5,+1
sigma+,sigma-,65,137,72803.411246,7.722735e-04,4,4,3.5,e,+1.5,+1,5,5,5.5,f,+3.5,+1
sigma+,sigma-,64,136,72803.411249,4.290412e-04,4,4,3.5,e,+0.5,+1,5,5,5.5,f,+2.5,+1
sigma+,sigma-,63,135,72803.411253,2.145208e-04,4,4,3.5,e,-0.5,+1,5,5,5.5,f,+1.5,+1
sigma+,sigma-,62,134,72803.411256,9.193756e-05,4,4,3.5,e,-1.5,+1,5,5,5.5,f,+0.5,+1
sigma+,sigma-,61,133,72803.411259,3.064588e-05,4,4,3.5,e,-2.5,+1,5,5,5.5,f,-0.5,+1
sigma+,sigma-,60,132,72803.411262,6.129181e-06,4,4,3.5,e,-3.5,+1,5,5,5.5,f,-1.5,+1
sigma+,sigma-,66,115,72806.988706,1.850649e-02,4,4,3.5,e,+2.5,+1,5,5,4.5,f,+4.5,+1
sigma+,sigma-,65,114,72806.988708,2.467532e-02,4,4,3.5,e,+1.5,+1,5,5,4.5,f,+3.5,+1
sigma+,sigma-,64,113,72806.988710,2.313311e-02,4,4,3.5,e,+0.5,+1,5,5,4.5,f,+2.5,+1
sigma+,sigma-,63,112,72806.988712,1.762523e-02,4,4,3.5,e,-0.5,+1,5,5,4.5,f,+1.5,+1
sigma+,sigma-,62,111,72806.988714,1.101577e-02,4,4,3.5,e,-1.5,+1,5,5,4.5,f,+0.5,+1
sigma+,sigma-,61,110,72806.988716,5.287571e-03,4,4,3.5,e,-2.5,+1,5,5,4.5,f,-0.5,+1
sigma+,sigma-,60,109,72806.988718,1.542208e-03,4,4,3.5,e,-3.5,+1,5,5,4.5,f,-1.5,+1
sigma+,sigma-,84,139,72807.846706,1.616515e-02,4,4,4.5,e,+3.5,+1,5,5,5.5,f,+5.5,+1
sigma+,sigma-,83,138,72807.846707,2.351294e-02,4,4,4.5,e,+2.5,+1,5,5,5.5,f,+4.5,+1
sigma+,sigma-,82,137,72807.846709,2.468858e-02,4,4,4.5,e,+1.5,+1,5,5,5.5,f,+3.5,+1
sigma+,sigma-,81,136,72807.846710,2.194540e-02,4,4,4.5,e,+0.5,+1,5,5,5.5,f,+2.5,+1
sigma+,sigma-,80,135,72807.846711,1.714484e-02,4,4,4.5,e,-0.5,+1,5,5,5.5,f,+1.5,+1
sigma+,sigma-,79,134,72807.846713,1.175646e-02,4,4,4.5,e,-1.5,+1,5,5,5.5,f,+0.5,+1
sigma+,sigma-,78,133,72807.846714,6.857934e-03,4,4,4.5,e,-2.5,+1,5,5,5.5,f,-0.5,+1
sigma+,sigma-,77,132,72807.846715,3.135055e-03,4,4,4.5,e,-3.5,+1,5,5,5.5,f,-1.5,+1
sigma+,sigma-,76,131,72807.846717,8.817340e-04,4,4,4.5,e,-4.5,+1,5,5,5.5,f,-2.5,+1
sigma+,sigma-,76,108,72811.424171,3.305430e-04,4,4,4.5,e,-4.5,+1,5,5,4.5,f,-2.5,+1
sigma+,sigma-,77,109,72811.424171,7.712663e-04,4,4,4.5,e,-3.5,+1,5,5,4.5,f,-1.5,+1
sigma+,sigma-,78,110,72811.424171,1.156899e-03,4,4,4.5,e,-2.5,+1,5,5,4.5,f,-0.5,+1
sigma+,sigma-,79,111,72811.424171,1.377259e-03,4,4,4.5,e,-1.5,+1,5,5,4.5,f,+0.5,+1
sigma+,sigma-,80,112,72811.424171,1.377258e-03,4,4,4.5,e,-0.5,+1,5,5,4.5,f,+1.5,+1
sigma+,sigma-,81,113,72811.424171,1.156896e-03,4,4,4.5,e,+0.5,+1,5,5,4.5,f,+2.5,+1
sigma+,sigma-,82,114,72811.424171,7.712632e-04,4,4,4.5,e,+1.5,+1,5,5,4.5,f,+3.5,+1
sigma+,sigma-,83,115,72811.424171,3.305411e-04,4,4,4.5,e,+2.5,+1,5,5,4.5,f,+4.5,+1
sigma+,sigma-,15,67,101818.188014,2.143043e-01,2,2,1.5,e,+1.5,+1,4,4,3.5,e,+3.5,+1
sigma+,sigma-,14,66,101818.188024,9.184473e-02,2,2,1.5,e,+0.5,+1,4,4,3.5,e,+2.5,+1
sigma+,sigma-,13,65,101818.188033,3.061492e-02,2,2,1.5,e,-0.5,+1,4,4,3.5,e,+1.5,+1
sigma+,sigma-,12,64,101818.188043,6.122986e-03,2,2,1.5,e,-1.5,+1,4,4,3.5,e,+0.5,+1
sigma+,sigma-,25,85,101822.082211,2.380806e-01,2,2,2.5,e,+2.5,+1,4,4,4.5,e,+4.5,+1
sigma+,sigma-,24,84,101822.082216,1.322670e-01,2,2,2.5,e,+1.5,+1,4,4,4.5,e,+3.5,+1
sigma+,sigma-,23,83,101822.082221,6.613346e-02,2,2,2.5,e,+0.5,+1,4,4,4.5,e,+2.5,+1
sigma+,sigma-,22,82,101822.082226,2.834290e-02,2,2,2.5,e,-0.5,+1,4,4,4.5,e,+1.5,+1
sigma+,sigma-,21,81,101822.082231,9.447630e-03,2,2,2.5,e,-1.5,+1,4,4,4.5,e,+0.5,+1
sigma+,sigma-,20,80,101822.082237,1.889525e-03,2,2,2.5,e,-2.5,+1,4,4,4.5,e,-0.5,+1
sigma+,sigma-,24,67,101826.517683,1.058187e-02,2,2,2.5,e,+1.5,+1,4,4,3.5,e,+3.5,+1
sigma+,sigma-,23,66,101826.517686,1.209358e-02,2,2,2.5,e,+0.5,+1,4,4,3.5,e,+2.5,+1
sigma+,sigma-,22,65,101826.517689,9.070195e-03,2,2,2.5,e,-0.5,+1,4,4,3.5,e,+1.5,+1
sigma+,sigma-,21,64,101826.517692,4.837443e-03,2,2,2.5,e,-1.5,+1,4,4,3.5,e,+0.5,+1
sigma+,sigma-,20,63,101826.517696,1.511703e-03,2,2,2.5,e,-2.5,+1,4,4,3.5,e,-0.5,+1
sigma+,sigma-,19,75,101855.218012,2.143043e-01,2,2,1.5,f,+1.5,-1,4,4,3.5,f,+3.5,-1
sigma+,sigma-,18,74,101855.218022,9.184472e-02,2,2,1.5,f,+0.5,-1,4,4,3.5,f,+2.5,-1
sigma+,sigma-,17,73,101855.218032,3.061492e-02,2,2,1.5,f,-0.5,-1,4,4,3.5,f,+1.5,-1
sigma+,sigma-,16,72,101855.218041,6.122985e-03,2,2,1.5,f,-1.5,-1,4,4,3.5,f,+0.5,-1
sigma+,sigma-,31,95,101859.112210,2.380806e-01,2,2,2.5,f,+2.5,-1,4,4,4.5,f,+4.5,-1
sigma+,sigma-,30,94,101859.112215,1.322670e-01,2,2,2.5,f,+1.5,-1,4,4,4.5,f,+3.5,-1
sigma+,sigma-,29,93,101859.112220,6.613346e-02,2,2,2.5,f,+0.5,-1,4,4,4.5,f,+2.5,-1
sigma+,sigma-,28,92,101859.112225,2.834290e-02,2,2,2.5,f,-0.5,-1,4,4,4.5,f,+1.5,-1
sigma+,sigma-,27,91,101859.112230,9.447631e-03,2,2,2.5,f,-1.5,-1,4,4,4.5,f,+0.5,-1
sigma+,sigma-,26,90,101859.112236,1.889526e-03,2,2,2.5,f,-2.5,-1,4,4,4.5,f,-0.5,-1
sigma+,sigma-,30,75,101863.547681,1.058189e-02,2,2,2.5,f,+1.5,-1,4,4,3.5,f,+3.5,-1
sigma+,sigma-,29,74,101863.547685,1.209360e-02,2,2,2.5,f,+0.5,-1,4,4,3.5,f,+2.5,-1
sigma+,sigma-,28,73,101863.547688,9.070212e-03,2,2,2.5,f,-0.5,-1,4,4,3.5,f,+1.5,-1
sigma+,sigma-,27,72,101863.547691,4.837452e-03,2,2,2.5,f,-1.5,-1,4,4,3.5,f,+0.5,-1
sigma+,sigma-,26,71,101863.547695,1.511706e-03,2,2,2.5,f,-2.5,-1,4,4,3.5,f,-0.5,-1
sigma+,sigma-,37,105,130909.873143,2.571524e-01,3,3,2.5,e,+2.5,-1,5,5,4.5,e,+4.5,-1
sigma+,sigma-,36,104,130909.873147,1.428625e-01,3,3,2.5,e,+1.5,-1,5,5,4.5,e,+3.5,-1
sigma+,sigma-,35,103,130909.873151,7.143125e-02,3,3,2.5,e,+0.5,-1,5,5,4.5,e,+2.5,-1
sigma+,sigma-,34,102,130909.873155,3.061340e-02,3,3,2.5,e,-0.5,-1,5,5,4.5,e,+1.5,-1
sigma+,sigma-,33,101,130909.873159,1.020447e-02,3,3,2.5,e,-1.5,-1,5,5,4.5,e,+0.5,-1
sigma+,sigma-,32,100,130909.873164,2.040894e-03,3,3,2.5,e,-2.5,-1,5,5,4.5,e,-0.5,-1
sigma+,sigma-,51,127,130912.091868,2.727194e-01,3,3,3.5,e,+3.5,-1,5,5,5.5,e,+5.5,-1
sigma+,sigma-,50,126,130912.091871,1.735487e-01,3,3,3.5,e,+2.5,-1,5,5,5.5,e,+4.5,-1
sigma+,sigma-,49,125,130912.091873,1.041292e-01,3,3,3.5,e,+1.5,-1,5,5,5.5,e,+3.5,-1
sigma+,sigma-,48,124,130912.091875,5.784954e-02,3,3,3.5,e,+0.5,-1,5,5,5.5,e,+2.5,-1
sigma+,sigma-,47,123,130912.091878,2.892476e-02,3,3,3.5,e,-0.5,-1,5,5,5.5,e,+1.5,-1
sigma+,sigma-,46,122,130912.091880,1.239632e-02,3,3,3.5,e,-1.5,-1,5,5,5.5,e,+0.5,-1
sigma+,sigma-,45,121,130912.091882,4.132107e-03,3,3,3.5,e,-2.5,-1,5,5,5.5,e,-0.5,-1
sigma+,sigma-,44,120,130912.091885,8.264212e-04,3,3,3.5,e,-3.5,-1,5,5,5.5,e,-1.5,-1
sigma+,sigma-,11,67,130914.828509,4.788096e-09,1,1,1.5,f,+1.5,+1,4,4,3.5,e,+3.5,+1
sigma+,sigma-,10,66,130914.828524,2.052047e-09,1,1,1.5,f,+0.5,+1,4,4,3.5,e,+2.5,+1
sigma+,sigma-,9,65,130914.828539,6.840176e-10,1,1,1.5,f,-0.5,+1,4,4,3.5,e,+1.5,+1
sigma+,sigma-,8,64,130914.828554,1.368039e-10,1,1,1.5,f,-1.5,+1,4,4,3.5,e,+0.5,+1
sigma+,sigma-,50,105,130915.669335,5.667023e-03,3,3,3.5,e,+2.5,-1,5,5,4.5,e,+4.5,-1
sigma+,sigma-,49,104,130915.669336,7.556037e-03,3,3,3.5,e,+1.5,-1,5,5,4.5,e,+3.5,-1
sigma+,sigma-,48,103,130915.669337,7.083790e-03,3,3,3.5,e,+0.5,-1,5,5,4.5,e,+2.5,-1
sigma+,sigma-,47,102,130915.669338,5.397178e-03,3,3,3.5,e,-0.5,-1,5,5,4.5,e,+1.5,-1
sigma+,sigma-,46,101,130915.669338,3.373239e-03,3,3,3.5,e,-1.5,-1,5,5,4.5,e,+0.5,-1
sigma+,sigma-,45,100,130915.669339,1.619156e-03,3,3,3.5,e,-2.5,-1,5,5,4.5,e,-0.5,-1
sigma+,sigma-,44,99,130915.669340,4.722542e-04,3,3,3.5,e,-3.5,-1,5,5,4.5,e,-1.5,-1
sigma+,sigma-,43,115,130957.483142,2.571524e-01,3,3,2.5,f,+2.5,+1,5,5,4.5,f,+4.5,+1
sigma+,sigma-,42,114,130957.483146,1.428625e-01,3,3,2.5,f,+1.5,+1,5,5,4.5,f,+3.5,+1
sigma+,sigma-,41,113,130957.483150,7.143124e-02,3,3,2.5,f,+0.5,+1,5,5,4.5,f,+2.5,+1
sigma+,sigma-,40,112,130957.483154,3.061339e-02,3,3,2.5,f,-0.5,+1,5,5,4.5,f,+1.5,+1
sigma+,sigma-,39,111,130957.483158,1.020447e-02,3,3,2.5,f,-1.5,+1,5,5,4.5,f,+0.5,+1
sigma+,sigma-,38,110,130957.483162,2.040894e-03,3,3,2.5,f,-2.5,+1,5,5,4.5,f,-0.5,+1
sigma+,sigma-,59,139,130959.701867,2.727194e-01,3,3,3.5,f,+3.5,+1,5,5,5.5,f,+5.5,+1
sigma+,sigma-,58,138,130959.701869,1.735487e-01,3,3,3.5,f,+2.5,+1,5,5,5.5,f,+4.5,+1
sigma+,sigma-,57,137,130959.701872,1.041292e-01,3,3,3.5,f,+1.5,+1,5,5,5.5,f,+3.5,+1
sigma+,sigma-,56,136,130959.701874,5.784954e-02,3,3,3.5,f,+0.5,+1,5,5,5.5,f,+2.5,+1
sigma+,sigma-,55,135,130959.701876,2.892476e-02,3,3,3.5,f,-0.5,+1,5,5,5.5,f,+1.5,+1
sigma+,sigma-,54,134,130959.701879,1.239632e-02,3,3,3.5,f,-1.5,+1,5,5,5.5,f,+0.5,+1
sigma+,sigma-,53,133,130959.701881,4.132107e-03,3,3,3.5,f,-2.5,+1,5,5,5.5,f,-0.5,+1
sigma+,sigma-,52,132,130959.701883,8.264213e-04,3,3,3.5,f,-3.5,+1,5,5,5.5,f,-1.5,+1
sigma+,sigma-,58,115,130963.279333,5.667034e-03,3,3,3.5,f,+2.5,+1,5,5,4.5,f,+4.5,+1
sigma+,sigma-,57,114,130963.279334,7.556051e-03,3,3,3.5,f,+1.5,+1,5,5,4.5,f,+3.5,+1
sigma+,sigma-,56,113,130963.279335,7.083804e-03,3,3,3.5,f,+0.5,+1,5,5,4.5,f,+2.5,+1
sigma+,sigma-,55,112,130963.279336,5.397188e-03,3,3,3.5,f,-0.5,+1,5,5,4.5,f,+1.5,+1
sigma+,sigma-,54,111,130963.279337,3.373245e-03,3,3,3.5,f,-1.5,+1,5,5,4.5,f,+0.5,+1
sigma+,sigma-,53,110,130963.279338,1.619159e-03,3,3,3.5,f,-2.5,+1,5,5,4.5,f,-0.5,+1
sigma+,sigma-,52,109,130963.279339,4.722550e-04,3,3,3.5,f,-3.5,+1,5,5,4.5,f,-1.5,+1
sigma+,sigma-,7,75,130973.018502,4.788102e-09,1,1,1.5,e,+1.5,-1,4,4,3.5,f,+3.5,-1
sigma+,sigma-,6,74,130973.018518,2.052049e-09,1,1,1.5,e,+0.5,-1,4,4,3.5,f,+2.5,-1
sigma+,sigma-,5,73,130973.018534,6.840184e-10,1,1,1.5,e,-0.5,-1,4,4,3.5,f,+1.5,-1
sigma+,sigma-,4,72,130973.018550,1.368041e-10,1,1,1.5,e,-1.5,-1,4,4,3.5,f,+0.5,-1
sigma+,sigma-,31,105,174538.286383,1.937983e-09,2,2,2.5,f,+2.5,-1,5,5,4.5,e,+4.5,-1
sigma+,sigma-,30,104,174538.286387,1.076659e-09,2,2,2.5,f,+1.5,-1,5,5,4.5,e,+3.5,-1
sigma+,sigma-,29,103,174538.286391,5.383300e-10,2,2,2.5,f,+0.5,-1,5,5,4.5,e,+2.5,-1
sigma+,sigma-,28,102,174538.286395,2.307132e-10,2,2,2.5,f,-0.5,-1,5,5,4.5,e,+1.5,-1
sigma+,sigma-,27,101,174538.286399,7.690450e-11,2,2,2.5,f,-1.5,-1,5,5,4.5,e,+0.5,-1
sigma+,sigma-,26,100,174538.286403,1.538092e-11,2,2,2.5,f,-2.5,-1,5,5,4.5,e,-0.5,-1
sigma+,sigma-,25,115,174633.506374,1.937985e-09,2,2,2.5,e,+2.5,+1,5,5,4.5,f,+4.5,+1
sigma+,sigma-,24,114,174633.506379,1.076660e-09,2,2,2.5,e,+1.5,+1,5,5,4.5,f,+3.5,+1
sigma+,sigma-,23,113,174633.506385,5.383306e-10,2,2,2.5,e,+0.5,+1,5,5,4.5,f,+2.5,+1
sigma+,sigma-,22,112,174633.506390,2.307134e-10,2,2,2.5,e,-0.5,+1,5,5,4.5,f,+1.5,+1
sigma+,sigma-,21,111,174633.506395,7.690458e-11,2,2,2.5,e,-1.5,+1,5,5,4.5,f,+0.5,+1
sigma+,sigma-,20,110,174633.506400,1.538094e-11,2,2,2.5,e,-2.5,+1,5,5,4.5,f,-0.5,+1
sigma-,sigma+,110,20,-174633.506400,1.538094e-11,5,5,4.5,f,-0.5,+1,2,2,2.5,e,-2.5,+1
sigma-,sigma+,111,21,-174633.506395,7.690458e-11,5,5,4.5,f,+0.5,+1,2,2,2.5,e,-1.5,+1
sigma-,sigma+,112,22,-174633.506390,2.307134e-10,5,5,4.5,f,+1.5,+1,2,2,2.5,e,-0.5,+1
sigma-,sigma+,113,23,-174633.506385,5.383306e-10,5,5,4.5,f,+2.5,+1,2,2,2.5,e,+0.5,+1
sigma-,sigma+,114,24,-174633.506379,1.076660e-09,5,5,4.5,f,+3.5,+1,2,2,2.5,e,+1.5,+1
sigma-,sigma+,115,25,-174633.506374,1.937985e-09,5,5,4.5,f,+4.5,+1,2,2,2.5,e,+2.5,+1
sigma-,sigma+,100,26,-174538.286403,1.538092e-11,5,5,4.5,e,-0.5,-1,2,2,2.5,f,-2.5,-1
sigma-,sigma+,101,27,-174538.286399,7.690450e-11,5,5,4.5,e,+0.5,-1,2,2,2.5,f,-1.5,-1
sigma-,sigma+,102,28,-174538.286395,2.307132e-10,5,5,4.5,e,+1.5,-1,2,2,2.5,f,-0.5,-1
sigma-,sigma+,103,29,-174538.286391,5.383300e-10,5,5,4.5,e,+2.5,-1,2,2,2.5,f,+0.5,-1
sigma-,sigma+,104,30,-174538.286387,1.076659e-09,5,5,4.5,e,+3.5,-1,2,2,2.5,f,+1.5,-1
sigma-,sigma+,105,31,-174538.286383,1.937983e-09,5,5,4.5,e,+4.5,-1,2,2,2.5,f,+2.5,-1
sigma-,sigma+,72,4,-130973.018550,1.368041e-10,4,4,3.5,f,+0.5,-1,1,1,1.5,e,-1.5,-1
sigma-,sigma+,73,5,-130973.018534,6.840184e-10,4,4,3.5,f,+1.5,-1,1,1,1.5,e,-0.5,-1
sigma-,sigma+,74,6,-130973.018518,2.052049e-09,4,4,3.5,f,+2.5,-1,1,1,1.5,e,+0.5,-1
sigma-,sigma+,75,7,-130973.018502,4.788102e-09,4,4,3.5,f,+3.5,-1,1,1,1.5,e,+1.5,-1
sigma-,sigma+,109,52,-130963.279339,4.722550e-04,5,5,4.5,f,-1.5,+1,3,3,3.5,f,-3.5,+1
sigma-,sigma+,110,53,-130963.279338,1.619159e-03,5,5,4.5,f,-0.5,+1,3,3,3.5,f,-2.5,+1
sigma-,sigma+,111,54,-130963.279337,3.373245e-03,5,5,4.5,f,+0.5,+1,3,3,3.5,f,-1.5,+1
sigma-,sigma+,112,55,-130963.279336,5.397188e-03,5,5,4.5,f,+1.5,+1,3,3,3.5,f,-0.5,+1
sigma-,sigma+,113,56,-130963.279335,7.083804e-03,5,5,4.5,f,+2.5,+1,3,3,3.5,f,+0.5,+1
sigma-,sigma+,114,57,-130963.279334,7.556051e-03,5,5,4.5,f,+3.5,+1,3,3,3.5,f,+1.5,+1
sigma-,sigma+,115,58,-130963.279333,5.667034e-03,5,5,4.5,f,+4.5,+1,3,3,3.5,f,+2.5,+1
sigma-,sigma+,132,52,-130959.701883,8.264213e-04,5,5,5.5,f,-1.5,+1,3,3,3.5,f,-3.5,+1
sigma-,sigma+,133,53,-130959.701881,4.132107e-03,5,5,5.5,f,-0.5,+1,3,3,3.5,f,-2.5,+1
sigma-,sigma+,134,54,-130959.701879,1.239632e-02,5,5,5.5,f,+0.5,+1,3,3,3.5,f,-1.5,+1
sigma-,sigma+,135,55,-130959.701876,2.892476e-02,5,5,5.5,f,+1.5,+1,3,3,3.5,f,-0.5,+1
sigma-,sigma+,136,56,-130959.701874,5.784954e-02,5,5,5.5,f,+2.5,+1,3,3,3.5,f,+0.5,+1
sigma-,sigma+,137,57,-130959.701872,1.041292e-01,5,5,5.5,f,+3.5,+1,3,3,3.5,f,+1.5,+1
sigma-,sigma+,138,58,-130959.701869,1.735487e-01,5,5,5.5,f,+4.5,+1,3,3,3.5,f,+2.5,+1
sigma-,sigma+,139,59,-130959.701867,2.727194e-01,5,5,5.5,f,+5.5,+1,3,3,3.5,f,+3.5,+1
sigma-,sigma+,110,38,-130957.483162,2.040894e-03,5,5,4.5,f,-0.5,+1,3,3,2.5,f,-2.5,+1
sigma-,sigma+,111,39,-130957.483158,1.020447e-02,5,5,4.5,f,+0.5,+1,3,3,2.5,f,-1.5,+1
sigma-,sigma+,112,40,-130957.483154,3.061339e-02,5,5,4.5,f,+1.5,+1,3,3,2.5,f,-0.5,+1
sigma-,sigma+,113,41,-130957.483150,7.143124e-02,5,5,4.5,f,+2.5,+1,3,3,2.5,f,+0.5,+1
sigma-,sigma+,114,42,-130957.483146,1.428625e-01,5,5,4.5,f,+3.5,+1,3,3,2.5,f,+1.5,+1
sigma-,sigma+,115,43,-130957.483142,2.571524e-01,5,5,4.5,f,+4.5,+1,3,3,2.5,f,+2.5,+1
sigma-,sigma+,99,44,-130915.669340,4.722542e-04,5,5,4.5,e,-1.5,-1,3,3,3.5,e,-3.5,-1
sigma-,sigma+,100,45,-130915.669339,1.619156e-03,5,5,4.5,e,-0.5,-1,3,3,3.5,e,-2.5,-1
sigma-,sigma+,101,46,-130915.669338,3.373239e-03,5,5,4.5,e,+0.5,-1,3,3,3.5,e,-1.5,-1
sigma-,sigma+,102,47,-130915.669338,5.397178e-03,5,5,4.5,e,+1.5,-1,3,3,3.5,e,-0.5,-1
sigma-,sigma+,103,48,-130915.669337,7.083790e-03,5,5,4.5,e,+2.5,-1,3,3,3.5,e,+0.5,-1
sigma-,sigma+,104,49,-130915.669336,7.556037e-03,5,5,4.5,e,+3.5,-1,3,3,3.5,e,+1.5,-1
sigma-,sigma+,105,50,-130915.669335,5.667023e-03,5,5,4.5,e,+4.5,-1,3,3,3.5,e,+2.5,-1
sigma-,sigma+,64,8,-130914.828554,1.368039e-10,4,4,3.5,e,+0.5,+1,1,1,1.5,f,-1.5,+1
sigma-,sigma+,65,9,-130914.828539,6.840176e-10,4,4,3.5,e,+1.5,+1,1,1,1.5,f,-0.5,+1
sigma-,sigma+,66,10,-130914.828524,2.052047e-09,4,4,3.5,e,+2.5,+1,1,1,1.5,f,+0.5,+1
sigma-,sigma+,67,11,-130914.828509,4.788096e-09,4,4,3.5,e,+3.5,+1,1,1,1.5,f,+1.5,+1
sigma-,sigma+,120,44,-130912.091885,8.264212e-04,5,5,5.5,e,-1.5,-1,3,3,3.5,e,-3.5,-1
sigma-,sigma+,121,45,-130912.091882,4.132107e-03,5,5,5.5,e,-0.5,-1,3,3,3.5,e,-2.5,-1
sigma-,sigma+,122,46,-130912.091880,1.239632e-02,5,5,5.5,e,+0.5,-1,3,3,3.5,e,-1.5,-1
sigma-,sigma+,123,47,-130912.091878,2.892476e-02,5,5,5.5,e,+1.5,-1,3,3,3.5,e,-0.5,-1
sigma-,sigma+,124,48,-130912.091875,5.784954e-02,5,5,5.5,e,+2.5,-1,3,3,3.5,e,+0.5,-1
sigma-,sigma+,125,49,-130912.091873,1.041292e-01,5,5,5.5,e,+3.5,-1,3,3,3.5,e,+1.5,-1
sigma-,sigma+,126,50,-130912.091871,1.735487e-01,5,5,5.5,e,+4.5,-1,3,3,3.5,e,+2.5,-1
sigma-,sigma+,127,51,-130912.091868,2.727194e-01,5,5,5.5,e,+5.5,-1,3,3,3.5,e,+3.5,-1
sigma-,sigma+,100,32,-130909.873164,2.040894e-03,5,5,4.5,e,-0.5,-1,3,3,2.5,e,-2.5,-1
sigma-,sigma+,101,33,-130909.873159,1.020447e-02,5,5,4.5,e,+0.5,-1,3,3,2.5,e,-1.5,-1
sigma-,sigma+,102,34,-130909.873155,3.061340e-02,5,5,4.5,e,+1.5,-1,3,3,2.5,e,-0.5,-1
sigma-,sigma+,103,35,-130909.873151,7.143125e-02,5,5,4.5,e,+2.5,-1,3,3,2.5,e,+0.5,-1
sigma-,sigma+,104,36,-130909.873147,1.428625e-01,5,5,4.5,e,+3.5,-1,3,3,2.5,e,+1.5,-1
sigma-,sigma+,105,37,-130909.873143,2.571524e-01,5,5,4.5,e,+4.5,-1,3,3,2.5,e,+2.5,-1
sigma-,sigma+,71,26,-101863.547695,1.511706e-03,4,4,3.5,f,-0.5,-1,2,2,2.5,f,-2.5,-1
sigma-,sigma+,72,27,-101863.547691,4.837452e-03,4,4,3.5,f,+0.5,-1,2,2,2.5,f,-1.5,-1
sigma-,sigma+,73,28,-101863.547688,9.070212e-03,4,4,3.5,f,+1.5,-1,2,2,2.5,f,-0.5,-1
sigma-,sigma+,74,29,-101863.547685,1.209360e-02,4,4,3.5,f,+2.5,-1,2,2,2.5,f,+0.5,-1
sigma-,sigma+,75,30,-101863.547681,1.058189e-02,4,4,3.5,f,+3.5,-1,2,2,2.5,f,+1.5,-1
sigma-,sigma+,90,26,-101859.112236,1.889526e-03,4,4,4.5,f,-0.5,-1,2,2,2.5,f,-2.5,-1
sigma-,sigma+,91,27,-101859.112230,9.447631e-03,4,4,4.5,f,+0.5,-1,2,2,2.5,f,-1.5,-1
sigma-,sigma+,92,28,-101859.112225,2.834290e-02,4,4,4.5,f,+1.5,-1,2,2,2.5,f,-0.5,-1
sigma-,sigma+,93,29,-101859.112220,6.613346e-02,4,4,4.5,f,+2.5,-1,2,2,2.5,f,+0.5,-1
sigma-,sigma+,94,30,-101859.112215,1.322670e-01,4,4,4.5,f,+3.5,-1,2,2,2.5,f,+1.5,-1
sigma-,sigma+,95,31,-101859.112210,2.380806e-01,4,4,4.5,f,+4.5,-1,2,2,2.5,f,+2.5,-1
sigma-,sigma+,72,16,-101855.218041,6.122985e-03,4,4,3.5,f,+0.5,-1,2,2,1.5,f,-1.5,-1
sigma-,sigma+,73,17,-101855.218032,3.061492e-02,4,4,3.5,f,+1.5,-1,2,2,1.5,f,-0.5,-1
sigma-,sigma+,74,18,-101855.218022,9.184472e-02,4,4,3.5,f,+2.5,-1,2,2,1.5,f,+0.5,-1
sigma-,sigma+,75,19,-101855.218012,2.143043e-01,4,4,3.5,f,+3.5,-1,2,2,1.5,f,+1.5,-1
sigma-,sigma+,63,20,-101826.517696,1.511703e-03,4,4,3.5,e,-0.5,+1,2,2,2.5,e,-2.5,+1
sigma-,sigma+,64,21,-101826.517692,4.837443e-03,4,4,3.5,e,+0.5,+1,2,2,2.5,e,-1.5,+1
sigma-,sigma+,65,22,-101826.517689,9.070195e-03,4,4,3.5,e,+1.5,+1,2,2,2.5,e,-0.5,+1
sigma-,sigma+,66,23,-101826.517686,1.209358e-02,4,4,3.5,e,+2.5,+1,2,2,2.5,e,+0.5,+1
sigma-,sigma+,67,24,-101826.517683,1.058187e-02,4,4,3.5,e,+3.5,+1,2,2,2.5,e,+1.5,+1
sigma-,sigma+,80,20,-101822.082237,1.889525e-03,4,4,4.5,e,-0.5,+1,2,2,2.5,e,-2.5,+1
sigma-,sigma+,81,21,-101822.082231,9.447630e-03,4,4,4.5,e,+0.5,+1,2,2,2.5,e,-1.5,+1
sigma-,sigma+,82,22,-101822.082226,2.834290e-02,4,4,4.5,e,+1.5,+1,2,2,2.5,e,-0.5,+1
sigma-,sigma+,83,23,-101822.082221,6.613346e-02,4,4,4.5,e,+2.5,+1,2,2,2.5,e,+0.5,+1
sigma-,sigma+,84,24,-101822.082216,1.322670e-01,4,4,4.5,e,+3.5,+1,2,2,2.5,e,+1.5,+1
sigma-,sigma+,85,25,-101822.082211,2.380806e-01,4,4,4.5,e,+4.5,+1,2,2,2.5,e,+2.5,+1
sigma-,sigma+,64,12,-101818.188043,6.122986e-03,4,4,3.5,e,+0.5,+1,2,2,1.5,e,-1.5,+1
sigma-,sigma+,65,13,-101818.188033,3.061492e-02,4,4,3.5,e,+1.5,+1,2,2,1.5,e,-0.5,+1
sigma-,sigma+,66,14,-101818.188024,9.184473e-02,4,4,3.5,e,+2.5,+1,2,2,1.5,e,+0.5,+1
sigma-,sigma+,67,15,-101818.188014,2.143043e-01,4,4,3.5,e,+3.5,+1,2,2,1.5,e,+1.5,+1
sigma-,sigma+,115,83,-72811.424171,3.305411e-04,5,5,4.5,f,+4.5,+1,4,4,4.5,e,+2.5,+1
sigma-,sigma+,114,82,-72811.424171,7.712632e-04,5,5,4.5,f,+3.5,+1,4,4,4.5,e,+1.5,+1
sigma-,sigma+,113,81,-72811.424171,1.156896e-03,5,5,4.5,f,+2.5,+1,4,4,4.5,e,+0.5,+1
sigma-,sigma+,112,80,-72811.424171,1.377258e-03,5,5,4.5,f,+1.5,+1,4,4,4.5,e,-0.5,+1
sigma-,sigma+,111,79,-72811.424171,1.377259e-03,5,5,4.5,f,+0.5,+1,4,4,4.5,e,-1.5,+1
sigma-,sigma+,110,78,-72811.424171,1.156899e-03,5,5,4.5,f,-0.5,+1,4,4,4.5,e,-2.5,+1
sigma-,sigma+,109,77,-72811.424171,7.712663e-04,5,5,4.5,f,-1.5,+1,4,4,4.5,e,-3.5,+1
sigma-,sigma+,108,76,-72811.424171,3.305430e-04,5,5,4.5,f,-2.5,+1,4,4,4.5,e,-4.5,+1
sigma-,sigma+,131,76,-72807.846717,8.817340e-04,5,5,5.5,f,-2.5,+1,4,4,4.5,e,-4.5,+1
sigma-,sigma+,132,77,-72807.846715,3.135055e-03,5,5,5.5,f,-1.5,+1,4,4,4.5,e,-3.5,+1
sigma-,sigma+,133,78,-72807.846714,6.857934e-03,5,5,5.5,f,-0.5,+1,4,4,4.5,e,-2.5,+1
sigma-,sigma+,134,79,-72807.846713,1.175646e-02,5,5,5.5,f,+0.5,+1,4,4,4.5,e,-1.5,+1
sigma-,sigma+,135,80,-72807.846711,1.714484e-02,5,5,5.5,f,+1.5,+1,4,4,4.5,e,-0.5,+1
sigma-,sigma+,136,81,-72807.846710,2.194540e-02,5,5,5.5,f,+2.5,+1,4,4,4.5,e,+0.5,+1
sigma-,sigma+,137,82,-72807.846709,2.468858e-02,5,5,5.5,f,+3.5,+1,4,4,4.5,e,+1.5,+1
sigma-,sigma+,138,83,-72807.846707,2.351294e-02,5,5,5.5,f,+4.5,+1,4,4,4.5,e,+2.5,+1
sigma-,sigma+,139,84,-72807.846706,1.616515e-02,5,5,5.5,f,+5.5,+1,4,4,4.5,e,+3.5,+1
sigma-,sigma+,109,60,-72806.988718,1.542208e-03,5,5,4.5,f,-1.5,+1,4,4,3.5,e,-3.5,+1
sigma-,sigma+,110,61,-72806.988716,5.287571e-03,5,5,4.5,f,-0.5,+1,4,4,3.5,e,-2.5,+1
sigma-,sigma+,111,62,-72806.988714,1.101577e-02,5,5,4.5,f,+0.5,+1,4,4,3.5,e,-1.5,+1
sigma-,sigma+,112,63,-72806.988712,1.762523e-02,5,5,4.5,f,+1.5,+1,4,4,3.5,e,-0.5,+1
sigma-,sigma+,113,64,-72806.988710,2.313311e-02,5,5,4.5,f,+2.5,+1,4,4,3.5,e,+0.5,+1
sigma-,sigma+,114,65,-72806.988708,2.467532e-02,5,5,4.5,f,+3.5,+1,4,4,3.5,e,+1.5,+1
sigma-,sigma+,115,66,-72806.988706,1.850649e-02,5,5,4.5,f,+4.5,+1,4,4,3.5,e,+2.5,+1
sigma-,sigma+,132,60,-72803.411262,6.129181e-06,5,5,5.5,f,-1.5,+1,4,4,3.5,e,-3.5,+1
sigma-,sigma+,133,61,-72803.411259,3.064588e-05,5,5,5.5,f,-0.5,+1,4,4,3.5,e,-2.5,+1
sigma-,sigma+,134,62,-72803.411256,9.193756e-05,5,5,5.5,f,+0.5,+1,4,4,3.5,e,-1.5,+1
sigma-,sigma+,135,63,-72803.411253,2.145208e-04,5,5,5.5,f,+1.5,+1,4,4,3.5,e,-0.5,+1
sigma-,sigma+,136,64,-72803.411249,4.290412e-04,5,5,5.5,f,+2.5,+1,4,4,3.5,e,+0.5,+1
sigma-,sigma+,137,65,-72803.411246,7.722735e-04,5,5,5.5,f,+3.5,+1,4,4,3.5,e,+1.5,+1
sigma-,sigma+,138,66,-72803.411243,1.287121e-03,5,5,5.5,f,+4.5,+1,4,4,3.5,e,+2.5,+1
sigma-,sigma+,139,67,-72803.411239,2.022617e-03,5,5,5.5,f,+5.5,+1,4,4,3.5,e,+3.5,+1
sigma-,sigma+,41,8,-72764.334114,6.530375e-03,3,3,2.5,f,+0.5,+1,1,1,1.5,f,-1.5,+1
sigma-,sigma+,42,9,-72764.334101,1.741429e-02,3,3,2.5,f,+1.5,+1,1,1,1.5,f,-0.5,+1
sigma-,sigma+,43,10,-72764.334089,2.176781e-02,3,3,2.5,f,+2.5,+1,1,1,1.5,f,+0.5,+1
sigma-,sigma+,56,8,-72758.537929,4.897103e-03,3,3,3.5,f,+0.5,+1,1,1,1.5,f,-1.5,+1
sigma-,sigma+,57,9,-72758.537913,2.448553e-02,3,3,3.5,f,+1.5,+1,1,1,1.5,f,-0.5,+1
sigma-,sigma+,58,10,-72758.537897,7.345665e-02,3,3,3.5,f,+2.5,+1,1,1,1.5,f,+0.5,+1
sigma-,sigma+,59,11,-72758.537882,1.713990e-01,3,3,3.5,f,+3.5,+1,1,1,1.5,f,+1.5,+1
sigma-,sigma+,42,2,-72749.286510,2.667490e-02,3,3,2.5,f,+1.5,+1,1,1,0.5,f,-0.5,+1
sigma-,sigma+,43,3,-72749.286473,1.333744e-01,3,3,2.5,f,+2.5,+1,1,1,0.5,f,+0.5,+1
sigma-,sigma+,35,4,-72737.884115,6.530363e-03,3,3,2.5,e,+0.5,-1,1,1,1.5,e,-1.5,-1
sigma-,sigma+,36,5,-72737.884103,1.741426e-02,3,3,2.5,e,+1.5,-1,1,1,1.5,e,-0.5,-1
sigma-,sigma+,37,6,-72737.884090,2.176777e-02,3,3,2.5,e,+2.5,-1,1,1,1.5,e,+0.5,-1
sigma-,sigma+,48,4,-72732.087930,4.897103e-03,3,3,3.5,e,+0.5,-1,1,1,1.5,e,-1.5,-1
sigma-,sigma+,49,5,-72732.087914,2.448553e-02,3,3,3.5,e,+1.5,-1,1,1,1.5,e,-0.5,-1
sigma-,sigma+,50,6,-72732.087899,7.345666e-02,3,3,3.5,e,+2.5,-1,1,1,1.5,e,+0.5,-1
sigma-,sigma+,51,7,-72732.087883,1.713990e-01,3,3,3.5,e,+3.5,-1,1,1,1.5,e,+1.5,-1
sigma-,sigma+,36,0,-72722.836514,2.667491e-02,3,3,2.5,e,+1.5,-1,1,1,0.5,e,-0.5,-1
sigma-,sigma+,37,1,-72722.836476,1.333744e-01,3,3,2.5,e,+2.5,-1,1,1,0.5,e,+0.5,-1
sigma-,sigma+,105,93,-72679.174180,3.305416e-04,5,5,4.5,e,+4.5,-1,4,4,4.5,f,+2.5,-1
sigma-,sigma+,104,92,-72679.174179,7.712641e-04,5,5,4.5,e,+3.5,-1,4,4,4.5,f,+1.5,-1
sigma-,sigma+,103,91,-72679.174178,1.156897e-03,5,5,4.5,e,+2.5,-1,4,4,4.5,f,+0.5,-1
sigma-,sigma+,102,90,-72679.174177,1.377259e-03,5,5,4.5,e,+1.5,-1,4,4,4.5,f,-0.5,-1
sigma-,sigma+,101,89,-72679.174176,1.377260e-03,5,5,4.5,e,+0.5,-1,4,4,4.5,f,-1.5,-1
sigma-,sigma+,100,88,-72679.174174,1.156899e-03,5,5,4.5,e,-0.5,-1,4,4,4.5,f,-2.5,-1
sigma-,sigma+,99,87,-72679.174173,7.712665e-04,5,5,4.5,e,-1.5,-1,4,4,4.5,f,-3.5,-1
sigma-,sigma+,98,86,-72679.174172,3.305430e-04,5,5,4.5,e,-2.5,-1,4,4,4.5,f,-4.5,-1
sigma-,sigma+,119,86,-72675.596718,8.817339e-04,5,5,5.5,e,-2.5,-1,4,4,4.5,f,-4.5,-1
sigma-,sigma+,120,87,-72675.596718,3.135055e-03,5,5,5.5,e,-1.5,-1,4,4,4.5,f,-3.5,-1
sigma-,sigma+,121,88,-72675.596717,6.857933e-03,5,5,5.5,e,-0.5,-1,4,4,4.5,f,-2.5,-1
sigma-,sigma+,122,89,-72675.596717,1.175646e-02,5,5,5.5,e,+0.5,-1,4,4,4.5,f,-1.5,-1
sigma-,sigma+,123,90,-72675.596717,1.714484e-02,5,5,5.5,e,+1.5,-1,4,4,4.5,f,-0.5,-1
sigma-,sigma+,124,91,-72675.596717,2.194540e-02,5,5,5.5,e,+2.5,-1,4,4,4.5,f,+0.5,-1
sigma-,sigma+,125,92,-72675.596716,2.468858e-02,5,5,5.5,e,+3.5,-1,4,4,4.5,f,+1.5,-1
sigma-,sigma+,126,93,-72675.596716,2.351294e-02,5,5,5.5,e,+4.5,-1,4,4,4.5,f,+2.5,-1
sigma-,sigma+,127,94,-72675.596716,1.616515e-02,5,5,5.5,e,+5.5,-1,4,4,4.5,f,+3.5,-1
sigma-,sigma+,99,68,-72674.738720,1.542208e-03,5,5,4.5,e,-1.5,-1,4,4,3.5,f,-3.5,-1
sigma-,sigma+,100,69,-72674.738719,5.287571e-03,5,5,4.5,e,-0.5,-1,4,4,3.5,f,-2.5,-1
sigma-,sigma+,101,70,-72674.738718,1.101577e-02,5,5,4.5,e,+0.5,-1,4,4,3.5,f,-1.5,-1
sigma-,sigma+,102,71,-72674.738718,1.762523e-02,5,5,4.5,e,+1.5,-1,4,4,3.5,f,-0.5,-1
sigma-,sigma+,103,72,-72674.738717,2.313311e-02,5,5,4.5,e,+2.5,-1,4,4,3.5,f,+0.5,-1
sigma-,sigma+,104,73,-72674.738716,2.467532e-02,5,5,4.5,e,+3.5,-1,4,4,3.5,f,+1.5,-1
sigma-,sigma+,105,74,-72674.738716,1.850649e-02,5,5,4.5,e,+4.5,-1,4,4,3.5,f,+2.5,-1
sigma-,sigma+,120,68,-72671.161264,6.129209e-06,5,5,5.5,e,-1.5,-1,4,4,3.5,f,-3.5,-1
sigma-,sigma+,121,69,-72671.161262,3.064600e-05,5,5,5.5,e,-0.5,-1,4,4,3.5,f,-2.5,-1
sigma-,sigma+,122,70,-72671.161260,9.193786e-05,5,5,5.5,e,+0.5,-1,4,4,3.5,f,-1.5,-1
sigma-,sigma+,123,71,-72671.161258,2.145214e-04,5,5,5.5,e,+1.5,-1,4,4,3.5,f,-0.5,-1
sigma-,sigma+,124,72,-72671.161256,4.290421e-04,5,5,5.5,e,+2.5,-1,4,4,3.5,f,+0.5,-1
sigma-,sigma+,125,73,-72671.161254,7.722747e-04,5,5,5.5,e,+3.5,-1,4,4,3.5,f,+1.5,-1
sigma-,sigma+,126,74,-72671.161251,1.287123e-03,5,5,5.5,e,+4.5,-1,4,4,3.5,f,+2.5,-1
sigma-,sigma+,127,75,-72671.161249,2.022618e-03,5,5,5.5,e,+5.5,-1,4,4,3.5,f,+3.5,-1
sigma-,sigma+,70,44,-58240.930631,1.190274e-03,4,4,3.5,f,-1.5,-1,3,3,3.5,e,-3.5,-1
sigma-,sigma+,71,45,-58240.930631,2.550584e-03,4,4,3.5,f,-0.5,-1,3,3,3.5,e,-2.5,-1
sigma-,sigma+,72,46,-58240.930630,3.400775e-03,4,4,3.5,f,+0.5,-1,3,3,3.5,e,-1.5,-1
sigma-,sigma+,73,47,-58240.930630,3.400772e-03,4,4,3.5,f,+1.5,-1,3,3,3.5,e,-0.5,-1
sigma-,sigma+,74,48,-58240.930630,2.550576e-03,4,4,3.5,f,+2.5,-1,3,3,3.5,e,+0.5,-1
sigma-,sigma+,75,49,-58240.930630,1.190268e-03,4,4,3.5,f,+3.5,-1,3,3,3.5,e,+1.5,-1
sigma-,sigma+,89,44,-58236.495174,2.381554e-03,4,4,4.5,f,-1.5,-1,3,3,3.5,e,-3.5,-1
sigma-,sigma+,90,45,-58236.495172,8.165331e-03,4,4,4.5,f,-0.5,-1,3,3,3.5,e,-2.5,-1
sigma-,sigma+,91,46,-58236.495170,1.701111e-02,4,4,4.5,f,+0.5,-1,3,3,3.5,e,-1.5,-1
sigma-,sigma+,92,47,-58236.495168,2.721779e-02,4,4,4.5,f,+1.5,-1,3,3,3.5,e,-0.5,-1
sigma-,sigma+,93,48,-58236.495166,3.572336e-02,4,4,4.5,f,+2.5,-1,3,3,3.5,e,+0.5,-1
sigma-,sigma+,94,49,-58236.495163,3.810492e-02,4,4,4.5,f,+3.5,-1,3,3,3.5,e,+1.5,-1
sigma-,sigma+,95,50,-58236.495161,2.857870e-02,4,4,4.5,f,+4.5,-1,3,3,3.5,e,+2.5,-1
sigma-,sigma+,71,32,-58235.134455,4.722222e-03,4,4,3.5,f,-0.5,-1,3,3,2.5,e,-2.5,-1
sigma-,sigma+,72,33,-58235.134452,1.511111e-02,4,4,3.5,f,+0.5,-1,3,3,2.5,e,-1.5,-1
sigma-,sigma+,73,34,-58235.134448,2.833332e-02,4,4,3.5,f,+1.5,-1,3,3,2.5,e,-0.5,-1
sigma-,sigma+,74,35,-58235.134445,3.777775e-02,4,4,3.5,f,+2.5,-1,3,3,2.5,e,+0.5,-1
sigma-,sigma+,75,36,-58235.134441,3.305552e-02,4,4,3.5,f,+3.5,-1,3,3,2.5,e,+1.5,-1
sigma-,sigma+,90,32,-58230.698996,3.783378e-05,4,4,4.5,f,-0.5,-1,3,3,2.5,e,-2.5,-1
sigma-,sigma+,91,33,-58230.698991,1.891687e-04,4,4,4.5,f,+0.5,-1,3,3,2.5,e,-1.5,-1
sigma-,sigma+,92,34,-58230.698985,5.675056e-04,4,4,4.5,f,+1.5,-1,3,3,2.5,e,-0.5,-1
sigma-,sigma+,93,35,-58230.698980,1.324179e-03,4,4,4.5,f,+2.5,-1,3,3,2.5,e,+0.5,-1
sigma-,sigma+,94,36,-58230.698975,2.648355e-03,4,4,4.5,f,+3.5,-1,3,3,2.5,e,+1.5,-1
sigma-,sigma+,95,37,-58230.698970,4.767034e-03,4,4,4.5,f,+4.5,-1,3,3,2.5,e,+2.5,-1
sigma-,sigma+,67,57,-58156.290638,1.190269e-03,4,4,3.5,e,+3.5,+1,3,3,3.5,f,+1.5,+1
sigma-,sigma+,66,56,-58156.290637,2.550578e-03,4,4,3.5,e,+2.5,+1,3,3,3.5,f,+0.5,+1
sigma-,sigma+,65,55,-58156.290636,3.400773e-03,4,4,3.5,e,+1.5,+1,3,3,3.5,f,-0.5,+1
sigma-,sigma+,64,54,-58156.290635,3.400776e-03,4,4,3.5,e,+0.5,+1,3,3,3.5,f,-1.5,+1
sigma-,sigma+,63,53,-58156.290634,2.550584e-03,4,4,3.5,e,-0.5,+1,3,3,3.5,f,-2.5,+1
sigma-,sigma+,62,52,-58156.290633,1.190274e-03,4,4,3.5,e,-1.5,+1,3,3,3.5,f,-3.5,+1
sigma-,sigma+,79,52,-58151.855176,2.381554e-03,4,4,4.5,e,-1.5,+1,3,3,3.5,f,-3.5,+1
sigma-,sigma+,80,53,-58151.855175,8.165330e-03,4,4,4.5,e,-0.5,+1,3,3,3.5,f,-2.5,+1
sigma-,sigma+,81,54,-58151.855174,1.701111e-02,4,4,4.5,e,+0.5,+1,3,3,3.5,f,-1.5,+1
sigma-,sigma+,82,55,-58151.855173,2.721778e-02,4,4,4.5,e,+1.5,+1,3,3,3.5,f,-0.5,+1
sigma-,sigma+,83,56,-58151.855172,3.572335e-02,4,4,4.5,e,+2.5,+1,3,3,3.5,f,+0.5,+1
sigma-,sigma+,84,57,-58151.855171,3.810492e-02,4,4,4.5,e,+3.5,+1,3,3,3.5,f,+1.5,+1
sigma-,sigma+,85,58,-58151.855170,2.857870e-02,4,4,4.5,e,+4.5,+1,3,3,3.5,f,+2.5,+1
sigma-,sigma+,63,38,-58150.494458,4.722221e-03,4,4,3.5,e,-0.5,+1,3,3,2.5,f,-2.5,+1
sigma-,sigma+,64,39,-58150.494455,1.511111e-02,4,4,3.5,e,+0.5,+1,3,3,2.5,f,-1.5,+1
sigma-,sigma+,65,40,-58150.494453,2.833332e-02,4,4,3.5,e,+1.5,+1,3,3,2.5,f,-0.5,+1
sigma-,sigma+,66,41,-58150.494451,3.777775e-02,4,4,3.5,e,+2.5,+1,3,3,2.5,f,+0.5,+1
sigma-,sigma+,67,42,-58150.494449,3.305552e-02,4,4,3.5,e,+3.5,+1,3,3,2.5,f,+1.5,+1
sigma-,sigma+,80,38,-58146.058999,3.783388e-05,4,4,4.5,e,-0.5,+1,3,3,2.5,f,-2.5,+1
sigma-,sigma+,81,39,-58146.058995,1.891691e-04,4,4,4.5,e,+0.5,+1,3,3,2.5,f,-1.5,+1
sigma-,sigma+,82,40,-58146.058991,5.675066e-04,4,4,4.5,e,+1.5,+1,3,3,2.5,f,-0.5,+1
sigma-,sigma+,83,41,-58146.058987,1.324180e-03,4,4,4.5,e,+2.5,+1,3,3,2.5,f,+0.5,+1
sigma-,sigma+,84,42,-58146.058983,2.648357e-03,4,4,4.5,e,+3.5,+1,3,3,2.5,f,+1.5,+1
sigma-,sigma+,85,43,-58146.058978,4.767036e-03,4,4,4.5,e,+4.5,+1,3,3,2.5,f,+2.5,+1
sigma-,sigma+,40,20,-43676.023254,6.120582e-03,3,3,2.5,f,-0.5,+1,2,2,2.5,e,-2.5,+1
sigma-,sigma+,41,21,-43676.023253,1.101703e-02,3,3,2.5,f,+0.5,+1,2,2,2.5,e,-1.5,+1
sigma-,sigma+,42,22,-43676.023252,1.101702e-02,3,3,2.5,f,+1.5,+1,2,2,2.5,e,-0.5,+1
sigma-,sigma+,43,23,-43676.023251,6.120556e-03,3,3,2.5,f,+2.5,+1,2,2,2.5,e,+0.5,+1
sigma-,sigma+,55,20,-43670.227072,8.165681e-03,3,3,3.5,f,-0.5,+1,2,2,2.5,e,-2.5,+1
sigma-,sigma+,56,21,-43670.227067,2.613019e-02,3,3,3.5,f,+0.5,+1,2,2,2.5,e,-1.5,+1
sigma-,sigma+,57,22,-43670.227063,4.899414e-02,3,3,3.5,f,+1.5,+1,2,2,2.5,e,-0.5,+1
sigma-,sigma+,58,23,-43670.227059,6.532556e-02,3,3,3.5,f,+2.5,+1,2,2,2.5,e,+0.5,+1
sigma-,sigma+,59,24,-43670.227055,5.715990e-02,3,3,3.5,f,+3.5,+1,2,2,2.5,e,+1.5,+1
sigma-,sigma+,41,12,-43667.693604,1.958208e-02,3,3,2.5,f,+0.5,+1,2,2,1.5,e,-1.5,+1
sigma-,sigma+,42,13,-43667.693596,5.221887e-02,3,3,2.5,f,+1.5,+1,2,2,1.5,e,-0.5,+1
sigma-,sigma+,43,14,-43667.693588,6.527357e-02,3,3,2.5,f,+2.5,+1,2,2,1.5,e,+0.5,+1
sigma-,sigma+,56,12,-43661.897418,4.084801e-04,3,3,3.5,f,+0.5,+1,2,2,1.5,e,-1.5,+1
sigma-,sigma+,57,13,-43661.897408,2.042398e-03,3,3,3.5,f,+1.5,+1,2,2,1.5,e,-0.5,+1
sigma-,sigma+,58,14,-43661.897397,6.127189e-03,3,3,3.5,f,+2.5,+1,2,2,1.5,e,+0.5,+1
sigma-,sigma+,59,15,-43661.897386,1.429676e-02,3,3,3.5,f,+3.5,+1,2,2,1.5,e,+1.5,+1
sigma-,sigma+,34,26,-43628.413257,6.120581e-03,3,3,2.5,e,-0.5,-1,2,2,2.5,f,-2.5,-1
sigma-,sigma+,35,27,-43628.413257,1.101703e-02,3,3,2.5,e,+0.5,-1,2,2,2.5,f,-1.5,-1
sigma-,sigma+,36,28,-43628.413257,1.101702e-02,3,3,2.5,e,+1.5,-1,2,2,2.5,f,-0.5,-1
sigma-,sigma+,37,29,-43628.413257,6.120557e-03,3,3,2.5,e,+2.5,-1,2,2,2.5,f,+0.5,-1
sigma-,sigma+,47,26,-43622.617075,8.165679e-03,3,3,3.5,e,-0.5,-1,2,2,2.5,f,-2.5,-1
sigma-,sigma+,48,27,-43622.617072,2.613019e-02,3,3,3.5,e,+0.5,-1,2,2,2.5,f,-1.5,-1
sigma-,sigma+,49,28,-43622.617068,4.899414e-02,3,3,3.5,e,+1.5,-1,2,2,2.5,f,-0.5,-1
sigma-,sigma+,50,29,-43622.617065,6.532555e-02,3,3,3.5,e,+2.5,-1,2,2,2.5,f,+0.5,-1
sigma-,sigma+,51,30,-43622.617062,5.715989e-02,3,3,3.5,e,+3.5,-1,2,2,2.5,f,+1.5,-1
sigma-,sigma+,35,16,-43620.083607,1.958209e-02,3,3,2.5,e,+0.5,-1,2,2,1.5,f,-1.5,-1
sigma-,sigma+,36,17,-43620.083601,5.221887e-02,3,3,2.5,e,+1.5,-1,2,2,1.5,f,-0.5,-1
sigma-,sigma+,37,18,-43620.083594,6.527357e-02,3,3,2.5,e,+2.5,-1,2,2,1.5,f,+0.5,-1
sigma-,sigma+,48,16,-43614.287422,4.084807e-04,3,3,3.5,e,+0.5,-1,2,2,1.5,f,-1.5,-1
sigma-,sigma+,49,17,-43614.287412,2.042401e-03,3,3,3.5,e,+1.5,-1,2,2,1.5,f,-0.5,-1
sigma-,sigma+,50,18,-43614.287403,6.127194e-03,3,3,3.5,e,+2.5,-1,2,2,1.5,f,+0.5,-1
sigma-,sigma+,51,19,-43614.287393,1.429677e-02,3,3,3.5,e,+3.5,-1,2,2,1.5,f,+1.5,-1
sigma-,sigma+,18,4,-29117.800538,5.995866e-02,2,2,1.5,f,+0.5,-1,1,1,1.5,e,-1.5,-1
sigma-,sigma+,19,5,-29117.800532,5.995849e-02,2,2,1.5,f,+1.5,-1,1,1,1.5,e,-0.5,-1
sigma-,sigma+,29,4,-29109.470876,4.001285e-02,2,2,2.5,f,+0.5,-1,1,1,1.5,e,-1.5,-1
sigma-,sigma+,30,5,-29109.470863,1.067011e-01,2,2,2.5,f,+1.5,-1,1,1,1.5,e,-0.5,-1
sigma-,sigma+,31,6,-29109.470851,1.333767e-01,2,2,2.5,f,+2.5,-1,1,1,1.5,e,+0.5,-1
sigma-,sigma+,19,0,-29102.752943,1.200415e-01,2,2,1.5,f,+1.5,-1,1,1,0.5,e,-0.5,-1
sigma-,sigma+,14,8,-29096.640542,5.995863e-02,2,2,1.5,e,+0.5,+1,1,1,1.5,f,-1.5,+1
sigma-,sigma+,15,9,-29096.640537,5.995847e-02,2,2,1.5,e,+1.5,+1,1,1,1.5,f,-0.5,+1
sigma-,sigma+,30,0,-29094.423274,1.332512e-02,2,2,2.5,f,+1.5,-1,1,1,0.5,e,-0.5,-1
sigma-,sigma+,31,1,-29094.423237,6.662550e-02,2,2,2.5,f,+2.5,-1,1,1,0.5,e,+0.5,-1
sigma-,sigma+,23,8,-29088.310879,4.001284e-02,2,2,2.5,e,+0.5,+1,1,1,1.5,f,-1.5,+1
sigma-,sigma+,24,9,-29088.310868,1.067011e-01,2,2,2.5,e,+1.5,+1,1,1,1.5,f,-0.5,+1
sigma-,sigma+,25,10,-29088.310856,1.333767e-01,2,2,2.5,e,+2.5,+1,1,1,1.5,f,+0.5,+1
sigma-,sigma+,15,2,-29081.592946,1.200416e-01,2,2,1.5,e,+1.5,+1,1,1,0.5,f,-0.5,+1
sigma-,sigma+,24,2,-29073.263277,1.332513e-02,2,2,2.5,e,+1.5,+1,1,1,0.5,f,-0.5,+1
sigma-,sigma+,25,3,-29073.263240,6.662554e-02,2,2,2.5,e,+2.5,+1,1,1,0.5,f,+0.5,+1
sigma-,sigma+,3,8,-15.047657,3.995862e-02,1,1,0.5,f,+0.5,+1,1,1,1.5,f,-1.5,+1
sigma-,sigma+,1,4,-15.047656,3.995866e-02,1,1,0.5,e,+0.5,-1,1,1,1.5,e,-1.5,-1
sigma-,sigma+,15,22,-8.329687,2.446062e-03,2,2,1.5,e,+1.5,+1,2,2,2.5,e,-0.5,+1
sigma-,sigma+,19,28,-8.329686,2.446070e-03,2,2,1.5,f,+1.5,-1,2,2,2.5,f,-0.5,-1
sigma-,sigma+,14,21,-8.329680,6.522842e-03,2,2,1.5,e,+0.5,+1,2,2,2.5,e,-1.5,+1
sigma-,sigma+,18,27,-8.329680,6.522862e-03,2,2,1.5,f,+0.5,-1,2,2,2.5,f,-1.5,-1
sigma-,sigma+,13,20,-8.329674,8.153565e-03,2,2,1.5,e,-0.5,+1,2,2,2.5,e,-2.5,+1
sigma-,sigma+,17,26,-8.329673,8.153590e-03,2,2,1.5,f,-0.5,-1,2,2,2.5,f,-2.5,-1
sigma-,sigma+,37,48,-5.796202,1.019886e-03,3,3,2.5,e,+2.5,-1,3,3,3.5,e,+0.5,-1
sigma-,sigma+,43,56,-5.796201,1.019889e-03,3,3,2.5,f,+2.5,+1,3,3,3.5,f,+0.5,+1
sigma-,sigma+,36,47,-5.796199,3.263640e-03,3,3,2.5,e,+1.5,-1,3,3,3.5,e,-0.5,-1
sigma-,sigma+,42,55,-5.796198,3.263648e-03,3,3,2.5,f,+1.5,+1,3,3,3.5,f,-0.5,+1
sigma-,sigma+,35,46,-5.796196,6.119332e-03,3,3,2.5,e,+0.5,-1,3,3,3.5,e,-1.5,-1
sigma-,sigma+,41,54,-5.796195,6.119346e-03,3,3,2.5,f,+0.5,+1,3,3,3.5,f,-1.5,+1
sigma-,sigma+,34,45,-5.796193,8.159118e-03,3,3,2.5,e,-0.5,-1,3,3,3.5,e,-2.5,-1
sigma-,sigma+,40,53,-5.796192,8.159137e-03,3,3,2.5,f,-0.5,+1,3,3,3.5,f,-2.5,+1
sigma-,sigma+,33,44,-5.796190,7.139236e-03,3,3,2.5,e,-1.5,-1,3,3,3.5,e,-3.5,-1
sigma-,sigma+,39,52,-5.796189,7.139252e-03,3,3,2.5,f,-1.5,+1,3,3,3.5,f,-3.5,+1
sigma-,sigma+,67,82,-4.435475,3.790039e-04,4,4,3.5,e,+3.5,+1,4,4,4.5,e,+1.5,+1
sigma-,sigma+,75,92,-4.435473,3.790048e-04,4,4,3.5,f,+3.5,-1,4,4,4.5,f,+1.5,-1
sigma-,sigma+,66,81,-4.435473,1.299443e-03,4,4,3.5,e,+2.5,+1,4,4,4.5,e,+0.5,+1
sigma-,sigma+,74,91,-4.435471,1.299446e-03,4,4,3.5,f,+2.5,-1,4,4,4.5,f,+0.5,-1
sigma-,sigma+,65,80,-4.435471,2.707175e-03,4,4,3.5,e,+1.5,+1,4,4,4.5,e,-0.5,+1
sigma-,sigma+,73,90,-4.435470,2.707181e-03,4,4,3.5,f,+1.5,-1,4,4,4.5,f,-0.5,-1
sigma-,sigma+,64,79,-4.435469,4.331484e-03,4,4,3.5,e,+0.5,+1,4,4,4.5,e,-1.5,+1
sigma-,sigma+,72,89,-4.435468,4.331494e-03,4,4,3.5,f,+0.5,-1,4,4,4.5,f,-1.5,-1
sigma-,sigma+,63,78,-4.435467,5.685078e-03,4,4,3.5,e,-0.5,+1,4,4,4.5,e,-2.5,+1
sigma-,sigma+,71,88,-4.435466,5.685090e-03,4,4,3.5,f,-0.5,-1,4,4,4.5,f,-2.5,-1
sigma-,sigma+,62,77,-4.435465,6.064089e-03,4,4,3.5,e,-1.5,+1,4,4,4.5,e,-3.5,+1
sigma-,sigma+,70,87,-4.435464,6.064102e-03,4,4,3.5,f,-1.5,-1,4,4,4.5,f,-3.5,-1
sigma-,sigma+,61,76,-4.435463,4.548071e-03,4,4,3.5,e,-2.5,+1,4,4,4.5,e,-4.5,+1
sigma-,sigma+,69,86,-4.435462,4.548080e-03,4,4,3.5,f,-2.5,-1,4,4,4.5,f,-4.5,-1
sigma-,sigma+,105,124,-3.577471,1.584121e-04,5,5,4.5,e,+4.5,-1,5,5,5.5,e,+2.5,-1
sigma-,sigma+,104,123,-3.577469,5.632435e-04,5,5,4.5,e,+3.5,-1,5,5,5.5,e,+1.5,-1
sigma-,sigma+,115,136,-3.577469,1.584125e-04,5,5,4.5,f,+4.5,+1,5,5,5.5,f,+2.5,+1
sigma-,sigma+,114,135,-3.577468,5.632447e-04,5,5,4.5,f,+3.5,+1,5,5,5.5,f,+1.5,+1
sigma-,sigma+,103,122,-3.577468,1.232096e-03,5,5,4.5,e,+2.5,-1,5,5,5.5,e,+0.5,-1
sigma-,sigma+,113,134,-3.577466,1.232099e-03,5,5,4.5,f,+2.5,+1,5,5,5.5,f,+0.5,+1
sigma-,sigma+,102,121,-3.577466,2.112166e-03,5,5,4.5,e,+1.5,-1,5,5,5.5,e,-0.5,-1
sigma-,sigma+,112,133,-3.577465,2.112171e-03,5,5,4.5,f,+1.5,+1,5,5,5.5,f,-0.5,+1
sigma-,sigma+,101,120,-3.577465,3.080245e-03,5,5,4.5,e,+0.5,-1,5,5,5.5,e,-1.5,-1
sigma-,sigma+,111,132,-3.577464,3.080252e-03,5,5,4.5,f,+0.5,+1,5,5,5.5,f,-1.5,+1
sigma-,sigma+,100,119,-3.577463,3.942717e-03,5,5,4.5,e,-0.5,-1,5,5,5.5,e,-2.5,-1
sigma-,sigma+,110,131,-3.577462,3.942725e-03,5,5,4.5,f,-0.5,+1,5,5,5.5,f,-2.5,+1
sigma-,sigma+,99,118,-3.577462,4.435560e-03,5,5,4.5,e,-1.5,-1,5,5,5.5,e,-3.5,-1
sigma-,sigma+,109,130,-3.577461,4.435569e-03,5,5,4.5,f,-1.5,+1,5,5,5.5,f,-3.5,+1
sigma-,sigma+,98,117,-3.577461,4.224346e-03,5,5,4.5,e,-2.5,-1,5,5,5.5,e,-4.5,-1
sigma-,sigma+,108,129,-3.577460,4.224354e-03,5,5,4.5,f,-2.5,+1,5,5,5.5,f,-4.5,+1
sigma-,sigma+,97,116,-3.577459,2.904240e-03,5,5,4.5,e,-3.5,-1,5,5,5.5,e,-5.5,-1
sigma-,sigma+,107,128,-3.577458,2.904246e-03,5,5,4.5,f,-3.5,+1,5,5,5.5,f,-5.5,+1
sigma-,sigma+,7,5,-0.000042,2.004150e-02,1,1,1.5,e,+1.5,-1,1,1,1.5,e,-0.5,-1
sigma-,sigma+,6,4,-0.000042,2.004137e-02,1,1,1.5,e,+0.5,-1,1,1,1.5,e,-1.5,-1
sigma-,sigma+,11,9,-0.000041,2.004153e-02,1,1,1.5,f,+1.5,+1,1,1,1.5,f,-0.5,+1
sigma-,sigma+,10,8,-0.000041,2.004140e-02,1,1,1.5,f,+0.5,+1,1,1,1.5,f,-1.5,+1
sigma-,sigma+,15,13,-0.000031,2.004146e-02,2,2,1.5,e,+1.5,+1,2,2,1.5,e,-0.5,+1
sigma-,sigma+,14,12,-0.000031,2.004147e-02,2,2,1.5,e,+0.5,+1,2,2,1.5,e,-1.5,+1
sigma-,sigma+,18,16,-0.000030,2.004144e-02,2,2,1.5,f,+0.5,-1,2,2,1.5,f,-1.5,-1
sigma-,sigma+,19,17,-0.000030,2.004143e-02,2,2,1.5,f,+1.5,-1,2,2,1.5,f,-0.5,-1
sigma-,sigma+,25,23,-0.000018,1.223741e-02,2,2,2.5,e,+2.5,+1,2,2,2.5,e,+0.5,+1
sigma-,sigma+,24,22,-0.000018,2.202731e-02,2,2,2.5,e,+1.5,+1,2,2,2.5,e,-0.5,+1
sigma-,sigma+,22,20,-0.000018,1.223737e-02,2,2,2.5,e,-0.5,+1,2,2,2.5,e,-2.5,+1
sigma-,sigma+,23,21,-0.000018,2.202728e-02,2,2,2.5,e,+0.5,+1,2,2,2.5,e,-1.5,+1
sigma-,sigma+,30,28,-0.000017,2.202729e-02,2,2,2.5,f,+1.5,-1,2,2,2.5,f,-0.5,-1
sigma-,sigma+,31,29,-0.000017,1.223740e-02,2,2,2.5,f,+2.5,-1,2,2,2.5,f,+0.5,-1
sigma-,sigma+,29,27,-0.000017,2.202727e-02,2,2,2.5,f,+0.5,-1,2,2,2.5,f,-1.5,-1
sigma-,sigma+,28,26,-0.000017,1.223736e-02,2,2,2.5,f,-0.5,-1,2,2,2.5,f,-2.5,-1
sigma-,sigma+,36,34,-0.000017,4.961214e-02,3,3,2.5,e,+1.5,-1,3,3,2.5,e,-0.5,-1
sigma-,sigma+,35,33,-0.000017,4.961215e-02,3,3,2.5,e,+0.5,-1,3,3,2.5,e,-1.5,-1
sigma-,sigma+,34,32,-0.000017,2.756231e-02,3,3,2.5,e,-0.5,-1,3,3,2.5,e,-2.5,-1
sigma-,sigma+,37,35,-0.000017,2.756229e-02,3,3,2.5,e,+2.5,-1,3,3,2.5,e,+0.5,-1
sigma-,sigma+,42,40,-0.000016,4.961212e-02,3,3,2.5,f,+1.5,+1,3,3,2.5,f,-0.5,+1
sigma-,sigma+,41,39,-0.000016,4.961213e-02,3,3,2.5,f,+0.5,+1,3,3,2.5,f,-1.5,+1
sigma-,sigma+,43,41,-0.000016,2.756228e-02,3,3,2.5,f,+2.5,+1,3,3,2.5,f,+0.5,+1
sigma-,sigma+,40,38,-0.000016,2.756230e-02,3,3,2.5,f,-0.5,+1,3,3,2.5,f,-2.5,+1
sigma-,sigma+,65,63,-0.000012,6.554287e-02,4,4,3.5,e,+1.5,+1,4,4,3.5,e,-0.5,+1
sigma-,sigma+,63,61,-0.000012,4.915717e-02,4,4,3.5,e,-0.5,+1,4,4,3.5,e,-2.5,+1
sigma-,sigma+,62,60,-0.000012,2.294001e-02,4,4,3.5,e,-1.5,+1,4,4,3.5,e,-3.5,+1
sigma-,sigma+,64,62,-0.000012,6.554288e-02,4,4,3.5,e,+0.5,+1,4,4,3.5,e,-1.5,+1
sigma-,sigma+,67,65,-0.000012,2.294000e-02,4,4,3.5,e,+3.5,+1,4,4,3.5,e,+1.5,+1
sigma-,sigma+,66,64,-0.000012,4.915714e-02,4,4,3.5,e,+2.5,+1,4,4,3.5,e,+0.5,+1
sigma-,sigma+,51,49,-0.000011,1.785408e-02,3,3,3.5,e,+3.5,-1,3,3,3.5,e,+1.5,-1
sigma-,sigma+,46,44,-0.000011,1.785404e-02,3,3,3.5,e,-1.5,-1,3,3,3.5,e,-3.5,-1
sigma-,sigma+,47,45,-0.000011,3.825868e-02,3,3,3.5,e,-0.5,-1,3,3,3.5,e,-2.5,-1
sigma-,sigma+,50,48,-0.000011,3.825873e-02,3,3,3.5,e,+2.5,-1,3,3,3.5,e,+0.5,-1
sigma-,sigma+,49,47,-0.000011,5.101162e-02,3,3,3.5,e,+1.5,-1,3,3,3.5,e,-0.5,-1
sigma-,sigma+,48,46,-0.000011,5.101159e-02,3,3,3.5,e,+0.5,-1,3,3,3.5,e,-1.5,-1
sigma-,sigma+,73,71,-0.000011,6.554285e-02,4,4,3.5,f,+1.5,-1,4,4,3.5,f,-0.5,-1
sigma-,sigma+,70,68,-0.000011,2.294001e-02,4,4,3.5,f,-1.5,-1,4,4,3.5,f,-3.5,-1
sigma-,sigma+,71,69,-0.000011,4.915715e-02,4,4,3.5,f,-0.5,-1,4,4,3.5,f,-2.5,-1
sigma-,sigma+,72,70,-0.000011,6.554286e-02,4,4,3.5,f,+0.5,-1,4,4,3.5,f,-1.5,-1
sigma-,sigma+,74,72,-0.000011,4.915713e-02,4,4,3.5,f,+2.5,-1,4,4,3.5,f,+0.5,-1
sigma-,sigma+,75,73,-0.000011,2.293999e-02,4,4,3.5,f,+3.5,-1,4,4,3.5,f,+1.5,-1
sigma-,sigma+,57,55,-0.000010,5.101160e-02,3,3,3.5,f,+1.5,+1,3,3,3.5,f,-0.5,+1
sigma-,sigma+,54,52,-0.000010,1.785404e-02,3,3,3.5,f,-1.5,+1,3,3,3.5,f,-3.5,+1
sigma-,sigma+,59,57,-0.000010,1.785408e-02,3,3,3.5,f,+3.5,+1,3,3,3.5,f,+1.5,+1
sigma-,sigma+,55,53,-0.000010,3.825867e-02,3,3,3.5,f,-0.5,+1,3,3,3.5,f,-2.5,+1
sigma-,sigma+,58,56,-0.000010,3.825872e-02,3,3,3.5,f,+2.5,+1,3,3,3.5,f,+0.5,+1
sigma-,sigma+,56,54,-0.000010,5.101158e-02,3,3,3.5,f,+0.5,+1,3,3,3.5,f,-1.5,+1
sigma-,sigma+,101,99,-0.000009,7.438566e-02,5,5,4.5,e,+0.5,-1,5,5,4.5,e,-1.5,-1
sigma-,sigma+,98,96,-0.000009,1.785256e-02,5,5,4.5,e,-2.5,-1,5,5,4.5,e,-4.5,-1
sigma-,sigma+,100,98,-0.000009,6.248396e-02,5,5,4.5,e,-0.5,-1,5,5,4.5,e,-2.5,-1
sigma-,sigma+,102,100,-0.000009,7.438565e-02,5,5,4.5,e,+1.5,-1,5,5,4.5,e,-0.5,-1
sigma-,sigma+,99,97,-0.000009,4.165598e-02,5,5,4.5,e,-1.5,-1,5,5,4.5,e,-3.5,-1
sigma-,sigma+,105,103,-0.000009,1.785255e-02,5,5,4.5,e,+4.5,-1,5,5,4.5,e,+2.5,-1
sigma-,sigma+,104,102,-0.000009,4.165595e-02,5,5,4.5,e,+3.5,-1,5,5,4.5,e,+1.5,-1
sigma-,sigma+,103,101,-0.000009,6.248394e-02,5,5,4.5,e,+2.5,-1,5,5,4.5,e,+0.5,-1
sigma-,sigma+,111,109,-0.000008,7.438564e-02,5,5,4.5,f,+0.5,+1,5,5,4.5,f,-1.5,+1
sigma-,sigma+,108,106,-0.000008,1.785256e-02,5,5,4.5,f,-2.5,+1,5,5,4.5,f,-4.5,+1
sigma-,sigma+,110,108,-0.000008,6.248395e-02,5,5,4.5,f,-0.5,+1,5,5,4.5,f,-2.5,+1
sigma-,sigma+,112,110,-0.000008,7.438564e-02,5,5,4.5,f,+1.5,+1,5,5,4.5,f,-0.5,+1
sigma-,sigma+,115,113,-0.000008,1.785255e-02,5,5,4.5,f,+4.5,+1,5,5,4.5,f,+2.5,+1
sigma-,sigma+,109,107,-0.000008,4.165597e-02,5,5,4.5,f,-1.5,+1,5,5,4.5,f,-3.5,+1
sigma-,sigma+,114,112,-0.000008,4.165595e-02,5,5,4.5,f,+3.5,+1,5,5,4.5,f,+1.5,+1
sigma-,sigma+,113,111,-0.000008,6.248393e-02,5,5,4.5,f,+2.5,+1,5,5,4.5,f,+0.5,+1
sigma-,sigma+,80,78,-0.000008,5.572566e-02,4,4,4.5,e,-0.5,+1,4,4,4.5,e,-2.5,+1
sigma-,sigma+,84,82,-0.000008,3.715048e-02,4,4,4.5,e,+3.5,+1,4,4,4.5,e,+1.5,+1
sigma-,sigma+,81,79,-0.000008,6.634009e-02,4,4,4.5,e,+0.5,+1,4,4,4.5,e,-1.5,+1
sigma-,sigma+,78,76,-0.000008,1.592161e-02,4,4,4.5,e,-2.5,+1,4,4,4.5,e,-4.5,+1
sigma-,sigma+,83,81,-0.000008,5.572571e-02,4,4,4.5,e,+2.5,+1,4,4,4.5,e,+0.5,+1
sigma-,sigma+,79,77,-0.000008,3.715043e-02,4,4,4.5,e,-1.5,+1,4,4,4.5,e,-3.5,+1
sigma-,sigma+,85,83,-0.000008,1.592164e-02,4,4,4.5,e,+4.5,+1,4,4,4.5,e,+2.5,+1
sigma-,sigma+,82,80,-0.000008,6.634011e-02,4,4,4.5,e,+1.5,+1,4,4,4.5,e,-0.5,+1
sigma-,sigma+,90,88,-0.000007,5.572566e-02,4,4,4.5,f,-0.5,-1,4,4,4.5,f,-2.5,-1
sigma-,sigma+,91,89,-0.000007,6.634008e-02,4,4,4.5,f,+0.5,-1,4,4,4.5,f,-1.5,-1
sigma-,sigma+,93,91,-0.000007,5.572570e-02,4,4,4.5,f,+2.5,-1,4,4,4.5,f,+0.5,-1
sigma-,sigma+,88,86,-0.000007,1.592161e-02,4,4,4.5,f,-2.5,-1,4,4,4.5,f,-4.5,-1
sigma-,sigma+,95,93,-0.000007,1.592164e-02,4,4,4.5,f,+4.5,-1,4,4,4.5,f,+2.5,-1
sigma-,sigma+,92,90,-0.000007,6.634010e-02,4,4,4.5,f,+1.5,-1,4,4,4.5,f,-0.5,-1
sigma-,sigma+,94,92,-0.000007,3.715047e-02,4,4,4.5,f,+3.5,-1,4,4,4.5,f,+1.5,-1
sigma-,sigma+,89,87,-0.000007,3.715043e-02,4,4,4.5,f,-1.5,-1,4,4,4.5,f,-3.5,-1
sigma-,sigma+,123,121,-0.000006,7.486111e-02,5,5,5.5,e,+1.5,-1,5,5,5.5,e,-0.5,-1
sigma-,sigma+,120,118,-0.000006,5.133331e-02,5,5,5.5,e,-1.5,-1,5,5,5.5,e,-3.5,-1
sigma-,sigma+,118,116,-0.000006,1.307098e-02,5,5,5.5,e,-3.5,-1,5,5,5.5,e,-5.5,-1
sigma-,sigma+,127,125,-0.000006,1.307100e-02,5,5,5.5,e,+5.5,-1,5,5,5.5,e,+3.5,-1
sigma-,sigma+,124,122,-0.000006,6.654322e-02,5,5,5.5,e,+2.5,-1,5,5,5.5,e,+0.5,-1
sigma-,sigma+,126,124,-0.000006,3.208335e-02,5,5,5.5,e,+4.5,-1,5,5,5.5,e,+2.5,-1
sigma-,sigma+,121,119,-0.000006,6.654319e-02,5,5,5.5,e,-0.5,-1,5,5,5.5,e,-2.5,-1
sigma-,sigma+,125,123,-0.000006,5.133335e-02,5,5,5.5,e,+3.5,-1,5,5,5.5,e,+1.5,-1
sigma-,sigma+,119,117,-0.000006,3.208331e-02,5,5,5.5,e,-2.5,-1,5,5,5.5,e,-4.5,-1
sigma-,sigma+,122,120,-0.000006,7.486110e-02,5,5,5.5,e,+0.5,-1,5,5,5.5,e,-1.5,-1
sigma-,sigma+,130,128,-0.000005,1.307098e-02,5,5,5.5,f,-3.5,+1,5,5,5.5,f,-5.5,+1
sigma-,sigma+,135,133,-0.000005,7.486111e-02,5,5,5.5,f,+1.5,+1,5,5,5.5,f,-0.5,+1
sigma-,sigma+,136,134,-0.000005,6.654322e-02,5,5,5.5,f,+2.5,+1,5,5,5.5,f,+0.5,+1
sigma-,sigma+,131,129,-0.000005,3.208331e-02,5,5,5.5,f,-2.5,+1,5,5,5.5,f,-4.5,+1
sigma-,sigma+,133,131,-0.000005,6.654318e-02,5,5,5.5,f,-0.5,+1,5,5,5.5,f,-2.5,+1
sigma-,sigma+,132,130,-0.000005,5.133331e-02,5,5,5.5,f,-1.5,+1,5,5,5.5,f,-3.5,+1
sigma-,sigma+,138,136,-0.000005,3.208335e-02,5,5,5.5,f,+4.5,+1,5,5,5.5,f,+2.5,+1
sigma-,sigma+,137,135,-0.000005,5.133335e-02,5,5,5.5,f,+3.5,+1,5,5,5.5,f,+1.5,+1
sigma-,sigma+,139,137,-0.000005,1.307100e-02,5,5,5.5,f,+5.5,+1,5,5,5.5,f,+3.5,+1
sigma-,sigma+,134,132,-0.000005,7.486109e-02,5,5,5.5,f,+0.5,+1,5,5,5.5,f,-1.5,+1
sigma-,sigma+,119,96,3.577445,1.584130e-04,5,5,5.5,e,-2.5,-1,5,5,4.5,e,-4.5,-1
sigma-,sigma+,120,97,3.577447,5.632457e-04,5,5,5.5,e,-1.5,-1,5,5,4.5,e,-3.5,-1
sigma-,sigma+,131,106,3.577447,1.584133e-04,5,5,5.5,f,-2.5,+1,5,5,4.5,f,-4.5,+1
sigma-,sigma+,121,98,3.577448,1.232099e-03,5,5,5.5,e,-0.5,-1,5,5,4.5,e,-2.5,-1
sigma-,sigma+,132,107,3.577448,5.632468e-04,5,5,5.5,f,-1.5,+1,5,5,4.5,f,-3.5,+1
sigma-,sigma+,133,108,3.577449,1.232102e-03,5,5,5.5,f,-0.5,+1,5,5,4.5,f,-2.5,+1
sigma-,sigma+,122,99,3.577449,2.112168e-03,5,5,5.5,e,+0.5,-1,5,5,4.5,e,-1.5,-1
sigma-,sigma+,134,109,3.577451,2.112172e-03,5,5,5.5,f,+0.5,+1,5,5,4.5,f,-1.5,+1
sigma-,sigma+,123,100,3.577451,3.080243e-03,5,5,5.5,e,+1.5,-1,5,5,4.5,e,-0.5,-1
sigma-,sigma+,135,110,3.577452,3.080249e-03,5,5,5.5,f,+1.5,+1,5,5,4.5,f,-0.5,+1
sigma-,sigma+,124,101,3.577452,3.942707e-03,5,5,5.5,e,+2.5,-1,5,5,4.5,e,+0.5,-1
sigma-,sigma+,136,111,3.577453,3.942716e-03,5,5,5.5,f,+2.5,+1,5,5,4.5,f,+0.5,+1
sigma-,sigma+,125,102,3.577454,4.435542e-03,5,5,5.5,e,+3.5,-1,5,5,4.5,e,+1.5,-1
sigma-,sigma+,137,112,3.577455,4.435552e-03,5,5,5.5,f,+3.5,+1,5,5,4.5,f,+1.5,+1
sigma-,sigma+,126,103,3.577455,4.224323e-03,5,5,5.5,e,+4.5,-1,5,5,4.5,e,+2.5,-1
sigma-,sigma+,138,113,3.577456,4.224332e-03,5,5,5.5,f,+4.5,+1,5,5,4.5,f,+2.5,+1
sigma-,sigma+,127,104,3.577457,2.904219e-03,5,5,5.5,e,+5.5,-1,5,5,4.5,e,+3.5,-1
sigma-,sigma+,139,114,3.577457,2.904226e-03,5,5,5.5,f,+5.5,+1,5,5,4.5,f,+3.5,+1
sigma-,sigma+,79,60,4.435445,3.790056e-04,4,4,4.5,e,-1.5,+1,4,4,3.5,e,-3.5,+1
sigma-,sigma+,89,68,4.435447,3.790063e-04,4,4,4.5,f,-1.5,-1,4,4,3.5,f,-3.5,-1
sigma-,sigma+,80,61,4.435447,1.299446e-03,4,4,4.5,e,-0.5,+1,4,4,3.5,e,-2.5,+1
sigma-,sigma+,90,69,4.435448,1.299449e-03,4,4,4.5,f,-0.5,-1,4,4,3.5,f,-2.5,-1
sigma-,sigma+,81,62,4.435449,2.707178e-03,4,4,4.5,e,+0.5,+1,4,4,3.5,e,-1.5,+1
sigma-,sigma+,91,70,4.435450,2.707184e-03,4,4,4.5,f,+0.5,-1,4,4,3.5,f,-1.5,-1
sigma-,sigma+,82,63,4.435451,4.331481e-03,4,4,4.5,e,+1.5,+1,4,4,3.5,e,-0.5,+1
sigma-,sigma+,92,71,4.435452,4.331490e-03,4,4,4.5,f,+1.5,-1,4,4,3.5,f,-0.5,-1
sigma-,sigma+,83,64,4.435453,5.685063e-03,4,4,4.5,e,+2.5,+1,4,4,3.5,e,+0.5,+1
sigma-,sigma+,93,72,4.435454,5.685076e-03,4,4,4.5,f,+2.5,-1,4,4,3.5,f,+0.5,-1
sigma-,sigma+,84,65,4.435455,6.064062e-03,4,4,4.5,e,+3.5,+1,4,4,3.5,e,+1.5,+1
sigma-,sigma+,94,73,4.435456,6.064076e-03,4,4,4.5,f,+3.5,-1,4,4,3.5,f,+1.5,-1
sigma-,sigma+,85,66,4.435457,4.548042e-03,4,4,4.5,e,+4.5,+1,4,4,3.5,e,+2.5,+1
sigma-,sigma+,95,74,4.435458,4.548053e-03,4,4,4.5,f,+4.5,-1,4,4,3.5,f,+2.5,-1
sigma-,sigma+,47,32,5.796165,1.019890e-03,3,3,3.5,e,-0.5,-1,3,3,2.5,e,-2.5,-1
sigma-,sigma+,55,38,5.796166,1.019892e-03,3,3,3.5,f,-0.5,+1,3,3,2.5,f,-2.5,+1
sigma-,sigma+,48,33,5.796168,3.263644e-03,3,3,3.5,e,+0.5,-1,3,3,2.5,e,-1.5,-1
sigma-,sigma+,56,39,5.796169,3.263651e-03,3,3,3.5,f,+0.5,+1,3,3,2.5,f,-1.5,+1
sigma-,sigma+,49,34,5.796171,6.119325e-03,3,3,3.5,e,+1.5,-1,3,3,2.5,e,-0.5,-1
sigma-,sigma+,57,40,5.796172,6.119340e-03,3,3,3.5,f,+1.5,+1,3,3,2.5,f,-0.5,+1
sigma-,sigma+,50,35,5.796174,8.159092e-03,3,3,3.5,e,+2.5,-1,3,3,2.5,e,+0.5,-1
sigma-,sigma+,58,41,5.796175,8.159112e-03,3,3,3.5,f,+2.5,+1,3,3,2.5,f,+0.5,+1
sigma-,sigma+,51,36,5.796177,7.139197e-03,3,3,3.5,e,+3.5,-1,3,3,2.5,e,+1.5,-1
sigma-,sigma+,59,42,5.796178,7.139215e-03,3,3,3.5,f,+3.5,+1,3,3,2.5,f,+1.5,+1
sigma-,sigma+,23,12,8.329631,2.446066e-03,2,2,2.5,e,+0.5,+1,2,2,1.5,e,-1.5,+1
sigma-,sigma+,29,16,8.329633,2.446073e-03,2,2,2.5,f,+0.5,-1,2,2,1.5,f,-1.5,-1
sigma-,sigma+,24,13,8.329638,6.522832e-03,2,2,2.5,e,+1.5,+1,2,2,1.5,e,-0.5,+1
sigma-,sigma+,30,17,8.329639,6.522852e-03,2,2,2.5,f,+1.5,-1,2,2,1.5,f,-0.5,-1
sigma-,sigma+,25,14,8.329644,8.153527e-03,2,2,2.5,e,+2.5,+1,2,2,1.5,e,+0.5,+1
sigma-,sigma+,31,18,8.329645,8.153553e-03,2,2,2.5,f,+2.5,-1,2,2,1.5,f,+0.5,-1
sigma-,sigma+,7,0,15.047547,3.995852e-02,1,1,1.5,e,+1.5,-1,1,1,0.5,e,-0.5,-1
sigma-,sigma+,11,2,15.047550,3.995849e-02,1,1,1.5,f,+1.5,+1,1,1,0.5,f,-0.5,+1
sigma-,sigma+,3,21,29073.263204,1.332518e-02,1,1,0.5,f,+0.5,+1,2,2,2.5,e,-1.5,+1
sigma-,sigma+,2,20,29073.263240,6.662598e-02,1,1,0.5,f,-0.5,+1,2,2,2.5,e,-2.5,+1
sigma-,sigma+,3,12,29081.592853,1.200413e-01,1,1,0.5,f,+0.5,+1,2,2,1.5,e,-1.5,+1
sigma-,sigma+,11,22,29088.310808,4.001303e-02,1,1,1.5,f,+1.5,+1,2,2,2.5,e,-0.5,+1
sigma-,sigma+,10,21,29088.310820,1.067012e-01,1,1,1.5,f,+0.5,+1,2,2,2.5,e,-1.5,+1
sigma-,sigma+,9,20,29088.310832,1.333762e-01,1,1,1.5,f,-0.5,+1,2,2,2.5,e,-2.5,+1
sigma-,sigma+,1,27,29094.423202,1.332517e-02,1,1,0.5,e,+0.5,-1,2,2,2.5,f,-1.5,-1
sigma-,sigma+,0,26,29094.423240,6.662594e-02,1,1,0.5,e,-0.5,-1,2,2,2.5,f,-2.5,-1
sigma-,sigma+,11,13,29096.640464,5.995844e-02,1,1,1.5,f,+1.5,+1,2,2,1.5,e,-0.5,+1
sigma-,sigma+,10,12,29096.640469,5.995861e-02,1,1,1.5,f,+0.5,+1,2,2,1.5,e,-1.5,+1
sigma-,sigma+,1,16,29102.752852,1.200413e-01,1,1,0.5,e,+0.5,-1,2,2,1.5,f,-1.5,-1
sigma-,sigma+,7,28,29109.470804,4.001303e-02,1,1,1.5,e,+1.5,-1,2,2,2.5,f,-0.5,-1
sigma-,sigma+,6,27,29109.470816,1.067012e-01,1,1,1.5,e,+0.5,-1,2,2,2.5,f,-1.5,-1
sigma-,sigma+,5,26,29109.470829,1.333762e-01,1,1,1.5,e,-0.5,-1,2,2,2.5,f,-2.5,-1
sigma-,sigma+,7,17,29117.800460,5.995848e-02,1,1,1.5,e,+1.5,-1,2,2,1.5,f,-0.5,-1
sigma-,sigma+,6,16,29117.800466,5.995865e-02,1,1,1.5,e,+0.5,-1,2,2,1.5,f,-1.5,-1
sigma-,sigma+,19,47,43614.287372,4.084799e-04,2,2,1.5,f,+1.5,-1,3,3,3.5,e,-0.5,-1
sigma-,sigma+,18,46,43614.287381,2.042402e-03,2,2,1.5,f,+0.5,-1,3,3,3.5,e,-1.5,-1
sigma-,sigma+,17,45,43614.287390,6.127215e-03,2,2,1.5,f,-0.5,-1,3,3,3.5,e,-2.5,-1
sigma-,sigma+,16,44,43614.287400,1.429685e-02,2,2,1.5,f,-1.5,-1,3,3,3.5,e,-3.5,-1
sigma-,sigma+,19,34,43620.083554,1.958205e-02,2,2,1.5,f,+1.5,-1,3,3,2.5,e,-0.5,-1
sigma-,sigma+,18,33,43620.083560,5.221882e-02,2,2,1.5,f,+0.5,-1,3,3,2.5,e,-1.5,-1
sigma-,sigma+,17,32,43620.083566,6.527355e-02,2,2,1.5,f,-0.5,-1,3,3,2.5,e,-2.5,-1
sigma-,sigma+,31,48,43622.617037,8.165706e-03,2,2,2.5,f,+2.5,-1,3,3,3.5,e,+0.5,-1
sigma-,sigma+,30,47,43622.617040,2.613024e-02,2,2,2.5,f,+1.5,-1,3,3,3.5,e,-0.5,-1
sigma-,sigma+,29,46,43622.617044,4.899418e-02,2,2,2.5,f,+0.5,-1,3,3,3.5,e,-1.5,-1
sigma-,sigma+,28,45,43622.617047,6.532553e-02,2,2,2.5,f,-0.5,-1,3,3,3.5,e,-2.5,-1
sigma-,sigma+,27,44,43622.617050,5.715981e-02,2,2,2.5,f,-1.5,-1,3,3,3.5,e,-3.5,-1
sigma-,sigma+,31,35,43628.413222,6.120554e-03,2,2,2.5,f,+2.5,-1,3,3,2.5,e,+0.5,-1
sigma-,sigma+,30,34,43628.413222,1.101701e-02,2,2,2.5,f,+1.5,-1,3,3,2.5,e,-0.5,-1
sigma-,sigma+,29,33,43628.413222,1.101703e-02,2,2,2.5,f,+0.5,-1,3,3,2.5,e,-1.5,-1
sigma-,sigma+,28,32,43628.413222,6.120578e-03,2,2,2.5,f,-0.5,-1,3,3,2.5,e,-2.5,-1
sigma-,sigma+,15,55,43661.897366,4.084802e-04,2,2,1.5,e,+1.5,+1,3,3,3.5,f,-0.5,+1
sigma-,sigma+,14,54,43661.897377,2.042403e-03,2,2,1.5,e,+0.5,+1,3,3,3.5,f,-1.5,+1
sigma-,sigma+,13,53,43661.897388,6.127215e-03,2,2,1.5,e,-0.5,+1,3,3,3.5,f,-2.5,+1
sigma-,sigma+,12,52,43661.897398,1.429685e-02,2,2,1.5,e,-1.5,+1,3,3,3.5,f,-3.5,+1
sigma-,sigma+,15,40,43667.693549,1.958205e-02,2,2,1.5,e,+1.5,+1,3,3,2.5,f,-0.5,+1
sigma-,sigma+,14,39,43667.693556,5.221881e-02,2,2,1.5,e,+0.5,+1,3,3,2.5,f,-1.5,+1
sigma-,sigma+,13,38,43667.693564,6.527354e-02,2,2,1.5,e,-0.5,+1,3,3,2.5,f,-2.5,+1
sigma-,sigma+,25,56,43670.227031,8.165706e-03,2,2,2.5,e,+2.5,+1,3,3,3.5,f,+0.5,+1
sigma-,sigma+,24,55,43670.227035,2.613024e-02,2,2,2.5,e,+1.5,+1,3,3,3.5,f,-0.5,+1
sigma-,sigma+,23,54,43670.227039,4.899418e-02,2,2,2.5,e,+0.5,+1,3,3,3.5,f,-1.5,+1
sigma-,sigma+,22,53,43670.227044,6.532553e-02,2,2,2.5,e,-0.5,+1,3,3,3.5,f,-2.5,+1
sigma-,sigma+,21,52,43670.227048,5.715981e-02,2,2,2.5,e,-1.5,+1,3,3,3.5,f,-3.5,+1
sigma-,sigma+,25,41,43676.023216,6.120557e-03,2,2,2.5,e,+2.5,+1,3,3,2.5,f,+0.5,+1
sigma-,sigma+,24,40,43676.023218,1.101702e-02,2,2,2.5,e,+1.5,+1,3,3,2.5,f,-0.5,+1
sigma-,sigma+,23,39,43676.023219,1.101703e-02,2,2,2.5,e,+0.5,+1,3,3,2.5,f,-1.5,+1
sigma-,sigma+,22,38,43676.023220,6.120583e-03,2,2,2.5,e,-0.5,+1,3,3,2.5,f,-2.5,+1
sigma-,sigma+,43,81,58146.058963,3.783359e-05,3,3,2.5,f,+2.5,+1,4,4,4.5,e,+0.5,+1
sigma-,sigma+,42,80,58146.058967,1.891682e-04,3,3,2.5,f,+1.5,+1,4,4,4.5,e,-0.5,+1
sigma-,sigma+,41,79,58146.058971,5.675055e-04,3,3,2.5,f,+0.5,+1,4,4,4.5,e,-1.5,+1
sigma-,sigma+,40,78,58146.058975,1.324181e-03,3,3,2.5,f,-0.5,+1,4,4,4.5,e,-2.5,+1
sigma-,sigma+,39,77,58146.058979,2.648366e-03,3,3,2.5,f,-1.5,+1,4,4,4.5,e,-3.5,+1
sigma-,sigma+,38,76,58146.058983,4.767066e-03,3,3,2.5,f,-2.5,+1,4,4,4.5,e,-4.5,+1
sigma-,sigma+,43,64,58150.494424,4.722214e-03,3,3,2.5,f,+2.5,+1,4,4,3.5,e,+0.5,+1
sigma-,sigma+,42,63,58150.494426,1.511109e-02,3,3,2.5,f,+1.5,+1,4,4,3.5,e,-0.5,+1
sigma-,sigma+,41,62,58150.494428,2.833330e-02,3,3,2.5,f,+0.5,+1,4,4,3.5,e,-1.5,+1
sigma-,sigma+,40,61,58150.494430,3.777774e-02,3,3,2.5,f,-0.5,+1,4,4,3.5,e,-2.5,+1
sigma-,sigma+,39,60,58150.494432,3.305553e-02,3,3,2.5,f,-1.5,+1,4,4,3.5,e,-3.5,+1
sigma-,sigma+,59,82,58151.855153,2.381560e-03,3,3,3.5,f,+3.5,+1,4,4,4.5,e,+1.5,+1
sigma-,sigma+,58,81,58151.855154,8.165347e-03,3,3,3.5,f,+2.5,+1,4,4,4.5,e,+0.5,+1
sigma-,sigma+,57,80,58151.855155,1.701113e-02,3,3,3.5,f,+1.5,+1,4,4,4.5,e,-0.5,+1
sigma-,sigma+,56,79,58151.855156,2.721781e-02,3,3,3.5,f,+0.5,+1,4,4,4.5,e,-1.5,+1
sigma-,sigma+,55,78,58151.855157,3.572336e-02,3,3,3.5,f,-0.5,+1,4,4,4.5,e,-2.5,+1
sigma-,sigma+,54,77,58151.855158,3.810491e-02,3,3,3.5,f,-1.5,+1,4,4,4.5,e,-3.5,+1
sigma-,sigma+,53,76,58151.855159,2.857867e-02,3,3,3.5,f,-2.5,+1,4,4,4.5,e,-4.5,+1
sigma-,sigma+,54,60,58156.290611,1.190272e-03,3,3,3.5,f,-1.5,+1,4,4,3.5,e,-3.5,+1
sigma-,sigma+,55,61,58156.290612,2.550581e-03,3,3,3.5,f,-0.5,+1,4,4,3.5,e,-2.5,+1
sigma-,sigma+,56,62,58156.290613,3.400772e-03,3,3,3.5,f,+0.5,+1,4,4,3.5,e,-1.5,+1
sigma-,sigma+,57,63,58156.290614,3.400769e-03,3,3,3.5,f,+1.5,+1,4,4,3.5,e,-0.5,+1
sigma-,sigma+,58,64,58156.290615,2.550575e-03,3,3,3.5,f,+2.5,+1,4,4,3.5,e,+0.5,+1
sigma-,sigma+,59,65,58156.290616,1.190267e-03,3,3,3.5,f,+3.5,+1,4,4,3.5,e,+1.5,+1
sigma-,sigma+,37,91,58230.698956,3.783368e-05,3,3,2.5,e,+2.5,-1,4,4,4.5,f,+0.5,-1
sigma-,sigma+,36,90,58230.698961,1.891686e-04,3,3,2.5,e,+1.5,-1,4,4,4.5,f,-0.5,-1
sigma-,sigma+,35,89,58230.698967,5.675062e-04,3,3,2.5,e,+0.5,-1,4,4,4.5,f,-1.5,-1
sigma-,sigma+,34,88,58230.698972,1.324182e-03,3,3,2.5,e,-0.5,-1,4,4,4.5,f,-2.5,-1
sigma-,sigma+,33,87,58230.698977,2.648367e-03,3,3,2.5,e,-1.5,-1,4,4,4.5,f,-3.5,-1
sigma-,sigma+,32,86,58230.698982,4.767065e-03,3,3,2.5,e,-2.5,-1,4,4,4.5,f,-4.5,-1
sigma-,sigma+,37,72,58235.134417,4.722214e-03,3,3,2.5,e,+2.5,-1,4,4,3.5,f,+0.5,-1
sigma-,sigma+,36,71,58235.134420,1.511109e-02,3,3,2.5,e,+1.5,-1,4,4,3.5,f,-0.5,-1
sigma-,sigma+,35,70,58235.134424,2.833329e-02,3,3,2.5,e,+0.5,-1,4,4,3.5,f,-1.5,-1
sigma-,sigma+,34,69,58235.134427,3.777773e-02,3,3,2.5,e,-0.5,-1,4,4,3.5,f,-2.5,-1
sigma-,sigma+,33,68,58235.134430,3.305552e-02,3,3,2.5,e,-1.5,-1,4,4,3.5,f,-3.5,-1
sigma-,sigma+,51,92,58236.495146,2.381560e-03,3,3,3.5,e,+3.5,-1,4,4,4.5,f,+1.5,-1
sigma-,sigma+,50,91,58236.495148,8.165347e-03,3,3,3.5,e,+2.5,-1,4,4,4.5,f,+0.5,-1
sigma-,sigma+,49,90,58236.495150,1.701113e-02,3,3,3.5,e,+1.5,-1,4,4,4.5,f,-0.5,-1
sigma-,sigma+,48,89,58236.495152,2.721781e-02,3,3,3.5,e,+0.5,-1,4,4,4.5,f,-1.5,-1
sigma-,sigma+,47,88,58236.495154,3.572336e-02,3,3,3.5,e,-0.5,-1,4,4,4.5,f,-2.5,-1
sigma-,sigma+,46,87,58236.495156,3.810491e-02,3,3,3.5,e,-1.5,-1,4,4,4.5,f,-3.5,-1
sigma-,sigma+,45,86,58236.495158,2.857867e-02,3,3,3.5,e,-2.5,-1,4,4,4.5,f,-4.5,-1
sigma-,sigma+,51,73,58240.930608,1.190268e-03,3,3,3.5,e,+3.5,-1,4,4,3.5,f,+1.5,-1
sigma-,sigma+,50,72,58240.930609,2.550576e-03,3,3,3.5,e,+2.5,-1,4,4,3.5,f,+0.5,-1
sigma-,sigma+,49,71,58240.930609,3.400771e-03,3,3,3.5,e,+1.5,-1,4,4,3.5,f,-0.5,-1
sigma-,sigma+,48,70,58240.930609,3.400775e-03,3,3,3.5,e,+0.5,-1,4,4,3.5,f,-1.5,-1
sigma-,sigma+,47,69,58240.930609,2.550584e-03,3,3,3.5,e,-0.5,-1,4,4,3.5,f,-2.5,-1
sigma-,sigma+,46,68,58240.930609,1.190273e-03,3,3,3.5,e,-1.5,-1,4,4,3.5,f,-3.5,-1
sigma-,sigma+,75,123,72671.161237,6.129125e-06,4,4,3.5,f,+3.5,-1,5,5,5.5,e,+1.5,-1
sigma-,sigma+,74,122,72671.161239,3.064567e-05,4,4,3.5,f,+2.5,-1,5,5,5.5,e,+0.5,-1
sigma-,sigma+,73,121,72671.161241,9.193715e-05,4,4,3.5,f,+1.5,-1,5,5,5.5,e,-0.5,-1
sigma-,sigma+,72,120,72671.161243,2.145203e-04,4,4,3.5,f,+0.5,-1,5,5,5.5,e,-1.5,-1
sigma-,sigma+,71,119,72671.161245,4.290413e-04,4,4,3.5,f,-0.5,-1,5,5,5.5,e,-2.5,-1
sigma-,sigma+,70,118,72671.161247,7.722754e-04,4,4,3.5,f,-1.5,-1,5,5,5.5,e,-3.5,-1
sigma-,sigma+,69,117,72671.161250,1.287128e-03,4,4,3.5,f,-2.5,-1,5,5,5.5,e,-4.5,-1
sigma-,sigma+,68,116,72671.161252,2.022632e-03,4,4,3.5,f,-3.5,-1,5,5,5.5,e,-5.5,-1
sigma-,sigma+,75,102,72674.738697,1.542206e-03,4,4,3.5,f,+3.5,-1,5,5,4.5,e,+1.5,-1
sigma-,sigma+,74,101,72674.738697,5.287565e-03,4,4,3.5,f,+2.5,-1,5,5,4.5,e,+0.5,-1
sigma-,sigma+,73,100,72674.738698,1.101576e-02,4,4,3.5,f,+1.5,-1,5,5,4.5,e,-0.5,-1
sigma-,sigma+,72,99,72674.738699,1.762522e-02,4,4,3.5,f,+0.5,-1,5,5,4.5,e,-1.5,-1
sigma-,sigma+,71,98,72674.738700,2.313311e-02,4,4,3.5,f,-0.5,-1,5,5,4.5,e,-2.5,-1
sigma-,sigma+,70,97,72674.738700,2.467532e-02,4,4,3.5,f,-1.5,-1,5,5,4.5,e,-3.5,-1
sigma-,sigma+,69,96,72674.738701,1.850649e-02,4,4,3.5,f,-2.5,-1,5,5,4.5,e,-4.5,-1
sigma-,sigma+,95,124,72675.596703,8.817360e-04,4,4,4.5,f,+4.5,-1,5,5,5.5,e,+2.5,-1
sigma-,sigma+,94,123,72675.596703,3.135061e-03,4,4,4.5,f,+3.5,-1,5,5,5.5,e,+1.5,-1
sigma-,sigma+,93,122,72675.596703,6.857944e-03,4,4,4.5,f,+2.5,-1,5,5,5.5,e,+0.5,-1
sigma-,sigma+,92,121,72675.596704,1.175647e-02,4,4,4.5,f,+1.5,-1,5,5,5.5,e,-0.5,-1
sigma-,sigma+,91,120,72675.596704,1.714485e-02,4,4,4.5,f,+0.5,-1,5,5,5.5,e,-1.5,-1
sigma-,sigma+,90,119,72675.596704,2.194541e-02,4,4,4.5,f,-0.5,-1,5,5,5.5,e,-2.5,-1
sigma-,sigma+,89,118,72675.596705,2.468858e-02,4,4,4.5,f,-1.5,-1,5,5,5.5,e,-3.5,-1
sigma-,sigma+,88,117,72675.596705,2.351293e-02,4,4,4.5,f,-2.5,-1,5,5,5.5,e,-4.5,-1
sigma-,sigma+,87,116,72675.596705,1.616513e-02,4,4,4.5,f,-3.5,-1,5,5,5.5,e,-5.5,-1
sigma-,sigma+,88,96,72679.174156,3.305423e-04,4,4,4.5,f,-2.5,-1,5,5,4.5,e,-4.5,-1
sigma-,sigma+,89,97,72679.174157,7.712648e-04,4,4,4.5,f,-1.5,-1,5,5,4.5,e,-3.5,-1
sigma-,sigma+,90,98,72679.174159,1.156897e-03,4,4,4.5,f,-0.5,-1,5,5,4.5,e,-2.5,-1
sigma-,sigma+,91,99,72679.174160,1.377257e-03,4,4,4.5,f,+0.5,-1,5,5,4.5,e,-1.5,-1
sigma-,sigma+,92,100,72679.174161,1.377256e-03,4,4,4.5,f,+1.5,-1,5,5,4.5,e,-0.5,-1
sigma-,sigma+,93,101,72679.174162,1.156894e-03,4,4,4.5,f,+2.5,-1,5,5,4.5,e,+0.5,-1
sigma-,sigma+,94,102,72679.174163,7.712625e-04,4,4,4.5,f,+3.5,-1,5,5,4.5,e,+1.5,-1
sigma-,sigma+,95,103,72679.174164,3.305409e-04,4,4,4.5,f,+4.5,-1,5,5,4.5,e,+2.5,-1
sigma-,sigma+,1,33,72722.836442,2.667481e-02,1,1,0.5,e,+0.5,-1,3,3,2.5,e,-1.5,-1
sigma-,sigma+,0,32,72722.836479,1.333742e-01,1,1,0.5,e,-0.5,-1,3,3,2.5,e,-2.5,-1
sigma-,sigma+,7,47,72732.087861,4.897125e-03,1,1,1.5,e,+1.5,-1,3,3,3.5,e,-0.5,-1
sigma-,sigma+,6,46,72732.087877,2.448561e-02,1,1,1.5,e,+0.5,-1,3,3,3.5,e,-1.5,-1
sigma-,sigma+,5,45,72732.087893,7.345676e-02,1,1,1.5,e,-0.5,-1,3,3,3.5,e,-2.5,-1
sigma-,sigma+,4,44,72732.087908,1.713990e-01,1,1,1.5,e,-1.5,-1,3,3,3.5,e,-3.5,-1
sigma-,sigma+,7,34,72737.884044,6.530342e-03,1,1,1.5,e,+1.5,-1,3,3,2.5,e,-0.5,-1
sigma-,sigma+,6,33,72737.884056,1.741429e-02,1,1,1.5,e,+0.5,-1,3,3,2.5,e,-1.5,-1
sigma-,sigma+,5,32,72737.884068,2.176792e-02,1,1,1.5,e,-0.5,-1,3,3,2.5,e,-2.5,-1
sigma-,sigma+,3,39,72749.286441,2.667480e-02,1,1,0.5,f,+0.5,+1,3,3,2.5,f,-1.5,+1
sigma-,sigma+,2,38,72749.286478,1.333741e-01,1,1,0.5,f,-0.5,+1,3,3,2.5,f,-2.5,+1
sigma-,sigma+,11,55,72758.537862,4.897123e-03,1,1,1.5,f,+1.5,+1,3,3,3.5,f,-0.5,+1
sigma-,sigma+,10,54,72758.537877,2.448560e-02,1,1,1.5,f,+0.5,+1,3,3,3.5,f,-1.5,+1
sigma-,sigma+,9,53,72758.537893,7.345675e-02,1,1,1.5,f,-0.5,+1,3,3,3.5,f,-2.5,+1
sigma-,sigma+,8,52,72758.537909,1.713990e-01,1,1,1.5,f,-1.5,+1,3,3,3.5,f,-3.5,+1
sigma-,sigma+,11,40,72764.334044,6.530355e-03,1,1,1.5,f,+1.5,+1,3,3,2.5,f,-0.5,+1
sigma-,sigma+,10,39,72764.334057,1.741432e-02,1,1,1.5,f,+0.5,+1,3,3,2.5,f,-1.5,+1
sigma-,sigma+,9,38,72764.334070,2.176796e-02,1,1,1.5,f,-0.5,+1,3,3,2.5,f,-2.5,+1
sigma-,sigma+,67,135,72803.411229,6.129151e-06,4,4,3.5,e,+3.5,+1,5,5,5.5,f,+1.5,+1
sigma-,sigma+,66,134,72803.411232,3.064578e-05,4,4,3.5,e,+2.5,+1,5,5,5.5,f,+0.5,+1
sigma-,sigma+,65,133,72803.411235,9.193742e-05,4,4,3.5,e,+1.5,+1,5,5,5.5,f,-0.5,+1
sigma-,sigma+,64,132,72803.411239,2.145208e-04,4,4,3.5,e,+0.5,+1,5,5,5.5,f,-1.5,+1
sigma-,sigma+,63,131,72803.411242,4.290420e-04,4,4,3.5,e,-0.5,+1,5,5,5.5,f,-2.5,+1
sigma-,sigma+,62,130,72803.411245,7.722763e-04,4,4,3.5,e,-1.5,+1,5,5,5.5,f,-3.5,+1
sigma-,sigma+,61,129,72803.411249,1.287128e-03,4,4,3.5,e,-2.5,+1,5,5,5.5,f,-4.5,+1
sigma-,sigma+,60,128,72803.411252,2.022632e-03,4,4,3.5,e,-3.5,+1,5,5,5.5,f,-5.5,+1
sigma-,sigma+,67,112,72806.988689,1.542206e-03,4,4,3.5,e,+3.5,+1,5,5,4.5,f,+1.5,+1
sigma-,sigma+,66,111,72806.988691,5.287565e-03,4,4,3.5,e,+2.5,+1,5,5,4.5,f,+0.5,+1
sigma-,sigma+,65,110,72806.988693,1.101576e-02,4,4,3.5,e,+1.5,+1,5,5,4.5,f,-0.5,+1
sigma-,sigma+,64,109,72806.988695,1.762522e-02,4,4,3.5,e,+0.5,+1,5,5,4.5,f,-1.5,+1
sigma-,sigma+,63,108,72806.988697,2.313310e-02,4,4,3.5,e,-0.5,+1,5,5,4.5,f,-2.5,+1
sigma-,sigma+,62,107,72806.988699,2.467532e-02,4,4,3.5,e,-1.5,+1,5,5,4.5,f,-3.5,+1
sigma-,sigma+,61,106,72806.988701,1.850649e-02,4,4,3.5,e,-2.5,+1,5,5,4.5,f,-4.5,+1
sigma-,sigma+,85,136,72807.846694,8.817360e-04,4,4,4.5,e,+4.5,+1,5,5,5.5,f,+2.5,+1
sigma-,sigma+,84,135,72807.846696,3.135061e-03,4,4,4.5,e,+3.5,+1,5,5,5.5,f,+1.5,+1
sigma-,sigma+,83,134,72807.846697,6.857944e-03,4,4,4.5,e,+2.5,+1,5,5,5.5,f,+0.5,+1
sigma-,sigma+,82,133,72807.846698,1.175647e-02,4,4,4.5,e,+1.5,+1,5,5,5.5,f,-0.5,+1
sigma-,sigma+,81,132,72807.846700,1.714485e-02,4,4,4.5,e,+0.5,+1,5,5,5.5,f,-1.5,+1
sigma-,sigma+,80,131,72807.846701,2.194541e-02,4,4,4.5,e,-0.5,+1,5,5,5.5,f,-2.5,+1
sigma-,sigma+,79,130,72807.846702,2.468858e-02,4,4,4.5,e,-1.5,+1,5,5,5.5,f,-3.5,+1
sigma-,sigma+,78,129,72807.846704,2.351293e-02,4,4,4.5,e,-2.5,+1,5,5,5.5,f,-4.5,+1
sigma-,sigma+,77,128,72807.846705,1.616513e-02,4,4,4.5,e,-3.5,+1,5,5,5.5,f,-5.5,+1
sigma-,sigma+,78,106,72811.424155,3.305429e-04,4,4,4.5,e,-2.5,+1,5,5,4.5,f,-4.5,+1
sigma-,sigma+,79,107,72811.424155,7.712661e-04,4,4,4.5,e,-1.5,+1,5,5,4.5,f,-3.5,+1
sigma-,sigma+,80,108,72811.424156,1.156898e-03,4,4,4.5,e,-0.5,+1,5,5,4.5,f,-2.5,+1
sigma-,sigma+,81,109,72811.424156,1.377259e-03,4,4,4.5,e,+0.5,+1,5,5,4.5,f,-1.5,+1
sigma-,sigma+,82,110,72811.424156,1.377258e-03,4,4,4.5,e,+1.5,+1,5,5,4.5,f,-0.5,+1
sigma-,sigma+,83,111,72811.424156,1.156895e-03,4,4,4.5,e,+2.5,+1,5,5,4.5,f,+0.5,+1
sigma-,sigma+,84,112,72811.424156,7.712630e-04,4,4,4.5,e,+3.5,+1,5,5,4.5,f,+1.5,+1
sigma-,sigma+,85,113,72811.424156,3.305410e-04,4,4,4.5,e,+4.5,+1,5,5,4.5,f,+2.5,+1
sigma-,sigma+,15,63,101818.187990,6.122969e-03,2,2,1.5,e,+1.5,+1,4,4,3.5,e,-0.5,+1
sigma-,sigma+,14,62,101818.188000,3.061486e-02,2,2,1.5,e,+0.5,+1,4,4,3.5,e,-1.5,+1
sigma-,sigma+,13,61,101818.188010,9.184460e-02,2,2,1.5,e,-0.5,+1,4,4,3.5,e,-2.5,+1
sigma-,sigma+,12,60,101818.188019,2.143041e-01,2,2,1.5,e,-1.5,+1,4,4,3.5,e,-3.5,+1
sigma-,sigma+,25,81,101822.082195,1.889532e-03,2,2,2.5,e,+2.5,+1,4,4,4.5,e,+0.5,+1
sigma-,sigma+,24,80,101822.082200,9.447657e-03,2,2,2.5,e,+1.5,+1,4,4,4.5,e,-0.5,+1
sigma-,sigma+,23,79,101822.082205,2.834296e-02,2,2,2.5,e,+0.5,+1,4,4,4.5,e,-1.5,+1
sigma-,sigma+,22,78,101822.082211,6.613355e-02,2,2,2.5,e,-0.5,+1,4,4,4.5,e,-2.5,+1
sigma-,sigma+,21,77,101822.082216,1.322671e-01,2,2,2.5,e,-1.5,+1,4,4,4.5,e,-3.5,+1
sigma-,sigma+,20,76,101822.082221,2.380806e-01,2,2,2.5,e,-2.5,+1,4,4,4.5,e,-4.5,+1
sigma-,sigma+,25,64,101826.517656,1.511696e-03,2,2,2.5,e,+2.5,+1,4,4,3.5,e,+0.5,+1
sigma-,sigma+,24,63,101826.517659,4.837433e-03,2,2,2.5,e,+1.5,+1,4,4,3.5,e,-0.5,+1
sigma-,sigma+,23,62,101826.517662,9.070199e-03,2,2,2.5,e,+0.5,+1,4,4,3.5,e,-1.5,+1
sigma-,sigma+,22,61,101826.517666,1.209361e-02,2,2,2.5,e,-0.5,+1,4,4,3.5,e,-2.5,+1
sigma-,sigma+,21,60,101826.517669,1.058192e-02,2,2,2.5,e,-1.5,+1,4,4,3.5,e,-3.5,+1
sigma-,sigma+,19,71,101855.217991,6.122969e-03,2,2,1.5,f,+1.5,-1,4,4,3.5,f,-0.5,-1
sigma-,sigma+,18,70,101855.218001,3.061485e-02,2,2,1.5,f,+0.5,-1,4,4,3.5,f,-1.5,-1
sigma-,sigma+,17,69,101855.218011,9.184459e-02,2,2,1.5,f,-0.5,-1,4,4,3.5,f,-2.5,-1
sigma-,sigma+,16,68,101855.218020,2.143041e-01,2,2,1.5,f,-1.5,-1,4,4,3.5,f,-3.5,-1
sigma-,sigma+,31,91,101859.112196,1.889532e-03,2,2,2.5,f,+2.5,-1,4,4,4.5,f,+0.5,-1
sigma-,sigma+,30,90,101859.112201,9.447656e-03,2,2,2.5,f,+1.5,-1,4,4,4.5,f,-0.5,-1
sigma-,sigma+,29,89,101859.112206,2.834296e-02,2,2,2.5,f,+0.5,-1,4,4,4.5,f,-1.5,-1
sigma-,sigma+,28,88,101859.112212,6.613355e-02,2,2,2.5,f,-0.5,-1,4,4,4.5,f,-2.5,-1
sigma-,sigma+,27,87,101859.112217,1.322671e-01,2,2,2.5,f,-1.5,-1,4,4,4.5,f,-3.5,-1
sigma-,sigma+,26,86,101859.112222,2.380806e-01,2,2,2.5,f,-2.5,-1,4,4,4.5,f,-4.5,-1
sigma-,sigma+,31,72,101863.547657,1.511699e-03,2,2,2.5,f,+2.5,-1,4,4,3.5,f,+0.5,-1
sigma-,sigma+,30,71,101863.547660,4.837444e-03,2,2,2.5,f,+1.5,-1,4,4,3.5,f,-0.5,-1
sigma-,sigma+,29,70,101863.547663,9.070217e-03,2,2,2.5,f,+0.5,-1,4,4,3.5,f,-1.5,-1
sigma-,sigma+,28,69,101863.547667,1.209364e-02,2,2,2.5,f,-0.5,-1,4,4,3.5,f,-2.5,-1
sigma-,sigma+,27,68,101863.547670,1.058195e-02,2,2,2.5,f,-1.5,-1,4,4,3.5,f,-3.5,-1
sigma-,sigma+,37,101,130909.873125,2.040889e-03,3,3,2.5,e,+2.5,-1,5,5,4.5,e,+0.5,-1
sigma-,sigma+,36,100,130909.873129,1.020445e-02,3,3,2.5,e,+1.5,-1,5,5,4.5,e,-0.5,-1
sigma-,sigma+,35,99,130909.873133,3.061335e-02,3,3,2.5,e,+0.5,-1,5,5,4.5,e,-1.5,-1
sigma-,sigma+,34,98,130909.873137,7.143116e-02,3,3,2.5,e,-0.5,-1,5,5,4.5,e,-2.5,-1
sigma-,sigma+,33,97,130909.873141,1.428624e-01,3,3,2.5,e,-1.5,-1,5,5,4.5,e,-3.5,-1
sigma-,sigma+,32,96,130909.873145,2.571523e-01,3,3,2.5,e,-2.5,-1,5,5,4.5,e,-4.5,-1
sigma-,sigma+,51,123,130912.091856,8.264238e-04,3,3,3.5,e,+3.5,-1,5,5,5.5,e,+1.5,-1
sigma-,sigma+,50,122,130912.091858,4.132118e-03,3,3,3.5,e,+2.5,-1,5,5,5.5,e,+0.5,-1
sigma-,sigma+,49,121,130912.091860,1.239635e-02,3,3,3.5,e,+1.5,-1,5,5,5.5,e,-0.5,-1
sigma-,sigma+,48,120,130912.091863,2.892481e-02,3,3,3.5,e,+0.5,-1,5,5,5.5,e,-1.5,-1
sigma-,sigma+,47,119,130912.091865,5.784962e-02,3,3,3.5,e,-0.5,-1,5,5,5.5,e,-2.5,-1
sigma-,sigma+,46,118,130912.091867,1.041293e-01,3,3,3.5,e,-1.5,-1,5,5,5.5,e,-3.5,-1
sigma-,sigma+,45,117,130912.091870,1.735488e-01,3,3,3.5,e,-2.5,-1,5,5,5.5,e,-4.5,-1
sigma-,sigma+,44,116,130912.091872,2.727194e-01,3,3,3.5,e,-3.5,-1,5,5,5.5,e,-5.5,-1
sigma-,sigma+,11,63,130914.828486,1.368020e-10,1,1,1.5,f,+1.5,+1,4,4,3.5,e,-0.5,+1
sigma-,sigma+,10,62,130914.828500,6.840118e-10,1,1,1.5,f,+0.5,+1,4,4,3.5,e,-1.5,+1
sigma-,sigma+,9,61,130914.828515,2.052041e-09,1,1,1.5,f,-0.5,+1,4,4,3.5,e,-2.5,+1
sigma-,sigma+,8,60,130914.828530,4.788109e-09,1,1,1.5,f,-1.5,+1,4,4,3.5,e,-3.5,+1
sigma-,sigma+,51,102,130915.669316,4.722515e-04,3,3,3.5,e,+3.5,-1,5,5,4.5,e,+1.5,-1
sigma-,sigma+,50,101,130915.669317,1.619149e-03,3,3,3.5,e,+2.5,-1,5,5,4.5,e,+0.5,-1
sigma-,sigma+,49,100,130915.669317,3.373231e-03,3,3,3.5,e,+1.5,-1,5,5,4.5,e,-0.5,-1
sigma-,sigma+,48,99,130915.669318,5.397173e-03,3,3,3.5,e,+0.5,-1,5,5,4.5,e,-1.5,-1
sigma-,sigma+,47,98,130915.669319,7.083796e-03,3,3,3.5,e,-0.5,-1,5,5,4.5,e,-2.5,-1
sigma-,sigma+,46,97,130915.669320,7.556055e-03,3,3,3.5,e,-1.5,-1,5,5,4.5,e,-3.5,-1
sigma-,sigma+,45,96,130915.669321,5.667046e-03,3,3,3.5,e,-2.5,-1,5,5,4.5,e,-4.5,-1
sigma-,sigma+,43,111,130957.483126,2.040889e-03,3,3,2.5,f,+2.5,+1,5,5,4.5,f,+0.5,+1
sigma-,sigma+,42,110,130957.483130,1.020445e-02,3,3,2.5,f,+1.5,+1,5,5,4.5,f,-0.5,+1
sigma-,sigma+,41,109,130957.483134,3.061335e-02,3,3,2.5,f,+0.5,+1,5,5,4.5,f,-1.5,+1
sigma-,sigma+,40,108,130957.483138,7.143116e-02,3,3,2.5,f,-0.5,+1,5,5,4.5,f,-2.5,+1
sigma-,sigma+,39,107,130957.483142,1.428623e-01,3,3,2.5,f,-1.5,+1,5,5,4.5,f,-3.5,+1
sigma-,sigma+,38,106,130957.483146,2.571523e-01,3,3,2.5,f,-2.5,+1,5,5,4.5,f,-4.5,+1
sigma-,sigma+,59,135,130959.701857,8.264237e-04,3,3,3.5,f,+3.5,+1,5,5,5.5,f,+1.5,+1
sigma-,sigma+,58,134,130959.701859,4.132118e-03,3,3,3.5,f,+2.5,+1,5,5,5.5,f,+0.5,+1
sigma-,sigma+,57,133,130959.701861,1.239635e-02,3,3,3.5,f,+1.5,+1,5,5,5.5,f,-0.5,+1
sigma-,sigma+,56,132,130959.701864,2.892481e-02,3,3,3.5,f,+0.5,+1,5,5,5.5,f,-1.5,+1
sigma-,sigma+,55,131,130959.701866,5.784961e-02,3,3,3.5,f,-0.5,+1,5,5,5.5,f,-2.5,+1
sigma-,sigma+,54,130,130959.701868,1.041293e-01,3,3,3.5,f,-1.5,+1,5,5,5.5,f,-3.5,+1
sigma-,sigma+,53,129,130959.701871,1.735488e-01,3,3,3.5,f,-2.5,+1,5,5,5.5,f,-4.5,+1
sigma-,sigma+,52,128,130959.701873,2.727194e-01,3,3,3.5,f,-3.5,+1,5,5,5.5,f,-5.5,+1
sigma-,sigma+,59,112,130963.279316,4.722526e-04,3,3,3.5,f,+3.5,+1,5,5,4.5,f,+1.5,+1
sigma-,sigma+,58,111,130963.279317,1.619153e-03,3,3,3.5,f,+2.5,+1,5,5,4.5,f,+0.5,+1
sigma-,sigma+,57,110,130963.279318,3.373238e-03,3,3,3.5,f,+1.5,+1,5,5,4.5,f,-0.5,+1
sigma-,sigma+,56,109,130963.279320,5.397185e-03,3,3,3.5,f,+0.5,+1,5,5,4.5,f,-1.5,+1
sigma-,sigma+,55,108,130963.279321,7.083811e-03,3,3,3.5,f,-0.5,+1,5,5,4.5,f,-2.5,+1
sigma-,sigma+,54,107,130963.279322,7.556070e-03,3,3,3.5,f,-1.5,+1,5,5,4.5,f,-3.5,+1
sigma-,sigma+,53,106,130963.279323,5.667057e-03,3,3,3.5,f,-2.5,+1,5,5,4.5,f,-4.5,+1
sigma-,sigma+,7,71,130973.018481,1.368021e-10,1,1,1.5,e,+1.5,-1,4,4,3.5,f,-0.5,-1
sigma-,sigma+,6,70,130973.018497,6.840126e-10,1,1,1.5,e,+0.5,-1,4,4,3.5,f,-1.5,-1
sigma-,sigma+,5,69,130973.018513,2.052044e-09,1,1,1.5,e,-0.5,-1,4,4,3.5,f,-2.5,-1
sigma-,sigma+,4,68,130973.018529,4.788115e-09,1,1,1.5,e,-1.5,-1,4,4,3.5,f,-3.5,-1
sigma-,sigma+,31,101,174538.286365,1.538074e-11,2,2,2.5,f,+2.5,-1,5,5,4.5,e,+0.5,-1
sigma-,sigma+,30,100,174538.286369,7.690383e-11,2,2,2.5,f,+1.5,-1,5,5,4.5,e,-0.5,-1
sigma-,sigma+,29,99,174538.286373,2.307118e-10,2,2,2.5,f,+0.5,-1,5,5,4.5,e,-1.5,-1
sigma-,sigma+,28,98,174538.286377,5.383283e-10,2,2,2.5,f,-0.5,-1,5,5,4.5,e,-2.5,-1
sigma-,sigma+,27,97,174538.286381,1.076658e-09,2,2,2.5,f,-1.5,-1,5,5,4.5,e,-3.5,-1
sigma-,sigma+,26,96,174538.286385,1.937987e-09,2,2,2.5,f,-2.5,-1,5,5,4.5,e,-4.5,-1
sigma-,sigma+,25,111,174633.506359,1.538076e-11,2,2,2.5,e,+2.5,+1,5,5,4.5,f,+0.5,+1
sigma-,sigma+,24,110,174633.506364,7.690390e-11,2,2,2.5,e,+1.5,+1,5,5,4.5,f,-0.5,+1
sigma-,sigma+,23,109,174633.506369,2.307120e-10,2,2,2.5,e,+0.5,+1,5,5,4.5,f,-1.5,+1
sigma-,sigma+,22,108,174633.506374,5.383288e-10,2,2,2.5,e,-0.5,+1,5,5,4.5,f,-2.5,+1
sigma-,sigma+,21,107,174633.506379,1.076659e-09,2,2,2.5,e,-1.5,+1,5,5,4.5,f,-3.5,+1
sigma-,sigma+,20,106,174633.506384,1.937989e-09,2,2,2.5,e,-2.5,+1,5,5,4.5,f,-4.5,+1
sigma+,sigma+,108,20,-174633.506392,5.383315e-11,5,5,4.5,f,-2.5,+1,2,2,2.5,e,-2.5,+1
sigma+,sigma+,109,21,-174633.506387,1.153566e-10,5,5,4.5,f,-1.5,+1,2,2,2.5,e,-1.5,+1
sigma+,sigma+,110,22,-174633.506382,1.538086e-10,5,5,4.5,f,-0.5,+1,2,2,2.5,e,-0.5,+1
sigma+,sigma+,111,23,-174633.506377,1.538084e-10,5,5,4.5,f,+0.5,+1,2,2,2.5,e,+0.5,+1
sigma+,sigma+,112,24,-174633.506372,1.153561e-10,5,5,4.5,f,+1.5,+1,2,2,2.5,e,+1.5,+1
sigma+,sigma+,113,25,-174633.506366,5.383278e-11,5,5,4.5,f,+2.5,+1,2,2,2.5,e,+2.5,+1
sigma+,sigma+,98,26,-174538.286394,5.383310e-11,5,5,4.5,e,-2.5,-1,2,2,2.5,f,-2.5,-1
sigma+,sigma+,99,27,-174538.286390,1.153565e-10,5,5,4.5,e,-1.5,-1,2,2,2.5,f,-1.5,-1
sigma+,sigma+,100,28,-174538.286386,1.538084e-10,5,5,4.5,e,-0.5,-1,2,2,2.5,f,-0.5,-1
sigma+,sigma+,101,29,-174538.286382,1.538082e-10,5,5,4.5,e,+0.5,-1,2,2,2.5,f,+0.5,-1
sigma+,sigma+,102,30,-174538.286378,1.153560e-10,5,5,4.5,e,+1.5,-1,2,2,2.5,f,+1.5,-1
sigma+,sigma+,103,31,-174538.286374,5.383273e-11,5,5,4.5,e,+2.5,-1,2,2,2.5,f,+2.5,-1
sigma+,sigma+,70,4,-130973.018539,2.280061e-10,4,4,3.5,f,-1.5,-1,1,1,1.5,e,-1.5,-1
sigma+,sigma+,71,5,-130973.018523,4.104099e-10,4,4,3.5,f,-0.5,-1,1,1,1.5,e,-0.5,-1
sigma+,sigma+,72,6,-130973.018508,4.104087e-10,4,4,3.5,f,+0.5,-1,1,1,1.5,e,+0.5,-1
sigma+,sigma+,73,7,-130973.018492,2.280042e-10,4,4,3.5,f,+1.5,-1,1,1,1.5,e,+1.5,-1
sigma+,sigma+,107,52,-130963.279331,1.101929e-03,5,5,4.5,f,-3.5,+1,3,3,3.5,f,-3.5,+1
sigma+,sigma+,108,53,-130963.279330,9.838649e-04,5,5,4.5,f,-2.5,+1,3,3,3.5,f,-2.5,+1
sigma+,sigma+,109,54,-130963.279329,4.553888e-04,5,5,4.5,f,-1.5,+1,3,3,3.5,f,-1.5,+1
sigma+,sigma+,110,55,-130963.279328,5.622096e-05,5,5,4.5,f,-0.5,+1,3,3,3.5,f,-0.5,+1
sigma+,sigma+,111,56,-130963.279327,5.622042e-05,5,5,4.5,f,+0.5,+1,3,3,3.5,f,+0.5,+1
sigma+,sigma+,112,57,-130963.279326,4.553864e-04,5,5,4.5,f,+1.5,+1,3,3,3.5,f,+1.5,+1
sigma+,sigma+,113,58,-130963.279325,9.838593e-04,5,5,4.5,f,+2.5,+1,3,3,3.5,f,+2.5,+1
sigma+,sigma+,114,59,-130963.279324,1.101922e-03,5,5,4.5,f,+3.5,+1,3,3,3.5,f,+3.5,+1
sigma+,sigma+,130,52,-130959.701878,4.958531e-03,5,5,5.5,f,-3.5,+1,3,3,3.5,f,-3.5,+1
sigma+,sigma+,131,53,-130959.701876,1.156991e-02,5,5,5.5,f,-2.5,+1,3,3,3.5,f,-2.5,+1
sigma+,sigma+,132,54,-130959.701874,1.735487e-02,5,5,5.5,f,-1.5,+1,3,3,3.5,f,-1.5,+1
sigma+,sigma+,133,55,-130959.701871,2.066056e-02,5,5,5.5,f,-0.5,+1,3,3,3.5,f,-0.5,+1
sigma+,sigma+,134,56,-130959.701869,2.066056e-02,5,5,5.5,f,+0.5,+1,3,3,3.5,f,+0.5,+1
sigma+,sigma+,135,57,-130959.701867,1.735488e-02,5,5,5.5,f,+1.5,+1,3,3,3.5,f,+1.5,+1
sigma+,sigma+,136,58,-130959.701864,1.156992e-02,5,5,5.5,f,+2.5,+1,3,3,3.5,f,+2.5,+1
sigma+,sigma+,137,59,-130959.701862,4.958539e-03,5,5,5.5,f,+3.5,+1,3,3,3.5,f,+3.5,+1
sigma+,sigma+,108,38,-130957.483154,7.143123e-03,5,5,4.5,f,-2.5,+1,3,3,2.5,f,-2.5,+1
sigma+,sigma+,109,39,-130957.483150,1.530669e-02,5,5,4.5,f,-1.5,+1,3,3,2.5,f,-1.5,+1
sigma+,sigma+,110,40,-130957.483146,2.040892e-02,5,5,4.5,f,-0.5,+1,3,3,2.5,f,-0.5,+1
sigma+,sigma+,111,41,-130957.483142,2.040891e-02,5,5,4.5,f,+0.5,+1,3,3,2.5,f,+0.5,+1
sigma+,sigma+,112,42,-130957.483138,1.530668e-02,5,5,4.5,f,+1.5,+1,3,3,2.5,f,+1.5,+1
sigma+,sigma+,113,43,-130957.483134,7.143117e-03,5,5,4.5,f,+2.5,+1,3,3,2.5,f,+2.5,+1
sigma+,sigma+,97,44,-130915.669331,1.101927e-03,5,5,4.5,e,-3.5,-1,3,3,3.5,e,-3.5,-1
sigma+,sigma+,98,45,-130915.669330,9.838632e-04,5,5,4.5,e,-2.5,-1,3,3,3.5,e,-2.5,-1
sigma+,sigma+,99,46,-130915.669329,4.553881e-04,5,5,4.5,e,-1.5,-1,3,3,3.5,e,-1.5,-1
sigma+,sigma+,100,47,-130915.669328,5.622092e-05,5,5,4.5,e,-0.5,-1,3,3,3.5,e,-0.5,-1
sigma+,sigma+,101,48,-130915.669327,5.622024e-05,5,5,4.5,e,+0.5,-1,3,3,3.5,e,+0.5,-1
sigma+,sigma+,102,49,-130915.669327,4.553853e-04,5,5,4.5,e,+1.5,-1,3,3,3.5,e,+1.5,-1
sigma+,sigma+,103,50,-130915.669326,9.838571e-04,5,5,4.5,e,+2.5,-1,3,3,3.5,e,+2.5,-1
sigma+,sigma+,104,51,-130915.669325,1.101919e-03,5,5,4.5,e,+3.5,-1,3,3,3.5,e,+3.5,-1
sigma+,sigma+,62,8,-130914.828542,2.280059e-10,4,4,3.5,e,-1.5,+1,1,1,1.5,f,-1.5,+1
sigma+,sigma+,63,9,-130914.828527,4.104094e-10,4,4,3.5,e,-0.5,+1,1,1,1.5,f,-0.5,+1
sigma+,sigma+,64,10,-130914.828512,4.104082e-10,4,4,3.5,e,+0.5,+1,1,1,1.5,f,+0.5,+1
sigma+,sigma+,65,11,-130914.828498,2.280039e-10,4,4,3.5,e,+1.5,+1,1,1,1.5,f,+1.5,+1
sigma+,sigma+,118,44,-130912.091878,4.958531e-03,5,5,5.5,e,-3.5,-1,3,3,3.5,e,-3.5,-1
sigma+,sigma+,119,45,-130912.091876,1.156991e-02,5,5,5.5,e,-2.5,-1,3,3,3.5,e,-2.5,-1
sigma+,sigma+,120,46,-130912.091874,1.735487e-02,5,5,5.5,e,-1.5,-1,3,3,3.5,e,-1.5,-1
sigma+,sigma+,121,47,-130912.091871,2.066056e-02,5,5,5.5,e,-0.5,-1,3,3,3.5,e,-0.5,-1
sigma+,sigma+,122,48,-130912.091869,2.066057e-02,5,5,5.5,e,+0.5,-1,3,3,3.5,e,+0.5,-1
sigma+,sigma+,123,49,-130912.091867,1.735488e-02,5,5,5.5,e,+1.5,-1,3,3,3.5,e,+1.5,-1
sigma+,sigma+,124,50,-130912.091864,1.156992e-02,5,5,5.5,e,+2.5,-1,3,3,3.5,e,+2.5,-1
sigma+,sigma+,125,51,-130912.091862,4.958539e-03,5,5,5.5,e,+3.5,-1,3,3,3.5,e,+3.5,-1
sigma+,sigma+,98,32,-130909.873154,7.143124e-03,5,5,4.5,e,-2.5,-1,3,3,2.5,e,-2.5,-1
sigma+,sigma+,99,33,-130909.873150,1.530669e-02,5,5,4.5,e,-1.5,-1,3,3,2.5,e,-1.5,-1
sigma+,sigma+,100,34,-130909.873146,2.040892e-02,5,5,4.5,e,-0.5,-1,3,3,2.5,e,-0.5,-1
sigma+,sigma+,101,35,-130909.873142,2.040891e-02,5,5,4.5,e,+0.5,-1,3,3,2.5,e,+0.5,-1
sigma+,sigma+,102,36,-130909.873138,1.530668e-02,5,5,4.5,e,+1.5,-1,3,3,2.5,e,+1.5,-1
sigma+,sigma+,103,37,-130909.873134,7.143117e-03,5,5,4.5,e,+2.5,-1,3,3,2.5,e,+2.5,-1
sigma+,sigma+,69,26,-101863.547684,1.889634e-03,4,4,3.5,f,-2.5,-1,2,2,2.5,f,-2.5,-1
sigma+,sigma+,70,27,-101863.547681,1.133779e-03,4,4,3.5,f,-1.5,-1,2,2,2.5,f,-1.5,-1
sigma+,sigma+,71,28,-101863.547677,1.511703e-04,4,4,3.5,f,-0.5,-1,2,2,2.5,f,-0.5,-1
sigma+,sigma+,72,29,-101863.547674,1.511702e-04,4,4,3.5,f,+0.5,-1,2,2,2.5,f,+0.5,-1
sigma+,sigma+,73,30,-101863.547671,1.133775e-03,4,4,3.5,f,+1.5,-1,2,2,2.5,f,+1.5,-1
sigma+,sigma+,74,31,-101863.547667,1.889623e-03,4,4,3.5,f,+2.5,-1,2,2,2.5,f,+2.5,-1
sigma+,sigma+,88,26,-101859.112229,6.613345e-03,4,4,4.5,f,-2.5,-1,2,2,2.5,f,-2.5,-1
sigma+,sigma+,89,27,-101859.112224,1.417146e-02,4,4,4.5,f,-1.5,-1,2,2,2.5,f,-1.5,-1
sigma+,sigma+,90,28,-101859.112218,1.889528e-02,4,4,4.5,f,-0.5,-1,2,2,2.5,f,-0.5,-1
sigma+,sigma+,91,29,-101859.112213,1.889529e-02,4,4,4.5,f,+0.5,-1,2,2,2.5,f,+0.5,-1
sigma+,sigma+,92,30,-101859.112208,1.417147e-02,4,4,4.5,f,+1.5,-1,2,2,2.5,f,+1.5,-1
sigma+,sigma+,93,31,-101859.112203,6.613356e-03,4,4,4.5,f,+2.5,-1,2,2,2.5,f,+2.5,-1
sigma+,sigma+,70,16,-101855.218031,1.020497e-02,4,4,3.5,f,-1.5,-1,2,2,1.5,f,-1.5,-1
sigma+,sigma+,71,17,-101855.218021,1.836893e-02,4,4,3.5,f,-0.5,-1,2,2,1.5,f,-0.5,-1
sigma+,sigma+,72,18,-101855.218011,1.836893e-02,4,4,3.5,f,+0.5,-1,2,2,1.5,f,+0.5,-1
sigma+,sigma+,73,19,-101855.218002,1.020496e-02,4,4,3.5,f,+1.5,-1,2,2,1.5,f,+1.5,-1
sigma+,sigma+,61,20,-101826.517684,1.889630e-03,4,4,3.5,e,-2.5,+1,2,2,2.5,e,-2.5,+1
sigma+,sigma+,62,21,-101826.517681,1.133777e-03,4,4,3.5,e,-1.5,+1,2,2,2.5,e,-1.5,+1
sigma+,sigma+,63,22,-101826.517677,1.511701e-04,4,4,3.5,e,-0.5,+1,2,2,2.5,e,-0.5,+1
sigma+,sigma+,64,23,-101826.517674,1.511698e-04,4,4,3.5,e,+0.5,+1,2,2,2.5,e,+0.5,+1
sigma+,sigma+,65,24,-101826.517671,1.133772e-03,4,4,3.5,e,+1.5,+1,2,2,2.5,e,+1.5,+1
sigma+,sigma+,66,25,-101826.517668,1.889618e-03,4,4,3.5,e,+2.5,+1,2,2,2.5,e,+2.5,+1
sigma+,sigma+,78,20,-101822.082229,6.613345e-03,4,4,4.5,e,-2.5,+1,2,2,2.5,e,-2.5,+1
sigma+,sigma+,79,21,-101822.082224,1.417146e-02,4,4,4.5,e,-1.5,+1,2,2,2.5,e,-1.5,+1
sigma+,sigma+,80,22,-101822.082218,1.889528e-02,4,4,4.5,e,-0.5,+1,2,2,2.5,e,-0.5,+1
sigma+,sigma+,81,23,-101822.082213,1.889529e-02,4,4,4.5,e,+0.5,+1,2,2,2.5,e,+0.5,+1
sigma+,sigma+,82,24,-101822.082208,1.417147e-02,4,4,4.5,e,+1.5,+1,2,2,2.5,e,+1.5,+1
sigma+,sigma+,83,25,-101822.082203,6.613357e-03,4,4,4.5,e,+2.5,+1,2,2,2.5,e,+2.5,+1
sigma+,sigma+,62,12,-101818.188031,1.020497e-02,4,4,3.5,e,-1.5,+1,2,2,1.5,e,-1.5,+1
sigma+,sigma+,63,13,-101818.188022,1.836894e-02,4,4,3.5,e,-0.5,+1,2,2,1.5,e,-0.5,+1
sigma+,sigma+,64,14,-101818.188012,1.836893e-02,4,4,3.5,e,+0.5,+1,2,2,1.5,e,+0.5,+1
sigma+,sigma+,65,15,-101818.188002,1.020496e-02,4,4,3.5,e,+1.5,+1,2,2,1.5,e,+1.5,+1
sigma+,sigma+,115,85,-72811.424163,3.305408e-04,5,5,4.5,f,+4.5,+1,4,4,4.5,e,+4.5,+1
sigma+,sigma+,114,84,-72811.424163,3.672678e-05,5,5,4.5,f,+3.5,+1,4,4,4.5,e,+3.5,+1
sigma+,sigma+,113,83,-72811.424163,9.181706e-06,5,5,4.5,f,+2.5,+1,4,4,4.5,e,+2.5,+1
sigma+,sigma+,112,82,-72811.424163,8.263540e-05,5,5,4.5,f,+1.5,+1,4,4,4.5,e,+1.5,+1
sigma+,sigma+,111,81,-72811.424163,1.469075e-04,5,5,4.5,f,+0.5,+1,4,4,4.5,e,+0.5,+1
sigma+,sigma+,110,80,-72811.424163,1.469076e-04,5,5,4.5,f,-0.5,+1,4,4,4.5,e,-0.5,+1
sigma+,sigma+,109,79,-72811.424163,8.263559e-05,5,5,4.5,f,-1.5,+1,4,4,4.5,e,-1.5,+1
sigma+,sigma+,108,78,-72811.424163,9.181737e-06,5,5,4.5,f,-2.5,+1,4,4,4.5,e,-2.5,+1
sigma+,sigma+,107,77,-72811.424163,3.672700e-05,5,5,4.5,f,-3.5,+1,4,4,4.5,e,-3.5,+1
sigma+,sigma+,106,76,-72811.424163,3.305432e-04,5,5,4.5,f,-4.5,+1,4,4,4.5,e,-4.5,+1
sigma+,sigma+,129,76,-72807.846711,3.306505e-03,5,5,5.5,f,-4.5,+1,4,4,4.5,e,-4.5,+1
sigma+,sigma+,130,77,-72807.846710,3.600418e-03,5,5,5.5,f,-3.5,+1,4,4,4.5,e,-3.5,+1
sigma+,sigma+,131,78,-72807.846709,2.449265e-03,5,5,5.5,f,-2.5,+1,4,4,4.5,e,-2.5,+1
sigma+,sigma+,132,79,-72807.846708,1.028692e-03,5,5,5.5,f,-1.5,+1,4,4,4.5,e,-1.5,+1
sigma+,sigma+,133,80,-72807.846706,1.224637e-04,5,5,5.5,f,-0.5,+1,4,4,4.5,e,-0.5,+1
sigma+,sigma+,134,81,-72807.846705,1.224626e-04,5,5,5.5,f,+0.5,+1,4,4,4.5,e,+0.5,+1
sigma+,sigma+,135,82,-72807.846704,1.028690e-03,5,5,5.5,f,+1.5,+1,4,4,4.5,e,+1.5,+1
sigma+,sigma+,136,83,-72807.846702,2.449263e-03,5,5,5.5,f,+2.5,+1,4,4,4.5,e,+2.5,+1
sigma+,sigma+,137,84,-72807.846701,3.600418e-03,5,5,5.5,f,+3.5,+1,4,4,4.5,e,+3.5,+1
sigma+,sigma+,138,85,-72807.846700,3.306507e-03,5,5,5.5,f,+4.5,+1,4,4,4.5,e,+4.5,+1
sigma+,sigma+,107,60,-72806.988710,3.598484e-03,5,5,4.5,f,-3.5,+1,4,4,3.5,e,-3.5,+1
sigma+,sigma+,108,61,-72806.988708,3.212931e-03,5,5,4.5,f,-2.5,+1,4,4,3.5,e,-2.5,+1
sigma+,sigma+,109,62,-72806.988706,1.487127e-03,5,5,4.5,f,-1.5,+1,4,4,3.5,e,-1.5,+1
sigma+,sigma+,110,63,-72806.988704,1.835954e-04,5,5,4.5,f,-0.5,+1,4,4,3.5,e,-0.5,+1
sigma+,sigma+,111,64,-72806.988703,1.835968e-04,5,5,4.5,f,+0.5,+1,4,4,3.5,e,+0.5,+1
sigma+,sigma+,112,65,-72806.988701,1.487130e-03,5,5,4.5,f,+1.5,+1,4,4,3.5,e,+1.5,+1
sigma+,sigma+,113,66,-72806.988699,3.212933e-03,5,5,4.5,f,+2.5,+1,4,4,3.5,e,+2.5,+1
sigma+,sigma+,114,67,-72806.988697,3.598484e-03,5,5,4.5,f,+3.5,+1,4,4,3.5,e,+3.5,+1
sigma+,sigma+,130,60,-72803.411257,3.677511e-05,5,5,5.5,f,-3.5,+1,4,4,3.5,e,-3.5,+1
sigma+,sigma+,131,61,-72803.411254,8.580851e-05,5,5,5.5,f,-2.5,+1,4,4,3.5,e,-2.5,+1
sigma+,sigma+,132,62,-72803.411251,1.287126e-04,5,5,5.5,f,-1.5,+1,4,4,3.5,e,-1.5,+1
sigma+,sigma+,133,63,-72803.411247,1.532292e-04,5,5,5.5,f,-0.5,+1,4,4,3.5,e,-0.5,+1
sigma+,sigma+,134,64,-72803.411244,1.532291e-04,5,5,5.5,f,+0.5,+1,4,4,3.5,e,+0.5,+1
sigma+,sigma+,135,65,-72803.411241,1.287123e-04,5,5,5.5,f,+1.5,+1,4,4,3.5,e,+1.5,+1
sigma+,sigma+,136,66,-72803.411237,8.580813e-05,5,5,5.5,f,+2.5,+1,4,4,3.5,e,+2.5,+1
sigma+,sigma+,137,67,-72803.411234,3.677488e-05,5,5,5.5,f,+3.5,+1,4,4,3.5,e,+3.5,+1
sigma+,sigma+,39,8,-72764.334098,3.265191e-03,3,3,2.5,f,-1.5,+1,1,1,1.5,f,-1.5,+1
sigma+,sigma+,40,9,-72764.334085,5.441959e-04,3,3,2.5,f,-0.5,+1,1,1,1.5,f,-0.5,+1
sigma+,sigma+,41,10,-72764.334073,5.441983e-04,3,3,2.5,f,+0.5,+1,1,1,1.5,f,+0.5,+1
sigma+,sigma+,42,11,-72764.334060,3.265174e-03,3,3,2.5,f,+1.5,+1,1,1,1.5,f,+1.5,+1
sigma+,sigma+,54,8,-72758.537919,8.161847e-03,3,3,3.5,f,-1.5,+1,1,1,1.5,f,-1.5,+1
sigma+,sigma+,55,9,-72758.537903,1.469133e-02,3,3,3.5,f,-0.5,+1,1,1,1.5,f,-0.5,+1
sigma+,sigma+,56,10,-72758.537887,1.469134e-02,3,3,3.5,f,+0.5,+1,1,1,1.5,f,+0.5,+1
sigma+,sigma+,57,11,-72758.537872,8.161864e-03,3,3,3.5,f,+1.5,+1,1,1,1.5,f,+1.5,+1
sigma+,sigma+,40,2,-72749.286494,1.333743e-02,3,3,2.5,f,-0.5,+1,1,1,0.5,f,-0.5,+1
sigma+,sigma+,41,3,-72749.286457,1.333742e-02,3,3,2.5,f,+0.5,+1,1,1,0.5,f,+0.5,+1
sigma+,sigma+,33,4,-72737.884098,3.265185e-03,3,3,2.5,e,-1.5,-1,1,1,1.5,e,-1.5,-1
sigma+,sigma+,34,5,-72737.884086,5.441950e-04,3,3,2.5,e,-0.5,-1,1,1,1.5,e,-0.5,-1
sigma+,sigma+,35,6,-72737.884073,5.441971e-04,3,3,2.5,e,+0.5,-1,1,1,1.5,e,+0.5,-1
sigma+,sigma+,36,7,-72737.884061,3.265167e-03,3,3,2.5,e,+1.5,-1,1,1,1.5,e,+1.5,-1
sigma+,sigma+,46,4,-72732.087919,8.161848e-03,3,3,3.5,e,-1.5,-1,1,1,1.5,e,-1.5,-1
sigma+,sigma+,47,5,-72732.087904,1.469134e-02,3,3,3.5,e,-0.5,-1,1,1,1.5,e,-0.5,-1
sigma+,sigma+,48,6,-72732.087888,1.469135e-02,3,3,3.5,e,+0.5,-1,1,1,1.5,e,+0.5,-1
sigma+,sigma+,49,7,-72732.087872,8.161865e-03,3,3,3.5,e,+1.5,-1,1,1,1.5,e,+1.5,-1
sigma+,sigma+,34,0,-72722.836497,1.333743e-02,3,3,2.5,e,-0.5,-1,1,1,0.5,e,-0.5,-1
sigma+,sigma+,35,1,-72722.836459,1.333742e-02,3,3,2.5,e,+0.5,-1,1,1,0.5,e,+0.5,-1
sigma+,sigma+,105,95,-72679.174173,3.305406e-04,5,5,4.5,e,+4.5,-1,4,4,4.5,f,+4.5,-1
sigma+,sigma+,104,94,-72679.174172,3.672669e-05,5,5,4.5,e,+3.5,-1,4,4,4.5,f,+3.5,-1
sigma+,sigma+,103,93,-72679.174171,9.181745e-06,5,5,4.5,e,+2.5,-1,4,4,4.5,f,+2.5,-1
sigma+,sigma+,102,92,-72679.174170,8.263547e-05,5,5,4.5,e,+1.5,-1,4,4,4.5,f,+1.5,-1
sigma+,sigma+,101,91,-72679.174169,1.469075e-04,5,5,4.5,e,+0.5,-1,4,4,4.5,f,+0.5,-1
sigma+,sigma+,100,90,-72679.174168,1.469075e-04,5,5,4.5,e,-0.5,-1,4,4,4.5,f,-0.5,-1
sigma+,sigma+,99,89,-72679.174166,8.263549e-05,5,5,4.5,e,-1.5,-1,4,4,4.5,f,-1.5,-1
sigma+,sigma+,98,88,-72679.174165,9.181695e-06,5,5,4.5,e,-2.5,-1,4,4,4.5,f,-2.5,-1
sigma+,sigma+,97,87,-72679.174164,3.672707e-05,5,5,4.5,e,-3.5,-1,4,4,4.5,f,-3.5,-1
sigma+,sigma+,96,86,-72679.174163,3.305432e-04,5,5,4.5,e,-4.5,-1,4,4,4.5,f,-4.5,-1
sigma+,sigma+,117,86,-72675.596712,3.306505e-03,5,5,5.5,e,-4.5,-1,4,4,4.5,f,-4.5,-1
sigma+,sigma+,118,87,-72675.596711,3.600418e-03,5,5,5.5,e,-3.5,-1,4,4,4.5,f,-3.5,-1
sigma+,sigma+,119,88,-72675.596711,2.449265e-03,5,5,5.5,e,-2.5,-1,4,4,4.5,f,-2.5,-1
sigma+,sigma+,120,89,-72675.596711,1.028692e-03,5,5,5.5,e,-1.5,-1,4,4,4.5,f,-1.5,-1
sigma+,sigma+,121,90,-72675.596711,1.224637e-04,5,5,5.5,e,-0.5,-1,4,4,4.5,f,-0.5,-1
sigma+,sigma+,122,91,-72675.596710,1.224626e-04,5,5,5.5,e,+0.5,-1,4,4,4.5,f,+0.5,-1
sigma+,sigma+,123,92,-72675.596710,1.028690e-03,5,5,5.5,e,+1.5,-1,4,4,4.5,f,+1.5,-1
sigma+,sigma+,124,93,-72675.596710,2.449263e-03,5,5,5.5,e,+2.5,-1,4,4,4.5,f,+2.5,-1
sigma+,sigma+,125,94,-72675.596709,3.600418e-03,5,5,5.5,e,+3.5,-1,4,4,4.5,f,+3.5,-1
sigma+,sigma+,126,95,-72675.596709,3.306507e-03,5,5,5.5,e,+4.5,-1,4,4,4.5,f,+4.5,-1
sigma+,sigma+,97,68,-72674.738711,3.598484e-03,5,5,4.5,e,-3.5,-1,4,4,3.5,f,-3.5,-1
sigma+,sigma+,98,69,-72674.738710,3.212931e-03,5,5,4.5,e,-2.5,-1,4,4,3.5,f,-2.5,-1
sigma+,sigma+,99,70,-72674.738709,1.487127e-03,5,5,4.5,e,-1.5,-1,4,4,3.5,f,-1.5,-1
sigma+,sigma+,100,71,-72674.738709,1.835954e-04,5,5,4.5,e,-0.5,-1,4,4,3.5,f,-0.5,-1
sigma+,sigma+,101,72,-72674.738708,1.835968e-04,5,5,4.5,e,+0.5,-1,4,4,3.5,f,+0.5,-1
sigma+,sigma+,102,73,-72674.738707,1.487130e-03,5,5,4.5,e,+1.5,-1,4,4,3.5,f,+1.5,-1
sigma+,sigma+,103,74,-72674.738707,3.212933e-03,5,5,4.5,e,+2.5,-1,4,4,3.5,f,+2.5,-1
sigma+,sigma+,104,75,-72674.738706,3.598484e-03,5,5,4.5,e,+3.5,-1,4,4,3.5,f,+3.5,-1
sigma+,sigma+,118,68,-72671.161258,3.677519e-05,5,5,5.5,e,-3.5,-1,4,4,3.5,f,-3.5,-1
sigma+,sigma+,119,69,-72671.161256,8.580865e-05,5,5,5.5,e,-2.5,-1,4,4,3.5,f,-2.5,-1
sigma+,sigma+,120,70,-72671.161254,1.287128e-04,5,5,5.5,e,-1.5,-1,4,4,3.5,f,-1.5,-1
sigma+,sigma+,121,71,-72671.161252,1.532293e-04,5,5,5.5,e,-0.5,-1,4,4,3.5,f,-0.5,-1
sigma+,sigma+,122,72,-72671.161249,1.532291e-04,5,5,5.5,e,+0.5,-1,4,4,3.5,f,+0.5,-1
sigma+,sigma+,123,73,-72671.161247,1.287122e-04,5,5,5.5,e,+1.5,-1,4,4,3.5,f,+1.5,-1
sigma+,sigma+,124,74,-72671.161245,8.580803e-05,5,5,5.5,e,+2.5,-1,4,4,3.5,f,+2.5,-1
sigma+,sigma+,125,75,-72671.161243,3.677482e-05,5,5,5.5,e,+3.5,-1,4,4,3.5,f,+3.5,-1
sigma+,sigma+,68,44,-58240.930620,6.943269e-04,4,4,3.5,f,-3.5,-1,3,3,3.5,e,-3.5,-1
sigma+,sigma+,69,45,-58240.930620,1.416992e-05,4,4,3.5,f,-2.5,-1,3,3,3.5,e,-2.5,-1
sigma+,sigma+,70,46,-58240.930620,1.275292e-04,4,4,3.5,f,-1.5,-1,3,3,3.5,e,-1.5,-1
sigma+,sigma+,71,47,-58240.930620,3.542474e-04,4,4,3.5,f,-0.5,-1,3,3,3.5,e,-0.5,-1
sigma+,sigma+,72,48,-58240.930620,3.542470e-04,4,4,3.5,f,+0.5,-1,3,3,3.5,e,+0.5,-1
sigma+,sigma+,73,49,-58240.930619,1.275288e-04,4,4,3.5,f,+1.5,-1,3,3,3.5,e,+1.5,-1
sigma+,sigma+,74,50,-58240.930619,1.416986e-05,4,4,3.5,f,+2.5,-1,3,3,3.5,e,+2.5,-1
sigma+,sigma+,75,51,-58240.930619,6.943222e-04,4,4,3.5,f,+3.5,-1,3,3,3.5,e,+3.5,-1
sigma+,sigma+,87,44,-58236.495167,5.556965e-03,4,4,4.5,f,-3.5,-1,3,3,3.5,e,-3.5,-1
sigma+,sigma+,88,45,-58236.495165,4.961578e-03,4,4,4.5,f,-2.5,-1,3,3,3.5,e,-2.5,-1
sigma+,sigma+,89,46,-58236.495163,2.296504e-03,4,4,4.5,f,-1.5,-1,3,3,3.5,e,-1.5,-1
sigma+,sigma+,90,47,-58236.495161,2.835199e-04,4,4,4.5,f,-0.5,-1,3,3,3.5,e,-0.5,-1
sigma+,sigma+,91,48,-58236.495159,2.835175e-04,4,4,4.5,f,+0.5,-1,3,3,3.5,e,+0.5,-1
sigma+,sigma+,92,49,-58236.495157,2.296499e-03,4,4,4.5,f,+1.5,-1,3,3,3.5,e,+1.5,-1
sigma+,sigma+,93,50,-58236.495155,4.961577e-03,4,4,4.5,f,+2.5,-1,3,3,3.5,e,+2.5,-1
sigma+,sigma+,94,51,-58236.495153,5.556969e-03,4,4,4.5,f,+3.5,-1,3,3,3.5,e,+3.5,-1
sigma+,sigma+,69,32,-58235.134444,5.902771e-03,4,4,3.5,f,-2.5,-1,3,3,2.5,e,-2.5,-1
sigma+,sigma+,70,33,-58235.134441,3.541660e-03,4,4,3.5,f,-1.5,-1,3,3,2.5,e,-1.5,-1
sigma+,sigma+,71,34,-58235.134438,4.722202e-04,4,4,3.5,f,-0.5,-1,3,3,2.5,e,-0.5,-1
sigma+,sigma+,72,35,-58235.134434,4.722233e-04,4,4,3.5,f,+0.5,-1,3,3,2.5,e,+0.5,-1
sigma+,sigma+,73,36,-58235.134431,3.541666e-03,4,4,3.5,f,+1.5,-1,3,3,2.5,e,+1.5,-1
sigma+,sigma+,74,37,-58235.134428,5.902773e-03,4,4,3.5,f,+2.5,-1,3,3,2.5,e,+2.5,-1
sigma+,sigma+,88,32,-58230.698989,1.324183e-04,4,4,4.5,f,-2.5,-1,3,3,2.5,e,-2.5,-1
sigma+,sigma+,89,33,-58230.698984,2.837533e-04,4,4,4.5,f,-1.5,-1,3,3,2.5,e,-1.5,-1
sigma+,sigma+,90,34,-58230.698979,3.783374e-04,4,4,4.5,f,-0.5,-1,3,3,2.5,e,-0.5,-1
sigma+,sigma+,91,35,-58230.698973,3.783371e-04,4,4,4.5,f,+0.5,-1,3,3,2.5,e,+0.5,-1
sigma+,sigma+,92,36,-58230.698968,2.837526e-04,4,4,4.5,f,+1.5,-1,3,3,2.5,e,+1.5,-1
sigma+,sigma+,93,37,-58230.698963,1.324177e-04,4,4,4.5,f,+2.5,-1,3,3,2.5,e,+2.5,-1
sigma+,sigma+,67,59,-58156.290628,6.943219e-04,4,4,3.5,e,+3.5,+1,3,3,3.5,f,+3.5,+1
sigma+,sigma+,66,58,-58156.290627,1.416981e-05,4,4,3.5,e,+2.5,+1,3,3,3.5,f,+2.5,+1
sigma+,sigma+,65,57,-58156.290626,1.275289e-04,4,4,3.5,e,+1.5,+1,3,3,3.5,f,+1.5,+1
sigma+,sigma+,64,56,-58156.290625,3.542470e-04,4,4,3.5,e,+0.5,+1,3,3,3.5,f,+0.5,+1
sigma+,sigma+,63,55,-58156.290624,3.542472e-04,4,4,3.5,e,-0.5,+1,3,3,3.5,f,-0.5,+1
sigma+,sigma+,62,54,-58156.290623,1.275290e-04,4,4,3.5,e,-1.5,+1,3,3,3.5,f,-1.5,+1
sigma+,sigma+,61,53,-58156.290622,1.416996e-05,4,4,3.5,e,-2.5,+1,3,3,3.5,f,-2.5,+1
sigma+,sigma+,60,52,-58156.290621,6.943268e-04,4,4,3.5,e,-3.5,+1,3,3,3.5,f,-3.5,+1
sigma+,sigma+,77,52,-58151.855168,5.556964e-03,4,4,4.5,e,-3.5,+1,3,3,3.5,f,-3.5,+1
sigma+,sigma+,78,53,-58151.855167,4.961578e-03,4,4,4.5,e,-2.5,+1,3,3,3.5,f,-2.5,+1
sigma+,sigma+,79,54,-58151.855166,2.296504e-03,4,4,4.5,e,-1.5,+1,3,3,3.5,f,-1.5,+1
sigma+,sigma+,80,55,-58151.855165,2.835199e-04,4,4,4.5,e,-0.5,+1,3,3,3.5,f,-0.5,+1
sigma+,sigma+,81,56,-58151.855164,2.835175e-04,4,4,4.5,e,+0.5,+1,3,3,3.5,f,+0.5,+1
sigma+,sigma+,82,57,-58151.855163,2.296499e-03,4,4,4.5,e,+1.5,+1,3,3,3.5,f,+1.5,+1
sigma+,sigma+,83,58,-58151.855162,4.961577e-03,4,4,4.5,e,+2.5,+1,3,3,3.5,f,+2.5,+1
sigma+,sigma+,84,59,-58151.855161,5.556969e-03,4,4,4.5,e,+3.5,+1,3,3,3.5,f,+3.5,+1
sigma+,sigma+,61,38,-58150.494446,5.902771e-03,4,4,3.5,e,-2.5,+1,3,3,2.5,f,-2.5,+1
sigma+,sigma+,62,39,-58150.494444,3.541660e-03,4,4,3.5,e,-1.5,+1,3,3,2.5,f,-1.5,+1
sigma+,sigma+,63,40,-58150.494442,4.722202e-04,4,4,3.5,e,-0.5,+1,3,3,2.5,f,-0.5,+1
sigma+,sigma+,64,41,-58150.494440,4.722234e-04,4,4,3.5,e,+0.5,+1,3,3,2.5,f,+0.5,+1
sigma+,sigma+,65,42,-58150.494438,3.541666e-03,4,4,3.5,e,+1.5,+1,3,3,2.5,f,+1.5,+1
sigma+,sigma+,66,43,-58150.494435,5.902773e-03,4,4,3.5,e,+2.5,+1,3,3,2.5,f,+2.5,+1
sigma+,sigma+,78,38,-58146.058991,1.324185e-04,4,4,4.5,e,-2.5,+1,3,3,2.5,f,-2.5,+1
sigma+,sigma+,79,39,-58146.058987,2.837536e-04,4,4,4.5,e,-1.5,+1,3,3,2.5,f,-1.5,+1
sigma+,sigma+,80,40,-58146.058983,3.783376e-04,4,4,4.5,e,-0.5,+1,3,3,2.5,f,-0.5,+1
sigma+,sigma+,81,41,-58146.058979,3.783371e-04,4,4,4.5,e,+0.5,+1,3,3,2.5,f,+0.5,+1
sigma+,sigma+,82,42,-58146.058975,2.837524e-04,4,4,4.5,e,+1.5,+1,3,3,2.5,f,+1.5,+1
sigma+,sigma+,83,43,-58146.058971,1.324176e-04,4,4,4.5,e,+2.5,+1,3,3,2.5,f,+2.5,+1
sigma+,sigma+,38,20,-43676.023238,1.700163e-03,3,3,2.5,f,-2.5,+1,2,2,2.5,e,-2.5,+1
sigma+,sigma+,39,21,-43676.023237,6.800656e-05,3,3,2.5,f,-1.5,+1,2,2,2.5,e,-1.5,+1
sigma+,sigma+,40,22,-43676.023236,1.088102e-03,3,3,2.5,f,-0.5,+1,2,2,2.5,e,-0.5,+1
sigma+,sigma+,41,23,-43676.023235,1.088100e-03,3,3,2.5,f,+0.5,+1,2,2,2.5,e,+0.5,+1
sigma+,sigma+,42,24,-43676.023233,6.800610e-05,3,3,2.5,f,+1.5,+1,2,2,2.5,e,+1.5,+1
sigma+,sigma+,43,25,-43676.023232,1.700153e-03,3,3,2.5,f,+2.5,+1,2,2,2.5,e,+2.5,+1
sigma+,sigma+,53,20,-43670.227062,1.020711e-02,3,3,3.5,f,-2.5,+1,2,2,2.5,e,-2.5,+1
sigma+,sigma+,54,21,-43670.227058,6.124274e-03,3,3,3.5,f,-1.5,+1,2,2,2.5,e,-1.5,+1
sigma+,sigma+,55,22,-43670.227053,8.165729e-04,3,3,3.5,f,-0.5,+1,2,2,2.5,e,-0.5,+1
sigma+,sigma+,56,23,-43670.227049,8.165657e-04,3,3,3.5,f,+0.5,+1,2,2,2.5,e,+0.5,+1
sigma+,sigma+,57,24,-43670.227045,6.124266e-03,3,3,3.5,f,+1.5,+1,2,2,2.5,e,+1.5,+1
sigma+,sigma+,58,25,-43670.227041,1.020712e-02,3,3,3.5,f,+2.5,+1,2,2,2.5,e,+2.5,+1
sigma+,sigma+,39,12,-43667.693588,9.791028e-03,3,3,2.5,f,-1.5,+1,2,2,1.5,e,-1.5,+1
sigma+,sigma+,40,13,-43667.693580,1.631834e-03,3,3,2.5,f,-0.5,+1,2,2,1.5,e,-0.5,+1
sigma+,sigma+,41,14,-43667.693572,1.631844e-03,3,3,2.5,f,+0.5,+1,2,2,1.5,e,+0.5,+1
sigma+,sigma+,42,15,-43667.693565,9.791039e-03,3,3,2.5,f,+1.5,+1,2,2,1.5,e,+1.5,+1
sigma+,sigma+,54,12,-43661.897408,6.808013e-04,3,3,3.5,f,-1.5,+1,2,2,1.5,e,-1.5,+1
sigma+,sigma+,55,13,-43661.897398,1.225441e-03,3,3,3.5,f,-0.5,+1,2,2,1.5,e,-0.5,+1
sigma+,sigma+,56,14,-43661.897387,1.225440e-03,3,3,3.5,f,+0.5,+1,2,2,1.5,e,+0.5,+1
sigma+,sigma+,57,15,-43661.897376,6.807992e-04,3,3,3.5,f,+1.5,+1,2,2,1.5,e,+1.5,+1
sigma+,sigma+,32,26,-43628.413240,1.700163e-03,3,3,2.5,e,-2.5,-1,2,2,2.5,f,-2.5,-1
sigma+,sigma+,33,27,-43628.413240,6.800643e-05,3,3,2.5,e,-1.5,-1,2,2,2.5,f,-1.5,-1
sigma+,sigma+,34,28,-43628.413240,1.088102e-03,3,3,2.5,e,-0.5,-1,2,2,2.5,f,-0.5,-1
sigma+,sigma+,35,29,-43628.413240,1.088100e-03,3,3,2.5,e,+0.5,-1,2,2,2.5,f,+0.5,-1
sigma+,sigma+,36,30,-43628.413240,6.800618e-05,3,3,2.5,e,+1.5,-1,2,2,2.5,f,+1.5,-1
sigma+,sigma+,37,31,-43628.413240,1.700152e-03,3,3,2.5,e,+2.5,-1,2,2,2.5,f,+2.5,-1
sigma+,sigma+,45,26,-43622.617064,1.020711e-02,3,3,3.5,e,-2.5,-1,2,2,2.5,f,-2.5,-1
sigma+,sigma+,46,27,-43622.617061,6.124274e-03,3,3,3.5,e,-1.5,-1,2,2,2.5,f,-1.5,-1
sigma+,sigma+,47,28,-43622.617058,8.165729e-04,3,3,3.5,e,-0.5,-1,2,2,2.5,f,-0.5,-1
sigma+,sigma+,48,29,-43622.617054,8.165656e-04,3,3,3.5,e,+0.5,-1,2,2,2.5,f,+0.5,-1
sigma+,sigma+,49,30,-43622.617051,6.124265e-03,3,3,3.5,e,+1.5,-1,2,2,2.5,f,+1.5,-1
sigma+,sigma+,50,31,-43622.617048,1.020712e-02,3,3,3.5,e,+2.5,-1,2,2,2.5,f,+2.5,-1
sigma+,sigma+,33,16,-43620.083590,9.791028e-03,3,3,2.5,e,-1.5,-1,2,2,1.5,f,-1.5,-1
sigma+,sigma+,34,17,-43620.083583,1.631834e-03,3,3,2.5,e,-0.5,-1,2,2,1.5,f,-0.5,-1
sigma+,sigma+,35,18,-43620.083577,1.631844e-03,3,3,2.5,e,+0.5,-1,2,2,1.5,f,+0.5,-1
sigma+,sigma+,36,19,-43620.083571,9.791040e-03,3,3,2.5,e,+1.5,-1,2,2,1.5,f,+1.5,-1
sigma+,sigma+,46,16,-43614.287411,6.808019e-04,3,3,3.5,e,-1.5,-1,2,2,1.5,f,-1.5,-1
sigma+,sigma+,47,17,-43614.287401,1.225442e-03,3,3,3.5,e,-0.5,-1,2,2,1.5,f,-0.5,-1
sigma+,sigma+,48,18,-43614.287392,1.225440e-03,3,3,3.5,e,+0.5,-1,2,2,1.5,f,+0.5,-1
sigma+,sigma+,49,19,-43614.287382,6.807991e-04,3,3,3.5,e,+1.5,-1,2,2,1.5,f,+1.5,-1
sigma+,sigma+,16,4,-29117.800508,4.996562e-03,2,2,1.5,f,-1.5,-1,1,1,1.5,e,-1.5,-1
sigma+,sigma+,17,5,-29117.800502,4.996556e-03,2,2,1.5,f,-0.5,-1,1,1,1.5,e,-0.5,-1
sigma+,sigma+,18,6,-29117.800496,4.996538e-03,2,2,1.5,f,+0.5,-1,1,1,1.5,e,+0.5,-1
sigma+,sigma+,19,7,-29117.800490,4.996532e-03,2,2,1.5,f,+1.5,-1,1,1,1.5,e,+1.5,-1
sigma+,sigma+,27,4,-29109.470858,2.000645e-02,2,2,2.5,f,-1.5,-1,1,1,1.5,e,-1.5,-1
sigma+,sigma+,28,5,-29109.470846,3.334430e-03,2,2,2.5,f,-0.5,-1,1,1,1.5,e,-0.5,-1
sigma+,sigma+,29,6,-29109.470834,3.334393e-03,2,2,2.5,f,+0.5,-1,1,1,1.5,e,+0.5,-1
sigma+,sigma+,30,7,-29109.470821,2.000648e-02,2,2,2.5,f,+1.5,-1,1,1,1.5,e,+1.5,-1
sigma+,sigma+,17,0,-29102.752913,1.000342e-02,2,2,1.5,f,-0.5,-1,1,1,0.5,e,-0.5,-1
sigma+,sigma+,18,1,-29102.752882,1.000348e-02,2,2,1.5,f,+0.5,-1,1,1,0.5,e,+0.5,-1
sigma+,sigma+,12,8,-29096.640511,4.996561e-03,2,2,1.5,e,-1.5,+1,1,1,1.5,f,-1.5,+1
sigma+,sigma+,13,9,-29096.640505,4.996553e-03,2,2,1.5,e,-0.5,+1,1,1,1.5,f,-0.5,+1
sigma+,sigma+,14,10,-29096.640500,4.996536e-03,2,2,1.5,e,+0.5,+1,1,1,1.5,f,+0.5,+1
sigma+,sigma+,15,11,-29096.640495,4.996529e-03,2,2,1.5,e,+1.5,+1,1,1,1.5,f,+1.5,+1
sigma+,sigma+,28,0,-29094.423257,6.662576e-03,2,2,2.5,f,-0.5,-1,1,1,0.5,e,-0.5,-1
sigma+,sigma+,29,1,-29094.423219,6.662568e-03,2,2,2.5,f,+0.5,-1,1,1,0.5,e,+0.5,-1
sigma+,sigma+,21,8,-29088.310861,2.000645e-02,2,2,2.5,e,-1.5,+1,1,1,1.5,f,-1.5,+1
sigma+,sigma+,22,9,-29088.310850,3.334430e-03,2,2,2.5,e,-0.5,+1,1,1,1.5,f,-0.5,+1
sigma+,sigma+,23,10,-29088.310838,3.334392e-03,2,2,2.5,e,+0.5,+1,1,1,1.5,f,+0.5,+1
sigma+,sigma+,24,11,-29088.310826,2.000648e-02,2,2,2.5,e,+1.5,+1,1,1,1.5,f,+1.5,+1
sigma+,sigma+,13,2,-29081.592914,1.000342e-02,2,2,1.5,e,-0.5,+1,1,1,0.5,f,-0.5,+1
sigma+,sigma+,14,3,-29081.592885,1.000349e-02,2,2,1.5,e,+0.5,+1,1,1,0.5,f,+0.5,+1
sigma+,sigma+,22,2,-29073.263259,6.662581e-03,2,2,2.5,e,-0.5,+1,1,1,0.5,f,-0.5,+1
sigma+,sigma+,23,3,-29073.263222,6.662571e-03,2,2,2.5,e,+0.5,+1,1,1,0.5,f,+0.5,+1
sigma+,sigma+,3,10,-15.047616,3.329874e-03,1,1,0.5,f,+0.5,+1,1,1,1.5,f,+0.5,+1
sigma+,sigma+,1,6,-15.047614,3.329877e-03,1,1,0.5,e,+0.5,-1,1,1,1.5,e,+0.5,-1
sigma+,sigma+,2,9,-15.047591,3.329885e-03,1,1,0.5,f,-0.5,+1,1,1,1.5,f,-0.5,+1
sigma+,sigma+,0,5,-15.047589,3.329888e-03,1,1,0.5,e,-0.5,-1,1,1,1.5,e,-0.5,-1
sigma+,sigma+,19,30,-8.329669,1.223033e-03,2,2,1.5,f,+1.5,-1,2,2,2.5,f,+1.5,-1
sigma+,sigma+,15,24,-8.329669,1.223029e-03,2,2,1.5,e,+1.5,+1,2,2,2.5,e,+1.5,+1
sigma+,sigma+,18,29,-8.329663,2.038391e-04,2,2,1.5,f,+0.5,-1,2,2,2.5,f,+0.5,-1
sigma+,sigma+,14,23,-8.329662,2.038385e-04,2,2,1.5,e,+0.5,+1,2,2,2.5,e,+0.5,+1
sigma+,sigma+,17,28,-8.329656,2.038394e-04,2,2,1.5,f,-0.5,-1,2,2,2.5,f,-0.5,-1
sigma+,sigma+,13,22,-8.329656,2.038388e-04,2,2,1.5,e,-0.5,+1,2,2,2.5,e,-0.5,+1
sigma+,sigma+,16,27,-8.329650,1.223039e-03,2,2,1.5,f,-1.5,-1,2,2,2.5,f,-1.5,-1
sigma+,sigma+,12,21,-8.329649,1.223035e-03,2,2,1.5,e,-1.5,+1,2,2,2.5,e,-1.5,+1
sigma+,sigma+,37,50,-5.796192,1.274857e-03,3,3,2.5,e,+2.5,-1,3,3,3.5,e,+2.5,-1
sigma+,sigma+,43,58,-5.796191,1.274860e-03,3,3,2.5,f,+2.5,+1,3,3,3.5,f,+2.5,+1
sigma+,sigma+,36,49,-5.796188,7.649148e-04,3,3,2.5,e,+1.5,-1,3,3,3.5,e,+1.5,-1
sigma+,sigma+,42,57,-5.796188,7.649167e-04,3,3,2.5,f,+1.5,+1,3,3,3.5,f,+1.5,+1
sigma+,sigma+,41,56,-5.796185,1.019890e-04,3,3,2.5,f,+0.5,+1,3,3,3.5,f,+0.5,+1
sigma+,sigma+,35,48,-5.796185,1.019888e-04,3,3,2.5,e,+0.5,-1,3,3,3.5,e,+0.5,-1
sigma+,sigma+,40,55,-5.796182,1.019891e-04,3,3,2.5,f,-0.5,+1,3,3,3.5,f,-0.5,+1
sigma+,sigma+,34,47,-5.796182,1.019889e-04,3,3,2.5,e,-0.5,-1,3,3,3.5,e,-0.5,-1
sigma+,sigma+,39,54,-5.796179,7.649191e-04,3,3,2.5,f,-1.5,+1,3,3,3.5,f,-1.5,+1
sigma+,sigma+,33,46,-5.796179,7.649173e-04,3,3,2.5,e,-1.5,-1,3,3,3.5,e,-1.5,-1
sigma+,sigma+,38,53,-5.796176,1.274866e-03,3,3,2.5,f,-2.5,+1,3,3,3.5,f,-2.5,+1
sigma+,sigma+,32,45,-5.796176,1.274864e-03,3,3,2.5,e,-2.5,-1,3,3,3.5,e,-2.5,-1
sigma+,sigma+,67,84,-4.435467,8.843416e-04,4,4,3.5,e,+3.5,+1,4,4,4.5,e,+3.5,+1
sigma+,sigma+,75,94,-4.435466,8.843437e-04,4,4,3.5,f,+3.5,-1,4,4,4.5,f,+3.5,-1
sigma+,sigma+,66,83,-4.435465,7.895914e-04,4,4,3.5,e,+2.5,+1,4,4,4.5,e,+2.5,+1
sigma+,sigma+,74,93,-4.435465,7.895933e-04,4,4,3.5,f,+2.5,-1,4,4,4.5,f,+2.5,-1
sigma+,sigma+,65,82,-4.435463,3.654683e-04,4,4,3.5,e,+1.5,+1,4,4,4.5,e,+1.5,+1
sigma+,sigma+,73,92,-4.435463,3.654692e-04,4,4,3.5,f,+1.5,-1,4,4,4.5,f,+1.5,-1
sigma+,sigma+,64,81,-4.435461,4.511959e-05,4,4,3.5,e,+0.5,+1,4,4,4.5,e,+0.5,+1
sigma+,sigma+,72,91,-4.435461,4.511969e-05,4,4,3.5,f,+0.5,-1,4,4,4.5,f,+0.5,-1
sigma+,sigma+,71,90,-4.435459,4.511973e-05,4,4,3.5,f,-0.5,-1,4,4,4.5,f,-0.5,-1
sigma+,sigma+,63,80,-4.435459,4.511963e-05,4,4,3.5,e,-0.5,+1,4,4,4.5,e,-0.5,+1
sigma+,sigma+,70,89,-4.435457,3.654701e-04,4,4,3.5,f,-1.5,-1,4,4,4.5,f,-1.5,-1
sigma+,sigma+,62,79,-4.435457,3.654693e-04,4,4,3.5,e,-1.5,+1,4,4,4.5,e,-1.5,+1
sigma+,sigma+,69,88,-4.435455,7.895966e-04,4,4,3.5,f,-2.5,-1,4,4,4.5,f,-2.5,-1
sigma+,sigma+,61,78,-4.435455,7.895949e-04,4,4,3.5,e,-2.5,+1,4,4,4.5,e,-2.5,+1
sigma+,sigma+,68,87,-4.435453,8.843489e-04,4,4,3.5,f,-3.5,-1,4,4,4.5,f,-3.5,-1
sigma+,sigma+,60,77,-4.435453,8.843471e-04,4,4,3.5,e,-3.5,+1,4,4,4.5,e,-3.5,+1
sigma+,sigma+,105,126,-3.577464,5.940449e-04,5,5,4.5,e,+4.5,-1,5,5,5.5,e,+4.5,-1
sigma+,sigma+,115,138,-3.577464,5.940463e-04,5,5,4.5,f,+4.5,+1,5,5,5.5,f,+4.5,+1
sigma+,sigma+,104,125,-3.577463,6.468494e-04,5,5,4.5,e,+3.5,-1,5,5,5.5,e,+3.5,-1
sigma+,sigma+,114,137,-3.577462,6.468509e-04,5,5,4.5,f,+3.5,+1,5,5,5.5,f,+3.5,+1
sigma+,sigma+,103,124,-3.577461,4.400340e-04,5,5,4.5,e,+2.5,-1,5,5,5.5,e,+2.5,-1
sigma+,sigma+,113,136,-3.577461,4.400350e-04,5,5,4.5,f,+2.5,+1,5,5,5.5,f,+2.5,+1
sigma+,sigma+,102,123,-3.577460,1.848144e-04,5,5,4.5,e,+1.5,-1,5,5,5.5,e,+1.5,-1
sigma+,sigma+,112,135,-3.577460,1.848148e-04,5,5,4.5,f,+1.5,+1,5,5,5.5,f,+1.5,+1
sigma+,sigma+,101,122,-3.577459,2.200173e-05,5,5,4.5,e,+0.5,-1,5,5,5.5,e,+0.5,-1
sigma+,sigma+,111,134,-3.577459,2.200178e-05,5,5,4.5,f,+0.5,+1,5,5,5.5,f,+0.5,+1
sigma+,sigma+,110,133,-3.577457,2.200180e-05,5,5,4.5,f,-0.5,+1,5,5,5.5,f,-0.5,+1
sigma+,sigma+,100,121,-3.577457,2.200175e-05,5,5,4.5,e,-0.5,-1,5,5,5.5,e,-0.5,-1
sigma+,sigma+,109,132,-3.577456,1.848152e-04,5,5,4.5,f,-1.5,+1,5,5,5.5,f,-1.5,+1
sigma+,sigma+,99,120,-3.577456,1.848149e-04,5,5,4.5,e,-1.5,-1,5,5,5.5,e,-1.5,-1
sigma+,sigma+,108,131,-3.577455,4.400366e-04,5,5,4.5,f,-2.5,+1,5,5,5.5,f,-2.5,+1
sigma+,sigma+,98,119,-3.577454,4.400357e-04,5,5,4.5,e,-2.5,-1,5,5,5.5,e,-2.5,-1
sigma+,sigma+,107,130,-3.577453,6.468543e-04,5,5,4.5,f,-3.5,+1,5,5,5.5,f,-3.5,+1
sigma+,sigma+,97,118,-3.577453,6.468530e-04,5,5,4.5,e,-3.5,-1,5,5,5.5,e,-3.5,-1
sigma+,sigma+,106,129,-3.577452,5.940503e-04,5,5,4.5,f,-4.5,+1,5,5,5.5,f,-4.5,+1
sigma+,sigma+,96,117,-3.577451,5.940492e-04,5,5,4.5,e,-4.5,-1,5,5,5.5,e,-4.5,-1
sigma+,sigma+,4,4,0.000000,1.670119e-03,1,1,1.5,e,-1.5,-1,1,1,1.5,e,-1.5,-1
sigma+,sigma+,5,5,0.000000,1.670108e-03,1,1,1.5,e,-0.5,-1,1,1,1.5,e,-0.5,-1
sigma+,sigma+,6,6,0.000000,1.670130e-03,1,1,1.5,e,+0.5,-1,1,1,1.5,e,+0.5,-1
sigma+,sigma+,7,7,0.000000,1.670119e-03,1,1,1.5,e,+1.5,-1,1,1,1.5,e,+1.5,-1
sigma+,sigma+,8,8,0.000000,1.670122e-03,1,1,1.5,f,-1.5,+1,1,1,1.5,f,-1.5,+1
sigma+,sigma+,9,9,0.000000,1.670111e-03,1,1,1.5,f,-0.5,+1,1,1,1.5,f,-0.5,+1
sigma+,sigma+,10,10,0.000000,1.670133e-03,1,1,1.5,f,+0.5,+1,1,1,1.5,f,+0.5,+1
sigma+,sigma+,11,11,0.000000,1.670122e-03,1,1,1.5,f,+1.5,+1,1,1,1.5,f,+1.5,+1
sigma+,sigma+,12,12,0.000000,1.670117e-03,2,2,1.5,e,-1.5,+1,2,2,1.5,e,-1.5,+1
sigma+,sigma+,13,13,0.000000,1.670124e-03,2,2,1.5,e,-0.5,+1,2,2,1.5,e,-0.5,+1
sigma+,sigma+,14,14,0.000000,1.670120e-03,2,2,1.5,e,+0.5,+1,2,2,1.5,e,+0.5,+1
sigma+,sigma+,15,15,0.000000,1.670126e-03,2,2,1.5,e,+1.5,+1,2,2,1.5,e,+1.5,+1
sigma+,sigma+,16,16,0.000000,1.670115e-03,2,2,1.5,f,-1.5,-1,2,2,1.5,f,-1.5,-1
sigma+,sigma+,17,17,0.000000,1.670122e-03,2,2,1.5,f,-0.5,-1,2,2,1.5,f,-0.5,-1
sigma+,sigma+,18,18,0.000000,1.670117e-03,2,2,1.5,f,+0.5,-1,2,2,1.5,f,+0.5,-1
sigma+,sigma+,19,19,0.000000,1.670124e-03,2,2,1.5,f,+1.5,-1,2,2,1.5,f,+1.5,-1
sigma+,sigma+,20,20,0.000000,3.399274e-03,2,2,2.5,e,-2.5,+1,2,2,2.5,e,-2.5,+1
sigma+,sigma+,21,21,0.000000,1.359697e-04,2,2,2.5,e,-1.5,+1,2,2,2.5,e,-1.5,+1
sigma+,sigma+,22,22,0.000000,2.175533e-03,2,2,2.5,e,-0.5,+1,2,2,2.5,e,-0.5,+1
sigma+,sigma+,23,23,0.000000,2.175538e-03,2,2,2.5,e,+0.5,+1,2,2,2.5,e,+0.5,+1
sigma+,sigma+,24,24,0.000000,1.359722e-04,2,2,2.5,e,+1.5,+1,2,2,2.5,e,+1.5,+1
sigma+,sigma+,25,25,0.000000,3.399274e-03,2,2,2.5,e,+2.5,+1,2,2,2.5,e,+2.5,+1
sigma+,sigma+,26,26,0.000000,3.399272e-03,2,2,2.5,f,-2.5,-1,2,2,2.5,f,-2.5,-1
sigma+,sigma+,27,27,0.000000,1.359696e-04,2,2,2.5,f,-1.5,-1,2,2,2.5,f,-1.5,-1
sigma+,sigma+,28,28,0.000000,2.175531e-03,2,2,2.5,f,-0.5,-1,2,2,2.5,f,-0.5,-1
sigma+,sigma+,29,29,0.000000,2.175536e-03,2,2,2.5,f,+0.5,-1,2,2,2.5,f,+0.5,-1
sigma+,sigma+,30,30,0.000000,1.359721e-04,2,2,2.5,f,+1.5,-1,2,2,2.5,f,+1.5,-1
sigma+,sigma+,31,31,0.000000,3.399272e-03,2,2,2.5,f,+2.5,-1,2,2,2.5,f,+2.5,-1
sigma+,sigma+,32,32,0.000000,7.656187e-03,3,3,2.5,e,-2.5,-1,3,3,2.5,e,-2.5,-1
sigma+,sigma+,33,33,0.000000,3.062495e-04,3,3,2.5,e,-1.5,-1,3,3,2.5,e,-1.5,-1
sigma+,sigma+,34,34,0.000000,4.899968e-03,3,3,2.5,e,-0.5,-1,3,3,2.5,e,-0.5,-1
sigma+,sigma+,35,35,0.000000,4.899962e-03,3,3,2.5,e,+0.5,-1,3,3,2.5,e,+0.5,-1
sigma+,sigma+,36,36,0.000000,3.062462e-04,3,3,2.5,e,+1.5,-1,3,3,2.5,e,+1.5,-1
sigma+,sigma+,37,37,0.000000,7.656204e-03,3,3,2.5,e,+2.5,-1,3,3,2.5,e,+2.5,-1
sigma+,sigma+,38,38,0.000000,7.656184e-03,3,3,2.5,f,-2.5,+1,3,3,2.5,f,-2.5,+1
sigma+,sigma+,39,39,0.000000,3.062493e-04,3,3,2.5,f,-1.5,+1,3,3,2.5,f,-1.5,+1
sigma+,sigma+,40,40,0.000000,4.899965e-03,3,3,2.5,f,-0.5,+1,3,3,2.5,f,-0.5,+1
sigma+,sigma+,41,41,0.000000,4.899960e-03,3,3,2.5,f,+0.5,+1,3,3,2.5,f,+0.5,+1
sigma+,sigma+,42,42,0.000000,3.062461e-04,3,3,2.5,f,+1.5,+1,3,3,2.5,f,+1.5,+1
sigma+,sigma+,43,43,0.000000,7.656200e-03,3,3,2.5,f,+2.5,+1,3,3,2.5,f,+2.5,+1
sigma+,sigma+,44,44,0.000000,1.041487e-02,3,3,3.5,e,-3.5,-1,3,3,3.5,e,-3.5,-1
sigma+,sigma+,45,45,0.000000,2.125497e-04,3,3,3.5,e,-2.5,-1,3,3,3.5,e,-2.5,-1
sigma+,sigma+,46,46,0.000000,1.912931e-03,3,3,3.5,e,-1.5,-1,3,3,3.5,e,-1.5,-1
sigma+,sigma+,47,47,0.000000,5.313706e-03,3,3,3.5,e,-0.5,-1,3,3,3.5,e,-0.5,-1
sigma+,sigma+,48,48,0.000000,5.313712e-03,3,3,3.5,e,+0.5,-1,3,3,3.5,e,+0.5,-1
sigma+,sigma+,49,49,0.000000,1.912939e-03,3,3,3.5,e,+1.5,-1,3,3,3.5,e,+1.5,-1
sigma+,sigma+,50,50,0.000000,2.125470e-04,3,3,3.5,e,+2.5,-1,3,3,3.5,e,+2.5,-1
sigma+,sigma+,51,51,0.000000,1.041487e-02,3,3,3.5,e,+3.5,-1,3,3,3.5,e,+3.5,-1
sigma+,sigma+,52,52,0.000000,1.041487e-02,3,3,3.5,f,-3.5,+1,3,3,3.5,f,-3.5,+1
sigma+,sigma+,53,53,0.000000,2.125496e-04,3,3,3.5,f,-2.5,+1,3,3,3.5,f,-2.5,+1
sigma+,sigma+,54,54,0.000000,1.912931e-03,3,3,3.5,f,-1.5,+1,3,3,3.5,f,-1.5,+1
sigma+,sigma+,55,55,0.000000,5.313705e-03,3,3,3.5,f,-0.5,+1,3,3,3.5,f,-0.5,+1
sigma+,sigma+,56,56,0.000000,5.313710e-03,3,3,3.5,f,+0.5,+1,3,3,3.5,f,+0.5,+1
sigma+,sigma+,57,57,0.000000,1.912939e-03,3,3,3.5,f,+1.5,+1,3,3,3.5,f,+1.5,+1
sigma+,sigma+,58,58,0.000000,2.125470e-04,3,3,3.5,f,+2.5,+1,3,3,3.5,f,+2.5,+1
sigma+,sigma+,59,59,0.000000,1.041487e-02,3,3,3.5,f,+3.5,+1,3,3,3.5,f,+3.5,+1
sigma+,sigma+,60,60,0.000000,1.338166e-02,4,4,3.5,e,-3.5,+1,4,4,3.5,e,-3.5,+1
sigma+,sigma+,61,61,0.000000,2.730937e-04,4,4,3.5,e,-2.5,+1,4,4,3.5,e,-2.5,+1
sigma+,sigma+,62,62,0.000000,2.457861e-03,4,4,3.5,e,-1.5,+1,4,4,3.5,e,-1.5,+1
sigma+,sigma+,63,63,0.000000,6.827385e-03,4,4,3.5,e,-0.5,+1,4,4,3.5,e,-0.5,+1
sigma+,sigma+,64,64,0.000000,6.827380e-03,4,4,3.5,e,+0.5,+1,4,4,3.5,e,+0.5,+1
sigma+,sigma+,65,65,0.000000,2.457854e-03,4,4,3.5,e,+1.5,+1,4,4,3.5,e,+1.5,+1
sigma+,sigma+,66,66,0.000000,2.730969e-04,4,4,3.5,e,+2.5,+1,4,4,3.5,e,+2.5,+1
sigma+,sigma+,67,67,0.000000,1.338168e-02,4,4,3.5,e,+3.5,+1,4,4,3.5,e,+3.5,+1
sigma+,sigma+,68,68,0.000000,1.338166e-02,4,4,3.5,f,-3.5,-1,4,4,3.5,f,-3.5,-1
sigma+,sigma+,69,69,0.000000,2.730938e-04,4,4,3.5,f,-2.5,-1,4,4,3.5,f,-2.5,-1
sigma+,sigma+,70,70,0.000000,2.457861e-03,4,4,3.5,f,-1.5,-1,4,4,3.5,f,-1.5,-1
sigma+,sigma+,71,71,0.000000,6.827383e-03,4,4,3.5,f,-0.5,-1,4,4,3.5,f,-0.5,-1
sigma+,sigma+,72,72,0.000000,6.827379e-03,4,4,3.5,f,+0.5,-1,4,4,3.5,f,+0.5,-1
sigma+,sigma+,73,73,0.000000,2.457854e-03,4,4,3.5,f,+1.5,-1,4,4,3.5,f,+1.5,-1
sigma+,sigma+,74,74,0.000000,2.730967e-04,4,4,3.5,f,+2.5,-1,4,4,3.5,f,+2.5,-1
sigma+,sigma+,75,75,0.000000,1.338167e-02,4,4,3.5,f,+3.5,-1,4,4,3.5,f,+3.5,-1
sigma+,sigma+,76,76,0.000000,1.592162e-02,4,4,4.5,e,-4.5,+1,4,4,4.5,e,-4.5,+1
sigma+,sigma+,77,77,0.000000,1.769072e-03,4,4,4.5,e,-3.5,+1,4,4,4.5,e,-3.5,+1
sigma+,sigma+,78,78,0.000000,4.422654e-04,4,4,4.5,e,-2.5,+1,4,4,4.5,e,-2.5,+1
sigma+,sigma+,79,79,0.000000,3.980401e-03,4,4,4.5,e,-1.5,+1,4,4,4.5,e,-1.5,+1
sigma+,sigma+,80,80,0.000000,7.076275e-03,4,4,4.5,e,-0.5,+1,4,4,4.5,e,-0.5,+1
sigma+,sigma+,81,81,0.000000,7.076280e-03,4,4,4.5,e,+0.5,+1,4,4,4.5,e,+0.5,+1
sigma+,sigma+,82,82,0.000000,3.980411e-03,4,4,4.5,e,+1.5,+1,4,4,4.5,e,+1.5,+1
sigma+,sigma+,83,83,0.000000,4.422693e-04,4,4,4.5,e,+2.5,+1,4,4,4.5,e,+2.5,+1
sigma+,sigma+,84,84,0.000000,1.769066e-03,4,4,4.5,e,+3.5,+1,4,4,4.5,e,+3.5,+1
sigma+,sigma+,85,85,0.000000,1.592162e-02,4,4,4.5,e,+4.5,+1,4,4,4.5,e,+4.5,+1
sigma+,sigma+,86,86,0.000000,1.592162e-02,4,4,4.5,f,-4.5,-1,4,4,4.5,f,-4.5,-1
sigma+,sigma+,87,87,0.000000,1.769072e-03,4,4,4.5,f,-3.5,-1,4,4,4.5,f,-3.5,-1
sigma+,sigma+,88,88,0.000000,4.422654e-04,4,4,4.5,f,-2.5,-1,4,4,4.5,f,-2.5,-1
sigma+,sigma+,89,89,0.000000,3.980401e-03,4,4,4.5,f,-1.5,-1,4,4,4.5,f,-1.5,-1
sigma+,sigma+,90,90,0.000000,7.076274e-03,4,4,4.5,f,-0.5,-1,4,4,4.5,f,-0.5,-1
sigma+,sigma+,91,91,0.000000,7.076278e-03,4,4,4.5,f,+0.5,-1,4,4,4.5,f,+0.5,-1
sigma+,sigma+,92,92,0.000000,3.980410e-03,4,4,4.5,f,+1.5,-1,4,4,4.5,f,+1.5,-1
sigma+,sigma+,93,93,0.000000,4.422691e-04,4,4,4.5,f,+2.5,-1,4,4,4.5,f,+2.5,-1
sigma+,sigma+,94,94,0.000000,1.769066e-03,4,4,4.5,f,+3.5,-1,4,4,4.5,f,+3.5,-1
sigma+,sigma+,95,95,0.000000,1.592162e-02,4,4,4.5,f,+4.5,-1,4,4,4.5,f,+4.5,-1
sigma+,sigma+,96,96,0.000000,1.785255e-02,5,5,4.5,e,-4.5,-1,5,5,4.5,e,-4.5,-1
sigma+,sigma+,97,97,0.000000,1.983614e-03,5,5,4.5,e,-3.5,-1,5,5,4.5,e,-3.5,-1
sigma+,sigma+,98,98,0.000000,4.959062e-04,5,5,4.5,e,-2.5,-1,5,5,4.5,e,-2.5,-1
sigma+,sigma+,99,99,0.000000,4.463143e-03,5,5,4.5,e,-1.5,-1,5,5,4.5,e,-1.5,-1
sigma+,sigma+,100,100,0.000000,7.934471e-03,5,5,4.5,e,-0.5,-1,5,5,4.5,e,-0.5,-1
sigma+,sigma+,101,101,0.000000,7.934468e-03,5,5,4.5,e,+0.5,-1,5,5,4.5,e,+0.5,-1
sigma+,sigma+,102,102,0.000000,4.463135e-03,5,5,4.5,e,+1.5,-1,5,5,4.5,e,+1.5,-1
sigma+,sigma+,103,103,0.000000,4.959025e-04,5,5,4.5,e,+2.5,-1,5,5,4.5,e,+2.5,-1
sigma+,sigma+,104,104,0.000000,1.983621e-03,5,5,4.5,e,+3.5,-1,5,5,4.5,e,+3.5,-1
sigma+,sigma+,105,105,0.000000,1.785256e-02,5,5,4.5,e,+4.5,-1,5,5,4.5,e,+4.5,-1
sigma+,sigma+,106,106,0.000000,1.785255e-02,5,5,4.5,f,-4.5,+1,5,5,4.5,f,-4.5,+1
sigma+,sigma+,107,107,0.000000,1.983614e-03,5,5,4.5,f,-3.5,+1,5,5,4.5,f,-3.5,+1
sigma+,sigma+,108,108,0.000000,4.959060e-04,5,5,4.5,f,-2.5,+1,5,5,4.5,f,-2.5,+1
sigma+,sigma+,109,109,0.000000,4.463142e-03,5,5,4.5,f,-1.5,+1,5,5,4.5,f,-1.5,+1
sigma+,sigma+,110,110,0.000000,7.934470e-03,5,5,4.5,f,-0.5,+1,5,5,4.5,f,-0.5,+1
sigma+,sigma+,111,111,0.000000,7.934467e-03,5,5,4.5,f,+0.5,+1,5,5,4.5,f,+0.5,+1
sigma+,sigma+,112,112,0.000000,4.463135e-03,5,5,4.5,f,+1.5,+1,5,5,4.5,f,+1.5,+1
sigma+,sigma+,113,113,0.000000,4.959026e-04,5,5,4.5,f,+2.5,+1,5,5,4.5,f,+2.5,+1
sigma+,sigma+,114,114,0.000000,1.983621e-03,5,5,4.5,f,+3.5,+1,5,5,4.5,f,+3.5,+1
sigma+,sigma+,115,115,0.000000,1.785256e-02,5,5,4.5,f,+4.5,+1,5,5,4.5,f,+4.5,+1
sigma+,sigma+,116,116,0.000000,1.996956e-02,5,5,5.5,e,-5.5,-1,5,5,5.5,e,-5.5,-1
sigma+,sigma+,117,117,0.000000,4.125947e-03,5,5,5.5,e,-4.5,-1,5,5,5.5,e,-4.5,-1
sigma+,sigma+,118,118,0.000000,6.601730e-06,5,5,5.5,e,-3.5,-1,5,5,5.5,e,-3.5,-1
sigma+,sigma+,119,119,0.000000,1.907832e-03,5,5,5.5,e,-2.5,-1,5,5,5.5,e,-2.5,-1
sigma+,sigma+,120,120,0.000000,5.551864e-03,5,5,5.5,e,-1.5,-1,5,5,5.5,e,-1.5,-1
sigma+,sigma+,121,121,0.000000,8.086846e-03,5,5,5.5,e,-0.5,-1,5,5,5.5,e,-0.5,-1
sigma+,sigma+,122,122,0.000000,8.086850e-03,5,5,5.5,e,+0.5,-1,5,5,5.5,e,+0.5,-1
sigma+,sigma+,123,123,0.000000,5.551873e-03,5,5,5.5,e,+1.5,-1,5,5,5.5,e,+1.5,-1
sigma+,sigma+,124,124,0.000000,1.907840e-03,5,5,5.5,e,+2.5,-1,5,5,5.5,e,+2.5,-1
sigma+,sigma+,125,125,0.000000,6.601287e-06,5,5,5.5,e,+3.5,-1,5,5,5.5,e,+3.5,-1
sigma+,sigma+,126,126,0.000000,4.125939e-03,5,5,5.5,e,+4.5,-1,5,5,5.5,e,+4.5,-1
sigma+,sigma+,127,127,0.000000,1.996956e-02,5,5,5.5,e,+5.5,-1,5,5,5.5,e,+5.5,-1
sigma+,sigma+,128,128,0.000000,1.996956e-02,5,5,5.5,f,-5.5,+1,5,5,5.5,f,-5.5,+1
sigma+,sigma+,129,129,0.000000,4.125946e-03,5,5,5.5,f,-4.5,+1,5,5,5.5,f,-4.5,+1
sigma+,sigma+,130,130,0.000000,6.601713e-06,5,5,5.5,f,-3.5,+1,5,5,5.5,f,-3.5,+1
sigma+,sigma+,131,131,0.000000,1.907832e-03,5,5,5.5,f,-2.5,+1,5,5,5.5,f,-2.5,+1
sigma+,sigma+,132,132,0.000000,5.551864e-03,5,5,5.5,f,-1.5,+1,5,5,5.5,f,-1.5,+1
sigma+,sigma+,133,133,0.000000,8.086846e-03,5,5,5.5,f,-0.5,+1,5,5,5.5,f,-0.5,+1
sigma+,sigma+,134,134,0.000000,8.086849e-03,5,5,5.5,f,+0.5,+1,5,5,5.5,f,+0.5,+1
sigma+,sigma+,135,135,0.000000,5.551872e-03,5,5,5.5,f,+1.5,+1,5,5,5.5,f,+1.5,+1
sigma+,sigma+,136,136,0.000000,1.907839e-03,5,5,5.5,f,+2.5,+1,5,5,5.5,f,+2.5,+1
sigma+,sigma+,137,137,0.000000,6.601303e-06,5,5,5.5,f,+3.5,+1,5,5,5.5,f,+3.5,+1
sigma+,sigma+,138,138,0.000000,4.125939e-03,5,5,5.5,f,+4.5,+1,5,5,5.5,f,+4.5,+1
sigma+,sigma+,139,139,0.000000,1.996956e-02,5,5,5.5,f,+5.5,+1,5,5,5.5,f,+5.5,+1
sigma+,sigma+,117,96,3.577451,5.940492e-04,5,5,5.5,e,-4.5,-1,5,5,4.5,e,-4.5,-1
sigma+,sigma+,129,106,3.577452,5.940503e-04,5,5,5.5,f,-4.5,+1,5,5,4.5,f,-4.5,+1
sigma+,sigma+,118,97,3.577453,6.468530e-04,5,5,5.5,e,-3.5,-1,5,5,4.5,e,-3.5,-1
sigma+,sigma+,130,107,3.577453,6.468543e-04,5,5,5.5,f,-3.5,+1,5,5,4.5,f,-3.5,+1
sigma+,sigma+,119,98,3.577454,4.400357e-04,5,5,5.5,e,-2.5,-1,5,5,4.5,e,-2.5,-1
sigma+,sigma+,131,108,3.577455,4.400366e-04,5,5,5.5,f,-2.5,+1,5,5,4.5,f,-2.5,+1
sigma+,sigma+,120,99,3.577456,1.848149e-04,5,5,5.5,e,-1.5,-1,5,5,4.5,e,-1.5,-1
sigma+,sigma+,132,109,3.577456,1.848152e-04,5,5,5.5,f,-1.5,+1,5,5,4.5,f,-1.5,+1
sigma+,sigma+,121,100,3.577457,2.200175e-05,5,5,5.5,e,-0.5,-1,5,5,4.5,e,-0.5,-1
sigma+,sigma+,133,110,3.577457,2.200180e-05,5,5,5.5,f,-0.5,+1,5,5,4.5,f,-0.5,+1
sigma+,sigma+,134,111,3.577459,2.200178e-05,5,5,5.5,f,+0.5,+1,5,5,4.5,f,+0.5,+1
sigma+,sigma+,122,101,3.577459,2.200173e-05,5,5,5.5,e,+0.5,-1,5,5,4.5,e,+0.5,-1
sigma+,sigma+,135,112,3.577460,1.848148e-04,5,5,5.5,f,+1.5,+1,5,5,4.5,f,+1.5,+1
sigma+,sigma+,123,102,3.577460,1.848144e-04,5,5,5.5,e,+1.5,-1,5,5,4.5,e,+1.5,-1
sigma+,sigma+,136,113,3.577461,4.400350e-04,5,5,5.5,f,+2.5,+1,5,5,4.5,f,+2.5,+1
sigma+,sigma+,124,103,3.577461,4.400340e-04,5,5,5.5,e,+2.5,-1,5,5,4.5,e,+2.5,-1
sigma+,sigma+,137,114,3.577462,6.468509e-04,5,5,5.5,f,+3.5,+1,5,5,4.5,f,+3.5,+1
sigma+,sigma+,125,104,3.577463,6.468494e-04,5,5,5.5,e,+3.5,-1,5,5,4.5,e,+3.5,-1
sigma+,sigma+,138,115,3.577464,5.940463e-04,5,5,5.5,f,+4.5,+1,5,5,4.5,f,+4.5,+1
sigma+,sigma+,126,105,3.577464,5.940449e-04,5,5,5.5,e,+4.5,-1,5,5,4.5,e,+4.5,-1
sigma+,sigma+,77,60,4.435453,8.843471e-04,4,4,4.5,e,-3.5,+1,4,4,3.5,e,-3.5,+1
sigma+,sigma+,87,68,4.435453,8.843489e-04,4,4,4.5,f,-3.5,-1,4,4,3.5,f,-3.5,-1
sigma+,sigma+,78,61,4.435455,7.895949e-04,4,4,4.5,e,-2.5,+1,4,4,3.5,e,-2.5,+1
sigma+,sigma+,88,69,4.435455,7.895966e-04,4,4,4.5,f,-2.5,-1,4,4,3.5,f,-2.5,-1
sigma+,sigma+,79,62,4.435457,3.654693e-04,4,4,4.5,e,-1.5,+1,4,4,3.5,e,-1.5,+1
sigma+,sigma+,89,70,4.435457,3.654701e-04,4,4,4.5,f,-1.5,-1,4,4,3.5,f,-1.5,-1
sigma+,sigma+,80,63,4.435459,4.511963e-05,4,4,4.5,e,-0.5,+1,4,4,3.5,e,-0.5,+1
sigma+,sigma+,90,71,4.435459,4.511973e-05,4,4,4.5,f,-0.5,-1,4,4,3.5,f,-0.5,-1
sigma+,sigma+,91,72,4.435461,4.511969e-05,4,4,4.5,f,+0.5,-1,4,4,3.5,f,+0.5,-1
sigma+,sigma+,81,64,4.435461,4.511959e-05,4,4,4.5,e,+0.5,+1,4,4,3.5,e,+0.5,+1
sigma+,sigma+,92,73,4.435463,3.654692e-04,4,4,4.5,f,+1.5,-1,4,4,3.5,f,+1.5,-1
sigma+,sigma+,82,65,4.435463,3.654683e-04,4,4,4.5,e,+1.5,+1,4,4,3.5,e,+1.5,+1
sigma+,sigma+,93,74,4.435465,7.895933e-04,4,4,4.5,f,+2.5,-1,4,4,3.5,f,+2.5,-1
sigma+,sigma+,83,66,4.435465,7.895914e-04,4,4,4.5,e,+2.5,+1,4,4,3.5,e,+2.5,+1
sigma+,sigma+,94,75,4.435466,8.843437e-04,4,4,4.5,f,+3.5,-1,4,4,3.5,f,+3.5,-1
sigma+,sigma+,84,67,4.435467,8.843416e-04,4,4,4.5,e,+3.5,+1,4,4,3.5,e,+3.5,+1
sigma+,sigma+,45,32,5.796176,1.274864e-03,3,3,3.5,e,-2.5,-1,3,3,2.5,e,-2.5,-1
sigma+,sigma+,53,38,5.796176,1.274866e-03,3,3,3.5,f,-2.5,+1,3,3,2.5,f,-2.5,+1
sigma+,sigma+,46,33,5.796179,7.649173e-04,3,3,3.5,e,-1.5,-1,3,3,2.5,e,-1.5,-1
sigma+,sigma+,54,39,5.796179,7.649191e-04,3,3,3.5,f,-1.5,+1,3,3,2.5,f,-1.5,+1
sigma+,sigma+,47,34,5.796182,1.019889e-04,3,3,3.5,e,-0.5,-1,3,3,2.5,e,-0.5,-1
sigma+,sigma+,55,40,5.796182,1.019891e-04,3,3,3.5,f,-0.5,+1,3,3,2.5,f,-0.5,+1
sigma+,sigma+,48,35,5.796185,1.019888e-04,3,3,3.5,e,+0.5,-1,3,3,2.5,e,+0.5,-1
sigma+,sigma+,56,41,5.796185,1.019890e-04,3,3,3.5,f,+0.5,+1,3,3,2.5,f,+0.5,+1
sigma+,sigma+,57,42,5.796188,7.649167e-04,3,3,3.5,f,+1.5,+1,3,3,2.5,f,+1.5,+1
sigma+,sigma+,49,36,5.796188,7.649148e-04,3,3,3.5,e,+1.5,-1,3,3,2.5,e,+1.5,-1
sigma+,sigma+,58,43,5.796191,1.274860e-03,3,3,3.5,f,+2.5,+1,3,3,2.5,f,+2.5,+1
sigma+,sigma+,50,37,5.796192,1.274857e-03,3,3,3.5,e,+2.5,-1,3,3,2.5,e,+2.5,-1
sigma+,sigma+,21,12,8.329649,1.223035e-03,2,2,2.5,e,-1.5,+1,2,2,1.5,e,-1.5,+1
sigma+,sigma+,27,16,8.329650,1.223039e-03,2,2,2.5,f,-1.5,-1,2,2,1.5,f,-1.5,-1
sigma+,sigma+,22,13,8.329656,2.038388e-04,2,2,2.5,e,-0.5,+1,2,2,1.5,e,-0.5,+1
sigma+,sigma+,28,17,8.329656,2.038394e-04,2,2,2.5,f,-0.5,-1,2,2,1.5,f,-0.5,-1
sigma+,sigma+,23,14,8.329662,2.038385e-04,2,2,2.5,e,+0.5,+1,2,2,1.5,e,+0.5,+1
sigma+,sigma+,29,18,8.329663,2.038391e-04,2,2,2.5,f,+0.5,-1,2,2,1.5,f,+0.5,-1
sigma+,sigma+,24,15,8.329669,1.223029e-03,2,2,2.5,e,+1.5,+1,2,2,1.5,e,+1.5,+1
sigma+,sigma+,30,19,8.329669,1.223033e-03,2,2,2.5,f,+1.5,-1,2,2,1.5,f,+1.5,-1
sigma+,sigma+,5,0,15.047589,3.329888e-03,1,1,1.5,e,-0.5,-1,1,1,0.5,e,-0.5,-1
sigma+,sigma+,9,2,15.047591,3.329885e-03,1,1,1.5,f,-0.5,+1,1,1,0.5,f,-0.5,+1
sigma+,sigma+,6,1,15.047614,3.329877e-03,1,1,1.5,e,+0.5,-1,1,1,0.5,e,+0.5,-1
sigma+,sigma+,10,3,15.047616,3.329874e-03,1,1,1.5,f,+0.5,+1,1,1,0.5,f,+0.5,+1
sigma+,sigma+,3,23,29073.263222,6.662571e-03,1,1,0.5,f,+0.5,+1,2,2,2.5,e,+0.5,+1
sigma+,sigma+,2,22,29073.263259,6.662581e-03,1,1,0.5,f,-0.5,+1,2,2,2.5,e,-0.5,+1
sigma+,sigma+,3,14,29081.592885,1.000349e-02,1,1,0.5,f,+0.5,+1,2,2,1.5,e,+0.5,+1
sigma+,sigma+,2,13,29081.592914,1.000342e-02,1,1,0.5,f,-0.5,+1,2,2,1.5,e,-0.5,+1
sigma+,sigma+,11,24,29088.310826,2.000648e-02,1,1,1.5,f,+1.5,+1,2,2,2.5,e,+1.5,+1
sigma+,sigma+,10,23,29088.310838,3.334392e-03,1,1,1.5,f,+0.5,+1,2,2,2.5,e,+0.5,+1
sigma+,sigma+,9,22,29088.310850,3.334430e-03,1,1,1.5,f,-0.5,+1,2,2,2.5,e,-0.5,+1
sigma+,sigma+,8,21,29088.310861,2.000645e-02,1,1,1.5,f,-1.5,+1,2,2,2.5,e,-1.5,+1
sigma+,sigma+,1,29,29094.423219,6.662568e-03,1,1,0.5,e,+0.5,-1,2,2,2.5,f,+0.5,-1
sigma+,sigma+,0,28,29094.423257,6.662576e-03,1,1,0.5,e,-0.5,-1,2,2,2.5,f,-0.5,-1
sigma+,sigma+,11,15,29096.640495,4.996529e-03,1,1,1.5,f,+1.5,+1,2,2,1.5,e,+1.5,+1
sigma+,sigma+,10,14,29096.640500,4.996536e-03,1,1,1.5,f,+0.5,+1,2,2,1.5,e,+0.5,+1
sigma+,sigma+,9,13,29096.640505,4.996553e-03,1,1,1.5,f,-0.5,+1,2,2,1.5,e,-0.5,+1
sigma+,sigma+,8,12,29096.640511,4.996561e-03,1,1,1.5,f,-1.5,+1,2,2,1.5,e,-1.5,+1
sigma+,sigma+,1,18,29102.752882,1.000348e-02,1,1,0.5,e,+0.5,-1,2,2,1.5,f,+0.5,-1
sigma+,sigma+,0,17,29102.752913,1.000342e-02,1,1,0.5,e,-0.5,-1,2,2,1.5,f,-0.5,-1
sigma+,sigma+,7,30,29109.470821,2.000648e-02,1,1,1.5,e,+1.5,-1,2,2,2.5,f,+1.5,-1
sigma+,sigma+,6,29,29109.470834,3.334393e-03,1,1,1.5,e,+0.5,-1,2,2,2.5,f,+0.5,-1
sigma+,sigma+,5,28,29109.470846,3.334430e-03,1,1,1.5,e,-0.5,-1,2,2,2.5,f,-0.5,-1
sigma+,sigma+,4,27,29109.470858,2.000645e-02,1,1,1.5,e,-1.5,-1,2,2,2.5,f,-1.5,-1
sigma+,sigma+,7,19,29117.800490,4.996532e-03,1,1,1.5,e,+1.5,-1,2,2,1.5,f,+1.5,-1
sigma+,sigma+,6,18,29117.800496,4.996538e-03,1,1,1.5,e,+0.5,-1,2,2,1.5,f,+0.5,-1
sigma+,sigma+,5,17,29117.800502,4.996556e-03,1,1,1.5,e,-0.5,-1,2,2,1.5,f,-0.5,-1
sigma+,sigma+,4,16,29117.800508,4.996562e-03,1,1,1.5,e,-1.5,-1,2,2,1.5,f,-1.5,-1
sigma+,sigma+,19,49,43614.287382,6.807991e-04,2,2,1.5,f,+1.5,-1,3,3,3.5,e,+1.5,-1
sigma+,sigma+,18,48,43614.287392,1.225440e-03,2,2,1.5,f,+0.5,-1,3,3,3.5,e,+0.5,-1
sigma+,sigma+,17,47,43614.287401,1.225442e-03,2,2,1.5,f,-0.5,-1,3,3,3.5,e,-0.5,-1
sigma+,sigma+,16,46,43614.287411,6.808019e-04,2,2,1.5,f,-1.5,-1,3,3,3.5,e,-1.5,-1
sigma+,sigma+,19,36,43620.083571,9.791040e-03,2,2,1.5,f,+1.5,-1,3,3,2.5,e,+1.5,-1
sigma+,sigma+,18,35,43620.083577,1.631844e-03,2,2,1.5,f,+0.5,-1,3,3,2.5,e,+0.5,-1
sigma+,sigma+,17,34,43620.083583,1.631834e-03,2,2,1.5,f,-0.5,-1,3,3,2.5,e,-0.5,-1
sigma+,sigma+,16,33,43620.083590,9.791028e-03,2,2,1.5,f,-1.5,-1,3,3,2.5,e,-1.5,-1
sigma+,sigma+,31,50,43622.617048,1.020712e-02,2,2,2.5,f,+2.5,-1,3,3,3.5,e,+2.5,-1
sigma+,sigma+,30,49,43622.617051,6.124265e-03,2,2,2.5,f,+1.5,-1,3,3,3.5,e,+1.5,-1
sigma+,sigma+,29,48,43622.617054,8.165656e-04,2,2,2.5,f,+0.5,-1,3,3,3.5,e,+0.5,-1
sigma+,sigma+,28,47,43622.617058,8.165729e-04,2,2,2.5,f,-0.5,-1,3,3,3.5,e,-0.5,-1
sigma+,sigma+,27,46,43622.617061,6.124274e-03,2,2,2.5,f,-1.5,-1,3,3,3.5,e,-1.5,-1
sigma+,sigma+,26,45,43622.617064,1.020711e-02,2,2,2.5,f,-2.5,-1,3,3,3.5,e,-2.5,-1
sigma+,sigma+,31,37,43628.413240,1.700152e-03,2,2,2.5,f,+2.5,-1,3,3,2.5,e,+2.5,-1
sigma+,sigma+,30,36,43628.413240,6.800618e-05,2,2,2.5,f,+1.5,-1,3,3,2.5,e,+1.5,-1
sigma+,sigma+,29,35,43628.413240,1.088100e-03,2,2,2.5,f,+0.5,-1,3,3,2.5,e,+0.5,-1
sigma+,sigma+,28,34,43628.413240,1.088102e-03,2,2,2.5,f,-0.5,-1,3,3,2.5,e,-0.5,-1
sigma+,sigma+,27,33,43628.413240,6.800643e-05,2,2,2.5,f,-1.5,-1,3,3,2.5,e,-1.5,-1
sigma+,sigma+,26,32,43628.413240,1.700163e-03,2,2,2.5,f,-2.5,-1,3,3,2.5,e,-2.5,-1
sigma+,sigma+,15,57,43661.897376,6.807992e-04,2,2,1.5,e,+1.5,+1,3,3,3.5,f,+1.5,+1
sigma+,sigma+,14,56,43661.897387,1.225440e-03,2,2,1.5,e,+0.5,+1,3,3,3.5,f,+0.5,+1
sigma+,sigma+,13,55,43661.897398,1.225441e-03,2,2,1.5,e,-0.5,+1,3,3,3.5,f,-0.5,+1
sigma+,sigma+,12,54,43661.897408,6.808013e-04,2,2,1.5,e,-1.5,+1,3,3,3.5,f,-1.5,+1
sigma+,sigma+,15,42,43667.693565,9.791039e-03,2,2,1.5,e,+1.5,+1,3,3,2.5,f,+1.5,+1
sigma+,sigma+,14,41,43667.693572,1.631844e-03,2,2,1.5,e,+0.5,+1,3,3,2.5,f,+0.5,+1
sigma+,sigma+,13,40,43667.693580,1.631834e-03,2,2,1.5,e,-0.5,+1,3,3,2.5,f,-0.5,+1
sigma+,sigma+,12,39,43667.693588,9.791028e-03,2,2,1.5,e,-1.5,+1,3,3,2.5,f,-1.5,+1
sigma+,sigma+,25,58,43670.227041,1.020712e-02,2,2,2.5,e,+2.5,+1,3,3,3.5,f,+2.5,+1
sigma+,sigma+,24,57,43670.227045,6.124266e-03,2,2,2.5,e,+1.5,+1,3,3,3.5,f,+1.5,+1
sigma+,sigma+,23,56,43670.227049,8.165657e-04,2,2,2.5,e,+0.5,+1,3,3,3.5,f,+0.5,+1
sigma+,sigma+,22,55,43670.227053,8.165729e-04,2,2,2.5,e,-0.5,+1,3,3,3.5,f,-0.5,+1
sigma+,sigma+,21,54,43670.227058,6.124274e-03,2,2,2.5,e,-1.5,+1,3,3,3.5,f,-1.5,+1
sigma+,sigma+,20,53,43670.227062,1.020711e-02,2,2,2.5,e,-2.5,+1,3,3,3.5,f,-2.5,+1
sigma+,sigma+,25,43,43676.023232,1.700153e-03,2,2,2.5,e,+2.5,+1,3,3,2.5,f,+2.5,+1
sigma+,sigma+,24,42,43676.023233,6.800610e-05,2,2,2.5,e,+1.5,+1,3,3,2.5,f,+1.5,+1
sigma+,sigma+,23,41,43676.023235,1.088100e-03,2,2,2.5,e,+0.5,+1,3,3,2.5,f,+0.5,+1
sigma+,sigma+,22,40,43676.023236,1.088102e-03,2,2,2.5,e,-0.5,+1,3,3,2.5,f,-0.5,+1
sigma+,sigma+,21,39,43676.023237,6.800656e-05,2,2,2.5,e,-1.5,+1,3,3,2.5,f,-1.5,+1
sigma+,sigma+,20,38,43676.023238,1.700163e-03,2,2,2.5,e,-2.5,+1,3,3,2.5,f,-2.5,+1
sigma+,sigma+,43,83,58146.058971,1.324176e-04,3,3,2.5,f,+2.5,+1,4,4,4.5,e,+2.5,+1
sigma+,sigma+,42,82,58146.058975,2.837524e-04,3,3,2.5,f,+1.5,+1,4,4,4.5,e,+1.5,+1
sigma+,sigma+,41,81,58146.058979,3.783371e-04,3,3,2.5,f,+0.5,+1,4,4,4.5,e,+0.5,+1
sigma+,sigma+,40,80,58146.058983,3.783376e-04,3,3,2.5,f,-0.5,+1,4,4,4.5,e,-0.5,+1
sigma+,sigma+,39,79,58146.058987,2.837536e-04,3,3,2.5,f,-1.5,+1,4,4,4.5,e,-1.5,+1
sigma+,sigma+,38,78,58146.058991,1.324185e-04,3,3,2.5,f,-2.5,+1,4,4,4.5,e,-2.5,+1
sigma+,sigma+,43,66,58150.494435,5.902773e-03,3,3,2.5,f,+2.5,+1,4,4,3.5,e,+2.5,+1
sigma+,sigma+,42,65,58150.494438,3.541666e-03,3,3,2.5,f,+1.5,+1,4,4,3.5,e,+1.5,+1
sigma+,sigma+,41,64,58150.494440,4.722234e-04,3,3,2.5,f,+0.5,+1,4,4,3.5,e,+0.5,+1
sigma+,sigma+,40,63,58150.494442,4.722202e-04,3,3,2.5,f,-0.5,+1,4,4,3.5,e,-0.5,+1
sigma+,sigma+,39,62,58150.494444,3.541660e-03,3,3,2.5,f,-1.5,+1,4,4,3.5,e,-1.5,+1
sigma+,sigma+,38,61,58150.494446,5.902771e-03,3,3,2.5,f,-2.5,+1,4,4,3.5,e,-2.5,+1
sigma+,sigma+,59,84,58151.855161,5.556969e-03,3,3,3.5,f,+3.5,+1,4,4,4.5,e,+3.5,+1
sigma+,sigma+,58,83,58151.855162,4.961577e-03,3,3,3.5,f,+2.5,+1,4,4,4.5,e,+2.5,+1
sigma+,sigma+,57,82,58151.855163,2.296499e-03,3,3,3.5,f,+1.5,+1,4,4,4.5,e,+1.5,+1
sigma+,sigma+,56,81,58151.855164,2.835175e-04,3,3,3.5,f,+0.5,+1,4,4,4.5,e,+0.5,+1
sigma+,sigma+,55,80,58151.855165,2.835199e-04,3,3,3.5,f,-0.5,+1,4,4,4.5,e,-0.5,+1
sigma+,sigma+,54,79,58151.855166,2.296504e-03,3,3,3.5,f,-1.5,+1,4,4,4.5,e,-1.5,+1
sigma+,sigma+,53,78,58151.855167,4.961578e-03,3,3,3.5,f,-2.5,+1,4,4,4.5,e,-2.5,+1
sigma+,sigma+,52,77,58151.855168,5.556964e-03,3,3,3.5,f,-3.5,+1,4,4,4.5,e,-3.5,+1
sigma+,sigma+,52,60,58156.290621,6.943268e-04,3,3,3.5,f,-3.5,+1,4,4,3.5,e,-3.5,+1
sigma+,sigma+,53,61,58156.290622,1.416996e-05,3,3,3.5,f,-2.5,+1,4,4,3.5,e,-2.5,+1
sigma+,sigma+,54,62,58156.290623,1.275290e-04,3,3,3.5,f,-1.5,+1,4,4,3.5,e,-1.5,+1
sigma+,sigma+,55,63,58156.290624,3.542472e-04,3,3,3.5,f,-0.5,+1,4,4,3.5,e,-0.5,+1
sigma+,sigma+,56,64,58156.290625,3.542470e-04,3,3,3.5,f,+0.5,+1,4,4,3.5,e,+0.5,+1
sigma+,sigma+,57,65,58156.290626,1.275289e-04,3,3,3.5,f,+1.5,+1,4,4,3.5,e,+1.5,+1
sigma+,sigma+,58,66,58156.290627,1.416981e-05,3,3,3.5,f,+2.5,+1,4,4,3.5,e,+2.5,+1
sigma+,sigma+,59,67,58156.290628,6.943219e-04,3,3,3.5,f,+3.5,+1,4,4,3.5,e,+3.5,+1
sigma+,sigma+,37,93,58230.698963,1.324177e-04,3,3,2.5,e,+2.5,-1,4,4,4.5,f,+2.5,-1
sigma+,sigma+,36,92,58230.698968,2.837526e-04,3,3,2.5,e,+1.5,-1,4,4,4.5,f,+1.5,-1
sigma+,sigma+,35,91,58230.698973,3.783371e-04,3,3,2.5,e,+0.5,-1,4,4,4.5,f,+0.5,-1
sigma+,sigma+,34,90,58230.698979,3.783374e-04,3,3,2.5,e,-0.5,-1,4,4,4.5,f,-0.5,-1
sigma+,sigma+,33,89,58230.698984,2.837533e-04,3,3,2.5,e,-1.5,-1,4,4,4.5,f,-1.5,-1
sigma+,sigma+,32,88,58230.698989,1.324183e-04,3,3,2.5,e,-2.5,-1,4,4,4.5,f,-2.5,-1
sigma+,sigma+,37,74,58235.134428,5.902773e-03,3,3,2.5,e,+2.5,-1,4,4,3.5,f,+2.5,-1
sigma+,sigma+,36,73,58235.134431,3.541666e-03,3,3,2.5,e,+1.5,-1,4,4,3.5,f,+1.5,-1
sigma+,sigma+,35,72,58235.134434,4.722233e-04,3,3,2.5,e,+0.5,-1,4,4,3.5,f,+0.5,-1
sigma+,sigma+,34,71,58235.134438,4.722202e-04,3,3,2.5,e,-0.5,-1,4,4,3.5,f,-0.5,-1
sigma+,sigma+,33,70,58235.134441,3.541660e-03,3,3,2.5,e,-1.5,-1,4,4,3.5,f,-1.5,-1
sigma+,sigma+,32,69,58235.134444,5.902771e-03,3,3,2.5,e,-2.5,-1,4,4,3.5,f,-2.5,-1
sigma+,sigma+,51,94,58236.495153,5.556969e-03,3,3,3.5,e,+3.5,-1,4,4,4.5,f,+3.5,-1
sigma+,sigma+,50,93,58236.495155,4.961577e-03,3,3,3.5,e,+2.5,-1,4,4,4.5,f,+2.5,-1
sigma+,sigma+,49,92,58236.495157,2.296499e-03,3,3,3.5,e,+1.5,-1,4,4,4.5,f,+1.5,-1
sigma+,sigma+,48,91,58236.495159,2.835175e-04,3,3,3.5,e,+0.5,-1,4,4,4.5,f,+0.5,-1
sigma+,sigma+,47,90,58236.495161,2.835199e-04,3,3,3.5,e,-0.5,-1,4,4,4.5,f,-0.5,-1
sigma+,sigma+,46,89,58236.495163,2.296504e-03,3,3,3.5,e,-1.5,-1,4,4,4.5,f,-1.5,-1
sigma+,sigma+,45,88,58236.495165,4.961578e-03,3,3,3.5,e,-2.5,-1,4,4,4.5,f,-2.5,-1
sigma+,sigma+,44,87,58236.495167,5.556965e-03,3,3,3.5,e,-3.5,-1,4,4,4.5,f,-3.5,-1
sigma+,sigma+,51,75,58240.930619,6.943222e-04,3,3,3.5,e,+3.5,-1,4,4,3.5,f,+3.5,-1
sigma+,sigma+,50,74,58240.930619,1.416986e-05,3,3,3.5,e,+2.5,-1,4,4,3.5,f,+2.5,-1
sigma+,sigma+,49,73,58240.930619,1.275288e-04,3,3,3.5,e,+1.5,-1,4,4,3.5,f,+1.5,-1
sigma+,sigma+,48,72,58240.930620,3.542470e-04,3,3,3.5,e,+0.5,-1,4,4,3.5,f,+0.5,-1
sigma+,sigma+,47,71,58240.930620,3.542474e-04,3,3,3.5,e,-0.5,-1,4,4,3.5,f,-0.5,-1
sigma+,sigma+,46,70,58240.930620,1.275292e-04,3,3,3.5,e,-1.5,-1,4,4,3.5,f,-1.5,-1
sigma+,sigma+,45,69,58240.930620,1.416992e-05,3,3,3.5,e,-2.5,-1,4,4,3.5,f,-2.5,-1
sigma+,sigma+,44,68,58240.930620,6.943269e-04,3,3,3.5,e,-3.5,-1,4,4,3.5,f,-3.5,-1
sigma+,sigma+,75,125,72671.161243,3.677482e-05,4,4,3.5,f,+3.5,-1,5,5,5.5,e,+3.5,-1
sigma+,sigma+,74,124,72671.161245,8.580803e-05,4,4,3.5,f,+2.5,-1,5,5,5.5,e,+2.5,-1
sigma+,sigma+,73,123,72671.161247,1.287122e-04,4,4,3.5,f,+1.5,-1,5,5,5.5,e,+1.5,-1
sigma+,sigma+,72,122,72671.161249,1.532291e-04,4,4,3.5,f,+0.5,-1,5,5,5.5,e,+0.5,-1
sigma+,sigma+,71,121,72671.161252,1.532293e-04,4,4,3.5,f,-0.5,-1,5,5,5.5,e,-0.5,-1
sigma+,sigma+,70,120,72671.161254,1.287128e-04,4,4,3.5,f,-1.5,-1,5,5,5.5,e,-1.5,-1
sigma+,sigma+,69,119,72671.161256,8.580865e-05,4,4,3.5,f,-2.5,-1,5,5,5.5,e,-2.5,-1
sigma+,sigma+,68,118,72671.161258,3.677519e-05,4,4,3.5,f,-3.5,-1,5,5,5.5,e,-3.5,-1
sigma+,sigma+,75,104,72674.738706,3.598484e-03,4,4,3.5,f,+3.5,-1,5,5,4.5,e,+3.5,-1
sigma+,sigma+,74,103,72674.738707,3.212933e-03,4,4,3.5,f,+2.5,-1,5,5,4.5,e,+2.5,-1
sigma+,sigma+,73,102,72674.738707,1.487130e-03,4,4,3.5,f,+1.5,-1,5,5,4.5,e,+1.5,-1
sigma+,sigma+,72,101,72674.738708,1.835968e-04,4,4,3.5,f,+0.5,-1,5,5,4.5,e,+0.5,-1
sigma+,sigma+,71,100,72674.738709,1.835954e-04,4,4,3.5,f,-0.5,-1,5,5,4.5,e,-0.5,-1
sigma+,sigma+,70,99,72674.738709,1.487127e-03,4,4,3.5,f,-1.5,-1,5,5,4.5,e,-1.5,-1
sigma+,sigma+,69,98,72674.738710,3.212931e-03,4,4,3.5,f,-2.5,-1,5,5,4.5,e,-2.5,-1
sigma+,sigma+,68,97,72674.738711,3.598484e-03,4,4,3.5,f,-3.5,-1,5,5,4.5,e,-3.5,-1
sigma+,sigma+,95,126,72675.596709,3.306507e-03,4,4,4.5,f,+4.5,-1,5,5,5.5,e,+4.5,-1
sigma+,sigma+,94,125,72675.596709,3.600418e-03,4,4,4.5,f,+3.5,-1,5,5,5.5,e,+3.5,-1
sigma+,sigma+,93,124,72675.596710,2.449263e-03,4,4,4.5,f,+2.5,-1,5,5,5.5,e,+2.5,-1
sigma+,sigma+,92,123,72675.596710,1.028690e-03,4,4,4.5,f,+1.5,-1,5,5,5.5,e,+1.5,-1
sigma+,sigma+,91,122,72675.596710,1.224626e-04,4,4,4.5,f,+0.5,-1,5,5,5.5,e,+0.5,-1
sigma+,sigma+,90,121,72675.596711,1.224637e-04,4,4,4.5,f,-0.5,-1,5,5,5.5,e,-0.5,-1
sigma+,sigma+,89,120,72675.596711,1.028692e-03,4,4,4.5,f,-1.5,-1,5,5,5.5,e,-1.5,-1
sigma+,sigma+,88,119,72675.596711,2.449265e-03,4,4,4.5,f,-2.5,-1,5,5,5.5,e,-2.5,-1
sigma+,sigma+,87,118,72675.596711,3.600418e-03,4,4,4.5,f,-3.5,-1,5,5,5.5,e,-3.5,-1
sigma+,sigma+,86,117,72675.596712,3.306505e-03,4,4,4.5,f,-4.5,-1,5,5,5.5,e,-4.5,-1
sigma+,sigma+,86,96,72679.174163,3.305432e-04,4,4,4.5,f,-4.5,-1,5,5,4.5,e,-4.5,-1
sigma+,sigma+,87,97,72679.174164,3.672707e-05,4,4,4.5,f,-3.5,-1,5,5,4.5,e,-3.5,-1
sigma+,sigma+,88,98,72679.174165,9.181695e-06,4,4,4.5,f,-2.5,-1,5,5,4.5,e,-2.5,-1
sigma+,sigma+,89,99,72679.174166,8.263549e-05,4,4,4.5,f,-1.5,-1,5,5,4.5,e,-1.5,-1
sigma+,sigma+,90,100,72679.174168,1.469075e-04,4,4,4.5,f,-0.5,-1,5,5,4.5,e,-0.5,-1
sigma+,sigma+,91,101,72679.174169,1.469075e-04,4,4,4.5,f,+0.5,-1,5,5,4.5,e,+0.5,-1
sigma+,sigma+,92,102,72679.174170,8.263547e-05,4,4,4.5,f,+1.5,-1,5,5,4.5,e,+1.5,-1
sigma+,sigma+,93,103,72679.174171,9.181745e-06,4,4,4.5,f,+2.5,-1,5,5,4.5,e,+2.5,-1
sigma+,sigma+,94,104,72679.174172,3.672669e-05,4,4,4.5,f,+3.5,-1,5,5,4.5,e,+3.5,-1
sigma+,sigma+,95,105,72679.174173,3.305406e-04,4,4,4.5,f,+4.5,-1,5,5,4.5,e,+4.5,-1
sigma+,sigma+,1,35,72722.836459,1.333742e-02,1,1,0.5,e,+0.5,-1,3,3,2.5,e,+0.5,-1
sigma+,sigma+,0,34,72722.836497,1.333743e-02,1,1,0.5,e,-0.5,-1,3,3,2.5,e,-0.5,-1
sigma+,sigma+,7,49,72732.087872,8.161865e-03,1,1,1.5,e,+1.5,-1,3,3,3.5,e,+1.5,-1
sigma+,sigma+,6,48,72732.087888,1.469135e-02,1,1,1.5,e,+0.5,-1,3,3,3.5,e,+0.5,-1
sigma+,sigma+,5,47,72732.087904,1.469134e-02,1,1,1.5,e,-0.5,-1,3,3,3.5,e,-0.5,-1
sigma+,sigma+,4,46,72732.087919,8.161848e-03,1,1,1.5,e,-1.5,-1,3,3,3.5,e,-1.5,-1
sigma+,sigma+,7,36,72737.884061,3.265167e-03,1,1,1.5,e,+1.5,-1,3,3,2.5,e,+1.5,-1
sigma+,sigma+,6,35,72737.884073,5.441971e-04,1,1,1.5,e,+0.5,-1,3,3,2.5,e,+0.5,-1
sigma+,sigma+,5,34,72737.884086,5.441950e-04,1,1,1.5,e,-0.5,-1,3,3,2.5,e,-0.5,-1
sigma+,sigma+,4,33,72737.884098,3.265185e-03,1,1,1.5,e,-1.5,-1,3,3,2.5,e,-1.5,-1
sigma+,sigma+,3,41,72749.286457,1.333742e-02,1,1,0.5,f,+0.5,+1,3,3,2.5,f,+0.5,+1
sigma+,sigma+,2,40,72749.286494,1.333743e-02,1,1,0.5,f,-0.5,+1,3,3,2.5,f,-0.5,+1
sigma+,sigma+,11,57,72758.537872,8.161864e-03,1,1,1.5,f,+1.5,+1,3,3,3.5,f,+1.5,+1
sigma+,sigma+,10,56,72758.537887,1.469134e-02,1,1,1.5,f,+0.5,+1,3,3,3.5,f,+0.5,+1
sigma+,sigma+,9,55,72758.537903,1.469133e-02,1,1,1.5,f,-0.5,+1,3,3,3.5,f,-0.5,+1
sigma+,sigma+,8,54,72758.537919,8.161847e-03,1,1,1.5,f,-1.5,+1,3,3,3.5,f,-1.5,+1
sigma+,sigma+,11,42,72764.334060,3.265174e-03,1,1,1.5,f,+1.5,+1,3,3,2.5,f,+1.5,+1
sigma+,sigma+,10,41,72764.334073,5.441983e-04,1,1,1.5,f,+0.5,+1,3,3,2.5,f,+0.5,+1
sigma+,sigma+,9,40,72764.334085,5.441959e-04,1,1,1.5,f,-0.5,+1,3,3,2.5,f,-0.5,+1
sigma+,sigma+,8,39,72764.334098,3.265191e-03,1,1,1.5,f,-1.5,+1,3,3,2.5,f,-1.5,+1
sigma+,sigma+,67,137,72803.411234,3.677488e-05,4,4,3.5,e,+3.5,+1,5,5,5.5,f,+3.5,+1
sigma+,sigma+,66,136,72803.411237,8.580813e-05,4,4,3.5,e,+2.5,+1,5,5,5.5,f,+2.5,+1
sigma+,sigma+,65,135,72803.411241,1.287123e-04,4,4,3.5,e,+1.5,+1,5,5,5.5,f,+1.5,+1
sigma+,sigma+,64,134,72803.411244,1.532291e-04,4,4,3.5,e,+0.5,+1,5,5,5.5,f,+0.5,+1
sigma+,sigma+,63,133,72803.411247,1.532292e-04,4,4,3.5,e,-0.5,+1,5,5,5.5,f,-0.5,+1
sigma+,sigma+,62,132,72803.411251,1.287126e-04,4,4,3.5,e,-1.5,+1,5,5,5.5,f,-1.5,+1
sigma+,sigma+,61,131,72803.411254,8.580851e-05,4,4,3.5,e,-2.5,+1,5,5,5.5,f,-2.5,+1
sigma+,sigma+,60,130,72803.411257,3.677511e-05,4,4,3.5,e,-3.5,+1,5,5,5.5,f,-3.5,+1
sigma+,sigma+,67,114,72806.988697,3.598484e-03,4,4,3.5,e,+3.5,+1,5,5,4.5,f,+3.5,+1
sigma+,sigma+,66,113,72806.988699,3.212933e-03,4,4,3.5,e,+2.5,+1,5,5,4.5,f,+2.5,+1
sigma+,sigma+,65,112,72806.988701,1.487130e-03,4,4,3.5,e,+1.5,+1,5,5,4.5,f,+1.5,+1
sigma+,sigma+,64,111,72806.988703,1.835968e-04,4,4,3.5,e,+0.5,+1,5,5,4.5,f,+0.5,+1
sigma+,sigma+,63,110,72806.988704,1.835954e-04,4,4,3.5,e,-0.5,+1,5,5,4.5,f,-0.5,+1
sigma+,sigma+,62,109,72806.988706,1.487127e-03,4,4,3.5,e,-1.5,+1,5,5,4.5,f,-1.5,+1
sigma+,sigma+,61,108,72806.988708,3.212931e-03,4,4,3.5,e,-2.5,+1,5,5,4.5,f,-2.5,+1
sigma+,sigma+,60,107,72806.988710,3.598484e-03,4,4,3.5,e,-3.5,+1,5,5,4.5,f,-3.5,+1
sigma+,sigma+,85,138,72807.846700,3.306507e-03,4,4,4.5,e,+4.5,+1,5,5,5.5,f,+4.5,+1
sigma+,sigma+,84,137,72807.846701,3.600418e-03,4,4,4.5,e,+3.5,+1,5,5,5.5,f,+3.5,+1
sigma+,sigma+,83,136,72807.846702,2.449263e-03,4,4,4.5,e,+2.5,+1,5,5,5.5,f,+2.5,+1
sigma+,sigma+,82,135,72807.846704,1.028690e-03,4,4,4.5,e,+1.5,+1,5,5,5.5,f,+1.5,+1
sigma+,sigma+,81,134,72807.846705,1.224626e-04,4,4,4.5,e,+0.5,+1,5,5,5.5,f,+0.5,+1
sigma+,sigma+,80,133,72807.846706,1.224637e-04,4,4,4.5,e,-0.5,+1,5,5,5.5,f,-0.5,+1
sigma+,sigma+,79,132,72807.846708,1.028692e-03,4,4,4.5,e,-1.5,+1,5,5,5.5,f,-1.5,+1
sigma+,sigma+,78,131,72807.846709,2.449265e-03,4,4,4.5,e,-2.5,+1,5,5,5.5,f,-2.5,+1
sigma+,sigma+,77,130,72807.846710,3.600418e-03,4,4,4.5,e,-3.5,+1,5,5,5.5,f,-3.5,+1
sigma+,sigma+,76,129,72807.846711,3.306505e-03,4,4,4.5,e,-4.5,+1,5,5,5.5,f,-4.5,+1
sigma+,sigma+,76,106,72811.424163,3.305432e-04,4,4,4.5,e,-4.5,+1,5,5,4.5,f,-4.5,+1
sigma+,sigma+,77,107,72811.424163,3.672700e-05,4,4,4.5,e,-3.5,+1,5,5,4.5,f,-3.5,+1
sigma+,sigma+,78,108,72811.424163,9.181737e-06,4,4,4.5,e,-2.5,+1,5,5,4.5,f,-2.5,+1
sigma+,sigma+,79,109,72811.424163,8.263559e-05,4,4,4.5,e,-1.5,+1,5,5,4.5,f,-1.5,+1
sigma+,sigma+,80,110,72811.424163,1.469076e-04,4,4,4.5,e,-0.5,+1,5,5,4.5,f,-0.5,+1
sigma+,sigma+,81,111,72811.424163,1.469075e-04,4,4,4.5,e,+0.5,+1,5,5,4.5,f,+0.5,+1
sigma+,sigma+,82,112,72811.424163,8.263540e-05,4,4,4.5,e,+1.5,+1,5,5,4.5,f,+1.5,+1
sigma+,sigma+,83,113,72811.424163,9.181706e-06,4,4,4.5,e,+2.5,+1,5,5,4.5,f,+2.5,+1
sigma+,sigma+,84,114,72811.424163,3.672678e-05,4,4,4.5,e,+3.5,+1,5,5,4.5,f,+3.5,+1
sigma+,sigma+,85,115,72811.424163,3.305408e-04,4,4,4.5,e,+4.5,+1,5,5,4.5,f,+4.5,+1
sigma+,sigma+,15,65,101818.188002,1.020496e-02,2,2,1.5,e,+1.5,+1,4,4,3.5,e,+1.5,+1
sigma+,sigma+,14,64,101818.188012,1.836893e-02,2,2,1.5,e,+0.5,+1,4,4,3.5,e,+0.5,+1
sigma+,sigma+,13,63,101818.188022,1.836894e-02,2,2,1.5,e,-0.5,+1,4,4,3.5,e,-0.5,+1
sigma+,sigma+,12,62,101818.188031,1.020497e-02,2,2,1.5,e,-1.5,+1,4,4,3.5,e,-1.5,+1
sigma+,sigma+,25,83,101822.082203,6.613357e-03,2,2,2.5,e,+2.5,+1,4,4,4.5,e,+2.5,+1
sigma+,sigma+,24,82,101822.082208,1.417147e-02,2,2,2.5,e,+1.5,+1,4,4,4.5,e,+1.5,+1
sigma+,sigma+,23,81,101822.082213,1.889529e-02,2,2,2.5,e,+0.5,+1,4,4,4.5,e,+0.5,+1
sigma+,sigma+,22,80,101822.082218,1.889528e-02,2,2,2.5,e,-0.5,+1,4,4,4.5,e,-0.5,+1
sigma+,sigma+,21,79,101822.082224,1.417146e-02,2,2,2.5,e,-1.5,+1,4,4,4.5,e,-1.5,+1
sigma+,sigma+,20,78,101822.082229,6.613345e-03,2,2,2.5,e,-2.5,+1,4,4,4.5,e,-2.5,+1
sigma+,sigma+,25,66,101826.517668,1.889618e-03,2,2,2.5,e,+2.5,+1,4,4,3.5,e,+2.5,+1
sigma+,sigma+,24,65,101826.517671,1.133772e-03,2,2,2.5,e,+1.5,+1,4,4,3.5,e,+1.5,+1
sigma+,sigma+,23,64,101826.517674,1.511698e-04,2,2,2.5,e,+0.5,+1,4,4,3.5,e,+0.5,+1
sigma+,sigma+,22,63,101826.517677,1.511701e-04,2,2,2.5,e,-0.5,+1,4,4,3.5,e,-0.5,+1
sigma+,sigma+,21,62,101826.517681,1.133777e-03,2,2,2.5,e,-1.5,+1,4,4,3.5,e,-1.5,+1
sigma+,sigma+,20,61,101826.517684,1.889630e-03,2,2,2.5,e,-2.5,+1,4,4,3.5,e,-2.5,+1
sigma+,sigma+,19,73,101855.218002,1.020496e-02,2,2,1.5,f,+1.5,-1,4,4,3.5,f,+1.5,-1
sigma+,sigma+,18,72,101855.218011,1.836893e-02,2,2,1.5,f,+0.5,-1,4,4,3.5,f,+0.5,-1
sigma+,sigma+,17,71,101855.218021,1.836893e-02,2,2,1.5,f,-0.5,-1,4,4,3.5,f,-0.5,-1
sigma+,sigma+,16,70,101855.218031,1.020497e-02,2,2,1.5,f,-1.5,-1,4,4,3.5,f,-1.5,-1
sigma+,sigma+,31,93,101859.112203,6.613356e-03,2,2,2.5,f,+2.5,-1,4,4,4.5,f,+2.5,-1
sigma+,sigma+,30,92,101859.112208,1.417147e-02,2,2,2.5,f,+1.5,-1,4,4,4.5,f,+1.5,-1
sigma+,sigma+,29,91,101859.112213,1.889529e-02,2,2,2.5,f,+0.5,-1,4,4,4.5,f,+0.5,-1
sigma+,sigma+,28,90,101859.112218,1.889528e-02,2,2,2.5,f,-0.5,-1,4,4,4.5,f,-0.5,-1
sigma+,sigma+,27,89,101859.112224,1.417146e-02,2,2,2.5,f,-1.5,-1,4,4,4.5,f,-1.5,-1
sigma+,sigma+,26,88,101859.112229,6.613345e-03,2,2,2.5,f,-2.5,-1,4,4,4.5,f,-2.5,-1
sigma+,sigma+,31,74,101863.547667,1.889623e-03,2,2,2.5,f,+2.5,-1,4,4,3.5,f,+2.5,-1
sigma+,sigma+,30,73,101863.547671,1.133775e-03,2,2,2.5,f,+1.5,-1,4,4,3.5,f,+1.5,-1
sigma+,sigma+,29,72,101863.547674,1.511702e-04,2,2,2.5,f,+0.5,-1,4,4,3.5,f,+0.5,-1
sigma+,sigma+,28,71,101863.547677,1.511703e-04,2,2,2.5,f,-0.5,-1,4,4,3.5,f,-0.5,-1
sigma+,sigma+,27,70,101863.547681,1.133779e-03,2,2,2.5,f,-1.5,-1,4,4,3.5,f,-1.5,-1
sigma+,sigma+,26,69,101863.547684,1.889634e-03,2,2,2.5,f,-2.5,-1,4,4,3.5,f,-2.5,-1
sigma+,sigma+,37,103,130909.873134,7.143117e-03,3,3,2.5,e,+2.5,-1,5,5,4.5,e,+2.5,-1
sigma+,sigma+,36,102,130909.873138,1.530668e-02,3,3,2.5,e,+1.5,-1,5,5,4.5,e,+1.5,-1
sigma+,sigma+,35,101,130909.873142,2.040891e-02,3,3,2.5,e,+0.5,-1,5,5,4.5,e,+0.5,-1
sigma+,sigma+,34,100,130909.873146,2.040892e-02,3,3,2.5,e,-0.5,-1,5,5,4.5,e,-0.5,-1
sigma+,sigma+,33,99,130909.873150,1.530669e-02,3,3,2.5,e,-1.5,-1,5,5,4.5,e,-1.5,-1
sigma+,sigma+,32,98,130909.873154,7.143124e-03,3,3,2.5,e,-2.5,-1,5,5,4.5,e,-2.5,-1
sigma+,sigma+,51,125,130912.091862,4.958539e-03,3,3,3.5,e,+3.5,-1,5,5,5.5,e,+3.5,-1
sigma+,sigma+,50,124,130912.091864,1.156992e-02,3,3,3.5,e,+2.5,-1,5,5,5.5,e,+2.5,-1
sigma+,sigma+,49,123,130912.091867,1.735488e-02,3,3,3.5,e,+1.5,-1,5,5,5.5,e,+1.5,-1
sigma+,sigma+,48,122,130912.091869,2.066057e-02,3,3,3.5,e,+0.5,-1,5,5,5.5,e,+0.5,-1
sigma+,sigma+,47,121,130912.091871,2.066056e-02,3,3,3.5,e,-0.5,-1,5,5,5.5,e,-0.5,-1
sigma+,sigma+,46,120,130912.091874,1.735487e-02,3,3,3.5,e,-1.5,-1,5,5,5.5,e,-1.5,-1
sigma+,sigma+,45,119,130912.091876,1.156991e-02,3,3,3.5,e,-2.5,-1,5,5,5.5,e,-2.5,-1
sigma+,sigma+,44,118,130912.091878,4.958531e-03,3,3,3.5,e,-3.5,-1,5,5,5.5,e,-3.5,-1
sigma+,sigma+,11,65,130914.828498,2.280039e-10,1,1,1.5,f,+1.5,+1,4,4,3.5,e,+1.5,+1
sigma+,sigma+,10,64,130914.828512,4.104082e-10,1,1,1.5,f,+0.5,+1,4,4,3.5,e,+0.5,+1
sigma+,sigma+,9,63,130914.828527,4.104094e-10,1,1,1.5,f,-0.5,+1,4,4,3.5,e,-0.5,+1
sigma+,sigma+,8,62,130914.828542,2.280059e-10,1,1,1.5,f,-1.5,+1,4,4,3.5,e,-1.5,+1
sigma+,sigma+,51,104,130915.669325,1.101919e-03,3,3,3.5,e,+3.5,-1,5,5,4.5,e,+3.5,-1
sigma+,sigma+,50,103,130915.669326,9.838571e-04,3,3,3.5,e,+2.5,-1,5,5,4.5,e,+2.5,-1
sigma+,sigma+,49,102,130915.669327,4.553853e-04,3,3,3.5,e,+1.5,-1,5,5,4.5,e,+1.5,-1
sigma+,sigma+,48,101,130915.669327,5.622024e-05,3,3,3.5,e,+0.5,-1,5,5,4.5,e,+0.5,-1
sigma+,sigma+,47,100,130915.669328,5.622092e-05,3,3,3.5,e,-0.5,-1,5,5,4.5,e,-0.5,-1
sigma+,sigma+,46,99,130915.669329,4.553881e-04,3,3,3.5,e,-1.5,-1,5,5,4.5,e,-1.5,-1
sigma+,sigma+,45,98,130915.669330,9.838632e-04,3,3,3.5,e,-2.5,-1,5,5,4.5,e,-2.5,-1
sigma+,sigma+,44,97,130915.669331,1.101927e-03,3,3,3.5,e,-3.5,-1,5,5,4.5,e,-3.5,-1
sigma+,sigma+,43,113,130957.483134,7.143117e-03,3,3,2.5,f,+2.5,+1,5,5,4.5,f,+2.5,+1
sigma+,sigma+,42,112,130957.483138,1.530668e-02,3,3,2.5,f,+1.5,+1,5,5,4.5,f,+1.5,+1
sigma+,sigma+,41,111,130957.483142,2.040891e-02,3,3,2.5,f,+0.5,+1,5,5,4.5,f,+0.5,+1
sigma+,sigma+,40,110,130957.483146,2.040892e-02,3,3,2.5,f,-0.5,+1,5,5,4.5,f,-0.5,+1
sigma+,sigma+,39,109,130957.483150,1.530669e-02,3,3,2.5,f,-1.5,+1,5,5,4.5,f,-1.5,+1
sigma+,sigma+,38,108,130957.483154,7.143123e-03,3,3,2.5,f,-2.5,+1,5,5,4.5,f,-2.5,+1
sigma+,sigma+,59,137,130959.701862,4.958539e-03,3,3,3.5,f,+3.5,+1,5,5,5.5,f,+3.5,+1
sigma+,sigma+,58,136,130959.701864,1.156992e-02,3,3,3.5,f,+2.5,+1,5,5,5.5,f,+2.5,+1
sigma+,sigma+,57,135,130959.701867,1.735488e-02,3,3,3.5,f,+1.5,+1,5,5,5.5,f,+1.5,+1
sigma+,sigma+,56,134,130959.701869,2.066056e-02,3,3,3.5,f,+0.5,+1,5,5,5.5,f,+0.5,+1
sigma+,sigma+,55,133,130959.701871,2.066056e-02,3,3,3.5,f,-0.5,+1,5,5,5.5,f,-0.5,+1
sigma+,sigma+,54,132,130959.701874,1.735487e-02,3,3,3.5,f,-1.5,+1,5,5,5.5,f,-1.5,+1
sigma+,sigma+,53,131,130959.701876,1.156991e-02,3,3,3.5,f,-2.5,+1,5,5,5.5,f,-2.5,+1
sigma+,sigma+,52,130,130959.701878,4.958531e-03,3,3,3.5,f,-3.5,+1,5,5,5.5,f,-3.5,+1
sigma+,sigma+,59,114,130963.279324,1.101922e-03,3,3,3.5,f,+3.5,+1,5,5,4.5,f,+3.5,+1
sigma+,sigma+,58,113,130963.279325,9.838593e-04,3,3,3.5,f,+2.5,+1,5,5,4.5,f,+2.5,+1
sigma+,sigma+,57,112,130963.279326,4.553864e-04,3,3,3.5,f,+1.5,+1,5,5,4.5,f,+1.5,+1
sigma+,sigma+,56,111,130963.279327,5.622042e-05,3,3,3.5,f,+0.5,+1,5,5,4.5,f,+0.5,+1
sigma+,sigma+,55,110,130963.279328,5.622096e-05,3,3,3.5,f,-0.5,+1,5,5,4.5,f,-0.5,+1
sigma+,sigma+,54,109,130963.279329,4.553888e-04,3,3,3.5,f,-1.5,+1,5,5,4.5,f,-1.5,+1
sigma+,sigma+,53,108,130963.279330,9.838649e-04,3,3,3.5,f,-2.5,+1,5,5,4.5,f,-2.5,+1
sigma+,sigma+,52,107,130963.279331,1.101929e-03,3,3,3.5,f,-3.5,+1,5,5,4.5,f,-3.5,+1
sigma+,sigma+,7,73,130973.018492,2.280042e-10,1,1,1.5,e,+1.5,-1,4,4,3.5,f,+1.5,-1
sigma+,sigma+,6,72,130973.018508,4.104087e-10,1,1,1.5,e,+0.5,-1,4,4,3.5,f,+0.5,-1
sigma+,sigma+,5,71,130973.018523,4.104099e-10,1,1,1.5,e,-0.5,-1,4,4,3.5,f,-0.5,-1
sigma+,sigma+,4,70,130973.018539,2.280061e-10,1,1,1.5,e,-1.5,-1,4,4,3.5,f,-1.5,-1
sigma+,sigma+,31,103,174538.286374,5.383273e-11,2,2,2.5,f,+2.5,-1,5,5,4.5,e,+2.5,-1
sigma+,sigma+,30,102,174538.286378,1.153560e-10,2,2,2.5,f,+1.5,-1,5,5,4.5,e,+1.5,-1
sigma+,sigma+,29,101,174538.286382,1.538082e-10,2,2,2.5,f,+0.5,-1,5,5,4.5,e,+0.5,-1
sigma+,sigma+,28,100,174538.286386,1.538084e-10,2,2,2.5,f,-0.5,-1,5,5,4.5,e,-0.5,-1
sigma+,sigma+,27,99,174538.286390,1.153565e-10,2,2,2.5,f,-1.5,-1,5,5,4.5,e,-1.5,-1
sigma+,sigma+,26,98,174538.286394,5.383310e-11,2,2,2.5,f,-2.5,-1,5,5,4.5,e,-2.5,-1
sigma+,sigma+,25,113,174633.506366,5.383278e-11,2,2,2.5,e,+2.5,+1,5,5,4.5,f,+2.5,+1
sigma+,sigma+,24,112,174633.506372,1.153561e-10,2,2,2.5,e,+1.5,+1,5,5,4.5,f,+1.5,+1
sigma+,sigma+,23,111,174633.506377,1.538084e-10,2,2,2.5,e,+0.5,+1,5,5,4.5,f,+0.5,+1
sigma+,sigma+,22,110,174633.506382,1.538086e-10,2,2,2.5,e,-0.5,+1,5,5,4.5,f,-0.5,+1
sigma+,sigma+,21,109,174633.506387,1.153566e-10,2,2,2.5,e,-1.5,+1,5,5,4.5,f,-1.5,+1
sigma+,sigma+,20,108,174633.506392,5.383315e-11,2,2,2.5,e,-2.5,+1,5,5,4.5,f,-2.5,+1
sigma+,pi,107,20,-174633.506388,4.306647e-10,5,5,4.5,f,-3.5,+1,2,2,2.5,e,-2.5,+1
sigma+,pi,108,21,-174633.506383,5.383302e-10,5,5,4.5,f,-2.5,+1,2,2,2.5,e,-1.5,+1
sigma+,pi,109,22,-174633.506378,4.614252e-10,5,5,4.5,f,-1.5,+1,2,2,2.5,e,-0.5,+1
sigma+,pi,110,23,-174633.506373,3.076164e-10,5,5,4.5,f,-0.5,+1,2,2,2.5,e,+0.5,+1
sigma+,pi,111,24,-174633.506368,1.538080e-10,5,5,4.5,f,+0.5,+1,2,2,2.5,e,+1.5,+1
sigma+,pi,112,25,-174633.506363,4.614233e-11,5,5,4.5,f,+1.5,+1,2,2,2.5,e,+2.5,+1
sigma+,pi,97,26,-174538.286390,4.306643e-10,5,5,4.5,e,-3.5,-1,2,2,2.5,f,-2.5,-1
sigma+,pi,98,27,-174538.286385,5.383296e-10,5,5,4.5,e,-2.5,-1,2,2,2.5,f,-1.5,-1
sigma+,pi,99,28,-174538.286381,4.614248e-10,5,5,4.5,e,-1.5,-1,2,2,2.5,f,-0.5,-1
sigma+,pi,100,29,-174538.286377,3.076161e-10,5,5,4.5,e,-0.5,-1,2,2,2.5,f,+0.5,-1
sigma+,pi,101,30,-174538.286373,1.538078e-10,5,5,4.5,e,+0.5,-1,2,2,2.5,f,+1.5,-1
sigma+,pi,102,31,-174538.286369,4.614229e-11,5,5,4.5,e,+1.5,-1,2,2,2.5,f,+2.5,-1
sigma+,pi,69,4,-130973.018534,1.368035e-09,4,4,3.5,f,-2.5,-1,1,1,1.5,e,-1.5,-1
sigma+,pi,70,5,-130973.018518,1.368031e-09,4,4,3.5,f,-1.5,-1,1,1,1.5,e,-0.5,-1
sigma+,pi,71,6,-130973.018502,8.208163e-10,4,4,3.5,f,-0.5,-1,1,1,1.5,e,+0.5,-1
sigma+,pi,72,7,-130973.018486,2.736047e-10,4,4,3.5,f,+0.5,-1,1,1,1.5,e,+1.5,-1
sigma+,pi,106,52,-130963.279328,4.958683e-03,5,5,4.5,f,-4.5,+1,3,3,3.5,f,-3.5,+1
sigma+,pi,107,53,-130963.279327,7.083837e-04,5,5,4.5,f,-3.5,+1,3,3,3.5,f,-2.5,+1
sigma+,pi,108,54,-130963.279325,5.903141e-05,5,5,4.5,f,-2.5,+1,3,3,3.5,f,-1.5,+1
sigma+,pi,109,55,-130963.279324,1.054137e-03,5,5,4.5,f,-1.5,+1,3,3,3.5,f,-0.5,+1
sigma+,pi,110,56,-130963.279323,2.276936e-03,5,5,4.5,f,-0.5,+1,3,3,3.5,f,+0.5,+1
sigma+,pi,111,57,-130963.279322,2.850384e-03,5,5,4.5,f,+0.5,+1,3,3,3.5,f,+1.5,+1
sigma+,pi,112,58,-130963.279321,2.437161e-03,5,5,4.5,f,+1.5,+1,3,3,3.5,f,+2.5,+1
sigma+,pi,113,59,-130963.279320,1.239663e-03,5,5,4.5,f,+2.5,+1,3,3,3.5,f,+3.5,+1
sigma+,pi,129,52,-130959.701876,4.958533e-02,5,5,5.5,f,-4.5,+1,3,3,3.5,f,-3.5,+1
sigma+,pi,130,53,-130959.701873,6.941948e-02,5,5,5.5,f,-3.5,+1,3,3,3.5,f,-2.5,+1
sigma+,pi,131,54,-130959.701871,6.941949e-02,5,5,5.5,f,-2.5,+1,3,3,3.5,f,-1.5,+1
sigma+,pi,132,55,-130959.701869,5.784959e-02,5,5,5.5,f,-1.5,+1,3,3,3.5,f,-0.5,+1
sigma+,pi,133,56,-130959.701866,4.132114e-02,5,5,5.5,f,-0.5,+1,3,3,3.5,f,+0.5,+1
sigma+,pi,134,57,-130959.701864,2.479269e-02,5,5,5.5,f,+0.5,+1,3,3,3.5,f,+1.5,+1
sigma+,pi,135,58,-130959.701862,1.156993e-02,5,5,5.5,f,+1.5,+1,3,3,3.5,f,+2.5,+1
sigma+,pi,136,59,-130959.701859,3.305694e-03,5,5,5.5,f,+2.5,+1,3,3,3.5,f,+3.5,+1
sigma+,pi,107,38,-130957.483150,5.714497e-02,5,5,4.5,f,-3.5,+1,3,3,2.5,f,-2.5,+1
sigma+,pi,108,39,-130957.483146,7.143120e-02,5,5,4.5,f,-2.5,+1,3,3,2.5,f,-1.5,+1
sigma+,pi,109,40,-130957.483142,6.122673e-02,5,5,4.5,f,-1.5,+1,3,3,2.5,f,-0.5,+1
sigma+,pi,110,41,-130957.483138,4.081781e-02,5,5,4.5,f,-0.5,+1,3,3,2.5,f,+0.5,+1
sigma+,pi,111,42,-130957.483134,2.040890e-02,5,5,4.5,f,+0.5,+1,3,3,2.5,f,+1.5,+1
sigma+,pi,112,43,-130957.483130,6.122669e-03,5,5,4.5,f,+1.5,+1,3,3,2.5,f,+2.5,+1
sigma+,pi,96,44,-130915.669327,4.958675e-03,5,5,4.5,e,-4.5,-1,3,3,3.5,e,-3.5,-1
sigma+,pi,97,45,-130915.669326,7.083827e-04,5,5,4.5,e,-3.5,-1,3,3,3.5,e,-2.5,-1
sigma+,pi,98,46,-130915.669325,5.903118e-05,5,5,4.5,e,-2.5,-1,3,3,3.5,e,-1.5,-1
sigma+,pi,99,47,-130915.669324,1.054135e-03,5,5,4.5,e,-1.5,-1,3,3,3.5,e,-0.5,-1
sigma+,pi,100,48,-130915.669323,2.276930e-03,5,5,4.5,e,-0.5,-1,3,3,3.5,e,+0.5,-1
sigma+,pi,101,49,-130915.669322,2.850378e-03,5,5,4.5,e,+0.5,-1,3,3,3.5,e,+1.5,-1
sigma+,pi,102,50,-130915.669321,2.437156e-03,5,5,4.5,e,+1.5,-1,3,3,3.5,e,+2.5,-1
sigma+,pi,103,51,-130915.669320,1.239660e-03,5,5,4.5,e,+2.5,-1,3,3,3.5,e,+3.5,-1
sigma+,pi,61,8,-130914.828536,1.368033e-09,4,4,3.5,e,-2.5,+1,1,1,1.5,f,-1.5,+1
sigma+,pi,62,9,-130914.828521,1.368029e-09,4,4,3.5,e,-1.5,+1,1,1,1.5,f,-0.5,+1
sigma+,pi,63,10,-130914.828506,8.208153e-10,4,4,3.5,e,-0.5,+1,1,1,1.5,f,+0.5,+1
sigma+,pi,64,11,-130914.828492,2.736043e-10,4,4,3.5,e,+0.5,+1,1,1,1.5,f,+1.5,+1
sigma+,pi,117,44,-130912.091875,4.958533e-02,5,5,5.5,e,-4.5,-1,3,3,3.5,e,-3.5,-1
sigma+,pi,118,45,-130912.091873,6.941948e-02,5,5,5.5,e,-3.5,-1,3,3,3.5,e,-2.5,-1
sigma+,pi,119,46,-130912.091870,6.941949e-02,5,5,5.5,e,-2.5,-1,3,3,3.5,e,-1.5,-1
sigma+,pi,120,47,-130912.091868,5.784959e-02,5,5,5.5,e,-1.5,-1,3,3,3.5,e,-0.5,-1
sigma+,pi,121,48,-130912.091866,4.132115e-02,5,5,5.5,e,-0.5,-1,3,3,3.5,e,+0.5,-1
sigma+,pi,122,49,-130912.091864,2.479269e-02,5,5,5.5,e,+0.5,-1,3,3,3.5,e,+1.5,-1
sigma+,pi,123,50,-130912.091861,1.156993e-02,5,5,5.5,e,+1.5,-1,3,3,3.5,e,+2.5,-1
sigma+,pi,124,51,-130912.091859,3.305694e-03,5,5,5.5,e,+2.5,-1,3,3,3.5,e,+3.5,-1
sigma+,pi,97,32,-130909.873150,5.714497e-02,5,5,4.5,e,-3.5,-1,3,3,2.5,e,-2.5,-1
sigma+,pi,98,33,-130909.873146,7.143120e-02,5,5,4.5,e,-2.5,-1,3,3,2.5,e,-1.5,-1
sigma+,pi,99,34,-130909.873142,6.122673e-02,5,5,4.5,e,-1.5,-1,3,3,2.5,e,-0.5,-1
sigma+,pi,100,35,-130909.873138,4.081781e-02,5,5,4.5,e,-0.5,-1,3,3,2.5,e,+0.5,-1
sigma+,pi,101,36,-130909.873134,2.040890e-02,5,5,4.5,e,+0.5,-1,3,3,2.5,e,+1.5,-1
sigma+,pi,102,37,-130909.873130,6.122670e-03,5,5,4.5,e,+1.5,-1,3,3,2.5,e,+2.5,-1
sigma+,pi,68,26,-101863.547679,6.613721e-03,4,4,3.5,f,-3.5,-1,2,2,2.5,f,-2.5,-1
sigma+,pi,69,27,-101863.547675,1.889632e-04,4,4,3.5,f,-2.5,-1,2,2,2.5,f,-1.5,-1
sigma+,pi,70,28,-101863.547672,1.133778e-03,4,4,3.5,f,-1.5,-1,2,2,2.5,f,-0.5,-1
sigma+,pi,71,29,-101863.547669,3.703671e-03,4,4,3.5,f,-0.5,-1,2,2,2.5,f,+0.5,-1
sigma+,pi,72,30,-101863.547665,4.572894e-03,4,4,3.5,f,+0.5,-1,2,2,2.5,f,+1.5,-1
sigma+,pi,73,31,-101863.547662,2.834435e-03,4,4,3.5,f,+1.5,-1,2,2,2.5,f,+2.5,-1
sigma+,pi,87,26,-101859.112225,5.290678e-02,4,4,4.5,f,-3.5,-1,2,2,2.5,f,-2.5,-1
sigma+,pi,88,27,-101859.112220,6.613350e-02,4,4,4.5,f,-2.5,-1,2,2,2.5,f,-1.5,-1
sigma+,pi,89,28,-101859.112215,5.668587e-02,4,4,4.5,f,-1.5,-1,2,2,2.5,f,-0.5,-1
sigma+,pi,90,29,-101859.112210,3.779060e-02,4,4,4.5,f,-0.5,-1,2,2,2.5,f,+0.5,-1
sigma+,pi,91,30,-101859.112205,1.889530e-02,4,4,4.5,f,+0.5,-1,2,2,2.5,f,+1.5,-1
sigma+,pi,92,31,-101859.112199,5.668593e-03,4,4,4.5,f,+1.5,-1,2,2,2.5,f,+2.5,-1
sigma+,pi,69,16,-101855.218025,6.122978e-02,4,4,3.5,f,-2.5,-1,2,2,1.5,f,-1.5,-1
sigma+,pi,70,17,-101855.218016,6.122976e-02,4,4,3.5,f,-1.5,-1,2,2,1.5,f,-0.5,-1
sigma+,pi,71,18,-101855.218006,3.673784e-02,4,4,3.5,f,-0.5,-1,2,2,1.5,f,+0.5,-1
sigma+,pi,72,19,-101855.217997,1.224594e-02,4,4,3.5,f,+0.5,-1,2,2,1.5,f,+1.5,-1
sigma+,pi,60,20,-101826.517678,6.613709e-03,4,4,3.5,e,-3.5,+1,2,2,2.5,e,-2.5,+1
sigma+,pi,61,21,-101826.517675,1.889630e-04,4,4,3.5,e,-2.5,+1,2,2,2.5,e,-1.5,+1
sigma+,pi,62,22,-101826.517671,1.133775e-03,4,4,3.5,e,-1.5,+1,2,2,2.5,e,-0.5,+1
sigma+,pi,63,23,-101826.517668,3.703663e-03,4,4,3.5,e,-0.5,+1,2,2,2.5,e,+0.5,+1
sigma+,pi,64,24,-101826.517665,4.572884e-03,4,4,3.5,e,+0.5,+1,2,2,2.5,e,+1.5,+1
sigma+,pi,65,25,-101826.517662,2.834429e-03,4,4,3.5,e,+1.5,+1,2,2,2.5,e,+2.5,+1
sigma+,pi,77,20,-101822.082225,5.290678e-02,4,4,4.5,e,-3.5,+1,2,2,2.5,e,-2.5,+1
sigma+,pi,78,21,-101822.082220,6.613350e-02,4,4,4.5,e,-2.5,+1,2,2,2.5,e,-1.5,+1
sigma+,pi,79,22,-101822.082215,5.668588e-02,4,4,4.5,e,-1.5,+1,2,2,2.5,e,-0.5,+1
sigma+,pi,80,23,-101822.082209,3.779060e-02,4,4,4.5,e,-0.5,+1,2,2,2.5,e,+0.5,+1
sigma+,pi,81,24,-101822.082204,1.889531e-02,4,4,4.5,e,+0.5,+1,2,2,2.5,e,+1.5,+1
sigma+,pi,82,25,-101822.082199,5.668594e-03,4,4,4.5,e,+1.5,+1,2,2,2.5,e,+2.5,+1
sigma+,pi,61,12,-101818.188025,6.122978e-02,4,4,3.5,e,-2.5,+1,2,2,1.5,e,-1.5,+1
sigma+,pi,62,13,-101818.188016,6.122976e-02,4,4,3.5,e,-1.5,+1,2,2,1.5,e,-0.5,+1
sigma+,pi,63,14,-101818.188006,3.673784e-02,4,4,3.5,e,-0.5,+1,2,2,1.5,e,+0.5,+1
sigma+,pi,64,15,-101818.187996,1.224594e-02,4,4,3.5,e,+0.5,+1,2,2,1.5,e,+1.5,+1
sigma+,pi,114,85,-72811.424160,6.610818e-04,5,5,4.5,f,+3.5,+1,4,4,4.5,e,+4.5,+1
sigma+,pi,113,84,-72811.424160,6.610823e-04,5,5,4.5,f,+2.5,+1,4,4,4.5,e,+3.5,+1
sigma+,pi,112,83,-72811.424159,3.856316e-04,5,5,4.5,f,+1.5,+1,4,4,4.5,e,+2.5,+1
sigma+,pi,111,82,-72811.424159,1.101805e-04,5,5,4.5,f,+0.5,+1,4,4,4.5,e,+1.5,+1
sigma+,pi,109,80,-72811.424159,1.101808e-04,5,5,4.5,f,-1.5,+1,4,4,4.5,e,-0.5,+1
sigma+,pi,108,79,-72811.424159,3.856329e-04,5,5,4.5,f,-2.5,+1,4,4,4.5,e,-1.5,+1
sigma+,pi,107,78,-72811.424159,6.610856e-04,5,5,4.5,f,-3.5,+1,4,4,4.5,e,-2.5,+1
sigma+,pi,106,77,-72811.424159,6.610861e-04,5,5,4.5,f,-4.5,+1,4,4,4.5,e,-3.5,+1
sigma+,pi,128,76,-72807.846709,1.818578e-02,5,5,5.5,f,-5.5,+1,4,4,4.5,e,-4.5,+1
sigma+,pi,129,77,-72807.846708,4.592373e-03,5,5,5.5,f,-4.5,+1,4,4,4.5,e,-3.5,+1
sigma+,pi,130,78,-72807.846706,1.469568e-04,5,5,5.5,f,-3.5,+1,4,4,4.5,e,-2.5,+1
sigma+,pi,131,79,-72807.846705,1.028688e-03,5,5,5.5,f,-2.5,+1,4,4,4.5,e,-1.5,+1
sigma+,pi,132,80,-72807.846704,4.200483e-03,5,5,5.5,f,-1.5,+1,4,4,4.5,e,-0.5,+1
sigma+,pi,133,81,-72807.846702,7.409020e-03,5,5,5.5,f,-0.5,+1,4,4,4.5,e,+0.5,+1
sigma+,pi,134,82,-72807.846701,9.184739e-03,5,5,5.5,f,+0.5,+1,4,4,4.5,e,+1.5,+1
sigma+,pi,135,83,-72807.846700,8.841845e-03,5,5,5.5,f,+1.5,+1,4,4,4.5,e,+2.5,+1
sigma+,pi,136,84,-72807.846698,6.478306e-03,5,5,5.5,f,+2.5,+1,4,4,4.5,e,+3.5,+1
sigma+,pi,137,85,-72807.846697,2.975858e-03,5,5,5.5,f,+3.5,+1,4,4,4.5,e,+4.5,+1
sigma+,pi,106,60,-72806.988706,1.619317e-02,5,5,4.5,f,-4.5,+1,4,4,3.5,e,-3.5,+1
sigma+,pi,107,61,-72806.988704,2.313307e-03,5,5,4.5,f,-3.5,+1,4,4,3.5,e,-2.5,+1
sigma+,pi,108,62,-72806.988703,1.927770e-04,5,5,4.5,f,-2.5,+1,4,4,3.5,e,-1.5,+1
sigma+,pi,109,63,-72806.988701,3.442431e-03,5,5,4.5,f,-1.5,+1,4,4,3.5,e,-0.5,+1
sigma+,pi,110,64,-72806.988699,7.435645e-03,5,5,4.5,f,-0.5,+1,4,4,3.5,e,+0.5,+1
sigma+,pi,111,65,-72806.988697,9.308323e-03,5,5,4.5,f,+0.5,+1,4,4,3.5,e,+1.5,+1
sigma+,pi,112,66,-72806.988695,7.958890e-03,5,5,4.5,f,+1.5,+1,4,4,3.5,e,+2.5,+1
sigma+,pi,113,67,-72806.988693,4.048293e-03,5,5,4.5,f,+2.5,+1,4,4,3.5,e,+3.5,+1
sigma+,pi,129,60,-72803.411255,3.677512e-04,5,5,5.5,f,-4.5,+1,4,4,3.5,e,-3.5,+1
sigma+,pi,130,61,-72803.411251,5.148512e-04,5,5,5.5,f,-3.5,+1,4,4,3.5,e,-2.5,+1
sigma+,pi,131,62,-72803.411248,5.148507e-04,5,5,5.5,f,-2.5,+1,4,4,3.5,e,-1.5,+1
sigma+,pi,132,63,-72803.411245,4.290419e-04,5,5,5.5,f,-1.5,+1,4,4,3.5,e,-0.5,+1
sigma+,pi,133,64,-72803.411241,3.064582e-04,5,5,5.5,f,-0.5,+1,4,4,3.5,e,+0.5,+1
sigma+,pi,134,65,-72803.411238,1.838748e-04,5,5,5.5,f,+0.5,+1,4,4,3.5,e,+1.5,+1
sigma+,pi,135,66,-72803.411235,8.580816e-05,5,5,5.5,f,+1.5,+1,4,4,3.5,e,+2.5,+1
sigma+,pi,136,67,-72803.411232,2.451660e-05,5,5,5.5,f,+2.5,+1,4,4,3.5,e,+3.5,+1
sigma+,pi,38,8,-72764.334090,8.162982e-03,3,3,2.5,f,-2.5,+1,1,1,1.5,f,-1.5,+1
sigma+,pi,39,9,-72764.334077,5.442012e-04,3,3,2.5,f,-1.5,+1,1,1,1.5,f,-0.5,+1
sigma+,pi,40,10,-72764.334065,6.802470e-03,3,3,2.5,f,-0.5,+1,1,1,1.5,f,+0.5,+1
sigma+,pi,41,11,-72764.334052,7.346646e-03,3,3,2.5,f,+0.5,+1,1,1,1.5,f,+1.5,+1
sigma+,pi,53,8,-72758.537914,4.897111e-02,3,3,3.5,f,-2.5,+1,1,1,1.5,f,-1.5,+1
sigma+,pi,54,9,-72758.537898,4.897114e-02,3,3,3.5,f,-1.5,+1,1,1,1.5,f,-0.5,+1
sigma+,pi,55,10,-72758.537882,2.938271e-02,3,3,3.5,f,-0.5,+1,1,1,1.5,f,+0.5,+1
sigma+,pi,56,11,-72758.537867,9.794242e-03,3,3,3.5,f,+0.5,+1,1,1,1.5,f,+1.5,+1
sigma+,pi,39,2,-72749.286486,5.334968e-02,3,3,2.5,f,-1.5,+1,1,1,0.5,f,-0.5,+1
sigma+,pi,40,3,-72749.286449,2.667482e-02,3,3,2.5,f,-0.5,+1,1,1,0.5,f,+0.5,+1
sigma+,pi,32,4,-72737.884089,8.162967e-03,3,3,2.5,e,-2.5,-1,1,1,1.5,e,-1.5,-1
sigma+,pi,33,5,-72737.884077,5.441998e-04,3,3,2.5,e,-1.5,-1,1,1,1.5,e,-0.5,-1
sigma+,pi,34,6,-72737.884065,6.802456e-03,3,3,2.5,e,-0.5,-1,1,1,1.5,e,+0.5,-1
sigma+,pi,35,7,-72737.884052,7.346631e-03,3,3,2.5,e,+0.5,-1,1,1,1.5,e,+1.5,-1
sigma+,pi,45,4,-72732.087914,4.897111e-02,3,3,3.5,e,-2.5,-1,1,1,1.5,e,-1.5,-1
sigma+,pi,46,5,-72732.087898,4.897115e-02,3,3,3.5,e,-1.5,-1,1,1,1.5,e,-0.5,-1
sigma+,pi,47,6,-72732.087882,2.938271e-02,3,3,3.5,e,-0.5,-1,1,1,1.5,e,+0.5,-1
sigma+,pi,48,7,-72732.087867,9.794244e-03,3,3,3.5,e,+0.5,-1,1,1,1.5,e,+1.5,-1
sigma+,pi,33,0,-72722.836488,5.334970e-02,3,3,2.5,e,-1.5,-1,1,1,0.5,e,-0.5,-1
sigma+,pi,34,1,-72722.836450,2.667482e-02,3,3,2.5,e,-0.5,-1,1,1,0.5,e,+0.5,-1
sigma+,pi,104,95,-72679.174169,6.610815e-04,5,5,4.5,e,+3.5,-1,4,4,4.5,f,+4.5,-1
sigma+,pi,103,94,-72679.174168,6.610817e-04,5,5,4.5,e,+2.5,-1,4,4,4.5,f,+3.5,-1
sigma+,pi,102,93,-72679.174167,3.856311e-04,5,5,4.5,e,+1.5,-1,4,4,4.5,f,+2.5,-1
sigma+,pi,101,92,-72679.174165,1.101802e-04,5,5,4.5,e,+0.5,-1,4,4,4.5,f,+1.5,-1
sigma+,pi,99,90,-72679.174163,1.101809e-04,5,5,4.5,e,-1.5,-1,4,4,4.5,f,-0.5,-1
sigma+,pi,98,89,-72679.174162,3.856330e-04,5,5,4.5,e,-2.5,-1,4,4,4.5,f,-1.5,-1
sigma+,pi,97,88,-72679.174161,6.610852e-04,5,5,4.5,e,-3.5,-1,4,4,4.5,f,-2.5,-1
sigma+,pi,96,87,-72679.174160,6.610855e-04,5,5,4.5,e,-4.5,-1,4,4,4.5,f,-3.5,-1
sigma+,pi,116,86,-72675.596709,1.818578e-02,5,5,5.5,e,-5.5,-1,4,4,4.5,f,-4.5,-1
sigma+,pi,117,87,-72675.596708,4.592373e-03,5,5,5.5,e,-4.5,-1,4,4,4.5,f,-3.5,-1
sigma+,pi,118,88,-72675.596708,1.469568e-04,5,5,5.5,e,-3.5,-1,4,4,4.5,f,-2.5,-1
sigma+,pi,119,89,-72675.596708,1.028688e-03,5,5,5.5,e,-2.5,-1,4,4,4.5,f,-1.5,-1
sigma+,pi,120,90,-72675.596707,4.200483e-03,5,5,5.5,e,-1.5,-1,4,4,4.5,f,-0.5,-1
sigma+,pi,121,91,-72675.596707,7.409020e-03,5,5,5.5,e,-0.5,-1,4,4,4.5,f,+0.5,-1
sigma+,pi,122,92,-72675.596707,9.184739e-03,5,5,5.5,e,+0.5,-1,4,4,4.5,f,+1.5,-1
sigma+,pi,123,93,-72675.596707,8.841845e-03,5,5,5.5,e,+1.5,-1,4,4,4.5,f,+2.5,-1
sigma+,pi,124,94,-72675.596706,6.478306e-03,5,5,5.5,e,+2.5,-1,4,4,4.5,f,+3.5,-1
sigma+,pi,125,95,-72675.596706,2.975858e-03,5,5,5.5,e,+3.5,-1,4,4,4.5,f,+4.5,-1
sigma+,pi,96,68,-72674.738706,1.619317e-02,5,5,4.5,e,-4.5,-1,4,4,3.5,f,-3.5,-1
sigma+,pi,97,69,-72674.738705,2.313307e-03,5,5,4.5,e,-3.5,-1,4,4,3.5,f,-2.5,-1
sigma+,pi,98,70,-72674.738705,1.927770e-04,5,5,4.5,e,-2.5,-1,4,4,3.5,f,-1.5,-1
sigma+,pi,99,71,-72674.738704,3.442431e-03,5,5,4.5,e,-1.5,-1,4,4,3.5,f,-0.5,-1
sigma+,pi,100,72,-72674.738703,7.435646e-03,5,5,4.5,e,-0.5,-1,4,4,3.5,f,+0.5,-1
sigma+,pi,101,73,-72674.738703,9.308324e-03,5,5,4.5,e,+0.5,-1,4,4,3.5,f,+1.5,-1
sigma+,pi,102,74,-72674.738702,7.958890e-03,5,5,4.5,e,+1.5,-1,4,4,3.5,f,+2.5,-1
sigma+,pi,103,75,-72674.738701,4.048293e-03,5,5,4.5,e,+2.5,-1,4,4,3.5,f,+3.5,-1
sigma+,pi,117,68,-72671.161255,3.677516e-04,5,5,5.5,e,-4.5,-1,4,4,3.5,f,-3.5,-1
sigma+,pi,118,69,-72671.161253,5.148515e-04,5,5,5.5,e,-3.5,-1,4,4,3.5,f,-2.5,-1
sigma+,pi,119,70,-72671.161251,5.148507e-04,5,5,5.5,e,-2.5,-1,4,4,3.5,f,-1.5,-1
sigma+,pi,120,71,-72671.161248,4.290416e-04,5,5,5.5,e,-1.5,-1,4,4,3.5,f,-0.5,-1
sigma+,pi,121,72,-72671.161246,3.064579e-04,5,5,5.5,e,-0.5,-1,4,4,3.5,f,+0.5,-1
sigma+,pi,122,73,-72671.161244,1.838745e-04,5,5,5.5,e,+0.5,-1,4,4,3.5,f,+1.5,-1
sigma+,pi,123,74,-72671.161242,8.580795e-05,5,5,5.5,e,+1.5,-1,4,4,3.5,f,+2.5,-1
sigma+,pi,124,75,-72671.161240,2.451652e-05,5,5,5.5,e,+2.5,-1,4,4,3.5,f,+3.5,-1
sigma+,pi,68,45,-58240.930615,1.785411e-03,4,4,3.5,f,-3.5,-1,3,3,3.5,e,-2.5,-1
sigma+,pi,69,46,-58240.930615,1.360312e-03,4,4,3.5,f,-2.5,-1,3,3,3.5,e,-1.5,-1
sigma+,pi,70,47,-58240.930614,4.250970e-04,4,4,3.5,f,-1.5,-1,3,3,3.5,e,-0.5,-1
sigma+,pi,72,49,-58240.930614,4.250963e-04,4,4,3.5,f,+0.5,-1,3,3,3.5,e,+1.5,-1
sigma+,pi,73,50,-58240.930614,1.360307e-03,4,4,3.5,f,+1.5,-1,3,3,3.5,e,+2.5,-1
sigma+,pi,74,51,-58240.930614,1.785401e-03,4,4,3.5,f,+2.5,-1,3,3,3.5,e,+3.5,-1
sigma+,pi,86,44,-58236.495163,2.500635e-02,4,4,4.5,f,-4.5,-1,3,3,3.5,e,-3.5,-1
sigma+,pi,87,45,-58236.495161,3.572341e-03,4,4,4.5,f,-3.5,-1,3,3,3.5,e,-2.5,-1
sigma+,pi,88,46,-58236.495159,2.976926e-04,4,4,4.5,f,-2.5,-1,3,3,3.5,e,-1.5,-1
sigma+,pi,89,47,-58236.495157,5.315969e-03,4,4,4.5,f,-1.5,-1,3,3,3.5,e,-0.5,-1
sigma+,pi,90,48,-58236.495155,1.148250e-02,4,4,4.5,f,-0.5,-1,3,3,3.5,e,+0.5,-1
sigma+,pi,91,49,-58236.495153,1.437440e-02,4,4,4.5,f,+0.5,-1,3,3,3.5,e,+1.5,-1
sigma+,pi,92,50,-58236.495151,1.229054e-02,4,4,4.5,f,+1.5,-1,3,3,3.5,e,+2.5,-1
sigma+,pi,93,51,-58236.495149,6.251593e-03,4,4,4.5,f,+2.5,-1,3,3,3.5,e,+3.5,-1
sigma+,pi,68,32,-58235.134439,2.065969e-02,4,4,3.5,f,-3.5,-1,3,3,2.5,e,-2.5,-1
sigma+,pi,69,33,-58235.134436,5.902743e-04,4,4,3.5,f,-2.5,-1,3,3,2.5,e,-1.5,-1
sigma+,pi,70,34,-58235.134432,3.541669e-03,4,4,3.5,f,-1.5,-1,3,3,2.5,e,-0.5,-1
sigma+,pi,71,35,-58235.134429,1.156944e-02,4,4,3.5,f,-0.5,-1,3,3,2.5,e,+0.5,-1
sigma+,pi,72,36,-58235.134426,1.428471e-02,4,4,3.5,f,+0.5,-1,3,3,2.5,e,+1.5,-1
sigma+,pi,73,37,-58235.134422,8.854155e-03,4,4,3.5,f,+1.5,-1,3,3,2.5,e,+2.5,-1
sigma+,pi,87,32,-58230.698986,1.059347e-03,4,4,4.5,f,-3.5,-1,3,3,2.5,e,-2.5,-1
sigma+,pi,88,33,-58230.698980,1.324183e-03,4,4,4.5,f,-2.5,-1,3,3,2.5,e,-1.5,-1
sigma+,pi,89,34,-58230.698975,1.135013e-03,4,4,4.5,f,-1.5,-1,3,3,2.5,e,-0.5,-1
sigma+,pi,90,35,-58230.698970,7.566746e-04,4,4,4.5,f,-0.5,-1,3,3,2.5,e,+0.5,-1
sigma+,pi,91,36,-58230.698965,3.783369e-04,4,4,4.5,f,+0.5,-1,3,3,2.5,e,+1.5,-1
sigma+,pi,92,37,-58230.698960,1.135010e-04,4,4,4.5,f,+1.5,-1,3,3,2.5,e,+2.5,-1
sigma+,pi,66,59,-58156.290622,1.785400e-03,4,4,3.5,e,+2.5,+1,3,3,3.5,f,+3.5,+1
sigma+,pi,65,58,-58156.290621,1.360306e-03,4,4,3.5,e,+1.5,+1,3,3,3.5,f,+2.5,+1
sigma+,pi,64,57,-58156.290620,4.250956e-04,4,4,3.5,e,+0.5,+1,3,3,3.5,f,+1.5,+1
sigma+,pi,62,55,-58156.290618,4.250972e-04,4,4,3.5,e,-1.5,+1,3,3,3.5,f,-0.5,+1
sigma+,pi,61,54,-58156.290617,1.360311e-03,4,4,3.5,e,-2.5,+1,3,3,3.5,f,-1.5,+1
sigma+,pi,60,53,-58156.290616,1.785410e-03,4,4,3.5,e,-3.5,+1,3,3,3.5,f,-2.5,+1
sigma+,pi,76,52,-58151.855164,2.500635e-02,4,4,4.5,e,-4.5,+1,3,3,3.5,f,-3.5,+1
sigma+,pi,77,53,-58151.855163,3.572341e-03,4,4,4.5,e,-3.5,+1,3,3,3.5,f,-2.5,+1
sigma+,pi,78,54,-58151.855162,2.976926e-04,4,4,4.5,e,-2.5,+1,3,3,3.5,f,-1.5,+1
sigma+,pi,79,55,-58151.855161,5.315969e-03,4,4,4.5,e,-1.5,+1,3,3,3.5,f,-0.5,+1
sigma+,pi,80,56,-58151.855160,1.148250e-02,4,4,4.5,e,-0.5,+1,3,3,3.5,f,+0.5,+1
sigma+,pi,81,57,-58151.855159,1.437440e-02,4,4,4.5,e,+0.5,+1,3,3,3.5,f,+1.5,+1
sigma+,pi,82,58,-58151.855158,1.229054e-02,4,4,4.5,e,+1.5,+1,3,3,3.5,f,+2.5,+1
sigma+,pi,83,59,-58151.855157,6.251593e-03,4,4,4.5,e,+2.5,+1,3,3,3.5,f,+3.5,+1
sigma+,pi,60,38,-58150.494440,2.065969e-02,4,4,3.5,e,-3.5,+1,3,3,2.5,f,-2.5,+1
sigma+,pi,61,39,-58150.494438,5.902743e-04,4,4,3.5,e,-2.5,+1,3,3,2.5,f,-1.5,+1
sigma+,pi,62,40,-58150.494436,3.541669e-03,4,4,3.5,e,-1.5,+1,3,3,2.5,f,-0.5,+1
sigma+,pi,63,41,-58150.494434,1.156944e-02,4,4,3.5,e,-0.5,+1,3,3,2.5,f,+0.5,+1
sigma+,pi,64,42,-58150.494432,1.428471e-02,4,4,3.5,e,+0.5,+1,3,3,2.5,f,+1.5,+1
sigma+,pi,65,43,-58150.494430,8.854156e-03,4,4,3.5,e,+1.5,+1,3,3,2.5,f,+2.5,+1
sigma+,pi,77,38,-58146.058987,1.059348e-03,4,4,4.5,e,-3.5,+1,3,3,2.5,f,-2.5,+1
sigma+,pi,78,39,-58146.058983,1.324183e-03,4,4,4.5,e,-2.5,+1,3,3,2.5,f,-1.5,+1
sigma+,pi,79,40,-58146.058979,1.135013e-03,4,4,4.5,e,-1.5,+1,3,3,2.5,f,-0.5,+1
sigma+,pi,80,41,-58146.058975,7.566741e-04,4,4,4.5,e,-0.5,+1,3,3,2.5,f,+0.5,+1
sigma+,pi,81,42,-58146.058971,3.783365e-04,4,4,4.5,e,+0.5,+1,3,3,2.5,f,+1.5,+1
sigma+,pi,82,43,-58146.058967,1.135008e-04,4,4,4.5,e,+1.5,+1,3,3,2.5,f,+2.5,+1
sigma+,pi,38,21,-43676.023229,6.120586e-03,3,3,2.5,f,-2.5,+1,2,2,2.5,e,-1.5,+1
sigma+,pi,39,22,-43676.023228,2.448230e-03,3,3,2.5,f,-1.5,+1,2,2,2.5,e,-0.5,+1
sigma+,pi,41,24,-43676.023226,2.448225e-03,3,3,2.5,f,+0.5,+1,2,2,2.5,e,+1.5,+1
sigma+,pi,42,25,-43676.023224,6.120554e-03,3,3,2.5,f,+1.5,+1,2,2,2.5,e,+2.5,+1
sigma+,pi,52,20,-43670.227057,3.572491e-02,3,3,3.5,f,-3.5,+1,2,2,2.5,e,-2.5,+1
sigma+,pi,53,21,-43670.227053,1.020718e-03,3,3,3.5,f,-2.5,+1,2,2,2.5,e,-1.5,+1
sigma+,pi,54,22,-43670.227048,6.124254e-03,3,3,3.5,f,-1.5,+1,2,2,2.5,e,-0.5,+1
sigma+,pi,55,23,-43670.227044,2.000593e-02,3,3,3.5,f,-0.5,+1,2,2,2.5,e,+0.5,+1
sigma+,pi,56,24,-43670.227040,2.470123e-02,3,3,3.5,f,+0.5,+1,2,2,2.5,e,+1.5,+1
sigma+,pi,57,25,-43670.227036,1.531069e-02,3,3,3.5,f,+1.5,+1,2,2,2.5,e,+2.5,+1
sigma+,pi,38,12,-43667.693580,2.447755e-02,3,3,2.5,f,-2.5,+1,2,2,1.5,e,-1.5,+1
sigma+,pi,39,13,-43667.693572,1.631847e-03,3,3,2.5,f,-1.5,+1,2,2,1.5,e,-0.5,+1
sigma+,pi,40,14,-43667.693564,2.039800e-02,3,3,2.5,f,-0.5,+1,2,2,1.5,e,+0.5,+1
sigma+,pi,41,15,-43667.693557,2.202982e-02,3,3,2.5,f,+0.5,+1,2,2,1.5,e,+1.5,+1
sigma+,pi,53,12,-43661.897403,4.084811e-03,3,3,3.5,f,-2.5,+1,2,2,1.5,e,-1.5,+1
sigma+,pi,54,13,-43661.897393,4.084807e-03,3,3,3.5,f,-1.5,+1,2,2,1.5,e,-0.5,+1
sigma+,pi,55,14,-43661.897382,2.450882e-03,3,3,3.5,f,-0.5,+1,2,2,1.5,e,+0.5,+1
sigma+,pi,56,15,-43661.897371,8.169598e-04,3,3,3.5,f,+0.5,+1,2,2,1.5,e,+1.5,+1
sigma+,pi,32,27,-43628.413231,6.120583e-03,3,3,2.5,e,-2.5,-1,2,2,2.5,f,-1.5,-1
sigma+,pi,33,28,-43628.413231,2.448230e-03,3,3,2.5,e,-1.5,-1,2,2,2.5,f,-0.5,-1
sigma+,pi,35,30,-43628.413231,2.448223e-03,3,3,2.5,e,+0.5,-1,2,2,2.5,f,+1.5,-1
sigma+,pi,36,31,-43628.413231,6.120551e-03,3,3,2.5,e,+1.5,-1,2,2,2.5,f,+2.5,-1
sigma+,pi,44,26,-43622.617058,3.572491e-02,3,3,3.5,e,-3.5,-1,2,2,2.5,f,-2.5,-1
sigma+,pi,45,27,-43622.617055,1.020718e-03,3,3,3.5,e,-2.5,-1,2,2,2.5,f,-1.5,-1
sigma+,pi,46,28,-43622.617052,6.124254e-03,3,3,3.5,e,-1.5,-1,2,2,2.5,f,-0.5,-1
sigma+,pi,47,29,-43622.617049,2.000593e-02,3,3,3.5,e,-0.5,-1,2,2,2.5,f,+0.5,-1
sigma+,pi,48,30,-43622.617046,2.470123e-02,3,3,3.5,e,+0.5,-1,2,2,2.5,f,+1.5,-1
sigma+,pi,49,31,-43622.617043,1.531069e-02,3,3,3.5,e,+1.5,-1,2,2,2.5,f,+2.5,-1
sigma+,pi,32,16,-43620.083581,2.447755e-02,3,3,2.5,e,-2.5,-1,2,2,1.5,f,-1.5,-1
sigma+,pi,33,17,-43620.083575,1.631847e-03,3,3,2.5,e,-1.5,-1,2,2,1.5,f,-0.5,-1
sigma+,pi,34,18,-43620.083569,2.039800e-02,3,3,2.5,e,-0.5,-1,2,2,1.5,f,+0.5,-1
sigma+,pi,35,19,-43620.083562,2.202982e-02,3,3,2.5,e,+0.5,-1,2,2,1.5,f,+1.5,-1
sigma+,pi,45,16,-43614.287405,4.084813e-03,3,3,3.5,e,-2.5,-1,2,2,1.5,f,-1.5,-1
sigma+,pi,46,17,-43614.287396,4.084808e-03,3,3,3.5,e,-1.5,-1,2,2,1.5,f,-0.5,-1
sigma+,pi,47,18,-43614.287386,2.450881e-03,3,3,3.5,e,-0.5,-1,2,2,1.5,f,+0.5,-1
sigma+,pi,48,19,-43614.287377,8.169594e-04,3,3,3.5,e,+0.5,-1,2,2,1.5,f,+1.5,-1
sigma+,pi,16,5,-29117.800487,2.997935e-02,2,2,1.5,f,-1.5,-1,1,1,1.5,e,-0.5,-1
sigma+,pi,18,7,-29117.800475,2.997922e-02,2,2,1.5,f,+0.5,-1,1,1,1.5,e,+1.5,-1
sigma+,pi,26,4,-29109.470850,5.001617e-02,2,2,2.5,f,-2.5,-1,1,1,1.5,e,-1.5,-1
sigma+,pi,27,5,-29109.470837,3.334374e-03,2,2,2.5,f,-1.5,-1,1,1,1.5,e,-0.5,-1
sigma+,pi,28,6,-29109.470825,4.168009e-02,2,2,2.5,f,-0.5,-1,1,1,1.5,e,+0.5,-1
sigma+,pi,29,7,-29109.470812,4.501462e-02,2,2,2.5,f,+0.5,-1,1,1,1.5,e,+1.5,-1
sigma+,pi,16,0,-29102.752898,1.500510e-02,2,2,1.5,f,-1.5,-1,1,1,0.5,e,-0.5,-1
sigma+,pi,17,1,-29102.752867,4.501557e-02,2,2,1.5,f,-0.5,-1,1,1,0.5,e,+0.5,-1
sigma+,pi,12,9,-29096.640490,2.997933e-02,2,2,1.5,e,-1.5,+1,1,1,1.5,f,-0.5,+1
sigma+,pi,14,11,-29096.640480,2.997920e-02,2,2,1.5,e,+0.5,+1,1,1,1.5,f,+1.5,+1
sigma+,pi,27,0,-29094.423248,2.665034e-02,2,2,2.5,f,-1.5,-1,1,1,0.5,e,-0.5,-1
sigma+,pi,28,1,-29094.423211,1.332515e-02,2,2,2.5,f,-0.5,-1,1,1,0.5,e,+0.5,-1
sigma+,pi,20,8,-29088.310852,5.001617e-02,2,2,2.5,e,-2.5,+1,1,1,1.5,f,-1.5,+1
sigma+,pi,21,9,-29088.310841,3.334374e-03,2,2,2.5,e,-1.5,+1,1,1,1.5,f,-0.5,+1
sigma+,pi,22,10,-29088.310829,4.168008e-02,2,2,2.5,e,-0.5,+1,1,1,1.5,f,+0.5,+1
sigma+,pi,23,11,-29088.310817,4.501462e-02,2,2,2.5,e,+0.5,+1,1,1,1.5,f,+1.5,+1
sigma+,pi,12,2,-29081.592899,1.500510e-02,2,2,1.5,e,-1.5,+1,1,1,0.5,f,-0.5,+1
sigma+,pi,13,3,-29081.592869,4.501559e-02,2,2,1.5,e,-0.5,+1,1,1,0.5,f,+0.5,+1
sigma+,pi,21,2,-29073.263249,2.665036e-02,2,2,2.5,e,-1.5,+1,1,1,0.5,f,-0.5,+1
sigma+,pi,22,3,-29073.263213,1.332516e-02,2,2,2.5,e,-0.5,+1,1,1,0.5,f,+0.5,+1
sigma+,pi,3,11,-15.047595,4.994803e-03,1,1,0.5,f,+0.5,+1,1,1,1.5,f,+1.5,+1
sigma+,pi,1,7,-15.047593,4.994807e-03,1,1,0.5,e,+0.5,-1,1,1,1.5,e,+1.5,-1
sigma+,pi,2,10,-15.047570,1.498446e-02,1,1,0.5,f,-0.5,+1,1,1,1.5,f,+0.5,+1
sigma+,pi,0,6,-15.047568,1.498447e-02,1,1,0.5,e,-0.5,-1,1,1,1.5,e,+0.5,-1
sigma+,pi,19,31,-8.329660,3.057580e-03,2,2,1.5,f,+1.5,-1,2,2,2.5,f,+2.5,-1
sigma+,pi,15,25,-8.329660,3.057570e-03,2,2,1.5,e,+1.5,+1,2,2,2.5,e,+2.5,+1
sigma+,pi,18,30,-8.329654,2.038390e-04,2,2,1.5,f,+0.5,-1,2,2,2.5,f,+1.5,-1
sigma+,pi,14,24,-8.329653,2.038383e-04,2,2,1.5,e,+0.5,+1,2,2,2.5,e,+1.5,+1
sigma+,pi,17,29,-8.329648,2.547991e-03,2,2,1.5,f,-0.5,-1,2,2,2.5,f,+0.5,-1
sigma+,pi,13,23,-8.329647,2.547983e-03,2,2,1.5,e,-0.5,+1,2,2,2.5,e,+0.5,+1
sigma+,pi,16,28,-8.329641,2.751835e-03,2,2,1.5,f,-1.5,-1,2,2,2.5,f,-0.5,-1
sigma+,pi,12,22,-8.329640,2.751826e-03,2,2,1.5,e,-1.5,+1,2,2,2.5,e,-0.5,+1
sigma+,pi,43,59,-5.796186,4.462007e-03,3,3,2.5,f,+2.5,+1,3,3,3.5,f,+3.5,+1
sigma+,pi,37,51,-5.796186,4.461996e-03,3,3,2.5,e,+2.5,-1,3,3,3.5,e,+3.5,-1
sigma+,pi,42,58,-5.796183,1.274861e-04,3,3,2.5,f,+1.5,+1,3,3,3.5,f,+2.5,+1
sigma+,pi,36,50,-5.796183,1.274857e-04,3,3,2.5,e,+1.5,-1,3,3,3.5,e,+2.5,-1
sigma+,pi,41,57,-5.796180,7.649171e-04,3,3,2.5,f,+0.5,+1,3,3,3.5,f,+1.5,+1
sigma+,pi,35,49,-5.796180,7.649152e-04,3,3,2.5,e,+0.5,-1,3,3,3.5,e,+1.5,-1
sigma+,pi,40,56,-5.796177,2.498732e-03,3,3,2.5,f,-0.5,+1,3,3,3.5,f,+0.5,+1
sigma+,pi,34,48,-5.796177,2.498726e-03,3,3,2.5,e,-0.5,-1,3,3,3.5,e,+0.5,-1
sigma+,pi,39,55,-5.796174,3.085172e-03,3,3,2.5,f,-1.5,+1,3,3,3.5,f,-0.5,+1
sigma+,pi,33,47,-5.796173,3.085165e-03,3,3,2.5,e,-1.5,-1,3,3,3.5,e,-0.5,-1
sigma+,pi,38,54,-5.796171,1.912299e-03,3,3,2.5,f,-2.5,+1,3,3,3.5,f,-1.5,+1
sigma+,pi,32,46,-5.796170,1.912294e-03,3,3,2.5,e,-2.5,-1,3,3,3.5,e,-1.5,-1
sigma+,pi,75,95,-4.435463,3.979545e-03,4,4,3.5,f,+3.5,-1,4,4,4.5,f,+4.5,-1
sigma+,pi,67,85,-4.435463,3.979535e-03,4,4,3.5,e,+3.5,+1,4,4,4.5,e,+4.5,+1
sigma+,pi,74,94,-4.435461,5.685069e-04,4,4,3.5,f,+2.5,-1,4,4,4.5,f,+3.5,-1
sigma+,pi,66,84,-4.435461,5.685055e-04,4,4,3.5,e,+2.5,+1,4,4,4.5,e,+3.5,+1
sigma+,pi,73,93,-4.435459,4.737562e-05,4,4,3.5,f,+1.5,-1,4,4,4.5,f,+2.5,-1
sigma+,pi,65,83,-4.435459,4.737550e-05,4,4,3.5,e,+1.5,+1,4,4,4.5,e,+2.5,+1
sigma+,pi,72,92,-4.435457,8.459938e-04,4,4,3.5,f,+0.5,-1,4,4,4.5,f,+1.5,-1
sigma+,pi,64,82,-4.435457,8.459919e-04,4,4,3.5,e,+0.5,+1,4,4,4.5,e,+1.5,+1
sigma+,pi,71,91,-4.435456,1.827348e-03,4,4,3.5,f,-0.5,-1,4,4,4.5,f,+0.5,-1
sigma+,pi,63,81,-4.435455,1.827344e-03,4,4,3.5,e,-0.5,+1,4,4,4.5,e,+0.5,+1
sigma+,pi,70,90,-4.435454,2.287571e-03,4,4,3.5,f,-1.5,-1,4,4,4.5,f,-0.5,-1
sigma+,pi,62,80,-4.435453,2.287566e-03,4,4,3.5,e,-1.5,+1,4,4,4.5,e,-0.5,+1
sigma+,pi,69,89,-4.435452,1.955943e-03,4,4,3.5,f,-2.5,-1,4,4,4.5,f,-1.5,-1
sigma+,pi,61,79,-4.435451,1.955939e-03,4,4,3.5,e,-2.5,+1,4,4,4.5,e,-1.5,+1
sigma+,pi,68,88,-4.435450,9.948921e-04,4,4,3.5,f,-3.5,-1,4,4,4.5,f,-2.5,-1
sigma+,pi,60,78,-4.435449,9.948900e-04,4,4,3.5,e,-3.5,+1,4,4,4.5,e,-2.5,+1
sigma+,pi,115,139,-3.577461,3.267254e-03,5,5,4.5,f,+4.5,+1,5,5,5.5,f,+5.5,+1
sigma+,pi,105,127,-3.577461,3.267246e-03,5,5,4.5,e,+4.5,-1,5,5,5.5,e,+5.5,-1
sigma+,pi,114,138,-3.577460,8.250646e-04,5,5,4.5,f,+3.5,+1,5,5,5.5,f,+4.5,+1
sigma+,pi,104,126,-3.577460,8.250627e-04,5,5,4.5,e,+3.5,-1,5,5,5.5,e,+4.5,-1
sigma+,pi,113,137,-3.577459,2.640209e-05,5,5,4.5,f,+2.5,+1,5,5,5.5,f,+3.5,+1
sigma+,pi,103,125,-3.577458,2.640203e-05,5,5,4.5,e,+2.5,-1,5,5,5.5,e,+3.5,-1
sigma+,pi,112,136,-3.577457,1.848148e-04,5,5,4.5,f,+1.5,+1,5,5,5.5,f,+2.5,+1
sigma+,pi,102,124,-3.577457,1.848143e-04,5,5,4.5,e,+1.5,-1,5,5,5.5,e,+2.5,-1
sigma+,pi,111,135,-3.577456,7.546608e-04,5,5,4.5,f,+0.5,+1,5,5,5.5,f,+1.5,+1
sigma+,pi,101,123,-3.577455,7.546591e-04,5,5,4.5,e,+0.5,-1,5,5,5.5,e,+1.5,-1
sigma+,pi,110,134,-3.577455,1.331108e-03,5,5,4.5,f,-0.5,+1,5,5,5.5,f,+0.5,+1
sigma+,pi,100,122,-3.577454,1.331105e-03,5,5,4.5,e,-0.5,-1,5,5,5.5,e,+0.5,-1
sigma+,pi,109,133,-3.577453,1.650135e-03,5,5,4.5,f,-1.5,+1,5,5,5.5,f,-0.5,+1
sigma+,pi,99,121,-3.577453,1.650132e-03,5,5,4.5,e,-1.5,-1,5,5,5.5,e,-0.5,-1
sigma+,pi,108,132,-3.577452,1.588531e-03,5,5,4.5,f,-2.5,+1,5,5,5.5,f,-1.5,+1
sigma+,pi,98,120,-3.577451,1.588528e-03,5,5,4.5,e,-2.5,-1,5,5,5.5,e,-1.5,-1
sigma+,pi,107,131,-3.577451,1.163897e-03,5,5,4.5,f,-3.5,+1,5,5,5.5,f,-2.5,+1
sigma+,pi,97,119,-3.577450,1.163895e-03,5,5,4.5,e,-3.5,-1,5,5,5.5,e,-2.5,-1
sigma+,pi,106,130,-3.577449,5.346450e-04,5,5,4.5,f,-4.5,+1,5,5,5.5,f,-3.5,+1
sigma+,pi,96,118,-3.577448,5.346440e-04,5,5,4.5,e,-4.5,-1,5,5,5.5,e,-3.5,-1
sigma+,pi,135,136,0.000003,1.520986e-02,5,5,5.5,f,+1.5,+1,5,5,5.5,f,+2.5,+1
sigma+,pi,137,138,0.000003,3.802469e-02,5,5,5.5,f,+3.5,+1,5,5,5.5,f,+4.5,+1
sigma+,pi,130,131,0.000003,2.887500e-02,5,5,5.5,f,-3.5,+1,5,5,5.5,f,-2.5,+1
sigma+,pi,132,133,0.000003,4.158959e-03,5,5,5.5,f,-1.5,+1,5,5,5.5,f,-0.5,+1
sigma+,pi,128,129,0.000003,3.267745e-02,5,5,5.5,f,-5.5,+1,5,5,5.5,f,-4.5,+1
sigma+,pi,131,132,0.000003,1.520989e-02,5,5,5.5,f,-2.5,+1,5,5,5.5,f,-1.5,+1
sigma+,pi,138,139,0.000003,3.267748e-02,5,5,5.5,f,+4.5,+1,5,5,5.5,f,+5.5,+1
sigma+,pi,129,130,0.000003,3.802468e-02,5,5,5.5,f,-4.5,+1,5,5,5.5,f,-3.5,+1
sigma+,pi,136,137,0.000003,2.887499e-02,5,5,5.5,f,+2.5,+1,5,5,5.5,f,+3.5,+1
sigma+,pi,134,135,0.000003,4.158941e-03,5,5,5.5,f,+0.5,+1,5,5,5.5,f,+1.5,+1
sigma+,pi,120,121,0.000003,4.158960e-03,5,5,5.5,e,-1.5,-1,5,5,5.5,e,-0.5,-1
sigma+,pi,123,124,0.000003,1.520986e-02,5,5,5.5,e,+1.5,-1,5,5,5.5,e,+2.5,-1
sigma+,pi,125,126,0.000003,3.802469e-02,5,5,5.5,e,+3.5,-1,5,5,5.5,e,+4.5,-1
sigma+,pi,117,118,0.000003,3.802469e-02,5,5,5.5,e,-4.5,-1,5,5,5.5,e,-3.5,-1
sigma+,pi,118,119,0.000003,2.887501e-02,5,5,5.5,e,-3.5,-1,5,5,5.5,e,-2.5,-1
sigma+,pi,116,117,0.000003,3.267745e-02,5,5,5.5,e,-5.5,-1,5,5,5.5,e,-4.5,-1
sigma+,pi,124,125,0.000003,2.887499e-02,5,5,5.5,e,+2.5,-1,5,5,5.5,e,+3.5,-1
sigma+,pi,122,123,0.000003,4.158941e-03,5,5,5.5,e,+0.5,-1,5,5,5.5,e,+1.5,-1
sigma+,pi,126,127,0.000003,3.267748e-02,5,5,5.5,e,+4.5,-1,5,5,5.5,e,+5.5,-1
sigma+,pi,119,120,0.000003,1.520989e-02,5,5,5.5,e,-2.5,-1,5,5,5.5,e,-1.5,-1
sigma+,pi,88,89,0.000003,1.857524e-02,4,4,4.5,f,-2.5,-1,4,4,4.5,f,-1.5,-1
sigma+,pi,86,87,0.000003,3.184323e-02,4,4,4.5,f,-4.5,-1,4,4,4.5,f,-3.5,-1
sigma+,pi,92,93,0.000003,1.857521e-02,4,4,4.5,f,+1.5,-1,4,4,4.5,f,+2.5,-1
sigma+,pi,93,94,0.000003,3.184324e-02,4,4,4.5,f,+2.5,-1,4,4,4.5,f,+3.5,-1
sigma+,pi,94,95,0.000003,3.184326e-02,4,4,4.5,f,+3.5,-1,4,4,4.5,f,+4.5,-1
sigma+,pi,87,88,0.000003,3.184324e-02,4,4,4.5,f,-3.5,-1,4,4,4.5,f,-2.5,-1
sigma+,pi,91,92,0.000003,5.307197e-03,4,4,4.5,f,+0.5,-1,4,4,4.5,f,+1.5,-1
sigma+,pi,89,90,0.000003,5.307217e-03,4,4,4.5,f,-1.5,-1,4,4,4.5,f,-0.5,-1
sigma+,pi,84,85,0.000004,3.184326e-02,4,4,4.5,e,+3.5,+1,4,4,4.5,e,+4.5,+1
sigma+,pi,78,79,0.000004,1.857524e-02,4,4,4.5,e,-2.5,+1,4,4,4.5,e,-1.5,+1
sigma+,pi,81,82,0.000004,5.307197e-03,4,4,4.5,e,+0.5,+1,4,4,4.5,e,+1.5,+1
sigma+,pi,76,77,0.000004,3.184323e-02,4,4,4.5,e,-4.5,+1,4,4,4.5,e,-3.5,+1
sigma+,pi,77,78,0.000004,3.184325e-02,4,4,4.5,e,-3.5,+1,4,4,4.5,e,-2.5,+1
sigma+,pi,82,83,0.000004,1.857522e-02,4,4,4.5,e,+1.5,+1,4,4,4.5,e,+2.5,+1
sigma+,pi,83,84,0.000004,3.184325e-02,4,4,4.5,e,+2.5,+1,4,4,4.5,e,+3.5,+1
sigma+,pi,79,80,0.000004,5.307219e-03,4,4,4.5,e,-1.5,+1,4,4,4.5,e,-0.5,+1
sigma+,pi,112,113,0.000004,2.082799e-02,5,5,4.5,f,+1.5,+1,5,5,4.5,f,+2.5,+1
sigma+,pi,108,109,0.000004,2.082796e-02,5,5,4.5,f,-2.5,+1,5,5,4.5,f,-1.5,+1
sigma+,pi,111,112,0.000004,5.950862e-03,5,5,4.5,f,+0.5,+1,5,5,4.5,f,+1.5,+1
sigma+,pi,114,115,0.000004,3.570511e-02,5,5,4.5,f,+3.5,+1,5,5,4.5,f,+4.5,+1
sigma+,pi,106,107,0.000004,3.570511e-02,5,5,4.5,f,-4.5,+1,5,5,4.5,f,-3.5,+1
sigma+,pi,107,108,0.000004,3.570510e-02,5,5,4.5,f,-3.5,+1,5,5,4.5,f,-2.5,+1
sigma+,pi,113,114,0.000004,3.570512e-02,5,5,4.5,f,+2.5,+1,5,5,4.5,f,+3.5,+1
sigma+,pi,109,110,0.000004,5.950841e-03,5,5,4.5,f,-1.5,+1,5,5,4.5,f,-0.5,+1
sigma+,pi,102,103,0.000005,2.082800e-02,5,5,4.5,e,+1.5,-1,5,5,4.5,e,+2.5,-1
sigma+,pi,98,99,0.000005,2.082797e-02,5,5,4.5,e,-2.5,-1,5,5,4.5,e,-1.5,-1
sigma+,pi,104,105,0.000005,3.570511e-02,5,5,4.5,e,+3.5,-1,5,5,4.5,e,+4.5,-1
sigma+,pi,101,102,0.000005,5.950863e-03,5,5,4.5,e,+0.5,-1,5,5,4.5,e,+1.5,-1
sigma+,pi,96,97,0.000005,3.570511e-02,5,5,4.5,e,-4.5,-1,5,5,4.5,e,-3.5,-1
sigma+,pi,97,98,0.000005,3.570510e-02,5,5,4.5,e,-3.5,-1,5,5,4.5,e,-2.5,-1
sigma+,pi,103,104,0.000005,3.570512e-02,5,5,4.5,e,+2.5,-1,5,5,4.5,e,+3.5,-1
sigma+,pi,99,100,0.000005,5.950841e-03,5,5,4.5,e,-1.5,-1,5,5,4.5,e,-0.5,-1
sigma+,pi,57,58,0.000005,2.040463e-02,3,3,3.5,f,+1.5,+1,3,3,3.5,f,+2.5,+1
sigma+,pi,54,55,0.000005,6.376460e-03,3,3,3.5,f,-1.5,+1,3,3,3.5,f,-0.5,+1
sigma+,pi,52,53,0.000005,2.678107e-02,3,3,3.5,f,-3.5,+1,3,3,3.5,f,-2.5,+1
sigma+,pi,53,54,0.000005,2.040464e-02,3,3,3.5,f,-2.5,+1,3,3,3.5,f,-1.5,+1
sigma+,pi,56,57,0.000005,6.376438e-03,3,3,3.5,f,+0.5,+1,3,3,3.5,f,+1.5,+1
sigma+,pi,58,59,0.000005,2.678110e-02,3,3,3.5,f,+2.5,+1,3,3,3.5,f,+3.5,+1
sigma+,pi,70,71,0.000005,8.192844e-03,4,4,3.5,f,-1.5,-1,4,4,3.5,f,-0.5,-1
sigma+,pi,68,69,0.000005,3.441000e-02,4,4,3.5,f,-3.5,-1,4,4,3.5,f,-2.5,-1
sigma+,pi,73,74,0.000005,2.621716e-02,4,4,3.5,f,+1.5,-1,4,4,3.5,f,+2.5,-1
sigma+,pi,72,73,0.000005,8.192870e-03,4,4,3.5,f,+0.5,-1,4,4,3.5,f,+1.5,-1
sigma+,pi,74,75,0.000005,3.441000e-02,4,4,3.5,f,+2.5,-1,4,4,3.5,f,+3.5,-1
sigma+,pi,69,70,0.000005,2.621713e-02,4,4,3.5,f,-2.5,-1,4,4,3.5,f,-1.5,-1
sigma+,pi,46,47,0.000005,6.376462e-03,3,3,3.5,e,-1.5,-1,3,3,3.5,e,-0.5,-1
sigma+,pi,48,49,0.000005,6.376439e-03,3,3,3.5,e,+0.5,-1,3,3,3.5,e,+1.5,-1
sigma+,pi,44,45,0.000005,2.678108e-02,3,3,3.5,e,-3.5,-1,3,3,3.5,e,-2.5,-1
sigma+,pi,50,51,0.000005,2.678111e-02,3,3,3.5,e,+2.5,-1,3,3,3.5,e,+3.5,-1
sigma+,pi,49,50,0.000005,2.040464e-02,3,3,3.5,e,+1.5,-1,3,3,3.5,e,+2.5,-1
sigma+,pi,45,46,0.000005,2.040465e-02,3,3,3.5,e,-2.5,-1,3,3,3.5,e,-1.5,-1
sigma+,pi,60,61,0.000006,3.441000e-02,4,4,3.5,e,-3.5,+1,4,4,3.5,e,-2.5,+1
sigma+,pi,62,63,0.000006,8.192845e-03,4,4,3.5,e,-1.5,+1,4,4,3.5,e,-0.5,+1
sigma+,pi,65,66,0.000006,2.621716e-02,4,4,3.5,e,+1.5,+1,4,4,3.5,e,+2.5,+1
sigma+,pi,64,65,0.000006,8.192873e-03,4,4,3.5,e,+0.5,+1,4,4,3.5,e,+1.5,+1
sigma+,pi,66,67,0.000006,3.441001e-02,4,4,3.5,e,+2.5,+1,4,4,3.5,e,+3.5,+1
sigma+,pi,61,62,0.000006,2.621713e-02,4,4,3.5,e,-2.5,+1,4,4,3.5,e,-1.5,+1
sigma+,pi,42,43,0.000008,2.756230e-02,3,3,2.5,f,+1.5,+1,3,3,2.5,f,+2.5,+1
sigma+,pi,39,40,0.000008,1.102490e-02,3,3,2.5,f,-1.5,+1,3,3,2.5,f,-0.5,+1
sigma+,pi,38,39,0.000008,2.756228e-02,3,3,2.5,f,-2.5,+1,3,3,2.5,f,-1.5,+1
sigma+,pi,41,42,0.000008,1.102493e-02,3,3,2.5,f,+0.5,+1,3,3,2.5,f,+1.5,+1
sigma+,pi,36,37,0.000009,2.756231e-02,3,3,2.5,e,+1.5,-1,3,3,2.5,e,+2.5,-1
sigma+,pi,33,34,0.000009,1.102491e-02,3,3,2.5,e,-1.5,-1,3,3,2.5,e,-0.5,-1
sigma+,pi,32,33,0.000009,2.756229e-02,3,3,2.5,e,-2.5,-1,3,3,2.5,e,-1.5,-1
sigma+,pi,35,36,0.000009,1.102494e-02,3,3,2.5,e,+0.5,-1,3,3,2.5,e,+1.5,-1
sigma+,pi,27,28,0.000009,4.894959e-03,2,2,2.5,f,-1.5,-1,2,2,2.5,f,-0.5,-1
sigma+,pi,29,30,0.000009,4.894944e-03,2,2,2.5,f,+0.5,-1,2,2,2.5,f,+1.5,-1
sigma+,pi,26,27,0.000009,1.223737e-02,2,2,2.5,f,-2.5,-1,2,2,2.5,f,-1.5,-1
sigma+,pi,30,31,0.000009,1.223739e-02,2,2,2.5,f,+1.5,-1,2,2,2.5,f,+2.5,-1
sigma+,pi,21,22,0.000009,4.894962e-03,2,2,2.5,e,-1.5,+1,2,2,2.5,e,-0.5,+1
sigma+,pi,24,25,0.000009,1.223740e-02,2,2,2.5,e,+1.5,+1,2,2,2.5,e,+2.5,+1
sigma+,pi,20,21,0.000009,1.223738e-02,2,2,2.5,e,-2.5,+1,2,2,2.5,e,-1.5,+1
sigma+,pi,23,24,0.000009,4.894947e-03,2,2,2.5,e,+0.5,+1,2,2,2.5,e,+1.5,+1
sigma+,pi,16,17,0.000015,1.002070e-02,2,2,1.5,f,-1.5,-1,2,2,1.5,f,-0.5,-1
sigma+,pi,18,19,0.000015,1.002073e-02,2,2,1.5,f,+0.5,-1,2,2,1.5,f,+1.5,-1
sigma+,pi,12,13,0.000016,1.002072e-02,2,2,1.5,e,-1.5,+1,2,2,1.5,e,-0.5,+1
sigma+,pi,14,15,0.000016,1.002074e-02,2,2,1.5,e,+0.5,+1,2,2,1.5,e,+1.5,+1
sigma+,pi,8,9,0.000021,1.002071e-02,1,1,1.5,f,-1.5,+1,1,1,1.5,f,-0.5,+1
sigma+,pi,10,11,0.000021,1.002075e-02,1,1,1.5,f,+0.5,+1,1,1,1.5,f,+1.5,+1
sigma+,pi,4,5,0.000021,1.002070e-02,1,1,1.5,e,-1.5,-1,1,1,1.5,e,-0.5,-1
sigma+,pi,6,7,0.000021,1.002073e-02,1,1,1.5,e,+0.5,-1,1,1,1.5,e,+1.5,-1
sigma+,pi,128,106,3.577455,3.267278e-03,5,5,5.5,f,-5.5,+1,5,5,4.5,f,-4.5,+1
sigma+,pi,116,96,3.577455,3.267272e-03,5,5,5.5,e,-5.5,-1,5,5,4.5,e,-4.5,-1
sigma+,pi,129,107,3.577456,8.250695e-04,5,5,5.5,f,-4.5,+1,5,5,4.5,f,-3.5,+1
sigma+,pi,117,97,3.577456,8.250679e-04,5,5,5.5,e,-4.5,-1,5,5,4.5,e,-3.5,-1
sigma+,pi,130,108,3.577457,2.640221e-05,5,5,5.5,f,-3.5,+1,5,5,4.5,f,-2.5,+1
sigma+,pi,118,98,3.577457,2.640215e-05,5,5,5.5,e,-3.5,-1,5,5,4.5,e,-2.5,-1
sigma+,pi,131,109,3.577458,1.848153e-04,5,5,5.5,f,-2.5,+1,5,5,4.5,f,-1.5,+1
sigma+,pi,119,99,3.577459,1.848149e-04,5,5,5.5,e,-2.5,-1,5,5,4.5,e,-1.5,-1
sigma+,pi,132,110,3.577460,7.546619e-04,5,5,5.5,f,-1.5,+1,5,5,4.5,f,-0.5,+1
sigma+,pi,120,100,3.577460,7.546603e-04,5,5,5.5,e,-1.5,-1,5,5,4.5,e,-0.5,-1
sigma+,pi,133,111,3.577461,1.331108e-03,5,5,5.5,f,-0.5,+1,5,5,4.5,f,+0.5,+1
sigma+,pi,121,101,3.577462,1.331105e-03,5,5,5.5,e,-0.5,-1,5,5,4.5,e,+0.5,-1
sigma+,pi,134,112,3.577462,1.650133e-03,5,5,5.5,f,+0.5,+1,5,5,4.5,f,+1.5,+1
sigma+,pi,122,102,3.577463,1.650129e-03,5,5,5.5,e,+0.5,-1,5,5,4.5,e,+1.5,-1
sigma+,pi,135,113,3.577464,1.588527e-03,5,5,5.5,f,+1.5,+1,5,5,4.5,f,+2.5,+1
sigma+,pi,123,103,3.577465,1.588523e-03,5,5,5.5,e,+1.5,-1,5,5,4.5,e,+2.5,-1
sigma+,pi,136,114,3.577465,1.163892e-03,5,5,5.5,f,+2.5,+1,5,5,4.5,f,+3.5,+1
sigma+,pi,124,104,3.577466,1.163889e-03,5,5,5.5,e,+2.5,-1,5,5,4.5,e,+3.5,-1
sigma+,pi,137,115,3.577466,5.346419e-04,5,5,5.5,f,+3.5,+1,5,5,4.5,f,+4.5,+1
sigma+,pi,125,105,3.577467,5.346406e-04,5,5,5.5,e,+3.5,-1,5,5,4.5,e,+4.5,-1
sigma+,pi,86,68,4.435457,3.979572e-03,4,4,4.5,f,-4.5,-1,4,4,3.5,f,-3.5,-1
sigma+,pi,76,60,4.435457,3.979564e-03,4,4,4.5,e,-4.5,+1,4,4,3.5,e,-3.5,+1
sigma+,pi,87,69,4.435459,5.685098e-04,4,4,4.5,f,-3.5,-1,4,4,3.5,f,-2.5,-1
sigma+,pi,77,61,4.435459,5.685086e-04,4,4,4.5,e,-3.5,+1,4,4,3.5,e,-2.5,+1
sigma+,pi,88,70,4.435461,4.737577e-05,4,4,4.5,f,-2.5,-1,4,4,3.5,f,-1.5,-1
sigma+,pi,78,62,4.435461,4.737567e-05,4,4,4.5,e,-2.5,+1,4,4,3.5,e,-1.5,+1
sigma+,pi,89,71,4.435462,8.459952e-04,4,4,4.5,f,-1.5,-1,4,4,3.5,f,-0.5,-1
sigma+,pi,79,63,4.435463,8.459934e-04,4,4,4.5,e,-1.5,+1,4,4,3.5,e,-0.5,+1
sigma+,pi,90,72,4.435464,1.827348e-03,4,4,4.5,f,-0.5,-1,4,4,3.5,f,+0.5,-1
sigma+,pi,80,64,4.435465,1.827344e-03,4,4,4.5,e,-0.5,+1,4,4,3.5,e,+0.5,+1
sigma+,pi,91,73,4.435466,2.287567e-03,4,4,4.5,f,+0.5,-1,4,4,3.5,f,+1.5,-1
sigma+,pi,81,65,4.435467,2.287562e-03,4,4,4.5,e,+0.5,+1,4,4,3.5,e,+1.5,+1
sigma+,pi,92,74,4.435468,1.955936e-03,4,4,4.5,f,+1.5,-1,4,4,3.5,f,+2.5,-1
sigma+,pi,82,66,4.435469,1.955932e-03,4,4,4.5,e,+1.5,+1,4,4,3.5,e,+2.5,+1
sigma+,pi,93,75,4.435470,9.948871e-04,4,4,4.5,f,+2.5,-1,4,4,3.5,f,+3.5,-1
sigma+,pi,83,67,4.435471,9.948847e-04,4,4,4.5,e,+2.5,+1,4,4,3.5,e,+3.5,+1
sigma+,pi,44,32,5.796181,4.462025e-03,3,3,3.5,e,-3.5,-1,3,3,2.5,e,-2.5,-1
sigma+,pi,52,38,5.796181,4.462035e-03,3,3,3.5,f,-3.5,+1,3,3,2.5,f,-2.5,+1
sigma+,pi,53,39,5.796184,1.274866e-04,3,3,3.5,f,-2.5,+1,3,3,2.5,f,-1.5,+1
sigma+,pi,45,33,5.796184,1.274863e-04,3,3,3.5,e,-2.5,-1,3,3,2.5,e,-1.5,-1
sigma+,pi,54,40,5.796187,7.649187e-04,3,3,3.5,f,-1.5,+1,3,3,2.5,f,-0.5,+1
sigma+,pi,46,34,5.796188,7.649169e-04,3,3,3.5,e,-1.5,-1,3,3,2.5,e,-0.5,-1
sigma+,pi,55,41,5.796190,2.498732e-03,3,3,3.5,f,-0.5,+1,3,3,2.5,f,+0.5,+1
sigma+,pi,47,35,5.796191,2.498726e-03,3,3,3.5,e,-0.5,-1,3,3,2.5,e,+0.5,-1
sigma+,pi,56,42,5.796193,3.085166e-03,3,3,3.5,f,+0.5,+1,3,3,2.5,f,+1.5,+1
sigma+,pi,48,36,5.796194,3.085158e-03,3,3,3.5,e,+0.5,-1,3,3,2.5,e,+1.5,-1
sigma+,pi,57,43,5.796196,1.912291e-03,3,3,3.5,f,+1.5,+1,3,3,2.5,f,+2.5,+1
sigma+,pi,49,37,5.796197,1.912286e-03,3,3,3.5,e,+1.5,-1,3,3,2.5,e,+2.5,-1
sigma+,pi,20,12,8.329658,3.057589e-03,2,2,2.5,e,-2.5,+1,2,2,1.5,e,-1.5,+1
sigma+,pi,26,16,8.329659,3.057599e-03,2,2,2.5,f,-2.5,-1,2,2,1.5,f,-1.5,-1
sigma+,pi,21,13,8.329665,2.038390e-04,2,2,2.5,e,-1.5,+1,2,2,1.5,e,-0.5,+1
sigma+,pi,27,17,8.329665,2.038396e-04,2,2,2.5,f,-1.5,-1,2,2,1.5,f,-0.5,-1
sigma+,pi,28,18,8.329671,2.547991e-03,2,2,2.5,f,-0.5,-1,2,2,1.5,f,+0.5,-1
sigma+,pi,22,14,8.329671,2.547983e-03,2,2,2.5,e,-0.5,+1,2,2,1.5,e,+0.5,+1
sigma+,pi,29,19,8.329677,2.751826e-03,2,2,2.5,f,+0.5,-1,2,2,1.5,f,+1.5,-1
sigma+,pi,23,15,8.329678,2.751818e-03,2,2,2.5,e,+0.5,+1,2,2,1.5,e,+1.5,+1
sigma+,pi,4,0,15.047610,4.994840e-03,1,1,1.5,e,-1.5,-1,1,1,0.5,e,-0.5,-1
sigma+,pi,8,2,15.047612,4.994836e-03,1,1,1.5,f,-1.5,+1,1,1,0.5,f,-0.5,+1
sigma+,pi,5,1,15.047635,1.498447e-02,1,1,1.5,e,-0.5,-1,1,1,0.5,e,+0.5,-1
sigma+,pi,9,3,15.047636,1.498446e-02,1,1,1.5,f,-0.5,+1,1,1,0.5,f,+0.5,+1
sigma+,pi,3,24,29073.263231,2.665025e-02,1,1,0.5,f,+0.5,+1,2,2,2.5,e,+1.5,+1
sigma+,pi,2,23,29073.263268,1.332514e-02,1,1,0.5,f,-0.5,+1,2,2,2.5,e,+0.5,+1
sigma+,pi,3,15,29081.592900,1.500526e-02,1,1,0.5,f,+0.5,+1,2,2,1.5,e,+1.5,+1
sigma+,pi,2,14,29081.592930,4.501549e-02,1,1,0.5,f,-0.5,+1,2,2,1.5,e,+0.5,+1
sigma+,pi,11,25,29088.310836,5.001617e-02,1,1,1.5,f,+1.5,+1,2,2,2.5,e,+2.5,+1
sigma+,pi,10,24,29088.310847,3.334449e-03,1,1,1.5,f,+0.5,+1,2,2,2.5,e,+1.5,+1
sigma+,pi,9,23,29088.310859,4.168019e-02,1,1,1.5,f,-0.5,+1,2,2,2.5,e,+0.5,+1
sigma+,pi,8,22,29088.310870,4.501448e-02,1,1,1.5,f,-1.5,+1,2,2,2.5,e,-0.5,+1
sigma+,pi,1,30,29094.423228,2.665023e-02,1,1,0.5,e,+0.5,-1,2,2,2.5,f,+1.5,-1
sigma+,pi,0,29,29094.423266,1.332513e-02,1,1,0.5,e,-0.5,-1,2,2,2.5,f,+0.5,-1
sigma+,pi,10,15,29096.640516,2.997920e-02,1,1,1.5,f,+0.5,+1,2,2,1.5,e,+1.5,+1
sigma+,pi,8,13,29096.640526,2.997934e-02,1,1,1.5,f,-1.5,+1,2,2,1.5,e,-0.5,+1
sigma+,pi,1,19,29102.752897,1.500526e-02,1,1,0.5,e,+0.5,-1,2,2,1.5,f,+1.5,-1
sigma+,pi,0,18,29102.752928,4.501548e-02,1,1,0.5,e,-0.5,-1,2,2,1.5,f,+0.5,-1
sigma+,pi,7,31,29109.470830,5.001617e-02,1,1,1.5,e,+1.5,-1,2,2,2.5,f,+2.5,-1
sigma+,pi,6,30,29109.470842,3.334449e-03,1,1,1.5,e,+0.5,-1,2,2,2.5,f,+1.5,-1
sigma+,pi,5,29,29109.470855,4.168020e-02,1,1,1.5,e,-0.5,-1,2,2,2.5,f,+0.5,-1
sigma+,pi,4,28,29109.470867,4.501449e-02,1,1,1.5,e,-1.5,-1,2,2,2.5,f,-0.5,-1
sigma+,pi,6,19,29117.800511,2.997922e-02,1,1,1.5,e,+0.5,-1,2,2,1.5,f,+1.5,-1
sigma+,pi,4,17,29117.800523,2.997935e-02,1,1,1.5,e,-1.5,-1,2,2,1.5,f,-0.5,-1
sigma+,pi,19,50,43614.287388,4.084793e-03,2,2,1.5,f,+1.5,-1,3,3,3.5,e,+2.5,-1
sigma+,pi,18,49,43614.287397,4.084798e-03,2,2,1.5,f,+0.5,-1,3,3,3.5,e,+1.5,-1
sigma+,pi,17,48,43614.287407,2.450882e-03,2,2,1.5,f,-0.5,-1,3,3,3.5,e,+0.5,-1
sigma+,pi,16,47,43614.287416,8.169618e-04,2,2,1.5,f,-1.5,-1,3,3,3.5,e,-0.5,-1
sigma+,pi,19,37,43620.083579,2.447762e-02,2,2,1.5,f,+1.5,-1,3,3,2.5,e,+2.5,-1
sigma+,pi,18,36,43620.083586,1.631831e-03,2,2,1.5,f,+0.5,-1,3,3,2.5,e,+1.5,-1
sigma+,pi,17,35,43620.083592,2.039797e-02,2,2,1.5,f,-0.5,-1,3,3,2.5,e,+0.5,-1
sigma+,pi,16,34,43620.083598,2.202983e-02,2,2,1.5,f,-1.5,-1,3,3,2.5,e,-0.5,-1
sigma+,pi,31,51,43622.617054,3.572491e-02,2,2,2.5,f,+2.5,-1,3,3,3.5,e,+3.5,-1
sigma+,pi,30,50,43622.617057,1.020705e-03,2,2,2.5,f,+1.5,-1,3,3,3.5,e,+2.5,-1
sigma+,pi,29,49,43622.617060,6.124286e-03,2,2,2.5,f,+0.5,-1,3,3,3.5,e,+1.5,-1
sigma+,pi,28,48,43622.617063,2.000596e-02,2,2,2.5,f,-0.5,-1,3,3,3.5,e,+0.5,-1
sigma+,pi,27,47,43622.617066,2.470121e-02,2,2,2.5,f,-1.5,-1,3,3,3.5,e,-0.5,-1
sigma+,pi,26,46,43622.617069,1.531066e-02,2,2,2.5,f,-2.5,-1,3,3,3.5,e,-1.5,-1
sigma+,pi,30,37,43628.413248,6.120552e-03,2,2,2.5,f,+1.5,-1,3,3,2.5,e,+2.5,-1
sigma+,pi,29,36,43628.413248,2.448224e-03,2,2,2.5,f,+0.5,-1,3,3,2.5,e,+1.5,-1
sigma+,pi,27,34,43628.413248,2.448231e-03,2,2,2.5,f,-1.5,-1,3,3,2.5,e,-0.5,-1
sigma+,pi,26,33,43628.413248,6.120584e-03,2,2,2.5,f,-2.5,-1,3,3,2.5,e,-1.5,-1
sigma+,pi,15,58,43661.897381,4.084792e-03,2,2,1.5,e,+1.5,+1,3,3,3.5,f,+2.5,+1
sigma+,pi,14,57,43661.897392,4.084796e-03,2,2,1.5,e,+0.5,+1,3,3,3.5,f,+1.5,+1
sigma+,pi,13,56,43661.897403,2.450880e-03,2,2,1.5,e,-0.5,+1,3,3,3.5,f,+0.5,+1
sigma+,pi,12,55,43661.897413,8.169608e-04,2,2,1.5,e,-1.5,+1,3,3,3.5,f,-0.5,+1
sigma+,pi,15,43,43667.693573,2.447761e-02,2,2,1.5,e,+1.5,+1,3,3,2.5,f,+2.5,+1
sigma+,pi,14,42,43667.693580,1.631831e-03,2,2,1.5,e,+0.5,+1,3,3,2.5,f,+1.5,+1
sigma+,pi,13,41,43667.693588,2.039797e-02,2,2,1.5,e,-0.5,+1,3,3,2.5,f,+0.5,+1
sigma+,pi,12,40,43667.693596,2.202983e-02,2,2,1.5,e,-1.5,+1,3,3,2.5,f,-0.5,+1
sigma+,pi,25,59,43670.227046,3.572491e-02,2,2,2.5,e,+2.5,+1,3,3,3.5,f,+3.5,+1
sigma+,pi,24,58,43670.227050,1.020705e-03,2,2,2.5,e,+1.5,+1,3,3,3.5,f,+2.5,+1
sigma+,pi,23,57,43670.227054,6.124286e-03,2,2,2.5,e,+0.5,+1,3,3,3.5,f,+1.5,+1
sigma+,pi,22,56,43670.227058,2.000596e-02,2,2,2.5,e,-0.5,+1,3,3,3.5,f,+0.5,+1
sigma+,pi,21,55,43670.227063,2.470121e-02,2,2,2.5,e,-1.5,+1,3,3,3.5,f,-0.5,+1
sigma+,pi,20,54,43670.227067,1.531066e-02,2,2,2.5,e,-2.5,+1,3,3,3.5,f,-1.5,+1
sigma+,pi,24,43,43676.023241,6.120553e-03,2,2,2.5,e,+1.5,+1,3,3,2.5,f,+2.5,+1
sigma+,pi,23,42,43676.023243,2.448225e-03,2,2,2.5,e,+0.5,+1,3,3,2.5,f,+1.5,+1
sigma+,pi,21,40,43676.023245,2.448230e-03,2,2,2.5,e,-1.5,+1,3,3,2.5,f,-0.5,+1
sigma+,pi,20,39,43676.023246,6.120585e-03,2,2,2.5,e,-2.5,+1,3,3,2.5,f,-1.5,+1
sigma+,pi,43,84,58146.058975,1.059341e-03,3,3,2.5,f,+2.5,+1,4,4,4.5,e,+3.5,+1
sigma+,pi,42,83,58146.058979,1.324178e-03,3,3,2.5,f,+1.5,+1,4,4,4.5,e,+2.5,+1
sigma+,pi,41,82,58146.058983,1.135012e-03,3,3,2.5,f,+0.5,+1,4,4,4.5,e,+1.5,+1
sigma+,pi,40,81,58146.058987,7.566754e-04,3,3,2.5,f,-0.5,+1,4,4,4.5,e,+0.5,+1
sigma+,pi,39,80,58146.058991,3.783382e-04,3,3,2.5,f,-1.5,+1,4,4,4.5,e,-0.5,+1
sigma+,pi,38,79,58146.058995,1.135016e-04,3,3,2.5,f,-2.5,+1,4,4,4.5,e,-1.5,+1
sigma+,pi,43,67,58150.494441,2.065972e-02,3,3,2.5,f,+2.5,+1,4,4,3.5,e,+3.5,+1
sigma+,pi,42,66,58150.494443,5.902802e-04,3,3,2.5,f,+1.5,+1,4,4,3.5,e,+2.5,+1
sigma+,pi,41,65,58150.494445,3.541657e-03,3,3,2.5,f,+0.5,+1,4,4,3.5,e,+1.5,+1
sigma+,pi,40,64,58150.494448,1.156943e-02,3,3,2.5,f,-0.5,+1,4,4,3.5,e,+0.5,+1
sigma+,pi,39,63,58150.494450,1.428471e-02,3,3,2.5,f,-1.5,+1,4,4,3.5,e,-0.5,+1
sigma+,pi,38,62,58150.494452,8.854161e-03,3,3,2.5,f,-2.5,+1,4,4,3.5,e,-1.5,+1
sigma+,pi,59,85,58151.855165,2.500635e-02,3,3,3.5,f,+3.5,+1,4,4,4.5,e,+4.5,+1
sigma+,pi,58,84,58151.855166,3.572330e-03,3,3,3.5,f,+2.5,+1,4,4,4.5,e,+3.5,+1
sigma+,pi,57,83,58151.855167,2.976967e-04,3,3,3.5,f,+1.5,+1,4,4,4.5,e,+2.5,+1
sigma+,pi,56,82,58151.855168,5.315983e-03,3,3,3.5,f,+0.5,+1,4,4,4.5,e,+1.5,+1
sigma+,pi,55,81,58151.855169,1.148251e-02,3,3,3.5,f,-0.5,+1,4,4,4.5,e,+0.5,+1
sigma+,pi,54,80,58151.855170,1.437440e-02,3,3,3.5,f,-1.5,+1,4,4,4.5,e,-0.5,+1
sigma+,pi,53,79,58151.855171,1.229053e-02,3,3,3.5,f,-2.5,+1,4,4,4.5,e,-1.5,+1
sigma+,pi,52,78,58151.855172,6.251582e-03,3,3,3.5,f,-3.5,+1,4,4,4.5,e,-2.5,+1
sigma+,pi,52,61,58156.290627,1.785411e-03,3,3,3.5,f,-3.5,+1,4,4,3.5,e,-2.5,+1
sigma+,pi,53,62,58156.290628,1.360312e-03,3,3,3.5,f,-2.5,+1,4,4,3.5,e,-1.5,+1
sigma+,pi,54,63,58156.290629,4.250975e-04,3,3,3.5,f,-1.5,+1,4,4,3.5,e,-0.5,+1
sigma+,pi,56,65,58156.290631,4.250959e-04,3,3,3.5,f,+0.5,+1,4,4,3.5,e,+1.5,+1
sigma+,pi,57,66,58156.290632,1.360306e-03,3,3,3.5,f,+1.5,+1,4,4,3.5,e,+2.5,+1
sigma+,pi,58,67,58156.290633,1.785401e-03,3,3,3.5,f,+2.5,+1,4,4,3.5,e,+3.5,+1
sigma+,pi,37,94,58230.698966,1.059341e-03,3,3,2.5,e,+2.5,-1,4,4,4.5,f,+3.5,-1
sigma+,pi,36,93,58230.698972,1.324178e-03,3,3,2.5,e,+1.5,-1,4,4,4.5,f,+2.5,-1
sigma+,pi,35,92,58230.698977,1.135011e-03,3,3,2.5,e,+0.5,-1,4,4,4.5,f,+1.5,-1
sigma+,pi,34,91,58230.698982,7.566745e-04,3,3,2.5,e,-0.5,-1,4,4,4.5,f,+0.5,-1
sigma+,pi,33,90,58230.698987,3.783376e-04,3,3,2.5,e,-1.5,-1,4,4,4.5,f,-0.5,-1
sigma+,pi,32,89,58230.698992,1.135014e-04,3,3,2.5,e,-2.5,-1,4,4,4.5,f,-1.5,-1
sigma+,pi,37,75,58235.134433,2.065972e-02,3,3,2.5,e,+2.5,-1,4,4,3.5,f,+3.5,-1
sigma+,pi,36,74,58235.134436,5.902801e-04,3,3,2.5,e,+1.5,-1,4,4,3.5,f,+2.5,-1
sigma+,pi,35,73,58235.134440,3.541657e-03,3,3,2.5,e,+0.5,-1,4,4,3.5,f,+1.5,-1
sigma+,pi,34,72,58235.134443,1.156943e-02,3,3,2.5,e,-0.5,-1,4,4,3.5,f,+0.5,-1
sigma+,pi,33,71,58235.134446,1.428471e-02,3,3,2.5,e,-1.5,-1,4,4,3.5,f,-0.5,-1
sigma+,pi,32,70,58235.134450,8.854161e-03,3,3,2.5,e,-2.5,-1,4,4,3.5,f,-1.5,-1
sigma+,pi,51,95,58236.495156,2.500635e-02,3,3,3.5,e,+3.5,-1,4,4,4.5,f,+4.5,-1
sigma+,pi,50,94,58236.495158,3.572330e-03,3,3,3.5,e,+2.5,-1,4,4,4.5,f,+3.5,-1
sigma+,pi,49,93,58236.495160,2.976967e-04,3,3,3.5,e,+1.5,-1,4,4,4.5,f,+2.5,-1
sigma+,pi,48,92,58236.495162,5.315983e-03,3,3,3.5,e,+0.5,-1,4,4,4.5,f,+1.5,-1
sigma+,pi,47,91,58236.495164,1.148251e-02,3,3,3.5,e,-0.5,-1,4,4,4.5,f,+0.5,-1
sigma+,pi,46,90,58236.495166,1.437440e-02,3,3,3.5,e,-1.5,-1,4,4,4.5,f,-0.5,-1
sigma+,pi,45,89,58236.495168,1.229053e-02,3,3,3.5,e,-2.5,-1,4,4,4.5,f,-1.5,-1
sigma+,pi,44,88,58236.495170,6.251582e-03,3,3,3.5,e,-3.5,-1,4,4,4.5,f,-2.5,-1
sigma+,pi,50,75,58240.930624,1.785401e-03,3,3,3.5,e,+2.5,-1,4,4,3.5,f,+3.5,-1
sigma+,pi,49,74,58240.930625,1.360307e-03,3,3,3.5,e,+1.5,-1,4,4,3.5,f,+2.5,-1
sigma+,pi,48,73,58240.930625,4.250963e-04,3,3,3.5,e,+0.5,-1,4,4,3.5,f,+1.5,-1
sigma+,pi,46,71,58240.930625,4.250970e-04,3,3,3.5,e,-1.5,-1,4,4,3.5,f,-0.5,-1
sigma+,pi,45,70,58240.930625,1.360312e-03,3,3,3.5,e,-2.5,-1,4,4,3.5,f,-1.5,-1
sigma+,pi,44,69,58240.930626,1.785411e-03,3,3,3.5,e,-3.5,-1,4,4,3.5,f,-2.5,-1
sigma+,pi,75,126,72671.161246,3.677485e-04,4,4,3.5,f,+3.5,-1,5,5,5.5,e,+4.5,-1
sigma+,pi,74,125,72671.161248,5.148486e-04,4,4,3.5,f,+2.5,-1,5,5,5.5,e,+3.5,-1
sigma+,pi,73,124,72671.161250,5.148494e-04,4,4,3.5,f,+1.5,-1,5,5,5.5,e,+2.5,-1
sigma+,pi,72,123,72671.161253,4.290418e-04,4,4,3.5,f,+0.5,-1,5,5,5.5,e,+1.5,-1
sigma+,pi,71,122,72671.161255,3.064588e-04,4,4,3.5,f,-0.5,-1,5,5,5.5,e,+0.5,-1
sigma+,pi,70,121,72671.161257,1.838756e-04,4,4,3.5,f,-1.5,-1,5,5,5.5,e,-0.5,-1
sigma+,pi,69,120,72671.161259,8.580872e-05,4,4,3.5,f,-2.5,-1,5,5,5.5,e,-1.5,-1
sigma+,pi,68,119,72671.161261,2.451681e-05,4,4,3.5,f,-3.5,-1,5,5,5.5,e,-2.5,-1
sigma+,pi,75,105,72674.738710,1.619318e-02,4,4,3.5,f,+3.5,-1,5,5,4.5,e,+4.5,-1
sigma+,pi,74,104,72674.738711,2.313315e-03,4,4,3.5,f,+2.5,-1,5,5,4.5,e,+3.5,-1
sigma+,pi,73,103,72674.738712,1.927748e-04,4,4,3.5,f,+1.5,-1,5,5,4.5,e,+2.5,-1
sigma+,pi,72,102,72674.738712,3.442423e-03,4,4,3.5,f,+0.5,-1,5,5,4.5,e,+1.5,-1
sigma+,pi,71,101,72674.738713,7.435639e-03,4,4,3.5,f,-0.5,-1,5,5,4.5,e,+0.5,-1
sigma+,pi,70,100,72674.738714,9.308322e-03,4,4,3.5,f,-1.5,-1,5,5,4.5,e,-0.5,-1
sigma+,pi,69,99,72674.738715,7.958892e-03,4,4,3.5,f,-2.5,-1,5,5,4.5,e,-1.5,-1
sigma+,pi,68,98,72674.738715,4.048296e-03,4,4,3.5,f,-3.5,-1,5,5,4.5,e,-2.5,-1
sigma+,pi,95,127,72675.596712,1.818578e-02,4,4,4.5,f,+4.5,-1,5,5,5.5,e,+5.5,-1
sigma+,pi,94,126,72675.596713,4.592366e-03,4,4,4.5,f,+3.5,-1,5,5,5.5,e,+4.5,-1
sigma+,pi,93,125,72675.596713,1.469549e-04,4,4,4.5,f,+2.5,-1,5,5,5.5,e,+3.5,-1
sigma+,pi,92,124,72675.596713,1.028693e-03,4,4,4.5,f,+1.5,-1,5,5,5.5,e,+2.5,-1
sigma+,pi,91,123,72675.596713,4.200491e-03,4,4,4.5,f,+0.5,-1,5,5,5.5,e,+1.5,-1
sigma+,pi,90,122,72675.596714,7.409026e-03,4,4,4.5,f,-0.5,-1,5,5,5.5,e,+0.5,-1
sigma+,pi,89,121,72675.596714,9.184739e-03,4,4,4.5,f,-1.5,-1,5,5,5.5,e,-0.5,-1
sigma+,pi,88,120,72675.596714,8.841840e-03,4,4,4.5,f,-2.5,-1,5,5,5.5,e,-1.5,-1
sigma+,pi,87,119,72675.596715,6.478299e-03,4,4,4.5,f,-3.5,-1,5,5,5.5,e,-2.5,-1
sigma+,pi,86,118,72675.596715,2.975853e-03,4,4,4.5,f,-4.5,-1,5,5,5.5,e,-3.5,-1
sigma+,pi,86,97,72679.174168,6.610862e-04,4,4,4.5,f,-4.5,-1,5,5,4.5,e,-3.5,-1
sigma+,pi,87,98,72679.174169,6.610860e-04,4,4,4.5,f,-3.5,-1,5,5,4.5,e,-2.5,-1
sigma+,pi,88,99,72679.174170,3.856334e-04,4,4,4.5,f,-2.5,-1,5,5,4.5,e,-1.5,-1
sigma+,pi,89,100,72679.174171,1.101810e-04,4,4,4.5,f,-1.5,-1,5,5,4.5,e,-0.5,-1
sigma+,pi,91,102,72679.174173,1.101804e-04,4,4,4.5,f,+0.5,-1,5,5,4.5,e,+1.5,-1
sigma+,pi,92,103,72679.174175,3.856315e-04,4,4,4.5,f,+1.5,-1,5,5,4.5,e,+2.5,-1
sigma+,pi,93,104,72679.174176,6.610824e-04,4,4,4.5,f,+2.5,-1,5,5,4.5,e,+3.5,-1
sigma+,pi,94,105,72679.174177,6.610822e-04,4,4,4.5,f,+3.5,-1,5,5,4.5,e,+4.5,-1
sigma+,pi,1,36,72722.836468,5.334973e-02,1,1,0.5,e,+0.5,-1,3,3,2.5,e,+1.5,-1
sigma+,pi,0,35,72722.836505,2.667489e-02,1,1,0.5,e,-0.5,-1,3,3,2.5,e,+0.5,-1
sigma+,pi,7,50,72732.087878,4.897117e-02,1,1,1.5,e,+1.5,-1,3,3,3.5,e,+2.5,-1
sigma+,pi,6,49,72732.087893,4.897113e-02,1,1,1.5,e,+0.5,-1,3,3,3.5,e,+1.5,-1
sigma+,pi,5,48,72732.087909,2.938266e-02,1,1,1.5,e,-0.5,-1,3,3,3.5,e,+0.5,-1
sigma+,pi,4,47,72732.087925,9.794212e-03,1,1,1.5,e,-1.5,-1,3,3,3.5,e,-0.5,-1
sigma+,pi,7,37,72737.884069,8.162914e-03,1,1,1.5,e,+1.5,-1,3,3,2.5,e,+2.5,-1
sigma+,pi,6,36,72737.884082,5.441923e-04,1,1,1.5,e,+0.5,-1,3,3,2.5,e,+1.5,-1
sigma+,pi,5,35,72737.884094,6.802446e-03,1,1,1.5,e,-0.5,-1,3,3,2.5,e,+0.5,-1
sigma+,pi,4,34,72737.884107,7.346663e-03,1,1,1.5,e,-1.5,-1,3,3,2.5,e,-0.5,-1
sigma+,pi,3,42,72749.286465,5.334971e-02,1,1,0.5,f,+0.5,+1,3,3,2.5,f,+1.5,+1
sigma+,pi,2,41,72749.286502,2.667488e-02,1,1,0.5,f,-0.5,+1,3,3,2.5,f,+0.5,+1
sigma+,pi,11,58,72758.537877,4.897116e-02,1,1,1.5,f,+1.5,+1,3,3,3.5,f,+2.5,+1
sigma+,pi,10,57,72758.537892,4.897112e-02,1,1,1.5,f,+0.5,+1,3,3,3.5,f,+1.5,+1
sigma+,pi,9,56,72758.537908,2.938265e-02,1,1,1.5,f,-0.5,+1,3,3,3.5,f,+0.5,+1
sigma+,pi,8,55,72758.537924,9.794211e-03,1,1,1.5,f,-1.5,+1,3,3,3.5,f,-0.5,+1
sigma+,pi,11,43,72764.334068,8.162931e-03,1,1,1.5,f,+1.5,+1,3,3,2.5,f,+2.5,+1
sigma+,pi,10,42,72764.334081,5.441930e-04,1,1,1.5,f,+0.5,+1,3,3,2.5,f,+1.5,+1
sigma+,pi,9,41,72764.334093,6.802458e-03,1,1,1.5,f,-0.5,+1,3,3,2.5,f,+0.5,+1
sigma+,pi,8,40,72764.334106,7.346676e-03,1,1,1.5,f,-1.5,+1,3,3,2.5,f,-0.5,+1
sigma+,pi,67,138,72803.411237,3.677487e-04,4,4,3.5,e,+3.5,+1,5,5,5.5,f,+4.5,+1
sigma+,pi,66,137,72803.411240,5.148487e-04,4,4,3.5,e,+2.5,+1,5,5,5.5,f,+3.5,+1
sigma+,pi,65,136,72803.411243,5.148491e-04,4,4,3.5,e,+1.5,+1,5,5,5.5,f,+2.5,+1
sigma+,pi,64,135,72803.411247,4.290413e-04,4,4,3.5,e,+0.5,+1,5,5,5.5,f,+1.5,+1
sigma+,pi,63,134,72803.411250,3.064583e-04,4,4,3.5,e,-0.5,+1,5,5,5.5,f,+0.5,+1
sigma+,pi,62,133,72803.411253,1.838752e-04,4,4,3.5,e,-1.5,+1,5,5,5.5,f,-0.5,+1
sigma+,pi,61,132,72803.411256,8.580848e-05,4,4,3.5,e,-2.5,+1,5,5,5.5,f,-1.5,+1
sigma+,pi,60,131,72803.411260,2.451673e-05,4,4,3.5,e,-3.5,+1,5,5,5.5,f,-2.5,+1
sigma+,pi,67,115,72806.988701,1.619318e-02,4,4,3.5,e,+3.5,+1,5,5,4.5,f,+4.5,+1
sigma+,pi,66,114,72806.988703,2.313315e-03,4,4,3.5,e,+2.5,+1,5,5,4.5,f,+3.5,+1
sigma+,pi,65,113,72806.988704,1.927748e-04,4,4,3.5,e,+1.5,+1,5,5,4.5,f,+2.5,+1
sigma+,pi,64,112,72806.988706,3.442423e-03,4,4,3.5,e,+0.5,+1,5,5,4.5,f,+1.5,+1
sigma+,pi,63,111,72806.988708,7.435639e-03,4,4,3.5,e,-0.5,+1,5,5,4.5,f,+0.5,+1
sigma+,pi,62,110,72806.988710,9.308322e-03,4,4,3.5,e,-1.5,+1,5,5,4.5,f,-0.5,+1
sigma+,pi,61,109,72806.988712,7.958893e-03,4,4,3.5,e,-2.5,+1,5,5,4.5,f,-1.5,+1
sigma+,pi,60,108,72806.988714,4.048296e-03,4,4,3.5,e,-3.5,+1,5,5,4.5,f,-2.5,+1
sigma+,pi,85,139,72807.846702,1.818578e-02,4,4,4.5,e,+4.5,+1,5,5,5.5,f,+5.5,+1
sigma+,pi,84,138,72807.846704,4.592366e-03,4,4,4.5,e,+3.5,+1,5,5,5.5,f,+4.5,+1
sigma+,pi,83,137,72807.846705,1.469549e-04,4,4,4.5,e,+2.5,+1,5,5,5.5,f,+3.5,+1
sigma+,pi,82,136,72807.846706,1.028693e-03,4,4,4.5,e,+1.5,+1,5,5,5.5,f,+2.5,+1
sigma+,pi,81,135,72807.846707,4.200491e-03,4,4,4.5,e,+0.5,+1,5,5,5.5,f,+1.5,+1
sigma+,pi,80,134,72807.846709,7.409026e-03,4,4,4.5,e,-0.5,+1,5,5,5.5,f,+0.5,+1
sigma+,pi,79,133,72807.846710,9.184740e-03,4,4,4.5,e,-1.5,+1,5,5,5.5,f,-0.5,+1
sigma+,pi,78,132,72807.846711,8.841840e-03,4,4,4.5,e,-2.5,+1,5,5,5.5,f,-1.5,+1
sigma+,pi,77,131,72807.846713,6.478300e-03,4,4,4.5,e,-3.5,+1,5,5,5.5,f,-2.5,+1
sigma+,pi,76,130,72807.846714,2.975853e-03,4,4,4.5,e,-4.5,+1,5,5,5.5,f,-3.5,+1
sigma+,pi,76,107,72811.424167,6.610862e-04,4,4,4.5,e,-4.5,+1,5,5,4.5,f,-3.5,+1
sigma+,pi,77,108,72811.424167,6.610857e-04,4,4,4.5,e,-3.5,+1,5,5,4.5,f,-2.5,+1
sigma+,pi,78,109,72811.424167,3.856330e-04,4,4,4.5,e,-2.5,+1,5,5,4.5,f,-1.5,+1
sigma+,pi,79,110,72811.424167,1.101808e-04,4,4,4.5,e,-1.5,+1,5,5,4.5,f,-0.5,+1
sigma+,pi,81,112,72811.424167,1.101806e-04,4,4,4.5,e,+0.5,+1,5,5,4.5,f,+1.5,+1
sigma+,pi,82,113,72811.424167,3.856317e-04,4,4,4.5,e,+1.5,+1,5,5,4.5,f,+2.5,+1
sigma+,pi,83,114,72811.424167,6.610824e-04,4,4,4.5,e,+2.5,+1,5,5,4.5,f,+3.5,+1
sigma+,pi,84,115,72811.424167,6.610819e-04,4,4,4.5,e,+3.5,+1,5,5,4.5,f,+4.5,+1
sigma+,pi,15,66,101818.188008,6.122977e-02,2,2,1.5,e,+1.5,+1,4,4,3.5,e,+2.5,+1
sigma+,pi,14,65,101818.188018,6.122979e-02,2,2,1.5,e,+0.5,+1,4,4,3.5,e,+1.5,+1
sigma+,pi,13,64,101818.188027,3.673789e-02,2,2,1.5,e,-0.5,+1,4,4,3.5,e,+0.5,+1
sigma+,pi,12,63,101818.188037,1.224597e-02,2,2,1.5,e,-1.5,+1,4,4,3.5,e,-0.5,+1
sigma+,pi,25,84,101822.082207,5.290683e-02,2,2,2.5,e,+2.5,+1,4,4,4.5,e,+3.5,+1
sigma+,pi,24,83,101822.082212,6.613351e-02,2,2,2.5,e,+1.5,+1,4,4,4.5,e,+2.5,+1
sigma+,pi,23,82,101822.082217,5.668585e-02,2,2,2.5,e,+0.5,+1,4,4,4.5,e,+1.5,+1
sigma+,pi,22,81,101822.082222,3.779055e-02,2,2,2.5,e,-0.5,+1,4,4,4.5,e,+0.5,+1
sigma+,pi,21,80,101822.082228,1.889527e-02,2,2,2.5,e,-1.5,+1,4,4,4.5,e,-0.5,+1
sigma+,pi,20,79,101822.082233,5.668579e-03,2,2,2.5,e,-2.5,+1,4,4,4.5,e,-1.5,+1
sigma+,pi,25,67,101826.517674,6.613662e-03,2,2,2.5,e,+2.5,+1,4,4,3.5,e,+3.5,+1
sigma+,pi,24,66,101826.517677,1.889619e-04,2,2,2.5,e,+1.5,+1,4,4,3.5,e,+2.5,+1
sigma+,pi,23,65,101826.517680,1.133774e-03,2,2,2.5,e,+0.5,+1,4,4,3.5,e,+1.5,+1
sigma+,pi,22,64,101826.517683,3.703665e-03,2,2,2.5,e,-0.5,+1,4,4,3.5,e,+0.5,+1
sigma+,pi,21,63,101826.517686,4.572898e-03,2,2,2.5,e,-1.5,+1,4,4,3.5,e,-0.5,+1
sigma+,pi,20,62,101826.517690,2.834444e-03,2,2,2.5,e,-2.5,+1,4,4,3.5,e,-1.5,+1
sigma+,pi,19,74,101855.218007,6.122977e-02,2,2,1.5,f,+1.5,-1,4,4,3.5,f,+2.5,-1
sigma+,pi,18,73,101855.218017,6.122979e-02,2,2,1.5,f,+0.5,-1,4,4,3.5,f,+1.5,-1
sigma+,pi,17,72,101855.218026,3.673788e-02,2,2,1.5,f,-0.5,-1,4,4,3.5,f,+0.5,-1
sigma+,pi,16,71,101855.218036,1.224597e-02,2,2,1.5,f,-1.5,-1,4,4,3.5,f,-0.5,-1
sigma+,pi,31,94,101859.112206,5.290682e-02,2,2,2.5,f,+2.5,-1,4,4,4.5,f,+3.5,-1
sigma+,pi,30,93,101859.112211,6.613351e-02,2,2,2.5,f,+1.5,-1,4,4,4.5,f,+2.5,-1
sigma+,pi,29,92,101859.112217,5.668585e-02,2,2,2.5,f,+0.5,-1,4,4,4.5,f,+1.5,-1
sigma+,pi,28,91,101859.112222,3.779055e-02,2,2,2.5,f,-0.5,-1,4,4,4.5,f,+0.5,-1
sigma+,pi,27,90,101859.112227,1.889527e-02,2,2,2.5,f,-1.5,-1,4,4,4.5,f,-0.5,-1
sigma+,pi,26,89,101859.112232,5.668579e-03,2,2,2.5,f,-2.5,-1,4,4,4.5,f,-1.5,-1
sigma+,pi,31,75,101863.547673,6.613676e-03,2,2,2.5,f,+2.5,-1,4,4,3.5,f,+3.5,-1
sigma+,pi,30,74,101863.547676,1.889624e-04,2,2,2.5,f,+1.5,-1,4,4,3.5,f,+2.5,-1
sigma+,pi,29,73,101863.547679,1.133776e-03,2,2,2.5,f,+0.5,-1,4,4,3.5,f,+1.5,-1
sigma+,pi,28,72,101863.547683,3.703672e-03,2,2,2.5,f,-0.5,-1,4,4,3.5,f,+0.5,-1
sigma+,pi,27,71,101863.547686,4.572906e-03,2,2,2.5,f,-1.5,-1,4,4,3.5,f,-0.5,-1
sigma+,pi,26,70,101863.547689,2.834449e-03,2,2,2.5,f,-2.5,-1,4,4,3.5,f,-1.5,-1
sigma+,pi,37,104,130909.873139,5.714496e-02,3,3,2.5,e,+2.5,-1,5,5,4.5,e,+3.5,-1
sigma+,pi,36,103,130909.873143,7.143121e-02,3,3,2.5,e,+1.5,-1,5,5,4.5,e,+2.5,-1
sigma+,pi,35,102,130909.873147,6.122676e-02,3,3,2.5,e,+0.5,-1,5,5,4.5,e,+1.5,-1
sigma+,pi,34,101,130909.873151,4.081785e-02,3,3,2.5,e,-0.5,-1,5,5,4.5,e,+0.5,-1
sigma+,pi,33,100,130909.873155,2.040893e-02,3,3,2.5,e,-1.5,-1,5,5,4.5,e,-0.5,-1
sigma+,pi,32,99,130909.873159,6.122680e-03,3,3,2.5,e,-2.5,-1,5,5,4.5,e,-1.5,-1
sigma+,pi,51,126,130912.091865,4.958537e-02,3,3,3.5,e,+3.5,-1,5,5,5.5,e,+4.5,-1
sigma+,pi,50,125,130912.091867,6.941950e-02,3,3,3.5,e,+2.5,-1,5,5,5.5,e,+3.5,-1
sigma+,pi,49,124,130912.091870,6.941949e-02,3,3,3.5,e,+1.5,-1,5,5,5.5,e,+2.5,-1
sigma+,pi,48,123,130912.091872,5.784956e-02,3,3,3.5,e,+0.5,-1,5,5,5.5,e,+1.5,-1
sigma+,pi,47,122,130912.091874,4.132110e-02,3,3,3.5,e,-0.5,-1,5,5,5.5,e,+0.5,-1
sigma+,pi,46,121,130912.091877,2.479266e-02,3,3,3.5,e,-1.5,-1,5,5,5.5,e,-0.5,-1
sigma+,pi,45,120,130912.091879,1.156990e-02,3,3,3.5,e,-2.5,-1,5,5,5.5,e,-1.5,-1
sigma+,pi,44,119,130912.091881,3.305686e-03,3,3,3.5,e,-3.5,-1,5,5,5.5,e,-2.5,-1
sigma+,pi,11,66,130914.828503,1.368025e-09,1,1,1.5,f,+1.5,+1,4,4,3.5,e,+2.5,+1
sigma+,pi,10,65,130914.828518,1.368029e-09,1,1,1.5,f,+0.5,+1,4,4,3.5,e,+1.5,+1
sigma+,pi,9,64,130914.828533,8.208199e-10,1,1,1.5,f,-0.5,+1,4,4,3.5,e,+0.5,+1
sigma+,pi,8,63,130914.828548,2.736074e-10,1,1,1.5,f,-1.5,+1,4,4,3.5,e,-0.5,+1
sigma+,pi,51,105,130915.669329,4.958635e-03,3,3,3.5,e,+3.5,-1,5,5,4.5,e,+4.5,-1
sigma+,pi,50,104,130915.669330,7.083759e-04,3,3,3.5,e,+2.5,-1,5,5,4.5,e,+3.5,-1
sigma+,pi,49,103,130915.669331,5.903203e-05,3,3,3.5,e,+1.5,-1,5,5,4.5,e,+2.5,-1
sigma+,pi,48,102,130915.669332,1.054137e-03,3,3,3.5,e,+0.5,-1,5,5,4.5,e,+1.5,-1
sigma+,pi,47,101,130915.669333,2.276936e-03,3,3,3.5,e,-0.5,-1,5,5,4.5,e,+0.5,-1
sigma+,pi,46,100,130915.669334,2.850389e-03,3,3,3.5,e,-1.5,-1,5,5,4.5,e,-0.5,-1
sigma+,pi,45,99,130915.669335,2.437168e-03,3,3,3.5,e,-2.5,-1,5,5,4.5,e,-1.5,-1
sigma+,pi,44,98,130915.669336,1.239668e-03,3,3,3.5,e,-3.5,-1,5,5,4.5,e,-2.5,-1
sigma+,pi,43,114,130957.483138,5.714495e-02,3,3,2.5,f,+2.5,+1,5,5,4.5,f,+3.5,+1
sigma+,pi,42,113,130957.483142,7.143120e-02,3,3,2.5,f,+1.5,+1,5,5,4.5,f,+2.5,+1
sigma+,pi,41,112,130957.483146,6.122676e-02,3,3,2.5,f,+0.5,+1,5,5,4.5,f,+1.5,+1
sigma+,pi,40,111,130957.483150,4.081785e-02,3,3,2.5,f,-0.5,+1,5,5,4.5,f,+0.5,+1
sigma+,pi,39,110,130957.483154,2.040893e-02,3,3,2.5,f,-1.5,+1,5,5,4.5,f,-0.5,+1
sigma+,pi,38,109,130957.483158,6.122679e-03,3,3,2.5,f,-2.5,+1,5,5,4.5,f,-1.5,+1
sigma+,pi,59,138,130959.701864,4.958537e-02,3,3,3.5,f,+3.5,+1,5,5,5.5,f,+4.5,+1
sigma+,pi,58,137,130959.701867,6.941950e-02,3,3,3.5,f,+2.5,+1,5,5,5.5,f,+3.5,+1
sigma+,pi,57,136,130959.701869,6.941948e-02,3,3,3.5,f,+1.5,+1,5,5,5.5,f,+2.5,+1
sigma+,pi,56,135,130959.701871,5.784956e-02,3,3,3.5,f,+0.5,+1,5,5,5.5,f,+1.5,+1
sigma+,pi,55,134,130959.701874,4.132110e-02,3,3,3.5,f,-0.5,+1,5,5,5.5,f,+0.5,+1
sigma+,pi,54,133,130959.701876,2.479266e-02,3,3,3.5,f,-1.5,+1,5,5,5.5,f,-0.5,+1
sigma+,pi,53,132,130959.701879,1.156990e-02,3,3,3.5,f,-2.5,+1,5,5,5.5,f,-1.5,+1
sigma+,pi,52,131,130959.701881,3.305686e-03,3,3,3.5,f,-3.5,+1,5,5,5.5,f,-2.5,+1
sigma+,pi,59,115,130963.279328,4.958647e-03,3,3,3.5,f,+3.5,+1,5,5,4.5,f,+4.5,+1
sigma+,pi,58,114,130963.279329,7.083777e-04,3,3,3.5,f,+2.5,+1,5,5,4.5,f,+3.5,+1
sigma+,pi,57,113,130963.279330,5.903205e-05,3,3,3.5,f,+1.5,+1,5,5,4.5,f,+2.5,+1
sigma+,pi,56,112,130963.279331,1.054139e-03,3,3,3.5,f,+0.5,+1,5,5,4.5,f,+1.5,+1
sigma+,pi,55,111,130963.279332,2.276940e-03,3,3,3.5,f,-0.5,+1,5,5,4.5,f,+0.5,+1
sigma+,pi,54,110,130963.279333,2.850394e-03,3,3,3.5,f,-1.5,+1,5,5,4.5,f,-0.5,+1
sigma+,pi,53,109,130963.279334,2.437172e-03,3,3,3.5,f,-2.5,+1,5,5,4.5,f,-1.5,+1
sigma+,pi,52,108,130963.279335,1.239670e-03,3,3,3.5,f,-3.5,+1,5,5,4.5,f,-2.5,+1
sigma+,pi,7,74,130973.018497,1.368027e-09,1,1,1.5,e,+1.5,-1,4,4,3.5,f,+2.5,-1
sigma+,pi,6,73,130973.018513,1.368031e-09,1,1,1.5,e,+0.5,-1,4,4,3.5,f,+1.5,-1
sigma+,pi,5,72,130973.018529,8.208209e-10,1,1,1.5,e,-0.5,-1,4,4,3.5,f,+0.5,-1
sigma+,pi,4,71,130973.018544,2.736077e-10,1,1,1.5,e,-1.5,-1,4,4,3.5,f,-0.5,-1
sigma+,pi,31,104,174538.286378,4.306623e-10,2,2,2.5,f,+2.5,-1,5,5,4.5,e,+3.5,-1
sigma+,pi,30,103,174538.286382,5.383287e-10,2,2,2.5,f,+1.5,-1,5,5,4.5,e,+2.5,-1
sigma+,pi,29,102,174538.286386,4.614252e-10,2,2,2.5,f,+0.5,-1,5,5,4.5,e,+1.5,-1
sigma+,pi,28,101,174538.286391,3.076172e-10,2,2,2.5,f,-0.5,-1,5,5,4.5,e,+0.5,-1
sigma+,pi,27,100,174538.286395,1.538088e-10,2,2,2.5,f,-1.5,-1,5,5,4.5,e,-0.5,-1
sigma+,pi,26,99,174538.286399,4.614271e-11,2,2,2.5,f,-2.5,-1,5,5,4.5,e,-1.5,-1
sigma+,pi,25,114,174633.506370,4.306628e-10,2,2,2.5,e,+2.5,+1,5,5,4.5,f,+3.5,+1
sigma+,pi,24,113,174633.506376,5.383292e-10,2,2,2.5,e,+1.5,+1,5,5,4.5,f,+2.5,+1
sigma+,pi,23,112,174633.506381,4.614257e-10,2,2,2.5,e,+0.5,+1,5,5,4.5,f,+1.5,+1
sigma+,pi,22,111,174633.506386,3.076175e-10,2,2,2.5,e,-0.5,+1,5,5,4.5,f,+0.5,+1
sigma+,pi,21,110,174633.506391,1.538090e-10,2,2,2.5,e,-1.5,+1,5,5,4.5,f,-0.5,+1
sigma+,pi,20,109,174633.506396,4.614276e-11,2,2,2.5,e,-2.5,+1,5,5,4.5,f,-1.5,+1
sigma-,pi,109,20,-174633.506396,4.614276e-11,5,5,4.5,f,-1.5,+1,2,2,2.5,e,-2.5,+1
sigma-,pi,110,21,-174633.506391,1.538090e-10,5,5,4.5,f,-0.5,+1,2,2,2.5,e,-1.5,+1
sigma-,pi,111,22,-174633.506386,3.076175e-10,5,5,4.5,f,+0.5,+1,2,2,2.5,e,-0.5,+1
sigma-,pi,112,23,-174633.506381,4.614257e-10,5,5,4.5,f,+1.5,+1,2,2,2.5,e,+0.5,+1
sigma-,pi,113,24,-174633.506376,5.383292e-10,5,5,4.5,f,+2.5,+1,2,2,2.5,e,+1.5,+1
sigma-,pi,114,25,-174633.506370,4.306628e-10,5,5,4.5,f,+3.5,+1,2,2,2.5,e,+2.5,+1
sigma-,pi,99,26,-174538.286399,4.614271e-11,5,5,4.5,e,-1.5,-1,2,2,2.5,f,-2.5,-1
sigma-,pi,100,27,-174538.286395,1.538088e-10,5,5,4.5,e,-0.5,-1,2,2,2.5,f,-1.5,-1
sigma-,pi,101,28,-174538.286391,3.076172e-10,5,5,4.5,e,+0.5,-1,2,2,2.5,f,-0.5,-1
sigma-,pi,102,29,-174538.286386,4.614252e-10,5,5,4.5,e,+1.5,-1,2,2,2.5,f,+0.5,-1
sigma-,pi,103,30,-174538.286382,5.383287e-10,5,5,4.5,e,+2.5,-1,2,2,2.5,f,+1.5,-1
sigma-,pi,104,31,-174538.286378,4.306623e-10,5,5,4.5,e,+3.5,-1,2,2,2.5,f,+2.5,-1
sigma-,pi,71,4,-130973.018544,2.736077e-10,4,4,3.5,f,-0.5,-1,1,1,1.5,e,-1.5,-1
sigma-,pi,72,5,-130973.018529,8.208209e-10,4,4,3.5,f,+0.5,-1,1,1,1.5,e,-0.5,-1
sigma-,pi,73,6,-130973.018513,1.368031e-09,4,4,3.5,f,+1.5,-1,1,1,1.5,e,+0.5,-1
sigma-,pi,74,7,-130973.018497,1.368027e-09,4,4,3.5,f,+2.5,-1,1,1,1.5,e,+1.5,-1
sigma-,pi,108,52,-130963.279335,1.239670e-03,5,5,4.5,f,-2.5,+1,3,3,3.5,f,-3.5,+1
sigma-,pi,109,53,-130963.279334,2.437172e-03,5,5,4.5,f,-1.5,+1,3,3,3.5,f,-2.5,+1
sigma-,pi,110,54,-130963.279333,2.850394e-03,5,5,4.5,f,-0.5,+1,3,3,3.5,f,-1.5,+1
sigma-,pi,111,55,-130963.279332,2.276940e-03,5,5,4.5,f,+0.5,+1,3,3,3.5,f,-0.5,+1
sigma-,pi,112,56,-130963.279331,1.054139e-03,5,5,4.5,f,+1.5,+1,3,3,3.5,f,+0.5,+1
sigma-,pi,113,57,-130963.279330,5.903205e-05,5,5,4.5,f,+2.5,+1,3,3,3.5,f,+1.5,+1
sigma-,pi,114,58,-130963.279329,7.083777e-04,5,5,4.5,f,+3.5,+1,3,3,3.5,f,+2.5,+1
sigma-,pi,115,59,-130963.279328,4.958647e-03,5,5,4.5,f,+4.5,+1,3,3,3.5,f,+3.5,+1
sigma-,pi,131,52,-130959.701881,3.305686e-03,5,5,5.5,f,-2.5,+1,3,3,3.5,f,-3.5,+1
sigma-,pi,132,53,-130959.701879,1.156990e-02,5,5,5.5,f,-1.5,+1,3,3,3.5,f,-2.5,+1
sigma-,pi,133,54,-130959.701876,2.479266e-02,5,5,5.5,f,-0.5,+1,3,3,3.5,f,-1.5,+1
sigma-,pi,134,55,-130959.701874,4.132110e-02,5,5,5.5,f,+0.5,+1,3,3,3.5,f,-0.5,+1
sigma-,pi,135,56,-130959.701871,5.784956e-02,5,5,5.5,f,+1.5,+1,3,3,3.5,f,+0.5,+1
sigma-,pi,136,57,-130959.701869,6.941948e-02,5,5,5.5,f,+2.5,+1,3,3,3.5,f,+1.5,+1
sigma-,pi,137,58,-130959.701867,6.941950e-02,5,5,5.5,f,+3.5,+1,3,3,3.5,f,+2.5,+1
sigma-,pi,138,59,-130959.701864,4.958537e-02,5,5,5.5,f,+4.5,+1,3,3,3.5,f,+3.5,+1
sigma-,pi,109,38,-130957.483158,6.122679e-03,5,5,4.5,f,-1.5,+1,3,3,2.5,f,-2.5,+1
sigma-,pi,110,39,-130957.483154,2.040893e-02,5,5,4.5,f,-0.5,+1,3,3,2.5,f,-1.5,+1
sigma-,pi,111,40,-130957.483150,4.081785e-02,5,5,4.5,f,+0.5,+1,3,3,2.5,f,-0.5,+1
sigma-,pi,112,41,-130957.483146,6.122676e-02,5,5,4.5,f,+1.5,+1,3,3,2.5,f,+0.5,+1
sigma-,pi,113,42,-130957.483142,7.143120e-02,5,5,4.5,f,+2.5,+1,3,3,2.5,f,+1.5,+1
sigma-,pi,114,43,-130957.483138,5.714495e-02,5,5,4.5,f,+3.5,+1,3,3,2.5,f,+2.5,+1
sigma-,pi,98,44,-130915.669336,1.239668e-03,5,5,4.5,e,-2.5,-1,3,3,3.5,e,-3.5,-1
sigma-,pi,99,45,-130915.669335,2.437168e-03,5,5,4.5,e,-1.5,-1,3,3,3.5,e,-2.5,-1
sigma-,pi,100,46,-130915.669334,2.850389e-03,5,5,4.5,e,-0.5,-1,3,3,3.5,e,-1.5,-1
sigma-,pi,101,47,-130915.669333,2.276936e-03,5,5,4.5,e,+0.5,-1,3,3,3.5,e,-0.5,-1
sigma-,pi,102,48,-130915.669332,1.054137e-03,5,5,4.5,e,+1.5,-1,3,3,3.5,e,+0.5,-1
sigma-,pi,103,49,-130915.669331,5.903203e-05,5,5,4.5,e,+2.5,-1,3,3,3.5,e,+1.5,-1
sigma-,pi,104,50,-130915.669330,7.083759e-04,5,5,4.5,e,+3.5,-1,3,3,3.5,e,+2.5,-1
sigma-,pi,105,51,-130915.669329,4.958635e-03,5,5,4.5,e,+4.5,-1,3,3,3.5,e,+3.5,-1
sigma-,pi,63,8,-130914.828548,2.736074e-10,4,4,3.5,e,-0.5,+1,1,1,1.5,f,-1.5,+1
sigma-,pi,64,9,-130914.828533,8.208199e-10,4,4,3.5,e,+0.5,+1,1,1,1.5,f,-0.5,+1
sigma-,pi,65,10,-130914.828518,1.368029e-09,4,4,3.5,e,+1.5,+1,1,1,1.5,f,+0.5,+1
sigma-,pi,66,11,-130914.828503,1.368025e-09,4,4,3.5,e,+2.5,+1,1,1,1.5,f,+1.5,+1
sigma-,pi,119,44,-130912.091881,3.305686e-03,5,5,5.5,e,-2.5,-1,3,3,3.5,e,-3.5,-1
sigma-,pi,120,45,-130912.091879,1.156990e-02,5,5,5.5,e,-1.5,-1,3,3,3.5,e,-2.5,-1
sigma-,pi,121,46,-130912.091877,2.479266e-02,5,5,5.5,e,-0.5,-1,3,3,3.5,e,-1.5,-1
sigma-,pi,122,47,-130912.091874,4.132110e-02,5,5,5.5,e,+0.5,-1,3,3,3.5,e,-0.5,-1
sigma-,pi,123,48,-130912.091872,5.784956e-02,5,5,5.5,e,+1.5,-1,3,3,3.5,e,+0.5,-1
sigma-,pi,124,49,-130912.091870,6.941949e-02,5,5,5.5,e,+2.5,-1,3,3,3.5,e,+1.5,-1
sigma-,pi,125,50,-130912.091867,6.941950e-02,5,5,5.5,e,+3.5,-1,3,3,3.5,e,+2.5,-1
sigma-,pi,126,51,-130912.091865,4.958537e-02,5,5,5.5,e,+4.5,-1,3,3,3.5,e,+3.5,-1
sigma-,pi,99,32,-130909.873159,6.122680e-03,5,5,4.5,e,-1.5,-1,3,3,2.5,e,-2.5,-1
sigma-,pi,100,33,-130909.873155,2.040893e-02,5,5,4.5,e,-0.5,-1,3,3,2.5,e,-1.5,-1
sigma-,pi,101,34,-130909.873151,4.081785e-02,5,5,4.5,e,+0.5,-1,3,3,2.5,e,-0.5,-1
sigma-,pi,102,35,-130909.873147,6.122676e-02,5,5,4.5,e,+1.5,-1,3,3,2.5,e,+0.5,-1
sigma-,pi,103,36,-130909.873143,7.143121e-02,5,5,4.5,e,+2.5,-1,3,3,2.5,e,+1.5,-1
sigma-,pi,104,37,-130909.873139,5.714496e-02,5,5,4.5,e,+3.5,-1,3,3,2.5,e,+2.5,-1
sigma-,pi,70,26,-101863.547689,2.834449e-03,4,4,3.5,f,-1.5,-1,2,2,2.5,f,-2.5,-1
sigma-,pi,71,27,-101863.547686,4.572906e-03,4,4,3.5,f,-0.5,-1,2,2,2.5,f,-1.5,-1
sigma-,pi,72,28,-101863.547683,3.703672e-03,4,4,3.5,f,+0.5,-1,2,2,2.5,f,-0.5,-1
sigma-,pi,73,29,-101863.547679,1.133776e-03,4,4,3.5,f,+1.5,-1,2,2,2.5,f,+0.5,-1
sigma-,pi,74,30,-101863.547676,1.889624e-04,4,4,3.5,f,+2.5,-1,2,2,2.5,f,+1.5,-1
sigma-,pi,75,31,-101863.547673,6.613676e-03,4,4,3.5,f,+3.5,-1,2,2,2.5,f,+2.5,-1
sigma-,pi,89,26,-101859.112232,5.668579e-03,4,4,4.5,f,-1.5,-1,2,2,2.5,f,-2.5,-1
sigma-,pi,90,27,-101859.112227,1.889527e-02,4,4,4.5,f,-0.5,-1,2,2,2.5,f,-1.5,-1
sigma-,pi,91,28,-101859.112222,3.779055e-02,4,4,4.5,f,+0.5,-1,2,2,2.5,f,-0.5,-1
sigma-,pi,92,29,-101859.112217,5.668585e-02,4,4,4.5,f,+1.5,-1,2,2,2.5,f,+0.5,-1
sigma-,pi,93,30,-101859.112211,6.613351e-02,4,4,4.5,f,+2.5,-1,2,2,2.5,f,+1.5,-1
sigma-,pi,94,31,-101859.112206,5.290682e-02,4,4,4.5,f,+3.5,-1,2,2,2.5,f,+2.5,-1
sigma-,pi,71,16,-101855.218036,1.224597e-02,4,4,3.5,f,-0.5,-1,2,2,1.5,f,-1.5,-1
sigma-,pi,72,17,-101855.218026,3.673788e-02,4,4,3.5,f,+0.5,-1,2,2,1.5,f,-0.5,-1
sigma-,pi,73,18,-101855.218017,6.122979e-02,4,4,3.5,f,+1.5,-1,2,2,1.5,f,+0.5,-1
sigma-,pi,74,19,-101855.218007,6.122977e-02,4,4,3.5,f,+2.5,-1,2,2,1.5,f,+1.5,-1
sigma-,pi,62,20,-101826.517690,2.834444e-03,4,4,3.5,e,-1.5,+1,2,2,2.5,e,-2.5,+1
sigma-,pi,63,21,-101826.517686,4.572898e-03,4,4,3.5,e,-0.5,+1,2,2,2.5,e,-1.5,+1
sigma-,pi,64,22,-101826.517683,3.703665e-03,4,4,3.5,e,+0.5,+1,2,2,2.5,e,-0.5,+1
sigma-,pi,65,23,-101826.517680,1.133774e-03,4,4,3.5,e,+1.5,+1,2,2,2.5,e,+0.5,+1
sigma-,pi,66,24,-101826.517677,1.889619e-04,4,4,3.5,e,+2.5,+1,2,2,2.5,e,+1.5,+1
sigma-,pi,67,25,-101826.517674,6.613662e-03,4,4,3.5,e,+3.5,+1,2,2,2.5,e,+2.5,+1
sigma-,pi,79,20,-101822.082233,5.668579e-03,4,4,4.5,e,-1.5,+1,2,2,2.5,e,-2.5,+1
sigma-,pi,80,21,-101822.082228,1.889527e-02,4,4,4.5,e,-0.5,+1,2,2,2.5,e,-1.5,+1
sigma-,pi,81,22,-101822.082222,3.779055e-02,4,4,4.5,e,+0.5,+1,2,2,2.5,e,-0.5,+1
sigma-,pi,82,23,-101822.082217,5.668585e-02,4,4,4.5,e,+1.5,+1,2,2,2.5,e,+0.5,+1
sigma-,pi,83,24,-101822.082212,6.613351e-02,4,4,4.5,e,+2.5,+1,2,2,2.5,e,+1.5,+1
sigma-,pi,84,25,-101822.082207,5.290683e-02,4,4,4.5,e,+3.5,+1,2,2,2.5,e,+2.5,+1
sigma-,pi,63,12,-101818.188037,1.224597e-02,4,4,3.5,e,-0.5,+1,2,2,1.5,e,-1.5,+1
sigma-,pi,64,13,-101818.188027,3.673789e-02,4,4,3.5,e,+0.5,+1,2,2,1.5,e,-0.5,+1
sigma-,pi,65,14,-101818.188018,6.122979e-02,4,4,3.5,e,+1.5,+1,2,2,1.5,e,+0.5,+1
sigma-,pi,66,15,-101818.188008,6.122977e-02,4,4,3.5,e,+2.5,+1,2,2,1.5,e,+1.5,+1
sigma-,pi,115,84,-72811.424167,6.610819e-04,5,5,4.5,f,+4.5,+1,4,4,4.5,e,+3.5,+1
sigma-,pi,114,83,-72811.424167,6.610824e-04,5,5,4.5,f,+3.5,+1,4,4,4.5,e,+2.5,+1
sigma-,pi,113,82,-72811.424167,3.856317e-04,5,5,4.5,f,+2.5,+1,4,4,4.5,e,+1.5,+1
sigma-,pi,112,81,-72811.424167,1.101806e-04,5,5,4.5,f,+1.5,+1,4,4,4.5,e,+0.5,+1
sigma-,pi,110,79,-72811.424167,1.101808e-04,5,5,4.5,f,-0.5,+1,4,4,4.5,e,-1.5,+1
sigma-,pi,109,78,-72811.424167,3.856330e-04,5,5,4.5,f,-1.5,+1,4,4,4.5,e,-2.5,+1
sigma-,pi,108,77,-72811.424167,6.610857e-04,5,5,4.5,f,-2.5,+1,4,4,4.5,e,-3.5,+1
sigma-,pi,107,76,-72811.424167,6.610862e-04,5,5,4.5,f,-3.5,+1,4,4,4.5,e,-4.5,+1
sigma-,pi,130,76,-72807.846714,2.975853e-03,5,5,5.5,f,-3.5,+1,4,4,4.5,e,-4.5,+1
sigma-,pi,131,77,-72807.846713,6.478300e-03,5,5,5.5,f,-2.5,+1,4,4,4.5,e,-3.5,+1
sigma-,pi,132,78,-72807.846711,8.841840e-03,5,5,5.5,f,-1.5,+1,4,4,4.5,e,-2.5,+1
sigma-,pi,133,79,-72807.846710,9.184740e-03,5,5,5.5,f,-0.5,+1,4,4,4.5,e,-1.5,+1
sigma-,pi,134,80,-72807.846709,7.409026e-03,5,5,5.5,f,+0.5,+1,4,4,4.5,e,-0.5,+1
sigma-,pi,135,81,-72807.846707,4.200491e-03,5,5,5.5,f,+1.5,+1,4,4,4.5,e,+0.5,+1
sigma-,pi,136,82,-72807.846706,1.028693e-03,5,5,5.5,f,+2.5,+1,4,4,4.5,e,+1.5,+1
sigma-,pi,137,83,-72807.846705,1.469549e-04,5,5,5.5,f,+3.5,+1,4,4,4.5,e,+2.5,+1
sigma-,pi,138,84,-72807.846704,4.592366e-03,5,5,5.5,f,+4.5,+1,4,4,4.5,e,+3.5,+1
sigma-,pi,139,85,-72807.846702,1.818578e-02,5,5,5.5,f,+5.5,+1,4,4,4.5,e,+4.5,+1
sigma-,pi,108,60,-72806.988714,4.048296e-03,5,5,4.5,f,-2.5,+1,4,4,3.5,e,-3.5,+1
sigma-,pi,109,61,-72806.988712,7.958893e-03,5,5,4.5,f,-1.5,+1,4,4,3.5,e,-2.5,+1
sigma-,pi,110,62,-72806.988710,9.308322e-03,5,5,4.5,f,-0.5,+1,4,4,3.5,e,-1.5,+1
sigma-,pi,111,63,-72806.988708,7.435639e-03,5,5,4.5,f,+0.5,+1,4,4,3.5,e,-0.5,+1
sigma-,pi,112,64,-72806.988706,3.442423e-03,5,5,4.5,f,+1.5,+1,4,4,3.5,e,+0.5,+1
sigma-,pi,113,65,-72806.988704,1.927748e-04,5,5,4.5,f,+2.5,+1,4,4,3.5,e,+1.5,+1
sigma-,pi,114,66,-72806.988703,2.313315e-03,5,5,4.5,f,+3.5,+1,4,4,3.5,e,+2.5,+1
sigma-,pi,115,67,-72806.988701,1.619318e-02,5,5,4.5,f,+4.5,+1,4,4,3.5,e,+3.5,+1
sigma-,pi,131,60,-72803.411260,2.451673e-05,5,5,5.5,f,-2.5,+1,4,4,3.5,e,-3.5,+1
sigma-,pi,132,61,-72803.411256,8.580848e-05,5,5,5.5,f,-1.5,+1,4,4,3.5,e,-2.5,+1
sigma-,pi,133,62,-72803.411253,1.838752e-04,5,5,5.5,f,-0.5,+1,4,4,3.5,e,-1.5,+1
sigma-,pi,134,63,-72803.411250,3.064583e-04,5,5,5.5,f,+0.5,+1,4,4,3.5,e,-0.5,+1
sigma-,pi,135,64,-72803.411247,4.290413e-04,5,5,5.5,f,+1.5,+1,4,4,3.5,e,+0.5,+1
sigma-,pi,136,65,-72803.411243,5.148491e-04,5,5,5.5,f,+2.5,+1,4,4,3.5,e,+1.5,+1
sigma-,pi,137,66,-72803.411240,5.148487e-04,5,5,5.5,f,+3.5,+1,4,4,3.5,e,+2.5,+1
sigma-,pi,138,67,-72803.411237,3.677487e-04,5,5,5.5,f,+4.5,+1,4,4,3.5,e,+3.5,+1
sigma-,pi,40,8,-72764.334106,7.346676e-03,3,3,2.5,f,-0.5,+1,1,1,1.5,f,-1.5,+1
sigma-,pi,41,9,-72764.334093,6.802458e-03,3,3,2.5,f,+0.5,+1,1,1,1.5,f,-0.5,+1
sigma-,pi,42,10,-72764.334081,5.441930e-04,3,3,2.5,f,+1.5,+1,1,1,1.5,f,+0.5,+1
sigma-,pi,43,11,-72764.334068,8.162931e-03,3,3,2.5,f,+2.5,+1,1,1,1.5,f,+1.5,+1
sigma-,pi,55,8,-72758.537924,9.794211e-03,3,3,3.5,f,-0.5,+1,1,1,1.5,f,-1.5,+1
sigma-,pi,56,9,-72758.537908,2.938265e-02,3,3,3.5,f,+0.5,+1,1,1,1.5,f,-0.5,+1
sigma-,pi,57,10,-72758.537892,4.897112e-02,3,3,3.5,f,+1.5,+1,1,1,1.5,f,+0.5,+1
sigma-,pi,58,11,-72758.537877,4.897116e-02,3,3,3.5,f,+2.5,+1,1,1,1.5,f,+1.5,+1
sigma-,pi,41,2,-72749.286502,2.667488e-02,3,3,2.5,f,+0.5,+1,1,1,0.5,f,-0.5,+1
sigma-,pi,42,3,-72749.286465,5.334971e-02,3,3,2.5,f,+1.5,+1,1,1,0.5,f,+0.5,+1
sigma-,pi,34,4,-72737.884107,7.346663e-03,3,3,2.5,e,-0.5,-1,1,1,1.5,e,-1.5,-1
sigma-,pi,35,5,-72737.884094,6.802446e-03,3,3,2.5,e,+0.5,-1,1,1,1.5,e,-0.5,-1
sigma-,pi,36,6,-72737.884082,5.441923e-04,3,3,2.5,e,+1.5,-1,1,1,1.5,e,+0.5,-1
sigma-,pi,37,7,-72737.884069,8.162914e-03,3,3,2.5,e,+2.5,-1,1,1,1.5,e,+1.5,-1
sigma-,pi,47,4,-72732.087925,9.794212e-03,3,3,3.5,e,-0.5,-1,1,1,1.5,e,-1.5,-1
sigma-,pi,48,5,-72732.087909,2.938266e-02,3,3,3.5,e,+0.5,-1,1,1,1.5,e,-0.5,-1
sigma-,pi,49,6,-72732.087893,4.897113e-02,3,3,3.5,e,+1.5,-1,1,1,1.5,e,+0.5,-1
sigma-,pi,50,7,-72732.087878,4.897117e-02,3,3,3.5,e,+2.5,-1,1,1,1.5,e,+1.5,-1
sigma-,pi,35,0,-72722.836505,2.667489e-02,3,3,2.5,e,+0.5,-1,1,1,0.5,e,-0.5,-1
sigma-,pi,36,1,-72722.836468,5.334973e-02,3,3,2.5,e,+1.5,-1,1,1,0.5,e,+0.5,-1
sigma-,pi,105,94,-72679.174177,6.610822e-04,5,5,4.5,e,+4.5,-1,4,4,4.5,f,+3.5,-1
sigma-,pi,104,93,-72679.174176,6.610824e-04,5,5,4.5,e,+3.5,-1,4,4,4.5,f,+2.5,-1
sigma-,pi,103,92,-72679.174175,3.856315e-04,5,5,4.5,e,+2.5,-1,4,4,4.5,f,+1.5,-1
sigma-,pi,102,91,-72679.174173,1.101804e-04,5,5,4.5,e,+1.5,-1,4,4,4.5,f,+0.5,-1
sigma-,pi,100,89,-72679.174171,1.101810e-04,5,5,4.5,e,-0.5,-1,4,4,4.5,f,-1.5,-1
sigma-,pi,99,88,-72679.174170,3.856334e-04,5,5,4.5,e,-1.5,-1,4,4,4.5,f,-2.5,-1
sigma-,pi,98,87,-72679.174169,6.610860e-04,5,5,4.5,e,-2.5,-1,4,4,4.5,f,-3.5,-1
sigma-,pi,97,86,-72679.174168,6.610862e-04,5,5,4.5,e,-3.5,-1,4,4,4.5,f,-4.5,-1
sigma-,pi,118,86,-72675.596715,2.975853e-03,5,5,5.5,e,-3.5,-1,4,4,4.5,f,-4.5,-1
sigma-,pi,119,87,-72675.596715,6.478299e-03,5,5,5.5,e,-2.5,-1,4,4,4.5,f,-3.5,-1
sigma-,pi,120,88,-72675.596714,8.841840e-03,5,5,5.5,e,-1.5,-1,4,4,4.5,f,-2.5,-1
sigma-,pi,121,89,-72675.596714,9.184739e-03,5,5,5.5,e,-0.5,-1,4,4,4.5,f,-1.5,-1
sigma-,pi,122,90,-72675.596714,7.409026e-03,5,5,5.5,e,+0.5,-1,4,4,4.5,f,-0.5,-1
sigma-,pi,123,91,-72675.596713,4.200491e-03,5,5,5.5,e,+1.5,-1,4,4,4.5,f,+0.5,-1
sigma-,pi,124,92,-72675.596713,1.028693e-03,5,5,5.5,e,+2.5,-1,4,4,4.5,f,+1.5,-1
sigma-,pi,125,93,-72675.596713,1.469549e-04,5,5,5.5,e,+3.5,-1,4,4,4.5,f,+2.5,-1
sigma-,pi,126,94,-72675.596713,4.592366e-03,5,5,5.5,e,+4.5,-1,4,4,4.5,f,+3.5,-1
sigma-,pi,127,95,-72675.596712,1.818578e-02,5,5,5.5,e,+5.5,-1,4,4,4.5,f,+4.5,-1
sigma-,pi,98,68,-72674.738715,4.048296e-03,5,5,4.5,e,-2.5,-1,4,4,3.5,f,-3.5,-1
sigma-,pi,99,69,-72674.738715,7.958892e-03,5,5,4.5,e,-1.5,-1,4,4,3.5,f,-2.5,-1
sigma-,pi,100,70,-72674.738714,9.308322e-03,5,5,4.5,e,-0.5,-1,4,4,3.5,f,-1.5,-1
sigma-,pi,101,71,-72674.738713,7.435639e-03,5,5,4.5,e,+0.5,-1,4,4,3.5,f,-0.5,-1
sigma-,pi,102,72,-72674.738712,3.442423e-03,5,5,4.5,e,+1.5,-1,4,4,3.5,f,+0.5,-1
sigma-,pi,103,73,-72674.738712,1.927748e-04,5,5,4.5,e,+2.5,-1,4,4,3.5,f,+1.5,-1
sigma-,pi,104,74,-72674.738711,2.313315e-03,5,5,4.5,e,+3.5,-1,4,4,3.5,f,+2.5,-1
sigma-,pi,105,75,-72674.738710,1.619318e-02,5,5,4.5,e,+4.5,-1,4,4,3.5,f,+3.5,-1
sigma-,pi,119,68,-72671.161261,2.451681e-05,5,5,5.5,e,-2.5,-1,4,4,3.5,f,-3.5,-1
sigma-,pi,120,69,-72671.161259,8.580872e-05,5,5,5.5,e,-1.5,-1,4,4,3.5,f,-2.5,-1
sigma-,pi,121,70,-72671.161257,1.838756e-04,5,5,5.5,e,-0.5,-1,4,4,3.5,f,-1.5,-1
sigma-,pi,122,71,-72671.161255,3.064588e-04,5,5,5.5,e,+0.5,-1,4,4,3.5,f,-0.5,-1
sigma-,pi,123,72,-72671.161253,4.290418e-04,5,5,5.5,e,+1.5,-1,4,4,3.5,f,+0.5,-1
sigma-,pi,124,73,-72671.161250,5.148494e-04,5,5,5.5,e,+2.5,-1,4,4,3.5,f,+1.5,-1
sigma-,pi,125,74,-72671.161248,5.148486e-04,5,5,5.5,e,+3.5,-1,4,4,3.5,f,+2.5,-1
sigma-,pi,126,75,-72671.161246,3.677485e-04,5,5,5.5,e,+4.5,-1,4,4,3.5,f,+3.5,-1
sigma-,pi,69,44,-58240.930626,1.785411e-03,4,4,3.5,f,-2.5,-1,3,3,3.5,e,-3.5,-1
sigma-,pi,70,45,-58240.930625,1.360312e-03,4,4,3.5,f,-1.5,-1,3,3,3.5,e,-2.5,-1
sigma-,pi,71,46,-58240.930625,4.250970e-04,4,4,3.5,f,-0.5,-1,3,3,3.5,e,-1.5,-1
sigma-,pi,73,48,-58240.930625,4.250963e-04,4,4,3.5,f,+1.5,-1,3,3,3.5,e,+0.5,-1
sigma-,pi,74,49,-58240.930625,1.360307e-03,4,4,3.5,f,+2.5,-1,3,3,3.5,e,+1.5,-1
sigma-,pi,75,50,-58240.930624,1.785401e-03,4,4,3.5,f,+3.5,-1,3,3,3.5,e,+2.5,-1
sigma-,pi,88,44,-58236.495170,6.251582e-03,4,4,4.5,f,-2.5,-1,3,3,3.5,e,-3.5,-1
sigma-,pi,89,45,-58236.495168,1.229053e-02,4,4,4.5,f,-1.5,-1,3,3,3.5,e,-2.5,-1
sigma-,pi,90,46,-58236.495166,1.437440e-02,4,4,4.5,f,-0.5,-1,3,3,3.5,e,-1.5,-1
sigma-,pi,91,47,-58236.495164,1.148251e-02,4,4,4.5,f,+0.5,-1,3,3,3.5,e,-0.5,-1
sigma-,pi,92,48,-58236.495162,5.315983e-03,4,4,4.5,f,+1.5,-1,3,3,3.5,e,+0.5,-1
sigma-,pi,93,49,-58236.495160,2.976967e-04,4,4,4.5,f,+2.5,-1,3,3,3.5,e,+1.5,-1
sigma-,pi,94,50,-58236.495158,3.572330e-03,4,4,4.5,f,+3.5,-1,3,3,3.5,e,+2.5,-1
sigma-,pi,95,51,-58236.495156,2.500635e-02,4,4,4.5,f,+4.5,-1,3,3,3.5,e,+3.5,-1
sigma-,pi,70,32,-58235.134450,8.854161e-03,4,4,3.5,f,-1.5,-1,3,3,2.5,e,-2.5,-1
sigma-,pi,71,33,-58235.134446,1.428471e-02,4,4,3.5,f,-0.5,-1,3,3,2.5,e,-1.5,-1
sigma-,pi,72,34,-58235.134443,1.156943e-02,4,4,3.5,f,+0.5,-1,3,3,2.5,e,-0.5,-1
sigma-,pi,73,35,-58235.134440,3.541657e-03,4,4,3.5,f,+1.5,-1,3,3,2.5,e,+0.5,-1
sigma-,pi,74,36,-58235.134436,5.902801e-04,4,4,3.5,f,+2.5,-1,3,3,2.5,e,+1.5,-1
sigma-,pi,75,37,-58235.134433,2.065972e-02,4,4,3.5,f,+3.5,-1,3,3,2.5,e,+2.5,-1
sigma-,pi,89,32,-58230.698992,1.135014e-04,4,4,4.5,f,-1.5,-1,3,3,2.5,e,-2.5,-1
sigma-,pi,90,33,-58230.698987,3.783376e-04,4,4,4.5,f,-0.5,-1,3,3,2.5,e,-1.5,-1
sigma-,pi,91,34,-58230.698982,7.566745e-04,4,4,4.5,f,+0.5,-1,3,3,2.5,e,-0.5,-1
sigma-,pi,92,35,-58230.698977,1.135011e-03,4,4,4.5,f,+1.5,-1,3,3,2.5,e,+0.5,-1
sigma-,pi,93,36,-58230.698972,1.324178e-03,4,4,4.5,f,+2.5,-1,3,3,2.5,e,+1.5,-1
sigma-,pi,94,37,-58230.698966,1.059341e-03,4,4,4.5,f,+3.5,-1,3,3,2.5,e,+2.5,-1
sigma-,pi,67,58,-58156.290633,1.785401e-03,4,4,3.5,e,+3.5,+1,3,3,3.5,f,+2.5,+1
sigma-,pi,66,57,-58156.290632,1.360306e-03,4,4,3.5,e,+2.5,+1,3,3,3.5,f,+1.5,+1
sigma-,pi,65,56,-58156.290631,4.250959e-04,4,4,3.5,e,+1.5,+1,3,3,3.5,f,+0.5,+1
sigma-,pi,63,54,-58156.290629,4.250975e-04,4,4,3.5,e,-0.5,+1,3,3,3.5,f,-1.5,+1
sigma-,pi,62,53,-58156.290628,1.360312e-03,4,4,3.5,e,-1.5,+1,3,3,3.5,f,-2.5,+1
sigma-,pi,61,52,-58156.290627,1.785411e-03,4,4,3.5,e,-2.5,+1,3,3,3.5,f,-3.5,+1
sigma-,pi,78,52,-58151.855172,6.251582e-03,4,4,4.5,e,-2.5,+1,3,3,3.5,f,-3.5,+1
sigma-,pi,79,53,-58151.855171,1.229053e-02,4,4,4.5,e,-1.5,+1,3,3,3.5,f,-2.5,+1
sigma-,pi,80,54,-58151.855170,1.437440e-02,4,4,4.5,e,-0.5,+1,3,3,3.5,f,-1.5,+1
sigma-,pi,81,55,-58151.855169,1.148251e-02,4,4,4.5,e,+0.5,+1,3,3,3.5,f,-0.5,+1
sigma-,pi,82,56,-58151.855168,5.315983e-03,4,4,4.5,e,+1.5,+1,3,3,3.5,f,+0.5,+1
sigma-,pi,83,57,-58151.855167,2.976967e-04,4,4,4.5,e,+2.5,+1,3,3,3.5,f,+1.5,+1
sigma-,pi,84,58,-58151.855166,3.572330e-03,4,4,4.5,e,+3.5,+1,3,3,3.5,f,+2.5,+1
sigma-,pi,85,59,-58151.855165,2.500635e-02,4,4,4.5,e,+4.5,+1,3,3,3.5,f,+3.5,+1
sigma-,pi,62,38,-58150.494452,8.854161e-03,4,4,3.5,e,-1.5,+1,3,3,2.5,f,-2.5,+1
sigma-,pi,63,39,-58150.494450,1.428471e-02,4,4,3.5,e,-0.5,+1,3,3,2.5,f,-1.5,+1
sigma-,pi,64,40,-58150.494448,1.156943e-02,4,4,3.5,e,+0.5,+1,3,3,2.5,f,-0.5,+1
sigma-,pi,65,41,-58150.494445,3.541657e-03,4,4,3.5,e,+1.5,+1,3,3,2.5,f,+0.5,+1
sigma-,pi,66,42,-58150.494443,5.902802e-04,4,4,3.5,e,+2.5,+1,3,3,2.5,f,+1.5,+1
sigma-,pi,67,43,-58150.494441,2.065972e-02,4,4,3.5,e,+3.5,+1,3,3,2.5,f,+2.5,+1
sigma-,pi,79,38,-58146.058995,1.135016e-04,4,4,4.5,e,-1.5,+1,3,3,2.5,f,-2.5,+1
sigma-,pi,80,39,-58146.058991,3.783382e-04,4,4,4.5,e,-0.5,+1,3,3,2.5,f,-1.5,+1
sigma-,pi,81,40,-58146.058987,7.566754e-04,4,4,4.5,e,+0.5,+1,3,3,2.5,f,-0.5,+1
sigma-,pi,82,41,-58146.058983,1.135012e-03,4,4,4.5,e,+1.5,+1,3,3,2.5,f,+0.5,+1
sigma-,pi,83,42,-58146.058979,1.324178e-03,4,4,4.5,e,+2.5,+1,3,3,2.5,f,+1.5,+1
sigma-,pi,84,43,-58146.058975,1.059341e-03,4,4,4.5,e,+3.5,+1,3,3,2.5,f,+2.5,+1
sigma-,pi,39,20,-43676.023246,6.120585e-03,3,3,2.5,f,-1.5,+1,2,2,2.5,e,-2.5,+1
sigma-,pi,40,21,-43676.023245,2.448230e-03,3,3,2.5,f,-0.5,+1,2,2,2.5,e,-1.5,+1
sigma-,pi,42,23,-43676.023243,2.448225e-03,3,3,2.5,f,+1.5,+1,2,2,2.5,e,+0.5,+1
sigma-,pi,43,24,-43676.023241,6.120553e-03,3,3,2.5,f,+2.5,+1,2,2,2.5,e,+1.5,+1
sigma-,pi,54,20,-43670.227067,1.531066e-02,3,3,3.5,f,-1.5,+1,2,2,2.5,e,-2.5,+1
sigma-,pi,55,21,-43670.227063,2.470121e-02,3,3,3.5,f,-0.5,+1,2,2,2.5,e,-1.5,+1
sigma-,pi,56,22,-43670.227058,2.000596e-02,3,3,3.5,f,+0.5,+1,2,2,2.5,e,-0.5,+1
sigma-,pi,57,23,-43670.227054,6.124286e-03,3,3,3.5,f,+1.5,+1,2,2,2.5,e,+0.5,+1
sigma-,pi,58,24,-43670.227050,1.020705e-03,3,3,3.5,f,+2.5,+1,2,2,2.5,e,+1.5,+1
sigma-,pi,59,25,-43670.227046,3.572491e-02,3,3,3.5,f,+3.5,+1,2,2,2.5,e,+2.5,+1
sigma-,pi,40,12,-43667.693596,2.202983e-02,3,3,2.5,f,-0.5,+1,2,2,1.5,e,-1.5,+1
sigma-,pi,41,13,-43667.693588,2.039797e-02,3,3,2.5,f,+0.5,+1,2,2,1.5,e,-0.5,+1
sigma-,pi,42,14,-43667.693580,1.631831e-03,3,3,2.5,f,+1.5,+1,2,2,1.5,e,+0.5,+1
sigma-,pi,43,15,-43667.693573,2.447761e-02,3,3,2.5,f,+2.5,+1,2,2,1.5,e,+1.5,+1
sigma-,pi,55,12,-43661.897413,8.169608e-04,3,3,3.5,f,-0.5,+1,2,2,1.5,e,-1.5,+1
sigma-,pi,56,13,-43661.897403,2.450880e-03,3,3,3.5,f,+0.5,+1,2,2,1.5,e,-0.5,+1
sigma-,pi,57,14,-43661.897392,4.084796e-03,3,3,3.5,f,+1.5,+1,2,2,1.5,e,+0.5,+1
sigma-,pi,58,15,-43661.897381,4.084792e-03,3,3,3.5,f,+2.5,+1,2,2,1.5,e,+1.5,+1
sigma-,pi,33,26,-43628.413248,6.120584e-03,3,3,2.5,e,-1.5,-1,2,2,2.5,f,-2.5,-1
sigma-,pi,34,27,-43628.413248,2.448231e-03,3,3,2.5,e,-0.5,-1,2,2,2.5,f,-1.5,-1
sigma-,pi,36,29,-43628.413248,2.448224e-03,3,3,2.5,e,+1.5,-1,2,2,2.5,f,+0.5,-1
sigma-,pi,37,30,-43628.413248,6.120552e-03,3,3,2.5,e,+2.5,-1,2,2,2.5,f,+1.5,-1
sigma-,pi,46,26,-43622.617069,1.531066e-02,3,3,3.5,e,-1.5,-1,2,2,2.5,f,-2.5,-1
sigma-,pi,47,27,-43622.617066,2.470121e-02,3,3,3.5,e,-0.5,-1,2,2,2.5,f,-1.5,-1
sigma-,pi,48,28,-43622.617063,2.000596e-02,3,3,3.5,e,+0.5,-1,2,2,2.5,f,-0.5,-1
sigma-,pi,49,29,-43622.617060,6.124286e-03,3,3,3.5,e,+1.5,-1,2,2,2.5,f,+0.5,-1
sigma-,pi,50,30,-43622.617057,1.020705e-03,3,3,3.5,e,+2.5,-1,2,2,2.5,f,+1.5,-1
sigma-,pi,51,31,-43622.617054,3.572491e-02,3,3,3.5,e,+3.5,-1,2,2,2.5,f,+2.5,-1
sigma-,pi,34,16,-43620.083598,2.202983e-02,3,3,2.5,e,-0.5,-1,2,2,1.5,f,-1.5,-1
sigma-,pi,35,17,-43620.083592,2.039797e-02,3,3,2.5,e,+0.5,-1,2,2,1.5,f,-0.5,-1
sigma-,pi,36,18,-43620.083586,1.631831e-03,3,3,2.5,e,+1.5,-1,2,2,1.5,f,+0.5,-1
sigma-,pi,37,19,-43620.083579,2.447762e-02,3,3,2.5,e,+2.5,-1,2,2,1.5,f,+1.5,-1
sigma-,pi,47,16,-43614.287416,8.169618e-04,3,3,3.5,e,-0.5,-1,2,2,1.5,f,-1.5,-1
sigma-,pi,48,17,-43614.287407,2.450882e-03,3,3,3.5,e,+0.5,-1,2,2,1.5,f,-0.5,-1
sigma-,pi,49,18,-43614.287397,4.084798e-03,3,3,3.5,e,+1.5,-1,2,2,1.5,f,+0.5,-1
sigma-,pi,50,19,-43614.287388,4.084793e-03,3,3,3.5,e,+2.5,-1,2,2,1.5,f,+1.5,-1
sigma-,pi,17,4,-29117.800523,2.997935e-02,2,2,1.5,f,-0.5,-1,1,1,1.5,e,-1.5,-1
sigma-,pi,19,6,-29117.800511,2.997922e-02,2,2,1.5,f,+1.5,-1,1,1,1.5,e,+0.5,-1
sigma-,pi,28,4,-29109.470867,4.501449e-02,2,2,2.5,f,-0.5,-1,1,1,1.5,e,-1.5,-1
sigma-,pi,29,5,-29109.470855,4.168020e-02,2,2,2.5,f,+0.5,-1,1,1,1.5,e,-0.5,-1
sigma-,pi,30,6,-29109.470842,3.334449e-03,2,2,2.5,f,+1.5,-1,1,1,1.5,e,+0.5,-1
sigma-,pi,31,7,-29109.470830,5.001617e-02,2,2,2.5,f,+2.5,-1,1,1,1.5,e,+1.5,-1
sigma-,pi,18,0,-29102.752928,4.501548e-02,2,2,1.5,f,+0.5,-1,1,1,0.5,e,-0.5,-1
sigma-,pi,19,1,-29102.752897,1.500526e-02,2,2,1.5,f,+1.5,-1,1,1,0.5,e,+0.5,-1
sigma-,pi,13,8,-29096.640526,2.997934e-02,2,2,1.5,e,-0.5,+1,1,1,1.5,f,-1.5,+1
sigma-,pi,15,10,-29096.640516,2.997920e-02,2,2,1.5,e,+1.5,+1,1,1,1.5,f,+0.5,+1
sigma-,pi,29,0,-29094.423266,1.332513e-02,2,2,2.5,f,+0.5,-1,1,1,0.5,e,-0.5,-1
sigma-,pi,30,1,-29094.423228,2.665023e-02,2,2,2.5,f,+1.5,-1,1,1,0.5,e,+0.5,-1
sigma-,pi,22,8,-29088.310870,4.501448e-02,2,2,2.5,e,-0.5,+1,1,1,1.5,f,-1.5,+1
sigma-,pi,23,9,-29088.310859,4.168019e-02,2,2,2.5,e,+0.5,+1,1,1,1.5,f,-0.5,+1
sigma-,pi,24,10,-29088.310847,3.334449e-03,2,2,2.5,e,+1.5,+1,1,1,1.5,f,+0.5,+1
sigma-,pi,25,11,-29088.310836,5.001617e-02,2,2,2.5,e,+2.5,+1,1,1,1.5,f,+1.5,+1
sigma-,pi,14,2,-29081.592930,4.501549e-02,2,2,1.5,e,+0.5,+1,1,1,0.5,f,-0.5,+1
sigma-,pi,15,3,-29081.592900,1.500526e-02,2,2,1.5,e,+1.5,+1,1,1,0.5,f,+0.5,+1
sigma-,pi,23,2,-29073.263268,1.332514e-02,2,2,2.5,e,+0.5,+1,1,1,0.5,f,-0.5,+1
sigma-,pi,24,3,-29073.263231,2.665025e-02,2,2,2.5,e,+1.5,+1,1,1,0.5,f,+0.5,+1
sigma-,pi,3,9,-15.047636,1.498446e-02,1,1,0.5,f,+0.5,+1,1,1,1.5,f,-0.5,+1
sigma-,pi,1,5,-15.047635,1.498447e-02,1,1,0.5,e,+0.5,-1,1,1,1.5,e,-0.5,-1
sigma-,pi,2,8,-15.047612,4.994836e-03,1,1,0.5,f,-0.5,+1,1,1,1.5,f,-1.5,+1
sigma-,pi,0,4,-15.047610,4.994840e-03,1,1,0.5,e,-0.5,-1,1,1,1.5,e,-1.5,-1
sigma-,pi,15,23,-8.329678,2.751818e-03,2,2,1.5,e,+1.5,+1,2,2,2.5,e,+0.5,+1
sigma-,pi,19,29,-8.329677,2.751826e-03,2,2,1.5,f,+1.5,-1,2,2,2.5,f,+0.5,-1
sigma-,pi,14,22,-8.329671,2.547983e-03,2,2,1.5,e,+0.5,+1,2,2,2.5,e,-0.5,+1
sigma-,pi,18,28,-8.329671,2.547991e-03,2,2,1.5,f,+0.5,-1,2,2,2.5,f,-0.5,-1
sigma-,pi,17,27,-8.329665,2.038396e-04,2,2,1.5,f,-0.5,-1,2,2,2.5,f,-1.5,-1
sigma-,pi,13,21,-8.329665,2.038390e-04,2,2,1.5,e,-0.5,+1,2,2,2.5,e,-1.5,+1
sigma-,pi,16,26,-8.329659,3.057599e-03,2,2,1.5,f,-1.5,-1,2,2,2.5,f,-2.5,-1
sigma-,pi,12,20,-8.329658,3.057589e-03,2,2,1.5,e,-1.5,+1,2,2,2.5,e,-2.5,+1
sigma-,pi,37,49,-5.796197,1.912286e-03,3,3,2.5,e,+2.5,-1,3,3,3.5,e,+1.5,-1
sigma-,pi,43,57,-5.796196,1.912291e-03,3,3,2.5,f,+2.5,+1,3,3,3.5,f,+1.5,+1
sigma-,pi,36,48,-5.796194,3.085158e-03,3,3,2.5,e,+1.5,-1,3,3,3.5,e,+0.5,-1
sigma-,pi,42,56,-5.796193,3.085166e-03,3,3,2.5,f,+1.5,+1,3,3,3.5,f,+0.5,+1
sigma-,pi,35,47,-5.796191,2.498726e-03,3,3,2.5,e,+0.5,-1,3,3,3.5,e,-0.5,-1
sigma-,pi,41,55,-5.796190,2.498732e-03,3,3,2.5,f,+0.5,+1,3,3,3.5,f,-0.5,+1
sigma-,pi,34,46,-5.796188,7.649169e-04,3,3,2.5,e,-0.5,-1,3,3,3.5,e,-1.5,-1
sigma-,pi,40,54,-5.796187,7.649187e-04,3,3,2.5,f,-0.5,+1,3,3,3.5,f,-1.5,+1
sigma-,pi,33,45,-5.796184,1.274863e-04,3,3,2.5,e,-1.5,-1,3,3,3.5,e,-2.5,-1
sigma-,pi,39,53,-5.796184,1.274866e-04,3,3,2.5,f,-1.5,+1,3,3,3.5,f,-2.5,+1
sigma-,pi,38,52,-5.796181,4.462035e-03,3,3,2.5,f,-2.5,+1,3,3,3.5,f,-3.5,+1
sigma-,pi,32,44,-5.796181,4.462025e-03,3,3,2.5,e,-2.5,-1,3,3,3.5,e,-3.5,-1
sigma-,pi,67,83,-4.435471,9.948847e-04,4,4,3.5,e,+3.5,+1,4,4,4.5,e,+2.5,+1
sigma-,pi,75,93,-4.435470,9.948871e-04,4,4,3.5,f,+3.5,-1,4,4,4.5,f,+2.5,-1
sigma-,pi,66,82,-4.435469,1.955932e-03,4,4,3.5,e,+2.5,+1,4,4,4.5,e,+1.5,+1
sigma-,pi,74,92,-4.435468,1.955936e-03,4,4,3.5,f,+2.5,-1,4,4,4.5,f,+1.5,-1
sigma-,pi,65,81,-4.435467,2.287562e-03,4,4,3.5,e,+1.5,+1,4,4,4.5,e,+0.5,+1
sigma-,pi,73,91,-4.435466,2.287567e-03,4,4,3.5,f,+1.5,-1,4,4,4.5,f,+0.5,-1
sigma-,pi,64,80,-4.435465,1.827344e-03,4,4,3.5,e,+0.5,+1,4,4,4.5,e,-0.5,+1
sigma-,pi,72,90,-4.435464,1.827348e-03,4,4,3.5,f,+0.5,-1,4,4,4.5,f,-0.5,-1
sigma-,pi,63,79,-4.435463,8.459934e-04,4,4,3.5,e,-0.5,+1,4,4,4.5,e,-1.5,+1
sigma-,pi,71,89,-4.435462,8.459952e-04,4,4,3.5,f,-0.5,-1,4,4,4.5,f,-1.5,-1
sigma-,pi,62,78,-4.435461,4.737567e-05,4,4,3.5,e,-1.5,+1,4,4,4.5,e,-2.5,+1
sigma-,pi,70,88,-4.435461,4.737577e-05,4,4,3.5,f,-1.5,-1,4,4,4.5,f,-2.5,-1
sigma-,pi,61,77,-4.435459,5.685086e-04,4,4,3.5,e,-2.5,+1,4,4,4.5,e,-3.5,+1
sigma-,pi,69,87,-4.435459,5.685098e-04,4,4,3.5,f,-2.5,-1,4,4,4.5,f,-3.5,-1
sigma-,pi,60,76,-4.435457,3.979564e-03,4,4,3.5,e,-3.5,+1,4,4,4.5,e,-4.5,+1
sigma-,pi,68,86,-4.435457,3.979572e-03,4,4,3.5,f,-3.5,-1,4,4,4.5,f,-4.5,-1
sigma-,pi,105,125,-3.577467,5.346406e-04,5,5,4.5,e,+4.5,-1,5,5,5.5,e,+3.5,-1
sigma-,pi,115,137,-3.577466,5.346419e-04,5,5,4.5,f,+4.5,+1,5,5,5.5,f,+3.5,+1
sigma-,pi,104,124,-3.577466,1.163889e-03,5,5,4.5,e,+3.5,-1,5,5,5.5,e,+2.5,-1
sigma-,pi,114,136,-3.577465,1.163892e-03,5,5,4.5,f,+3.5,+1,5,5,5.5,f,+2.5,+1
sigma-,pi,103,123,-3.577465,1.588523e-03,5,5,4.5,e,+2.5,-1,5,5,5.5,e,+1.5,-1
sigma-,pi,113,135,-3.577464,1.588527e-03,5,5,4.5,f,+2.5,+1,5,5,5.5,f,+1.5,+1
sigma-,pi,102,122,-3.577463,1.650129e-03,5,5,4.5,e,+1.5,-1,5,5,5.5,e,+0.5,-1
sigma-,pi,112,134,-3.577462,1.650133e-03,5,5,4.5,f,+1.5,+1,5,5,5.5,f,+0.5,+1
sigma-,pi,101,121,-3.577462,1.331105e-03,5,5,4.5,e,+0.5,-1,5,5,5.5,e,-0.5,-1
sigma-,pi,111,133,-3.577461,1.331108e-03,5,5,4.5,f,+0.5,+1,5,5,5.5,f,-0.5,+1
sigma-,pi,100,120,-3.577460,7.546603e-04,5,5,4.5,e,-0.5,-1,5,5,5.5,e,-1.5,-1
sigma-,pi,110,132,-3.577460,7.546619e-04,5,5,4.5,f,-0.5,+1,5,5,5.5,f,-1.5,+1
sigma-,pi,99,119,-3.577459,1.848149e-04,5,5,4.5,e,-1.5,-1,5,5,5.5,e,-2.5,-1
sigma-,pi,109,131,-3.577458,1.848153e-04,5,5,4.5,f,-1.5,+1,5,5,5.5,f,-2.5,+1
sigma-,pi,98,118,-3.577457,2.640215e-05,5,5,4.5,e,-2.5,-1,5,5,5.5,e,-3.5,-1
sigma-,pi,108,130,-3.577457,2.640221e-05,5,5,4.5,f,-2.5,+1,5,5,5.5,f,-3.5,+1
sigma-,pi,97,117,-3.577456,8.250679e-04,5,5,4.5,e,-3.5,-1,5,5,5.5,e,-4.5,-1
sigma-,pi,107,129,-3.577456,8.250695e-04,5,5,4.5,f,-3.5,+1,5,5,5.5,f,-4.5,+1
sigma-,pi,96,116,-3.577455,3.267272e-03,5,5,4.5,e,-4.5,-1,5,5,5.5,e,-5.5,-1
sigma-,pi,106,128,-3.577455,3.267278e-03,5,5,4.5,f,-4.5,+1,5,5,5.5,f,-5.5,+1
sigma-,pi,7,6,-0.000021,1.002073e-02,1,1,1.5,e,+1.5,-1,1,1,1.5,e,+0.5,-1
sigma-,pi,5,4,-0.000021,1.002070e-02,1,1,1.5,e,-0.5,-1,1,1,1.5,e,-1.5,-1
sigma-,pi,11,10,-0.000021,1.002075e-02,1,1,1.5,f,+1.5,+1,1,1,1.5,f,+0.5,+1
sigma-,pi,9,8,-0.000021,1.002071e-02,1,1,1.5,f,-0.5,+1,1,1,1.5,f,-1.5,+1
sigma-,pi,15,14,-0.000016,1.002074e-02,2,2,1.5,e,+1.5,+1,2,2,1.5,e,+0.5,+1
sigma-,pi,13,12,-0.000016,1.002072e-02,2,2,1.5,e,-0.5,+1,2,2,1.5,e,-1.5,+1
sigma-,pi,17,16,-0.000015,1.002070e-02,2,2,1.5,f,-0.5,-1,2,2,1.5,f,-1.5,-1
sigma-,pi,19,18,-0.000015,1.002073e-02,2,2,1.5,f,+1.5,-1,2,2,1.5,f,+0.5,-1
sigma-,pi,21,20,-0.000009,1.223738e-02,2,2,2.5,e,-1.5,+1,2,2,2.5,e,-2.5,+1
sigma-,pi,24,23,-0.000009,4.894947e-03,2,2,2.5,e,+1.5,+1,2,2,2.5,e,+0.5,+1
sigma-,pi,25,24,-0.000009,1.223740e-02,2,2,2.5,e,+2.5,+1,2,2,2.5,e,+1.5,+1
sigma-,pi,22,21,-0.000009,4.894962e-03,2,2,2.5,e,-0.5,+1,2,2,2.5,e,-1.5,+1
sigma-,pi,31,30,-0.000009,1.223739e-02,2,2,2.5,f,+2.5,-1,2,2,2.5,f,+1.5,-1
sigma-,pi,27,26,-0.000009,1.223737e-02,2,2,2.5,f,-1.5,-1,2,2,2.5,f,-2.5,-1
sigma-,pi,30,29,-0.000009,4.894944e-03,2,2,2.5,f,+1.5,-1,2,2,2.5,f,+0.5,-1
sigma-,pi,28,27,-0.000009,4.894959e-03,2,2,2.5,f,-0.5,-1,2,2,2.5,f,-1.5,-1
sigma-,pi,36,35,-0.000009,1.102494e-02,3,3,2.5,e,+1.5,-1,3,3,2.5,e,+0.5,-1
sigma-,pi,33,32,-0.000009,2.756229e-02,3,3,2.5,e,-1.5,-1,3,3,2.5,e,-2.5,-1
sigma-,pi,34,33,-0.000009,1.102491e-02,3,3,2.5,e,-0.5,-1,3,3,2.5,e,-1.5,-1
sigma-,pi,37,36,-0.000009,2.756231e-02,3,3,2.5,e,+2.5,-1,3,3,2.5,e,+1.5,-1
sigma-,pi,42,41,-0.000008,1.102493e-02,3,3,2.5,f,+1.5,+1,3,3,2.5,f,+0.5,+1
sigma-,pi,39,38,-0.000008,2.756228e-02,3,3,2.5,f,-1.5,+1,3,3,2.5,f,-2.5,+1
sigma-,pi,40,39,-0.000008,1.102490e-02,3,3,2.5,f,-0.5,+1,3,3,2.5,f,-1.5,+1
sigma-,pi,43,42,-0.000008,2.756230e-02,3,3,2.5,f,+2.5,+1,3,3,2.5,f,+1.5,+1
sigma-,pi,62,61,-0.000006,2.621713e-02,4,4,3.5,e,-1.5,+1,4,4,3.5,e,-2.5,+1
sigma-,pi,67,66,-0.000006,3.441001e-02,4,4,3.5,e,+3.5,+1,4,4,3.5,e,+2.5,+1
sigma-,pi,65,64,-0.000006,8.192873e-03,4,4,3.5,e,+1.5,+1,4,4,3.5,e,+0.5,+1
sigma-,pi,66,65,-0.000006,2.621716e-02,4,4,3.5,e,+2.5,+1,4,4,3.5,e,+1.5,+1
sigma-,pi,63,62,-0.000006,8.192845e-03,4,4,3.5,e,-0.5,+1,4,4,3.5,e,-1.5,+1
sigma-,pi,61,60,-0.000006,3.441000e-02,4,4,3.5,e,-2.5,+1,4,4,3.5,e,-3.5,+1
sigma-,pi,46,45,-0.000005,2.040465e-02,3,3,3.5,e,-1.5,-1,3,3,3.5,e,-2.5,-1
sigma-,pi,50,49,-0.000005,2.040464e-02,3,3,3.5,e,+2.5,-1,3,3,3.5,e,+1.5,-1
sigma-,pi,51,50,-0.000005,2.678111e-02,3,3,3.5,e,+3.5,-1,3,3,3.5,e,+2.5,-1
sigma-,pi,45,44,-0.000005,2.678108e-02,3,3,3.5,e,-2.5,-1,3,3,3.5,e,-3.5,-1
sigma-,pi,49,48,-0.000005,6.376439e-03,3,3,3.5,e,+1.5,-1,3,3,3.5,e,+0.5,-1
sigma-,pi,47,46,-0.000005,6.376462e-03,3,3,3.5,e,-0.5,-1,3,3,3.5,e,-1.5,-1
sigma-,pi,70,69,-0.000005,2.621713e-02,4,4,3.5,f,-1.5,-1,4,4,3.5,f,-2.5,-1
sigma-,pi,73,72,-0.000005,8.192870e-03,4,4,3.5,f,+1.5,-1,4,4,3.5,f,+0.5,-1
sigma-,pi,75,74,-0.000005,3.441000e-02,4,4,3.5,f,+3.5,-1,4,4,3.5,f,+2.5,-1
sigma-,pi,69,68,-0.000005,3.441000e-02,4,4,3.5,f,-2.5,-1,4,4,3.5,f,-3.5,-1
sigma-,pi,74,73,-0.000005,2.621716e-02,4,4,3.5,f,+2.5,-1,4,4,3.5,f,+1.5,-1
sigma-,pi,71,70,-0.000005,8.192844e-03,4,4,3.5,f,-0.5,-1,4,4,3.5,f,-1.5,-1
sigma-,pi,59,58,-0.000005,2.678110e-02,3,3,3.5,f,+3.5,+1,3,3,3.5,f,+2.5,+1
sigma-,pi,57,56,-0.000005,6.376438e-03,3,3,3.5,f,+1.5,+1,3,3,3.5,f,+0.5,+1
sigma-,pi,54,53,-0.000005,2.040464e-02,3,3,3.5,f,-1.5,+1,3,3,3.5,f,-2.5,+1
sigma-,pi,53,52,-0.000005,2.678107e-02,3,3,3.5,f,-2.5,+1,3,3,3.5,f,-3.5,+1
sigma-,pi,55,54,-0.000005,6.376460e-03,3,3,3.5,f,-0.5,+1,3,3,3.5,f,-1.5,+1
sigma-,pi,58,57,-0.000005,2.040463e-02,3,3,3.5,f,+2.5,+1,3,3,3.5,f,+1.5,+1
sigma-,pi,100,99,-0.000005,5.950841e-03,5,5,4.5,e,-0.5,-1,5,5,4.5,e,-1.5,-1
sigma-,pi,97,96,-0.000005,3.570511e-02,5,5,4.5,e,-3.5,-1,5,5,4.5,e,-4.5,-1
sigma-,pi,98,97,-0.000005,3.570510e-02,5,5,4.5,e,-2.5,-1,5,5,4.5,e,-3.5,-1
sigma-,pi,104,103,-0.000005,3.570512e-02,5,5,4.5,e,+3.5,-1,5,5,4.5,e,+2.5,-1
sigma-,pi,102,101,-0.000005,5.950863e-03,5,5,4.5,e,+1.5,-1,5,5,4.5,e,+0.5,-1
sigma-,pi,99,98,-0.000005,2.082797e-02,5,5,4.5,e,-1.5,-1,5,5,4.5,e,-2.5,-1
sigma-,pi,105,104,-0.000005,3.570511e-02,5,5,4.5,e,+4.5,-1,5,5,4.5,e,+3.5,-1
sigma-,pi,103,102,-0.000005,2.082800e-02,5,5,4.5,e,+2.5,-1,5,5,4.5,e,+1.5,-1
sigma-,pi,110,109,-0.000004,5.950841e-03,5,5,4.5,f,-0.5,+1,5,5,4.5,f,-1.5,+1
sigma-,pi,107,106,-0.000004,3.570511e-02,5,5,4.5,f,-3.5,+1,5,5,4.5,f,-4.5,+1
sigma-,pi,108,107,-0.000004,3.570510e-02,5,5,4.5,f,-2.5,+1,5,5,4.5,f,-3.5,+1
sigma-,pi,114,113,-0.000004,3.570512e-02,5,5,4.5,f,+3.5,+1,5,5,4.5,f,+2.5,+1
sigma-,pi,112,111,-0.000004,5.950862e-03,5,5,4.5,f,+1.5,+1,5,5,4.5,f,+0.5,+1
sigma-,pi,115,114,-0.000004,3.570511e-02,5,5,4.5,f,+4.5,+1,5,5,4.5,f,+3.5,+1
sigma-,pi,109,108,-0.000004,2.082796e-02,5,5,4.5,f,-1.5,+1,5,5,4.5,f,-2.5,+1
sigma-,pi,113,112,-0.000004,2.082799e-02,5,5,4.5,f,+2.5,+1,5,5,4.5,f,+1.5,+1
sigma-,pi,80,79,-0.000004,5.307219e-03,4,4,4.5,e,-0.5,+1,4,4,4.5,e,-1.5,+1
sigma-,pi,83,82,-0.000004,1.857522e-02,4,4,4.5,e,+2.5,+1,4,4,4.5,e,+1.5,+1
sigma-,pi,84,83,-0.000004,3.184325e-02,4,4,4.5,e,+3.5,+1,4,4,4.5,e,+2.5,+1
sigma-,pi,78,77,-0.000004,3.184325e-02,4,4,4.5,e,-2.5,+1,4,4,4.5,e,-3.5,+1
sigma-,pi,77,76,-0.000004,3.184323e-02,4,4,4.5,e,-3.5,+1,4,4,4.5,e,-4.5,+1
sigma-,pi,79,78,-0.000004,1.857524e-02,4,4,4.5,e,-1.5,+1,4,4,4.5,e,-2.5,+1
sigma-,pi,82,81,-0.000004,5.307197e-03,4,4,4.5,e,+1.5,+1,4,4,4.5,e,+0.5,+1
sigma-,pi,85,84,-0.000004,3.184326e-02,4,4,4.5,e,+4.5,+1,4,4,4.5,e,+3.5,+1
sigma-,pi,90,89,-0.000003,5.307217e-03,4,4,4.5,f,-0.5,-1,4,4,4.5,f,-1.5,-1
sigma-,pi,92,91,-0.000003,5.307197e-03,4,4,4.5,f,+1.5,-1,4,4,4.5,f,+0.5,-1
sigma-,pi,88,87,-0.000003,3.184324e-02,4,4,4.5,f,-2.5,-1,4,4,4.5,f,-3.5,-1
sigma-,pi,94,93,-0.000003,3.184324e-02,4,4,4.5,f,+3.5,-1,4,4,4.5,f,+2.5,-1
sigma-,pi,95,94,-0.000003,3.184326e-02,4,4,4.5,f,+4.5,-1,4,4,4.5,f,+3.5,-1
sigma-,pi,87,86,-0.000003,3.184323e-02,4,4,4.5,f,-3.5,-1,4,4,4.5,f,-4.5,-1
sigma-,pi,93,92,-0.000003,1.857521e-02,4,4,4.5,f,+2.5,-1,4,4,4.5,f,+1.5,-1
sigma-,pi,89,88,-0.000003,1.857524e-02,4,4,4.5,f,-1.5,-1,4,4,4.5,f,-2.5,-1
sigma-,pi,120,119,-0.000003,1.520989e-02,5,5,5.5,e,-1.5,-1,5,5,5.5,e,-2.5,-1
sigma-,pi,127,126,-0.000003,3.267748e-02,5,5,5.5,e,+5.5,-1,5,5,5.5,e,+4.5,-1
sigma-,pi,123,122,-0.000003,4.158941e-03,5,5,5.5,e,+1.5,-1,5,5,5.5,e,+0.5,-1
sigma-,pi,125,124,-0.000003,2.887499e-02,5,5,5.5,e,+3.5,-1,5,5,5.5,e,+2.5,-1
sigma-,pi,117,116,-0.000003,3.267745e-02,5,5,5.5,e,-4.5,-1,5,5,5.5,e,-5.5,-1
sigma-,pi,119,118,-0.000003,2.887501e-02,5,5,5.5,e,-2.5,-1,5,5,5.5,e,-3.5,-1
sigma-,pi,118,117,-0.000003,3.802469e-02,5,5,5.5,e,-3.5,-1,5,5,5.5,e,-4.5,-1
sigma-,pi,126,125,-0.000003,3.802469e-02,5,5,5.5,e,+4.5,-1,5,5,5.5,e,+3.5,-1
sigma-,pi,124,123,-0.000003,1.520986e-02,5,5,5.5,e,+2.5,-1,5,5,5.5,e,+1.5,-1
sigma-,pi,121,120,-0.000003,4.158960e-03,5,5,5.5,e,-0.5,-1,5,5,5.5,e,-1.5,-1
sigma-,pi,135,134,-0.000003,4.158941e-03,5,5,5.5,f,+1.5,+1,5,5,5.5,f,+0.5,+1
sigma-,pi,137,136,-0.000003,2.887499e-02,5,5,5.5,f,+3.5,+1,5,5,5.5,f,+2.5,+1
sigma-,pi,130,129,-0.000003,3.802468e-02,5,5,5.5,f,-3.5,+1,5,5,5.5,f,-4.5,+1
sigma-,pi,132,131,-0.000003,1.520989e-02,5,5,5.5,f,-1.5,+1,5,5,5.5,f,-2.5,+1
sigma-,pi,139,138,-0.000003,3.267748e-02,5,5,5.5,f,+5.5,+1,5,5,5.5,f,+4.5,+1
sigma-,pi,129,128,-0.000003,3.267745e-02,5,5,5.5,f,-4.5,+1,5,5,5.5,f,-5.5,+1
sigma-,pi,133,132,-0.000003,4.158959e-03,5,5,5.5,f,-0.5,+1,5,5,5.5,f,-1.5,+1
sigma-,pi,131,130,-0.000003,2.887500e-02,5,5,5.5,f,-2.5,+1,5,5,5.5,f,-3.5,+1
sigma-,pi,138,137,-0.000003,3.802469e-02,5,5,5.5,f,+4.5,+1,5,5,5.5,f,+3.5,+1
sigma-,pi,136,135,-0.000003,1.520986e-02,5,5,5.5,f,+2.5,+1,5,5,5.5,f,+1.5,+1
sigma-,pi,118,96,3.577448,5.346440e-04,5,5,5.5,e,-3.5,-1,5,5,4.5,e,-4.5,-1
sigma-,pi,130,106,3.577449,5.346450e-04,5,5,5.5,f,-3.5,+1,5,5,4.5,f,-4.5,+1
sigma-,pi,119,97,3.577450,1.163895e-03,5,5,5.5,e,-2.5,-1,5,5,4.5,e,-3.5,-1
sigma-,pi,131,107,3.577451,1.163897e-03,5,5,5.5,f,-2.5,+1,5,5,4.5,f,-3.5,+1
sigma-,pi,120,98,3.577451,1.588528e-03,5,5,5.5,e,-1.5,-1,5,5,4.5,e,-2.5,-1
sigma-,pi,132,108,3.577452,1.588531e-03,5,5,5.5,f,-1.5,+1,5,5,4.5,f,-2.5,+1
sigma-,pi,121,99,3.577453,1.650132e-03,5,5,5.5,e,-0.5,-1,5,5,4.5,e,-1.5,-1
sigma-,pi,133,109,3.577453,1.650135e-03,5,5,5.5,f,-0.5,+1,5,5,4.5,f,-1.5,+1
sigma-,pi,122,100,3.577454,1.331105e-03,5,5,5.5,e,+0.5,-1,5,5,4.5,e,-0.5,-1
sigma-,pi,134,110,3.577455,1.331108e-03,5,5,5.5,f,+0.5,+1,5,5,4.5,f,-0.5,+1
sigma-,pi,123,101,3.577455,7.546591e-04,5,5,5.5,e,+1.5,-1,5,5,4.5,e,+0.5,-1
sigma-,pi,135,111,3.577456,7.546608e-04,5,5,5.5,f,+1.5,+1,5,5,4.5,f,+0.5,+1
sigma-,pi,124,102,3.577457,1.848143e-04,5,5,5.5,e,+2.5,-1,5,5,4.5,e,+1.5,-1
sigma-,pi,136,112,3.577457,1.848148e-04,5,5,5.5,f,+2.5,+1,5,5,4.5,f,+1.5,+1
sigma-,pi,125,103,3.577458,2.640203e-05,5,5,5.5,e,+3.5,-1,5,5,4.5,e,+2.5,-1
sigma-,pi,137,113,3.577459,2.640209e-05,5,5,5.5,f,+3.5,+1,5,5,4.5,f,+2.5,+1
sigma-,pi,126,104,3.577460,8.250627e-04,5,5,5.5,e,+4.5,-1,5,5,4.5,e,+3.5,-1
sigma-,pi,138,114,3.577460,8.250646e-04,5,5,5.5,f,+4.5,+1,5,5,4.5,f,+3.5,+1
sigma-,pi,127,105,3.577461,3.267246e-03,5,5,5.5,e,+5.5,-1,5,5,4.5,e,+4.5,-1
sigma-,pi,139,115,3.577461,3.267254e-03,5,5,5.5,f,+5.5,+1,5,5,4.5,f,+4.5,+1
sigma-,pi,78,60,4.435449,9.948900e-04,4,4,4.5,e,-2.5,+1,4,4,3.5,e,-3.5,+1
sigma-,pi,88,68,4.435450,9.948921e-04,4,4,4.5,f,-2.5,-1,4,4,3.5,f,-3.5,-1
sigma-,pi,79,61,4.435451,1.955939e-03,4,4,4.5,e,-1.5,+1,4,4,3.5,e,-2.5,+1
sigma-,pi,89,69,4.435452,1.955943e-03,4,4,4.5,f,-1.5,-1,4,4,3.5,f,-2.5,-1
sigma-,pi,80,62,4.435453,2.287566e-03,4,4,4.5,e,-0.5,+1,4,4,3.5,e,-1.5,+1
sigma-,pi,90,70,4.435454,2.287571e-03,4,4,4.5,f,-0.5,-1,4,4,3.5,f,-1.5,-1
sigma-,pi,81,63,4.435455,1.827344e-03,4,4,4.5,e,+0.5,+1,4,4,3.5,e,-0.5,+1
sigma-,pi,91,71,4.435456,1.827348e-03,4,4,4.5,f,+0.5,-1,4,4,3.5,f,-0.5,-1
sigma-,pi,82,64,4.435457,8.459919e-04,4,4,4.5,e,+1.5,+1,4,4,3.5,e,+0.5,+1
sigma-,pi,92,72,4.435457,8.459938e-04,4,4,4.5,f,+1.5,-1,4,4,3.5,f,+0.5,-1
sigma-,pi,83,65,4.435459,4.737550e-05,4,4,4.5,e,+2.5,+1,4,4,3.5,e,+1.5,+1
sigma-,pi,93,73,4.435459,4.737562e-05,4,4,4.5,f,+2.5,-1,4,4,3.5,f,+1.5,-1
sigma-,pi,84,66,4.435461,5.685055e-04,4,4,4.5,e,+3.5,+1,4,4,3.5,e,+2.5,+1
sigma-,pi,94,74,4.435461,5.685069e-04,4,4,4.5,f,+3.5,-1,4,4,3.5,f,+2.5,-1
sigma-,pi,85,67,4.435463,3.979535e-03,4,4,4.5,e,+4.5,+1,4,4,3.5,e,+3.5,+1
sigma-,pi,95,75,4.435463,3.979545e-03,4,4,4.5,f,+4.5,-1,4,4,3.5,f,+3.5,-1
sigma-,pi,46,32,5.796170,1.912294e-03,3,3,3.5,e,-1.5,-1,3,3,2.5,e,-2.5,-1
sigma-,pi,54,38,5.796171,1.912299e-03,3,3,3.5,f,-1.5,+1,3,3,2.5,f,-2.5,+1
sigma-,pi,47,33,5.796173,3.085165e-03,3,3,3.5,e,-0.5,-1,3,3,2.5,e,-1.5,-1
sigma-,pi,55,39,5.796174,3.085172e-03,3,3,3.5,f,-0.5,+1,3,3,2.5,f,-1.5,+1
sigma-,pi,48,34,5.796177,2.498726e-03,3,3,3.5,e,+0.5,-1,3,3,2.5,e,-0.5,-1
sigma-,pi,56,40,5.796177,2.498732e-03,3,3,3.5,f,+0.5,+1,3,3,2.5,f,-0.5,+1
sigma-,pi,49,35,5.796180,7.649152e-04,3,3,3.5,e,+1.5,-1,3,3,2.5,e,+0.5,-1
sigma-,pi,57,41,5.796180,7.649171e-04,3,3,3.5,f,+1.5,+1,3,3,2.5,f,+0.5,+1
sigma-,pi,50,36,5.796183,1.274857e-04,3,3,3.5,e,+2.5,-1,3,3,2.5,e,+1.5,-1
sigma-,pi,58,42,5.796183,1.274861e-04,3,3,3.5,f,+2.5,+1,3,3,2.5,f,+1.5,+1
sigma-,pi,51,37,5.796186,4.461996e-03,3,3,3.5,e,+3.5,-1,3,3,2.5,e,+2.5,-1
sigma-,pi,59,43,5.796186,4.462007e-03,3,3,3.5,f,+3.5,+1,3,3,2.5,f,+2.5,+1
sigma-,pi,22,12,8.329640,2.751826e-03,2,2,2.5,e,-0.5,+1,2,2,1.5,e,-1.5,+1
sigma-,pi,28,16,8.329641,2.751835e-03,2,2,2.5,f,-0.5,-1,2,2,1.5,f,-1.5,-1
sigma-,pi,23,13,8.329647,2.547983e-03,2,2,2.5,e,+0.5,+1,2,2,1.5,e,-0.5,+1
sigma-,pi,29,17,8.329648,2.547991e-03,2,2,2.5,f,+0.5,-1,2,2,1.5,f,-0.5,-1
sigma-,pi,24,14,8.329653,2.038383e-04,2,2,2.5,e,+1.5,+1,2,2,1.5,e,+0.5,+1
sigma-,pi,30,18,8.329654,2.038390e-04,2,2,2.5,f,+1.5,-1,2,2,1.5,f,+0.5,-1
sigma-,pi,25,15,8.329660,3.057570e-03,2,2,2.5,e,+2.5,+1,2,2,1.5,e,+1.5,+1
sigma-,pi,31,19,8.329660,3.057580e-03,2,2,2.5,f,+2.5,-1,2,2,1.5,f,+1.5,-1
sigma-,pi,6,0,15.047568,1.498447e-02,1,1,1.5,e,+0.5,-1,1,1,0.5,e,-0.5,-1
sigma-,pi,10,2,15.047570,1.498446e-02,1,1,1.5,f,+0.5,+1,1,1,0.5,f,-0.5,+1
sigma-,pi,7,1,15.047593,4.994807e-03,1,1,1.5,e,+1.5,-1,1,1,0.5,e,+0.5,-1
sigma-,pi,11,3,15.047595,4.994803e-03,1,1,1.5,f,+1.5,+1,1,1,0.5,f,+0.5,+1
sigma-,pi,3,22,29073.263213,1.332516e-02,1,1,0.5,f,+0.5,+1,2,2,2.5,e,-0.5,+1
sigma-,pi,2,21,29073.263249,2.665036e-02,1,1,0.5,f,-0.5,+1,2,2,2.5,e,-1.5,+1
sigma-,pi,3,13,29081.592869,4.501559e-02,1,1,0.5,f,+0.5,+1,2,2,1.5,e,-0.5,+1
sigma-,pi,2,12,29081.592899,1.500510e-02,1,1,0.5,f,-0.5,+1,2,2,1.5,e,-1.5,+1
sigma-,pi,11,23,29088.310817,4.501462e-02,1,1,1.5,f,+1.5,+1,2,2,2.5,e,+0.5,+1
sigma-,pi,10,22,29088.310829,4.168008e-02,1,1,1.5,f,+0.5,+1,2,2,2.5,e,-0.5,+1
sigma-,pi,9,21,29088.310841,3.334374e-03,1,1,1.5,f,-0.5,+1,2,2,2.5,e,-1.5,+1
sigma-,pi,8,20,29088.310852,5.001617e-02,1,1,1.5,f,-1.5,+1,2,2,2.5,e,-2.5,+1
sigma-,pi,1,28,29094.423211,1.332515e-02,1,1,0.5,e,+0.5,-1,2,2,2.5,f,-0.5,-1
sigma-,pi,0,27,29094.423248,2.665034e-02,1,1,0.5,e,-0.5,-1,2,2,2.5,f,-1.5,-1
sigma-,pi,11,14,29096.640480,2.997920e-02,1,1,1.5,f,+1.5,+1,2,2,1.5,e,+0.5,+1
sigma-,pi,9,12,29096.640490,2.997933e-02,1,1,1.5,f,-0.5,+1,2,2,1.5,e,-1.5,+1
sigma-,pi,1,17,29102.752867,4.501557e-02,1,1,0.5,e,+0.5,-1,2,2,1.5,f,-0.5,-1
sigma-,pi,0,16,29102.752898,1.500510e-02,1,1,0.5,e,-0.5,-1,2,2,1.5,f,-1.5,-1
sigma-,pi,7,29,29109.470812,4.501462e-02,1,1,1.5,e,+1.5,-1,2,2,2.5,f,+0.5,-1
sigma-,pi,6,28,29109.470825,4.168009e-02,1,1,1.5,e,+0.5,-1,2,2,2.5,f,-0.5,-1
sigma-,pi,5,27,29109.470837,3.334374e-03,1,1,1.5,e,-0.5,-1,2,2,2.5,f,-1.5,-1
sigma-,pi,4,26,29109.470850,5.001617e-02,1,1,1.5,e,-1.5,-1,2,2,2.5,f,-2.5,-1
sigma-,pi,7,18,29117.800475,2.997922e-02,1,1,1.5,e,+1.5,-1,2,2,1.5,f,+0.5,-1
sigma-,pi,5,16,29117.800487,2.997935e-02,1,1,1.5,e,-0.5,-1,2,2,1.5,f,-1.5,-1
sigma-,pi,19,48,43614.287377,8.169594e-04,2,2,1.5,f,+1.5,-1,3,3,3.5,e,+0.5,-1
sigma-,pi,18,47,43614.287386,2.450881e-03,2,2,1.5,f,+0.5,-1,3,3,3.5,e,-0.5,-1
sigma-,pi,17,46,43614.287396,4.084808e-03,2,2,1.5,f,-0.5,-1,3,3,3.5,e,-1.5,-1
sigma-,pi,16,45,43614.287405,4.084813e-03,2,2,1.5,f,-1.5,-1,3,3,3.5,e,-2.5,-1
sigma-,pi,19,35,43620.083562,2.202982e-02,2,2,1.5,f,+1.5,-1,3,3,2.5,e,+0.5,-1
sigma-,pi,18,34,43620.083569,2.039800e-02,2,2,1.5,f,+0.5,-1,3,3,2.5,e,-0.5,-1
sigma-,pi,17,33,43620.083575,1.631847e-03,2,2,1.5,f,-0.5,-1,3,3,2.5,e,-1.5,-1
sigma-,pi,16,32,43620.083581,2.447755e-02,2,2,1.5,f,-1.5,-1,3,3,2.5,e,-2.5,-1
sigma-,pi,31,49,43622.617043,1.531069e-02,2,2,2.5,f,+2.5,-1,3,3,3.5,e,+1.5,-1
sigma-,pi,30,48,43622.617046,2.470123e-02,2,2,2.5,f,+1.5,-1,3,3,3.5,e,+0.5,-1
sigma-,pi,29,47,43622.617049,2.000593e-02,2,2,2.5,f,+0.5,-1,3,3,3.5,e,-0.5,-1
sigma-,pi,28,46,43622.617052,6.124254e-03,2,2,2.5,f,-0.5,-1,3,3,3.5,e,-1.5,-1
sigma-,pi,27,45,43622.617055,1.020718e-03,2,2,2.5,f,-1.5,-1,3,3,3.5,e,-2.5,-1
sigma-,pi,26,44,43622.617058,3.572491e-02,2,2,2.5,f,-2.5,-1,3,3,3.5,e,-3.5,-1
sigma-,pi,31,36,43628.413231,6.120551e-03,2,2,2.5,f,+2.5,-1,3,3,2.5,e,+1.5,-1
sigma-,pi,30,35,43628.413231,2.448223e-03,2,2,2.5,f,+1.5,-1,3,3,2.5,e,+0.5,-1
sigma-,pi,28,33,43628.413231,2.448230e-03,2,2,2.5,f,-0.5,-1,3,3,2.5,e,-1.5,-1
sigma-,pi,27,32,43628.413231,6.120583e-03,2,2,2.5,f,-1.5,-1,3,3,2.5,e,-2.5,-1
sigma-,pi,15,56,43661.897371,8.169598e-04,2,2,1.5,e,+1.5,+1,3,3,3.5,f,+0.5,+1
sigma-,pi,14,55,43661.897382,2.450882e-03,2,2,1.5,e,+0.5,+1,3,3,3.5,f,-0.5,+1
sigma-,pi,13,54,43661.897393,4.084807e-03,2,2,1.5,e,-0.5,+1,3,3,3.5,f,-1.5,+1
sigma-,pi,12,53,43661.897403,4.084811e-03,2,2,1.5,e,-1.5,+1,3,3,3.5,f,-2.5,+1
sigma-,pi,15,41,43667.693557,2.202982e-02,2,2,1.5,e,+1.5,+1,3,3,2.5,f,+0.5,+1
sigma-,pi,14,40,43667.693564,2.039800e-02,2,2,1.5,e,+0.5,+1,3,3,2.5,f,-0.5,+1
sigma-,pi,13,39,43667.693572,1.631847e-03,2,2,1.5,e,-0.5,+1,3,3,2.5,f,-1.5,+1
sigma-,pi,12,38,43667.693580,2.447755e-02,2,2,1.5,e,-1.5,+1,3,3,2.5,f,-2.5,+1
sigma-,pi,25,57,43670.227036,1.531069e-02,2,2,2.5,e,+2.5,+1,3,3,3.5,f,+1.5,+1
sigma-,pi,24,56,43670.227040,2.470123e-02,2,2,2.5,e,+1.5,+1,3,3,3.5,f,+0.5,+1
sigma-,pi,23,55,43670.227044,2.000593e-02,2,2,2.5,e,+0.5,+1,3,3,3.5,f,-0.5,+1
sigma-,pi,22,54,43670.227048,6.124254e-03,2,2,2.5,e,-0.5,+1,3,3,3.5,f,-1.5,+1
sigma-,pi,21,53,43670.227053,1.020718e-03,2,2,2.5,e,-1.5,+1,3,3,3.5,f,-2.5,+1
sigma-,pi,20,52,43670.227057,3.572491e-02,2,2,2.5,e,-2.5,+1,3,3,3.5,f,-3.5,+1
sigma-,pi,25,42,43676.023224,6.120554e-03,2,2,2.5,e,+2.5,+1,3,3,2.5,f,+1.5,+1
sigma-,pi,24,41,43676.023226,2.448225e-03,2,2,2.5,e,+1.5,+1,3,3,2.5,f,+0.5,+1
sigma-,pi,22,39,43676.023228,2.448230e-03,2,2,2.5,e,-0.5,+1,3,3,2.5,f,-1.5,+1
sigma-,pi,21,38,43676.023229,6.120586e-03,2,2,2.5,e,-1.5,+1,3,3,2.5,f,-2.5,+1
sigma-,pi,43,82,58146.058967,1.135008e-04,3,3,2.5,f,+2.5,+1,4,4,4.5,e,+1.5,+1
sigma-,pi,42,81,58146.058971,3.783365e-04,3,3,2.5,f,+1.5,+1,4,4,4.5,e,+0.5,+1
sigma-,pi,41,80,58146.058975,7.566741e-04,3,3,2.5,f,+0.5,+1,4,4,4.5,e,-0.5,+1
sigma-,pi,40,79,58146.058979,1.135013e-03,3,3,2.5,f,-0.5,+1,4,4,4.5,e,-1.5,+1
sigma-,pi,39,78,58146.058983,1.324183e-03,3,3,2.5,f,-1.5,+1,4,4,4.5,e,-2.5,+1
sigma-,pi,38,77,58146.058987,1.059348e-03,3,3,2.5,f,-2.5,+1,4,4,4.5,e,-3.5,+1
sigma-,pi,43,65,58150.494430,8.854156e-03,3,3,2.5,f,+2.5,+1,4,4,3.5,e,+1.5,+1
sigma-,pi,42,64,58150.494432,1.428471e-02,3,3,2.5,f,+1.5,+1,4,4,3.5,e,+0.5,+1
sigma-,pi,41,63,58150.494434,1.156944e-02,3,3,2.5,f,+0.5,+1,4,4,3.5,e,-0.5,+1
sigma-,pi,40,62,58150.494436,3.541669e-03,3,3,2.5,f,-0.5,+1,4,4,3.5,e,-1.5,+1
sigma-,pi,39,61,58150.494438,5.902743e-04,3,3,2.5,f,-1.5,+1,4,4,3.5,e,-2.5,+1
sigma-,pi,38,60,58150.494440,2.065969e-02,3,3,2.5,f,-2.5,+1,4,4,3.5,e,-3.5,+1
sigma-,pi,59,83,58151.855157,6.251593e-03,3,3,3.5,f,+3.5,+1,4,4,4.5,e,+2.5,+1
sigma-,pi,58,82,58151.855158,1.229054e-02,3,3,3.5,f,+2.5,+1,4,4,4.5,e,+1.5,+1
sigma-,pi,57,81,58151.855159,1.437440e-02,3,3,3.5,f,+1.5,+1,4,4,4.5,e,+0.5,+1
sigma-,pi,56,80,58151.855160,1.148250e-02,3,3,3.5,f,+0.5,+1,4,4,4.5,e,-0.5,+1
sigma-,pi,55,79,58151.855161,5.315969e-03,3,3,3.5,f,-0.5,+1,4,4,4.5,e,-1.5,+1
sigma-,pi,54,78,58151.855162,2.976926e-04,3,3,3.5,f,-1.5,+1,4,4,4.5,e,-2.5,+1
sigma-,pi,53,77,58151.855163,3.572341e-03,3,3,3.5,f,-2.5,+1,4,4,4.5,e,-3.5,+1
sigma-,pi,52,76,58151.855164,2.500635e-02,3,3,3.5,f,-3.5,+1,4,4,4.5,e,-4.5,+1
sigma-,pi,53,60,58156.290616,1.785410e-03,3,3,3.5,f,-2.5,+1,4,4,3.5,e,-3.5,+1
sigma-,pi,54,61,58156.290617,1.360311e-03,3,3,3.5,f,-1.5,+1,4,4,3.5,e,-2.5,+1
sigma-,pi,55,62,58156.290618,4.250972e-04,3,3,3.5,f,-0.5,+1,4,4,3.5,e,-1.5,+1
sigma-,pi,57,64,58156.290620,4.250956e-04,3,3,3.5,f,+1.5,+1,4,4,3.5,e,+0.5,+1
sigma-,pi,58,65,58156.290621,1.360306e-03,3,3,3.5,f,+2.5,+1,4,4,3.5,e,+1.5,+1
sigma-,pi,59,66,58156.290622,1.785400e-03,3,3,3.5,f,+3.5,+1,4,4,3.5,e,+2.5,+1
sigma-,pi,37,92,58230.698960,1.135010e-04,3,3,2.5,e,+2.5,-1,4,4,4.5,f,+1.5,-1
sigma-,pi,36,91,58230.698965,3.783369e-04,3,3,2.5,e,+1.5,-1,4,4,4.5,f,+0.5,-1
sigma-,pi,35,90,58230.698970,7.566746e-04,3,3,2.5,e,+0.5,-1,4,4,4.5,f,-0.5,-1
sigma-,pi,34,89,58230.698975,1.135013e-03,3,3,2.5,e,-0.5,-1,4,4,4.5,f,-1.5,-1
sigma-,pi,33,88,58230.698980,1.324183e-03,3,3,2.5,e,-1.5,-1,4,4,4.5,f,-2.5,-1
sigma-,pi,32,87,58230.698986,1.059347e-03,3,3,2.5,e,-2.5,-1,4,4,4.5,f,-3.5,-1
sigma-,pi,37,73,58235.134422,8.854155e-03,3,3,2.5,e,+2.5,-1,4,4,3.5,f,+1.5,-1
sigma-,pi,36,72,58235.134426,1.428471e-02,3,3,2.5,e,+1.5,-1,4,4,3.5,f,+0.5,-1
sigma-,pi,35,71,58235.134429,1.156944e-02,3,3,2.5,e,+0.5,-1,4,4,3.5,f,-0.5,-1
sigma-,pi,34,70,58235.134432,3.541669e-03,3,3,2.5,e,-0.5,-1,4,4,3.5,f,-1.5,-1
sigma-,pi,33,69,58235.134436,5.902743e-04,3,3,2.5,e,-1.5,-1,4,4,3.5,f,-2.5,-1
sigma-,pi,32,68,58235.134439,2.065969e-02,3,3,2.5,e,-2.5,-1,4,4,3.5,f,-3.5,-1
sigma-,pi,51,93,58236.495149,6.251593e-03,3,3,3.5,e,+3.5,-1,4,4,4.5,f,+2.5,-1
sigma-,pi,50,92,58236.495151,1.229054e-02,3,3,3.5,e,+2.5,-1,4,4,4.5,f,+1.5,-1
sigma-,pi,49,91,58236.495153,1.437440e-02,3,3,3.5,e,+1.5,-1,4,4,4.5,f,+0.5,-1
sigma-,pi,48,90,58236.495155,1.148250e-02,3,3,3.5,e,+0.5,-1,4,4,4.5,f,-0.5,-1
sigma-,pi,47,89,58236.495157,5.315969e-03,3,3,3.5,e,-0.5,-1,4,4,4.5,f,-1.5,-1
sigma-,pi,46,88,58236.495159,2.976926e-04,3,3,3.5,e,-1.5,-1,4,4,4.5,f,-2.5,-1
sigma-,pi,45,87,58236.495161,3.572341e-03,3,3,3.5,e,-2.5,-1,4,4,4.5,f,-3.5,-1
sigma-,pi,44,86,58236.495163,2.500635e-02,3,3,3.5,e,-3.5,-1,4,4,4.5,f,-4.5,-1
sigma-,pi,51,74,58240.930614,1.785401e-03,3,3,3.5,e,+3.5,-1,4,4,3.5,f,+2.5,-1
sigma-,pi,50,73,58240.930614,1.360307e-03,3,3,3.5,e,+2.5,-1,4,4,3.5,f,+1.5,-1
sigma-,pi,49,72,58240.930614,4.250963e-04,3,3,3.5,e,+1.5,-1,4,4,3.5,f,+0.5,-1
sigma-,pi,47,70,58240.930614,4.250970e-04,3,3,3.5,e,-0.5,-1,4,4,3.5,f,-1.5,-1
sigma-,pi,46,69,58240.930615,1.360312e-03,3,3,3.5,e,-1.5,-1,4,4,3.5,f,-2.5,-1
sigma-,pi,45,68,58240.930615,1.785411e-03,3,3,3.5,e,-2.5,-1,4,4,3.5,f,-3.5,-1
sigma-,pi,75,124,72671.161240,2.451652e-05,4,4,3.5,f,+3.5,-1,5,5,5.5,e,+2.5,-1
sigma-,pi,74,123,72671.161242,8.580795e-05,4,4,3.5,f,+2.5,-1,5,5,5.5,e,+1.5,-1
sigma-,pi,73,122,72671.161244,1.838745e-04,4,4,3.5,f,+1.5,-1,5,5,5.5,e,+0.5,-1
sigma-,pi,72,121,72671.161246,3.064579e-04,4,4,3.5,f,+0.5,-1,5,5,5.5,e,-0.5,-1
sigma-,pi,71,120,72671.161248,4.290416e-04,4,4,3.5,f,-0.5,-1,5,5,5.5,e,-1.5,-1
sigma-,pi,70,119,72671.161251,5.148507e-04,4,4,3.5,f,-1.5,-1,5,5,5.5,e,-2.5,-1
sigma-,pi,69,118,72671.161253,5.148515e-04,4,4,3.5,f,-2.5,-1,5,5,5.5,e,-3.5,-1
sigma-,pi,68,117,72671.161255,3.677516e-04,4,4,3.5,f,-3.5,-1,5,5,5.5,e,-4.5,-1
sigma-,pi,75,103,72674.738701,4.048293e-03,4,4,3.5,f,+3.5,-1,5,5,4.5,e,+2.5,-1
sigma-,pi,74,102,72674.738702,7.958890e-03,4,4,3.5,f,+2.5,-1,5,5,4.5,e,+1.5,-1
sigma-,pi,73,101,72674.738703,9.308324e-03,4,4,3.5,f,+1.5,-1,5,5,4.5,e,+0.5,-1
sigma-,pi,72,100,72674.738703,7.435646e-03,4,4,3.5,f,+0.5,-1,5,5,4.5,e,-0.5,-1
sigma-,pi,71,99,72674.738704,3.442431e-03,4,4,3.5,f,-0.5,-1,5,5,4.5,e,-1.5,-1
sigma-,pi,70,98,72674.738705,1.927770e-04,4,4,3.5,f,-1.5,-1,5,5,4.5,e,-2.5,-1
sigma-,pi,69,97,72674.738705,2.313307e-03,4,4,3.5,f,-2.5,-1,5,5,4.5,e,-3.5,-1
sigma-,pi,68,96,72674.738706,1.619317e-02,4,4,3.5,f,-3.5,-1,5,5,4.5,e,-4.5,-1
sigma-,pi,95,125,72675.596706,2.975858e-03,4,4,4.5,f,+4.5,-1,5,5,5.5,e,+3.5,-1
sigma-,pi,94,124,72675.596706,6.478306e-03,4,4,4.5,f,+3.5,-1,5,5,5.5,e,+2.5,-1
sigma-,pi,93,123,72675.596707,8.841845e-03,4,4,4.5,f,+2.5,-1,5,5,5.5,e,+1.5,-1
sigma-,pi,92,122,72675.596707,9.184739e-03,4,4,4.5,f,+1.5,-1,5,5,5.5,e,+0.5,-1
sigma-,pi,91,121,72675.596707,7.409020e-03,4,4,4.5,f,+0.5,-1,5,5,5.5,e,-0.5,-1
sigma-,pi,90,120,72675.596707,4.200483e-03,4,4,4.5,f,-0.5,-1,5,5,5.5,e,-1.5,-1
sigma-,pi,89,119,72675.596708,1.028688e-03,4,4,4.5,f,-1.5,-1,5,5,5.5,e,-2.5,-1
sigma-,pi,88,118,72675.596708,1.469568e-04,4,4,4.5,f,-2.5,-1,5,5,5.5,e,-3.5,-1
sigma-,pi,87,117,72675.596708,4.592373e-03,4,4,4.5,f,-3.5,-1,5,5,5.5,e,-4.5,-1
sigma-,pi,86,116,72675.596709,1.818578e-02,4,4,4.5,f,-4.5,-1,5,5,5.5,e,-5.5,-1
sigma-,pi,87,96,72679.174160,6.610855e-04,4,4,4.5,f,-3.5,-1,5,5,4.5,e,-4.5,-1
sigma-,pi,88,97,72679.174161,6.610852e-04,4,4,4.5,f,-2.5,-1,5,5,4.5,e,-3.5,-1
sigma-,pi,89,98,72679.174162,3.856330e-04,4,4,4.5,f,-1.5,-1,5,5,4.5,e,-2.5,-1
sigma-,pi,90,99,72679.174163,1.101809e-04,4,4,4.5,f,-0.5,-1,5,5,4.5,e,-1.5,-1
sigma-,pi,92,101,72679.174165,1.101802e-04,4,4,4.5,f,+1.5,-1,5,5,4.5,e,+0.5,-1
sigma-,pi,93,102,72679.174167,3.856311e-04,4,4,4.5,f,+2.5,-1,5,5,4.5,e,+1.5,-1
sigma-,pi,94,103,72679.174168,6.610817e-04,4,4,4.5,f,+3.5,-1,5,5,4.5,e,+2.5,-1
sigma-,pi,95,104,72679.174169,6.610815e-04,4,4,4.5,f,+4.5,-1,5,5,4.5,e,+3.5,-1
sigma-,pi,1,34,72722.836450,2.667482e-02,1,1,0.5,e,+0.5,-1,3,3,2.5,e,-0.5,-1
sigma-,pi,0,33,72722.836488,5.334970e-02,1,1,0.5,e,-0.5,-1,3,3,2.5,e,-1.5,-1
sigma-,pi,7,48,72732.087867,9.794244e-03,1,1,1.5,e,+1.5,-1,3,3,3.5,e,+0.5,-1
sigma-,pi,6,47,72732.087882,2.938271e-02,1,1,1.5,e,+0.5,-1,3,3,3.5,e,-0.5,-1
sigma-,pi,5,46,72732.087898,4.897115e-02,1,1,1.5,e,-0.5,-1,3,3,3.5,e,-1.5,-1
sigma-,pi,4,45,72732.087914,4.897111e-02,1,1,1.5,e,-1.5,-1,3,3,3.5,e,-2.5,-1
sigma-,pi,7,35,72737.884052,7.346631e-03,1,1,1.5,e,+1.5,-1,3,3,2.5,e,+0.5,-1
sigma-,pi,6,34,72737.884065,6.802456e-03,1,1,1.5,e,+0.5,-1,3,3,2.5,e,-0.5,-1
sigma-,pi,5,33,72737.884077,5.441998e-04,1,1,1.5,e,-0.5,-1,3,3,2.5,e,-1.5,-1
sigma-,pi,4,32,72737.884089,8.162967e-03,1,1,1.5,e,-1.5,-1,3,3,2.5,e,-2.5,-1
sigma-,pi,3,40,72749.286449,2.667482e-02,1,1,0.5,f,+0.5,+1,3,3,2.5,f,-0.5,+1
sigma-,pi,2,39,72749.286486,5.334968e-02,1,1,0.5,f,-0.5,+1,3,3,2.5,f,-1.5,+1
sigma-,pi,11,56,72758.537867,9.794242e-03,1,1,1.5,f,+1.5,+1,3,3,3.5,f,+0.5,+1
sigma-,pi,10,55,72758.537882,2.938271e-02,1,1,1.5,f,+0.5,+1,3,3,3.5,f,-0.5,+1
sigma-,pi,9,54,72758.537898,4.897114e-02,1,1,1.5,f,-0.5,+1,3,3,3.5,f,-1.5,+1
sigma-,pi,8,53,72758.537914,4.897111e-02,1,1,1.5,f,-1.5,+1,3,3,3.5,f,-2.5,+1
sigma-,pi,11,41,72764.334052,7.346646e-03,1,1,1.5,f,+1.5,+1,3,3,2.5,f,+0.5,+1
sigma-,pi,10,40,72764.334065,6.802470e-03,1,1,1.5,f,+0.5,+1,3,3,2.5,f,-0.5,+1
sigma-,pi,9,39,72764.334077,5.442012e-04,1,1,1.5,f,-0.5,+1,3,3,2.5,f,-1.5,+1
sigma-,pi,8,38,72764.334090,8.162982e-03,1,1,1.5,f,-1.5,+1,3,3,2.5,f,-2.5,+1
sigma-,pi,67,136,72803.411232,2.451660e-05,4,4,3.5,e,+3.5,+1,5,5,5.5,f,+2.5,+1
sigma-,pi,66,135,72803.411235,8.580816e-05,4,4,3.5,e,+2.5,+1,5,5,5.5,f,+1.5,+1
sigma-,pi,65,134,72803.411238,1.838748e-04,4,4,3.5,e,+1.5,+1,5,5,5.5,f,+0.5,+1
sigma-,pi,64,133,72803.411241,3.064582e-04,4,4,3.5,e,+0.5,+1,5,5,5.5,f,-0.5,+1
sigma-,pi,63,132,72803.411245,4.290419e-04,4,4,3.5,e,-0.5,+1,5,5,5.5,f,-1.5,+1
sigma-,pi,62,131,72803.411248,5.148507e-04,4,4,3.5,e,-1.5,+1,5,5,5.5,f,-2.5,+1
sigma-,pi,61,130,72803.411251,5.148512e-04,4,4,3.5,e,-2.5,+1,5,5,5.5,f,-3.5,+1
sigma-,pi,60,129,72803.411255,3.677512e-04,4,4,3.5,e,-3.5,+1,5,5,5.5,f,-4.5,+1
sigma-,pi,67,113,72806.988693,4.048293e-03,4,4,3.5,e,+3.5,+1,5,5,4.5,f,+2.5,+1
sigma-,pi,66,112,72806.988695,7.958890e-03,4,4,3.5,e,+2.5,+1,5,5,4.5,f,+1.5,+1
sigma-,pi,65,111,72806.988697,9.308323e-03,4,4,3.5,e,+1.5,+1,5,5,4.5,f,+0.5,+1
sigma-,pi,64,110,72806.988699,7.435645e-03,4,4,3.5,e,+0.5,+1,5,5,4.5,f,-0.5,+1
sigma-,pi,63,109,72806.988701,3.442431e-03,4,4,3.5,e,-0.5,+1,5,5,4.5,f,-1.5,+1
sigma-,pi,62,108,72806.988703,1.927770e-04,4,4,3.5,e,-1.5,+1,5,5,4.5,f,-2.5,+1
sigma-,pi,61,107,72806.988704,2.313307e-03,4,4,3.5,e,-2.5,+1,5,5,4.5,f,-3.5,+1
sigma-,pi,60,106,72806.988706,1.619317e-02,4,4,3.5,e,-3.5,+1,5,5,4.5,f,-4.5,+1
sigma-,pi,85,137,72807.846697,2.975858e-03,4,4,4.5,e,+4.5,+1,5,5,5.5,f,+3.5,+1
sigma-,pi,84,136,72807.846698,6.478306e-03,4,4,4.5,e,+3.5,+1,5,5,5.5,f,+2.5,+1
sigma-,pi,83,135,72807.846700,8.841845e-03,4,4,4.5,e,+2.5,+1,5,5,5.5,f,+1.5,+1
sigma-,pi,82,134,72807.846701,9.184739e-03,4,4,4.5,e,+1.5,+1,5,5,5.5,f,+0.5,+1
sigma-,pi,81,133,72807.846702,7.409020e-03,4,4,4.5,e,+0.5,+1,5,5,5.5,f,-0.5,+1
sigma-,pi,80,132,72807.846704,4.200483e-03,4,4,4.5,e,-0.5,+1,5,5,5.5,f,-1.5,+1
sigma-,pi,79,131,72807.846705,1.028688e-03,4,4,4.5,e,-1.5,+1,5,5,5.5,f,-2.5,+1
sigma-,pi,78,130,72807.846706,1.469568e-04,4,4,4.5,e,-2.5,+1,5,5,5.5,f,-3.5,+1
sigma-,pi,77,129,72807.846708,4.592373e-03,4,4,4.5,e,-3.5,+1,5,5,5.5,f,-4.5,+1
sigma-,pi,76,128,72807.846709,1.818578e-02,4,4,4.5,e,-4.5,+1,5,5,5.5,f,-5.5,+1
sigma-,pi,77,106,72811.424159,6.610861e-04,4,4,4.5,e,-3.5,+1,5,5,4.5,f,-4.5,+1
sigma-,pi,78,107,72811.424159,6.610856e-04,4,4,4.5,e,-2.5,+1,5,5,4.5,f,-3.5,+1
sigma-,pi,79,108,72811.424159,3.856329e-04,4,4,4.5,e,-1.5,+1,5,5,4.5,f,-2.5,+1
sigma-,pi,80,109,72811.424159,1.101808e-04,4,4,4.5,e,-0.5,+1,5,5,4.5,f,-1.5,+1
sigma-,pi,82,111,72811.424159,1.101805e-04,4,4,4.5,e,+1.5,+1,5,5,4.5,f,+0.5,+1
sigma-,pi,83,112,72811.424159,3.856316e-04,4,4,4.5,e,+2.5,+1,5,5,4.5,f,+1.5,+1
sigma-,pi,84,113,72811.424160,6.610823e-04,4,4,4.5,e,+3.5,+1,5,5,4.5,f,+2.5,+1
sigma-,pi,85,114,72811.424160,6.610818e-04,4,4,4.5,e,+4.5,+1,5,5,4.5,f,+3.5,+1
sigma-,pi,15,64,101818.187996,1.224594e-02,2,2,1.5,e,+1.5,+1,4,4,3.5,e,+0.5,+1
sigma-,pi,14,63,101818.188006,3.673784e-02,2,2,1.5,e,+0.5,+1,4,4,3.5,e,-0.5,+1
sigma-,pi,13,62,101818.188016,6.122976e-02,2,2,1.5,e,-0.5,+1,4,4,3.5,e,-1.5,+1
sigma-,pi,12,61,101818.188025,6.122978e-02,2,2,1.5,e,-1.5,+1,4,4,3.5,e,-2.5,+1
sigma-,pi,25,82,101822.082199,5.668594e-03,2,2,2.5,e,+2.5,+1,4,4,4.5,e,+1.5,+1
sigma-,pi,24,81,101822.082204,1.889531e-02,2,2,2.5,e,+1.5,+1,4,4,4.5,e,+0.5,+1
sigma-,pi,23,80,101822.082209,3.779060e-02,2,2,2.5,e,+0.5,+1,4,4,4.5,e,-0.5,+1
sigma-,pi,22,79,101822.082215,5.668588e-02,2,2,2.5,e,-0.5,+1,4,4,4.5,e,-1.5,+1
sigma-,pi,21,78,101822.082220,6.613350e-02,2,2,2.5,e,-1.5,+1,4,4,4.5,e,-2.5,+1
sigma-,pi,20,77,101822.082225,5.290678e-02,2,2,2.5,e,-2.5,+1,4,4,4.5,e,-3.5,+1
sigma-,pi,25,65,101826.517662,2.834429e-03,2,2,2.5,e,+2.5,+1,4,4,3.5,e,+1.5,+1
sigma-,pi,24,64,101826.517665,4.572884e-03,2,2,2.5,e,+1.5,+1,4,4,3.5,e,+0.5,+1
sigma-,pi,23,63,101826.517668,3.703663e-03,2,2,2.5,e,+0.5,+1,4,4,3.5,e,-0.5,+1
sigma-,pi,22,62,101826.517671,1.133775e-03,2,2,2.5,e,-0.5,+1,4,4,3.5,e,-1.5,+1
sigma-,pi,21,61,101826.517675,1.889630e-04,2,2,2.5,e,-1.5,+1,4,4,3.5,e,-2.5,+1
sigma-,pi,20,60,101826.517678,6.613709e-03,2,2,2.5,e,-2.5,+1,4,4,3.5,e,-3.5,+1
sigma-,pi,19,72,101855.217997,1.224594e-02,2,2,1.5,f,+1.5,-1,4,4,3.5,f,+0.5,-1
sigma-,pi,18,71,101855.218006,3.673784e-02,2,2,1.5,f,+0.5,-1,4,4,3.5,f,-0.5,-1
sigma-,pi,17,70,101855.218016,6.122976e-02,2,2,1.5,f,-0.5,-1,4,4,3.5,f,-1.5,-1
sigma-,pi,16,69,101855.218025,6.122978e-02,2,2,1.5,f,-1.5,-1,4,4,3.5,f,-2.5,-1
sigma-,pi,31,92,101859.112199,5.668593e-03,2,2,2.5,f,+2.5,-1,4,4,4.5,f,+1.5,-1
sigma-,pi,30,91,101859.112205,1.889530e-02,2,2,2.5,f,+1.5,-1,4,4,4.5,f,+0.5,-1
sigma-,pi,29,90,101859.112210,3.779060e-02,2,2,2.5,f,+0.5,-1,4,4,4.5,f,-0.5,-1
sigma-,pi,28,89,101859.112215,5.668587e-02,2,2,2.5,f,-0.5,-1,4,4,4.5,f,-1.5,-1
sigma-,pi,27,88,101859.112220,6.613350e-02,2,2,2.5,f,-1.5,-1,4,4,4.5,f,-2.5,-1
sigma-,pi,26,87,101859.112225,5.290678e-02,2,2,2.5,f,-2.5,-1,4,4,4.5,f,-3.5,-1
sigma-,pi,31,73,101863.547662,2.834435e-03,2,2,2.5,f,+2.5,-1,4,4,3.5,f,+1.5,-1
sigma-,pi,30,72,101863.547665,4.572894e-03,2,2,2.5,f,+1.5,-1,4,4,3.5,f,+0.5,-1
sigma-,pi,29,71,101863.547669,3.703671e-03,2,2,2.5,f,+0.5,-1,4,4,3.5,f,-0.5,-1
sigma-,pi,28,70,101863.547672,1.133778e-03,2,2,2.5,f,-0.5,-1,4,4,3.5,f,-1.5,-1
sigma-,pi,27,69,101863.547675,1.889632e-04,2,2,2.5,f,-1.5,-1,4,4,3.5,f,-2.5,-1
sigma-,pi,26,68,101863.547679,6.613721e-03,2,2,2.5,f,-2.5,-1,4,4,3.5,f,-3.5,-1
sigma-,pi,37,102,130909.873130,6.122670e-03,3,3,2.5,e,+2.5,-1,5,5,4.5,e,+1.5,-1
sigma-,pi,36,101,130909.873134,2.040890e-02,3,3,2.5,e,+1.5,-1,5,5,4.5,e,+0.5,-1
sigma-,pi,35,100,130909.873138,4.081781e-02,3,3,2.5,e,+0.5,-1,5,5,4.5,e,-0.5,-1
sigma-,pi,34,99,130909.873142,6.122673e-02,3,3,2.5,e,-0.5,-1,5,5,4.5,e,-1.5,-1
sigma-,pi,33,98,130909.873146,7.143120e-02,3,3,2.5,e,-1.5,-1,5,5,4.5,e,-2.5,-1
sigma-,pi,32,97,130909.873150,5.714497e-02,3,3,2.5,e,-2.5,-1,5,5,4.5,e,-3.5,-1
sigma-,pi,51,124,130912.091859,3.305694e-03,3,3,3.5,e,+3.5,-1,5,5,5.5,e,+2.5,-1
sigma-,pi,50,123,130912.091861,1.156993e-02,3,3,3.5,e,+2.5,-1,5,5,5.5,e,+1.5,-1
sigma-,pi,49,122,130912.091864,2.479269e-02,3,3,3.5,e,+1.5,-1,5,5,5.5,e,+0.5,-1
sigma-,pi,48,121,130912.091866,4.132115e-02,3,3,3.5,e,+0.5,-1,5,5,5.5,e,-0.5,-1
sigma-,pi,47,120,130912.091868,5.784959e-02,3,3,3.5,e,-0.5,-1,5,5,5.5,e,-1.5,-1
sigma-,pi,46,119,130912.091870,6.941949e-02,3,3,3.5,e,-1.5,-1,5,5,5.5,e,-2.5,-1
sigma-,pi,45,118,130912.091873,6.941948e-02,3,3,3.5,e,-2.5,-1,5,5,5.5,e,-3.5,-1
sigma-,pi,44,117,130912.091875,4.958533e-02,3,3,3.5,e,-3.5,-1,5,5,5.5,e,-4.5,-1
sigma-,pi,11,64,130914.828492,2.736043e-10,1,1,1.5,f,+1.5,+1,4,4,3.5,e,+0.5,+1
sigma-,pi,10,63,130914.828506,8.208153e-10,1,1,1.5,f,+0.5,+1,4,4,3.5,e,-0.5,+1
sigma-,pi,9,62,130914.828521,1.368029e-09,1,1,1.5,f,-0.5,+1,4,4,3.5,e,-1.5,+1
sigma-,pi,8,61,130914.828536,1.368033e-09,1,1,1.5,f,-1.5,+1,4,4,3.5,e,-2.5,+1
sigma-,pi,51,103,130915.669320,1.239660e-03,3,3,3.5,e,+3.5,-1,5,5,4.5,e,+2.5,-1
sigma-,pi,50,102,130915.669321,2.437156e-03,3,3,3.5,e,+2.5,-1,5,5,4.5,e,+1.5,-1
sigma-,pi,49,101,130915.669322,2.850378e-03,3,3,3.5,e,+1.5,-1,5,5,4.5,e,+0.5,-1
sigma-,pi,48,100,130915.669323,2.276930e-03,3,3,3.5,e,+0.5,-1,5,5,4.5,e,-0.5,-1
sigma-,pi,47,99,130915.669324,1.054135e-03,3,3,3.5,e,-0.5,-1,5,5,4.5,e,-1.5,-1
sigma-,pi,46,98,130915.669325,5.903118e-05,3,3,3.5,e,-1.5,-1,5,5,4.5,e,-2.5,-1
sigma-,pi,45,97,130915.669326,7.083827e-04,3,3,3.5,e,-2.5,-1,5,5,4.5,e,-3.5,-1
sigma-,pi,44,96,130915.669327,4.958675e-03,3,3,3.5,e,-3.5,-1,5,5,4.5,e,-4.5,-1
sigma-,pi,43,112,130957.483130,6.122669e-03,3,3,2.5,f,+2.5,+1,5,5,4.5,f,+1.5,+1
sigma-,pi,42,111,130957.483134,2.040890e-02,3,3,2.5,f,+1.5,+1,5,5,4.5,f,+0.5,+1
sigma-,pi,41,110,130957.483138,4.081781e-02,3,3,2.5,f,+0.5,+1,5,5,4.5,f,-0.5,+1
sigma-,pi,40,109,130957.483142,6.122673e-02,3,3,2.5,f,-0.5,+1,5,5,4.5,f,-1.5,+1
sigma-,pi,39,108,130957.483146,7.143120e-02,3,3,2.5,f,-1.5,+1,5,5,4.5,f,-2.5,+1
sigma-,pi,38,107,130957.483150,5.714497e-02,3,3,2.5,f,-2.5,+1,5,5,4.5,f,-3.5,+1
sigma-,pi,59,136,130959.701859,3.305694e-03,3,3,3.5,f,+3.5,+1,5,5,5.5,f,+2.5,+1
sigma-,pi,58,135,130959.701862,1.156993e-02,3,3,3.5,f,+2.5,+1,5,5,5.5,f,+1.5,+1
sigma-,pi,57,134,130959.701864,2.479269e-02,3,3,3.5,f,+1.5,+1,5,5,5.5,f,+0.5,+1
sigma-,pi,56,133,130959.701866,4.132114e-02,3,3,3.5,f,+0.5,+1,5,5,5.5,f,-0.5,+1
sigma-,pi,55,132,130959.701869,5.784959e-02,3,3,3.5,f,-0.5,+1,5,5,5.5,f,-1.5,+1
sigma-,pi,54,131,130959.701871,6.941949e-02,3,3,3.5,f,-1.5,+1,5,5,5.5,f,-2.5,+1
sigma-,pi,53,130,130959.701873,6.941948e-02,3,3,3.5,f,-2.5,+1,5,5,5.5,f,-3.5,+1
sigma-,pi,52,129,130959.701876,4.958533e-02,3,3,3.5,f,-3.5,+1,5,5,5.5,f,-4.5,+1
sigma-,pi,59,113,130963.279320,1.239663e-03,3,3,3.5,f,+3.5,+1,5,5,4.5,f,+2.5,+1
sigma-,pi,58,112,130963.279321,2.437161e-03,3,3,3.5,f,+2.5,+1,5,5,4.5,f,+1.5,+1
sigma-,pi,57,111,130963.279322,2.850384e-03,3,3,3.5,f,+1.5,+1,5,5,4.5,f,+0.5,+1
sigma-,pi,56,110,130963.279323,2.276936e-03,3,3,3.5,f,+0.5,+1,5,5,4.5,f,-0.5,+1
sigma-,pi,55,109,130963.279324,1.054137e-03,3,3,3.5,f,-0.5,+1,5,5,4.5,f,-1.5,+1
sigma-,pi,54,108,130963.279325,5.903141e-05,3,3,3.5,f,-1.5,+1,5,5,4.5,f,-2.5,+1
sigma-,pi,53,107,130963.279327,7.083837e-04,3,3,3.5,f,-2.5,+1,5,5,4.5,f,-3.5,+1
sigma-,pi,52,106,130963.279328,4.958683e-03,3,3,3.5,f,-3.5,+1,5,5,4.5,f,-4.5,+1
sigma-,pi,7,72,130973.018486,2.736047e-10,1,1,1.5,e,+1.5,-1,4,4,3.5,f,+0.5,-1
sigma-,pi,6,71,130973.018502,8.208163e-10,1,1,1.5,e,+0.5,-1,4,4,3.5,f,-0.5,-1
sigma-,pi,5,70,130973.018518,1.368031e-09,1,1,1.5,e,-0.5,-1,4,4,3.5,f,-1.5,-1
sigma-,pi,4,69,130973.018534,1.368035e-09,1,1,1.5,e,-1.5,-1,4,4,3.5,f,-2.5,-1
sigma-,pi,31,102,174538.286369,4.614229e-11,2,2,2.5,f,+2.5,-1,5,5,4.5,e,+1.5,-1
sigma-,pi,30,101,174538.286373,1.538078e-10,2,2,2.5,f,+1.5,-1,5,5,4.5,e,+0.5,-1
sigma-,pi,29,100,174538.286377,3.076161e-10,2,2,2.5,f,+0.5,-1,5,5,4.5,e,-0.5,-1
sigma-,pi,28,99,174538.286381,4.614248e-10,2,2,2.5,f,-0.5,-1,5,5,4.5,e,-1.5,-1
sigma-,pi,27,98,174538.286385,5.383296e-10,2,2,2.5,f,-1.5,-1,5,5,4.5,e,-2.5,-1
sigma-,pi,26,97,174538.286390,4.306643e-10,2,2,2.5,f,-2.5,-1,5,5,4.5,e,-3.5,-1
sigma-,pi,25,112,174633.506363,4.614233e-11,2,2,2.5,e,+2.5,+1,5,5,4.5,f,+1.5,+1
sigma-,pi,24,111,174633.506368,1.538080e-10,2,2,2.5,e,+1.5,+1,5,5,4.5,f,+0.5,+1
sigma-,pi,23,110,174633.506373,3.076164e-10,2,2,2.5,e,+0.5,+1,5,5,4.5,f,-0.5,+1
sigma-,pi,22,109,174633.506378,4.614252e-10,2,2,2.5,e,-0.5,+1,5,5,4.5,f,-1.5,+1
sigma-,pi,21,108,174633.506383,5.383302e-10,2,2,2.5,e,-1.5,+1,5,5,4.5,f,-2.5,+1
sigma-,pi,20,107,174633.506388,4.306647e-10,2,2,2.5,e,-2.5,+1,5,5,4.5,f,-3.5,+1
pi,pi,108,20,-174633.506392,2.153326e-10,5,5,4.5,f,-2.5,+1,2,2,2.5,e,-2.5,+1
pi,pi,109,21,-174633.506387,4.614264e-10,5,5,4.5,f,-1.5,+1,2,2,2.5,e,-1.5,+1
pi,pi,110,22,-174633.506382,6.152344e-10,5,5,4.5,f,-0.5,+1,2,2,2.5,e,-0.5,+1
pi,pi,111,23,-174633.506377,6.152335e-10,5,5,4.5,f,+0.5,+1,2,2,2.5,e,+0.5,+1
pi,pi,112,24,-174633.506372,4.614245e-10,5,5,4.5,f,+1.5,+1,2,2,2.5,e,+1.5,+1
pi,pi,113,25,-174633.506366,2.153311e-10,5,5,4.5,f,+2.5,+1,2,2,2.5,e,+2.5,+1
pi,pi,98,26,-174538.286394,2.153324e-10,5,5,4.5,e,-2.5,-1,2,2,2.5,f,-2.5,-1
pi,pi,99,27,-174538.286390,4.614259e-10,5,5,4.5,e,-1.5,-1,2,2,2.5,f,-1.5,-1
pi,pi,100,28,-174538.286386,6.152337e-10,5,5,4.5,e,-0.5,-1,2,2,2.5,f,-0.5,-1
pi,pi,101,29,-174538.286382,6.152329e-10,5,5,4.5,e,+0.5,-1,2,2,2.5,f,+0.5,-1
pi,pi,102,30,-174538.286378,4.614240e-10,5,5,4.5,e,+1.5,-1,2,2,2.5,f,+1.5,-1
pi,pi,103,31,-174538.286374,2.153309e-10,5,5,4.5,e,+2.5,-1,2,2,2.5,f,+2.5,-1
pi,pi,70,4,-130973.018539,9.120245e-10,4,4,3.5,f,-1.5,-1,1,1,1.5,e,-1.5,-1
pi,pi,71,5,-130973.018523,1.641639e-09,4,4,3.5,f,-0.5,-1,1,1,1.5,e,-0.5,-1
pi,pi,72,6,-130973.018508,1.641635e-09,4,4,3.5,f,+0.5,-1,1,1,1.5,e,+0.5,-1
pi,pi,73,7,-130973.018492,9.120168e-10,4,4,3.5,f,+1.5,-1,1,1,1.5,e,+1.5,-1
pi,pi,107,52,-130963.279331,4.407717e-03,5,5,4.5,f,-3.5,+1,3,3,3.5,f,-3.5,+1
pi,pi,108,53,-130963.279330,3.935459e-03,5,5,4.5,f,-2.5,+1,3,3,3.5,f,-2.5,+1
pi,pi,109,54,-130963.279329,1.821555e-03,5,5,4.5,f,-1.5,+1,3,3,3.5,f,-1.5,+1
pi,pi,110,55,-130963.279328,2.248838e-04,5,5,4.5,f,-0.5,+1,3,3,3.5,f,-0.5,+1
pi,pi,111,56,-130963.279327,2.248817e-04,5,5,4.5,f,+0.5,+1,3,3,3.5,f,+0.5,+1
pi,pi,112,57,-130963.279326,1.821546e-03,5,5,4.5,f,+1.5,+1,3,3,3.5,f,+1.5,+1
pi,pi,113,58,-130963.279325,3.935437e-03,5,5,4.5,f,+2.5,+1,3,3,3.5,f,+2.5,+1
pi,pi,114,59,-130963.279324,4.407687e-03,5,5,4.5,f,+3.5,+1,3,3,3.5,f,+3.5,+1
pi,pi,130,52,-130959.701878,1.983412e-02,5,5,5.5,f,-3.5,+1,3,3,3.5,f,-3.5,+1
pi,pi,131,53,-130959.701876,4.627963e-02,5,5,5.5,f,-2.5,+1,3,3,3.5,f,-2.5,+1
pi,pi,132,54,-130959.701874,6.941947e-02,5,5,5.5,f,-1.5,+1,3,3,3.5,f,-1.5,+1
pi,pi,133,55,-130959.701871,8.264224e-02,5,5,5.5,f,-0.5,+1,3,3,3.5,f,-0.5,+1
pi,pi,134,56,-130959.701869,8.264226e-02,5,5,5.5,f,+0.5,+1,3,3,3.5,f,+0.5,+1
pi,pi,135,57,-130959.701867,6.941951e-02,5,5,5.5,f,+1.5,+1,3,3,3.5,f,+1.5,+1
pi,pi,136,58,-130959.701864,4.627968e-02,5,5,5.5,f,+2.5,+1,3,3,3.5,f,+2.5,+1
pi,pi,137,59,-130959.701862,1.983415e-02,5,5,5.5,f,+3.5,+1,3,3,3.5,f,+3.5,+1
pi,pi,108,38,-130957.483154,2.857249e-02,5,5,4.5,f,-2.5,+1,3,3,2.5,f,-2.5,+1
pi,pi,109,39,-130957.483150,6.122676e-02,5,5,4.5,f,-1.5,+1,3,3,2.5,f,-1.5,+1
pi,pi,110,40,-130957.483146,8.163566e-02,5,5,4.5,f,-0.5,+1,3,3,2.5,f,-0.5,+1
pi,pi,111,41,-130957.483142,8.163565e-02,5,5,4.5,f,+0.5,+1,3,3,2.5,f,+0.5,+1
pi,pi,112,42,-130957.483138,6.122673e-02,5,5,4.5,f,+1.5,+1,3,3,2.5,f,+1.5,+1
pi,pi,113,43,-130957.483134,2.857247e-02,5,5,4.5,f,+2.5,+1,3,3,2.5,f,+2.5,+1
pi,pi,97,44,-130915.669331,4.407709e-03,5,5,4.5,e,-3.5,-1,3,3,3.5,e,-3.5,-1
pi,pi,98,45,-130915.669330,3.935453e-03,5,5,4.5,e,-2.5,-1,3,3,3.5,e,-2.5,-1
pi,pi,99,46,-130915.669329,1.821552e-03,5,5,4.5,e,-1.5,-1,3,3,3.5,e,-1.5,-1
pi,pi,100,47,-130915.669328,2.248837e-04,5,5,4.5,e,-0.5,-1,3,3,3.5,e,-0.5,-1
pi,pi,101,48,-130915.669327,2.248810e-04,5,5,4.5,e,+0.5,-1,3,3,3.5,e,+0.5,-1
pi,pi,102,49,-130915.669327,1.821541e-03,5,5,4.5,e,+1.5,-1,3,3,3.5,e,+1.5,-1
pi,pi,103,50,-130915.669326,3.935428e-03,5,5,4.5,e,+2.5,-1,3,3,3.5,e,+2.5,-1
pi,pi,104,51,-130915.669325,4.407678e-03,5,5,4.5,e,+3.5,-1,3,3,3.5,e,+3.5,-1
pi,pi,62,8,-130914.828542,9.120234e-10,4,4,3.5,e,-1.5,+1,1,1,1.5,f,-1.5,+1
pi,pi,63,9,-130914.828527,1.641637e-09,4,4,3.5,e,-0.5,+1,1,1,1.5,f,-0.5,+1
pi,pi,64,10,-130914.828512,1.641633e-09,4,4,3.5,e,+0.5,+1,1,1,1.5,f,+0.5,+1
pi,pi,65,11,-130914.828498,9.120157e-10,4,4,3.5,e,+1.5,+1,1,1,1.5,f,+1.5,+1
pi,pi,118,44,-130912.091878,1.983412e-02,5,5,5.5,e,-3.5,-1,3,3,3.5,e,-3.5,-1
pi,pi,119,45,-130912.091876,4.627963e-02,5,5,5.5,e,-2.5,-1,3,3,3.5,e,-2.5,-1
pi,pi,120,46,-130912.091874,6.941947e-02,5,5,5.5,e,-1.5,-1,3,3,3.5,e,-1.5,-1
pi,pi,121,47,-130912.091871,8.264224e-02,5,5,5.5,e,-0.5,-1,3,3,3.5,e,-0.5,-1
pi,pi,122,48,-130912.091869,8.264226e-02,5,5,5.5,e,+0.5,-1,3,3,3.5,e,+0.5,-1
pi,pi,123,49,-130912.091867,6.941951e-02,5,5,5.5,e,+1.5,-1,3,3,3.5,e,+1.5,-1
pi,pi,124,50,-130912.091864,4.627969e-02,5,5,5.5,e,+2.5,-1,3,3,3.5,e,+2.5,-1
pi,pi,125,51,-130912.091862,1.983416e-02,5,5,5.5,e,+3.5,-1,3,3,3.5,e,+3.5,-1
pi,pi,98,32,-130909.873154,2.857250e-02,5,5,4.5,e,-2.5,-1,3,3,2.5,e,-2.5,-1
pi,pi,99,33,-130909.873150,6.122677e-02,5,5,4.5,e,-1.5,-1,3,3,2.5,e,-1.5,-1
pi,pi,100,34,-130909.873146,8.163567e-02,5,5,4.5,e,-0.5,-1,3,3,2.5,e,-0.5,-1
pi,pi,101,35,-130909.873142,8.163565e-02,5,5,4.5,e,+0.5,-1,3,3,2.5,e,+0.5,-1
pi,pi,102,36,-130909.873138,6.122673e-02,5,5,4.5,e,+1.5,-1,3,3,2.5,e,+1.5,-1
pi,pi,103,37,-130909.873134,2.857247e-02,5,5,4.5,e,+2.5,-1,3,3,2.5,e,+2.5,-1
pi,pi,69,26,-101863.547684,7.558535e-03,4,4,3.5,f,-2.5,-1,2,2,2.5,f,-2.5,-1
pi,pi,70,27,-101863.547681,4.535115e-03,4,4,3.5,f,-1.5,-1,2,2,2.5,f,-1.5,-1
pi,pi,71,28,-101863.547677,6.046813e-04,4,4,3.5,f,-0.5,-1,2,2,2.5,f,-0.5,-1
pi,pi,72,29,-101863.547674,6.046807e-04,4,4,3.5,f,+0.5,-1,2,2,2.5,f,+0.5,-1
pi,pi,73,30,-101863.547671,4.535100e-03,4,4,3.5,f,+1.5,-1,2,2,2.5,f,+1.5,-1
pi,pi,74,31,-101863.547667,7.558490e-03,4,4,3.5,f,+2.5,-1,2,2,2.5,f,+2.5,-1
pi,pi,88,26,-101859.112229,2.645338e-02,4,4,4.5,f,-2.5,-1,2,2,2.5,f,-2.5,-1
pi,pi,89,27,-101859.112224,5.668583e-02,4,4,4.5,f,-1.5,-1,2,2,2.5,f,-1.5,-1
pi,pi,90,28,-101859.112218,7.558113e-02,4,4,4.5,f,-0.5,-1,2,2,2.5,f,-0.5,-1
pi,pi,91,29,-101859.112213,7.558116e-02,4,4,4.5,f,+0.5,-1,2,2,2.5,f,+0.5,-1
pi,pi,92,30,-101859.112208,5.668589e-02,4,4,4.5,f,+1.5,-1,2,2,2.5,f,+1.5,-1
pi,pi,93,31,-101859.112203,2.645342e-02,4,4,4.5,f,+2.5,-1,2,2,2.5,f,+2.5,-1
pi,pi,70,16,-101855.218031,4.081987e-02,4,4,3.5,f,-1.5,-1,2,2,1.5,f,-1.5,-1
pi,pi,71,17,-101855.218021,7.347574e-02,4,4,3.5,f,-0.5,-1,2,2,1.5,f,-0.5,-1
pi,pi,72,18,-101855.218011,7.347571e-02,4,4,3.5,f,+0.5,-1,2,2,1.5,f,+0.5,-1
pi,pi,73,19,-101855.218002,4.081983e-02,4,4,3.5,f,+1.5,-1,2,2,1.5,f,+1.5,-1
pi,pi,61,20,-101826.517684,7.558521e-03,4,4,3.5,e,-2.5,+1,2,2,2.5,e,-2.5,+1
pi,pi,62,21,-101826.517681,4.535108e-03,4,4,3.5,e,-1.5,+1,2,2,2.5,e,-1.5,+1
pi,pi,63,22,-101826.517677,6.046805e-04,4,4,3.5,e,-0.5,+1,2,2,2.5,e,-0.5,+1
pi,pi,64,23,-101826.517674,6.046791e-04,4,4,3.5,e,+0.5,+1,2,2,2.5,e,+0.5,+1
pi,pi,65,24,-101826.517671,4.535090e-03,4,4,3.5,e,+1.5,+1,2,2,2.5,e,+1.5,+1
pi,pi,66,25,-101826.517668,7.558474e-03,4,4,3.5,e,+2.5,+1,2,2,2.5,e,+2.5,+1
pi,pi,78,20,-101822.082229,2.645338e-02,4,4,4.5,e,-2.5,+1,2,2,2.5,e,-2.5,+1
pi,pi,79,21,-101822.082224,5.668583e-02,4,4,4.5,e,-1.5,+1,2,2,2.5,e,-1.5,+1
pi,pi,80,22,-101822.082218,7.558114e-02,4,4,4.5,e,-0.5,+1,2,2,2.5,e,-0.5,+1
pi,pi,81,23,-101822.082213,7.558117e-02,4,4,4.5,e,+0.5,+1,2,2,2.5,e,+0.5,+1
pi,pi,82,24,-101822.082208,5.668589e-02,4,4,4.5,e,+1.5,+1,2,2,2.5,e,+1.5,+1
pi,pi,83,25,-101822.082203,2.645343e-02,4,4,4.5,e,+2.5,+1,2,2,2.5,e,+2.5,+1
pi,pi,62,12,-101818.188031,4.081987e-02,4,4,3.5,e,-1.5,+1,2,2,1.5,e,-1.5,+1
pi,pi,63,13,-101818.188022,7.347575e-02,4,4,3.5,e,-0.5,+1,2,2,1.5,e,-0.5,+1
pi,pi,64,14,-101818.188012,7.347572e-02,4,4,3.5,e,+0.5,+1,2,2,1.5,e,+0.5,+1
pi,pi,65,15,-101818.188002,4.081983e-02,4,4,3.5,e,+1.5,+1,2,2,1.5,e,+1.5,+1
pi,pi,115,85,-72811.424163,1.322163e-03,5,5,4.5,f,+4.5,+1,4,4,4.5,e,+4.5,+1
pi,pi,114,84,-72811.424163,1.469071e-04,5,5,4.5,f,+3.5,+1,4,4,4.5,e,+3.5,+1
pi,pi,113,83,-72811.424163,3.672683e-05,5,5,4.5,f,+2.5,+1,4,4,4.5,e,+2.5,+1
pi,pi,112,82,-72811.424163,3.305416e-04,5,5,4.5,f,+1.5,+1,4,4,4.5,e,+1.5,+1
pi,pi,111,81,-72811.424163,5.876300e-04,5,5,4.5,f,+0.5,+1,4,4,4.5,e,+0.5,+1
pi,pi,110,80,-72811.424163,5.876304e-04,5,5,4.5,f,-0.5,+1,4,4,4.5,e,-0.5,+1
pi,pi,109,79,-72811.424163,3.305424e-04,5,5,4.5,f,-1.5,+1,4,4,4.5,e,-1.5,+1
pi,pi,108,78,-72811.424163,3.672695e-05,5,5,4.5,f,-2.5,+1,4,4,4.5,e,-2.5,+1
pi,pi,107,77,-72811.424163,1.469080e-04,5,5,4.5,f,-3.5,+1,4,4,4.5,e,-3.5,+1
pi,pi,106,76,-72811.424163,1.322173e-03,5,5,4.5,f,-4.5,+1,4,4,4.5,e,-4.5,+1
pi,pi,129,76,-72807.846711,1.322602e-02,5,5,5.5,f,-4.5,+1,4,4,4.5,e,-4.5,+1
pi,pi,130,77,-72807.846710,1.440167e-02,5,5,5.5,f,-3.5,+1,4,4,4.5,e,-3.5,+1
pi,pi,131,78,-72807.846709,9.797059e-03,5,5,5.5,f,-2.5,+1,4,4,4.5,e,-2.5,+1
pi,pi,132,79,-72807.846708,4.114768e-03,5,5,5.5,f,-1.5,+1,4,4,4.5,e,-1.5,+1
pi,pi,133,80,-72807.846706,4.898549e-04,5,5,5.5,f,-0.5,+1,4,4,4.5,e,-0.5,+1
pi,pi,134,81,-72807.846705,4.898506e-04,5,5,5.5,f,+0.5,+1,4,4,4.5,e,+0.5,+1
pi,pi,135,82,-72807.846704,4.114758e-03,5,5,5.5,f,+1.5,+1,4,4,4.5,e,+1.5,+1
pi,pi,136,83,-72807.846702,9.797051e-03,5,5,5.5,f,+2.5,+1,4,4,4.5,e,+2.5,+1
pi,pi,137,84,-72807.846701,1.440167e-02,5,5,5.5,f,+3.5,+1,4,4,4.5,e,+3.5,+1
pi,pi,138,85,-72807.846700,1.322603e-02,5,5,5.5,f,+4.5,+1,4,4,4.5,e,+4.5,+1
pi,pi,107,60,-72806.988710,1.439393e-02,5,5,4.5,f,-3.5,+1,4,4,3.5,e,-3.5,+1
pi,pi,108,61,-72806.988708,1.285172e-02,5,5,4.5,f,-2.5,+1,4,4,3.5,e,-2.5,+1
pi,pi,109,62,-72806.988706,5.948508e-03,5,5,4.5,f,-1.5,+1,4,4,3.5,e,-1.5,+1
pi,pi,110,63,-72806.988704,7.343817e-04,5,5,4.5,f,-0.5,+1,4,4,3.5,e,-0.5,+1
pi,pi,111,64,-72806.988703,7.343871e-04,5,5,4.5,f,+0.5,+1,4,4,3.5,e,+0.5,+1
pi,pi,112,65,-72806.988701,5.948520e-03,5,5,4.5,f,+1.5,+1,4,4,3.5,e,+1.5,+1
pi,pi,113,66,-72806.988699,1.285173e-02,5,5,4.5,f,+2.5,+1,4,4,3.5,e,+2.5,+1
pi,pi,114,67,-72806.988697,1.439394e-02,5,5,4.5,f,+3.5,+1,4,4,3.5,e,+3.5,+1
pi,pi,130,60,-72803.411257,1.471004e-04,5,5,5.5,f,-3.5,+1,4,4,3.5,e,-3.5,+1
pi,pi,131,61,-72803.411254,3.432340e-04,5,5,5.5,f,-2.5,+1,4,4,3.5,e,-2.5,+1
pi,pi,132,62,-72803.411251,5.148506e-04,5,5,5.5,f,-1.5,+1,4,4,3.5,e,-1.5,+1
pi,pi,133,63,-72803.411247,6.129168e-04,5,5,5.5,f,-0.5,+1,4,4,3.5,e,-0.5,+1
pi,pi,134,64,-72803.411244,6.129163e-04,5,5,5.5,f,+0.5,+1,4,4,3.5,e,+0.5,+1
pi,pi,135,65,-72803.411241,5.148493e-04,5,5,5.5,f,+1.5,+1,4,4,3.5,e,+1.5,+1
pi,pi,136,66,-72803.411237,3.432325e-04,5,5,5.5,f,+2.5,+1,4,4,3.5,e,+2.5,+1
pi,pi,137,67,-72803.411234,1.470995e-04,5,5,5.5,f,+3.5,+1,4,4,3.5,e,+3.5,+1
pi,pi,39,8,-72764.334098,1.306076e-02,3,3,2.5,f,-1.5,+1,1,1,1.5,f,-1.5,+1
pi,pi,40,9,-72764.334085,2.176784e-03,3,3,2.5,f,-0.5,+1,1,1,1.5,f,-0.5,+1
pi,pi,41,10,-72764.334073,2.176793e-03,3,3,2.5,f,+0.5,+1,1,1,1.5,f,+0.5,+1
pi,pi,42,11,-72764.334060,1.306070e-02,3,3,2.5,f,+1.5,+1,1,1,1.5,f,+1.5,+1
pi,pi,54,8,-72758.537919,3.264739e-02,3,3,3.5,f,-1.5,+1,1,1,1.5,f,-1.5,+1
pi,pi,55,9,-72758.537903,5.876534e-02,3,3,3.5,f,-0.5,+1,1,1,1.5,f,-0.5,+1
pi,pi,56,10,-72758.537887,5.876538e-02,3,3,3.5,f,+0.5,+1,1,1,1.5,f,+0.5,+1
pi,pi,57,11,-72758.537872,3.264746e-02,3,3,3.5,f,+1.5,+1,1,1,1.5,f,+1.5,+1
pi,pi,40,2,-72749.286494,5.334972e-02,3,3,2.5,f,-0.5,+1,1,1,0.5,f,-0.5,+1
pi,pi,41,3,-72749.286457,5.334967e-02,3,3,2.5,f,+0.5,+1,1,1,0.5,f,+0.5,+1
pi,pi,33,4,-72737.884098,1.306074e-02,3,3,2.5,e,-1.5,-1,1,1,1.5,e,-1.5,-1
pi,pi,34,5,-72737.884086,2.176780e-03,3,3,2.5,e,-0.5,-1,1,1,1.5,e,-0.5,-1
pi,pi,35,6,-72737.884073,2.176788e-03,3,3,2.5,e,+0.5,-1,1,1,1.5,e,+0.5,-1
pi,pi,36,7,-72737.884061,1.306067e-02,3,3,2.5,e,+1.5,-1,1,1,1.5,e,+1.5,-1
pi,pi,46,4,-72732.087919,3.264739e-02,3,3,3.5,e,-1.5,-1,1,1,1.5,e,-1.5,-1
pi,pi,47,5,-72732.087904,5.876535e-02,3,3,3.5,e,-0.5,-1,1,1,1.5,e,-0.5,-1
pi,pi,48,6,-72732.087888,5.876539e-02,3,3,3.5,e,+0.5,-1,1,1,1.5,e,+0.5,-1
pi,pi,49,7,-72732.087872,3.264746e-02,3,3,3.5,e,+1.5,-1,1,1,1.5,e,+1.5,-1
pi,pi,34,0,-72722.836497,5.334974e-02,3,3,2.5,e,-0.5,-1,1,1,0.5,e,-0.5,-1
pi,pi,35,1,-72722.836459,5.334969e-02,3,3,2.5,e,+0.5,-1,1,1,0.5,e,+0.5,-1
pi,pi,105,95,-72679.174173,1.322162e-03,5,5,4.5,e,+4.5,-1,4,4,4.5,f,+4.5,-1
pi,pi,104,94,-72679.174172,1.469068e-04,5,5,4.5,e,+3.5,-1,4,4,4.5,f,+3.5,-1
pi,pi,103,93,-72679.174171,3.672698e-05,5,5,4.5,e,+2.5,-1,4,4,4.5,f,+2.5,-1
pi,pi,102,92,-72679.174170,3.305419e-04,5,5,4.5,e,+1.5,-1,4,4,4.5,f,+1.5,-1
pi,pi,101,91,-72679.174169,5.876300e-04,5,5,4.5,e,+0.5,-1,4,4,4.5,f,+0.5,-1
pi,pi,100,90,-72679.174168,5.876301e-04,5,5,4.5,e,-0.5,-1,4,4,4.5,f,-0.5,-1
pi,pi,99,89,-72679.174166,3.305419e-04,5,5,4.5,e,-1.5,-1,4,4,4.5,f,-1.5,-1
pi,pi,98,88,-72679.174165,3.672678e-05,5,5,4.5,e,-2.5,-1,4,4,4.5,f,-2.5,-1
pi,pi,97,87,-72679.174164,1.469083e-04,5,5,4.5,e,-3.5,-1,4,4,4.5,f,-3.5,-1
pi,pi,96,86,-72679.174163,1.322173e-03,5,5,4.5,e,-4.5,-1,4,4,4.5,f,-4.5,-1
pi,pi,117,86,-72675.596712,1.322602e-02,5,5,5.5,e,-4.5,-1,4,4,4.5,f,-4.5,-1
pi,pi,118,87,-72675.596711,1.440167e-02,5,5,5.5,e,-3.5,-1,4,4,4.5,f,-3.5,-1
pi,pi,119,88,-72675.596711,9.797059e-03,5,5,5.5,e,-2.5,-1,4,4,4.5,f,-2.5,-1
pi,pi,120,89,-72675.596711,4.114768e-03,5,5,5.5,e,-1.5,-1,4,4,4.5,f,-1.5,-1
pi,pi,121,90,-72675.596711,4.898550e-04,5,5,5.5,e,-0.5,-1,4,4,4.5,f,-0.5,-1
pi,pi,122,91,-72675.596710,4.898506e-04,5,5,5.5,e,+0.5,-1,4,4,4.5,f,+0.5,-1
pi,pi,123,92,-72675.596710,4.114758e-03,5,5,5.5,e,+1.5,-1,4,4,4.5,f,+1.5,-1
pi,pi,124,93,-72675.596710,9.797051e-03,5,5,5.5,e,+2.5,-1,4,4,4.5,f,+2.5,-1
pi,pi,125,94,-72675.596709,1.440167e-02,5,5,5.5,e,+3.5,-1,4,4,4.5,f,+3.5,-1
pi,pi,126,95,-72675.596709,1.322603e-02,5,5,5.5,e,+4.5,-1,4,4,4.5,f,+4.5,-1
pi,pi,97,68,-72674.738711,1.439393e-02,5,5,4.5,e,-3.5,-1,4,4,3.5,f,-3.5,-1
pi,pi,98,69,-72674.738710,1.285172e-02,5,5,4.5,e,-2.5,-1,4,4,3.5,f,-2.5,-1
pi,pi,99,70,-72674.738709,5.948508e-03,5,5,4.5,e,-1.5,-1,4,4,3.5,f,-1.5,-1
pi,pi,100,71,-72674.738709,7.343817e-04,5,5,4.5,e,-0.5,-1,4,4,3.5,f,-0.5,-1
pi,pi,101,72,-72674.738708,7.343871e-04,5,5,4.5,e,+0.5,-1,4,4,3.5,f,+0.5,-1
pi,pi,102,73,-72674.738707,5.948520e-03,5,5,4.5,e,+1.5,-1,4,4,3.5,f,+1.5,-1
pi,pi,103,74,-72674.738707,1.285173e-02,5,5,4.5,e,+2.5,-1,4,4,3.5,f,+2.5,-1
pi,pi,104,75,-72674.738706,1.439394e-02,5,5,4.5,e,+3.5,-1,4,4,3.5,f,+3.5,-1
pi,pi,118,68,-72671.161258,1.471008e-04,5,5,5.5,e,-3.5,-1,4,4,3.5,f,-3.5,-1
pi,pi,119,69,-72671.161256,3.432346e-04,5,5,5.5,e,-2.5,-1,4,4,3.5,f,-2.5,-1
pi,pi,120,70,-72671.161254,5.148511e-04,5,5,5.5,e,-1.5,-1,4,4,3.5,f,-1.5,-1
pi,pi,121,71,-72671.161252,6.129171e-04,5,5,5.5,e,-0.5,-1,4,4,3.5,f,-0.5,-1
pi,pi,122,72,-72671.161249,6.129163e-04,5,5,5.5,e,+0.5,-1,4,4,3.5,f,+0.5,-1
pi,pi,123,73,-72671.161247,5.148489e-04,5,5,5.5,e,+1.5,-1,4,4,3.5,f,+1.5,-1
pi,pi,124,74,-72671.161245,3.432321e-04,5,5,5.5,e,+2.5,-1,4,4,3.5,f,+2.5,-1
pi,pi,125,75,-72671.161243,1.470993e-04,5,5,5.5,e,+3.5,-1,4,4,3.5,f,+3.5,-1
pi,pi,68,44,-58240.930620,2.777307e-03,4,4,3.5,f,-3.5,-1,3,3,3.5,e,-3.5,-1
pi,pi,69,45,-58240.930620,5.667967e-05,4,4,3.5,f,-2.5,-1,3,3,3.5,e,-2.5,-1
pi,pi,70,46,-58240.930620,5.101168e-04,4,4,3.5,f,-1.5,-1,3,3,3.5,e,-1.5,-1
pi,pi,71,47,-58240.930620,1.416990e-03,4,4,3.5,f,-0.5,-1,3,3,3.5,e,-0.5,-1
pi,pi,72,48,-58240.930620,1.416988e-03,4,4,3.5,f,+0.5,-1,3,3,3.5,e,+0.5,-1
pi,pi,73,49,-58240.930619,5.101152e-04,4,4,3.5,f,+1.5,-1,3,3,3.5,e,+1.5,-1
pi,pi,74,50,-58240.930619,5.667944e-05,4,4,3.5,f,+2.5,-1,3,3,3.5,e,+2.5,-1
pi,pi,75,51,-58240.930619,2.777289e-03,4,4,3.5,f,+3.5,-1,3,3,3.5,e,+3.5,-1
pi,pi,87,44,-58236.495167,2.222786e-02,4,4,4.5,f,-3.5,-1,3,3,3.5,e,-3.5,-1
pi,pi,88,45,-58236.495165,1.984631e-02,4,4,4.5,f,-2.5,-1,3,3,3.5,e,-2.5,-1
pi,pi,89,46,-58236.495163,9.186016e-03,4,4,4.5,f,-1.5,-1,3,3,3.5,e,-1.5,-1
pi,pi,90,47,-58236.495161,1.134080e-03,4,4,4.5,f,-0.5,-1,3,3,3.5,e,-0.5,-1
pi,pi,91,48,-58236.495159,1.134070e-03,4,4,4.5,f,+0.5,-1,3,3,3.5,e,+0.5,-1
pi,pi,92,49,-58236.495157,9.185997e-03,4,4,4.5,f,+1.5,-1,3,3,3.5,e,+1.5,-1
pi,pi,93,50,-58236.495155,1.984631e-02,4,4,4.5,f,+2.5,-1,3,3,3.5,e,+2.5,-1
pi,pi,94,51,-58236.495153,2.222788e-02,4,4,4.5,f,+3.5,-1,3,3,3.5,e,+3.5,-1
pi,pi,69,32,-58235.134444,2.361108e-02,4,4,3.5,f,-2.5,-1,3,3,2.5,e,-2.5,-1
pi,pi,70,33,-58235.134441,1.416664e-02,4,4,3.5,f,-1.5,-1,3,3,2.5,e,-1.5,-1
pi,pi,71,34,-58235.134438,1.888881e-03,4,4,3.5,f,-0.5,-1,3,3,2.5,e,-0.5,-1
pi,pi,72,35,-58235.134434,1.888893e-03,4,4,3.5,f,+0.5,-1,3,3,2.5,e,+0.5,-1
pi,pi,73,36,-58235.134431,1.416666e-02,4,4,3.5,f,+1.5,-1,3,3,2.5,e,+1.5,-1
pi,pi,74,37,-58235.134428,2.361109e-02,4,4,3.5,f,+2.5,-1,3,3,2.5,e,+2.5,-1
pi,pi,88,32,-58230.698989,5.296734e-04,4,4,4.5,f,-2.5,-1,3,3,2.5,e,-2.5,-1
pi,pi,89,33,-58230.698984,1.135013e-03,4,4,4.5,f,-1.5,-1,3,3,2.5,e,-1.5,-1
pi,pi,90,34,-58230.698979,1.513350e-03,4,4,4.5,f,-0.5,-1,3,3,2.5,e,-0.5,-1
pi,pi,91,35,-58230.698973,1.513348e-03,4,4,4.5,f,+0.5,-1,3,3,2.5,e,+0.5,-1
pi,pi,92,36,-58230.698968,1.135010e-03,4,4,4.5,f,+1.5,-1,3,3,2.5,e,+1.5,-1
pi,pi,93,37,-58230.698963,5.296710e-04,4,4,4.5,f,+2.5,-1,3,3,2.5,e,+2.5,-1
pi,pi,67,59,-58156.290628,2.777288e-03,4,4,3.5,e,+3.5,+1,3,3,3.5,f,+3.5,+1
pi,pi,66,58,-58156.290627,5.667923e-05,4,4,3.5,e,+2.5,+1,3,3,3.5,f,+2.5,+1
pi,pi,65,57,-58156.290626,5.101156e-04,4,4,3.5,e,+1.5,+1,3,3,3.5,f,+1.5,+1
pi,pi,64,56,-58156.290625,1.416988e-03,4,4,3.5,e,+0.5,+1,3,3,3.5,f,+0.5,+1
pi,pi,63,55,-58156.290624,1.416989e-03,4,4,3.5,e,-0.5,+1,3,3,3.5,f,-0.5,+1
pi,pi,62,54,-58156.290623,5.101161e-04,4,4,3.5,e,-1.5,+1,3,3,3.5,f,-1.5,+1
pi,pi,61,53,-58156.290622,5.667985e-05,4,4,3.5,e,-2.5,+1,3,3,3.5,f,-2.5,+1
pi,pi,60,52,-58156.290621,2.777307e-03,4,4,3.5,e,-3.5,+1,3,3,3.5,f,-3.5,+1
pi,pi,77,52,-58151.855168,2.222786e-02,4,4,4.5,e,-3.5,+1,3,3,3.5,f,-3.5,+1
pi,pi,78,53,-58151.855167,1.984631e-02,4,4,4.5,e,-2.5,+1,3,3,3.5,f,-2.5,+1
pi,pi,79,54,-58151.855166,9.186016e-03,4,4,4.5,e,-1.5,+1,3,3,3.5,f,-1.5,+1
pi,pi,80,55,-58151.855165,1.134080e-03,4,4,4.5,e,-0.5,+1,3,3,3.5,f,-0.5,+1
pi,pi,81,56,-58151.855164,1.134070e-03,4,4,4.5,e,+0.5,+1,3,3,3.5,f,+0.5,+1
pi,pi,82,57,-58151.855163,9.185997e-03,4,4,4.5,e,+1.5,+1,3,3,3.5,f,+1.5,+1
pi,pi,83,58,-58151.855162,1.984631e-02,4,4,4.5,e,+2.5,+1,3,3,3.5,f,+2.5,+1
pi,pi,84,59,-58151.855161,2.222788e-02,4,4,4.5,e,+3.5,+1,3,3,3.5,f,+3.5,+1
pi,pi,61,38,-58150.494446,2.361109e-02,4,4,3.5,e,-2.5,+1,3,3,2.5,f,-2.5,+1
pi,pi,62,39,-58150.494444,1.416664e-02,4,4,3.5,e,-1.5,+1,3,3,2.5,f,-1.5,+1
pi,pi,63,40,-58150.494442,1.888881e-03,4,4,3.5,e,-0.5,+1,3,3,2.5,f,-0.5,+1
pi,pi,64,41,-58150.494440,1.888893e-03,4,4,3.5,e,+0.5,+1,3,3,2.5,f,+0.5,+1
pi,pi,65,42,-58150.494438,1.416667e-02,4,4,3.5,e,+1.5,+1,3,3,2.5,f,+1.5,+1
pi,pi,66,43,-58150.494435,2.361109e-02,4,4,3.5,e,+2.5,+1,3,3,2.5,f,+2.5,+1
pi,pi,78,38,-58146.058991,5.296741e-04,4,4,4.5,e,-2.5,+1,3,3,2.5,f,-2.5,+1
pi,pi,79,39,-58146.058987,1.135014e-03,4,4,4.5,e,-1.5,+1,3,3,2.5,f,-1.5,+1
pi,pi,80,40,-58146.058983,1.513351e-03,4,4,4.5,e,-0.5,+1,3,3,2.5,f,-0.5,+1
pi,pi,81,41,-58146.058979,1.513348e-03,4,4,4.5,e,+0.5,+1,3,3,2.5,f,+0.5,+1
pi,pi,82,42,-58146.058975,1.135010e-03,4,4,4.5,e,+1.5,+1,3,3,2.5,f,+1.5,+1
pi,pi,83,43,-58146.058971,5.296705e-04,4,4,4.5,e,+2.5,+1,3,3,2.5,f,+2.5,+1
pi,pi,38,20,-43676.023238,6.800654e-03,3,3,2.5,f,-2.5,+1,2,2,2.5,e,-2.5,+1
pi,pi,39,21,-43676.023237,2.720262e-04,3,3,2.5,f,-1.5,+1,2,2,2.5,e,-1.5,+1
pi,pi,40,22,-43676.023236,4.352409e-03,3,3,2.5,f,-0.5,+1,2,2,2.5,e,-0.5,+1
pi,pi,41,23,-43676.023235,4.352402e-03,3,3,2.5,f,+0.5,+1,2,2,2.5,e,+0.5,+1
pi,pi,42,24,-43676.023233,2.720244e-04,3,3,2.5,f,+1.5,+1,2,2,2.5,e,+1.5,+1
pi,pi,43,25,-43676.023232,6.800612e-03,3,3,2.5,f,+2.5,+1,2,2,2.5,e,+2.5,+1
pi,pi,53,20,-43670.227062,4.082844e-02,3,3,3.5,f,-2.5,+1,2,2,2.5,e,-2.5,+1
pi,pi,54,21,-43670.227058,2.449710e-02,3,3,3.5,f,-1.5,+1,2,2,2.5,e,-1.5,+1
pi,pi,55,22,-43670.227053,3.266292e-03,3,3,3.5,f,-0.5,+1,2,2,2.5,e,-0.5,+1
pi,pi,56,23,-43670.227049,3.266263e-03,3,3,3.5,f,+0.5,+1,2,2,2.5,e,+0.5,+1
pi,pi,57,24,-43670.227045,2.449706e-02,3,3,3.5,f,+1.5,+1,2,2,2.5,e,+1.5,+1
pi,pi,58,25,-43670.227041,4.082849e-02,3,3,3.5,f,+2.5,+1,2,2,2.5,e,+2.5,+1
pi,pi,39,12,-43667.693588,3.916411e-02,3,3,2.5,f,-1.5,+1,2,2,1.5,e,-1.5,+1
pi,pi,40,13,-43667.693580,6.527335e-03,3,3,2.5,f,-0.5,+1,2,2,1.5,e,-0.5,+1
pi,pi,41,14,-43667.693572,6.527376e-03,3,3,2.5,f,+0.5,+1,2,2,1.5,e,+0.5,+1
pi,pi,42,15,-43667.693565,3.916415e-02,3,3,2.5,f,+1.5,+1,2,2,1.5,e,+1.5,+1
pi,pi,54,12,-43661.897408,2.723205e-03,3,3,3.5,f,-1.5,+1,2,2,1.5,e,-1.5,+1
pi,pi,55,13,-43661.897398,4.901764e-03,3,3,3.5,f,-0.5,+1,2,2,1.5,e,-0.5,+1
pi,pi,56,14,-43661.897387,4.901759e-03,3,3,3.5,f,+0.5,+1,2,2,1.5,e,+0.5,+1
pi,pi,57,15,-43661.897376,2.723197e-03,3,3,3.5,f,+1.5,+1,2,2,1.5,e,+1.5,+1
pi,pi,32,26,-43628.413240,6.800653e-03,3,3,2.5,e,-2.5,-1,2,2,2.5,f,-2.5,-1
pi,pi,33,27,-43628.413240,2.720257e-04,3,3,2.5,e,-1.5,-1,2,2,2.5,f,-1.5,-1
pi,pi,34,28,-43628.413240,4.352406e-03,3,3,2.5,e,-0.5,-1,2,2,2.5,f,-0.5,-1
pi,pi,35,29,-43628.413240,4.352401e-03,3,3,2.5,e,+0.5,-1,2,2,2.5,f,+0.5,-1
pi,pi,36,30,-43628.413240,2.720247e-04,3,3,2.5,e,+1.5,-1,2,2,2.5,f,+1.5,-1
pi,pi,37,31,-43628.413240,6.800608e-03,3,3,2.5,e,+2.5,-1,2,2,2.5,f,+2.5,-1
pi,pi,45,26,-43622.617064,4.082844e-02,3,3,3.5,e,-2.5,-1,2,2,2.5,f,-2.5,-1
pi,pi,46,27,-43622.617061,2.449710e-02,3,3,3.5,e,-1.5,-1,2,2,2.5,f,-1.5,-1
pi,pi,47,28,-43622.617058,3.266292e-03,3,3,3.5,e,-0.5,-1,2,2,2.5,f,-0.5,-1
pi,pi,48,29,-43622.617054,3.266263e-03,3,3,3.5,e,+0.5,-1,2,2,2.5,f,+0.5,-1
pi,pi,49,30,-43622.617051,2.449706e-02,3,3,3.5,e,+1.5,-1,2,2,2.5,f,+1.5,-1
pi,pi,50,31,-43622.617048,4.082849e-02,3,3,3.5,e,+2.5,-1,2,2,2.5,f,+2.5,-1
pi,pi,33,16,-43620.083590,3.916411e-02,3,3,2.5,e,-1.5,-1,2,2,1.5,f,-1.5,-1
pi,pi,34,17,-43620.083583,6.527335e-03,3,3,2.5,e,-0.5,-1,2,2,1.5,f,-0.5,-1
pi,pi,35,18,-43620.083577,6.527377e-03,3,3,2.5,e,+0.5,-1,2,2,1.5,f,+0.5,-1
pi,pi,36,19,-43620.083571,3.916416e-02,3,3,2.5,e,+1.5,-1,2,2,1.5,f,+1.5,-1
pi,pi,46,16,-43614.287411,2.723207e-03,3,3,3.5,e,-1.5,-1,2,2,1.5,f,-1.5,-1
pi,pi,47,17,-43614.287401,4.901767e-03,3,3,3.5,e,-0.5,-1,2,2,1.5,f,-0.5,-1
pi,pi,48,18,-43614.287392,4.901760e-03,3,3,3.5,e,+0.5,-1,2,2,1.5,f,+0.5,-1
pi,pi,49,19,-43614.287382,2.723197e-03,3,3,3.5,e,+1.5,-1,2,2,1.5,f,+1.5,-1
pi,pi,16,4,-29117.800508,1.998625e-02,2,2,1.5,f,-1.5,-1,1,1,1.5,e,-1.5,-1
pi,pi,17,5,-29117.800502,1.998623e-02,2,2,1.5,f,-0.5,-1,1,1,1.5,e,-0.5,-1
pi,pi,18,6,-29117.800496,1.998615e-02,2,2,1.5,f,+0.5,-1,1,1,1.5,e,+0.5,-1
pi,pi,19,7,-29117.800490,1.998613e-02,2,2,1.5,f,+1.5,-1,1,1,1.5,e,+1.5,-1
pi,pi,27,4,-29109.470858,8.002581e-02,2,2,2.5,f,-1.5,-1,1,1,1.5,e,-1.5,-1
pi,pi,28,5,-29109.470846,1.333772e-02,2,2,2.5,f,-0.5,-1,1,1,1.5,e,-0.5,-1
pi,pi,29,6,-29109.470834,1.333757e-02,2,2,2.5,f,+0.5,-1,1,1,1.5,e,+0.5,-1
pi,pi,30,7,-29109.470821,8.002593e-02,2,2,2.5,f,+1.5,-1,1,1,1.5,e,+1.5,-1
pi,pi,17,0,-29102.752913,4.001368e-02,2,2,1.5,f,-0.5,-1,1,1,0.5,e,-0.5,-1
pi,pi,18,1,-29102.752882,4.001393e-02,2,2,1.5,f,+0.5,-1,1,1,0.5,e,+0.5,-1
pi,pi,12,8,-29096.640511,1.998624e-02,2,2,1.5,e,-1.5,+1,1,1,1.5,f,-1.5,+1
pi,pi,13,9,-29096.640505,1.998621e-02,2,2,1.5,e,-0.5,+1,1,1,1.5,f,-0.5,+1
pi,pi,14,10,-29096.640500,1.998615e-02,2,2,1.5,e,+0.5,+1,1,1,1.5,f,+0.5,+1
pi,pi,15,11,-29096.640495,1.998612e-02,2,2,1.5,e,+1.5,+1,1,1,1.5,f,+1.5,+1
pi,pi,28,0,-29094.423257,2.665030e-02,2,2,2.5,f,-0.5,-1,1,1,0.5,e,-0.5,-1
pi,pi,29,1,-29094.423219,2.665027e-02,2,2,2.5,f,+0.5,-1,1,1,0.5,e,+0.5,-1
pi,pi,21,8,-29088.310861,8.002580e-02,2,2,2.5,e,-1.5,+1,1,1,1.5,f,-1.5,+1
pi,pi,22,9,-29088.310850,1.333772e-02,2,2,2.5,e,-0.5,+1,1,1,1.5,f,-0.5,+1
pi,pi,23,10,-29088.310838,1.333757e-02,2,2,2.5,e,+0.5,+1,1,1,1.5,f,+0.5,+1
pi,pi,24,11,-29088.310826,8.002593e-02,2,2,2.5,e,+1.5,+1,1,1,1.5,f,+1.5,+1
pi,pi,13,2,-29081.592914,4.001369e-02,2,2,1.5,e,-0.5,+1,1,1,0.5,f,-0.5,+1
pi,pi,14,3,-29081.592885,4.001394e-02,2,2,1.5,e,+0.5,+1,1,1,0.5,f,+0.5,+1
pi,pi,22,2,-29073.263259,2.665032e-02,2,2,2.5,e,-0.5,+1,1,1,0.5,f,-0.5,+1
pi,pi,23,3,-29073.263222,2.665029e-02,2,2,2.5,e,+0.5,+1,1,1,0.5,f,+0.5,+1
pi,pi,3,10,-15.047616,1.331950e-02,1,1,0.5,f,+0.5,+1,1,1,1.5,f,+0.5,+1
pi,pi,1,6,-15.047614,1.331951e-02,1,1,0.5,e,+0.5,-1,1,1,1.5,e,+0.5,-1
pi,pi,2,9,-15.047591,1.331954e-02,1,1,0.5,f,-0.5,+1,1,1,1.5,f,-0.5,+1
pi,pi,0,5,-15.047589,1.331955e-02,1,1,0.5,e,-0.5,-1,1,1,1.5,e,-0.5,-1
pi,pi,19,30,-8.329669,4.892132e-03,2,2,1.5,f,+1.5,-1,2,2,2.5,f,+1.5,-1
pi,pi,15,24,-8.329669,4.892116e-03,2,2,1.5,e,+1.5,+1,2,2,2.5,e,+1.5,+1
pi,pi,18,29,-8.329663,8.153565e-04,2,2,1.5,f,+0.5,-1,2,2,2.5,f,+0.5,-1
pi,pi,14,23,-8.329662,8.153540e-04,2,2,1.5,e,+0.5,+1,2,2,2.5,e,+0.5,+1
pi,pi,17,28,-8.329656,8.153578e-04,2,2,1.5,f,-0.5,-1,2,2,2.5,f,-0.5,-1
pi,pi,13,22,-8.329656,8.153553e-04,2,2,1.5,e,-0.5,+1,2,2,2.5,e,-0.5,+1
pi,pi,16,27,-8.329650,4.892154e-03,2,2,1.5,f,-1.5,-1,2,2,2.5,f,-1.5,-1
pi,pi,12,21,-8.329649,4.892139e-03,2,2,1.5,e,-1.5,+1,2,2,2.5,e,-1.5,+1
pi,pi,37,50,-5.796192,5.099427e-03,3,3,2.5,e,+2.5,-1,3,3,3.5,e,+2.5,-1
pi,pi,43,58,-5.796191,5.099440e-03,3,3,2.5,f,+2.5,+1,3,3,3.5,f,+2.5,+1
pi,pi,36,49,-5.796188,3.059659e-03,3,3,2.5,e,+1.5,-1,3,3,3.5,e,+1.5,-1
pi,pi,42,57,-5.796188,3.059667e-03,3,3,2.5,f,+1.5,+1,3,3,3.5,f,+1.5,+1
pi,pi,41,56,-5.796185,4.079560e-04,3,3,2.5,f,+0.5,+1,3,3,3.5,f,+0.5,+1
pi,pi,35,48,-5.796185,4.079550e-04,3,3,2.5,e,+0.5,-1,3,3,3.5,e,+0.5,-1
pi,pi,40,55,-5.796182,4.079564e-04,3,3,2.5,f,-0.5,+1,3,3,3.5,f,-0.5,+1
pi,pi,34,47,-5.796182,4.079555e-04,3,3,2.5,e,-0.5,-1,3,3,3.5,e,-0.5,-1
pi,pi,39,54,-5.796179,3.059676e-03,3,3,2.5,f,-1.5,+1,3,3,3.5,f,-1.5,+1
pi,pi,33,46,-5.796179,3.059669e-03,3,3,2.5,e,-1.5,-1,3,3,3.5,e,-1.5,-1
pi,pi,38,53,-5.796176,5.099466e-03,3,3,2.5,f,-2.5,+1,3,3,3.5,f,-2.5,+1
pi,pi,32,45,-5.796176,5.099454e-03,3,3,2.5,e,-2.5,-1,3,3,3.5,e,-2.5,-1
pi,pi,67,84,-4.435467,3.537366e-03,4,4,3.5,e,+3.5,+1,4,4,4.5,e,+3.5,+1
pi,pi,75,94,-4.435466,3.537375e-03,4,4,3.5,f,+3.5,-1,4,4,4.5,f,+3.5,-1
pi,pi,66,83,-4.435465,3.158366e-03,4,4,3.5,e,+2.5,+1,4,4,4.5,e,+2.5,+1
pi,pi,74,93,-4.435465,3.158373e-03,4,4,3.5,f,+2.5,-1,4,4,4.5,f,+2.5,-1
pi,pi,65,82,-4.435463,1.461873e-03,4,4,3.5,e,+1.5,+1,4,4,4.5,e,+1.5,+1
pi,pi,73,92,-4.435463,1.461877e-03,4,4,3.5,f,+1.5,-1,4,4,4.5,f,+1.5,-1
pi,pi,64,81,-4.435461,1.804784e-04,4,4,3.5,e,+0.5,+1,4,4,4.5,e,+0.5,+1
pi,pi,72,91,-4.435461,1.804788e-04,4,4,3.5,f,+0.5,-1,4,4,4.5,f,+0.5,-1
pi,pi,71,90,-4.435459,1.804789e-04,4,4,3.5,f,-0.5,-1,4,4,4.5,f,-0.5,-1
pi,pi,63,80,-4.435459,1.804785e-04,4,4,3.5,e,-0.5,+1,4,4,4.5,e,-0.5,+1
pi,pi,70,89,-4.435457,1.461880e-03,4,4,3.5,f,-1.5,-1,4,4,4.5,f,-1.5,-1
pi,pi,62,79,-4.435457,1.461877e-03,4,4,3.5,e,-1.5,+1,4,4,4.5,e,-1.5,+1
pi,pi,69,88,-4.435455,3.158386e-03,4,4,3.5,f,-2.5,-1,4,4,4.5,f,-2.5,-1
pi,pi,61,78,-4.435455,3.158380e-03,4,4,3.5,e,-2.5,+1,4,4,4.5,e,-2.5,+1
pi,pi,68,87,-4.435453,3.537396e-03,4,4,3.5,f,-3.5,-1,4,4,4.5,f,-3.5,-1
pi,pi,60,77,-4.435453,3.537388e-03,4,4,3.5,e,-3.5,+1,4,4,4.5,e,-3.5,+1
pi,pi,105,126,-3.577464,2.376180e-03,5,5,4.5,e,+4.5,-1,5,5,5.5,e,+4.5,-1
pi,pi,115,138,-3.577464,2.376185e-03,5,5,4.5,f,+4.5,+1,5,5,5.5,f,+4.5,+1
pi,pi,104,125,-3.577463,2.587398e-03,5,5,4.5,e,+3.5,-1,5,5,5.5,e,+3.5,-1
pi,pi,114,137,-3.577462,2.587404e-03,5,5,4.5,f,+3.5,+1,5,5,5.5,f,+3.5,+1
pi,pi,103,124,-3.577461,1.760136e-03,5,5,4.5,e,+2.5,-1,5,5,5.5,e,+2.5,-1
pi,pi,113,136,-3.577461,1.760140e-03,5,5,4.5,f,+2.5,+1,5,5,5.5,f,+2.5,+1
pi,pi,102,123,-3.577460,7.392576e-04,5,5,4.5,e,+1.5,-1,5,5,5.5,e,+1.5,-1
pi,pi,112,135,-3.577460,7.392593e-04,5,5,4.5,f,+1.5,+1,5,5,5.5,f,+1.5,+1
pi,pi,101,122,-3.577459,8.800693e-05,5,5,4.5,e,+0.5,-1,5,5,5.5,e,+0.5,-1
pi,pi,111,134,-3.577459,8.800712e-05,5,5,4.5,f,+0.5,+1,5,5,5.5,f,+0.5,+1
pi,pi,110,133,-3.577457,8.800719e-05,5,5,4.5,f,-0.5,+1,5,5,5.5,f,-0.5,+1
pi,pi,100,121,-3.577457,8.800700e-05,5,5,4.5,e,-0.5,-1,5,5,5.5,e,-0.5,-1
pi,pi,109,132,-3.577456,7.392609e-04,5,5,4.5,f,-1.5,+1,5,5,5.5,f,-1.5,+1
pi,pi,99,120,-3.577456,7.392594e-04,5,5,4.5,e,-1.5,-1,5,5,5.5,e,-1.5,-1
pi,pi,108,131,-3.577455,1.760146e-03,5,5,4.5,f,-2.5,+1,5,5,5.5,f,-2.5,+1
pi,pi,98,119,-3.577454,1.760143e-03,5,5,4.5,e,-2.5,-1,5,5,5.5,e,-2.5,-1
pi,pi,107,130,-3.577453,2.587417e-03,5,5,4.5,f,-3.5,+1,5,5,5.5,f,-3.5,+1
pi,pi,97,118,-3.577453,2.587412e-03,5,5,4.5,e,-3.5,-1,5,5,5.5,e,-3.5,-1
pi,pi,106,129,-3.577452,2.376201e-03,5,5,4.5,f,-4.5,+1,5,5,5.5,f,-4.5,+1
pi,pi,96,117,-3.577451,2.376197e-03,5,5,4.5,e,-4.5,-1,5,5,5.5,e,-4.5,-1
pi,pi,4,4,0.000000,6.680478e-03,1,1,1.5,e,-1.5,-1,1,1,1.5,e,-1.5,-1
pi,pi,5,5,0.000000,6.680433e-03,1,1,1.5,e,-0.5,-1,1,1,1.5,e,-0.5,-1
pi,pi,6,6,0.000000,6.680522e-03,1,1,1.5,e,+0.5,-1,1,1,1.5,e,+0.5,-1
pi,pi,7,7,0.000000,6.680477e-03,1,1,1.5,e,+1.5,-1,1,1,1.5,e,+1.5,-1
pi,pi,8,8,0.000000,6.680488e-03,1,1,1.5,f,-1.5,+1,1,1,1.5,f,-1.5,+1
pi,pi,9,9,0.000000,6.680444e-03,1,1,1.5,f,-0.5,+1,1,1,1.5,f,-0.5,+1
pi,pi,10,10,0.000000,6.680531e-03,1,1,1.5,f,+0.5,+1,1,1,1.5,f,+0.5,+1
pi,pi,11,11,0.000000,6.680487e-03,1,1,1.5,f,+1.5,+1,1,1,1.5,f,+1.5,+1
pi,pi,12,12,0.000000,6.680469e-03,2,2,1.5,e,-1.5,+1,2,2,1.5,e,-1.5,+1
pi,pi,13,13,0.000000,6.680496e-03,2,2,1.5,e,-0.5,+1,2,2,1.5,e,-0.5,+1
pi,pi,14,14,0.000000,6.680479e-03,2,2,1.5,e,+0.5,+1,2,2,1.5,e,+0.5,+1
pi,pi,15,15,0.000000,6.680505e-03,2,2,1.5,e,+1.5,+1,2,2,1.5,e,+1.5,+1
pi,pi,16,16,0.000000,6.680460e-03,2,2,1.5,f,-1.5,-1,2,2,1.5,f,-1.5,-1
pi,pi,17,17,0.000000,6.680486e-03,2,2,1.5,f,-0.5,-1,2,2,1.5,f,-0.5,-1
pi,pi,18,18,0.000000,6.680469e-03,2,2,1.5,f,+0.5,-1,2,2,1.5,f,+0.5,-1
pi,pi,19,19,0.000000,6.680495e-03,2,2,1.5,f,+1.5,-1,2,2,1.5,f,+1.5,-1
pi,pi,20,20,0.000000,1.359710e-02,2,2,2.5,e,-2.5,+1,2,2,2.5,e,-2.5,+1
pi,pi,21,21,0.000000,5.438787e-04,2,2,2.5,e,-1.5,+1,2,2,2.5,e,-1.5,+1
pi,pi,22,22,0.000000,8.702131e-03,2,2,2.5,e,-0.5,+1,2,2,2.5,e,-0.5,+1
pi,pi,23,23,0.000000,8.702152e-03,2,2,2.5,e,+0.5,+1,2,2,2.5,e,+0.5,+1
pi,pi,24,24,0.000000,5.438890e-04,2,2,2.5,e,+1.5,+1,2,2,2.5,e,+1.5,+1
pi,pi,25,25,0.000000,1.359710e-02,2,2,2.5,e,+2.5,+1,2,2,2.5,e,+2.5,+1
pi,pi,26,26,0.000000,1.359709e-02,2,2,2.5,f,-2.5,-1,2,2,2.5,f,-2.5,-1
pi,pi,27,27,0.000000,5.438785e-04,2,2,2.5,f,-1.5,-1,2,2,2.5,f,-1.5,-1
pi,pi,28,28,0.000000,8.702125e-03,2,2,2.5,f,-0.5,-1,2,2,2.5,f,-0.5,-1
pi,pi,29,29,0.000000,8.702145e-03,2,2,2.5,f,+0.5,-1,2,2,2.5,f,+0.5,-1
pi,pi,30,30,0.000000,5.438884e-04,2,2,2.5,f,+1.5,-1,2,2,2.5,f,+1.5,-1
pi,pi,31,31,0.000000,1.359709e-02,2,2,2.5,f,+2.5,-1,2,2,2.5,f,+2.5,-1
pi,pi,32,32,0.000000,3.062475e-02,3,3,2.5,e,-2.5,-1,3,3,2.5,e,-2.5,-1
pi,pi,33,33,0.000000,1.224998e-03,3,3,2.5,e,-1.5,-1,3,3,2.5,e,-1.5,-1
pi,pi,34,34,0.000000,1.959987e-02,3,3,2.5,e,-0.5,-1,3,3,2.5,e,-0.5,-1
pi,pi,35,35,0.000000,1.959985e-02,3,3,2.5,e,+0.5,-1,3,3,2.5,e,+0.5,-1
pi,pi,36,36,0.000000,1.224985e-03,3,3,2.5,e,+1.5,-1,3,3,2.5,e,+1.5,-1
pi,pi,37,37,0.000000,3.062481e-02,3,3,2.5,e,+2.5,-1,3,3,2.5,e,+2.5,-1
pi,pi,38,38,0.000000,3.062474e-02,3,3,2.5,f,-2.5,+1,3,3,2.5,f,-2.5,+1
pi,pi,39,39,0.000000,1.224997e-03,3,3,2.5,f,-1.5,+1,3,3,2.5,f,-1.5,+1
pi,pi,40,40,0.000000,1.959986e-02,3,3,2.5,f,-0.5,+1,3,3,2.5,f,-0.5,+1
pi,pi,41,41,0.000000,1.959984e-02,3,3,2.5,f,+0.5,+1,3,3,2.5,f,+0.5,+1
pi,pi,42,42,0.000000,1.224984e-03,3,3,2.5,f,+1.5,+1,3,3,2.5,f,+1.5,+1
pi,pi,43,43,0.000000,3.062480e-02,3,3,2.5,f,+2.5,+1,3,3,2.5,f,+2.5,+1
pi,pi,44,44,0.000000,4.165948e-02,3,3,3.5,e,-3.5,-1,3,3,3.5,e,-3.5,-1
pi,pi,45,45,0.000000,8.501990e-04,3,3,3.5,e,-2.5,-1,3,3,3.5,e,-2.5,-1
pi,pi,46,46,0.000000,7.651724e-03,3,3,3.5,e,-1.5,-1,3,3,3.5,e,-1.5,-1
pi,pi,47,47,0.000000,2.125482e-02,3,3,3.5,e,-0.5,-1,3,3,3.5,e,-0.5,-1
pi,pi,48,48,0.000000,2.125485e-02,3,3,3.5,e,+0.5,-1,3,3,3.5,e,+0.5,-1
pi,pi,49,49,0.000000,7.651757e-03,3,3,3.5,e,+1.5,-1,3,3,3.5,e,+1.5,-1
pi,pi,50,50,0.000000,8.501879e-04,3,3,3.5,e,+2.5,-1,3,3,3.5,e,+2.5,-1
pi,pi,51,51,0.000000,4.165948e-02,3,3,3.5,e,+3.5,-1,3,3,3.5,e,+3.5,-1
pi,pi,52,52,0.000000,4.165947e-02,3,3,3.5,f,-3.5,+1,3,3,3.5,f,-3.5,+1
pi,pi,53,53,0.000000,8.501985e-04,3,3,3.5,f,-2.5,+1,3,3,3.5,f,-2.5,+1
pi,pi,54,54,0.000000,7.651723e-03,3,3,3.5,f,-1.5,+1,3,3,3.5,f,-1.5,+1
pi,pi,55,55,0.000000,2.125482e-02,3,3,3.5,f,-0.5,+1,3,3,3.5,f,-0.5,+1
pi,pi,56,56,0.000000,2.125484e-02,3,3,3.5,f,+0.5,+1,3,3,3.5,f,+0.5,+1
pi,pi,57,57,0.000000,7.651755e-03,3,3,3.5,f,+1.5,+1,3,3,3.5,f,+1.5,+1
pi,pi,58,58,0.000000,8.501879e-04,3,3,3.5,f,+2.5,+1,3,3,3.5,f,+2.5,+1
pi,pi,59,59,0.000000,4.165947e-02,3,3,3.5,f,+3.5,+1,3,3,3.5,f,+3.5,+1
pi,pi,60,60,0.000000,5.352664e-02,4,4,3.5,e,-3.5,+1,4,4,3.5,e,-3.5,+1
pi,pi,61,61,0.000000,1.092375e-03,4,4,3.5,e,-2.5,+1,4,4,3.5,e,-2.5,+1
pi,pi,62,62,0.000000,9.831445e-03,4,4,3.5,e,-1.5,+1,4,4,3.5,e,-1.5,+1
pi,pi,63,63,0.000000,2.730954e-02,4,4,3.5,e,-0.5,+1,4,4,3.5,e,-0.5,+1
pi,pi,64,64,0.000000,2.730952e-02,4,4,3.5,e,+0.5,+1,4,4,3.5,e,+0.5,+1
pi,pi,65,65,0.000000,9.831416e-03,4,4,3.5,e,+1.5,+1,4,4,3.5,e,+1.5,+1
pi,pi,66,66,0.000000,1.092387e-03,4,4,3.5,e,+2.5,+1,4,4,3.5,e,+2.5,+1
pi,pi,67,67,0.000000,5.352671e-02,4,4,3.5,e,+3.5,+1,4,4,3.5,e,+3.5,+1
pi,pi,68,68,0.000000,5.352663e-02,4,4,3.5,f,-3.5,-1,4,4,3.5,f,-3.5,-1
pi,pi,69,69,0.000000,1.092375e-03,4,4,3.5,f,-2.5,-1,4,4,3.5,f,-2.5,-1
pi,pi,70,70,0.000000,9.831442e-03,4,4,3.5,f,-1.5,-1,4,4,3.5,f,-1.5,-1
pi,pi,71,71,0.000000,2.730953e-02,4,4,3.5,f,-0.5,-1,4,4,3.5,f,-0.5,-1
pi,pi,72,72,0.000000,2.730952e-02,4,4,3.5,f,+0.5,-1,4,4,3.5,f,+0.5,-1
pi,pi,73,73,0.000000,9.831415e-03,4,4,3.5,f,+1.5,-1,4,4,3.5,f,+1.5,-1
pi,pi,74,74,0.000000,1.092387e-03,4,4,3.5,f,+2.5,-1,4,4,3.5,f,+2.5,-1
pi,pi,75,75,0.000000,5.352670e-02,4,4,3.5,f,+3.5,-1,4,4,3.5,f,+3.5,-1
pi,pi,76,76,0.000000,6.368650e-02,4,4,4.5,e,-4.5,+1,4,4,4.5,e,-4.5,+1
pi,pi,77,77,0.000000,7.076290e-03,4,4,4.5,e,-3.5,+1,4,4,4.5,e,-3.5,+1
pi,pi,78,78,0.000000,1.769061e-03,4,4,4.5,e,-2.5,+1,4,4,4.5,e,-2.5,+1
pi,pi,79,79,0.000000,1.592161e-02,4,4,4.5,e,-1.5,+1,4,4,4.5,e,-1.5,+1
pi,pi,80,80,0.000000,2.830510e-02,4,4,4.5,e,-0.5,+1,4,4,4.5,e,-0.5,+1
pi,pi,81,81,0.000000,2.830512e-02,4,4,4.5,e,+0.5,+1,4,4,4.5,e,+0.5,+1
pi,pi,82,82,0.000000,1.592164e-02,4,4,4.5,e,+1.5,+1,4,4,4.5,e,+1.5,+1
pi,pi,83,83,0.000000,1.769077e-03,4,4,4.5,e,+2.5,+1,4,4,4.5,e,+2.5,+1
pi,pi,84,84,0.000000,7.076265e-03,4,4,4.5,e,+3.5,+1,4,4,4.5,e,+3.5,+1
pi,pi,85,85,0.000000,6.368650e-02,4,4,4.5,e,+4.5,+1,4,4,4.5,e,+4.5,+1
pi,pi,86,86,0.000000,6.368649e-02,4,4,4.5,f,-4.5,-1,4,4,4.5,f,-4.5,-1
pi,pi,87,87,0.000000,7.076288e-03,4,4,4.5,f,-3.5,-1,4,4,4.5,f,-3.5,-1
pi,pi,88,88,0.000000,1.769062e-03,4,4,4.5,f,-2.5,-1,4,4,4.5,f,-2.5,-1
pi,pi,89,89,0.000000,1.592160e-02,4,4,4.5,f,-1.5,-1,4,4,4.5,f,-1.5,-1
pi,pi,90,90,0.000000,2.830510e-02,4,4,4.5,f,-0.5,-1,4,4,4.5,f,-0.5,-1
pi,pi,91,91,0.000000,2.830511e-02,4,4,4.5,f,+0.5,-1,4,4,4.5,f,+0.5,-1
pi,pi,92,92,0.000000,1.592164e-02,4,4,4.5,f,+1.5,-1,4,4,4.5,f,+1.5,-1
pi,pi,93,93,0.000000,1.769076e-03,4,4,4.5,f,+2.5,-1,4,4,4.5,f,+2.5,-1
pi,pi,94,94,0.000000,7.076264e-03,4,4,4.5,f,+3.5,-1,4,4,4.5,f,+3.5,-1
pi,pi,95,95,0.000000,6.368649e-02,4,4,4.5,f,+4.5,-1,4,4,4.5,f,+4.5,-1
pi,pi,96,96,0.000000,7.141019e-02,5,5,4.5,e,-4.5,-1,5,5,4.5,e,-4.5,-1
pi,pi,97,97,0.000000,7.934454e-03,5,5,4.5,e,-3.5,-1,5,5,4.5,e,-3.5,-1
pi,pi,98,98,0.000000,1.983625e-03,5,5,4.5,e,-2.5,-1,5,5,4.5,e,-2.5,-1
pi,pi,99,99,0.000000,1.785257e-02,5,5,4.5,e,-1.5,-1,5,5,4.5,e,-1.5,-1
pi,pi,100,100,0.000000,3.173788e-02,5,5,4.5,e,-0.5,-1,5,5,4.5,e,-0.5,-1
pi,pi,101,101,0.000000,3.173787e-02,5,5,4.5,e,+0.5,-1,5,5,4.5,e,+0.5,-1
pi,pi,102,102,0.000000,1.785254e-02,5,5,4.5,e,+1.5,-1,5,5,4.5,e,+1.5,-1
pi,pi,103,103,0.000000,1.983610e-03,5,5,4.5,e,+2.5,-1,5,5,4.5,e,+2.5,-1
pi,pi,104,104,0.000000,7.934485e-03,5,5,4.5,e,+3.5,-1,5,5,4.5,e,+3.5,-1
pi,pi,105,105,0.000000,7.141026e-02,5,5,4.5,e,+4.5,-1,5,5,4.5,e,+4.5,-1
pi,pi,106,106,0.000000,7.141018e-02,5,5,4.5,f,-4.5,+1,5,5,4.5,f,-4.5,+1
pi,pi,107,107,0.000000,7.934454e-03,5,5,4.5,f,-3.5,+1,5,5,4.5,f,-3.5,+1
pi,pi,108,108,0.000000,1.983624e-03,5,5,4.5,f,-2.5,+1,5,5,4.5,f,-2.5,+1
pi,pi,109,109,0.000000,1.785257e-02,5,5,4.5,f,-1.5,+1,5,5,4.5,f,-1.5,+1
pi,pi,110,110,0.000000,3.173788e-02,5,5,4.5,f,-0.5,+1,5,5,4.5,f,-0.5,+1
pi,pi,111,111,0.000000,3.173787e-02,5,5,4.5,f,+0.5,+1,5,5,4.5,f,+0.5,+1
pi,pi,112,112,0.000000,1.785254e-02,5,5,4.5,f,+1.5,+1,5,5,4.5,f,+1.5,+1
pi,pi,113,113,0.000000,1.983610e-03,5,5,4.5,f,+2.5,+1,5,5,4.5,f,+2.5,+1
pi,pi,114,114,0.000000,7.934483e-03,5,5,4.5,f,+3.5,+1,5,5,4.5,f,+3.5,+1
pi,pi,115,115,0.000000,7.141025e-02,5,5,4.5,f,+4.5,+1,5,5,4.5,f,+4.5,+1
pi,pi,116,116,0.000000,7.987825e-02,5,5,5.5,e,-5.5,-1,5,5,5.5,e,-5.5,-1
pi,pi,117,117,0.000000,1.650379e-02,5,5,5.5,e,-4.5,-1,5,5,5.5,e,-4.5,-1
pi,pi,118,118,0.000000,2.640692e-05,5,5,5.5,e,-3.5,-1,5,5,5.5,e,-3.5,-1
pi,pi,119,119,0.000000,7.631330e-03,5,5,5.5,e,-2.5,-1,5,5,5.5,e,-2.5,-1
pi,pi,120,120,0.000000,2.220746e-02,5,5,5.5,e,-1.5,-1,5,5,5.5,e,-1.5,-1
pi,pi,121,121,0.000000,3.234738e-02,5,5,5.5,e,-0.5,-1,5,5,5.5,e,-0.5,-1
pi,pi,122,122,0.000000,3.234740e-02,5,5,5.5,e,+0.5,-1,5,5,5.5,e,+0.5,-1
pi,pi,123,123,0.000000,2.220749e-02,5,5,5.5,e,+1.5,-1,5,5,5.5,e,+1.5,-1
pi,pi,124,124,0.000000,7.631358e-03,5,5,5.5,e,+2.5,-1,5,5,5.5,e,+2.5,-1
pi,pi,125,125,0.000000,2.640515e-05,5,5,5.5,e,+3.5,-1,5,5,5.5,e,+3.5,-1
pi,pi,126,126,0.000000,1.650376e-02,5,5,5.5,e,+4.5,-1,5,5,5.5,e,+4.5,-1
pi,pi,127,127,0.000000,7.987825e-02,5,5,5.5,e,+5.5,-1,5,5,5.5,e,+5.5,-1
pi,pi,128,128,0.000000,7.987825e-02,5,5,5.5,f,-5.5,+1,5,5,5.5,f,-5.5,+1
pi,pi,129,129,0.000000,1.650378e-02,5,5,5.5,f,-4.5,+1,5,5,5.5,f,-4.5,+1
pi,pi,130,130,0.000000,2.640685e-05,5,5,5.5,f,-3.5,+1,5,5,5.5,f,-3.5,+1
pi,pi,131,131,0.000000,7.631330e-03,5,5,5.5,f,-2.5,+1,5,5,5.5,f,-2.5,+1
pi,pi,132,132,0.000000,2.220746e-02,5,5,5.5,f,-1.5,+1,5,5,5.5,f,-1.5,+1
pi,pi,133,133,0.000000,3.234738e-02,5,5,5.5,f,-0.5,+1,5,5,5.5,f,-0.5,+1
pi,pi,134,134,0.000000,3.234740e-02,5,5,5.5,f,+0.5,+1,5,5,5.5,f,+0.5,+1
pi,pi,135,135,0.000000,2.220749e-02,5,5,5.5,f,+1.5,+1,5,5,5.5,f,+1.5,+1
pi,pi,136,136,0.000000,7.631357e-03,5,5,5.5,f,+2.5,+1,5,5,5.5,f,+2.5,+1
pi,pi,137,137,0.000000,2.640521e-05,5,5,5.5,f,+3.5,+1,5,5,5.5,f,+3.5,+1
pi,pi,138,138,0.000000,1.650376e-02,5,5,5.5,f,+4.5,+1,5,5,5.5,f,+4.5,+1
pi,pi,139,139,0.000000,7.987825e-02,5,5,5.5,f,+5.5,+1,5,5,5.5,f,+5.5,+1
pi,pi,117,96,3.577451,2.376197e-03,5,5,5.5,e,-4.5,-1,5,5,4.5,e,-4.5,-1
pi,pi,129,106,3.577452,2.376201e-03,5,5,5.5,f,-4.5,+1,5,5,4.5,f,-4.5,+1
pi,pi,118,97,3.577453,2.587412e-03,5,5,5.5,e,-3.5,-1,5,5,4.5,e,-3.5,-1
pi,pi,130,107,3.577453,2.587417e-03,5,5,5.5,f,-3.5,+1,5,5,4.5,f,-3.5,+1
pi,pi,119,98,3.577454,1.760143e-03,5,5,5.5,e,-2.5,-1,5,5,4.5,e,-2.5,-1
pi,pi,131,108,3.577455,1.760146e-03,5,5,5.5,f,-2.5,+1,5,5,4.5,f,-2.5,+1
pi,pi,120,99,3.577456,7.392594e-04,5,5,5.5,e,-1.5,-1,5,5,4.5,e,-1.5,-1
pi,pi,132,109,3.577456,7.392609e-04,5,5,5.5,f,-1.5,+1,5,5,4.5,f,-1.5,+1
pi,pi,121,100,3.577457,8.800700e-05,5,5,5.5,e,-0.5,-1,5,5,4.5,e,-0.5,-1
pi,pi,133,110,3.577457,8.800719e-05,5,5,5.5,f,-0.5,+1,5,5,4.5,f,-0.5,+1
pi,pi,134,111,3.577459,8.800712e-05,5,5,5.5,f,+0.5,+1,5,5,4.5,f,+0.5,+1
pi,pi,122,101,3.577459,8.800693e-05,5,5,5.5,e,+0.5,-1,5,5,4.5,e,+0.5,-1
pi,pi,135,112,3.577460,7.392593e-04,5,5,5.5,f,+1.5,+1,5,5,4.5,f,+1.5,+1
pi,pi,123,102,3.577460,7.392576e-04,5,5,5.5,e,+1.5,-1,5,5,4.5,e,+1.5,-1
pi,pi,136,113,3.577461,1.760140e-03,5,5,5.5,f,+2.5,+1,5,5,4.5,f,+2.5,+1
pi,pi,124,103,3.577461,1.760136e-03,5,5,5.5,e,+2.5,-1,5,5,4.5,e,+2.5,-1
pi,pi,137,114,3.577462,2.587404e-03,5,5,5.5,f,+3.5,+1,5,5,4.5,f,+3.5,+1
pi,pi,125,104,3.577463,2.587398e-03,5,5,5.5,e,+3.5,-1,5,5,4.5,e,+3.5,-1
pi,pi,138,115,3.577464,2.376185e-03,5,5,5.5,f,+4.5,+1,5,5,4.5,f,+4.5,+1
pi,pi,126,105,3.577464,2.376180e-03,5,5,5.5,e,+4.5,-1,5,5,4.5,e,+4.5,-1
pi,pi,77,60,4.435453,3.537388e-03,4,4,4.5,e,-3.5,+1,4,4,3.5,e,-3.5,+1
pi,pi,87,68,4.435453,3.537396e-03,4,4,4.5,f,-3.5,-1,4,4,3.5,f,-3.5,-1
pi,pi,78,61,4.435455,3.158380e-03,4,4,4.5,e,-2.5,+1,4,4,3.5,e,-2.5,+1
pi,pi,88,69,4.435455,3.158386e-03,4,4,4.5,f,-2.5,-1,4,4,3.5,f,-2.5,-1
pi,pi,79,62,4.435457,1.461877e-03,4,4,4.5,e,-1.5,+1,4,4,3.5,e,-1.5,+1
pi,pi,89,70,4.435457,1.461880e-03,4,4,4.5,f,-1.5,-1,4,4,3.5,f,-1.5,-1
pi,pi,80,63,4.435459,1.804785e-04,4,4,4.5,e,-0.5,+1,4,4,3.5,e,-0.5,+1
pi,pi,90,71,4.435459,1.804789e-04,4,4,4.5,f,-0.5,-1,4,4,3.5,f,-0.5,-1
pi,pi,91,72,4.435461,1.804788e-04,4,4,4.5,f,+0.5,-1,4,4,3.5,f,+0.5,-1
pi,pi,81,64,4.435461,1.804784e-04,4,4,4.5,e,+0.5,+1,4,4,3.5,e,+0.5,+1
pi,pi,92,73,4.435463,1.461877e-03,4,4,4.5,f,+1.5,-1,4,4,3.5,f,+1.5,-1
pi,pi,82,65,4.435463,1.461873e-03,4,4,4.5,e,+1.5,+1,4,4,3.5,e,+1.5,+1
pi,pi,93,74,4.435465,3.158373e-03,4,4,4.5,f,+2.5,-1,4,4,3.5,f,+2.5,-1
pi,pi,83,66,4.435465,3.158366e-03,4,4,4.5,e,+2.5,+1,4,4,3.5,e,+2.5,+1
pi,pi,94,75,4.435466,3.537375e-03,4,4,4.5,f,+3.5,-1,4,4,3.5,f,+3.5,-1
pi,pi,84,67,4.435467,3.537366e-03,4,4,4.5,e,+3.5,+1,4,4,3.5,e,+3.5,+1
pi,pi,45,32,5.796176,5.099454e-03,3,3,3.5,e,-2.5,-1,3,3,2.5,e,-2.5,-1
pi,pi,53,38,5.796176,5.099466e-03,3,3,3.5,f,-2.5,+1,3,3,2.5,f,-2.5,+1
pi,pi,46,33,5.796179,3.059669e-03,3,3,3.5,e,-1.5,-1,3,3,2.5,e,-1.5,-1
pi,pi,54,39,5.796179,3.059676e-03,3,3,3.5,f,-1.5,+1,3,3,2.5,f,-1.5,+1
pi,pi,47,34,5.796182,4.079555e-04,3,3,3.5,e,-0.5,-1,3,3,2.5,e,-0.5,-1
pi,pi,55,40,5.796182,4.079564e-04,3,3,3.5,f,-0.5,+1,3,3,2.5,f,-0.5,+1
pi,pi,48,35,5.796185,4.079550e-04,3,3,3.5,e,+0.5,-1,3,3,2.5,e,+0.5,-1
pi,pi,56,41,5.796185,4.079560e-04,3,3,3.5,f,+0.5,+1,3,3,2.5,f,+0.5,+1
pi,pi,57,42,5.796188,3.059667e-03,3,3,3.5,f,+1.5,+1,3,3,2.5,f,+1.5,+1
pi,pi,49,36,5.796188,3.059659e-03,3,3,3.5,e,+1.5,-1,3,3,2.5,e,+1.5,-1
pi,pi,58,43,5.796191,5.099440e-03,3,3,3.5,f,+2.5,+1,3,3,2.5,f,+2.5,+1
pi,pi,50,37,5.796192,5.099427e-03,3,3,3.5,e,+2.5,-1,3,3,2.5,e,+2.5,-1
pi,pi,21,12,8.329649,4.892139e-03,2,2,2.5,e,-1.5,+1,2,2,1.5,e,-1.5,+1
pi,pi,27,16,8.329650,4.892154e-03,2,2,2.5,f,-1.5,-1,2,2,1.5,f,-1.5,-1
pi,pi,22,13,8.329656,8.153553e-04,2,2,2.5,e,-0.5,+1,2,2,1.5,e,-0.5,+1
pi,pi,28,17,8.329656,8.153578e-04,2,2,2.5,f,-0.5,-1,2,2,1.5,f,-0.5,-1
pi,pi,23,14,8.329662,8.153540e-04,2,2,2.5,e,+0.5,+1,2,2,1.5,e,+0.5,+1
pi,pi,29,18,8.329663,8.153565e-04,2,2,2.5,f,+0.5,-1,2,2,1.5,f,+0.5,-1
pi,pi,24,15,8.329669,4.892116e-03,2,2,2.5,e,+1.5,+1,2,2,1.5,e,+1.5,+1
pi,pi,30,19,8.329669,4.892132e-03,2,2,2.5,f,+1.5,-1,2,2,1.5,f,+1.5,-1
pi,pi,5,0,15.047589,1.331955e-02,1,1,1.5,e,-0.5,-1,1,1,0.5,e,-0.5,-1
pi,pi,9,2,15.047591,1.331954e-02,1,1,1.5,f,-0.5,+1,1,1,0.5,f,-0.5,+1
pi,pi,6,1,15.047614,1.331951e-02,1,1,1.5,e,+0.5,-1,1,1,0.5,e,+0.5,-1
pi,pi,10,3,15.047616,1.331950e-02,1,1,1.5,f,+0.5,+1,1,1,0.5,f,+0.5,+1
pi,pi,3,23,29073.263222,2.665029e-02,1,1,0.5,f,+0.5,+1,2,2,2.5,e,+0.5,+1
pi,pi,2,22,29073.263259,2.665032e-02,1,1,0.5,f,-0.5,+1,2,2,2.5,e,-0.5,+1
pi,pi,3,14,29081.592885,4.001394e-02,1,1,0.5,f,+0.5,+1,2,2,1.5,e,+0.5,+1
pi,pi,2,13,29081.592914,4.001369e-02,1,1,0.5,f,-0.5,+1,2,2,1.5,e,-0.5,+1
pi,pi,11,24,29088.310826,8.002593e-02,1,1,1.5,f,+1.5,+1,2,2,2.5,e,+1.5,+1
pi,pi,10,23,29088.310838,1.333757e-02,1,1,1.5,f,+0.5,+1,2,2,2.5,e,+0.5,+1
pi,pi,9,22,29088.310850,1.333772e-02,1,1,1.5,f,-0.5,+1,2,2,2.5,e,-0.5,+1
pi,pi,8,21,29088.310861,8.002580e-02,1,1,1.5,f,-1.5,+1,2,2,2.5,e,-1.5,+1
pi,pi,1,29,29094.423219,2.665027e-02,1,1,0.5,e,+0.5,-1,2,2,2.5,f,+0.5,-1
pi,pi,0,28,29094.423257,2.665030e-02,1,1,0.5,e,-0.5,-1,2,2,2.5,f,-0.5,-1
pi,pi,11,15,29096.640495,1.998612e-02,1,1,1.5,f,+1.5,+1,2,2,1.5,e,+1.5,+1
pi,pi,10,14,29096.640500,1.998615e-02,1,1,1.5,f,+0.5,+1,2,2,1.5,e,+0.5,+1
pi,pi,9,13,29096.640505,1.998621e-02,1,1,1.5,f,-0.5,+1,2,2,1.5,e,-0.5,+1
pi,pi,8,12,29096.640511,1.998624e-02,1,1,1.5,f,-1.5,+1,2,2,1.5,e,-1.5,+1
pi,pi,1,18,29102.752882,4.001393e-02,1,1,0.5,e,+0.5,-1,2,2,1.5,f,+0.5,-1
pi,pi,0,17,29102.752913,4.001368e-02,1,1,0.5,e,-0.5,-1,2,2,1.5,f,-0.5,-1
pi,pi,7,30,29109.470821,8.002593e-02,1,1,1.5,e,+1.5,-1,2,2,2.5,f,+1.5,-1
pi,pi,6,29,29109.470834,1.333757e-02,1,1,1.5,e,+0.5,-1,2,2,2.5,f,+0.5,-1
pi,pi,5,28,29109.470846,1.333772e-02,1,1,1.5,e,-0.5,-1,2,2,2.5,f,-0.5,-1
pi,pi,4,27,29109.470858,8.002581e-02,1,1,1.5,e,-1.5,-1,2,2,2.5,f,-1.5,-1
pi,pi,7,19,29117.800490,1.998613e-02,1,1,1.5,e,+1.5,-1,2,2,1.5,f,+1.5,-1
pi,pi,6,18,29117.800496,1.998615e-02,1,1,1.5,e,+0.5,-1,2,2,1.5,f,+0.5,-1
pi,pi,5,17,29117.800502,1.998623e-02,1,1,1.5,e,-0.5,-1,2,2,1.5,f,-0.5,-1
pi,pi,4,16,29117.800508,1.998625e-02,1,1,1.5,e,-1.5,-1,2,2,1.5,f,-1.5,-1
pi,pi,19,49,43614.287382,2.723197e-03,2,2,1.5,f,+1.5,-1,3,3,3.5,e,+1.5,-1
pi,pi,18,48,43614.287392,4.901760e-03,2,2,1.5,f,+0.5,-1,3,3,3.5,e,+0.5,-1
pi,pi,17,47,43614.287401,4.901767e-03,2,2,1.5,f,-0.5,-1,3,3,3.5,e,-0.5,-1
pi,pi,16,46,43614.287411,2.723207e-03,2,2,1.5,f,-1.5,-1,3,3,3.5,e,-1.5,-1
pi,pi,19,36,43620.083571,3.916416e-02,2,2,1.5,f,+1.5,-1,3,3,2.5,e,+1.5,-1
pi,pi,18,35,43620.083577,6.527377e-03,2,2,1.5,f,+0.5,-1,3,3,2.5,e,+0.5,-1
pi,pi,17,34,43620.083583,6.527335e-03,2,2,1.5,f,-0.5,-1,3,3,2.5,e,-0.5,-1
pi,pi,16,33,43620.083590,3.916411e-02,2,2,1.5,f,-1.5,-1,3,3,2.5,e,-1.5,-1
pi,pi,31,50,43622.617048,4.082849e-02,2,2,2.5,f,+2.5,-1,3,3,3.5,e,+2.5,-1
pi,pi,30,49,43622.617051,2.449706e-02,2,2,2.5,f,+1.5,-1,3,3,3.5,e,+1.5,-1
pi,pi,29,48,43622.617054,3.266263e-03,2,2,2.5,f,+0.5,-1,3,3,3.5,e,+0.5,-1
pi,pi,28,47,43622.617058,3.266292e-03,2,2,2.5,f,-0.5,-1,3,3,3.5,e,-0.5,-1
pi,pi,27,46,43622.617061,2.449710e-02,2,2,2.5,f,-1.5,-1,3,3,3.5,e,-1.5,-1
pi,pi,26,45,43622.617064,4.082844e-02,2,2,2.5,f,-2.5,-1,3,3,3.5,e,-2.5,-1
pi,pi,31,37,43628.413240,6.800608e-03,2,2,2.5,f,+2.5,-1,3,3,2.5,e,+2.5,-1
pi,pi,30,36,43628.413240,2.720247e-04,2,2,2.5,f,+1.5,-1,3,3,2.5,e,+1.5,-1
pi,pi,29,35,43628.413240,4.352401e-03,2,2,2.5,f,+0.5,-1,3,3,2.5,e,+0.5,-1
pi,pi,28,34,43628.413240,4.352406e-03,2,2,2.5,f,-0.5,-1,3,3,2.5,e,-0.5,-1
pi,pi,27,33,43628.413240,2.720257e-04,2,2,2.5,f,-1.5,-1,3,3,2.5,e,-1.5,-1
pi,pi,26,32,43628.413240,6.800653e-03,2,2,2.5,f,-2.5,-1,3,3,2.5,e,-2.5,-1
pi,pi,15,57,43661.897376,2.723197e-03,2,2,1.5,e,+1.5,+1,3,3,3.5,f,+1.5,+1
pi,pi,14,56,43661.897387,4.901759e-03,2,2,1.5,e,+0.5,+1,3,3,3.5,f,+0.5,+1
pi,pi,13,55,43661.897398,4.901764e-03,2,2,1.5,e,-0.5,+1,3,3,3.5,f,-0.5,+1
pi,pi,12,54,43661.897408,2.723205e-03,2,2,1.5,e,-1.5,+1,3,3,3.5,f,-1.5,+1
pi,pi,15,42,43667.693565,3.916415e-02,2,2,1.5,e,+1.5,+1,3,3,2.5,f,+1.5,+1
pi,pi,14,41,43667.693572,6.527376e-03,2,2,1.5,e,+0.5,+1,3,3,2.5,f,+0.5,+1
pi,pi,13,40,43667.693580,6.527335e-03,2,2,1.5,e,-0.5,+1,3,3,2.5,f,-0.5,+1
pi,pi,12,39,43667.693588,3.916411e-02,2,2,1.5,e,-1.5,+1,3,3,2.5,f,-1.5,+1
pi,pi,25,58,43670.227041,4.082849e-02,2,2,2.5,e,+2.5,+1,3,3,3.5,f,+2.5,+1
pi,pi,24,57,43670.227045,2.449706e-02,2,2,2.5,e,+1.5,+1,3,3,3.5,f,+1.5,+1
pi,pi,23,56,43670.227049,3.266263e-03,2,2,2.5,e,+0.5,+1,3,3,3.5,f,+0.5,+1
pi,pi,22,55,43670.227053,3.266292e-03,2,2,2.5,e,-0.5,+1,3,3,3.5,f,-0.5,+1
pi,pi,21,54,43670.227058,2.449710e-02,2,2,2.5,e,-1.5,+1,3,3,3.5,f,-1.5,+1
pi,pi,20,53,43670.227062,4.082844e-02,2,2,2.5,e,-2.5,+1,3,3,3.5,f,-2.5,+1
pi,pi,25,43,43676.023232,6.800612e-03,2,2,2.5,e,+2.5,+1,3,3,2.5,f,+2.5,+1
pi,pi,24,42,43676.023233,2.720244e-04,2,2,2.5,e,+1.5,+1,3,3,2.5,f,+1.5,+1
pi,pi,23,41,43676.023235,4.352402e-03,2,2,2.5,e,+0.5,+1,3,3,2.5,f,+0.5,+1
pi,pi,22,40,43676.023236,4.352409e-03,2,2,2.5,e,-0.5,+1,3,3,2.5,f,-0.5,+1
pi,pi,21,39,43676.023237,2.720262e-04,2,2,2.5,e,-1.5,+1,3,3,2.5,f,-1.5,+1
pi,pi,20,38,43676.023238,6.800654e-03,2,2,2.5,e,-2.5,+1,3,3,2.5,f,-2.5,+1
pi,pi,43,83,58146.058971,5.296705e-04,3,3,2.5,f,+2.5,+1,4,4,4.5,e,+2.5,+1
pi,pi,42,82,58146.058975,1.135010e-03,3,3,2.5,f,+1.5,+1,4,4,4.5,e,+1.5,+1
pi,pi,41,81,58146.058979,1.513348e-03,3,3,2.5,f,+0.5,+1,4,4,4.5,e,+0.5,+1
pi,pi,40,80,58146.058983,1.513351e-03,3,3,2.5,f,-0.5,+1,4,4,4.5,e,-0.5,+1
pi,pi,39,79,58146.058987,1.135014e-03,3,3,2.5,f,-1.5,+1,4,4,4.5,e,-1.5,+1
pi,pi,38,78,58146.058991,5.296741e-04,3,3,2.5,f,-2.5,+1,4,4,4.5,e,-2.5,+1
pi,pi,43,66,58150.494435,2.361109e-02,3,3,2.5,f,+2.5,+1,4,4,3.5,e,+2.5,+1
pi,pi,42,65,58150.494438,1.416667e-02,3,3,2.5,f,+1.5,+1,4,4,3.5,e,+1.5,+1
pi,pi,41,64,58150.494440,1.888893e-03,3,3,2.5,f,+0.5,+1,4,4,3.5,e,+0.5,+1
pi,pi,40,63,58150.494442,1.888881e-03,3,3,2.5,f,-0.5,+1,4,4,3.5,e,-0.5,+1
pi,pi,39,62,58150.494444,1.416664e-02,3,3,2.5,f,-1.5,+1,4,4,3.5,e,-1.5,+1
pi,pi,38,61,58150.494446,2.361109e-02,3,3,2.5,f,-2.5,+1,4,4,3.5,e,-2.5,+1
pi,pi,59,84,58151.855161,2.222788e-02,3,3,3.5,f,+3.5,+1,4,4,4.5,e,+3.5,+1
pi,pi,58,83,58151.855162,1.984631e-02,3,3,3.5,f,+2.5,+1,4,4,4.5,e,+2.5,+1
pi,pi,57,82,58151.855163,9.185997e-03,3,3,3.5,f,+1.5,+1,4,4,4.5,e,+1.5,+1
pi,pi,56,81,58151.855164,1.134070e-03,3,3,3.5,f,+0.5,+1,4,4,4.5,e,+0.5,+1
pi,pi,55,80,58151.855165,1.134080e-03,3,3,3.5,f,-0.5,+1,4,4,4.5,e,-0.5,+1
pi,pi,54,79,58151.855166,9.186016e-03,3,3,3.5,f,-1.5,+1,4,4,4.5,e,-1.5,+1
pi,pi,53,78,58151.855167,1.984631e-02,3,3,3.5,f,-2.5,+1,4,4,4.5,e,-2.5,+1
pi,pi,52,77,58151.855168,2.222786e-02,3,3,3.5,f,-3.5,+1,4,4,4.5,e,-3.5,+1
pi,pi,52,60,58156.290621,2.777307e-03,3,3,3.5,f,-3.5,+1,4,4,3.5,e,-3.5,+1
pi,pi,53,61,58156.290622,5.667985e-05,3,3,3.5,f,-2.5,+1,4,4,3.5,e,-2.5,+1
pi,pi,54,62,58156.290623,5.101161e-04,3,3,3.5,f,-1.5,+1,4,4,3.5,e,-1.5,+1
pi,pi,55,63,58156.290624,1.416989e-03,3,3,3.5,f,-0.5,+1,4,4,3.5,e,-0.5,+1
pi,pi,56,64,58156.290625,1.416988e-03,3,3,3.5,f,+0.5,+1,4,4,3.5,e,+0.5,+1
pi,pi,57,65,58156.290626,5.101156e-04,3,3,3.5,f,+1.5,+1,4,4,3.5,e,+1.5,+1
pi,pi,58,66,58156.290627,5.667923e-05,3,3,3.5,f,+2.5,+1,4,4,3.5,e,+2.5,+1
pi,pi,59,67,58156.290628,2.777288e-03,3,3,3.5,f,+3.5,+1,4,4,3.5,e,+3.5,+1
pi,pi,37,93,58230.698963,5.296710e-04,3,3,2.5,e,+2.5,-1,4,4,4.5,f,+2.5,-1
pi,pi,36,92,58230.698968,1.135010e-03,3,3,2.5,e,+1.5,-1,4,4,4.5,f,+1.5,-1
pi,pi,35,91,58230.698973,1.513348e-03,3,3,2.5,e,+0.5,-1,4,4,4.5,f,+0.5,-1
pi,pi,34,90,58230.698979,1.513350e-03,3,3,2.5,e,-0.5,-1,4,4,4.5,f,-0.5,-1
pi,pi,33,89,58230.698984,1.135013e-03,3,3,2.5,e,-1.5,-1,4,4,4.5,f,-1.5,-1
pi,pi,32,88,58230.698989,5.296734e-04,3,3,2.5,e,-2.5,-1,4,4,4.5,f,-2.5,-1
pi,pi,37,74,58235.134428,2.361109e-02,3,3,2.5,e,+2.5,-1,4,4,3.5,f,+2.5,-1
pi,pi,36,73,58235.134431,1.416666e-02,3,3,2.5,e,+1.5,-1,4,4,3.5,f,+1.5,-1
pi,pi,35,72,58235.134434,1.888893e-03,3,3,2.5,e,+0.5,-1,4,4,3.5,f,+0.5,-1
pi,pi,34,71,58235.134438,1.888881e-03,3,3,2.5,e,-0.5,-1,4,4,3.5,f,-0.5,-1
pi,pi,33,70,58235.134441,1.416664e-02,3,3,2.5,e,-1.5,-1,4,4,3.5,f,-1.5,-1
pi,pi,32,69,58235.134444,2.361108e-02,3,3,2.5,e,-2.5,-1,4,4,3.5,f,-2.5,-1
pi,pi,51,94,58236.495153,2.222788e-02,3,3,3.5,e,+3.5,-1,4,4,4.5,f,+3.5,-1
pi,pi,50,93,58236.495155,1.984631e-02,3,3,3.5,e,+2.5,-1,4,4,4.5,f,+2.5,-1
pi,pi,49,92,58236.495157,9.185997e-03,3,3,3.5,e,+1.5,-1,4,4,4.5,f,+1.5,-1
pi,pi,48,91,58236.495159,1.134070e-03,3,3,3.5,e,+0.5,-1,4,4,4.5,f,+0.5,-1
pi,pi,47,90,58236.495161,1.134080e-03,3,3,3.5,e,-0.5,-1,4,4,4.5,f,-0.5,-1
pi,pi,46,89,58236.495163,9.186016e-03,3,3,3.5,e,-1.5,-1,4,4,4.5,f,-1.5,-1
pi,pi,45,88,58236.495165,1.984631e-02,3,3,3.5,e,-2.5,-1,4,4,4.5,f,-2.5,-1
pi,pi,44,87,58236.495167,2.222786e-02,3,3,3.5,e,-3.5,-1,4,4,4.5,f,-3.5,-1
pi,pi,51,75,58240.930619,2.777289e-03,3,3,3.5,e,+3.5,-1,4,4,3.5,f,+3.5,-1
pi,pi,50,74,58240.930619,5.667944e-05,3,3,3.5,e,+2.5,-1,4,4,3.5,f,+2.5,-1
pi,pi,49,73,58240.930619,5.101152e-04,3,3,3.5,e,+1.5,-1,4,4,3.5,f,+1.5,-1
pi,pi,48,72,58240.930620,1.416988e-03,3,3,3.5,e,+0.5,-1,4,4,3.5,f,+0.5,-1
pi,pi,47,71,58240.930620,1.416990e-03,3,3,3.5,e,-0.5,-1,4,4,3.5,f,-0.5,-1
pi,pi,46,70,58240.930620,5.101168e-04,3,3,3.5,e,-1.5,-1,4,4,3.5,f,-1.5,-1
pi,pi,45,69,58240.930620,5.667967e-05,3,3,3.5,e,-2.5,-1,4,4,3.5,f,-2.5,-1
pi,pi,44,68,58240.930620,2.777307e-03,3,3,3.5,e,-3.5,-1,4,4,3.5,f,-3.5,-1
pi,pi,75,125,72671.161243,1.470993e-04,4,4,3.5,f,+3.5,-1,5,5,5.5,e,+3.5,-1
pi,pi,74,124,72671.161245,3.432321e-04,4,4,3.5,f,+2.5,-1,5,5,5.5,e,+2.5,-1
pi,pi,73,123,72671.161247,5.148489e-04,4,4,3.5,f,+1.5,-1,5,5,5.5,e,+1.5,-1
pi,pi,72,122,72671.161249,6.129163e-04,4,4,3.5,f,+0.5,-1,5,5,5.5,e,+0.5,-1
pi,pi,71,121,72671.161252,6.129171e-04,4,4,3.5,f,-0.5,-1,5,5,5.5,e,-0.5,-1
pi,pi,70,120,72671.161254,5.148511e-04,4,4,3.5,f,-1.5,-1,5,5,5.5,e,-1.5,-1
pi,pi,69,119,72671.161256,3.432346e-04,4,4,3.5,f,-2.5,-1,5,5,5.5,e,-2.5,-1
pi,pi,68,118,72671.161258,1.471008e-04,4,4,3.5,f,-3.5,-1,5,5,5.5,e,-3.5,-1
pi,pi,75,104,72674.738706,1.439394e-02,4,4,3.5,f,+3.5,-1,5,5,4.5,e,+3.5,-1
pi,pi,74,103,72674.738707,1.285173e-02,4,4,3.5,f,+2.5,-1,5,5,4.5,e,+2.5,-1
pi,pi,73,102,72674.738707,5.948520e-03,4,4,3.5,f,+1.5,-1,5,5,4.5,e,+1.5,-1
pi,pi,72,101,72674.738708,7.343871e-04,4,4,3.5,f,+0.5,-1,5,5,4.5,e,+0.5,-1
pi,pi,71,100,72674.738709,7.343817e-04,4,4,3.5,f,-0.5,-1,5,5,4.5,e,-0.5,-1
pi,pi,70,99,72674.738709,5.948508e-03,4,4,3.5,f,-1.5,-1,5,5,4.5,e,-1.5,-1
pi,pi,69,98,72674.738710,1.285172e-02,4,4,3.5,f,-2.5,-1,5,5,4.5,e,-2.5,-1
pi,pi,68,97,72674.738711,1.439393e-02,4,4,3.5,f,-3.5,-1,5,5,4.5,e,-3.5,-1
pi,pi,95,126,72675.596709,1.322603e-02,4,4,4.5,f,+4.5,-1,5,5,5.5,e,+4.5,-1
pi,pi,94,125,72675.596709,1.440167e-02,4,4,4.5,f,+3.5,-1,5,5,5.5,e,+3.5,-1
pi,pi,93,124,72675.596710,9.797051e-03,4,4,4.5,f,+2.5,-1,5,5,5.5,e,+2.5,-1
pi,pi,92,123,72675.596710,4.114758e-03,4,4,4.5,f,+1.5,-1,5,5,5.5,e,+1.5,-1
pi,pi,91,122,72675.596710,4.898506e-04,4,4,4.5,f,+0.5,-1,5,5,5.5,e,+0.5,-1
pi,pi,90,121,72675.596711,4.898550e-04,4,4,4.5,f,-0.5,-1,5,5,5.5,e,-0.5,-1
pi,pi,89,120,72675.596711,4.114768e-03,4,4,4.5,f,-1.5,-1,5,5,5.5,e,-1.5,-1
pi,pi,88,119,72675.596711,9.797059e-03,4,4,4.5,f,-2.5,-1,5,5,5.5,e,-2.5,-1
pi,pi,87,118,72675.596711,1.440167e-02,4,4,4.5,f,-3.5,-1,5,5,5.5,e,-3.5,-1
pi,pi,86,117,72675.596712,1.322602e-02,4,4,4.5,f,-4.5,-1,5,5,5.5,e,-4.5,-1
pi,pi,86,96,72679.174163,1.322173e-03,4,4,4.5,f,-4.5,-1,5,5,4.5,e,-4.5,-1
pi,pi,87,97,72679.174164,1.469083e-04,4,4,4.5,f,-3.5,-1,5,5,4.5,e,-3.5,-1
pi,pi,88,98,72679.174165,3.672678e-05,4,4,4.5,f,-2.5,-1,5,5,4.5,e,-2.5,-1
pi,pi,89,99,72679.174166,3.305419e-04,4,4,4.5,f,-1.5,-1,5,5,4.5,e,-1.5,-1
pi,pi,90,100,72679.174168,5.876301e-04,4,4,4.5,f,-0.5,-1,5,5,4.5,e,-0.5,-1
pi,pi,91,101,72679.174169,5.876300e-04,4,4,4.5,f,+0.5,-1,5,5,4.5,e,+0.5,-1
pi,pi,92,102,72679.174170,3.305419e-04,4,4,4.5,f,+1.5,-1,5,5,4.5,e,+1.5,-1
pi,pi,93,103,72679.174171,3.672698e-05,4,4,4.5,f,+2.5,-1,5,5,4.5,e,+2.5,-1
pi,pi,94,104,72679.174172,1.469068e-04,4,4,4.5,f,+3.5,-1,5,5,4.5,e,+3.5,-1
pi,pi,95,105,72679.174173,1.322162e-03,4,4,4.5,f,+4.5,-1,5,5,4.5,e,+4.5,-1
pi,pi,1,35,72722.836459,5.334969e-02,1,1,0.5,e,+0.5,-1,3,3,2.5,e,+0.5,-1
pi,pi,0,34,72722.836497,5.334974e-02,1,1,0.5,e,-0.5,-1,3,3,2.5,e,-0.5,-1
pi,pi,7,49,72732.087872,3.264746e-02,1,1,1.5,e,+1.5,-1,3,3,3.5,e,+1.5,-1
pi,pi,6,48,72732.087888,5.876539e-02,1,1,1.5,e,+0.5,-1,3,3,3.5,e,+0.5,-1
pi,pi,5,47,72732.087904,5.876535e-02,1,1,1.5,e,-0.5,-1,3,3,3.5,e,-0.5,-1
pi,pi,4,46,72732.087919,3.264739e-02,1,1,1.5,e,-1.5,-1,3,3,3.5,e,-1.5,-1
pi,pi,7,36,72737.884061,1.306067e-02,1,1,1.5,e,+1.5,-1,3,3,2.5,e,+1.5,-1
pi,pi,6,35,72737.884073,2.176788e-03,1,1,1.5,e,+0.5,-1,3,3,2.5,e,+0.5,-1
pi,pi,5,34,72737.884086,2.176780e-03,1,1,1.5,e,-0.5,-1,3,3,2.5,e,-0.5,-1
pi,pi,4,33,72737.884098,1.306074e-02,1,1,1.5,e,-1.5,-1,3,3,2.5,e,-1.5,-1
pi,pi,3,41,72749.286457,5.334967e-02,1,1,0.5,f,+0.5,+1,3,3,2.5,f,+0.5,+1
pi,pi,2,40,72749.286494,5.334972e-02,1,1,0.5,f,-0.5,+1,3,3,2.5,f,-0.5,+1
pi,pi,11,57,72758.537872,3.264746e-02,1,1,1.5,f,+1.5,+1,3,3,3.5,f,+1.5,+1
pi,pi,10,56,72758.537887,5.876538e-02,1,1,1.5,f,+0.5,+1,3,3,3.5,f,+0.5,+1
pi,pi,9,55,72758.537903,5.876534e-02,1,1,1.5,f,-0.5,+1,3,3,3.5,f,-0.5,+1
pi,pi,8,54,72758.537919,3.264739e-02,1,1,1.5,f,-1.5,+1,3,3,3.5,f,-1.5,+1
pi,pi,11,42,72764.334060,1.306070e-02,1,1,1.5,f,+1.5,+1,3,3,2.5,f,+1.5,+1
pi,pi,10,41,72764.334073,2.176793e-03,1,1,1.5,f,+0.5,+1,3,3,2.5,f,+0.5,+1
pi,pi,9,40,72764.334085,2.176784e-03,1,1,1.5,f,-0.5,+1,3,3,2.5,f,-0.5,+1
pi,pi,8,39,72764.334098,1.306076e-02,1,1,1.5,f,-1.5,+1,3,3,2.5,f,-1.5,+1
pi,pi,67,137,72803.411234,1.470995e-04,4,4,3.5,e,+3.5,+1,5,5,5.5,f,+3.5,+1
pi,pi,66,136,72803.411237,3.432325e-04,4,4,3.5,e,+2.5,+1,5,5,5.5,f,+2.5,+1
pi,pi,65,135,72803.411241,5.148493e-04,4,4,3.5,e,+1.5,+1,5,5,5.5,f,+1.5,+1
pi,pi,64,134,72803.411244,6.129163e-04,4,4,3.5,e,+0.5,+1,5,5,5.5,f,+0.5,+1
pi,pi,63,133,72803.411247,6.129168e-04,4,4,3.5,e,-0.5,+1,5,5,5.5,f,-0.5,+1
pi,pi,62,132,72803.411251,5.148506e-04,4,4,3.5,e,-1.5,+1,5,5,5.5,f,-1.5,+1
pi,pi,61,131,72803.411254,3.432340e-04,4,4,3.5,e,-2.5,+1,5,5,5.5,f,-2.5,+1
pi,pi,60,130,72803.411257,1.471004e-04,4,4,3.5,e,-3.5,+1,5,5,5.5,f,-3.5,+1
pi,pi,67,114,72806.988697,1.439394e-02,4,4,3.5,e,+3.5,+1,5,5,4.5,f,+3.5,+1
pi,pi,66,113,72806.988699,1.285173e-02,4,4,3.5,e,+2.5,+1,5,5,4.5,f,+2.5,+1
pi,pi,65,112,72806.988701,5.948520e-03,4,4,3.5,e,+1.5,+1,5,5,4.5,f,+1.5,+1
pi,pi,64,111,72806.988703,7.343871e-04,4,4,3.5,e,+0.5,+1,5,5,4.5,f,+0.5,+1
pi,pi,63,110,72806.988704,7.343817e-04,4,4,3.5,e,-0.5,+1,5,5,4.5,f,-0.5,+1
pi,pi,62,109,72806.988706,5.948508e-03,4,4,3.5,e,-1.5,+1,5,5,4.5,f,-1.5,+1
pi,pi,61,108,72806.988708,1.285172e-02,4,4,3.5,e,-2.5,+1,5,5,4.5,f,-2.5,+1
pi,pi,60,107,72806.988710,1.439393e-02,4,4,3.5,e,-3.5,+1,5,5,4.5,f,-3.5,+1
pi,pi,85,138,72807.846700,1.322603e-02,4,4,4.5,e,+4.5,+1,5,5,5.5,f,+4.5,+1
pi,pi,84,137,72807.846701,1.440167e-02,4,4,4.5,e,+3.5,+1,5,5,5.5,f,+3.5,+1
pi,pi,83,136,72807.846702,9.797051e-03,4,4,4.5,e,+2.5,+1,5,5,5.5,f,+2.5,+1
pi,pi,82,135,72807.846704,4.114758e-03,4,4,4.5,e,+1.5,+1,5,5,5.5,f,+1.5,+1
pi,pi,81,134,72807.846705,4.898506e-04,4,4,4.5,e,+0.5,+1,5,5,5.5,f,+0.5,+1
pi,pi,80,133,72807.846706,4.898549e-04,4,4,4.5,e,-0.5,+1,5,5,5.5,f,-0.5,+1
pi,pi,79,132,72807.846708,4.114768e-03,4,4,4.5,e,-1.5,+1,5,5,5.5,f,-1.5,+1
pi,pi,78,131,72807.846709,9.797059e-03,4,4,4.5,e,-2.5,+1,5,5,5.5,f,-2.5,+1
pi,pi,77,130,72807.846710,1.440167e-02,4,4,4.5,e,-3.5,+1,5,5,5.5,f,-3.5,+1
pi,pi,76,129,72807.846711,1.322602e-02,4,4,4.5,e,-4.5,+1,5,5,5.5,f,-4.5,+1
pi,pi,76,106,72811.424163,1.322173e-03,4,4,4.5,e,-4.5,+1,5,5,4.5,f,-4.5,+1
pi,pi,77,107,72811.424163,1.469080e-04,4,4,4.5,e,-3.5,+1,5,5,4.5,f,-3.5,+1
pi,pi,78,108,72811.424163,3.672695e-05,4,4,4.5,e,-2.5,+1,5,5,4.5,f,-2.5,+1
pi,pi,79,109,72811.424163,3.305424e-04,4,4,4.5,e,-1.5,+1,5,5,4.5,f,-1.5,+1
pi,pi,80,110,72811.424163,5.876304e-04,4,4,4.5,e,-0.5,+1,5,5,4.5,f,-0.5,+1
pi,pi,81,111,72811.424163,5.876300e-04,4,4,4.5,e,+0.5,+1,5,5,4.5,f,+0.5,+1
pi,pi,82,112,72811.424163,3.305416e-04,4,4,4.5,e,+1.5,+1,5,5,4.5,f,+1.5,+1
pi,pi,83,113,72811.424163,3.672683e-05,4,4,4.5,e,+2.5,+1,5,5,4.5,f,+2.5,+1
pi,pi,84,114,72811.424163,1.469071e-04,4,4,4.5,e,+3.5,+1,5,5,4.5,f,+3.5,+1
pi,pi,85,115,72811.424163,1.322163e-03,4,4,4.5,e,+4.5,+1,5,5,4.5,f,+4.5,+1
pi,pi,15,65,101818.188002,4.081983e-02,2,2,1.5,e,+1.5,+1,4,4,3.5,e,+1.5,+1
pi,pi,14,64,101818.188012,7.347572e-02,2,2,1.5,e,+0.5,+1,4,4,3.5,e,+0.5,+1
pi,pi,13,63,101818.188022,7.347575e-02,2,2,1.5,e,-0.5,+1,4,4,3.5,e,-0.5,+1
pi,pi,12,62,101818.188031,4.081987e-02,2,2,1.5,e,-1.5,+1,4,4,3.5,e,-1.5,+1
pi,pi,25,83,101822.082203,2.645343e-02,2,2,2.5,e,+2.5,+1,4,4,4.5,e,+2.5,+1
pi,pi,24,82,101822.082208,5.668589e-02,2,2,2.5,e,+1.5,+1,4,4,4.5,e,+1.5,+1
pi,pi,23,81,101822.082213,7.558117e-02,2,2,2.5,e,+0.5,+1,4,4,4.5,e,+0.5,+1
pi,pi,22,80,101822.082218,7.558114e-02,2,2,2.5,e,-0.5,+1,4,4,4.5,e,-0.5,+1
pi,pi,21,79,101822.082224,5.668583e-02,2,2,2.5,e,-1.5,+1,4,4,4.5,e,-1.5,+1
pi,pi,20,78,101822.082229,2.645338e-02,2,2,2.5,e,-2.5,+1,4,4,4.5,e,-2.5,+1
pi,pi,25,66,101826.517668,7.558474e-03,2,2,2.5,e,+2.5,+1,4,4,3.5,e,+2.5,+1
pi,pi,24,65,101826.517671,4.535090e-03,2,2,2.5,e,+1.5,+1,4,4,3.5,e,+1.5,+1
pi,pi,23,64,101826.517674,6.046791e-04,2,2,2.5,e,+0.5,+1,4,4,3.5,e,+0.5,+1
pi,pi,22,63,101826.517677,6.046805e-04,2,2,2.5,e,-0.5,+1,4,4,3.5,e,-0.5,+1
pi,pi,21,62,101826.517681,4.535108e-03,2,2,2.5,e,-1.5,+1,4,4,3.5,e,-1.5,+1
pi,pi,20,61,101826.517684,7.558521e-03,2,2,2.5,e,-2.5,+1,4,4,3.5,e,-2.5,+1
pi,pi,19,73,101855.218002,4.081983e-02,2,2,1.5,f,+1.5,-1,4,4,3.5,f,+1.5,-1
pi,pi,18,72,101855.218011,7.347571e-02,2,2,1.5,f,+0.5,-1,4,4,3.5,f,+0.5,-1
pi,pi,17,71,101855.218021,7.347574e-02,2,2,1.5,f,-0.5,-1,4,4,3.5,f,-0.5,-1
pi,pi,16,70,101855.218031,4.081987e-02,2,2,1.5,f,-1.5,-1,4,4,3.5,f,-1.5,-1
pi,pi,31,93,101859.112203,2.645342e-02,2,2,2.5,f,+2.5,-1,4,4,4.5,f,+2.5,-1
pi,pi,30,92,101859.112208,5.668589e-02,2,2,2.5,f,+1.5,-1,4,4,4.5,f,+1.5,-1
pi,pi,29,91,101859.112213,7.558116e-02,2,2,2.5,f,+0.5,-1,4,4,4.5,f,+0.5,-1
pi,pi,28,90,101859.112218,7.558113e-02,2,2,2.5,f,-0.5,-1,4,4,4.5,f,-0.5,-1
pi,pi,27,89,101859.112224,5.668583e-02,2,2,2.5,f,-1.5,-1,4,4,4.5,f,-1.5,-1
pi,pi,26,88,101859.112229,2.645338e-02,2,2,2.5,f,-2.5,-1,4,4,4.5,f,-2.5,-1
pi,pi,31,74,101863.547667,7.558490e-03,2,2,2.5,f,+2.5,-1,4,4,3.5,f,+2.5,-1
pi,pi,30,73,101863.547671,4.535100e-03,2,2,2.5,f,+1.5,-1,4,4,3.5,f,+1.5,-1
pi,pi,29,72,101863.547674,6.046807e-04,2,2,2.5,f,+0.5,-1,4,4,3.5,f,+0.5,-1
pi,pi,28,71,101863.547677,6.046813e-04,2,2,2.5,f,-0.5,-1,4,4,3.5,f,-0.5,-1
pi,pi,27,70,101863.547681,4.535115e-03,2,2,2.5,f,-1.5,-1,4,4,3.5,f,-1.5,-1
pi,pi,26,69,101863.547684,7.558535e-03,2,2,2.5,f,-2.5,-1,4,4,3.5,f,-2.5,-1
pi,pi,37,103,130909.873134,2.857247e-02,3,3,2.5,e,+2.5,-1,5,5,4.5,e,+2.5,-1
pi,pi,36,102,130909.873138,6.122673e-02,3,3,2.5,e,+1.5,-1,5,5,4.5,e,+1.5,-1
pi,pi,35,101,130909.873142,8.163565e-02,3,3,2.5,e,+0.5,-1,5,5,4.5,e,+0.5,-1
pi,pi,34,100,130909.873146,8.163567e-02,3,3,2.5,e,-0.5,-1,5,5,4.5,e,-0.5,-1
pi,pi,33,99,130909.873150,6.122677e-02,3,3,2.5,e,-1.5,-1,5,5,4.5,e,-1.5,-1
pi,pi,32,98,130909.873154,2.857250e-02,3,3,2.5,e,-2.5,-1,5,5,4.5,e,-2.5,-1
pi,pi,51,125,130912.091862,1.983416e-02,3,3,3.5,e,+3.5,-1,5,5,5.5,e,+3.5,-1
pi,pi,50,124,130912.091864,4.627969e-02,3,3,3.5,e,+2.5,-1,5,5,5.5,e,+2.5,-1
pi,pi,49,123,130912.091867,6.941951e-02,3,3,3.5,e,+1.5,-1,5,5,5.5,e,+1.5,-1
pi,pi,48,122,130912.091869,8.264226e-02,3,3,3.5,e,+0.5,-1,5,5,5.5,e,+0.5,-1
pi,pi,47,121,130912.091871,8.264224e-02,3,3,3.5,e,-0.5,-1,5,5,5.5,e,-0.5,-1
pi,pi,46,120,130912.091874,6.941947e-02,3,3,3.5,e,-1.5,-1,5,5,5.5,e,-1.5,-1
pi,pi,45,119,130912.091876,4.627963e-02,3,3,3.5,e,-2.5,-1,5,5,5.5,e,-2.5,-1
pi,pi,44,118,130912.091878,1.983412e-02,3,3,3.5,e,-3.5,-1,5,5,5.5,e,-3.5,-1
pi,pi,11,65,130914.828498,9.120157e-10,1,1,1.5,f,+1.5,+1,4,4,3.5,e,+1.5,+1
pi,pi,10,64,130914.828512,1.641633e-09,1,1,1.5,f,+0.5,+1,4,4,3.5,e,+0.5,+1
pi,pi,9,63,130914.828527,1.641637e-09,1,1,1.5,f,-0.5,+1,4,4,3.5,e,-0.5,+1
pi,pi,8,62,130914.828542,9.120234e-10,1,1,1.5,f,-1.5,+1,4,4,3.5,e,-1.5,+1
pi,pi,51,104,130915.669325,4.407678e-03,3,3,3.5,e,+3.5,-1,5,5,4.5,e,+3.5,-1
pi,pi,50,103,130915.669326,3.935428e-03,3,3,3.5,e,+2.5,-1,5,5,4.5,e,+2.5,-1
pi,pi,49,102,130915.669327,1.821541e-03,3,3,3.5,e,+1.5,-1,5,5,4.5,e,+1.5,-1
pi,pi,48,101,130915.669327,2.248810e-04,3,3,3.5,e,+0.5,-1,5,5,4.5,e,+0.5,-1
pi,pi,47,100,130915.669328,2.248837e-04,3,3,3.5,e,-0.5,-1,5,5,4.5,e,-0.5,-1
pi,pi,46,99,130915.669329,1.821552e-03,3,3,3.5,e,-1.5,-1,5,5,4.5,e,-1.5,-1
pi,pi,45,98,130915.669330,3.935453e-03,3,3,3.5,e,-2.5,-1,5,5,4.5,e,-2.5,-1
pi,pi,44,97,130915.669331,4.407709e-03,3,3,3.5,e,-3.5,-1,5,5,4.5,e,-3.5,-1
pi,pi,43,113,130957.483134,2.857247e-02,3,3,2.5,f,+2.5,+1,5,5,4.5,f,+2.5,+1
pi,pi,42,112,130957.483138,6.122673e-02,3,3,2.5,f,+1.5,+1,5,5,4.5,f,+1.5,+1
pi,pi,41,111,130957.483142,8.163565e-02,3,3,2.5,f,+0.5,+1,5,5,4.5,f,+0.5,+1
pi,pi,40,110,130957.483146,8.163566e-02,3,3,2.5,f,-0.5,+1,5,5,4.5,f,-0.5,+1
pi,pi,39,109,130957.483150,6.122676e-02,3,3,2.5,f,-1.5,+1,5,5,4.5,f,-1.5,+1
pi,pi,38,108,130957.483154,2.857249e-02,3,3,2.5,f,-2.5,+1,5,5,4.5,f,-2.5,+1
pi,pi,59,137,130959.701862,1.983415e-02,3,3,3.5,f,+3.5,+1,5,5,5.5,f,+3.5,+1
pi,pi,58,136,130959.701864,4.627968e-02,3,3,3.5,f,+2.5,+1,5,5,5.5,f,+2.5,+1
pi,pi,57,135,130959.701867,6.941951e-02,3,3,3.5,f,+1.5,+1,5,5,5.5,f,+1.5,+1
pi,pi,56,134,130959.701869,8.264226e-02,3,3,3.5,f,+0.5,+1,5,5,5.5,f,+0.5,+1
pi,pi,55,133,130959.701871,8.264224e-02,3,3,3.5,f,-0.5,+1,5,5,5.5,f,-0.5,+1
pi,pi,54,132,130959.701874,6.941947e-02,3,3,3.5,f,-1.5,+1,5,5,5.5,f,-1.5,+1
pi,pi,53,131,130959.701876,4.627963e-02,3,3,3.5,f,-2.5,+1,5,5,5.5,f,-2.5,+1
pi,pi,52,130,130959.701878,1.983412e-02,3,3,3.5,f,-3.5,+1,5,5,5.5,f,-3.5,+1
pi,pi,59,114,130963.279324,4.407687e-03,3,3,3.5,f,+3.5,+1,5,5,4.5,f,+3.5,+1
pi,pi,58,113,130963.279325,3.935437e-03,3,3,3.5,f,+2.5,+1,5,5,4.5,f,+2.5,+1
pi,pi,57,112,130963.279326,1.821546e-03,3,3,3.5,f,+1.5,+1,5,5,4.5,f,+1.5,+1
pi,pi,56,111,130963.279327,2.248817e-04,3,3,3.5,f,+0.5,+1,5,5,4.5,f,+0.5,+1
pi,pi,55,110,130963.279328,2.248838e-04,3,3,3.5,f,-0.5,+1,5,5,4.5,f,-0.5,+1
pi,pi,54,109,130963.279329,1.821555e-03,3,3,3.5,f,-1.5,+1,5,5,4.5,f,-1.5,+1
pi,pi,53,108,130963.279330,3.935459e-03,3,3,3.5,f,-2.5,+1,5,5,4.5,f,-2.5,+1
pi,pi,52,107,130963.279331,4.407717e-03,3,3,3.5,f,-3.5,+1,5,5,4.5,f,-3.5,+1
pi,pi,7,73,130973.018492,9.120168e-10,1,1,1.5,e,+1.5,-1,4,4,3.5,f,+1.5,-1
pi,pi,6,72,130973.018508,1.641635e-09,1,1,1.5,e,+0.5,-1,4,4,3.5,f,+0.5,-1
pi,pi,5,71,130973.018523,1.641639e-09,1,1,1.5,e,-0.5,-1,4,4,3.5,f,-0.5,-1
pi,pi,4,70,130973.018539,9.120245e-10,1,1,1.5,e,-1.5,-1,4,4,3.5,f,-1.5,-1
pi,pi,31,103,174538.286374,2.153309e-10,2,2,2.5,f,+2.5,-1,5,5,4.5,e,+2.5,-1
pi,pi,30,102,174538.286378,4.614240e-10,2,2,2.5,f,+1.5,-1,5,5,4.5,e,+1.5,-1
pi,pi,29,101,174538.286382,6.152329e-10,2,2,2.5,f,+0.5,-1,5,5,4.5,e,+0.5,-1
pi,pi,28,100,174538.286386,6.152337e-10,2,2,2.5,f,-0.5,-1,5,5,4.5,e,-0.5,-1
pi,pi,27,99,174538.286390,4.614259e-10,2,2,2.5,f,-1.5,-1,5,5,4.5,e,-1.5,-1
pi,pi,26,98,174538.286394,2.153324e-10,2,2,2.5,f,-2.5,-1,5,5,4.5,e,-2.5,-1
pi,pi,25,113,174633.506366,2.153311e-10,2,2,2.5,e,+2.5,+1,5,5,4.5,f,+2.5,+1
pi,pi,24,112,174633.506372,4.614245e-10,2,2,2.5,e,+1.5,+1,5,5,4.5,f,+1.5,+1
pi,pi,23,111,174633.506377,6.152335e-10,2,2,2.5,e,+0.5,+1,5,5,4.5,f,+0.5,+1
pi,pi,22,110,174633.506382,6.152344e-10,2,2,2.5,e,-0.5,+1,5,5,4.5,f,-0.5,+1
pi,pi,21,109,174633.506387,4.614264e-10,2,2,2.5,e,-1.5,+1,5,5,4.5,f,-1.5,+1
pi,pi,20,108,174633.506392,2.153326e-10,2,2,2.5,e,-2.5,+1,5,5,4.5,f,-2.5,+1
