eps1,eps2,i,j,freq_MHz,strength,a_J,a_F1,a_F,a_ef,a_mF,a_parity,b_J,b_F1,b_F,b_ef,b_mF,b_parity
sigma+,sigma-,106,20,-174633.556237,1.960725e-09,5,5,4.5,f,-4.5,+1,2,2,2.5,e,-2.5,+1
sigma+,sigma-,107,21,-174633.505480,1.074025e-09,5,5,4.5,f,-3.5,+1,2,2,2.5,e,-1.5,+1
sigma+,sigma-,108,22,-174633.454432,5.295415e-10,5,5,4.5,f,-2.5,+1,2,2,2.5,e,-0.5,+1
sigma+,sigma-,109,23,-174633.403099,2.238115e-10,5,5,4.5,f,-1.5,+1,2,2,2.5,e,+0.5,+1
sigma+,sigma-,110,24,-174633.351489,7.358045e-11,5,5,4.5,f,-0.5,+1,2,2,2.5,e,+1.5,+1
sigma+,sigma-,111,25,-174633.299607,1.451557e-11,5,5,4.5,f,+0.5,+1,2,2,2.5,e,+2.5,+1
sigma+,sigma-,107,12,-174625.272785,1.193588e-12,5,5,4.5,f,-3.5,+1,2,2,1.5,e,-1.5,+1
sigma+,sigma-,96,26,-174538.296504,1.960748e-09,5,5,4.5,e,-4.5,-1,2,2,2.5,f,-2.5,-1
sigma+,sigma-,97,27,-174538.256608,1.074067e-09,5,5,4.5,e,-3.5,-1,2,2,2.5,f,-1.5,-1
sigma+,sigma-,98,28,-174538.216436,5.295707e-10,5,5,4.5,e,-2.5,-1,2,2,2.5,f,-0.5,-1
sigma+,sigma-,99,29,-174538.175994,2.238248e-10,5,5,4.5,e,-1.5,-1,2,2,2.5,f,+0.5,-1
sigma+,sigma-,100,30,-174538.135286,7.358429e-11,5,5,4.5,e,-0.5,-1,2,2,2.5,f,+1.5,-1
sigma+,sigma-,101,31,-174538.094319,1.451606e-11,5,5,4.5,e,+0.5,-1,2,2,2.5,f,+2.5,-1
sigma+,sigma-,97,16,-174530.020534,1.173395e-12,5,5,4.5,e,-3.5,-1,2,2,1.5,f,-1.5,-1
sigma+,sigma-,68,4,-130973.150257,4.856673e-09,4,4,3.5,f,-3.5,-1,1,1,1.5,e,-1.5,-1
sigma+,sigma-,69,5,-130972.994601,2.022223e-09,4,4,3.5,f,-2.5,-1,1,1,1.5,e,-0.5,-1
sigma+,sigma-,70,6,-130972.836769,6.551694e-10,4,4,3.5,f,-1.5,-1,1,1,1.5,e,+0.5,-1
sigma+,sigma-,71,7,-130972.676866,1.274071e-10,4,4,3.5,f,-0.5,-1,1,1,1.5,e,+1.5,-1
sigma+,sigma-,106,53,-130963.226692,5.782728e-03,5,5,4.5,f,-4.5,+1,3,3,3.5,f,-2.5,+1
sigma+,sigma-,107,54,-130963.216661,7.649403e-03,5,5,4.5,f,-3.5,+1,3,3,3.5,f,-1.5,+1
sigma+,sigma-,108,55,-130963.206526,7.115329e-03,5,5,4.5,f,-2.5,+1,3,3,3.5,f,-0.5,+1
sigma+,sigma-,109,56,-130963.196288,5.379366e-03,5,5,4.5,f,-1.5,+1,3,3,3.5,f,+0.5,+1
sigma+,sigma-,110,57,-130963.185949,3.336454e-03,5,5,4.5,f,-0.5,+1,3,3,3.5,f,+1.5,+1
sigma+,sigma-,111,58,-130963.175509,1.589418e-03,5,5,4.5,f,+0.5,+1,3,3,3.5,f,+2.5,+1
sigma+,sigma-,112,59,-130963.164972,4.601227e-04,5,5,4.5,f,+1.5,+1,3,3,3.5,f,+3.5,+1
sigma+,sigma-,128,52,-130959.731944,2.727189e-01,5,5,5.5,f,-5.5,+1,3,3,3.5,f,-3.5,+1
sigma+,sigma-,129,53,-130959.708536,1.739247e-01,5,5,5.5,f,-4.5,+1,3,3,3.5,f,-2.5,+1
sigma+,sigma-,130,54,-130959.685074,1.045781e-01,5,5,5.5,f,-3.5,+1,3,3,3.5,f,-1.5,+1
sigma+,sigma-,131,55,-130959.661558,5.822159e-02,5,5,5.5,f,-2.5,+1,3,3,3.5,f,-0.5,+1
sigma+,sigma-,132,56,-130959.637991,2.917144e-02,5,5,5.5,f,-1.5,+1,3,3,3.5,f,+0.5,+1
sigma+,sigma-,133,57,-130959.614371,1.252775e-02,5,5,5.5,f,-0.5,+1,3,3,3.5,f,+1.5,+1
sigma+,sigma-,134,58,-130959.590701,4.184390e-03,5,5,5.5,f,+0.5,+1,3,3,3.5,f,+2.5,+1
sigma+,sigma-,135,59,-130959.566982,8.385545e-04,5,5,5.5,f,+1.5,+1,3,3,3.5,f,+3.5,+1
sigma+,sigma-,69,0,-130958.068037,3.566149e-12,4,4,3.5,f,-2.5,-1,1,1,0.5,e,-0.5,-1
sigma+,sigma-,70,1,-130957.659796,1.168398e-12,4,4,3.5,f,-1.5,-1,1,1,0.5,e,+0.5,-1
sigma+,sigma-,106,38,-130957.504742,2.566598e-01,5,5,4.5,f,-4.5,+1,3,3,2.5,f,-2.5,+1
sigma+,sigma-,107,39,-130957.464521,1.423197e-01,5,5,4.5,f,-3.5,+1,3,3,2.5,f,-1.5,+1
sigma+,sigma-,108,40,-130957.424354,7.102747e-02,5,5,4.5,f,-2.5,+1,3,3,2.5,f,-0.5,+1
sigma+,sigma-,109,41,-130957.384240,3.038447e-02,5,5,4.5,f,-1.5,+1,3,3,2.5,f,+0.5,+1
sigma+,sigma-,110,42,-130957.344178,1.010982e-02,5,5,4.5,f,-0.5,+1,3,3,2.5,f,+1.5,+1
sigma+,sigma-,111,43,-130957.304167,2.018351e-03,5,5,4.5,f,+0.5,+1,3,3,2.5,f,+2.5,+1
sigma+,sigma-,129,38,-130953.986586,1.208826e-07,5,5,5.5,f,-4.5,+1,3,3,2.5,f,-2.5,+1
sigma+,sigma-,130,39,-130953.932934,1.206835e-07,5,5,5.5,f,-3.5,+1,3,3,2.5,f,-1.5,+1
sigma+,sigma-,131,40,-130953.879387,8.031388e-08,5,5,5.5,f,-2.5,+1,3,3,2.5,f,-0.5,+1
sigma+,sigma-,132,41,-130953.825943,4.008180e-08,5,5,5.5,f,-1.5,+1,3,3,2.5,f,+0.5,+1
sigma+,sigma-,133,42,-130953.772600,1.428665e-08,5,5,5.5,f,-0.5,+1,3,3,2.5,f,+1.5,+1
sigma+,sigma-,134,43,-130953.719358,2.851401e-09,5,5,5.5,f,+0.5,+1,3,3,2.5,f,+2.5,+1
sigma+,sigma-,96,45,-130915.600821,5.779827e-03,5,5,4.5,e,-4.5,-1,3,3,3.5,e,-2.5,-1
sigma+,sigma-,97,46,-130915.592169,7.643389e-03,5,5,4.5,e,-3.5,-1,3,3,3.5,e,-1.5,-1
sigma+,sigma-,98,47,-130915.583400,7.107780e-03,5,5,4.5,e,-2.5,-1,3,3,3.5,e,-0.5,-1
sigma+,sigma-,99,48,-130915.574514,5.372233e-03,5,5,4.5,e,-1.5,-1,3,3,3.5,e,+0.5,-1
sigma+,sigma-,100,49,-130915.565515,3.331176e-03,5,5,4.5,e,-0.5,-1,3,3,3.5,e,+1.5,-1
sigma+,sigma-,101,50,-130915.556404,1.586511e-03,5,5,4.5,e,+0.5,-1,3,3,3.5,e,+2.5,-1
sigma+,sigma-,102,51,-130915.547181,4.591713e-04,5,5,4.5,e,+1.5,-1,3,3,3.5,e,+3.5,-1
sigma+,sigma-,60,8,-130914.932152,4.856727e-09,4,4,3.5,e,-3.5,+1,1,1,1.5,f,-1.5,+1
sigma+,sigma-,61,9,-130914.786678,2.022295e-09,4,4,3.5,e,-2.5,+1,1,1,1.5,f,-0.5,+1
sigma+,sigma-,62,10,-130914.639089,6.551960e-10,4,4,3.5,e,-1.5,+1,1,1,1.5,f,+0.5,+1
sigma+,sigma-,63,11,-130914.489483,1.274108e-10,4,4,3.5,e,-0.5,+1,1,1,1.5,f,+1.5,+1
sigma+,sigma-,116,44,-130912.110434,2.727189e-01,5,5,5.5,e,-5.5,-1,3,3,3.5,e,-3.5,-1
sigma+,sigma-,117,45,-130912.087331,1.739553e-01,5,5,5.5,e,-4.5,-1,3,3,3.5,e,-2.5,-1
sigma+,sigma-,118,46,-130912.064170,1.046144e-01,5,5,5.5,e,-3.5,-1,3,3,3.5,e,-1.5,-1
sigma+,sigma-,119,47,-130912.040950,5.825145e-02,5,5,5.5,e,-2.5,-1,3,3,3.5,e,-0.5,-1
sigma+,sigma-,120,48,-130912.017673,2.919112e-02,5,5,5.5,e,-1.5,-1,3,3,3.5,e,+0.5,-1
sigma+,sigma-,121,49,-130911.994340,1.253818e-02,5,5,5.5,e,-0.5,-1,3,3,3.5,e,+1.5,-1
sigma+,sigma-,122,50,-130911.970952,4.188515e-03,5,5,5.5,e,+0.5,-1,3,3,3.5,e,+2.5,-1
sigma+,sigma-,123,51,-130911.947510,8.395065e-04,5,5,5.5,e,+1.5,-1,3,3,3.5,e,+3.5,-1
sigma+,sigma-,96,32,-130909.882928,2.566321e-01,5,5,4.5,e,-4.5,-1,3,3,2.5,e,-2.5,-1
sigma+,sigma-,97,33,-130909.842407,1.422895e-01,5,5,4.5,e,-3.5,-1,3,3,2.5,e,-1.5,-1
sigma+,sigma-,98,34,-130909.801945,7.100516e-02,5,5,4.5,e,-2.5,-1,3,3,2.5,e,-0.5,-1
sigma+,sigma-,99,35,-130909.761540,3.037193e-02,5,5,4.5,e,-1.5,-1,3,3,2.5,e,+0.5,-1
sigma+,sigma-,100,36,-130909.721192,1.010468e-02,5,5,4.5,e,-0.5,-1,3,3,2.5,e,+1.5,-1
sigma+,sigma-,101,37,-130909.680899,2.017137e-03,5,5,4.5,e,+0.5,-1,3,3,2.5,e,+2.5,-1
sigma+,sigma-,117,32,-130906.369438,1.949940e-07,5,5,5.5,e,-4.5,-1,3,3,2.5,e,-2.5,-1
sigma+,sigma-,118,33,-130906.314408,1.941129e-07,5,5,5.5,e,-3.5,-1,3,3,2.5,e,-1.5,-1
sigma+,sigma-,119,34,-130906.259495,1.288160e-07,5,5,5.5,e,-2.5,-1,3,3,2.5,e,-0.5,-1
sigma+,sigma-,120,35,-130906.204699,6.410946e-08,5,5,5.5,e,-1.5,-1,3,3,2.5,e,+0.5,-1
sigma+,sigma-,121,36,-130906.150017,2.278888e-08,5,5,5.5,e,-0.5,-1,3,3,2.5,e,+1.5,-1
sigma+,sigma-,122,37,-130906.095448,4.536177e-09,5,5,5.5,e,+0.5,-1,3,3,2.5,e,+2.5,-1
sigma+,sigma-,61,2,-130899.858322,3.535096e-12,4,4,3.5,e,-2.5,+1,1,1,0.5,f,-0.5,+1
sigma+,sigma-,62,3,-130899.464157,1.158608e-12,4,4,3.5,e,-1.5,+1,1,1,0.5,f,+0.5,+1
sigma+,sigma-,68,27,-101863.493351,1.086357e-02,4,4,3.5,f,-3.5,-1,2,2,2.5,f,-1.5,-1
sigma+,sigma-,69,28,-101863.460195,1.226612e-02,4,4,3.5,f,-2.5,-1,2,2,2.5,f,-0.5,-1
sigma+,sigma-,70,29,-101863.426758,9.090598e-03,4,4,3.5,f,-1.5,-1,2,2,2.5,f,+0.5,-1
sigma+,sigma-,71,30,-101863.393045,4.791749e-03,4,4,3.5,f,-0.5,-1,2,2,2.5,f,+1.5,-1
sigma+,sigma-,72,31,-101863.359063,1.480211e-03,4,4,3.5,f,+0.5,-1,2,2,2.5,f,+2.5,-1
sigma+,sigma-,86,26,-101859.174144,2.380797e-01,4,4,4.5,f,-4.5,-1,2,2,2.5,f,-2.5,-1
sigma+,sigma-,87,27,-101859.122431,1.327189e-01,4,4,4.5,f,-3.5,-1,2,2,2.5,f,-1.5,-1
sigma+,sigma-,88,28,-101859.070511,6.658274e-02,4,4,4.5,f,-2.5,-1,2,2,2.5,f,-0.5,-1
sigma+,sigma-,89,29,-101859.018390,2.862995e-02,4,4,4.5,f,-1.5,-1,2,2,2.5,f,+0.5,-1
sigma+,sigma-,90,30,-101858.966073,9.574418e-03,4,4,4.5,f,-0.5,-1,2,2,2.5,f,+1.5,-1
sigma+,sigma-,91,31,-101858.913564,1.921026e-03,4,4,4.5,f,+0.5,-1,2,2,2.5,f,+2.5,-1
sigma+,sigma-,68,16,-101855.257277,2.135694e-01,4,4,3.5,f,-3.5,-1,2,2,1.5,f,-1.5,-1
sigma+,sigma-,69,17,-101855.160613,9.122256e-02,4,4,3.5,f,-2.5,-1,2,2,1.5,f,-0.5,-1
sigma+,sigma-,70,18,-101855.064152,3.030743e-02,4,4,3.5,f,-1.5,-1,2,2,1.5,f,+0.5,-1
sigma+,sigma-,71,19,-101854.967890,6.041913e-03,4,4,3.5,f,-0.5,-1,2,2,1.5,f,+1.5,-1
sigma+,sigma-,87,16,-101850.886356,1.990739e-10,4,4,4.5,f,-3.5,-1,2,2,1.5,f,-1.5,-1
sigma+,sigma-,88,17,-101850.770929,6.439272e-11,4,4,4.5,f,-2.5,-1,2,2,1.5,f,-0.5,-1
sigma+,sigma-,89,18,-101850.655785,6.774158e-12,4,4,4.5,f,-1.5,-1,2,2,1.5,f,+0.5,-1
sigma+,sigma-,60,21,-101826.447936,1.085885e-02,4,4,3.5,e,-3.5,+1,2,2,2.5,e,-1.5,+1
sigma+,sigma-,61,22,-101826.416605,1.225739e-02,4,4,3.5,e,-2.5,+1,2,2,2.5,e,-0.5,+1
sigma+,sigma-,62,23,-101826.384969,9.081729e-03,4,4,3.5,e,-1.5,+1,2,2,2.5,e,+0.5,+1
sigma+,sigma-,63,24,-101826.353034,4.785872e-03,4,4,3.5,e,-0.5,+1,2,2,2.5,e,+1.5,+1
sigma+,sigma-,64,25,-101826.320807,1.478043e-03,4,4,3.5,e,+0.5,+1,2,2,2.5,e,+2.5,+1
sigma+,sigma-,76,20,-101822.132635,2.380797e-01,4,4,4.5,e,-4.5,+1,2,2,2.5,e,-2.5,+1
sigma+,sigma-,77,21,-101822.081447,1.327509e-01,4,4,4.5,e,-3.5,+1,2,2,2.5,e,-1.5,+1
sigma+,sigma-,78,22,-101822.030039,6.661433e-02,4,4,4.5,e,-2.5,+1,2,2,2.5,e,-0.5,+1
sigma+,sigma-,79,23,-101821.978419,2.864999e-02,4,4,4.5,e,-1.5,+1,2,2,2.5,e,+0.5,+1
sigma+,sigma-,80,24,-101821.926590,9.583209e-03,4,4,4.5,e,-0.5,+1,2,2,2.5,e,+1.5,+1
sigma+,sigma-,81,25,-101821.874559,1.923196e-03,4,4,4.5,e,+0.5,+1,2,2,2.5,e,+2.5,+1
sigma+,sigma-,60,12,-101818.215242,2.135422e-01,4,4,3.5,e,-3.5,+1,2,2,1.5,e,-1.5,+1
sigma+,sigma-,61,13,-101818.118067,9.119977e-02,4,4,3.5,e,-2.5,+1,2,2,1.5,e,-0.5,+1
sigma+,sigma-,62,14,-101818.021107,3.029630e-02,4,4,3.5,e,-1.5,+1,2,2,1.5,e,+0.5,+1
sigma+,sigma-,63,15,-101817.924357,6.039012e-03,4,4,3.5,e,-0.5,+1,2,2,1.5,e,+1.5,+1
sigma+,sigma-,77,12,-101813.848752,5.962098e-09,4,4,4.5,e,-3.5,+1,2,2,1.5,e,-1.5,+1
sigma+,sigma-,78,13,-101813.731501,4.973940e-09,4,4,4.5,e,-2.5,+1,2,2,1.5,e,-0.5,+1
sigma+,sigma-,79,14,-101813.614557,2.349286e-09,4,4,4.5,e,-1.5,+1,2,2,1.5,e,+0.5,+1
sigma+,sigma-,80,15,-101813.497913,5.707370e-10,4,4,4.5,e,-0.5,+1,2,2,1.5,e,+1.5,+1
sigma+,sigma-,111,83,-72811.346514,1.140704e-03,5,5,4.5,f,+0.5,+1,4,4,4.5,e,+2.5,+1
sigma+,sigma-,112,84,-72811.346508,7.545522e-04,5,5,4.5,f,+1.5,+1,4,4,4.5,e,+3.5,+1
sigma+,sigma-,110,82,-72811.346452,1.368733e-03,5,5,4.5,f,-0.5,+1,4,4,4.5,e,+1.5,+1
sigma+,sigma-,113,85,-72811.346437,3.208865e-04,5,5,4.5,f,+2.5,+1,4,4,4.5,e,+4.5,+1
sigma+,sigma-,109,81,-72811.346322,1.379673e-03,5,5,4.5,f,-1.5,+1,4,4,4.5,e,+0.5,+1
sigma+,sigma-,108,80,-72811.346123,1.168279e-03,5,5,4.5,f,-2.5,+1,4,4,4.5,e,-0.5,+1
sigma+,sigma-,107,79,-72811.345855,7.851996e-04,5,5,4.5,f,-3.5,+1,4,4,4.5,e,-1.5,+1
sigma+,sigma-,106,78,-72811.345515,3.392835e-04,5,5,4.5,f,-4.5,+1,4,4,4.5,e,-2.5,+1
sigma+,sigma-,128,77,-72807.840431,1.609147e-02,5,5,5.5,f,-5.5,+1,4,4,4.5,e,-3.5,+1
sigma+,sigma-,129,78,-72807.827359,2.345311e-02,5,5,5.5,f,-4.5,+1,4,4,4.5,e,-2.5,+1
sigma+,sigma-,130,79,-72807.814267,2.467492e-02,5,5,5.5,f,-3.5,+1,4,4,4.5,e,-1.5,+1
sigma+,sigma-,131,80,-72807.801155,2.197646e-02,5,5,5.5,f,-2.5,+1,4,4,4.5,e,-0.5,+1
sigma+,sigma-,132,81,-72807.788024,1.720249e-02,5,5,5.5,f,-1.5,+1,4,4,4.5,e,+0.5,+1
sigma+,sigma-,133,82,-72807.774874,1.181863e-02,5,5,5.5,f,-0.5,+1,4,4,4.5,e,+1.5,+1
sigma+,sigma-,134,83,-72807.761705,6.907261e-03,5,5,5.5,f,+0.5,+1,4,4,4.5,e,+2.5,+1
sigma+,sigma-,135,84,-72807.748518,3.163511e-03,5,5,5.5,f,+1.5,+1,4,4,4.5,e,+3.5,+1
sigma+,sigma-,136,85,-72807.735313,8.913805e-04,5,5,5.5,f,+2.5,+1,4,4,4.5,e,+4.5,+1
sigma+,sigma-,106,61,-72806.958950,1.852324e-02,5,5,4.5,f,-4.5,+1,4,4,3.5,e,-2.5,+1
sigma+,sigma-,107,62,-72806.939305,2.466181e-02,5,5,4.5,f,-3.5,+1,4,4,3.5,e,-1.5,+1
sigma+,sigma-,108,63,-72806.919679,2.308729e-02,5,5,4.5,f,-2.5,+1,4,4,3.5,e,-0.5,+1
sigma+,sigma-,109,64,-72806.900074,1.756539e-02,5,5,4.5,f,-1.5,+1,4,4,3.5,e,+0.5,+1
sigma+,sigma-,110,65,-72806.880487,1.096300e-02,5,5,4.5,f,-0.5,+1,4,4,3.5,e,+1.5,+1
sigma+,sigma-,111,66,-72806.860919,5.254957e-03,5,5,4.5,f,+0.5,+1,4,4,3.5,e,+2.5,+1
sigma+,sigma-,112,67,-72806.841370,1.530599e-03,5,5,4.5,f,+1.5,+1,4,4,3.5,e,+3.5,+1
sigma+,sigma-,128,60,-72803.473941,2.096676e-03,5,5,5.5,f,-5.5,+1,4,4,3.5,e,-3.5,+1
sigma+,sigma-,129,61,-72803.440793,1.322245e-03,5,5,5.5,f,-4.5,+1,4,4,3.5,e,-2.5,+1
sigma+,sigma-,130,62,-72803.407717,7.862440e-04,5,5,5.5,f,-3.5,+1,4,4,3.5,e,-1.5,+1
sigma+,sigma-,131,63,-72803.374712,4.329099e-04,5,5,5.5,f,-2.5,+1,4,4,3.5,e,-0.5,+1
sigma+,sigma-,132,64,-72803.341776,2.145352e-04,5,5,5.5,f,-1.5,+1,4,4,3.5,e,+0.5,+1
sigma+,sigma-,133,65,-72803.308910,9.113198e-05,5,5,5.5,f,-0.5,+1,4,4,3.5,e,+1.5,+1
sigma+,sigma-,134,66,-72803.276111,3.011040e-05,5,5,5.5,f,+0.5,+1,4,4,3.5,e,+2.5,+1
sigma+,sigma-,135,67,-72803.243380,5.969408e-06,5,5,5.5,f,+1.5,+1,4,4,3.5,e,+3.5,+1
sigma+,sigma-,38,9,-72764.240886,2.251674e-02,3,3,2.5,f,-2.5,+1,1,1,1.5,f,-0.5,+1
sigma+,sigma-,39,10,-72764.113872,1.756684e-02,3,3,2.5,f,-1.5,+1,1,1,1.5,f,+0.5,+1
sigma+,sigma-,40,11,-72763.984808,6.428937e-03,3,3,2.5,f,-0.5,+1,1,1,1.5,f,+1.5,+1
sigma+,sigma-,52,8,-72758.674149,1.713971e-01,3,3,3.5,f,-3.5,+1,1,1,1.5,f,-1.5,+1
sigma+,sigma-,53,9,-72758.518936,7.397091e-02,3,3,3.5,f,-2.5,+1,1,1,1.5,f,-0.5,+1
sigma+,sigma-,54,10,-72758.361732,2.482620e-02,3,3,3.5,f,-1.5,+1,1,1,1.5,f,+0.5,+1
sigma+,sigma-,55,11,-72758.202636,4.998601e-03,3,3,3.5,f,-0.5,+1,1,1,1.5,f,+1.5,+1
sigma+,sigma-,38,2,-72749.312530,1.321084e-01,3,3,2.5,f,-2.5,+1,1,1,0.5,f,-0.5,+1
sigma+,sigma-,39,3,-72748.938941,2.618136e-02,3,3,2.5,f,-1.5,+1,1,1,0.5,f,+0.5,+1
sigma+,sigma-,53,2,-72743.590580,7.044028e-07,3,3,3.5,f,-2.5,+1,1,1,0.5,f,-0.5,+1
sigma+,sigma-,54,3,-72743.186801,2.190300e-07,3,3,3.5,f,-1.5,+1,1,1,0.5,f,+0.5,+1
sigma+,sigma-,32,5,-72737.776454,2.250752e-02,3,3,2.5,e,-2.5,-1,1,1,1.5,e,-0.5,-1
sigma+,sigma-,33,6,-72737.652197,1.755537e-02,3,3,2.5,e,-1.5,-1,1,1,1.5,e,+0.5,-1
sigma+,sigma-,34,7,-72737.525820,6.423330e-03,3,3,2.5,e,-0.5,-1,1,1,1.5,e,+1.5,-1
sigma+,sigma-,44,4,-72732.212640,1.713971e-01,3,3,3.5,e,-3.5,-1,1,1,1.5,e,-1.5,-1
sigma+,sigma-,45,5,-72732.058561,7.400005e-02,3,3,3.5,e,-2.5,-1,1,1,1.5,e,-0.5,-1
sigma+,sigma-,46,6,-72731.902435,2.484526e-02,3,3,3.5,e,-1.5,-1,1,1,1.5,e,+0.5,-1
sigma+,sigma-,47,7,-72731.744365,5.004216e-03,3,3,3.5,e,-0.5,-1,1,1,1.5,e,+1.5,-1
sigma+,sigma-,32,0,-72722.849890,1.320887e-01,3,3,2.5,e,-2.5,-1,1,1,0.5,e,-0.5,-1
sigma+,sigma-,33,1,-72722.475223,2.617386e-02,3,3,2.5,e,-1.5,-1,1,1,0.5,e,+0.5,-1
sigma+,sigma-,45,0,-72717.131997,5.766262e-07,3,3,3.5,e,-2.5,-1,1,1,0.5,e,-0.5,-1
sigma+,sigma-,46,1,-72716.725461,1.782279e-07,3,3,3.5,e,-1.5,-1,1,1,0.5,e,+0.5,-1
sigma+,sigma-,103,95,-72679.135202,3.201342e-04,5,5,4.5,e,+2.5,-1,4,4,4.5,f,+4.5,-1
sigma+,sigma-,102,94,-72679.123867,7.513374e-04,5,5,4.5,e,+1.5,-1,4,4,4.5,f,+3.5,-1
sigma+,sigma-,101,93,-72679.112468,1.133643e-03,5,5,4.5,e,+0.5,-1,4,4,4.5,f,+2.5,-1
sigma+,sigma-,100,92,-72679.101002,1.357597e-03,5,5,4.5,e,-0.5,-1,4,4,4.5,f,+1.5,-1
sigma+,sigma-,99,91,-72679.089470,1.365745e-03,5,5,4.5,e,-1.5,-1,4,4,4.5,f,+0.5,-1
sigma+,sigma-,98,90,-72679.077870,1.154178e-03,5,5,4.5,e,-2.5,-1,4,4,4.5,f,-0.5,-1
sigma+,sigma-,97,89,-72679.066202,7.741603e-04,5,5,4.5,e,-3.5,-1,4,4,4.5,f,-1.5,-1
sigma+,sigma-,96,88,-72679.054464,3.338331e-04,5,5,4.5,e,-4.5,-1,4,4,4.5,f,-2.5,-1
sigma+,sigma-,116,87,-72675.543738,1.609635e-02,5,5,5.5,e,-5.5,-1,4,4,4.5,f,-3.5,-1
sigma+,sigma-,117,88,-72675.540975,2.346194e-02,5,5,5.5,e,-4.5,-1,4,4,4.5,f,-2.5,-1
sigma+,sigma-,118,89,-72675.538202,2.468596e-02,5,5,5.5,e,-3.5,-1,4,4,4.5,f,-1.5,-1
sigma+,sigma-,119,90,-72675.535420,2.198783e-02,5,5,5.5,e,-2.5,-1,4,4,4.5,f,-0.5,-1
sigma+,sigma-,120,91,-72675.532628,1.721256e-02,5,5,5.5,e,-1.5,-1,4,4,4.5,f,+0.5,-1
sigma+,sigma-,121,92,-72675.529827,1.182634e-02,5,5,5.5,e,-0.5,-1,4,4,4.5,f,+1.5,-1
sigma+,sigma-,122,93,-72675.527016,6.912216e-03,5,5,5.5,e,+0.5,-1,4,4,4.5,f,+2.5,-1
sigma+,sigma-,123,94,-72675.524196,3.165983e-03,5,5,5.5,e,+1.5,-1,4,4,4.5,f,+3.5,-1
sigma+,sigma-,124,95,-72675.521367,8.921328e-04,5,5,5.5,e,+2.5,-1,4,4,4.5,f,+4.5,-1
sigma+,sigma-,96,69,-72674.664781,1.853074e-02,5,5,4.5,e,-4.5,-1,4,4,3.5,f,-2.5,-1
sigma+,sigma-,97,70,-72674.657834,2.467285e-02,5,5,4.5,e,-3.5,-1,4,4,3.5,f,-1.5,-1
sigma+,sigma-,98,71,-72674.650898,2.309861e-02,5,5,4.5,e,-2.5,-1,4,4,3.5,f,-0.5,-1
sigma+,sigma-,99,72,-72674.643971,1.757473e-02,5,5,4.5,e,-1.5,-1,4,4,3.5,f,+0.5,-1
sigma+,sigma-,100,73,-72674.637054,1.096927e-02,5,5,4.5,e,-0.5,-1,4,4,3.5,f,+1.5,-1
sigma+,sigma-,101,74,-72674.630146,5.258172e-03,5,5,4.5,e,+0.5,-1,4,4,3.5,f,+2.5,-1
sigma+,sigma-,102,75,-72674.623248,1.531595e-03,5,5,4.5,e,+1.5,-1,4,4,3.5,f,+3.5,-1
sigma+,sigma-,116,68,-72671.172818,2.091789e-03,5,5,5.5,e,-5.5,-1,4,4,3.5,f,-3.5,-1
sigma+,sigma-,117,69,-72671.151291,1.311375e-03,5,5,5.5,e,-4.5,-1,4,4,3.5,f,-2.5,-1
sigma+,sigma-,118,70,-72671.129835,7.751977e-04,5,5,5.5,e,-3.5,-1,4,4,3.5,f,-1.5,-1
sigma+,sigma-,119,71,-72671.108448,4.243307e-04,5,5,5.5,e,-2.5,-1,4,4,3.5,f,-0.5,-1
sigma+,sigma-,120,72,-72671.087130,2.090589e-04,5,5,5.5,e,-1.5,-1,4,4,3.5,f,+0.5,-1
sigma+,sigma-,121,73,-72671.065879,8.829071e-05,5,5,5.5,e,-0.5,-1,4,4,3.5,f,+1.5,-1
sigma+,sigma-,122,74,-72671.044695,2.900318e-05,5,5,5.5,e,+0.5,-1,4,4,3.5,f,+2.5,-1
sigma+,sigma-,123,75,-72671.023576,5.716831e-06,5,5,5.5,e,+1.5,-1,4,4,3.5,f,+3.5,-1
sigma+,sigma-,68,46,-58240.828912,1.218584e-03,4,4,3.5,f,-3.5,-1,3,3,3.5,e,-1.5,-1
sigma+,sigma-,69,47,-58240.827158,2.585379e-03,4,4,3.5,f,-2.5,-1,3,3,3.5,e,-0.5,-1
sigma+,sigma-,70,48,-58240.825278,3.413402e-03,4,4,3.5,f,-1.5,-1,3,3,3.5,e,+0.5,-1
sigma+,sigma-,71,49,-58240.823274,3.380337e-03,4,4,3.5,f,-0.5,-1,3,3,3.5,e,+1.5,-1
sigma+,sigma-,72,50,-58240.821147,2.510967e-03,4,4,3.5,f,+0.5,-1,3,3,3.5,e,+2.5,-1
sigma+,sigma-,73,51,-58240.818899,1.160683e-03,4,4,3.5,f,+1.5,-1,3,3,3.5,e,+3.5,-1
sigma+,sigma-,86,45,-58236.478461,2.842048e-02,4,4,4.5,f,-4.5,-1,3,3,3.5,e,-2.5,-1
sigma+,sigma-,87,46,-58236.457991,3.801159e-02,4,4,4.5,f,-3.5,-1,3,3,3.5,e,-1.5,-1
sigma+,sigma-,88,47,-58236.437474,3.574473e-02,4,4,4.5,f,-2.5,-1,3,3,3.5,e,-0.5,-1
sigma+,sigma-,89,48,-58236.416911,2.731598e-02,4,4,4.5,f,-1.5,-1,3,3,3.5,e,+0.5,-1
sigma+,sigma-,90,49,-58236.396302,1.712304e-02,4,4,4.5,f,-0.5,-1,3,3,3.5,e,+1.5,-1
sigma+,sigma-,91,50,-58236.375649,8.243024e-03,4,4,4.5,f,+0.5,-1,3,3,3.5,e,+2.5,-1
sigma+,sigma-,92,51,-58236.354951,2.411120e-03,4,4,4.5,f,+1.5,-1,3,3,3.5,e,+3.5,-1
sigma+,sigma-,68,33,-58235.079150,3.305968e-02,4,4,3.5,f,-3.5,-1,3,3,2.5,e,-1.5,-1
sigma+,sigma-,69,34,-58235.045704,3.770431e-02,4,4,3.5,f,-2.5,-1,3,3,2.5,e,-0.5,-1
sigma+,sigma-,70,35,-58235.012304,2.822054e-02,4,4,3.5,f,-1.5,-1,3,3,2.5,e,+0.5,-1
sigma+,sigma-,71,36,-58234.978951,1.502067e-02,4,4,3.5,f,-0.5,-1,3,3,2.5,e,+1.5,-1
sigma+,sigma-,72,37,-58234.945643,4.684647e-03,4,4,3.5,f,+0.5,-1,3,3,2.5,e,+2.5,-1
sigma+,sigma-,86,32,-58230.760568,4.926037e-03,4,4,4.5,f,-4.5,-1,3,3,2.5,e,-2.5,-1
sigma+,sigma-,87,33,-58230.708229,2.710723e-03,4,4,4.5,f,-3.5,-1,3,3,2.5,e,-1.5,-1
sigma+,sigma-,88,34,-58230.656020,1.342570e-03,4,4,4.5,f,-2.5,-1,3,3,2.5,e,-0.5,-1
sigma+,sigma-,89,35,-58230.603937,5.699848e-04,4,4,4.5,f,-1.5,-1,3,3,2.5,e,+0.5,-1
sigma+,sigma-,90,36,-58230.551979,1.882203e-04,4,4,4.5,f,-0.5,-1,3,3,2.5,e,+1.5,-1
sigma+,sigma-,91,37,-58230.500145,3.729426e-05,4,4,4.5,f,+0.5,-1,3,3,2.5,e,+2.5,-1
sigma+,sigma-,65,59,-58156.205807,1.158661e-03,4,4,3.5,e,+1.5,+1,3,3,3.5,f,+3.5,+1
sigma+,sigma-,64,58,-58156.196709,2.502801e-03,4,4,3.5,e,+0.5,+1,3,3,3.5,f,+2.5,+1
sigma+,sigma-,63,57,-58156.187493,3.364193e-03,4,4,3.5,e,-0.5,+1,3,3,3.5,f,+1.5,+1
sigma+,sigma-,62,56,-58156.178157,3.391851e-03,4,4,3.5,e,-1.5,+1,3,3,3.5,f,+0.5,+1
sigma+,sigma-,61,55,-58156.168699,2.565043e-03,4,4,3.5,e,-2.5,+1,3,3,3.5,f,-0.5,+1
sigma+,sigma-,60,54,-58156.159118,1.207090e-03,4,4,3.5,e,-3.5,+1,3,3,3.5,f,-1.5,+1
sigma+,sigma-,76,53,-58151.803090,2.842894e-02,4,4,4.5,e,-4.5,+1,3,3,3.5,f,-2.5,+1
sigma+,sigma-,77,54,-58151.792628,3.802656e-02,4,4,4.5,e,-3.5,+1,3,3,3.5,f,-1.5,+1
sigma+,sigma-,78,55,-58151.782134,3.576216e-02,4,4,4.5,e,-2.5,+1,3,3,3.5,f,-0.5,+1
sigma+,sigma-,79,56,-58151.771607,2.733179e-02,4,4,4.5,e,-1.5,+1,3,3,3.5,f,+0.5,+1
sigma+,sigma-,80,57,-58151.761050,1.713447e-02,4,4,4.5,e,-0.5,+1,3,3,3.5,f,+1.5,+1
sigma+,sigma-,81,58,-58151.750461,8.249242e-03,4,4,4.5,e,+0.5,+1,3,3,3.5,f,+2.5,+1
sigma+,sigma-,82,59,-58151.739843,2.413142e-03,4,4,4.5,e,+1.5,+1,3,3,3.5,f,+3.5,+1
sigma+,sigma-,60,39,-58150.406978,3.307342e-02,4,4,3.5,e,-3.5,+1,3,3,2.5,f,-1.5,+1
sigma+,sigma-,61,40,-58150.386528,3.772189e-02,4,4,3.5,e,-2.5,+1,3,3,2.5,f,-0.5,+1
sigma+,sigma-,62,41,-58150.366109,2.823509e-02,4,4,3.5,e,-1.5,+1,3,3,2.5,f,+0.5,+1
sigma+,sigma-,63,42,-58150.345722,1.502914e-02,4,4,3.5,e,-0.5,+1,3,3,2.5,f,+1.5,+1
sigma+,sigma-,64,43,-58150.325367,4.687505e-03,4,4,3.5,e,+0.5,+1,3,3,2.5,f,+2.5,+1
sigma+,sigma-,76,38,-58146.081140,4.917588e-03,4,4,4.5,e,-4.5,+1,3,3,2.5,f,-2.5,+1
sigma+,sigma-,77,39,-58146.040488,2.693519e-03,4,4,4.5,e,-3.5,+1,3,3,2.5,f,-1.5,+1
sigma+,sigma-,78,40,-58145.999962,1.327906e-03,4,4,4.5,e,-2.5,+1,3,3,2.5,f,-0.5,+1
sigma+,sigma-,79,41,-58145.959560,5.611821e-04,4,4,4.5,e,-1.5,+1,3,3,2.5,f,+0.5,+1
sigma+,sigma-,80,42,-58145.919279,1.844723e-04,4,4,4.5,e,-0.5,+1,3,3,2.5,f,+1.5,+1
sigma+,sigma-,81,43,-58145.879119,3.638688e-05,4,4,4.5,e,+0.5,+1,3,3,2.5,f,+2.5,+1
sigma+,sigma-,38,22,-43675.870813,6.251311e-03,3,3,2.5,f,-2.5,+1,2,2,2.5,e,-0.5,+1
sigma+,sigma-,39,23,-43675.859752,1.109386e-02,3,3,2.5,f,-1.5,+1,2,2,2.5,e,+0.5,+1
sigma+,sigma-,40,24,-43675.848359,1.093995e-02,3,3,2.5,f,-0.5,+1,2,2,2.5,e,+1.5,+1
sigma+,sigma-,41,25,-43675.836640,5.994692e-03,3,3,2.5,f,+0.5,+1,2,2,2.5,e,+2.5,+1
sigma+,sigma-,52,21,-43670.189934,5.670430e-02,3,3,3.5,f,-3.5,+1,2,2,2.5,e,-1.5,+1
sigma+,sigma-,53,22,-43670.148863,6.519583e-02,3,3,3.5,f,-2.5,+1,2,2,2.5,e,-0.5,+1
sigma+,sigma-,54,23,-43670.107612,4.918544e-02,3,3,3.5,f,-1.5,+1,2,2,2.5,e,+0.5,+1
sigma+,sigma-,55,24,-43670.066187,2.638374e-02,3,3,3.5,f,-0.5,+1,2,2,2.5,e,+1.5,+1
sigma+,sigma-,56,25,-43670.024592,8.291534e-03,3,3,3.5,f,+0.5,+1,2,2,2.5,e,+2.5,+1
sigma+,sigma-,38,13,-43667.572275,6.514453e-02,3,3,2.5,f,-2.5,+1,2,2,1.5,e,-0.5,+1
sigma+,sigma-,39,14,-43667.495890,5.192986e-02,3,3,2.5,f,-1.5,+1,2,2,1.5,e,+0.5,+1
sigma+,sigma-,40,15,-43667.419682,1.940561e-02,3,3,2.5,f,-0.5,+1,2,2,1.5,e,+1.5,+1
sigma+,sigma-,52,12,-43661.957240,1.475413e-02,3,3,3.5,f,-3.5,+1,2,2,1.5,e,-1.5,+1
sigma+,sigma-,53,13,-43661.850325,6.258101e-03,3,3,3.5,f,-2.5,+1,2,2,1.5,e,-0.5,+1
sigma+,sigma-,54,14,-43661.743750,2.064681e-03,3,3,3.5,f,-1.5,+1,2,2,1.5,e,+0.5,+1
sigma+,sigma-,55,15,-43661.637510,4.087338e-04,3,3,3.5,f,-0.5,+1,2,2,1.5,e,+1.5,+1
sigma+,sigma-,33,29,-43628.242185,1.105643e-02,3,3,2.5,e,-1.5,-1,2,2,2.5,f,+0.5,-1
sigma+,sigma-,32,28,-43628.242048,6.223137e-03,3,3,2.5,e,-2.5,-1,2,2,2.5,f,-0.5,-1
sigma+,sigma-,34,30,-43628.241998,1.091528e-02,3,3,2.5,e,-0.5,-1,2,2,2.5,f,+1.5,-1
sigma+,sigma-,35,31,-43628.241494,5.987794e-03,3,3,2.5,e,+0.5,-1,2,2,2.5,f,+2.5,-1
sigma+,sigma-,44,27,-43622.555735,5.672068e-02,3,3,3.5,e,-3.5,-1,2,2,2.5,f,-1.5,-1
sigma+,sigma-,45,28,-43622.524155,6.522402e-02,3,3,3.5,e,-2.5,-1,2,2,2.5,f,-0.5,-1
sigma+,sigma-,46,29,-43622.492423,4.921350e-02,3,3,3.5,e,-1.5,-1,2,2,2.5,f,+0.5,-1
sigma+,sigma-,47,30,-43622.460543,2.640231e-02,3,3,3.5,e,-0.5,-1,2,2,2.5,f,+1.5,-1
sigma+,sigma-,48,31,-43622.428520,8.298434e-03,3,3,3.5,e,+0.5,-1,2,2,2.5,f,+2.5,-1
sigma+,sigma-,32,17,-43619.942466,6.517272e-02,3,3,2.5,e,-2.5,-1,2,2,1.5,f,-0.5,-1
sigma+,sigma-,33,18,-43619.879580,5.195543e-02,3,3,2.5,e,-1.5,-1,2,2,1.5,f,+0.5,-1
sigma+,sigma-,34,19,-43619.816843,1.941627e-02,3,3,2.5,e,-0.5,-1,2,2,1.5,f,+1.5,-1
sigma+,sigma-,44,16,-43614.319660,1.473777e-02,3,3,3.5,e,-3.5,-1,2,2,1.5,f,-1.5,-1
sigma+,sigma-,45,17,-43614.224573,6.229917e-03,3,3,3.5,e,-2.5,-1,2,2,1.5,f,-0.5,-1
sigma+,sigma-,46,18,-43614.129818,2.048490e-03,3,3,3.5,e,-1.5,-1,2,2,1.5,f,+0.5,-1
sigma+,sigma-,47,19,-43614.035388,4.041859e-04,3,3,3.5,e,-0.5,-1,2,2,1.5,f,+1.5,-1
sigma+,sigma-,16,6,-29117.474070,6.070797e-02,2,2,1.5,f,-1.5,-1,1,1,1.5,e,+0.5,-1
sigma+,sigma-,17,7,-29117.410910,5.904564e-02,2,2,1.5,f,-0.5,-1,1,1,1.5,e,+1.5,-1
sigma+,sigma-,26,5,-29109.362878,1.311306e-01,2,2,2.5,f,-2.5,-1,1,1,1.5,e,-0.5,-1
sigma+,sigma-,27,6,-29109.237995,1.070476e-01,2,2,2.5,f,-1.5,-1,1,1,1.5,e,+0.5,-1
sigma+,sigma-,28,7,-29109.111328,4.092764e-02,2,2,2.5,f,-0.5,-1,1,1,1.5,e,+1.5,-1
sigma+,sigma-,16,1,-29102.297096,1.186761e-01,2,2,1.5,f,-1.5,-1,1,1,0.5,e,+0.5,-1
sigma+,sigma-,12,10,-29096.305608,6.063221e-02,2,2,1.5,e,-1.5,+1,1,1,1.5,f,+0.5,+1
sigma+,sigma-,13,11,-29096.253269,5.901208e-02,2,2,1.5,e,-0.5,+1,1,1,1.5,f,+1.5,+1
sigma+,sigma-,26,0,-29094.436314,6.887167e-02,2,2,2.5,f,-2.5,-1,1,1,0.5,e,-0.5,-1
sigma+,sigma-,27,1,-29094.061022,1.359646e-02,2,2,2.5,f,-1.5,-1,1,1,0.5,e,+0.5,-1
sigma+,sigma-,20,9,-29088.189392,1.311655e-01,2,2,2.5,e,-2.5,+1,1,1,1.5,f,-0.5,+1
sigma+,sigma-,21,10,-29088.072914,1.071068e-01,2,2,2.5,e,-1.5,+1,1,1,1.5,f,+0.5,+1
sigma+,sigma-,22,11,-29087.954731,4.096123e-02,2,2,2.5,e,-0.5,+1,1,1,1.5,f,+1.5,+1
sigma+,sigma-,12,3,-29081.130677,1.187290e-01,2,2,1.5,e,-1.5,+1,1,1,0.5,f,+0.5,+1
sigma+,sigma-,20,2,-29073.261035,6.883690e-02,2,2,2.5,e,-2.5,+1,1,1,0.5,f,-0.5,+1
sigma+,sigma-,21,3,-29072.897982,1.356022e-02,2,2,2.5,e,-1.5,+1,1,1,0.5,f,+0.5,+1
sigma+,sigma-,2,11,-14.513014,3.929481e-02,1,1,0.5,f,-0.5,+1,1,1,1.5,f,+1.5,+1
sigma+,sigma-,0,7,-14.503486,3.928439e-02,1,1,0.5,e,-0.5,-1,1,1,1.5,e,+1.5,-1
sigma+,sigma-,18,31,-8.189646,7.969705e-03,2,2,1.5,f,+0.5,-1,2,2,2.5,f,+2.5,-1
sigma+,sigma-,14,25,-8.181643,7.963003e-03,2,2,1.5,e,+0.5,+1,2,2,2.5,e,+2.5,+1
sigma+,sigma-,17,30,-8.127088,6.470440e-03,2,2,1.5,f,-0.5,-1,2,2,2.5,f,+1.5,-1
sigma+,sigma-,13,24,-8.116819,6.468394e-03,2,2,1.5,e,-0.5,+1,2,2,2.5,e,+1.5,+1
sigma+,sigma-,16,29,-8.064058,2.462992e-03,2,2,1.5,f,-1.5,-1,2,2,2.5,f,+0.5,-1
sigma+,sigma-,12,23,-8.051488,2.463546e-03,2,2,1.5,e,-1.5,+1,2,2,2.5,e,+0.5,+1
sigma+,sigma-,42,59,-5.742117,6.957262e-03,3,3,2.5,f,+1.5,+1,3,3,3.5,f,+3.5,+1
sigma+,sigma-,36,51,-5.734761,6.947353e-03,3,3,2.5,e,+1.5,-1,3,3,3.5,e,+3.5,-1
sigma+,sigma-,41,58,-5.712543,8.031171e-03,3,3,2.5,f,+0.5,+1,3,3,3.5,f,+2.5,+1
sigma+,sigma-,35,50,-5.703578,8.024014e-03,3,3,2.5,e,+0.5,-1,3,3,3.5,e,+2.5,-1
sigma+,sigma-,40,57,-5.682818,6.084609e-03,3,3,2.5,f,-0.5,+1,3,3,3.5,f,+1.5,+1
sigma+,sigma-,34,49,-5.672227,6.082500e-03,3,3,2.5,e,-0.5,-1,3,3,3.5,e,+1.5,-1
sigma+,sigma-,39,56,-5.652940,3.278452e-03,3,3,2.5,f,-1.5,+1,3,3,3.5,f,+0.5,+1
sigma+,sigma-,33,48,-5.640706,3.279140e-03,3,3,2.5,e,-1.5,-1,3,3,3.5,e,+0.5,-1
sigma+,sigma-,38,55,-5.622907,1.035147e-03,3,3,2.5,f,-2.5,+1,3,3,3.5,f,-0.5,+1
sigma+,sigma-,32,47,-5.609011,1.035953e-03,3,3,2.5,e,-2.5,-1,3,3,3.5,e,-0.5,-1
sigma+,sigma-,74,95,-4.413884,4.417064e-03,4,4,3.5,f,+2.5,-1,4,4,4.5,f,+4.5,-1
sigma+,sigma-,66,85,-4.406889,4.408159e-03,4,4,3.5,e,+2.5,+1,4,4,4.5,e,+4.5,+1
sigma+,sigma-,73,94,-4.395585,5.937177e-03,4,4,3.5,f,+1.5,-1,4,4,4.5,f,+3.5,-1
sigma+,sigma-,65,84,-4.387344,5.928391e-03,4,4,3.5,e,+1.5,+1,4,4,4.5,e,+3.5,+1
sigma+,sigma-,72,93,-4.377211,5.611610e-03,4,4,3.5,f,+0.5,-1,4,4,4.5,f,+2.5,-1
sigma+,sigma-,64,83,-4.367714,5.606366e-03,4,4,3.5,e,+0.5,+1,4,4,4.5,e,+2.5,+1
sigma+,sigma-,71,92,-4.358761,4.310755e-03,4,4,3.5,f,-0.5,-1,4,4,4.5,f,+1.5,-1
sigma+,sigma-,63,82,-4.347996,4.309120e-03,4,4,3.5,e,-0.5,+1,4,4,4.5,e,+1.5,+1
sigma+,sigma-,70,91,-4.340234,2.716615e-03,4,4,3.5,f,-1.5,-1,4,4,4.5,f,+0.5,-1
sigma+,sigma-,62,81,-4.328191,2.717119e-03,4,4,3.5,e,-1.5,+1,4,4,4.5,e,+0.5,+1
sigma+,sigma-,69,90,-4.321629,1.314904e-03,4,4,3.5,f,-2.5,-1,4,4,4.5,f,-0.5,-1
sigma+,sigma-,61,80,-4.308296,1.315904e-03,4,4,3.5,e,-2.5,+1,4,4,4.5,e,-0.5,+1
sigma+,sigma-,68,89,-4.302944,3.867550e-04,4,4,3.5,f,-3.5,-1,4,4,4.5,f,-1.5,-1
sigma+,sigma-,60,79,-4.288311,3.872756e-04,4,4,3.5,e,-3.5,+1,4,4,4.5,e,-1.5,+1
sigma+,sigma-,114,139,-3.571755,2.809360e-03,5,5,4.5,f,+3.5,+1,5,5,5.5,f,+5.5,+1
sigma+,sigma-,104,127,-3.564990,2.802003e-03,5,5,4.5,e,+3.5,-1,5,5,5.5,e,+5.5,-1
sigma+,sigma-,113,138,-3.558716,4.115513e-03,5,5,4.5,f,+2.5,+1,5,5,5.5,f,+4.5,+1
sigma+,sigma-,103,126,-3.550936,4.106948e-03,5,5,4.5,e,+2.5,-1,5,5,5.5,e,+4.5,-1
sigma+,sigma-,112,137,-3.545630,4.352359e-03,5,5,4.5,f,+1.5,+1,5,5,5.5,f,+3.5,+1
sigma+,sigma-,102,125,-3.536828,4.345676e-03,5,5,4.5,e,+1.5,-1,5,5,5.5,e,+3.5,-1
sigma+,sigma-,111,136,-3.532495,3.896781e-03,5,5,4.5,f,+0.5,+1,5,5,5.5,f,+2.5,+1
sigma+,sigma-,101,124,-3.522664,3.892957e-03,5,5,4.5,e,+0.5,-1,5,5,5.5,e,+2.5,-1
sigma+,sigma-,110,135,-3.519313,3.066569e-03,5,5,4.5,f,-0.5,+1,5,5,5.5,f,+1.5,+1
sigma+,sigma-,100,123,-3.508444,3.065285e-03,5,5,4.5,e,-0.5,-1,5,5,5.5,e,+1.5,-1
sigma+,sigma-,109,134,-3.506082,2.118242e-03,5,5,4.5,f,-1.5,+1,5,5,5.5,f,+0.5,+1
sigma+,sigma-,99,122,-3.494167,2.118567e-03,5,5,4.5,e,-1.5,-1,5,5,5.5,e,+0.5,-1
sigma+,sigma-,108,133,-3.492802,1.244789e-03,5,5,4.5,f,-2.5,+1,5,5,5.5,f,-0.5,+1
sigma+,sigma-,98,121,-3.479833,1.245703e-03,5,5,4.5,e,-2.5,-1,5,5,5.5,e,-0.5,-1
sigma+,sigma-,107,132,-3.479471,5.732902e-04,5,5,4.5,f,-3.5,+1,5,5,5.5,f,-1.5,+1
sigma+,sigma-,106,131,-3.466091,1.624494e-04,5,5,4.5,f,-4.5,+1,5,5,5.5,f,-2.5,+1
sigma+,sigma-,97,120,-3.465440,5.740495e-04,5,5,4.5,e,-3.5,-1,5,5,5.5,e,-1.5,-1
sigma+,sigma-,96,119,-3.450989,1.627620e-04,5,5,4.5,e,-4.5,-1,5,5,5.5,e,-2.5,-1
sigma+,sigma-,128,130,0.052014,1.297229e-02,5,5,5.5,f,-5.5,+1,5,5,5.5,f,-3.5,+1
sigma+,sigma-,129,131,0.052066,3.189609e-02,5,5,5.5,f,-4.5,+1,5,5,5.5,f,-2.5,+1
sigma+,sigma-,130,132,0.052116,5.112086e-02,5,5,5.5,f,-3.5,+1,5,5,5.5,f,-1.5,+1
sigma+,sigma-,131,133,0.052166,6.637954e-02,5,5,5.5,f,-2.5,+1,5,5,5.5,f,-0.5,+1
sigma+,sigma-,132,134,0.052216,7.480141e-02,5,5,5.5,f,-1.5,+1,5,5,5.5,f,+0.5,+1
sigma+,sigma-,133,135,0.052265,7.492457e-02,5,5,5.5,f,-0.5,+1,5,5,5.5,f,+1.5,+1
sigma+,sigma-,134,136,0.052313,6.670797e-02,5,5,5.5,f,+0.5,+1,5,5,5.5,f,+2.5,+1
sigma+,sigma-,135,137,0.052361,5.154318e-02,5,5,5.5,f,+1.5,+1,5,5,5.5,f,+3.5,+1
sigma+,sigma-,136,138,0.052408,3.226568e-02,5,5,5.5,f,+2.5,+1,5,5,5.5,f,+4.5,+1
sigma+,sigma-,137,139,0.052455,1.316593e-02,5,5,5.5,f,+3.5,+1,5,5,5.5,f,+5.5,+1
sigma+,sigma-,116,118,0.062440,1.296431e-02,5,5,5.5,e,-5.5,-1,5,5,5.5,e,-3.5,-1
sigma+,sigma-,117,119,0.062500,3.188106e-02,5,5,5.5,e,-4.5,-1,5,5,5.5,e,-2.5,-1
sigma+,sigma-,118,120,0.062559,5.110395e-02,5,5,5.5,e,-3.5,-1,5,5,5.5,e,-1.5,-1
sigma+,sigma-,119,121,0.062617,6.636665e-02,5,5,5.5,e,-2.5,-1,5,5,5.5,e,-0.5,-1
sigma+,sigma-,120,122,0.062675,7.479686e-02,5,5,5.5,e,-1.5,-1,5,5,5.5,e,+0.5,-1
sigma+,sigma-,121,123,0.062732,7.492976e-02,5,5,5.5,e,-0.5,-1,5,5,5.5,e,+1.5,-1
sigma+,sigma-,122,124,0.062788,6.672106e-02,5,5,5.5,e,+0.5,-1,5,5,5.5,e,+2.5,-1
sigma+,sigma-,123,125,0.062844,5.155968e-02,5,5,5.5,e,+1.5,-1,5,5,5.5,e,+3.5,-1
sigma+,sigma-,124,126,0.062899,3.227991e-02,5,5,5.5,e,+2.5,-1,5,5,5.5,e,+4.5,-1
sigma+,sigma-,125,127,0.062953,1.317329e-02,5,5,5.5,e,+3.5,-1,5,5,5.5,e,+5.5,-1
sigma+,sigma-,86,88,0.067895,1.578629e-02,4,4,4.5,f,-4.5,-1,4,4,4.5,f,-2.5,-1
sigma+,sigma-,87,89,0.067976,3.692658e-02,4,4,4.5,f,-3.5,-1,4,4,4.5,f,-1.5,-1
sigma+,sigma-,88,90,0.068055,5.552613e-02,4,4,4.5,f,-2.5,-1,4,4,4.5,f,-0.5,-1
sigma+,sigma-,89,91,0.068134,6.626290e-02,4,4,4.5,f,-1.5,-1,4,4,4.5,f,+0.5,-1
sigma+,sigma-,90,92,0.068211,6.642146e-02,4,4,4.5,f,-0.5,-1,4,4,4.5,f,+1.5,-1
sigma+,sigma-,91,93,0.068287,5.592572e-02,4,4,4.5,f,+0.5,-1,4,4,4.5,f,+2.5,-1
sigma+,sigma-,92,94,0.068363,3.737063e-02,4,4,4.5,f,+1.5,-1,4,4,4.5,f,+3.5,-1
sigma+,sigma-,93,95,0.068437,1.605278e-02,4,4,4.5,f,+2.5,-1,4,4,4.5,f,+4.5,-1
sigma+,sigma-,76,78,0.078086,1.577679e-02,4,4,4.5,e,-4.5,+1,4,4,4.5,e,-2.5,+1
sigma+,sigma-,77,79,0.078179,3.691099e-02,4,4,4.5,e,-3.5,+1,4,4,4.5,e,-1.5,+1
sigma+,sigma-,78,80,0.078269,5.551238e-02,4,4,4.5,e,-2.5,+1,4,4,4.5,e,-0.5,+1
sigma+,sigma-,79,81,0.078359,6.625774e-02,4,4,4.5,e,-1.5,+1,4,4,4.5,e,+0.5,+1
sigma+,sigma-,80,82,0.078447,6.642724e-02,4,4,4.5,e,-0.5,+1,4,4,4.5,e,+1.5,+1
sigma+,sigma-,113,115,0.078533,1.778338e-02,5,5,4.5,f,+2.5,+1,5,5,4.5,f,+4.5,+1
sigma+,sigma-,81,83,0.078534,5.593955e-02,4,4,4.5,e,+0.5,+1,4,4,4.5,e,+2.5,+1
sigma+,sigma-,112,114,0.078581,4.154032e-02,5,5,4.5,f,+1.5,+1,5,5,4.5,f,+3.5,+1
sigma+,sigma-,82,84,0.078621,3.738570e-02,4,4,4.5,e,+1.5,+1,4,4,4.5,e,+3.5,+1
sigma+,sigma-,111,113,0.078629,6.237994e-02,5,5,4.5,f,+0.5,+1,5,5,4.5,f,+2.5,+1
sigma+,sigma-,110,112,0.078677,7.434549e-02,5,5,4.5,f,-0.5,+1,5,5,4.5,f,+1.5,+1
sigma+,sigma-,83,85,0.078705,1.606169e-02,4,4,4.5,e,+2.5,+1,4,4,4.5,e,+4.5,+1
sigma+,sigma-,109,111,0.078726,7.443011e-02,5,5,4.5,f,-1.5,+1,5,5,4.5,f,+0.5,+1
sigma+,sigma-,108,110,0.078776,6.259322e-02,5,5,4.5,f,-2.5,+1,5,5,4.5,f,-0.5,+1
sigma+,sigma-,107,109,0.078826,4.177734e-02,5,5,4.5,f,-3.5,+1,5,5,4.5,f,-1.5,+1
sigma+,sigma-,106,108,0.078877,1.792562e-02,5,5,4.5,f,-4.5,+1,5,5,4.5,f,-2.5,+1
sigma+,sigma-,103,105,0.091060,1.777807e-02,5,5,4.5,e,+2.5,-1,5,5,4.5,e,+4.5,-1
sigma+,sigma-,102,104,0.091116,4.153142e-02,5,5,4.5,e,+1.5,-1,5,5,4.5,e,+3.5,-1
sigma+,sigma-,101,103,0.091171,6.237195e-02,5,5,4.5,e,+0.5,-1,5,5,4.5,e,+2.5,-1
sigma+,sigma-,100,102,0.091228,7.434250e-02,5,5,4.5,e,-0.5,-1,5,5,4.5,e,+1.5,-1
sigma+,sigma-,99,101,0.091285,7.443383e-02,5,5,4.5,e,-1.5,-1,5,5,4.5,e,+0.5,-1
sigma+,sigma-,98,100,0.091343,6.260210e-02,5,5,4.5,e,-2.5,-1,5,5,4.5,e,-0.5,-1
sigma+,sigma-,97,99,0.091401,4.178719e-02,5,5,4.5,e,-3.5,-1,5,5,4.5,e,-1.5,-1
sigma+,sigma-,96,98,0.091461,1.793157e-02,5,5,4.5,e,-4.5,-1,5,5,4.5,e,-2.5,-1
sigma+,sigma-,52,54,0.098884,1.766740e-02,3,3,3.5,f,-3.5,+1,3,3,3.5,f,-1.5,+1
sigma+,sigma-,53,55,0.099043,3.802116e-02,3,3,3.5,f,-2.5,+1,3,3,3.5,f,-0.5,+1
sigma+,sigma-,54,56,0.099199,5.090854e-02,3,3,3.5,f,-1.5,+1,3,3,3.5,f,+0.5,+1
sigma+,sigma-,55,57,0.099353,5.111936e-02,3,3,3.5,f,-0.5,+1,3,3,3.5,f,+1.5,+1
sigma+,sigma-,56,58,0.099505,3.849554e-02,3,3,3.5,f,+0.5,+1,3,3,3.5,f,+2.5,+1
sigma+,sigma-,57,59,0.099654,1.803644e-02,3,3,3.5,f,+1.5,+1,3,3,3.5,f,+3.5,+1
sigma+,sigma-,73,75,0.105034,2.285520e-02,4,4,3.5,f,+1.5,-1,4,4,3.5,f,+3.5,-1
sigma+,sigma-,72,74,0.105110,4.904808e-02,4,4,3.5,f,+0.5,-1,4,4,3.5,f,+2.5,-1
sigma+,sigma-,71,73,0.105187,6.549558e-02,4,4,3.5,f,-0.5,-1,4,4,3.5,f,+1.5,-1
sigma+,sigma-,70,72,0.105265,6.559504e-02,4,4,3.5,f,-1.5,-1,4,4,3.5,f,+0.5,-1
sigma+,sigma-,69,71,0.105343,4.927188e-02,4,4,3.5,f,-2.5,-1,4,4,3.5,f,-0.5,-1
sigma+,sigma-,68,70,0.105423,2.302930e-02,4,4,3.5,f,-3.5,-1,4,4,3.5,f,-1.5,-1
sigma+,sigma-,44,46,0.108705,1.765701e-02,3,3,3.5,e,-3.5,-1,3,3,3.5,e,-1.5,-1
sigma+,sigma-,45,47,0.108882,3.800808e-02,3,3,3.5,e,-2.5,-1,3,3,3.5,e,-0.5,-1
sigma+,sigma-,46,48,0.109056,5.090303e-02,3,3,3.5,e,-1.5,-1,3,3,3.5,e,+0.5,-1
sigma+,sigma-,47,49,0.109227,5.112544e-02,3,3,3.5,e,-0.5,-1,3,3,3.5,e,+1.5,-1
sigma+,sigma-,48,50,0.109396,3.850856e-02,3,3,3.5,e,+0.5,-1,3,3,3.5,e,+2.5,-1
sigma+,sigma-,49,51,0.109562,1.804636e-02,3,3,3.5,e,+1.5,-1,3,3,3.5,e,+3.5,-1
sigma+,sigma-,65,67,0.117794,2.284951e-02,4,4,3.5,e,+1.5,+1,4,4,3.5,e,+3.5,+1
sigma+,sigma-,64,66,0.117881,4.904076e-02,4,4,3.5,e,+0.5,+1,4,4,3.5,e,+2.5,+1
sigma+,sigma-,63,65,0.117968,6.549251e-02,4,4,3.5,e,-0.5,+1,4,4,3.5,e,+1.5,+1
sigma+,sigma-,62,64,0.118057,6.559884e-02,4,4,3.5,e,-1.5,+1,4,4,3.5,e,+0.5,+1
sigma+,sigma-,61,63,0.118147,4.928002e-02,4,4,3.5,e,-2.5,+1,4,4,3.5,e,-0.5,+1
sigma+,sigma-,60,62,0.118238,2.303564e-02,4,4,3.5,e,-3.5,+1,4,4,3.5,e,-1.5,+1
sigma+,sigma-,41,43,0.158800,2.747050e-02,3,3,2.5,f,+0.5,+1,3,3,2.5,f,+2.5,+1
sigma+,sigma-,40,42,0.158952,4.955835e-02,3,3,2.5,f,-0.5,+1,3,3,2.5,f,+1.5,+1
sigma+,sigma-,39,41,0.159107,4.967165e-02,3,3,2.5,f,-1.5,+1,3,3,2.5,f,+0.5,+1
sigma+,sigma-,38,40,0.159265,2.765938e-02,3,3,2.5,f,-2.5,+1,3,3,2.5,f,-0.5,+1
sigma+,sigma-,26,28,0.171529,1.205035e-02,2,2,2.5,f,-2.5,-1,2,2,2.5,f,-0.5,-1
sigma+,sigma-,35,37,0.171926,2.746561e-02,3,3,2.5,e,+0.5,-1,3,3,2.5,e,+2.5,-1
sigma+,sigma-,27,29,0.172016,2.191774e-02,2,2,2.5,f,-1.5,-1,2,2,2.5,f,+0.5,-1
sigma+,sigma-,34,36,0.172096,4.955557e-02,3,3,2.5,e,-0.5,-1,3,3,2.5,e,+1.5,-1
sigma+,sigma-,33,35,0.172268,4.967512e-02,3,3,2.5,e,-1.5,-1,3,3,2.5,e,+0.5,-1
sigma+,sigma-,32,34,0.172443,2.766489e-02,3,3,2.5,e,-2.5,-1,3,3,2.5,e,-0.5,-1
sigma+,sigma-,28,30,0.172493,2.214088e-02,2,2,2.5,f,-0.5,-1,2,2,2.5,f,+1.5,-1
sigma+,sigma-,29,31,0.172959,1.242232e-02,2,2,2.5,f,+0.5,-1,2,2,2.5,f,+2.5,-1
sigma+,sigma-,20,22,0.180682,1.204350e-02,2,2,2.5,e,-2.5,+1,2,2,2.5,e,-0.5,+1
sigma+,sigma-,21,23,0.181206,2.191384e-02,2,2,2.5,e,-1.5,+1,2,2,2.5,e,+0.5,+1
sigma+,sigma-,22,24,0.181719,2.214512e-02,2,2,2.5,e,-0.5,+1,2,2,2.5,e,+1.5,+1
sigma+,sigma-,23,25,0.182219,1.242904e-02,2,2,2.5,e,+0.5,+1,2,2,2.5,e,+2.5,+1
sigma+,sigma-,17,19,0.298067,2.000127e-02,2,2,1.5,f,-0.5,-1,2,2,1.5,f,+1.5,-1
sigma+,sigma-,16,18,0.298547,2.008674e-02,2,2,1.5,f,-1.5,-1,2,2,1.5,f,+0.5,-1
sigma+,sigma-,13,15,0.311858,1.999992e-02,2,2,1.5,e,-0.5,+1,2,2,1.5,e,+1.5,+1
sigma+,sigma-,12,14,0.312374,2.008853e-02,2,2,1.5,e,-1.5,+1,2,2,1.5,e,+0.5,+1
sigma+,sigma-,8,10,0.411301,1.939380e-02,1,1,1.5,f,-1.5,+1,1,1,1.5,f,+0.5,+1
sigma+,sigma-,9,11,0.415342,2.070521e-02,1,1,1.5,f,-0.5,+1,1,1,1.5,f,+1.5,+1
sigma+,sigma-,4,6,0.418910,1.938382e-02,1,1,1.5,e,-1.5,-1,1,1,1.5,e,+0.5,-1
sigma+,sigma-,5,7,0.423078,2.071564e-02,1,1,1.5,e,-0.5,-1,1,1,1.5,e,+1.5,-1
sigma+,sigma-,128,107,3.583602,3.002870e-03,5,5,5.5,f,-5.5,+1,5,5,4.5,f,-3.5,+1
sigma+,sigma-,116,97,3.590440,3.010833e-03,5,5,5.5,e,-5.5,-1,5,5,4.5,e,-3.5,-1
sigma+,sigma-,129,108,3.597033,4.334299e-03,5,5,5.5,f,-4.5,+1,5,5,4.5,f,-2.5,+1
sigma+,sigma-,117,98,3.604950,4.343030e-03,5,5,5.5,e,-4.5,-1,5,5,4.5,e,-2.5,-1
sigma+,sigma-,130,109,3.610414,4.516361e-03,5,5,5.5,f,-3.5,+1,5,5,4.5,f,-1.5,+1
sigma+,sigma-,118,99,3.619401,4.522630e-03,5,5,5.5,e,-3.5,-1,5,5,4.5,e,-1.5,-1
sigma+,sigma-,131,110,3.623744,3.984206e-03,5,5,5.5,f,-2.5,+1,5,5,4.5,f,-0.5,+1
sigma+,sigma-,119,100,3.633793,3.987281e-03,5,5,5.5,e,-2.5,-1,5,5,4.5,e,-0.5,-1
sigma+,sigma-,132,111,3.637024,3.089316e-03,5,5,5.5,f,-1.5,+1,5,5,4.5,f,+0.5,+1
sigma+,sigma-,120,101,3.648127,3.089827e-03,5,5,5.5,e,-1.5,-1,5,5,4.5,e,+0.5,-1
sigma+,sigma-,133,112,3.650255,2.102618e-03,5,5,5.5,f,-0.5,+1,5,5,4.5,f,+1.5,+1
sigma+,sigma-,121,102,3.662404,2.101711e-03,5,5,5.5,e,-0.5,-1,5,5,4.5,e,+1.5,-1
sigma+,sigma-,134,113,3.663437,1.217464e-03,5,5,5.5,f,+0.5,+1,5,5,4.5,f,+2.5,+1
sigma+,sigma-,135,114,3.676571,5.524725e-04,5,5,5.5,f,+1.5,+1,5,5,4.5,f,+3.5,+1
sigma+,sigma-,122,103,3.676623,1.216224e-03,5,5,5.5,e,+0.5,-1,5,5,4.5,e,+2.5,-1
sigma+,sigma-,136,115,3.689657,1.542514e-04,5,5,5.5,f,+2.5,+1,5,5,4.5,f,+4.5,+1
sigma+,sigma-,123,104,3.690787,5.515908e-04,5,5,5.5,e,+1.5,-1,5,5,4.5,e,+3.5,-1
sigma+,sigma-,124,105,3.704896,1.539175e-04,5,5,5.5,e,+2.5,-1,5,5,4.5,e,+4.5,-1
sigma+,sigma-,86,69,4.457579,4.683240e-03,4,4,4.5,f,-4.5,-1,4,4,3.5,f,-2.5,-1
sigma+,sigma-,76,61,4.464652,4.692720e-03,4,4,4.5,e,-4.5,+1,4,4,3.5,e,-2.5,+1
sigma+,sigma-,87,70,4.476343,6.190520e-03,4,4,4.5,f,-3.5,-1,4,4,3.5,f,-1.5,-1
sigma+,sigma-,77,62,4.484728,6.199210e-03,4,4,4.5,e,-3.5,+1,4,4,3.5,e,-1.5,+1
sigma+,sigma-,88,71,4.495027,5.754037e-03,4,4,4.5,f,-2.5,-1,4,4,3.5,f,-0.5,-1
sigma+,sigma-,78,63,4.504713,5.758609e-03,4,4,4.5,e,-2.5,+1,4,4,3.5,e,-0.5,+1
sigma+,sigma-,89,72,4.513632,4.346896e-03,4,4,4.5,f,-1.5,-1,4,4,3.5,f,+0.5,-1
sigma+,sigma-,79,64,4.524607,4.347750e-03,4,4,4.5,e,-1.5,+1,4,4,3.5,e,+0.5,+1
sigma+,sigma-,90,73,4.532159,2.693992e-03,4,4,4.5,f,-0.5,-1,4,4,3.5,f,+1.5,-1
sigma+,sigma-,80,65,4.544412,2.692939e-03,4,4,4.5,e,-0.5,+1,4,4,3.5,e,+1.5,+1
sigma+,sigma-,91,74,4.550608,1.282346e-03,4,4,4.5,f,+0.5,-1,4,4,3.5,f,+2.5,-1
sigma+,sigma-,81,66,4.564129,1.281105e-03,4,4,4.5,e,+0.5,+1,4,4,3.5,e,+2.5,+1
sigma+,sigma-,92,75,4.568982,3.709281e-04,4,4,4.5,f,+1.5,-1,4,4,3.5,f,+3.5,-1
sigma+,sigma-,82,67,4.583759,3.703590e-04,4,4,4.5,e,+1.5,+1,4,4,3.5,e,+3.5,+1
sigma+,sigma-,52,39,5.851024,7.325475e-03,3,3,3.5,f,-3.5,+1,3,3,2.5,f,-1.5,+1
sigma+,sigma-,44,33,5.858467,7.335834e-03,3,3,3.5,e,-3.5,-1,3,3,2.5,e,-1.5,-1
sigma+,sigma-,53,40,5.881215,8.283490e-03,3,3,3.5,f,-2.5,+1,3,3,2.5,f,-0.5,+1
sigma+,sigma-,45,34,5.890337,8.290202e-03,3,3,3.5,e,-2.5,-1,3,3,2.5,e,-0.5,-1
sigma+,sigma-,54,41,5.911247,6.147644e-03,3,3,3.5,f,-1.5,+1,3,3,2.5,f,+0.5,+1
sigma+,sigma-,46,35,5.922030,6.148997e-03,3,3,3.5,e,-1.5,-1,3,3,2.5,e,+0.5,-1
sigma+,sigma-,55,42,5.941124,3.244809e-03,3,3,3.5,f,-0.5,+1,3,3,2.5,f,+1.5,+1
sigma+,sigma-,47,36,5.953550,3.243649e-03,3,3,3.5,e,-0.5,-1,3,3,2.5,e,+1.5,-1
sigma+,sigma-,56,43,5.970848,1.003615e-03,3,3,3.5,f,+0.5,+1,3,3,2.5,f,+2.5,+1
sigma+,sigma-,48,37,5.984900,1.002690e-03,3,3,3.5,e,+0.5,-1,3,3,2.5,e,+2.5,-1
sigma+,sigma-,26,17,8.471110,8.339524e-03,2,2,2.5,f,-2.5,-1,2,2,1.5,f,-0.5,-1
sigma+,sigma-,20,13,8.479220,8.346332e-03,2,2,2.5,e,-2.5,+1,2,2,1.5,e,-0.5,+1
sigma+,sigma-,27,18,8.534622,6.569095e-03,2,2,2.5,f,-1.5,-1,2,2,1.5,f,+0.5,-1
sigma+,sigma-,21,14,8.545068,6.570641e-03,2,2,2.5,e,-1.5,+1,2,2,1.5,e,+0.5,+1
sigma+,sigma-,28,19,8.597649,2.426130e-03,2,2,2.5,f,-0.5,-1,2,2,1.5,f,+1.5,-1
sigma+,sigma-,22,15,8.610396,2.425336e-03,2,2,2.5,e,-0.5,+1,2,2,1.5,e,+1.5,+1
sigma+,sigma-,8,3,15.586233,4.060622e-02,1,1,1.5,f,-1.5,+1,1,1,0.5,f,+0.5,+1
sigma+,sigma-,4,1,15.595883,4.061620e-02,1,1,1.5,e,-1.5,-1,1,1,0.5,e,+0.5,-1
sigma+,sigma-,3,25,29073.261408,6.446832e-02,1,1,0.5,f,+0.5,+1,2,2,2.5,e,+2.5,+1
sigma+,sigma-,2,24,29073.623436,1.306833e-02,1,1,0.5,f,-0.5,+1,2,2,2.5,e,+1.5,+1
sigma+,sigma-,2,15,29082.052113,1.214025e-01,1,1,0.5,f,-0.5,+1,2,2,1.5,e,+1.5,+1
sigma+,sigma-,10,25,29088.436339,1.355337e-01,1,1,1.5,f,+0.5,+1,2,2,2.5,e,+2.5,+1
sigma+,sigma-,9,24,29088.551792,1.063394e-01,1,1,1.5,f,-0.5,+1,2,2,2.5,e,+1.5,+1
sigma+,sigma-,8,23,29088.665422,3.907576e-02,1,1,1.5,f,-1.5,+1,2,2,2.5,e,+0.5,+1
sigma+,sigma-,1,31,29094.405998,6.443514e-02,1,1,0.5,e,+0.5,-1,2,2,2.5,f,+2.5,-1
sigma+,sigma-,0,30,29094.780335,1.303315e-02,1,1,0.5,e,-0.5,-1,2,2,2.5,f,+1.5,-1
sigma+,sigma-,9,15,29096.980469,5.921408e-02,1,1,1.5,f,-0.5,+1,2,2,1.5,e,+1.5,+1
sigma+,sigma-,8,14,29097.029283,6.089388e-02,1,1,1.5,f,-1.5,+1,2,2,1.5,e,+0.5,+1
sigma+,sigma-,0,19,29103.205491,1.214551e-01,1,1,0.5,e,-0.5,-1,2,2,1.5,f,+1.5,-1
sigma+,sigma-,6,31,29109.582971,1.355669e-01,1,1,1.5,e,+0.5,-1,2,2,2.5,f,+2.5,-1
sigma+,sigma-,5,30,29109.706899,1.063960e-01,1,1,1.5,e,-0.5,-1,2,2,2.5,f,+1.5,-1
sigma+,sigma-,4,29,29109.828922,3.910858e-02,1,1,1.5,e,-1.5,-1,2,2,2.5,f,+0.5,-1
sigma+,sigma-,5,19,29118.132055,5.914015e-02,1,1,1.5,e,-0.5,-1,2,2,1.5,f,+1.5,-1
sigma+,sigma-,4,18,29118.191527,6.086115e-02,1,1,1.5,e,-1.5,-1,2,2,1.5,f,+0.5,-1
sigma+,sigma-,19,51,43614.254177,1.387064e-02,2,2,1.5,f,+1.5,-1,3,3,3.5,e,+3.5,-1
sigma+,sigma-,18,50,43614.348270,6.020855e-03,2,2,1.5,f,+0.5,-1,3,3,3.5,e,+2.5,-1
sigma+,sigma-,17,49,43614.442682,2.032882e-03,2,2,1.5,f,-0.5,-1,3,3,3.5,e,+1.5,-1
sigma+,sigma-,16,48,43614.537421,4.118651e-04,2,2,1.5,f,-1.5,-1,3,3,3.5,e,+0.5,-1
sigma+,sigma-,18,37,43620.223774,6.537804e-02,2,2,1.5,f,+0.5,-1,3,3,2.5,e,+2.5,-1
sigma+,sigma-,17,36,43620.287005,5.248864e-02,2,2,1.5,f,-0.5,-1,3,3,2.5,e,+1.5,-1
sigma+,sigma-,16,35,43620.350395,1.975467e-02,2,2,1.5,f,-1.5,-1,3,3,2.5,e,+0.5,-1
sigma+,sigma-,30,51,43622.679333,5.758424e-02,2,2,2.5,f,+1.5,-1,3,3,3.5,e,+3.5,-1
sigma+,sigma-,29,50,43622.710875,6.543070e-02,2,2,2.5,f,+0.5,-1,3,3,3.5,e,+2.5,-1
sigma+,sigma-,28,49,43622.742264,4.878369e-02,2,2,2.5,f,-0.5,-1,3,3,3.5,e,+1.5,-1
sigma+,sigma-,27,48,43622.773496,2.586121e-02,2,2,2.5,f,-1.5,-1,3,3,3.5,e,+0.5,-1
sigma+,sigma-,26,47,43622.804565,8.031863e-03,2,2,2.5,f,-2.5,-1,3,3,3.5,e,-0.5,-1
sigma+,sigma-,26,34,43628.586020,6.254430e-03,2,2,2.5,f,-2.5,-1,3,3,2.5,e,-0.5,-1
sigma+,sigma-,29,37,43628.586379,6.014363e-03,2,2,2.5,f,+0.5,-1,3,3,2.5,e,+2.5,-1
sigma+,sigma-,27,35,43628.586470,1.110978e-02,2,2,2.5,f,-1.5,-1,3,3,2.5,e,+0.5,-1
sigma+,sigma-,28,36,43628.586587,1.096579e-02,2,2,2.5,f,-0.5,-1,3,3,2.5,e,+1.5,-1
sigma+,sigma-,15,59,43661.836518,1.385536e-02,2,2,1.5,e,+1.5,+1,3,3,3.5,f,+3.5,+1
sigma+,sigma-,14,58,43661.942455,5.994095e-03,2,2,1.5,e,+0.5,+1,3,3,3.5,f,+2.5,+1
sigma+,sigma-,13,57,43662.048721,2.016983e-03,2,2,1.5,e,-0.5,+1,3,3,3.5,f,+1.5,+1
sigma+,sigma-,12,56,43662.155324,4.072386e-04,2,2,1.5,e,-1.5,+1,3,3,3.5,f,+0.5,+1
sigma+,sigma-,14,43,43667.813798,6.540478e-02,2,2,1.5,e,+0.5,+1,3,3,2.5,f,+2.5,+1
sigma+,sigma-,13,42,43667.890492,5.251412e-02,2,2,1.5,e,-0.5,+1,3,3,2.5,f,+1.5,+1
sigma+,sigma-,12,41,43667.967371,1.976585e-02,2,2,1.5,e,-1.5,+1,3,3,2.5,f,+0.5,+1
sigma+,sigma-,24,59,43670.265195,5.759952e-02,2,2,2.5,e,+1.5,+1,3,3,3.5,f,+3.5,+1
sigma+,sigma-,23,58,43670.306316,6.545747e-02,2,2,2.5,e,+0.5,+1,3,3,3.5,f,+2.5,+1
sigma+,sigma-,22,57,43670.347259,4.881091e-02,2,2,2.5,e,-0.5,+1,3,3,3.5,f,+1.5,+1
sigma+,sigma-,21,56,43670.388018,2.587964e-02,2,2,2.5,e,-1.5,+1,3,3,3.5,f,+0.5,+1
sigma+,sigma-,20,55,43670.428587,8.038873e-03,2,2,2.5,e,-2.5,+1,3,3,3.5,f,-0.5,+1
sigma+,sigma-,23,43,43676.177659,5.987620e-03,2,2,2.5,e,+0.5,+1,3,3,2.5,f,+2.5,+1
sigma+,sigma-,22,42,43676.189030,1.092900e-02,2,2,2.5,e,-0.5,+1,3,3,2.5,f,+1.5,+1
sigma+,sigma-,21,41,43676.200066,1.108482e-02,2,2,2.5,e,-1.5,+1,3,3,2.5,f,+0.5,+1
sigma+,sigma-,20,40,43676.210759,6.247426e-03,2,2,2.5,e,-2.5,+1,3,3,2.5,f,-0.5,+1
sigma+,sigma-,43,85,58146.036358,4.622228e-03,3,3,2.5,f,+2.5,+1,4,4,4.5,e,+4.5,+1
sigma+,sigma-,42,84,58146.076347,2.602237e-03,3,3,2.5,f,+1.5,+1,4,4,4.5,e,+3.5,+1
sigma+,sigma-,41,83,58146.116453,1.318609e-03,3,3,2.5,f,+0.5,+1,4,4,4.5,e,+2.5,+1
sigma+,sigma-,40,82,58146.156679,5.727569e-04,3,3,2.5,f,-0.5,+1,4,4,4.5,e,+1.5,+1
sigma+,sigma-,39,81,58146.197026,1.935141e-04,3,3,2.5,f,-1.5,+1,4,4,4.5,e,+0.5,+1
sigma+,sigma-,38,80,58146.237496,3.923187e-05,3,3,2.5,f,-2.5,+1,4,4,4.5,e,-0.5,+1
sigma+,sigma-,42,67,58150.581485,3.304003e-02,3,3,2.5,f,+1.5,+1,4,4,3.5,e,+3.5,+1
sigma+,sigma-,41,66,58150.602047,3.783504e-02,3,3,2.5,f,+0.5,+1,4,4,3.5,e,+2.5,+1
sigma+,sigma-,40,65,58150.622643,2.843341e-02,3,3,2.5,f,-0.5,+1,4,4,3.5,e,+1.5,+1
sigma+,sigma-,39,64,58150.643274,1.519544e-02,3,3,2.5,f,-1.5,+1,4,4,3.5,e,+0.5,+1
sigma+,sigma-,38,63,58150.663940,4.758406e-03,3,3,2.5,f,-2.5,+1,4,4,3.5,e,-0.5,+1
sigma+,sigma-,58,85,58151.907701,2.872272e-02,3,3,3.5,f,+2.5,+1,4,4,4.5,e,+4.5,+1
sigma+,sigma-,57,84,58151.918118,3.818268e-02,3,3,3.5,f,+1.5,+1,4,4,4.5,e,+3.5,+1
sigma+,sigma-,56,83,58151.928501,3.568779e-02,3,3,3.5,f,+0.5,+1,4,4,4.5,e,+2.5,+1
sigma+,sigma-,55,82,58151.938850,2.710701e-02,3,3,3.5,f,-0.5,+1,4,4,4.5,e,+1.5,+1
sigma+,sigma-,54,81,58151.949166,1.688892e-02,3,3,3.5,f,-1.5,+1,4,4,4.5,e,+0.5,+1
sigma+,sigma-,53,80,58151.959446,8.080930e-03,3,3,3.5,f,-2.5,+1,4,4,4.5,e,-0.5,+1
sigma+,sigma-,52,79,58151.969691,2.349331e-03,3,3,3.5,f,-3.5,+1,4,4,4.5,e,-1.5,+1
sigma+,sigma-,52,62,58156.376241,1.222522e-03,3,3,3.5,f,-3.5,+1,4,4,3.5,e,-1.5,+1
sigma+,sigma-,53,63,58156.385890,2.597438e-03,3,3,3.5,f,-2.5,+1,4,4,3.5,e,-0.5,+1
sigma+,sigma-,54,64,58156.395414,3.434173e-03,3,3,3.5,f,-1.5,+1,4,4,3.5,e,+0.5,+1
sigma+,sigma-,55,65,58156.404815,3.405669e-03,3,3,3.5,f,-0.5,+1,4,4,3.5,e,+1.5,+1
sigma+,sigma-,56,66,58156.414095,2.533291e-03,3,3,3.5,f,+0.5,+1,4,4,3.5,e,+2.5,+1
sigma+,sigma-,57,67,58156.423256,1.172610e-03,3,3,3.5,f,+1.5,+1,4,4,3.5,e,+3.5,+1
sigma+,sigma-,37,95,58230.636869,4.614422e-03,3,3,2.5,e,+2.5,-1,4,4,4.5,f,+4.5,-1
sigma+,sigma-,36,94,58230.688553,2.586103e-03,3,3,2.5,e,+1.5,-1,4,4,4.5,f,+3.5,-1
sigma+,sigma-,35,93,58230.740358,1.304468e-03,3,3,2.5,e,+0.5,-1,4,4,4.5,f,+2.5,-1
sigma+,sigma-,34,92,58230.792286,5.640150e-04,3,3,2.5,e,-0.5,-1,4,4,4.5,f,+1.5,-1
sigma+,sigma-,33,91,58230.844339,1.896795e-04,3,3,2.5,e,-1.5,-1,4,4,4.5,f,+0.5,-1
sigma+,sigma-,32,90,58230.896518,3.827526e-05,3,3,2.5,e,-2.5,-1,4,4,4.5,f,-0.5,-1
sigma+,sigma-,36,75,58235.189172,3.305285e-02,3,3,2.5,e,+1.5,-1,4,4,3.5,f,+3.5,-1
sigma+,sigma-,35,74,58235.222679,3.785204e-02,3,3,2.5,e,+0.5,-1,4,4,3.5,f,+2.5,-1
sigma+,sigma-,34,73,58235.256234,2.844799e-02,3,3,2.5,e,-0.5,-1,4,4,3.5,f,+1.5,-1
sigma+,sigma-,33,72,58235.289837,1.520422e-02,3,3,2.5,e,-1.5,-1,4,4,3.5,f,+0.5,-1
sigma+,sigma-,32,71,58235.323490,4.761473e-03,3,3,2.5,e,-2.5,-1,4,4,3.5,f,-0.5,-1
sigma+,sigma-,50,95,58236.512373,2.873053e-02,3,3,3.5,e,+2.5,-1,4,4,4.5,f,+4.5,-1
sigma+,sigma-,49,94,58236.532876,3.819677e-02,3,3,3.5,e,+1.5,-1,4,4,4.5,f,+3.5,-1
sigma+,sigma-,48,93,58236.553332,3.570452e-02,3,3,3.5,e,+0.5,-1,4,4,4.5,f,+2.5,-1
sigma+,sigma-,47,92,58236.573740,2.712250e-02,3,3,3.5,e,-0.5,-1,4,4,4.5,f,+1.5,-1
sigma+,sigma-,46,91,58236.594101,1.690034e-02,3,3,3.5,e,-1.5,-1,4,4,4.5,f,+0.5,-1
sigma+,sigma-,45,90,58236.614412,8.087266e-03,3,3,3.5,e,-2.5,-1,4,4,4.5,f,-0.5,-1
sigma+,sigma-,44,89,58236.634672,2.351433e-03,3,3,3.5,e,-3.5,-1,4,4,4.5,f,-1.5,-1
sigma+,sigma-,49,75,58241.033495,1.161831e-03,3,3,3.5,e,+1.5,-1,4,4,3.5,f,+3.5,-1
sigma+,sigma-,48,74,58241.035653,2.513698e-03,3,3,3.5,e,+0.5,-1,4,4,3.5,f,+2.5,-1
sigma+,sigma-,47,73,58241.037688,3.384356e-03,3,3,3.5,e,-0.5,-1,4,4,3.5,f,+1.5,-1
sigma+,sigma-,46,72,58241.039599,3.417813e-03,3,3,3.5,e,-1.5,-1,4,4,3.5,f,+0.5,-1
sigma+,sigma-,45,71,58241.041383,2.588994e-03,3,3,3.5,e,-2.5,-1,4,4,3.5,f,-0.5,-1
sigma+,sigma-,44,70,58241.043039,1.220421e-03,3,3,3.5,e,-3.5,-1,4,4,3.5,f,-1.5,-1
sigma+,sigma-,75,127,72671.149374,1.956431e-03,4,4,3.5,f,+3.5,-1,5,5,5.5,e,+5.5,-1
sigma+,sigma-,74,126,72671.170382,1.262558e-03,4,4,3.5,f,+2.5,-1,5,5,5.5,e,+4.5,-1
sigma+,sigma-,73,125,72671.191455,7.682636e-04,4,4,3.5,f,+1.5,-1,5,5,5.5,e,+3.5,-1
sigma+,sigma-,72,124,72671.212593,4.328843e-04,4,4,3.5,f,+0.5,-1,5,5,5.5,e,+2.5,-1
sigma+,sigma-,71,123,72671.233798,2.195345e-04,4,4,3.5,f,-0.5,-1,5,5,5.5,e,+1.5,-1
sigma+,sigma-,70,122,72671.255069,9.543650e-05,4,4,3.5,f,-1.5,-1,5,5,5.5,e,+0.5,-1
sigma+,sigma-,69,121,72671.276409,3.227079e-05,4,4,3.5,f,-2.5,-1,5,5,5.5,e,-0.5,-1
sigma+,sigma-,68,120,72671.297817,6.547635e-06,4,4,3.5,f,-3.5,-1,5,5,5.5,e,-1.5,-1
sigma+,sigma-,74,105,72674.812378,1.848404e-02,4,4,3.5,f,+2.5,-1,5,5,4.5,e,+4.5,-1
sigma+,sigma-,73,104,72674.819398,2.467887e-02,4,4,3.5,f,+1.5,-1,5,5,4.5,e,+3.5,-1
sigma+,sigma-,72,103,72674.826428,2.316823e-02,4,4,3.5,f,+0.5,-1,5,5,4.5,e,+2.5,-1
sigma+,sigma-,71,102,72674.833469,1.767652e-02,4,4,3.5,f,-0.5,-1,5,5,4.5,e,+1.5,-1
sigma+,sigma-,70,101,72674.840521,1.106336e-02,4,4,3.5,f,-1.5,-1,5,5,4.5,e,+0.5,-1
sigma+,sigma-,69,100,72674.847584,5.317970e-03,4,4,3.5,f,-2.5,-1,5,5,4.5,e,-0.5,-1
sigma+,sigma-,68,99,72674.854659,1.553308e-03,4,4,3.5,f,-3.5,-1,5,5,4.5,e,-1.5,-1
sigma+,sigma-,94,127,72675.649993,1.623096e-02,4,4,4.5,f,+3.5,-1,5,5,5.5,e,+5.5,-1
sigma+,sigma-,93,126,72675.652703,2.356281e-02,4,4,4.5,f,+2.5,-1,5,5,5.5,e,+4.5,-1
sigma+,sigma-,92,125,72675.655402,2.469228e-02,4,4,4.5,f,+1.5,-1,5,5,5.5,e,+3.5,-1
sigma+,sigma-,91,124,72675.658091,2.190495e-02,4,4,4.5,f,+0.5,-1,5,5,5.5,e,+2.5,-1
sigma+,sigma-,90,123,72675.660769,1.707869e-02,4,4,4.5,f,-0.5,-1,5,5,5.5,e,+1.5,-1
sigma+,sigma-,89,122,72675.663437,1.168714e-02,4,4,4.5,f,-1.5,-1,5,5,5.5,e,+0.5,-1
sigma+,sigma-,88,121,72675.666093,6.803362e-03,4,4,4.5,f,-2.5,-1,5,5,5.5,e,-0.5,-1
sigma+,sigma-,87,120,72675.668737,3.103573e-03,4,4,4.5,f,-3.5,-1,5,5,5.5,e,-1.5,-1
sigma+,sigma-,86,119,72675.671371,8.710206e-04,4,4,4.5,f,-4.5,-1,5,5,5.5,e,-2.5,-1
sigma+,sigma-,86,98,72679.213821,3.412660e-04,4,4,4.5,f,-4.5,-1,5,5,4.5,e,-2.5,-1
sigma+,sigma-,87,99,72679.225579,7.912571e-04,4,4,4.5,f,-3.5,-1,5,5,4.5,e,-1.5,-1
sigma+,sigma-,88,100,72679.237268,1.179462e-03,4,4,4.5,f,-2.5,-1,5,5,4.5,e,-0.5,-1
sigma+,sigma-,89,101,72679.248888,1.395424e-03,4,4,4.5,f,-1.5,-1,5,5,4.5,e,+0.5,-1
sigma+,sigma-,90,102,72679.260441,1.386864e-03,4,4,4.5,f,-0.5,-1,5,5,4.5,e,+1.5,-1
sigma+,sigma-,91,103,72679.271926,1.157888e-03,4,4,4.5,f,+0.5,-1,5,5,4.5,e,+2.5,-1
sigma+,sigma-,92,104,72679.283346,7.672802e-04,4,4,4.5,f,+1.5,-1,5,5,4.5,e,+3.5,-1
sigma+,sigma-,93,105,72679.294700,3.268743e-04,4,4,4.5,f,+2.5,-1,5,5,4.5,e,+4.5,-1
sigma+,sigma-,1,50,72716.943914,5.615955e-07,1,1,0.5,e,+0.5,-1,3,3,3.5,e,+2.5,-1
sigma+,sigma-,0,49,72717.350106,2.016155e-07,1,1,0.5,e,-0.5,-1,3,3,3.5,e,+1.5,-1
sigma+,sigma-,1,37,72722.819418,1.346271e-01,1,1,0.5,e,+0.5,-1,3,3,2.5,e,+2.5,-1
sigma+,sigma-,0,36,72723.194429,2.718813e-02,1,1,0.5,e,-0.5,-1,3,3,2.5,e,+1.5,-1
sigma+,sigma-,7,51,72731.963154,1.714008e-01,1,1,1.5,e,+1.5,-1,3,3,3.5,e,+3.5,-1
sigma+,sigma-,6,50,72732.120887,7.293399e-02,1,1,1.5,e,+0.5,-1,3,3,3.5,e,+2.5,-1
sigma+,sigma-,5,49,72732.276670,2.413420e-02,1,1,1.5,e,-0.5,-1,3,3,3.5,e,+1.5,-1
sigma+,sigma-,4,48,72732.430401,4.790883e-03,1,1,1.5,e,-1.5,-1,3,3,3.5,e,+0.5,-1
sigma+,sigma-,6,37,72737.996391,2.103915e-02,1,1,1.5,e,+0.5,-1,3,3,2.5,e,+2.5,-1
sigma+,sigma-,5,36,72738.120993,1.725220e-02,1,1,1.5,e,-0.5,-1,3,3,2.5,e,+1.5,-1
sigma+,sigma-,4,35,72738.243375,6.636504e-03,1,1,1.5,e,-1.5,-1,3,3,2.5,e,+0.5,-1
sigma+,sigma-,3,58,72743.385505,6.818681e-07,1,1,0.5,f,+0.5,+1,3,3,3.5,f,+2.5,+1
sigma+,sigma-,2,57,72743.788976,2.434161e-07,1,1,0.5,f,-0.5,+1,3,3,3.5,f,+1.5,+1
sigma+,sigma-,3,43,72749.256848,1.346080e-01,1,1,0.5,f,+0.5,+1,3,3,2.5,f,+2.5,+1
sigma+,sigma-,2,42,72749.630747,2.718015e-02,1,1,0.5,f,-0.5,+1,3,3,2.5,f,+1.5,+1
sigma+,sigma-,11,59,72758.401644,1.714009e-01,1,1,1.5,f,+1.5,+1,3,3,3.5,f,+3.5,+1
sigma+,sigma-,10,58,72758.560437,7.296065e-02,1,1,1.5,f,+0.5,+1,3,3,3.5,f,+2.5,+1
sigma+,sigma-,9,57,72758.717332,2.415229e-02,1,1,1.5,f,-0.5,+1,3,3,3.5,f,+1.5,+1
sigma+,sigma-,8,56,72758.872233,4.796408e-03,1,1,1.5,f,-1.5,+1,3,3,3.5,f,+0.5,+1
sigma+,sigma-,10,43,72764.431779,2.103152e-02,1,1,1.5,f,+0.5,+1,3,3,2.5,f,+2.5,+1
sigma+,sigma-,9,42,72764.559103,1.724215e-02,1,1,1.5,f,-0.5,+1,3,3,2.5,f,+1.5,+1
sigma+,sigma-,8,41,72764.684281,6.631010e-03,1,1,1.5,f,-1.5,+1,3,3,2.5,f,+0.5,+1
sigma+,sigma-,67,139,72803.348196,1.951968e-03,4,4,3.5,e,+3.5,+1,5,5,5.5,f,+5.5,+1
sigma+,sigma-,66,138,72803.380832,1.252489e-03,4,4,3.5,e,+2.5,+1,5,5,5.5,f,+4.5,+1
sigma+,sigma-,65,137,72803.413535,7.577672e-04,4,4,3.5,e,+1.5,+1,5,5,5.5,f,+3.5,+1
sigma+,sigma-,64,136,72803.446305,4.245106e-04,4,4,3.5,e,+0.5,+1,5,5,5.5,f,+2.5,+1
sigma+,sigma-,63,135,72803.479142,2.140418e-04,4,4,3.5,e,-0.5,+1,5,5,5.5,f,+1.5,+1
sigma+,sigma-,62,134,72803.512049,9.250744e-05,4,4,3.5,e,-1.5,+1,5,5,5.5,f,+0.5,+1
sigma+,sigma-,61,133,72803.545025,3.109749e-05,4,4,3.5,e,-2.5,+1,5,5,5.5,f,-0.5,+1
sigma+,sigma-,60,132,72803.578072,6.272498e-06,4,4,3.5,e,-3.5,+1,5,5,5.5,f,-1.5,+1
sigma+,sigma-,66,115,72807.018081,1.849094e-02,4,4,3.5,e,+2.5,+1,5,5,4.5,f,+4.5,+1
sigma+,sigma-,65,114,72807.037745,2.468936e-02,4,4,3.5,e,+1.5,+1,5,5,4.5,f,+3.5,+1
sigma+,sigma-,64,113,72807.057429,2.317931e-02,4,4,3.5,e,+0.5,+1,5,5,4.5,f,+2.5,+1
sigma+,sigma-,63,112,72807.077133,1.768593e-02,4,4,3.5,e,-0.5,+1,5,5,4.5,f,+1.5,+1
sigma+,sigma-,62,111,72807.096857,1.106986e-02,4,4,3.5,e,-1.5,+1,5,5,4.5,f,+0.5,+1
sigma+,sigma-,61,110,72807.116603,5.321391e-03,4,4,3.5,e,-2.5,+1,5,5,4.5,f,-0.5,+1
sigma+,sigma-,60,109,72807.136369,1.554396e-03,4,4,3.5,e,-3.5,+1,5,5,4.5,f,-1.5,+1
sigma+,sigma-,84,139,72807.853334,1.623542e-02,4,4,4.5,e,+3.5,+1,5,5,5.5,f,+5.5,+1
sigma+,sigma-,83,138,72807.866426,2.357104e-02,4,4,4.5,e,+2.5,+1,5,5,5.5,f,+4.5,+1
sigma+,sigma-,82,137,72807.879499,2.470278e-02,4,4,4.5,e,+1.5,+1,5,5,5.5,f,+3.5,+1
sigma+,sigma-,81,136,72807.892553,2.191596e-02,4,4,4.5,e,+0.5,+1,5,5,5.5,f,+2.5,+1
sigma+,sigma-,80,135,72807.905586,1.708862e-02,4,4,4.5,e,-0.5,+1,5,5,5.5,f,+1.5,+1
sigma+,sigma-,79,134,72807.918599,1.169488e-02,4,4,4.5,e,-1.5,+1,5,5,5.5,f,+0.5,+1
sigma+,sigma-,78,133,72807.931591,6.808429e-03,4,4,4.5,e,-2.5,+1,5,5,5.5,f,-0.5,+1
sigma+,sigma-,77,132,72807.944562,3.106146e-03,4,4,4.5,e,-3.5,+1,5,5,5.5,f,-1.5,+1
sigma+,sigma-,76,131,72807.957511,8.718177e-04,4,4,4.5,e,-4.5,+1,5,5,5.5,f,-2.5,+1
sigma+,sigma-,76,108,72811.502479,3.404692e-04,4,4,4.5,e,-4.5,+1,5,5,4.5,f,-2.5,+1
sigma+,sigma-,77,109,72811.502859,7.878713e-04,4,4,4.5,e,-3.5,+1,5,5,4.5,f,-1.5,+1
sigma+,sigma-,78,110,72811.503168,1.172148e-03,4,4,4.5,e,-2.5,+1,5,5,4.5,f,-0.5,+1
sigma+,sigma-,79,111,72811.503407,1.384121e-03,4,4,4.5,e,-1.5,+1,5,5,4.5,f,+0.5,+1
sigma+,sigma-,80,112,72811.503576,1.373026e-03,4,4,4.5,e,-0.5,+1,5,5,4.5,f,+1.5,+1
sigma+,sigma-,83,115,72811.503676,3.218122e-04,4,4,4.5,e,+2.5,+1,5,5,4.5,f,+4.5,+1
sigma+,sigma-,81,113,72811.503677,1.144185e-03,4,4,4.5,e,+0.5,+1,5,5,4.5,f,+2.5,+1
sigma+,sigma-,82,114,72811.503710,7.567909e-04,4,4,4.5,e,+1.5,+1,5,5,4.5,f,+3.5,+1
sigma+,sigma-,15,84,101813.654981,3.991383e-09,2,2,1.5,e,+1.5,+1,4,4,4.5,e,+3.5,+1
sigma+,sigma-,14,83,101813.771451,2.604253e-09,2,2,1.5,e,+0.5,+1,4,4,4.5,e,+2.5,+1
sigma+,sigma-,13,82,101813.888218,9.550411e-10,2,2,1.5,e,-0.5,+1,4,4,4.5,e,+1.5,+1
sigma+,sigma-,12,81,101814.005290,1.779798e-10,2,2,1.5,e,-1.5,+1,4,4,4.5,e,+0.5,+1
sigma+,sigma-,15,67,101818.160119,2.150398e-01,2,2,1.5,e,+1.5,+1,4,4,3.5,e,+3.5,+1
sigma+,sigma-,14,66,101818.257045,9.248201e-02,2,2,1.5,e,+0.5,+1,4,4,3.5,e,+2.5,+1
sigma+,sigma-,13,65,101818.354183,3.093725e-02,2,2,1.5,e,-0.5,+1,4,4,3.5,e,+1.5,+1
sigma+,sigma-,12,64,101818.451538,6.209961e-03,2,2,1.5,e,-1.5,+1,4,4,3.5,e,+0.5,+1
sigma+,sigma-,25,85,101822.031799,2.380815e-01,2,2,2.5,e,+2.5,+1,4,4,4.5,e,+4.5,+1
sigma+,sigma-,24,84,101822.083658,1.318053e-01,2,2,2.5,e,+1.5,+1,4,4,4.5,e,+3.5,+1
sigma+,sigma-,23,83,101822.135312,6.566852e-02,2,2,2.5,e,+0.5,+1,4,4,4.5,e,+2.5,+1
sigma+,sigma-,22,82,101822.186756,2.804198e-02,2,2,2.5,e,-0.5,+1,4,4,4.5,e,+1.5,+1
sigma+,sigma-,21,81,101822.237984,9.312984e-03,2,2,2.5,e,-1.5,+1,4,4,4.5,e,+0.5,+1
sigma+,sigma-,20,80,101822.288990,1.855636e-03,2,2,2.5,e,-2.5,+1,4,4,4.5,e,-0.5,+1
sigma+,sigma-,24,67,101826.588796,1.030918e-02,2,2,2.5,e,+1.5,+1,4,4,3.5,e,+3.5,+1
sigma+,sigma-,23,66,101826.620906,1.192151e-02,2,2,2.5,e,+0.5,+1,4,4,3.5,e,+2.5,+1
sigma+,sigma-,22,65,101826.652721,9.048785e-03,2,2,2.5,e,-0.5,+1,4,4,3.5,e,+1.5,+1
sigma+,sigma-,21,64,101826.684232,4.885081e-03,2,2,2.5,e,-1.5,+1,4,4,3.5,e,+0.5,+1
sigma+,sigma-,20,63,101826.715434,1.545582e-03,2,2,2.5,e,-2.5,+1,4,4,3.5,e,-0.5,+1
sigma+,sigma-,19,94,101850.677491,4.999571e-10,2,2,1.5,f,+1.5,-1,4,4,4.5,f,+3.5,-1
sigma+,sigma-,18,93,101850.792206,5.529242e-10,2,2,1.5,f,+0.5,-1,4,4,4.5,f,+2.5,-1
sigma+,sigma-,17,92,101850.907195,3.314302e-10,2,2,1.5,f,-0.5,-1,4,4,4.5,f,+1.5,-1
sigma+,sigma-,16,91,101851.022466,9.907972e-11,2,2,1.5,f,-1.5,-1,4,4,4.5,f,+0.5,-1
sigma+,sigma-,19,75,101855.178111,2.150144e-01,2,2,1.5,f,+1.5,-1,4,4,3.5,f,+3.5,-1
sigma+,sigma-,18,74,101855.274527,9.245973e-02,2,2,1.5,f,+0.5,-1,4,4,3.5,f,+2.5,-1
sigma+,sigma-,17,73,101855.371143,3.092585e-02,2,2,1.5,f,-0.5,-1,4,4,3.5,f,+1.5,-1
sigma+,sigma-,16,72,101855.467964,6.206851e-03,2,2,1.5,f,-1.5,-1,4,4,3.5,f,+0.5,-1
sigma+,sigma-,31,95,101859.050289,2.380816e-01,2,2,2.5,f,+2.5,-1,4,4,4.5,f,+4.5,-1
sigma+,sigma-,30,94,101859.102647,1.318345e-01,2,2,2.5,f,+1.5,-1,4,4,4.5,f,+3.5,-1
sigma+,sigma-,29,93,101859.154811,6.569813e-02,2,2,2.5,f,+0.5,-1,4,4,4.5,f,+2.5,-1
sigma+,sigma-,28,92,101859.206777,2.806125e-02,2,2,2.5,f,-0.5,-1,4,4,4.5,f,+1.5,-1
sigma+,sigma-,27,91,101859.258540,9.321661e-03,2,2,2.5,f,-1.5,-1,4,4,4.5,f,+0.5,-1
sigma+,sigma-,26,90,101859.310095,1.857833e-03,2,2,2.5,f,-2.5,-1,4,4,4.5,f,-0.5,-1
sigma+,sigma-,30,75,101863.603266,1.030544e-02,2,2,2.5,f,+1.5,-1,4,4,3.5,f,+3.5,-1
sigma+,sigma-,29,74,101863.637132,1.191428e-02,2,2,2.5,f,+0.5,-1,4,4,3.5,f,+2.5,-1
sigma+,sigma-,28,73,101863.670725,9.040974e-03,2,2,2.5,f,-0.5,-1,4,4,3.5,f,+1.5,-1
sigma+,sigma-,27,72,101863.704038,4.879545e-03,2,2,2.5,f,-1.5,-1,4,4,3.5,f,+0.5,-1
sigma+,sigma-,26,71,101863.737067,1.543392e-03,2,2,2.5,f,-2.5,-1,4,4,3.5,f,-0.5,-1
sigma+,sigma-,3,66,130899.700095,3.530684e-12,1,1,0.5,f,+0.5,+1,4,4,3.5,e,+2.5,+1
sigma+,sigma-,2,65,130900.094438,1.197148e-12,1,1,0.5,f,-0.5,+1,4,4,3.5,e,+1.5,+1
sigma+,sigma-,37,126,130906.221135,1.668092e-07,3,3,2.5,e,+2.5,-1,5,5,5.5,e,+4.5,-1
sigma+,sigma-,36,125,130906.275593,1.673762e-07,3,3,2.5,e,+1.5,-1,5,5,5.5,e,+3.5,-1
sigma+,sigma-,35,124,130906.330162,1.119543e-07,3,3,2.5,e,+0.5,-1,5,5,5.5,e,+2.5,-1
sigma+,sigma-,34,123,130906.384844,5.615807e-08,3,3,2.5,e,-0.5,-1,5,5,5.5,e,+1.5,-1
sigma+,sigma-,33,122,130906.439642,2.011947e-08,3,3,2.5,e,-1.5,-1,5,5,5.5,e,+0.5,-1
sigma+,sigma-,32,121,130906.494556,4.036155e-09,3,3,2.5,e,-2.5,-1,5,5,5.5,e,-0.5,-1
sigma+,sigma-,37,105,130909.863131,2.576514e-01,3,3,2.5,e,+2.5,-1,5,5,4.5,e,+4.5,-1
sigma+,sigma-,36,104,130909.903536,1.434211e-01,3,3,2.5,e,+1.5,-1,5,5,4.5,e,+3.5,-1
sigma+,sigma-,35,103,130909.943997,7.185355e-02,3,3,2.5,e,+0.5,-1,5,5,4.5,e,+2.5,-1
sigma+,sigma-,34,102,130909.984516,3.085668e-02,3,3,2.5,e,-0.5,-1,5,5,4.5,e,+1.5,-1
sigma+,sigma-,33,101,130910.025094,1.030667e-02,3,3,2.5,e,-1.5,-1,5,5,4.5,e,+0.5,-1
sigma+,sigma-,32,100,130910.065731,2.065628e-03,3,3,2.5,e,-2.5,-1,5,5,4.5,e,-0.5,-1
sigma+,sigma-,51,127,130912.073307,2.727199e-01,3,3,3.5,e,+3.5,-1,5,5,5.5,e,+5.5,-1
sigma+,sigma-,50,126,130912.096639,1.731631e-01,3,3,3.5,e,+2.5,-1,5,5,5.5,e,+4.5,-1
sigma+,sigma-,49,125,130912.119916,1.036637e-01,3,3,3.5,e,+1.5,-1,5,5,5.5,e,+3.5,-1
sigma+,sigma-,48,124,130912.143136,5.745931e-02,3,3,3.5,e,+0.5,-1,5,5,5.5,e,+2.5,-1
sigma+,sigma-,47,123,130912.166299,2.866308e-02,3,3,3.5,e,-0.5,-1,5,5,5.5,e,+1.5,-1
sigma+,sigma-,46,122,130912.189404,1.225530e-02,3,3,3.5,e,-1.5,-1,5,5,5.5,e,+0.5,-1
sigma+,sigma-,45,121,130912.212449,4.075363e-03,3,3,3.5,e,-2.5,-1,5,5,5.5,e,-0.5,-1
sigma+,sigma-,44,120,130912.235434,8.131015e-04,3,3,3.5,e,-3.5,-1,5,5,5.5,e,-1.5,-1
sigma+,sigma-,11,67,130914.725245,4.721980e-09,1,1,1.5,f,+1.5,+1,4,4,3.5,e,+3.5,+1
sigma+,sigma-,10,66,130914.875027,2.080126e-09,1,1,1.5,f,+0.5,+1,4,4,3.5,e,+2.5,+1
sigma+,sigma-,9,65,130915.022794,7.129640e-10,1,1,1.5,f,-0.5,+1,4,4,3.5,e,+1.5,+1
sigma+,sigma-,8,64,130915.168447,1.466788e-10,1,1,1.5,f,-1.5,+1,4,4,3.5,e,+0.5,+1
sigma+,sigma-,50,105,130915.738635,5.554026e-03,3,3,3.5,e,+2.5,-1,5,5,4.5,e,+4.5,-1
sigma+,sigma-,49,104,130915.747859,7.462986e-03,3,3,3.5,e,+1.5,-1,5,5,4.5,e,+3.5,-1
sigma+,sigma-,48,103,130915.756971,7.051650e-03,3,3,3.5,e,+0.5,-1,5,5,4.5,e,+2.5,-1
sigma+,sigma-,47,102,130915.765971,5.415518e-03,3,3,3.5,e,-0.5,-1,5,5,4.5,e,+1.5,-1
sigma+,sigma-,46,101,130915.774856,3.412017e-03,3,3,3.5,e,-1.5,-1,5,5,4.5,e,+0.5,-1
sigma+,sigma-,45,100,130915.783625,1.651152e-03,3,3,3.5,e,-2.5,-1,5,5,4.5,e,-0.5,-1
sigma+,sigma-,44,99,130915.792275,4.855715e-04,3,3,3.5,e,-3.5,-1,5,5,4.5,e,-1.5,-1
sigma+,sigma-,43,138,130953.824079,1.038954e-07,3,3,2.5,f,+2.5,+1,5,5,5.5,f,+4.5,+1
sigma+,sigma-,42,137,130953.877226,1.039537e-07,3,3,2.5,f,+1.5,+1,5,5,5.5,f,+3.5,+1
sigma+,sigma-,41,136,130953.930471,6.933189e-08,3,3,2.5,f,+0.5,+1,5,5,5.5,f,+2.5,+1
sigma+,sigma-,40,135,130953.983817,3.467576e-08,3,3,2.5,f,-0.5,+1,5,5,5.5,f,+1.5,+1
sigma+,sigma-,39,134,130954.037266,1.238587e-08,3,3,2.5,f,-1.5,+1,5,5,5.5,f,+0.5,+1
sigma+,sigma-,38,133,130954.090818,2.477124e-09,3,3,2.5,f,-2.5,+1,5,5,5.5,f,-0.5,+1
sigma+,sigma-,43,115,130957.461329,2.576260e-01,3,3,2.5,f,+2.5,+1,5,5,4.5,f,+4.5,+1
sigma+,sigma-,42,114,130957.501436,1.433924e-01,3,3,2.5,f,+1.5,+1,5,5,4.5,f,+3.5,+1
sigma+,sigma-,41,113,130957.541595,7.183168e-02,3,3,2.5,f,+0.5,+1,5,5,4.5,f,+2.5,+1
sigma+,sigma-,40,112,130957.581808,3.084397e-02,3,3,2.5,f,-0.5,+1,5,5,4.5,f,+1.5,+1
sigma+,sigma-,39,111,130957.622074,1.030129e-02,3,3,2.5,f,-1.5,+1,5,5,4.5,f,+0.5,+1
sigma+,sigma-,38,110,130957.662395,2.064315e-03,3,3,2.5,f,-2.5,+1,5,5,4.5,f,-0.5,+1
sigma+,sigma-,1,74,130957.870171,3.561138e-12,1,1,0.5,e,+0.5,-1,4,4,3.5,f,+2.5,-1
sigma+,sigma-,0,73,130958.278567,1.207880e-12,1,1,0.5,e,-0.5,-1,4,4,3.5,f,+1.5,-1
sigma+,sigma-,59,139,130959.671797,2.727199e-01,3,3,3.5,f,+3.5,+1,5,5,5.5,f,+5.5,+1
sigma+,sigma-,58,138,130959.695422,1.731908e-01,3,3,3.5,f,+2.5,+1,5,5,5.5,f,+4.5,+1
sigma+,sigma-,57,137,130959.718996,1.036973e-01,3,3,3.5,f,+1.5,+1,5,5,5.5,f,+3.5,+1
sigma+,sigma-,56,136,130959.742519,5.748759e-02,3,3,3.5,f,+0.5,+1,5,5,5.5,f,+2.5,+1
sigma+,sigma-,55,135,130959.765989,2.868214e-02,3,3,3.5,f,-0.5,+1,5,5,5.5,f,+1.5,+1
sigma+,sigma-,54,134,130959.789406,1.226563e-02,3,3,3.5,f,-1.5,+1,5,5,5.5,f,+0.5,+1
sigma+,sigma-,53,133,130959.812768,4.079539e-03,3,3,3.5,f,-2.5,+1,5,5,5.5,f,-0.5,+1
sigma+,sigma-,52,132,130959.836074,8.140869e-04,3,3,3.5,f,-3.5,+1,5,5,5.5,f,-1.5,+1
sigma+,sigma-,58,115,130963.332671,5.551916e-03,3,3,3.5,f,+2.5,+1,5,5,4.5,f,+4.5,+1
sigma+,sigma-,57,114,130963.343207,7.458273e-03,3,3,3.5,f,+1.5,+1,5,5,4.5,f,+3.5,+1
sigma+,sigma-,56,113,130963.353643,7.045362e-03,3,3,3.5,f,+0.5,+1,5,5,4.5,f,+2.5,+1
sigma+,sigma-,55,112,130963.363979,5.409231e-03,3,3,3.5,f,-0.5,+1,5,5,4.5,f,+1.5,+1
sigma+,sigma-,54,111,130963.374214,3.407107e-03,3,3,3.5,f,-1.5,+1,5,5,4.5,f,+0.5,+1
sigma+,sigma-,53,110,130963.384345,1.648301e-03,3,3,3.5,f,-2.5,+1,5,5,4.5,f,-0.5,+1
sigma+,sigma-,52,109,130963.394372,4.845885e-04,3,3,3.5,f,-3.5,+1,5,5,4.5,f,-1.5,+1
sigma+,sigma-,7,75,130972.887087,4.721937e-09,1,1,1.5,e,+1.5,-1,4,4,3.5,f,+3.5,-1
sigma+,sigma-,6,74,130973.047144,2.080060e-09,1,1,1.5,e,+0.5,-1,4,4,3.5,f,+2.5,-1
sigma+,sigma-,5,73,130973.205131,7.129372e-10,1,1,1.5,e,-0.5,-1,4,4,3.5,f,+1.5,-1
sigma+,sigma-,4,72,130973.360944,1.466751e-10,1,1,1.5,e,-1.5,-1,4,4,3.5,f,+0.5,-1
sigma+,sigma-,19,104,174529.892474,1.162446e-12,2,2,1.5,f,+1.5,-1,5,5,4.5,e,+3.5,-1
sigma+,sigma-,31,105,174538.276551,1.916088e-09,2,2,2.5,f,+2.5,-1,5,5,4.5,e,+4.5,-1
sigma+,sigma-,30,104,174538.317630,1.079039e-09,2,2,2.5,f,+1.5,-1,5,5,4.5,e,+3.5,-1
sigma+,sigma-,29,103,174538.358450,5.469362e-10,2,2,2.5,f,+0.5,-1,5,5,4.5,e,+2.5,-1
sigma+,sigma-,28,102,174538.399007,2.376438e-10,2,2,2.5,f,-0.5,-1,5,5,4.5,e,+1.5,-1
sigma+,sigma-,27,101,174538.439295,8.031754e-11,2,2,2.5,f,-1.5,-1,5,5,4.5,e,+0.5,-1
sigma+,sigma-,26,100,174538.479308,1.628867e-11,2,2,2.5,f,-2.5,-1,5,5,4.5,e,-0.5,-1
sigma+,sigma-,15,114,174625.080070,1.181679e-12,2,2,1.5,e,+1.5,+1,5,5,4.5,f,+3.5,+1
sigma+,sigma-,25,115,174633.456769,1.916071e-09,2,2,2.5,e,+2.5,+1,5,5,4.5,f,+4.5,+1
sigma+,sigma-,24,114,174633.508747,1.079000e-09,2,2,2.5,e,+1.5,+1,5,5,4.5,f,+3.5,+1
sigma+,sigma-,23,113,174633.560454,5.469079e-10,2,2,2.5,e,+0.5,+1,5,5,4.5,f,+2.5,+1
sigma+,sigma-,22,112,174633.611885,2.376304e-10,2,2,2.5,e,-0.5,+1,5,5,4.5,f,+1.5,+1
sigma+,sigma-,21,111,174633.663032,8.031353e-11,2,2,2.5,e,-1.5,+1,5,5,4.5,f,+0.5,+1
sigma+,sigma-,20,110,174633.713889,1.628816e-11,2,2,2.5,e,-2.5,+1,5,5,4.5,f,-0.5,+1
sigma-,sigma+,110,20,-174633.713889,1.628816e-11,5,5,4.5,f,-0.5,+1,2,2,2.5,e,-2.5,+1
sigma-,sigma+,111,21,-174633.663032,8.031353e-11,5,5,4.5,f,+0.5,+1,2,2,2.5,e,-1.5,+1
sigma-,sigma+,112,22,-174633.611885,2.376304e-10,5,5,4.5,f,+1.5,+1,2,2,2.5,e,-0.5,+1
sigma-,sigma+,113,23,-174633.560454,5.469079e-10,5,5,4.5,f,+2.5,+1,2,2,2.5,e,+0.5,+1
sigma-,sigma+,114,24,-174633.508747,1.079000e-09,5,5,4.5,f,+3.5,+1,2,2,2.5,e,+1.5,+1
sigma-,sigma+,115,25,-174633.456769,1.916071e-09,5,5,4.5,f,+4.5,+1,2,2,2.5,e,+2.5,+1
sigma-,sigma+,114,15,-174625.080070,1.181679e-12,5,5,4.5,f,+3.5,+1,2,2,1.5,e,+1.5,+1
sigma-,sigma+,100,26,-174538.479308,1.628867e-11,5,5,4.5,e,-0.5,-1,2,2,2.5,f,-2.5,-1
sigma-,sigma+,101,27,-174538.439295,8.031754e-11,5,5,4.5,e,+0.5,-1,2,2,2.5,f,-1.5,-1
sigma-,sigma+,102,28,-174538.399007,2.376438e-10,5,5,4.5,e,+1.5,-1,2,2,2.5,f,-0.5,-1
sigma-,sigma+,103,29,-174538.358450,5.469362e-10,5,5,4.5,e,+2.5,-1,2,2,2.5,f,+0.5,-1
sigma-,sigma+,104,30,-174538.317630,1.079039e-09,5,5,4.5,e,+3.5,-1,2,2,2.5,f,+1.5,-1
sigma-,sigma+,105,31,-174538.276551,1.916088e-09,5,5,4.5,e,+4.5,-1,2,2,2.5,f,+2.5,-1
sigma-,sigma+,104,19,-174529.892474,1.162446e-12,5,5,4.5,e,+3.5,-1,2,2,1.5,f,+1.5,-1
sigma-,sigma+,72,4,-130973.360944,1.466751e-10,4,4,3.5,f,+0.5,-1,1,1,1.5,e,-1.5,-1
sigma-,sigma+,73,5,-130973.205131,7.129372e-10,4,4,3.5,f,+1.5,-1,1,1,1.5,e,-0.5,-1
sigma-,sigma+,74,6,-130973.047144,2.080060e-09,4,4,3.5,f,+2.5,-1,1,1,1.5,e,+0.5,-1
sigma-,sigma+,75,7,-130972.887087,4.721937e-09,4,4,3.5,f,+3.5,-1,1,1,1.5,e,+1.5,-1
sigma-,sigma+,109,52,-130963.394372,4.845885e-04,5,5,4.5,f,-1.5,+1,3,3,3.5,f,-3.5,+1
sigma-,sigma+,110,53,-130963.384345,1.648301e-03,5,5,4.5,f,-0.5,+1,3,3,3.5,f,-2.5,+1
sigma-,sigma+,111,54,-130963.374214,3.407107e-03,5,5,4.5,f,+0.5,+1,3,3,3.5,f,-1.5,+1
sigma-,sigma+,112,55,-130963.363979,5.409231e-03,5,5,4.5,f,+1.5,+1,3,3,3.5,f,-0.5,+1
sigma-,sigma+,113,56,-130963.353643,7.045362e-03,5,5,4.5,f,+2.5,+1,3,3,3.5,f,+0.5,+1
sigma-,sigma+,114,57,-130963.343207,7.458273e-03,5,5,4.5,f,+3.5,+1,3,3,3.5,f,+1.5,+1
sigma-,sigma+,115,58,-130963.332671,5.551916e-03,5,5,4.5,f,+4.5,+1,3,3,3.5,f,+2.5,+1
sigma-,sigma+,132,52,-130959.836074,8.140869e-04,5,5,5.5,f,-1.5,+1,3,3,3.5,f,-3.5,+1
sigma-,sigma+,133,53,-130959.812768,4.079539e-03,5,5,5.5,f,-0.5,+1,3,3,3.5,f,-2.5,+1
sigma-,sigma+,134,54,-130959.789406,1.226563e-02,5,5,5.5,f,+0.5,+1,3,3,3.5,f,-1.5,+1
sigma-,sigma+,135,55,-130959.765989,2.868214e-02,5,5,5.5,f,+1.5,+1,3,3,3.5,f,-0.5,+1
sigma-,sigma+,136,56,-130959.742519,5.748759e-02,5,5,5.5,f,+2.5,+1,3,3,3.5,f,+0.5,+1
sigma-,sigma+,137,57,-130959.718996,1.036973e-01,5,5,5.5,f,+3.5,+1,3,3,3.5,f,+1.5,+1
sigma-,sigma+,138,58,-130959.695422,1.731908e-01,5,5,5.5,f,+4.5,+1,3,3,3.5,f,+2.5,+1
sigma-,sigma+,139,59,-130959.671797,2.727199e-01,5,5,5.5,f,+5.5,+1,3,3,3.5,f,+3.5,+1
sigma-,sigma+,73,0,-130958.278567,1.207880e-12,4,4,3.5,f,+1.5,-1,1,1,0.5,e,-0.5,-1
sigma-,sigma+,74,1,-130957.870171,3.561138e-12,4,4,3.5,f,+2.5,-1,1,1,0.5,e,+0.5,-1
sigma-,sigma+,110,38,-130957.662395,2.064315e-03,5,5,4.5,f,-0.5,+1,3,3,2.5,f,-2.5,+1
sigma-,sigma+,111,39,-130957.622074,1.030129e-02,5,5,4.5,f,+0.5,+1,3,3,2.5,f,-1.5,+1
sigma-,sigma+,112,40,-130957.581808,3.084397e-02,5,5,4.5,f,+1.5,+1,3,3,2.5,f,-0.5,+1
sigma-,sigma+,113,41,-130957.541595,7.183168e-02,5,5,4.5,f,+2.5,+1,3,3,2.5,f,+0.5,+1
sigma-,sigma+,114,42,-130957.501436,1.433924e-01,5,5,4.5,f,+3.5,+1,3,3,2.5,f,+1.5,+1
sigma-,sigma+,115,43,-130957.461329,2.576260e-01,5,5,4.5,f,+4.5,+1,3,3,2.5,f,+2.5,+1
sigma-,sigma+,133,38,-130954.090818,2.477124e-09,5,5,5.5,f,-0.5,+1,3,3,2.5,f,-2.5,+1
sigma-,sigma+,134,39,-130954.037266,1.238587e-08,5,5,5.5,f,+0.5,+1,3,3,2.5,f,-1.5,+1
sigma-,sigma+,135,40,-130953.983817,3.467576e-08,5,5,5.5,f,+1.5,+1,3,3,2.5,f,-0.5,+1
sigma-,sigma+,136,41,-130953.930471,6.933189e-08,5,5,5.5,f,+2.5,+1,3,3,2.5,f,+0.5,+1
sigma-,sigma+,137,42,-130953.877226,1.039537e-07,5,5,5.5,f,+3.5,+1,3,3,2.5,f,+1.5,+1
sigma-,sigma+,138,43,-130953.824079,1.038954e-07,5,5,5.5,f,+4.5,+1,3,3,2.5,f,+2.5,+1
sigma-,sigma+,99,44,-130915.792275,4.855715e-04,5,5,4.5,e,-1.5,-1,3,3,3.5,e,-3.5,-1
sigma-,sigma+,100,45,-130915.783625,1.651152e-03,5,5,4.5,e,-0.5,-1,3,3,3.5,e,-2.5,-1
sigma-,sigma+,101,46,-130915.774856,3.412017e-03,5,5,4.5,e,+0.5,-1,3,3,3.5,e,-1.5,-1
sigma-,sigma+,102,47,-130915.765971,5.415518e-03,5,5,4.5,e,+1.5,-1,3,3,3.5,e,-0.5,-1
sigma-,sigma+,103,48,-130915.756971,7.051650e-03,5,5,4.5,e,+2.5,-1,3,3,3.5,e,+0.5,-1
sigma-,sigma+,104,49,-130915.747859,7.462986e-03,5,5,4.5,e,+3.5,-1,3,3,3.5,e,+1.5,-1
sigma-,sigma+,105,50,-130915.738635,5.554026e-03,5,5,4.5,e,+4.5,-1,3,3,3.5,e,+2.5,-1
sigma-,sigma+,64,8,-130915.168447,1.466788e-10,4,4,3.5,e,+0.5,+1,1,1,1.5,f,-1.5,+1
sigma-,sigma+,65,9,-130915.022794,7.129640e-10,4,4,3.5,e,+1.5,+1,1,1,1.5,f,-0.5,+1
sigma-,sigma+,66,10,-130914.875027,2.080126e-09,4,4,3.5,e,+2.5,+1,1,1,1.5,f,+0.5,+1
sigma-,sigma+,67,11,-130914.725245,4.721980e-09,4,4,3.5,e,+3.5,+1,1,1,1.5,f,+1.5,+1
sigma-,sigma+,120,44,-130912.235434,8.131015e-04,5,5,5.5,e,-1.5,-1,3,3,3.5,e,-3.5,-1
sigma-,sigma+,121,45,-130912.212449,4.075363e-03,5,5,5.5,e,-0.5,-1,3,3,3.5,e,-2.5,-1
sigma-,sigma+,122,46,-130912.189404,1.225530e-02,5,5,5.5,e,+0.5,-1,3,3,3.5,e,-1.5,-1
sigma-,sigma+,123,47,-130912.166299,2.866308e-02,5,5,5.5,e,+1.5,-1,3,3,3.5,e,-0.5,-1
sigma-,sigma+,124,48,-130912.143136,5.745931e-02,5,5,5.5,e,+2.5,-1,3,3,3.5,e,+0.5,-1
sigma-,sigma+,125,49,-130912.119916,1.036637e-01,5,5,5.5,e,+3.5,-1,3,3,3.5,e,+1.5,-1
sigma-,sigma+,126,50,-130912.096639,1.731631e-01,5,5,5.5,e,+4.5,-1,3,3,3.5,e,+2.5,-1
sigma-,sigma+,127,51,-130912.073307,2.727199e-01,5,5,5.5,e,+5.5,-1,3,3,3.5,e,+3.5,-1
sigma-,sigma+,100,32,-130910.065731,2.065628e-03,5,5,4.5,e,-0.5,-1,3,3,2.5,e,-2.5,-1
sigma-,sigma+,101,33,-130910.025094,1.030667e-02,5,5,4.5,e,+0.5,-1,3,3,2.5,e,-1.5,-1
sigma-,sigma+,102,34,-130909.984516,3.085668e-02,5,5,4.5,e,+1.5,-1,3,3,2.5,e,-0.5,-1
sigma-,sigma+,103,35,-130909.943997,7.185355e-02,5,5,4.5,e,+2.5,-1,3,3,2.5,e,+0.5,-1
sigma-,sigma+,104,36,-130909.903536,1.434211e-01,5,5,4.5,e,+3.5,-1,3,3,2.5,e,+1.5,-1
sigma-,sigma+,105,37,-130909.863131,2.576514e-01,5,5,4.5,e,+4.5,-1,3,3,2.5,e,+2.5,-1
sigma-,sigma+,121,32,-130906.494556,4.036155e-09,5,5,5.5,e,-0.5,-1,3,3,2.5,e,-2.5,-1
sigma-,sigma+,122,33,-130906.439642,2.011947e-08,5,5,5.5,e,+0.5,-1,3,3,2.5,e,-1.5,-1
sigma-,sigma+,123,34,-130906.384844,5.615807e-08,5,5,5.5,e,+1.5,-1,3,3,2.5,e,-0.5,-1
sigma-,sigma+,124,35,-130906.330162,1.119543e-07,5,5,5.5,e,+2.5,-1,3,3,2.5,e,+0.5,-1
sigma-,sigma+,125,36,-130906.275593,1.673762e-07,5,5,5.5,e,+3.5,-1,3,3,2.5,e,+1.5,-1
sigma-,sigma+,126,37,-130906.221135,1.668092e-07,5,5,5.5,e,+4.5,-1,3,3,2.5,e,+2.5,-1
sigma-,sigma+,65,2,-130900.094438,1.197148e-12,4,4,3.5,e,+1.5,+1,1,1,0.5,f,-0.5,+1
sigma-,sigma+,66,3,-130899.700095,3.530684e-12,4,4,3.5,e,+2.5,+1,1,1,0.5,f,+0.5,+1
sigma-,sigma+,71,26,-101863.737067,1.543392e-03,4,4,3.5,f,-0.5,-1,2,2,2.5,f,-2.5,-1
sigma-,sigma+,72,27,-101863.704038,4.879545e-03,4,4,3.5,f,+0.5,-1,2,2,2.5,f,-1.5,-1
sigma-,sigma+,73,28,-101863.670725,9.040974e-03,4,4,3.5,f,+1.5,-1,2,2,2.5,f,-0.5,-1
sigma-,sigma+,74,29,-101863.637132,1.191428e-02,4,4,3.5,f,+2.5,-1,2,2,2.5,f,+0.5,-1
sigma-,sigma+,75,30,-101863.603266,1.030544e-02,4,4,3.5,f,+3.5,-1,2,2,2.5,f,+1.5,-1
sigma-,sigma+,90,26,-101859.310095,1.857833e-03,4,4,4.5,f,-0.5,-1,2,2,2.5,f,-2.5,-1
sigma-,sigma+,91,27,-101859.258540,9.321661e-03,4,4,4.5,f,+0.5,-1,2,2,2.5,f,-1.5,-1
sigma-,sigma+,92,28,-101859.206777,2.806125e-02,4,4,4.5,f,+1.5,-1,2,2,2.5,f,-0.5,-1
sigma-,sigma+,93,29,-101859.154811,6.569813e-02,4,4,4.5,f,+2.5,-1,2,2,2.5,f,+0.5,-1
sigma-,sigma+,94,30,-101859.102647,1.318345e-01,4,4,4.5,f,+3.5,-1,2,2,2.5,f,+1.5,-1
sigma-,sigma+,95,31,-101859.050289,2.380816e-01,4,4,4.5,f,+4.5,-1,2,2,2.5,f,+2.5,-1
sigma-,sigma+,72,16,-101855.467964,6.206851e-03,4,4,3.5,f,+0.5,-1,2,2,1.5,f,-1.5,-1
sigma-,sigma+,73,17,-101855.371143,3.092585e-02,4,4,3.5,f,+1.5,-1,2,2,1.5,f,-0.5,-1
sigma-,sigma+,74,18,-101855.274527,9.245973e-02,4,4,3.5,f,+2.5,-1,2,2,1.5,f,+0.5,-1
sigma-,sigma+,75,19,-101855.178111,2.150144e-01,4,4,3.5,f,+3.5,-1,2,2,1.5,f,+1.5,-1
sigma-,sigma+,91,16,-101851.022466,9.907972e-11,4,4,4.5,f,+0.5,-1,2,2,1.5,f,-1.5,-1
sigma-,sigma+,92,17,-101850.907195,3.314302e-10,4,4,4.5,f,+1.5,-1,2,2,1.5,f,-0.5,-1
sigma-,sigma+,93,18,-101850.792206,5.529242e-10,4,4,4.5,f,+2.5,-1,2,2,1.5,f,+0.5,-1
sigma-,sigma+,94,19,-101850.677491,4.999571e-10,4,4,4.5,f,+3.5,-1,2,2,1.5,f,+1.5,-1
sigma-,sigma+,63,20,-101826.715434,1.545582e-03,4,4,3.5,e,-0.5,+1,2,2,2.5,e,-2.5,+1
sigma-,sigma+,64,21,-101826.684232,4.885081e-03,4,4,3.5,e,+0.5,+1,2,2,2.5,e,-1.5,+1
sigma-,sigma+,65,22,-101826.652721,9.048785e-03,4,4,3.5,e,+1.5,+1,2,2,2.5,e,-0.5,+1
sigma-,sigma+,66,23,-101826.620906,1.192151e-02,4,4,3.5,e,+2.5,+1,2,2,2.5,e,+0.5,+1
sigma-,sigma+,67,24,-101826.588796,1.030918e-02,4,4,3.5,e,+3.5,+1,2,2,2.5,e,+1.5,+1
sigma-,sigma+,80,20,-101822.288990,1.855636e-03,4,4,4.5,e,-0.5,+1,2,2,2.5,e,-2.5,+1
sigma-,sigma+,81,21,-101822.237984,9.312984e-03,4,4,4.5,e,+0.5,+1,2,2,2.5,e,-1.5,+1
sigma-,sigma+,82,22,-101822.186756,2.804198e-02,4,4,4.5,e,+1.5,+1,2,2,2.5,e,-0.5,+1
sigma-,sigma+,83,23,-101822.135312,6.566852e-02,4,4,4.5,e,+2.5,+1,2,2,2.5,e,+0.5,+1
sigma-,sigma+,84,24,-101822.083658,1.318053e-01,4,4,4.5,e,+3.5,+1,2,2,2.5,e,+1.5,+1
sigma-,sigma+,85,25,-101822.031799,2.380815e-01,4,4,4.5,e,+4.5,+1,2,2,2.5,e,+2.5,+1
sigma-,sigma+,64,12,-101818.451538,6.209961e-03,4,4,3.5,e,+0.5,+1,2,2,1.5,e,-1.5,+1
sigma-,sigma+,65,13,-101818.354183,3.093725e-02,4,4,3.5,e,+1.5,+1,2,2,1.5,e,-0.5,+1
sigma-,sigma+,66,14,-101818.257045,9.248201e-02,4,4,3.5,e,+2.5,+1,2,2,1.5,e,+0.5,+1
sigma-,sigma+,67,15,-101818.160119,2.150398e-01,4,4,3.5,e,+3.5,+1,2,2,1.5,e,+1.5,+1
sigma-,sigma+,81,12,-101814.005290,1.779798e-10,4,4,4.5,e,+0.5,+1,2,2,1.5,e,-1.5,+1
sigma-,sigma+,82,13,-101813.888218,9.550411e-10,4,4,4.5,e,+1.5,+1,2,2,1.5,e,-0.5,+1
sigma-,sigma+,83,14,-101813.771451,2.604253e-09,4,4,4.5,e,+2.5,+1,2,2,1.5,e,+0.5,+1
sigma-,sigma+,84,15,-101813.654981,3.991383e-09,4,4,4.5,e,+3.5,+1,2,2,1.5,e,+1.5,+1
sigma-,sigma+,114,82,-72811.503710,7.567909e-04,5,5,4.5,f,+3.5,+1,4,4,4.5,e,+1.5,+1
sigma-,sigma+,113,81,-72811.503677,1.144185e-03,5,5,4.5,f,+2.5,+1,4,4,4.5,e,+0.5,+1
sigma-,sigma+,115,83,-72811.503676,3.218122e-04,5,5,4.5,f,+4.5,+1,4,4,4.5,e,+2.5,+1
sigma-,sigma+,112,80,-72811.503576,1.373026e-03,5,5,4.5,f,+1.5,+1,4,4,4.5,e,-0.5,+1
sigma-,sigma+,111,79,-72811.503407,1.384121e-03,5,5,4.5,f,+0.5,+1,4,4,4.5,e,-1.5,+1
sigma-,sigma+,110,78,-72811.503168,1.172148e-03,5,5,4.5,f,-0.5,+1,4,4,4.5,e,-2.5,+1
sigma-,sigma+,109,77,-72811.502859,7.878713e-04,5,5,4.5,f,-1.5,+1,4,4,4.5,e,-3.5,+1
sigma-,sigma+,108,76,-72811.502479,3.404692e-04,5,5,4.5,f,-2.5,+1,4,4,4.5,e,-4.5,+1
sigma-,sigma+,131,76,-72807.957511,8.718177e-04,5,5,5.5,f,-2.5,+1,4,4,4.5,e,-4.5,+1
sigma-,sigma+,132,77,-72807.944562,3.106146e-03,5,5,5.5,f,-1.5,+1,4,4,4.5,e,-3.5,+1
sigma-,sigma+,133,78,-72807.931591,6.808429e-03,5,5,5.5,f,-0.5,+1,4,4,4.5,e,-2.5,+1
sigma-,sigma+,134,79,-72807.918599,1.169488e-02,5,5,5.5,f,+0.5,+1,4,4,4.5,e,-1.5,+1
sigma-,sigma+,135,80,-72807.905586,1.708862e-02,5,5,5.5,f,+1.5,+1,4,4,4.5,e,-0.5,+1
sigma-,sigma+,136,81,-72807.892553,2.191596e-02,5,5,5.5,f,+2.5,+1,4,4,4.5,e,+0.5,+1
sigma-,sigma+,137,82,-72807.879499,2.470278e-02,5,5,5.5,f,+3.5,+1,4,4,4.5,e,+1.5,+1
sigma-,sigma+,138,83,-72807.866426,2.357104e-02,5,5,5.5,f,+4.5,+1,4,4,4.5,e,+2.5,+1
sigma-,sigma+,139,84,-72807.853334,1.623542e-02,5,5,5.5,f,+5.5,+1,4,4,4.5,e,+3.5,+1
sigma-,sigma+,109,60,-72807.136369,1.554396e-03,5,5,4.5,f,-1.5,+1,4,4,3.5,e,-3.5,+1
sigma-,sigma+,110,61,-72807.116603,5.321391e-03,5,5,4.5,f,-0.5,+1,4,4,3.5,e,-2.5,+1
sigma-,sigma+,111,62,-72807.096857,1.106986e-02,5,5,4.5,f,+0.5,+1,4,4,3.5,e,-1.5,+1
sigma-,sigma+,112,63,-72807.077133,1.768593e-02,5,5,4.5,f,+1.5,+1,4,4,3.5,e,-0.5,+1
sigma-,sigma+,113,64,-72807.057429,2.317931e-02,5,5,4.5,f,+2.5,+1,4,4,3.5,e,+0.5,+1
sigma-,sigma+,114,65,-72807.037745,2.468936e-02,5,5,4.5,f,+3.5,+1,4,4,3.5,e,+1.5,+1
sigma-,sigma+,115,66,-72807.018081,1.849094e-02,5,5,4.5,f,+4.5,+1,4,4,3.5,e,+2.5,+1
sigma-,sigma+,132,60,-72803.578072,6.272498e-06,5,5,5.5,f,-1.5,+1,4,4,3.5,e,-3.5,+1
sigma-,sigma+,133,61,-72803.545025,3.109749e-05,5,5,5.5,f,-0.5,+1,4,4,3.5,e,-2.5,+1
sigma-,sigma+,134,62,-72803.512049,9.250744e-05,5,5,5.5,f,+0.5,+1,4,4,3.5,e,-1.5,+1
sigma-,sigma+,135,63,-72803.479142,2.140418e-04,5,5,5.5,f,+1.5,+1,4,4,3.5,e,-0.5,+1
sigma-,sigma+,136,64,-72803.446305,4.245106e-04,5,5,5.5,f,+2.5,+1,4,4,3.5,e,+0.5,+1
sigma-,sigma+,137,65,-72803.413535,7.577672e-04,5,5,5.5,f,+3.5,+1,4,4,3.5,e,+1.5,+1
sigma-,sigma+,138,66,-72803.380832,1.252489e-03,5,5,5.5,f,+4.5,+1,4,4,3.5,e,+2.5,+1
sigma-,sigma+,139,67,-72803.348196,1.951968e-03,5,5,5.5,f,+5.5,+1,4,4,3.5,e,+3.5,+1
sigma-,sigma+,41,8,-72764.684281,6.631010e-03,3,3,2.5,f,+0.5,+1,1,1,1.5,f,-1.5,+1
sigma-,sigma+,42,9,-72764.559103,1.724215e-02,3,3,2.5,f,+1.5,+1,1,1,1.5,f,-0.5,+1
sigma-,sigma+,43,10,-72764.431779,2.103152e-02,3,3,2.5,f,+2.5,+1,1,1,1.5,f,+0.5,+1
sigma-,sigma+,56,8,-72758.872233,4.796408e-03,3,3,3.5,f,+0.5,+1,1,1,1.5,f,-1.5,+1
sigma-,sigma+,57,9,-72758.717332,2.415229e-02,3,3,3.5,f,+1.5,+1,1,1,1.5,f,-0.5,+1
sigma-,sigma+,58,10,-72758.560437,7.296065e-02,3,3,3.5,f,+2.5,+1,1,1,1.5,f,+0.5,+1
sigma-,sigma+,59,11,-72758.401644,1.714009e-01,3,3,3.5,f,+3.5,+1,1,1,1.5,f,+1.5,+1
sigma-,sigma+,42,2,-72749.630747,2.718015e-02,3,3,2.5,f,+1.5,+1,1,1,0.5,f,-0.5,+1
sigma-,sigma+,43,3,-72749.256848,1.346080e-01,3,3,2.5,f,+2.5,+1,1,1,0.5,f,+0.5,+1
sigma-,sigma+,57,2,-72743.788976,2.434161e-07,3,3,3.5,f,+1.5,+1,1,1,0.5,f,-0.5,+1
sigma-,sigma+,58,3,-72743.385505,6.818681e-07,3,3,3.5,f,+2.5,+1,1,1,0.5,f,+0.5,+1
sigma-,sigma+,35,4,-72738.243375,6.636504e-03,3,3,2.5,e,+0.5,-1,1,1,1.5,e,-1.5,-1
sigma-,sigma+,36,5,-72738.120993,1.725220e-02,3,3,2.5,e,+1.5,-1,1,1,1.5,e,-0.5,-1
sigma-,sigma+,37,6,-72737.996391,2.103915e-02,3,3,2.5,e,+2.5,-1,1,1,1.5,e,+0.5,-1
sigma-,sigma+,48,4,-72732.430401,4.790883e-03,3,3,3.5,e,+0.5,-1,1,1,1.5,e,-1.5,-1
sigma-,sigma+,49,5,-72732.276670,2.413420e-02,3,3,3.5,e,+1.5,-1,1,1,1.5,e,-0.5,-1
sigma-,sigma+,50,6,-72732.120887,7.293399e-02,3,3,3.5,e,+2.5,-1,1,1,1.5,e,+0.5,-1
sigma-,sigma+,51,7,-72731.963154,1.714008e-01,3,3,3.5,e,+3.5,-1,1,1,1.5,e,+1.5,-1
sigma-,sigma+,36,0,-72723.194429,2.718813e-02,3,3,2.5,e,+1.5,-1,1,1,0.5,e,-0.5,-1
sigma-,sigma+,37,1,-72722.819418,1.346271e-01,3,3,2.5,e,+2.5,-1,1,1,0.5,e,+0.5,-1
sigma-,sigma+,49,0,-72717.350106,2.016155e-07,3,3,3.5,e,+1.5,-1,1,1,0.5,e,-0.5,-1
sigma-,sigma+,50,1,-72716.943914,5.615955e-07,3,3,3.5,e,+2.5,-1,1,1,0.5,e,+0.5,-1
sigma-,sigma+,105,93,-72679.294700,3.268743e-04,5,5,4.5,e,+4.5,-1,4,4,4.5,f,+2.5,-1
sigma-,sigma+,104,92,-72679.283346,7.672802e-04,5,5,4.5,e,+3.5,-1,4,4,4.5,f,+1.5,-1
sigma-,sigma+,103,91,-72679.271926,1.157888e-03,5,5,4.5,e,+2.5,-1,4,4,4.5,f,+0.5,-1
sigma-,sigma+,102,90,-72679.260441,1.386864e-03,5,5,4.5,e,+1.5,-1,4,4,4.5,f,-0.5,-1
sigma-,sigma+,101,89,-72679.248888,1.395424e-03,5,5,4.5,e,+0.5,-1,4,4,4.5,f,-1.5,-1
sigma-,sigma+,100,88,-72679.237268,1.179462e-03,5,5,4.5,e,-0.5,-1,4,4,4.5,f,-2.5,-1
sigma-,sigma+,99,87,-72679.225579,7.912571e-04,5,5,4.5,e,-1.5,-1,4,4,4.5,f,-3.5,-1
sigma-,sigma+,98,86,-72679.213821,3.412660e-04,5,5,4.5,e,-2.5,-1,4,4,4.5,f,-4.5,-1
sigma-,sigma+,119,86,-72675.671371,8.710206e-04,5,5,5.5,e,-2.5,-1,4,4,4.5,f,-4.5,-1
sigma-,sigma+,120,87,-72675.668737,3.103573e-03,5,5,5.5,e,-1.5,-1,4,4,4.5,f,-3.5,-1
sigma-,sigma+,121,88,-72675.666093,6.803362e-03,5,5,5.5,e,-0.5,-1,4,4,4.5,f,-2.5,-1
sigma-,sigma+,122,89,-72675.663437,1.168714e-02,5,5,5.5,e,+0.5,-1,4,4,4.5,f,-1.5,-1
sigma-,sigma+,123,90,-72675.660769,1.707869e-02,5,5,5.5,e,+1.5,-1,4,4,4.5,f,-0.5,-1
sigma-,sigma+,124,91,-72675.658091,2.190495e-02,5,5,5.5,e,+2.5,-1,4,4,4.5,f,+0.5,-1
sigma-,sigma+,125,92,-72675.655402,2.469228e-02,5,5,5.5,e,+3.5,-1,4,4,4.5,f,+1.5,-1
sigma-,sigma+,126,93,-72675.652703,2.356281e-02,5,5,5.5,e,+4.5,-1,4,4,4.5,f,+2.5,-1
sigma-,sigma+,127,94,-72675.649993,1.623096e-02,5,5,5.5,e,+5.5,-1,4,4,4.5,f,+3.5,-1
sigma-,sigma+,99,68,-72674.854659,1.553308e-03,5,5,4.5,e,-1.5,-1,4,4,3.5,f,-3.5,-1
sigma-,sigma+,100,69,-72674.847584,5.317970e-03,5,5,4.5,e,-0.5,-1,4,4,3.5,f,-2.5,-1
sigma-,sigma+,101,70,-72674.840521,1.106336e-02,5,5,4.5,e,+0.5,-1,4,4,3.5,f,-1.5,-1
sigma-,sigma+,102,71,-72674.833469,1.767652e-02,5,5,4.5,e,+1.5,-1,4,4,3.5,f,-0.5,-1
sigma-,sigma+,103,72,-72674.826428,2.316823e-02,5,5,4.5,e,+2.5,-1,4,4,3.5,f,+0.5,-1
sigma-,sigma+,104,73,-72674.819398,2.467887e-02,5,5,4.5,e,+3.5,-1,4,4,3.5,f,+1.5,-1
sigma-,sigma+,105,74,-72674.812378,1.848404e-02,5,5,4.5,e,+4.5,-1,4,4,3.5,f,+2.5,-1
sigma-,sigma+,120,68,-72671.297817,6.547635e-06,5,5,5.5,e,-1.5,-1,4,4,3.5,f,-3.5,-1
sigma-,sigma+,121,69,-72671.276409,3.227079e-05,5,5,5.5,e,-0.5,-1,4,4,3.5,f,-2.5,-1
sigma-,sigma+,122,70,-72671.255069,9.543650e-05,5,5,5.5,e,+0.5,-1,4,4,3.5,f,-1.5,-1
sigma-,sigma+,123,71,-72671.233798,2.195345e-04,5,5,5.5,e,+1.5,-1,4,4,3.5,f,-0.5,-1
sigma-,sigma+,124,72,-72671.212593,4.328843e-04,5,5,5.5,e,+2.5,-1,4,4,3.5,f,+0.5,-1
sigma-,sigma+,125,73,-72671.191455,7.682636e-04,5,5,5.5,e,+3.5,-1,4,4,3.5,f,+1.5,-1
sigma-,sigma+,126,74,-72671.170382,1.262558e-03,5,5,5.5,e,+4.5,-1,4,4,3.5,f,+2.5,-1
sigma-,sigma+,127,75,-72671.149374,1.956431e-03,5,5,5.5,e,+5.5,-1,4,4,3.5,f,+3.5,-1
sigma-,sigma+,70,44,-58241.043039,1.220421e-03,4,4,3.5,f,-1.5,-1,3,3,3.5,e,-3.5,-1
sigma-,sigma+,71,45,-58241.041383,2.588994e-03,4,4,3.5,f,-0.5,-1,3,3,3.5,e,-2.5,-1
sigma-,sigma+,72,46,-58241.039599,3.417813e-03,4,4,3.5,f,+0.5,-1,3,3,3.5,e,-1.5,-1
sigma-,sigma+,73,47,-58241.037688,3.384356e-03,4,4,3.5,f,+1.5,-1,3,3,3.5,e,-0.5,-1
sigma-,sigma+,74,48,-58241.035653,2.513698e-03,4,4,3.5,f,+2.5,-1,3,3,3.5,e,+0.5,-1
sigma-,sigma+,75,49,-58241.033495,1.161831e-03,4,4,3.5,f,+3.5,-1,3,3,3.5,e,+1.5,-1
sigma-,sigma+,89,44,-58236.634672,2.351433e-03,4,4,4.5,f,-1.5,-1,3,3,3.5,e,-3.5,-1
sigma-,sigma+,90,45,-58236.614412,8.087266e-03,4,4,4.5,f,-0.5,-1,3,3,3.5,e,-2.5,-1
sigma-,sigma+,91,46,-58236.594101,1.690034e-02,4,4,4.5,f,+0.5,-1,3,3,3.5,e,-1.5,-1
sigma-,sigma+,92,47,-58236.573740,2.712250e-02,4,4,4.5,f,+1.5,-1,3,3,3.5,e,-0.5,-1
sigma-,sigma+,93,48,-58236.553332,3.570452e-02,4,4,4.5,f,+2.5,-1,3,3,3.5,e,+0.5,-1
sigma-,sigma+,94,49,-58236.532876,3.819677e-02,4,4,4.5,f,+3.5,-1,3,3,3.5,e,+1.5,-1
sigma-,sigma+,95,50,-58236.512373,2.873053e-02,4,4,4.5,f,+4.5,-1,3,3,3.5,e,+2.5,-1
sigma-,sigma+,71,32,-58235.323490,4.761473e-03,4,4,3.5,f,-0.5,-1,3,3,2.5,e,-2.5,-1
sigma-,sigma+,72,33,-58235.289837,1.520422e-02,4,4,3.5,f,+0.5,-1,3,3,2.5,e,-1.5,-1
sigma-,sigma+,73,34,-58235.256234,2.844799e-02,4,4,3.5,f,+1.5,-1,3,3,2.5,e,-0.5,-1
sigma-,sigma+,74,35,-58235.222679,3.785204e-02,4,4,3.5,f,+2.5,-1,3,3,2.5,e,+0.5,-1
sigma-,sigma+,75,36,-58235.189172,3.305285e-02,4,4,3.5,f,+3.5,-1,3,3,2.5,e,+1.5,-1
sigma-,sigma+,90,32,-58230.896518,3.827526e-05,4,4,4.5,f,-0.5,-1,3,3,2.5,e,-2.5,-1
sigma-,sigma+,91,33,-58230.844339,1.896795e-04,4,4,4.5,f,+0.5,-1,3,3,2.5,e,-1.5,-1
sigma-,sigma+,92,34,-58230.792286,5.640150e-04,4,4,4.5,f,+1.5,-1,3,3,2.5,e,-0.5,-1
sigma-,sigma+,93,35,-58230.740358,1.304468e-03,4,4,4.5,f,+2.5,-1,3,3,2.5,e,+0.5,-1
sigma-,sigma+,94,36,-58230.688553,2.586103e-03,4,4,4.5,f,+3.5,-1,3,3,2.5,e,+1.5,-1
sigma-,sigma+,95,37,-58230.636869,4.614422e-03,4,4,4.5,f,+4.5,-1,3,3,2.5,e,+2.5,-1
sigma-,sigma+,67,57,-58156.423256,1.172610e-03,4,4,3.5,e,+3.5,+1,3,3,3.5,f,+1.5,+1
sigma-,sigma+,66,56,-58156.414095,2.533291e-03,4,4,3.5,e,+2.5,+1,3,3,3.5,f,+0.5,+1
sigma-,sigma+,65,55,-58156.404815,3.405669e-03,4,4,3.5,e,+1.5,+1,3,3,3.5,f,-0.5,+1
sigma-,sigma+,64,54,-58156.395414,3.434173e-03,4,4,3.5,e,+0.5,+1,3,3,3.5,f,-1.5,+1
sigma-,sigma+,63,53,-58156.385890,2.597438e-03,4,4,3.5,e,-0.5,+1,3,3,3.5,f,-2.5,+1
sigma-,sigma+,62,52,-58156.376241,1.222522e-03,4,4,3.5,e,-1.5,+1,3,3,3.5,f,-3.5,+1
sigma-,sigma+,79,52,-58151.969691,2.349331e-03,4,4,4.5,e,-1.5,+1,3,3,3.5,f,-3.5,+1
sigma-,sigma+,80,53,-58151.959446,8.080930e-03,4,4,4.5,e,-0.5,+1,3,3,3.5,f,-2.5,+1
sigma-,sigma+,81,54,-58151.949166,1.688892e-02,4,4,4.5,e,+0.5,+1,3,3,3.5,f,-1.5,+1
sigma-,sigma+,82,55,-58151.938850,2.710701e-02,4,4,4.5,e,+1.5,+1,3,3,3.5,f,-0.5,+1
sigma-,sigma+,83,56,-58151.928501,3.568779e-02,4,4,4.5,e,+2.5,+1,3,3,3.5,f,+0.5,+1
sigma-,sigma+,84,57,-58151.918118,3.818268e-02,4,4,4.5,e,+3.5,+1,3,3,3.5,f,+1.5,+1
sigma-,sigma+,85,58,-58151.907701,2.872272e-02,4,4,4.5,e,+4.5,+1,3,3,3.5,f,+2.5,+1
sigma-,sigma+,63,38,-58150.663940,4.758406e-03,4,4,3.5,e,-0.5,+1,3,3,2.5,f,-2.5,+1
sigma-,sigma+,64,39,-58150.643274,1.519544e-02,4,4,3.5,e,+0.5,+1,3,3,2.5,f,-1.5,+1
sigma-,sigma+,65,40,-58150.622643,2.843341e-02,4,4,3.5,e,+1.5,+1,3,3,2.5,f,-0.5,+1
sigma-,sigma+,66,41,-58150.602047,3.783504e-02,4,4,3.5,e,+2.5,+1,3,3,2.5,f,+0.5,+1
sigma-,sigma+,67,42,-58150.581485,3.304003e-02,4,4,3.5,e,+3.5,+1,3,3,2.5,f,+1.5,+1
sigma-,sigma+,80,38,-58146.237496,3.923187e-05,4,4,4.5,e,-0.5,+1,3,3,2.5,f,-2.5,+1
sigma-,sigma+,81,39,-58146.197026,1.935141e-04,4,4,4.5,e,+0.5,+1,3,3,2.5,f,-1.5,+1
sigma-,sigma+,82,40,-58146.156679,5.727569e-04,4,4,4.5,e,+1.5,+1,3,3,2.5,f,-0.5,+1
sigma-,sigma+,83,41,-58146.116453,1.318609e-03,4,4,4.5,e,+2.5,+1,3,3,2.5,f,+0.5,+1
sigma-,sigma+,84,42,-58146.076347,2.602237e-03,4,4,4.5,e,+3.5,+1,3,3,2.5,f,+1.5,+1
sigma-,sigma+,85,43,-58146.036358,4.622228e-03,4,4,4.5,e,+4.5,+1,3,3,2.5,f,+2.5,+1
sigma-,sigma+,40,20,-43676.210759,6.247426e-03,3,3,2.5,f,-0.5,+1,2,2,2.5,e,-2.5,+1
sigma-,sigma+,41,21,-43676.200066,1.108482e-02,3,3,2.5,f,+0.5,+1,2,2,2.5,e,-1.5,+1
sigma-,sigma+,42,22,-43676.189030,1.092900e-02,3,3,2.5,f,+1.5,+1,2,2,2.5,e,-0.5,+1
sigma-,sigma+,43,23,-43676.177659,5.987620e-03,3,3,2.5,f,+2.5,+1,2,2,2.5,e,+0.5,+1
sigma-,sigma+,55,20,-43670.428587,8.038873e-03,3,3,3.5,f,-0.5,+1,2,2,2.5,e,-2.5,+1
sigma-,sigma+,56,21,-43670.388018,2.587964e-02,3,3,3.5,f,+0.5,+1,2,2,2.5,e,-1.5,+1
sigma-,sigma+,57,22,-43670.347259,4.881091e-02,3,3,3.5,f,+1.5,+1,2,2,2.5,e,-0.5,+1
sigma-,sigma+,58,23,-43670.306316,6.545747e-02,3,3,3.5,f,+2.5,+1,2,2,2.5,e,+0.5,+1
sigma-,sigma+,59,24,-43670.265195,5.759952e-02,3,3,3.5,f,+3.5,+1,2,2,2.5,e,+1.5,+1
sigma-,sigma+,41,12,-43667.967371,1.976585e-02,3,3,2.5,f,+0.5,+1,2,2,1.5,e,-1.5,+1
sigma-,sigma+,42,13,-43667.890492,5.251412e-02,3,3,2.5,f,+1.5,+1,2,2,1.5,e,-0.5,+1
sigma-,sigma+,43,14,-43667.813798,6.540478e-02,3,3,2.5,f,+2.5,+1,2,2,1.5,e,+0.5,+1
sigma-,sigma+,56,12,-43662.155324,4.072386e-04,3,3,3.5,f,+0.5,+1,2,2,1.5,e,-1.5,+1
sigma-,sigma+,57,13,-43662.048721,2.016983e-03,3,3,3.5,f,+1.5,+1,2,2,1.5,e,-0.5,+1
sigma-,sigma+,58,14,-43661.942455,5.994095e-03,3,3,3.5,f,+2.5,+1,2,2,1.5,e,+0.5,+1
sigma-,sigma+,59,15,-43661.836518,1.385536e-02,3,3,3.5,f,+3.5,+1,2,2,1.5,e,+1.5,+1
sigma-,sigma+,36,28,-43628.586587,1.096579e-02,3,3,2.5,e,+1.5,-1,2,2,2.5,f,-0.5,-1
sigma-,sigma+,35,27,-43628.586470,1.110978e-02,3,3,2.5,e,+0.5,-1,2,2,2.5,f,-1.5,-1
sigma-,sigma+,37,29,-43628.586379,6.014363e-03,3,3,2.5,e,+2.5,-1,2,2,2.5,f,+0.5,-1
sigma-,sigma+,34,26,-43628.586020,6.254430e-03,3,3,2.5,e,-0.5,-1,2,2,2.5,f,-2.5,-1
sigma-,sigma+,47,26,-43622.804565,8.031863e-03,3,3,3.5,e,-0.5,-1,2,2,2.5,f,-2.5,-1
sigma-,sigma+,48,27,-43622.773496,2.586121e-02,3,3,3.5,e,+0.5,-1,2,2,2.5,f,-1.5,-1
sigma-,sigma+,49,28,-43622.742264,4.878369e-02,3,3,3.5,e,+1.5,-1,2,2,2.5,f,-0.5,-1
sigma-,sigma+,50,29,-43622.710875,6.543070e-02,3,3,3.5,e,+2.5,-1,2,2,2.5,f,+0.5,-1
sigma-,sigma+,51,30,-43622.679333,5.758424e-02,3,3,3.5,e,+3.5,-1,2,2,2.5,f,+1.5,-1
sigma-,sigma+,35,16,-43620.350395,1.975467e-02,3,3,2.5,e,+0.5,-1,2,2,1.5,f,-1.5,-1
sigma-,sigma+,36,17,-43620.287005,5.248864e-02,3,3,2.5,e,+1.5,-1,2,2,1.5,f,-0.5,-1
sigma-,sigma+,37,18,-43620.223774,6.537804e-02,3,3,2.5,e,+2.5,-1,2,2,1.5,f,+0.5,-1
sigma-,sigma+,48,16,-43614.537421,4.118651e-04,3,3,3.5,e,+0.5,-1,2,2,1.5,f,-1.5,-1
sigma-,sigma+,49,17,-43614.442682,2.032882e-03,3,3,3.5,e,+1.5,-1,2,2,1.5,f,-0.5,-1
sigma-,sigma+,50,18,-43614.348270,6.020855e-03,3,3,3.5,e,+2.5,-1,2,2,1.5,f,+0.5,-1
sigma-,sigma+,51,19,-43614.254177,1.387064e-02,3,3,3.5,e,+3.5,-1,2,2,1.5,f,+1.5,-1
sigma-,sigma+,18,4,-29118.191527,6.086115e-02,2,2,1.5,f,+0.5,-1,1,1,1.5,e,-1.5,-1
sigma-,sigma+,19,5,-29118.132055,5.914015e-02,2,2,1.5,f,+1.5,-1,1,1,1.5,e,-0.5,-1
sigma-,sigma+,29,4,-29109.828922,3.910858e-02,2,2,2.5,f,+0.5,-1,1,1,1.5,e,-1.5,-1
sigma-,sigma+,30,5,-29109.706899,1.063960e-01,2,2,2.5,f,+1.5,-1,1,1,1.5,e,-0.5,-1
sigma-,sigma+,31,6,-29109.582971,1.355669e-01,2,2,2.5,f,+2.5,-1,1,1,1.5,e,+0.5,-1
sigma-,sigma+,19,0,-29103.205491,1.214551e-01,2,2,1.5,f,+1.5,-1,1,1,0.5,e,-0.5,-1
sigma-,sigma+,14,8,-29097.029283,6.089388e-02,2,2,1.5,e,+0.5,+1,1,1,1.5,f,-1.5,+1
sigma-,sigma+,15,9,-29096.980469,5.921408e-02,2,2,1.5,e,+1.5,+1,1,1,1.5,f,-0.5,+1
sigma-,sigma+,30,0,-29094.780335,1.303315e-02,2,2,2.5,f,+1.5,-1,1,1,0.5,e,-0.5,-1
sigma-,sigma+,31,1,-29094.405998,6.443514e-02,2,2,2.5,f,+2.5,-1,1,1,0.5,e,+0.5,-1
sigma-,sigma+,23,8,-29088.665422,3.907576e-02,2,2,2.5,e,+0.5,+1,1,1,1.5,f,-1.5,+1
sigma-,sigma+,24,9,-29088.551792,1.063394e-01,2,2,2.5,e,+1.5,+1,1,1,1.5,f,-0.5,+1
sigma-,sigma+,25,10,-29088.436339,1.355337e-01,2,2,2.5,e,+2.5,+1,1,1,1.5,f,+0.5,+1
sigma-,sigma+,15,2,-29082.052113,1.214025e-01,2,2,1.5,e,+1.5,+1,1,1,0.5,f,-0.5,+1
sigma-,sigma+,24,2,-29073.623436,1.306833e-02,2,2,2.5,e,+1.5,+1,1,1,0.5,f,-0.5,+1
sigma-,sigma+,25,3,-29073.261408,6.446832e-02,2,2,2.5,e,+2.5,+1,1,1,0.5,f,+0.5,+1
sigma-,sigma+,1,4,-15.595883,4.061620e-02,1,1,0.5,e,+0.5,-1,1,1,1.5,e,-1.5,-1
sigma-,sigma+,3,8,-15.586233,4.060622e-02,1,1,0.5,f,+0.5,+1,1,1,1.5,f,-1.5,+1
sigma-,sigma+,15,22,-8.610396,2.425336e-03,2,2,1.5,e,+1.5,+1,2,2,2.5,e,-0.5,+1
sigma-,sigma+,19,28,-8.597649,2.426130e-03,2,2,1.5,f,+1.5,-1,2,2,2.5,f,-0.5,-1
sigma-,sigma+,14,21,-8.545068,6.570641e-03,2,2,1.5,e,+0.5,+1,2,2,2.5,e,-1.5,+1
sigma-,sigma+,18,27,-8.534622,6.569095e-03,2,2,1.5,f,+0.5,-1,2,2,2.5,f,-1.5,-1
sigma-,sigma+,13,20,-8.479220,8.346332e-03,2,2,1.5,e,-0.5,+1,2,2,2.5,e,-2.5,+1
sigma-,sigma+,17,26,-8.471110,8.339524e-03,2,2,1.5,f,-0.5,-1,2,2,2.5,f,-2.5,-1
sigma-,sigma+,37,48,-5.984900,1.002690e-03,3,3,2.5,e,+2.5,-1,3,3,3.5,e,+0.5,-1
sigma-,sigma+,43,56,-5.970848,1.003615e-03,3,3,2.5,f,+2.5,+1,3,3,3.5,f,+0.5,+1
sigma-,sigma+,36,47,-5.953550,3.243649e-03,3,3,2.5,e,+1.5,-1,3,3,3.5,e,-0.5,-1
sigma-,sigma+,42,55,-5.941124,3.244809e-03,3,3,2.5,f,+1.5,+1,3,3,3.5,f,-0.5,+1
sigma-,sigma+,35,46,-5.922030,6.148997e-03,3,3,2.5,e,+0.5,-1,3,3,3.5,e,-1.5,-1
sigma-,sigma+,41,54,-5.911247,6.147644e-03,3,3,2.5,f,+0.5,+1,3,3,3.5,f,-1.5,+1
sigma-,sigma+,34,45,-5.890337,8.290202e-03,3,3,2.5,e,-0.5,-1,3,3,3.5,e,-2.5,-1
sigma-,sigma+,40,53,-5.881215,8.283490e-03,3,3,2.5,f,-0.5,+1,3,3,3.5,f,-2.5,+1
sigma-,sigma+,33,44,-5.858467,7.335834e-03,3,3,2.5,e,-1.5,-1,3,3,3.5,e,-3.5,-1
sigma-,sigma+,39,52,-5.851024,7.325475e-03,3,3,2.5,f,-1.5,+1,3,3,3.5,f,-3.5,+1
sigma-,sigma+,67,82,-4.583759,3.703590e-04,4,4,3.5,e,+3.5,+1,4,4,4.5,e,+1.5,+1
sigma-,sigma+,75,92,-4.568982,3.709281e-04,4,4,3.5,f,+3.5,-1,4,4,4.5,f,+1.5,-1
sigma-,sigma+,66,81,-4.564129,1.281105e-03,4,4,3.5,e,+2.5,+1,4,4,4.5,e,+0.5,+1
sigma-,sigma+,74,91,-4.550608,1.282346e-03,4,4,3.5,f,+2.5,-1,4,4,4.5,f,+0.5,-1
sigma-,sigma+,65,80,-4.544412,2.692939e-03,4,4,3.5,e,+1.5,+1,4,4,4.5,e,-0.5,+1
sigma-,sigma+,73,90,-4.532159,2.693992e-03,4,4,3.5,f,+1.5,-1,4,4,4.5,f,-0.5,-1
sigma-,sigma+,64,79,-4.524607,4.347750e-03,4,4,3.5,e,+0.5,+1,4,4,4.5,e,-1.5,+1
sigma-,sigma+,72,89,-4.513632,4.346896e-03,4,4,3.5,f,+0.5,-1,4,4,4.5,f,-1.5,-1
sigma-,sigma+,63,78,-4.504713,5.758609e-03,4,4,3.5,e,-0.5,+1,4,4,4.5,e,-2.5,+1
sigma-,sigma+,71,88,-4.495027,5.754037e-03,4,4,3.5,f,-0.5,-1,4,4,4.5,f,-2.5,-1
sigma-,sigma+,62,77,-4.484728,6.199210e-03,4,4,3.5,e,-1.5,+1,4,4,4.5,e,-3.5,+1
sigma-,sigma+,70,87,-4.476343,6.190520e-03,4,4,3.5,f,-1.5,-1,4,4,4.5,f,-3.5,-1
sigma-,sigma+,61,76,-4.464652,4.692720e-03,4,4,3.5,e,-2.5,+1,4,4,4.5,e,-4.5,+1
sigma-,sigma+,69,86,-4.457579,4.683240e-03,4,4,3.5,f,-2.5,-1,4,4,4.5,f,-4.5,-1
sigma-,sigma+,105,124,-3.704896,1.539175e-04,5,5,4.5,e,+4.5,-1,5,5,5.5,e,+2.5,-1
sigma-,sigma+,104,123,-3.690787,5.515908e-04,5,5,4.5,e,+3.5,-1,5,5,5.5,e,+1.5,-1
sigma-,sigma+,115,136,-3.689657,1.542514e-04,5,5,4.5,f,+4.5,+1,5,5,5.5,f,+2.5,+1
sigma-,sigma+,103,122,-3.676623,1.216224e-03,5,5,4.5,e,+2.5,-1,5,5,5.5,e,+0.5,-1
sigma-,sigma+,114,135,-3.676571,5.524725e-04,5,5,4.5,f,+3.5,+1,5,5,5.5,f,+1.5,+1
sigma-,sigma+,113,134,-3.663437,1.217464e-03,5,5,4.5,f,+2.5,+1,5,5,5.5,f,+0.5,+1
sigma-,sigma+,102,121,-3.662404,2.101711e-03,5,5,4.5,e,+1.5,-1,5,5,5.5,e,-0.5,-1
sigma-,sigma+,112,133,-3.650255,2.102618e-03,5,5,4.5,f,+1.5,+1,5,5,5.5,f,-0.5,+1
sigma-,sigma+,101,120,-3.648127,3.089827e-03,5,5,4.5,e,+0.5,-1,5,5,5.5,e,-1.5,-1
sigma-,sigma+,111,132,-3.637024,3.089316e-03,5,5,4.5,f,+0.5,+1,5,5,5.5,f,-1.5,+1
sigma-,sigma+,100,119,-3.633793,3.987281e-03,5,5,4.5,e,-0.5,-1,5,5,5.5,e,-2.5,-1
sigma-,sigma+,110,131,-3.623744,3.984206e-03,5,5,4.5,f,-0.5,+1,5,5,5.5,f,-2.5,+1
sigma-,sigma+,99,118,-3.619401,4.522630e-03,5,5,4.5,e,-1.5,-1,5,5,5.5,e,-3.5,-1
sigma-,sigma+,109,130,-3.610414,4.516361e-03,5,5,4.5,f,-1.5,+1,5,5,5.5,f,-3.5,+1
sigma-,sigma+,98,117,-3.604950,4.343030e-03,5,5,4.5,e,-2.5,-1,5,5,5.5,e,-4.5,-1
sigma-,sigma+,108,129,-3.597033,4.334299e-03,5,5,4.5,f,-2.5,+1,5,5,5.5,f,-4.5,+1
sigma-,sigma+,97,116,-3.590440,3.010833e-03,5,5,4.5,e,-3.5,-1,5,5,5.5,e,-5.5,-1
sigma-,sigma+,107,128,-3.583602,3.002870e-03,5,5,4.5,f,-3.5,+1,5,5,5.5,f,-5.5,+1
sigma-,sigma+,7,5,-0.423078,2.071564e-02,1,1,1.5,e,+1.5,-1,1,1,1.5,e,-0.5,-1
sigma-,sigma+,6,4,-0.418910,1.938382e-02,1,1,1.5,e,+0.5,-1,1,1,1.5,e,-1.5,-1
sigma-,sigma+,11,9,-0.415342,2.070521e-02,1,1,1.5,f,+1.5,+1,1,1,1.5,f,-0.5,+1
sigma-,sigma+,10,8,-0.411301,1.939380e-02,1,1,1.5,f,+0.5,+1,1,1,1.5,f,-1.5,+1
sigma-,sigma+,14,12,-0.312374,2.008853e-02,2,2,1.5,e,+0.5,+1,2,2,1.5,e,-1.5,+1
sigma-,sigma+,15,13,-0.311858,1.999992e-02,2,2,1.5,e,+1.5,+1,2,2,1.5,e,-0.5,+1
sigma-,sigma+,18,16,-0.298547,2.008674e-02,2,2,1.5,f,+0.5,-1,2,2,1.5,f,-1.5,-1
sigma-,sigma+,19,17,-0.298067,2.000127e-02,2,2,1.5,f,+1.5,-1,2,2,1.5,f,-0.5,-1
sigma-,sigma+,25,23,-0.182219,1.242904e-02,2,2,2.5,e,+2.5,+1,2,2,2.5,e,+0.5,+1
sigma-,sigma+,24,22,-0.181719,2.214512e-02,2,2,2.5,e,+1.5,+1,2,2,2.5,e,-0.5,+1
sigma-,sigma+,23,21,-0.181206,2.191384e-02,2,2,2.5,e,+0.5,+1,2,2,2.5,e,-1.5,+1
sigma-,sigma+,22,20,-0.180682,1.204350e-02,2,2,2.5,e,-0.5,+1,2,2,2.5,e,-2.5,+1
sigma-,sigma+,31,29,-0.172959,1.242232e-02,2,2,2.5,f,+2.5,-1,2,2,2.5,f,+0.5,-1
sigma-,sigma+,30,28,-0.172493,2.214088e-02,2,2,2.5,f,+1.5,-1,2,2,2.5,f,-0.5,-1
sigma-,sigma+,34,32,-0.172443,2.766489e-02,3,3,2.5,e,-0.5,-1,3,3,2.5,e,-2.5,-1
sigma-,sigma+,35,33,-0.172268,4.967512e-02,3,3,2.5,e,+0.5,-1,3,3,2.5,e,-1.5,-1
sigma-,sigma+,36,34,-0.172096,4.955557e-02,3,3,2.5,e,+1.5,-1,3,3,2.5,e,-0.5,-1
sigma-,sigma+,29,27,-0.172016,2.191774e-02,2,2,2.5,f,+0.5,-1,2,2,2.5,f,-1.5,-1
sigma-,sigma+,37,35,-0.171926,2.746561e-02,3,3,2.5,e,+2.5,-1,3,3,2.5,e,+0.5,-1
sigma-,sigma+,28,26,-0.171529,1.205035e-02,2,2,2.5,f,-0.5,-1,2,2,2.5,f,-2.5,-1
sigma-,sigma+,40,38,-0.159265,2.765938e-02,3,3,2.5,f,-0.5,+1,3,3,2.5,f,-2.5,+1
sigma-,sigma+,41,39,-0.159107,4.967165e-02,3,3,2.5,f,+0.5,+1,3,3,2.5,f,-1.5,+1
sigma-,sigma+,42,40,-0.158952,4.955835e-02,3,3,2.5,f,+1.5,+1,3,3,2.5,f,-0.5,+1
sigma-,sigma+,43,41,-0.158800,2.747050e-02,3,3,2.5,f,+2.5,+1,3,3,2.5,f,+0.5,+1
sigma-,sigma+,62,60,-0.118238,2.303564e-02,4,4,3.5,e,-1.5,+1,4,4,3.5,e,-3.5,+1
sigma-,sigma+,63,61,-0.118147,4.928002e-02,4,4,3.5,e,-0.5,+1,4,4,3.5,e,-2.5,+1
sigma-,sigma+,64,62,-0.118057,6.559884e-02,4,4,3.5,e,+0.5,+1,4,4,3.5,e,-1.5,+1
sigma-,sigma+,65,63,-0.117968,6.549251e-02,4,4,3.5,e,+1.5,+1,4,4,3.5,e,-0.5,+1
sigma-,sigma+,66,64,-0.117881,4.904076e-02,4,4,3.5,e,+2.5,+1,4,4,3.5,e,+0.5,+1
sigma-,sigma+,67,65,-0.117794,2.284951e-02,4,4,3.5,e,+3.5,+1,4,4,3.5,e,+1.5,+1
sigma-,sigma+,51,49,-0.109562,1.804636e-02,3,3,3.5,e,+3.5,-1,3,3,3.5,e,+1.5,-1
sigma-,sigma+,50,48,-0.109396,3.850856e-02,3,3,3.5,e,+2.5,-1,3,3,3.5,e,+0.5,-1
sigma-,sigma+,49,47,-0.109227,5.112544e-02,3,3,3.5,e,+1.5,-1,3,3,3.5,e,-0.5,-1
sigma-,sigma+,48,46,-0.109056,5.090303e-02,3,3,3.5,e,+0.5,-1,3,3,3.5,e,-1.5,-1
sigma-,sigma+,47,45,-0.108882,3.800808e-02,3,3,3.5,e,-0.5,-1,3,3,3.5,e,-2.5,-1
sigma-,sigma+,46,44,-0.108705,1.765701e-02,3,3,3.5,e,-1.5,-1,3,3,3.5,e,-3.5,-1
sigma-,sigma+,70,68,-0.105423,2.302930e-02,4,4,3.5,f,-1.5,-1,4,4,3.5,f,-3.5,-1
sigma-,sigma+,71,69,-0.105343,4.927188e-02,4,4,3.5,f,-0.5,-1,4,4,3.5,f,-2.5,-1
sigma-,sigma+,72,70,-0.105265,6.559504e-02,4,4,3.5,f,+0.5,-1,4,4,3.5,f,-1.5,-1
sigma-,sigma+,73,71,-0.105187,6.549558e-02,4,4,3.5,f,+1.5,-1,4,4,3.5,f,-0.5,-1
sigma-,sigma+,74,72,-0.105110,4.904808e-02,4,4,3.5,f,+2.5,-1,4,4,3.5,f,+0.5,-1
sigma-,sigma+,75,73,-0.105034,2.285520e-02,4,4,3.5,f,+3.5,-1,4,4,3.5,f,+1.5,-1
sigma-,sigma+,59,57,-0.099654,1.803644e-02,3,3,3.5,f,+3.5,+1,3,3,3.5,f,+1.5,+1
sigma-,sigma+,58,56,-0.099505,3.849554e-02,3,3,3.5,f,+2.5,+1,3,3,3.5,f,+0.5,+1
sigma-,sigma+,57,55,-0.099353,5.111936e-02,3,3,3.5,f,+1.5,+1,3,3,3.5,f,-0.5,+1
sigma-,sigma+,56,54,-0.099199,5.090854e-02,3,3,3.5,f,+0.5,+1,3,3,3.5,f,-1.5,+1
sigma-,sigma+,55,53,-0.099043,3.802116e-02,3,3,3.5,f,-0.5,+1,3,3,3.5,f,-2.5,+1
sigma-,sigma+,54,52,-0.098884,1.766740e-02,3,3,3.5,f,-1.5,+1,3,3,3.5,f,-3.5,+1
sigma-,sigma+,98,96,-0.091461,1.793157e-02,5,5,4.5,e,-2.5,-1,5,5,4.5,e,-4.5,-1
sigma-,sigma+,99,97,-0.091401,4.178719e-02,5,5,4.5,e,-1.5,-1,5,5,4.5,e,-3.5,-1
sigma-,sigma+,100,98,-0.091343,6.260210e-02,5,5,4.5,e,-0.5,-1,5,5,4.5,e,-2.5,-1
sigma-,sigma+,101,99,-0.091285,7.443383e-02,5,5,4.5,e,+0.5,-1,5,5,4.5,e,-1.5,-1
sigma-,sigma+,102,100,-0.091228,7.434250e-02,5,5,4.5,e,+1.5,-1,5,5,4.5,e,-0.5,-1
sigma-,sigma+,103,101,-0.091171,6.237195e-02,5,5,4.5,e,+2.5,-1,5,5,4.5,e,+0.5,-1
sigma-,sigma+,104,102,-0.091116,4.153142e-02,5,5,4.5,e,+3.5,-1,5,5,4.5,e,+1.5,-1
sigma-,sigma+,105,103,-0.091060,1.777807e-02,5,5,4.5,e,+4.5,-1,5,5,4.5,e,+2.5,-1
sigma-,sigma+,108,106,-0.078877,1.792562e-02,5,5,4.5,f,-2.5,+1,5,5,4.5,f,-4.5,+1
sigma-,sigma+,109,107,-0.078826,4.177734e-02,5,5,4.5,f,-1.5,+1,5,5,4.5,f,-3.5,+1
sigma-,sigma+,110,108,-0.078776,6.259322e-02,5,5,4.5,f,-0.5,+1,5,5,4.5,f,-2.5,+1
sigma-,sigma+,111,109,-0.078726,7.443011e-02,5,5,4.5,f,+0.5,+1,5,5,4.5,f,-1.5,+1
sigma-,sigma+,85,83,-0.078705,1.606169e-02,4,4,4.5,e,+4.5,+1,4,4,4.5,e,+2.5,+1
sigma-,sigma+,112,110,-0.078677,7.434549e-02,5,5,4.5,f,+1.5,+1,5,5,4.5,f,-0.5,+1
sigma-,sigma+,113,111,-0.078629,6.237994e-02,5,5,4.5,f,+2.5,+1,5,5,4.5,f,+0.5,+1
sigma-,sigma+,84,82,-0.078621,3.738570e-02,4,4,4.5,e,+3.5,+1,4,4,4.5,e,+1.5,+1
sigma-,sigma+,114,112,-0.078581,4.154032e-02,5,5,4.5,f,+3.5,+1,5,5,4.5,f,+1.5,+1
sigma-,sigma+,83,81,-0.078534,5.593955e-02,4,4,4.5,e,+2.5,+1,4,4,4.5,e,+0.5,+1
sigma-,sigma+,115,113,-0.078533,1.778338e-02,5,5,4.5,f,+4.5,+1,5,5,4.5,f,+2.5,+1
sigma-,sigma+,82,80,-0.078447,6.642724e-02,4,4,4.5,e,+1.5,+1,4,4,4.5,e,-0.5,+1
sigma-,sigma+,81,79,-0.078359,6.625774e-02,4,4,4.5,e,+0.5,+1,4,4,4.5,e,-1.5,+1
sigma-,sigma+,80,78,-0.078269,5.551238e-02,4,4,4.5,e,-0.5,+1,4,4,4.5,e,-2.5,+1
sigma-,sigma+,79,77,-0.078179,3.691099e-02,4,4,4.5,e,-1.5,+1,4,4,4.5,e,-3.5,+1
sigma-,sigma+,78,76,-0.078086,1.577679e-02,4,4,4.5,e,-2.5,+1,4,4,4.5,e,-4.5,+1
sigma-,sigma+,95,93,-0.068437,1.605278e-02,4,4,4.5,f,+4.5,-1,4,4,4.5,f,+2.5,-1
sigma-,sigma+,94,92,-0.068363,3.737063e-02,4,4,4.5,f,+3.5,-1,4,4,4.5,f,+1.5,-1
sigma-,sigma+,93,91,-0.068287,5.592572e-02,4,4,4.5,f,+2.5,-1,4,4,4.5,f,+0.5,-1
sigma-,sigma+,92,90,-0.068211,6.642146e-02,4,4,4.5,f,+1.5,-1,4,4,4.5,f,-0.5,-1
sigma-,sigma+,91,89,-0.068134,6.626290e-02,4,4,4.5,f,+0.5,-1,4,4,4.5,f,-1.5,-1
sigma-,sigma+,90,88,-0.068055,5.552613e-02,4,4,4.5,f,-0.5,-1,4,4,4.5,f,-2.5,-1
sigma-,sigma+,89,87,-0.067976,3.692658e-02,4,4,4.5,f,-1.5,-1,4,4,4.5,f,-3.5,-1
sigma-,sigma+,88,86,-0.067895,1.578629e-02,4,4,4.5,f,-2.5,-1,4,4,4.5,f,-4.5,-1
sigma-,sigma+,127,125,-0.062953,1.317329e-02,5,5,5.5,e,+5.5,-1,5,5,5.5,e,+3.5,-1
sigma-,sigma+,126,124,-0.062899,3.227991e-02,5,5,5.5,e,+4.5,-1,5,5,5.5,e,+2.5,-1
sigma-,sigma+,125,123,-0.062844,5.155968e-02,5,5,5.5,e,+3.5,-1,5,5,5.5,e,+1.5,-1
sigma-,sigma+,124,122,-0.062788,6.672106e-02,5,5,5.5,e,+2.5,-1,5,5,5.5,e,+0.5,-1
sigma-,sigma+,123,121,-0.062732,7.492976e-02,5,5,5.5,e,+1.5,-1,5,5,5.5,e,-0.5,-1
sigma-,sigma+,122,120,-0.062675,7.479686e-02,5,5,5.5,e,+0.5,-1,5,5,5.5,e,-1.5,-1
sigma-,sigma+,121,119,-0.062617,6.636665e-02,5,5,5.5,e,-0.5,-1,5,5,5.5,e,-2.5,-1
sigma-,sigma+,120,118,-0.062559,5.110395e-02,5,5,5.5,e,-1.5,-1,5,5,5.5,e,-3.5,-1
sigma-,sigma+,119,117,-0.062500,3.188106e-02,5,5,5.5,e,-2.5,-1,5,5,5.5,e,-4.5,-1
sigma-,sigma+,118,116,-0.062440,1.296431e-02,5,5,5.5,e,-3.5,-1,5,5,5.5,e,-5.5,-1
sigma-,sigma+,139,137,-0.052455,1.316593e-02,5,5,5.5,f,+5.5,+1,5,5,5.5,f,+3.5,+1
sigma-,sigma+,138,136,-0.052408,3.226568e-02,5,5,5.5,f,+4.5,+1,5,5,5.5,f,+2.5,+1
sigma-,sigma+,137,135,-0.052361,5.154318e-02,5,5,5.5,f,+3.5,+1,5,5,5.5,f,+1.5,+1
sigma-,sigma+,136,134,-0.052313,6.670797e-02,5,5,5.5,f,+2.5,+1,5,5,5.5,f,+0.5,+1
sigma-,sigma+,135,133,-0.052265,7.492457e-02,5,5,5.5,f,+1.5,+1,5,5,5.5,f,-0.5,+1
sigma-,sigma+,134,132,-0.052216,7.480141e-02,5,5,5.5,f,+0.5,+1,5,5,5.5,f,-1.5,+1
sigma-,sigma+,133,131,-0.052166,6.637954e-02,5,5,5.5,f,-0.5,+1,5,5,5.5,f,-2.5,+1
sigma-,sigma+,132,130,-0.052116,5.112086e-02,5,5,5.5,f,-1.5,+1,5,5,5.5,f,-3.5,+1
sigma-,sigma+,131,129,-0.052066,3.189609e-02,5,5,5.5,f,-2.5,+1,5,5,5.5,f,-4.5,+1
sigma-,sigma+,130,128,-0.052014,1.297229e-02,5,5,5.5,f,-3.5,+1,5,5,5.5,f,-5.5,+1
sigma-,sigma+,119,96,3.450989,1.627620e-04,5,5,5.5,e,-2.5,-1,5,5,4.5,e,-4.5,-1
sigma-,sigma+,120,97,3.465440,5.740495e-04,5,5,5.5,e,-1.5,-1,5,5,4.5,e,-3.5,-1
sigma-,sigma+,131,106,3.466091,1.624494e-04,5,5,5.5,f,-2.5,+1,5,5,4.5,f,-4.5,+1
sigma-,sigma+,132,107,3.479471,5.732902e-04,5,5,5.5,f,-1.5,+1,5,5,4.5,f,-3.5,+1
sigma-,sigma+,121,98,3.479833,1.245703e-03,5,5,5.5,e,-0.5,-1,5,5,4.5,e,-2.5,-1
sigma-,sigma+,133,108,3.492802,1.244789e-03,5,5,5.5,f,-0.5,+1,5,5,4.5,f,-2.5,+1
sigma-,sigma+,122,99,3.494167,2.118567e-03,5,5,5.5,e,+0.5,-1,5,5,4.5,e,-1.5,-1
sigma-,sigma+,134,109,3.506082,2.118242e-03,5,5,5.5,f,+0.5,+1,5,5,4.5,f,-1.5,+1
sigma-,sigma+,123,100,3.508444,3.065285e-03,5,5,5.5,e,+1.5,-1,5,5,4.5,e,-0.5,-1
sigma-,sigma+,135,110,3.519313,3.066569e-03,5,5,5.5,f,+1.5,+1,5,5,4.5,f,-0.5,+1
sigma-,sigma+,124,101,3.522664,3.892957e-03,5,5,5.5,e,+2.5,-1,5,5,4.5,e,+0.5,-1
sigma-,sigma+,136,111,3.532495,3.896781e-03,5,5,5.5,f,+2.5,+1,5,5,4.5,f,+0.5,+1
sigma-,sigma+,125,102,3.536828,4.345676e-03,5,5,5.5,e,+3.5,-1,5,5,4.5,e,+1.5,-1
sigma-,sigma+,137,112,3.545630,4.352359e-03,5,5,5.5,f,+3.5,+1,5,5,4.5,f,+1.5,+1
sigma-,sigma+,126,103,3.550936,4.106948e-03,5,5,5.5,e,+4.5,-1,5,5,4.5,e,+2.5,-1
sigma-,sigma+,138,113,3.558716,4.115513e-03,5,5,5.5,f,+4.5,+1,5,5,4.5,f,+2.5,+1
sigma-,sigma+,127,104,3.564990,2.802003e-03,5,5,5.5,e,+5.5,-1,5,5,4.5,e,+3.5,-1
sigma-,sigma+,139,114,3.571755,2.809360e-03,5,5,5.5,f,+5.5,+1,5,5,4.5,f,+3.5,+1
sigma-,sigma+,79,60,4.288311,3.872756e-04,4,4,4.5,e,-1.5,+1,4,4,3.5,e,-3.5,+1
sigma-,sigma+,89,68,4.302944,3.867550e-04,4,4,4.5,f,-1.5,-1,4,4,3.5,f,-3.5,-1
sigma-,sigma+,80,61,4.308296,1.315904e-03,4,4,4.5,e,-0.5,+1,4,4,3.5,e,-2.5,+1
sigma-,sigma+,90,69,4.321629,1.314904e-03,4,4,4.5,f,-0.5,-1,4,4,3.5,f,-2.5,-1
sigma-,sigma+,81,62,4.328191,2.717119e-03,4,4,4.5,e,+0.5,+1,4,4,3.5,e,-1.5,+1
sigma-,sigma+,91,70,4.340234,2.716615e-03,4,4,4.5,f,+0.5,-1,4,4,3.5,f,-1.5,-1
sigma-,sigma+,82,63,4.347996,4.309120e-03,4,4,4.5,e,+1.5,+1,4,4,3.5,e,-0.5,+1
sigma-,sigma+,92,71,4.358761,4.310755e-03,4,4,4.5,f,+1.5,-1,4,4,3.5,f,-0.5,-1
sigma-,sigma+,83,64,4.367714,5.606366e-03,4,4,4.5,e,+2.5,+1,4,4,3.5,e,+0.5,+1
sigma-,sigma+,93,72,4.377211,5.611610e-03,4,4,4.5,f,+2.5,-1,4,4,3.5,f,+0.5,-1
sigma-,sigma+,84,65,4.387344,5.928391e-03,4,4,4.5,e,+3.5,+1,4,4,3.5,e,+1.5,+1
sigma-,sigma+,94,73,4.395585,5.937177e-03,4,4,4.5,f,+3.5,-1,4,4,3.5,f,+1.5,-1
sigma-,sigma+,85,66,4.406889,4.408159e-03,4,4,4.5,e,+4.5,+1,4,4,3.5,e,+2.5,+1
sigma-,sigma+,95,74,4.413884,4.417064e-03,4,4,4.5,f,+4.5,-1,4,4,3.5,f,+2.5,-1
sigma-,sigma+,47,32,5.609011,1.035953e-03,3,3,3.5,e,-0.5,-1,3,3,2.5,e,-2.5,-1
sigma-,sigma+,55,38,5.622907,1.035147e-03,3,3,3.5,f,-0.5,+1,3,3,2.5,f,-2.5,+1
sigma-,sigma+,48,33,5.640706,3.279140e-03,3,3,3.5,e,+0.5,-1,3,3,2.5,e,-1.5,-1
sigma-,sigma+,56,39,5.652940,3.278452e-03,3,3,3.5,f,+0.5,+1,3,3,2.5,f,-1.5,+1
sigma-,sigma+,49,34,5.672227,6.082500e-03,3,3,3.5,e,+1.5,-1,3,3,2.5,e,-0.5,-1
sigma-,sigma+,57,40,5.682818,6.084609e-03,3,3,3.5,f,+1.5,+1,3,3,2.5,f,-0.5,+1
sigma-,sigma+,50,35,5.703578,8.024014e-03,3,3,3.5,e,+2.5,-1,3,3,2.5,e,+0.5,-1
sigma-,sigma+,58,41,5.712543,8.031171e-03,3,3,3.5,f,+2.5,+1,3,3,2.5,f,+0.5,+1
sigma-,sigma+,51,36,5.734761,6.947353e-03,3,3,3.5,e,+3.5,-1,3,3,2.5,e,+1.5,-1
sigma-,sigma+,59,42,5.742117,6.957262e-03,3,3,3.5,f,+3.5,+1,3,3,2.5,f,+1.5,+1
sigma-,sigma+,23,12,8.051488,2.463546e-03,2,2,2.5,e,+0.5,+1,2,2,1.5,e,-1.5,+1
sigma-,sigma+,29,16,8.064058,2.462992e-03,2,2,2.5,f,+0.5,-1,2,2,1.5,f,-1.5,-1
sigma-,sigma+,24,13,8.116819,6.468394e-03,2,2,2.5,e,+1.5,+1,2,2,1.5,e,-0.5,+1
sigma-,sigma+,30,17,8.127088,6.470440e-03,2,2,2.5,f,+1.5,-1,2,2,1.5,f,-0.5,-1
sigma-,sigma+,25,14,8.181643,7.963003e-03,2,2,2.5,e,+2.5,+1,2,2,1.5,e,+0.5,+1
sigma-,sigma+,31,18,8.189646,7.969705e-03,2,2,2.5,f,+2.5,-1,2,2,1.5,f,+0.5,-1
sigma-,sigma+,7,0,14.503486,3.928439e-02,1,1,1.5,e,+1.5,-1,1,1,0.5,e,-0.5,-1
sigma-,sigma+,11,2,14.513014,3.929481e-02,1,1,1.5,f,+1.5,+1,1,1,0.5,f,-0.5,+1
sigma-,sigma+,3,21,29072.897982,1.356022e-02,1,1,0.5,f,+0.5,+1,2,2,2.5,e,-1.5,+1
sigma-,sigma+,2,20,29073.261035,6.883690e-02,1,1,0.5,f,-0.5,+1,2,2,2.5,e,-2.5,+1
sigma-,sigma+,3,12,29081.130677,1.187290e-01,1,1,0.5,f,+0.5,+1,2,2,1.5,e,-1.5,+1
sigma-,sigma+,11,22,29087.954731,4.096123e-02,1,1,1.5,f,+1.5,+1,2,2,2.5,e,-0.5,+1
sigma-,sigma+,10,21,29088.072914,1.071068e-01,1,1,1.5,f,+0.5,+1,2,2,2.5,e,-1.5,+1
sigma-,sigma+,9,20,29088.189392,1.311655e-01,1,1,1.5,f,-0.5,+1,2,2,2.5,e,-2.5,+1
sigma-,sigma+,1,27,29094.061022,1.359646e-02,1,1,0.5,e,+0.5,-1,2,2,2.5,f,-1.5,-1
sigma-,sigma+,0,26,29094.436314,6.887167e-02,1,1,0.5,e,-0.5,-1,2,2,2.5,f,-2.5,-1
sigma-,sigma+,11,13,29096.253269,5.901208e-02,1,1,1.5,f,+1.5,+1,2,2,1.5,e,-0.5,+1
sigma-,sigma+,10,12,29096.305608,6.063221e-02,1,1,1.5,f,+0.5,+1,2,2,1.5,e,-1.5,+1
sigma-,sigma+,1,16,29102.297096,1.186761e-01,1,1,0.5,e,+0.5,-1,2,2,1.5,f,-1.5,-1
sigma-,sigma+,7,28,29109.111328,4.092764e-02,1,1,1.5,e,+1.5,-1,2,2,2.5,f,-0.5,-1
sigma-,sigma+,6,27,29109.237995,1.070476e-01,1,1,1.5,e,+0.5,-1,2,2,2.5,f,-1.5,-1
sigma-,sigma+,5,26,29109.362878,1.311306e-01,1,1,1.5,e,-0.5,-1,2,2,2.5,f,-2.5,-1
sigma-,sigma+,7,17,29117.410910,5.904564e-02,1,1,1.5,e,+1.5,-1,2,2,1.5,f,-0.5,-1
sigma-,sigma+,6,16,29117.474070,6.070797e-02,1,1,1.5,e,+0.5,-1,2,2,1.5,f,-1.5,-1
sigma-,sigma+,19,47,43614.035388,4.041859e-04,2,2,1.5,f,+1.5,-1,3,3,3.5,e,-0.5,-1
sigma-,sigma+,18,46,43614.129818,2.048490e-03,2,2,1.5,f,+0.5,-1,3,3,3.5,e,-1.5,-1
sigma-,sigma+,17,45,43614.224573,6.229917e-03,2,2,1.5,f,-0.5,-1,3,3,3.5,e,-2.5,-1
sigma-,sigma+,16,44,43614.319660,1.473777e-02,2,2,1.5,f,-1.5,-1,3,3,3.5,e,-3.5,-1
sigma-,sigma+,19,34,43619.816843,1.941627e-02,2,2,1.5,f,+1.5,-1,3,3,2.5,e,-0.5,-1
sigma-,sigma+,18,33,43619.879580,5.195543e-02,2,2,1.5,f,+0.5,-1,3,3,2.5,e,-1.5,-1
sigma-,sigma+,17,32,43619.942466,6.517272e-02,2,2,1.5,f,-0.5,-1,3,3,2.5,e,-2.5,-1
sigma-,sigma+,31,48,43622.428520,8.298434e-03,2,2,2.5,f,+2.5,-1,3,3,3.5,e,+0.5,-1
sigma-,sigma+,30,47,43622.460543,2.640231e-02,2,2,2.5,f,+1.5,-1,3,3,3.5,e,-0.5,-1
sigma-,sigma+,29,46,43622.492423,4.921350e-02,2,2,2.5,f,+0.5,-1,3,3,3.5,e,-1.5,-1
sigma-,sigma+,28,45,43622.524155,6.522402e-02,2,2,2.5,f,-0.5,-1,3,3,3.5,e,-2.5,-1
sigma-,sigma+,27,44,43622.555735,5.672068e-02,2,2,2.5,f,-1.5,-1,3,3,3.5,e,-3.5,-1
sigma-,sigma+,31,35,43628.241494,5.987794e-03,2,2,2.5,f,+2.5,-1,3,3,2.5,e,+0.5,-1
sigma-,sigma+,30,34,43628.241998,1.091528e-02,2,2,2.5,f,+1.5,-1,3,3,2.5,e,-0.5,-1
sigma-,sigma+,28,32,43628.242048,6.223137e-03,2,2,2.5,f,-0.5,-1,3,3,2.5,e,-2.5,-1
sigma-,sigma+,29,33,43628.242185,1.105643e-02,2,2,2.5,f,+0.5,-1,3,3,2.5,e,-1.5,-1
sigma-,sigma+,15,55,43661.637510,4.087338e-04,2,2,1.5,e,+1.5,+1,3,3,3.5,f,-0.5,+1
sigma-,sigma+,14,54,43661.743750,2.064681e-03,2,2,1.5,e,+0.5,+1,3,3,3.5,f,-1.5,+1
sigma-,sigma+,13,53,43661.850325,6.258101e-03,2,2,1.5,e,-0.5,+1,3,3,3.5,f,-2.5,+1
sigma-,sigma+,12,52,43661.957240,1.475413e-02,2,2,1.5,e,-1.5,+1,3,3,3.5,f,-3.5,+1
sigma-,sigma+,15,40,43667.419682,1.940561e-02,2,2,1.5,e,+1.5,+1,3,3,2.5,f,-0.5,+1
sigma-,sigma+,14,39,43667.495890,5.192986e-02,2,2,1.5,e,+0.5,+1,3,3,2.5,f,-1.5,+1
sigma-,sigma+,13,38,43667.572275,6.514453e-02,2,2,1.5,e,-0.5,+1,3,3,2.5,f,-2.5,+1
sigma-,sigma+,25,56,43670.024592,8.291534e-03,2,2,2.5,e,+2.5,+1,3,3,3.5,f,+0.5,+1
sigma-,sigma+,24,55,43670.066187,2.638374e-02,2,2,2.5,e,+1.5,+1,3,3,3.5,f,-0.5,+1
sigma-,sigma+,23,54,43670.107612,4.918544e-02,2,2,2.5,e,+0.5,+1,3,3,3.5,f,-1.5,+1
sigma-,sigma+,22,53,43670.148863,6.519583e-02,2,2,2.5,e,-0.5,+1,3,3,3.5,f,-2.5,+1
sigma-,sigma+,21,52,43670.189934,5.670430e-02,2,2,2.5,e,-1.5,+1,3,3,3.5,f,-3.5,+1
sigma-,sigma+,25,41,43675.836640,5.994692e-03,2,2,2.5,e,+2.5,+1,3,3,2.5,f,+0.5,+1
sigma-,sigma+,24,40,43675.848359,1.093995e-02,2,2,2.5,e,+1.5,+1,3,3,2.5,f,-0.5,+1
sigma-,sigma+,23,39,43675.859752,1.109386e-02,2,2,2.5,e,+0.5,+1,3,3,2.5,f,-1.5,+1
sigma-,sigma+,22,38,43675.870813,6.251311e-03,2,2,2.5,e,-0.5,+1,3,3,2.5,f,-2.5,+1
sigma-,sigma+,43,81,58145.879119,3.638688e-05,3,3,2.5,f,+2.5,+1,4,4,4.5,e,+0.5,+1
sigma-,sigma+,42,80,58145.919279,1.844723e-04,3,3,2.5,f,+1.5,+1,4,4,4.5,e,-0.5,+1
sigma-,sigma+,41,79,58145.959560,5.611821e-04,3,3,2.5,f,+0.5,+1,4,4,4.5,e,-1.5,+1
sigma-,sigma+,40,78,58145.999962,1.327906e-03,3,3,2.5,f,-0.5,+1,4,4,4.5,e,-2.5,+1
sigma-,sigma+,39,77,58146.040488,2.693519e-03,3,3,2.5,f,-1.5,+1,4,4,4.5,e,-3.5,+1
sigma-,sigma+,38,76,58146.081140,4.917588e-03,3,3,2.5,f,-2.5,+1,4,4,4.5,e,-4.5,+1
sigma-,sigma+,43,64,58150.325367,4.687505e-03,3,3,2.5,f,+2.5,+1,4,4,3.5,e,+0.5,+1
sigma-,sigma+,42,63,58150.345722,1.502914e-02,3,3,2.5,f,+1.5,+1,4,4,3.5,e,-0.5,+1
sigma-,sigma+,41,62,58150.366109,2.823509e-02,3,3,2.5,f,+0.5,+1,4,4,3.5,e,-1.5,+1
sigma-,sigma+,40,61,58150.386528,3.772189e-02,3,3,2.5,f,-0.5,+1,4,4,3.5,e,-2.5,+1
sigma-,sigma+,39,60,58150.406978,3.307342e-02,3,3,2.5,f,-1.5,+1,4,4,3.5,e,-3.5,+1
sigma-,sigma+,59,82,58151.739843,2.413142e-03,3,3,3.5,f,+3.5,+1,4,4,4.5,e,+1.5,+1
sigma-,sigma+,58,81,58151.750461,8.249242e-03,3,3,3.5,f,+2.5,+1,4,4,4.5,e,+0.5,+1
sigma-,sigma+,57,80,58151.761050,1.713447e-02,3,3,3.5,f,+1.5,+1,4,4,4.5,e,-0.5,+1
sigma-,sigma+,56,79,58151.771607,2.733179e-02,3,3,3.5,f,+0.5,+1,4,4,4.5,e,-1.5,+1
sigma-,sigma+,55,78,58151.782134,3.576216e-02,3,3,3.5,f,-0.5,+1,4,4,4.5,e,-2.5,+1
sigma-,sigma+,54,77,58151.792628,3.802656e-02,3,3,3.5,f,-1.5,+1,4,4,4.5,e,-3.5,+1
sigma-,sigma+,53,76,58151.803090,2.842894e-02,3,3,3.5,f,-2.5,+1,4,4,4.5,e,-4.5,+1
sigma-,sigma+,54,60,58156.159118,1.207090e-03,3,3,3.5,f,-1.5,+1,4,4,3.5,e,-3.5,+1
sigma-,sigma+,55,61,58156.168699,2.565043e-03,3,3,3.5,f,-0.5,+1,4,4,3.5,e,-2.5,+1
sigma-,sigma+,56,62,58156.178157,3.391851e-03,3,3,3.5,f,+0.5,+1,4,4,3.5,e,-1.5,+1
sigma-,sigma+,57,63,58156.187493,3.364193e-03,3,3,3.5,f,+1.5,+1,4,4,3.5,e,-0.5,+1
sigma-,sigma+,58,64,58156.196709,2.502801e-03,3,3,3.5,f,+2.5,+1,4,4,3.5,e,+0.5,+1
sigma-,sigma+,59,65,58156.205807,1.158661e-03,3,3,3.5,f,+3.5,+1,4,4,3.5,e,+1.5,+1
sigma-,sigma+,37,91,58230.500145,3.729426e-05,3,3,2.5,e,+2.5,-1,4,4,4.5,f,+0.5,-1
sigma-,sigma+,36,90,58230.551979,1.882203e-04,3,3,2.5,e,+1.5,-1,4,4,4.5,f,-0.5,-1
sigma-,sigma+,35,89,58230.603937,5.699848e-04,3,3,2.5,e,+0.5,-1,4,4,4.5,f,-1.5,-1
sigma-,sigma+,34,88,58230.656020,1.342570e-03,3,3,2.5,e,-0.5,-1,4,4,4.5,f,-2.5,-1
sigma-,sigma+,33,87,58230.708229,2.710723e-03,3,3,2.5,e,-1.5,-1,4,4,4.5,f,-3.5,-1
sigma-,sigma+,32,86,58230.760568,4.926037e-03,3,3,2.5,e,-2.5,-1,4,4,4.5,f,-4.5,-1
sigma-,sigma+,37,72,58234.945643,4.684647e-03,3,3,2.5,e,+2.5,-1,4,4,3.5,f,+0.5,-1
sigma-,sigma+,36,71,58234.978951,1.502067e-02,3,3,2.5,e,+1.5,-1,4,4,3.5,f,-0.5,-1
sigma-,sigma+,35,70,58235.012304,2.822054e-02,3,3,2.5,e,+0.5,-1,4,4,3.5,f,-1.5,-1
sigma-,sigma+,34,69,58235.045704,3.770431e-02,3,3,2.5,e,-0.5,-1,4,4,3.5,f,-2.5,-1
sigma-,sigma+,33,68,58235.079150,3.305968e-02,3,3,2.5,e,-1.5,-1,4,4,3.5,f,-3.5,-1
sigma-,sigma+,51,92,58236.354951,2.411120e-03,3,3,3.5,e,+3.5,-1,4,4,4.5,f,+1.5,-1
sigma-,sigma+,50,91,58236.375649,8.243024e-03,3,3,3.5,e,+2.5,-1,4,4,4.5,f,+0.5,-1
sigma-,sigma+,49,90,58236.396302,1.712304e-02,3,3,3.5,e,+1.5,-1,4,4,4.5,f,-0.5,-1
sigma-,sigma+,48,89,58236.416911,2.731598e-02,3,3,3.5,e,+0.5,-1,4,4,4.5,f,-1.5,-1
sigma-,sigma+,47,88,58236.437474,3.574473e-02,3,3,3.5,e,-0.5,-1,4,4,4.5,f,-2.5,-1
sigma-,sigma+,46,87,58236.457991,3.801159e-02,3,3,3.5,e,-1.5,-1,4,4,4.5,f,-3.5,-1
sigma-,sigma+,45,86,58236.478461,2.842048e-02,3,3,3.5,e,-2.5,-1,4,4,4.5,f,-4.5,-1
sigma-,sigma+,51,73,58240.818899,1.160683e-03,3,3,3.5,e,+3.5,-1,4,4,3.5,f,+1.5,-1
sigma-,sigma+,50,72,58240.821147,2.510967e-03,3,3,3.5,e,+2.5,-1,4,4,3.5,f,+0.5,-1
sigma-,sigma+,49,71,58240.823274,3.380337e-03,3,3,3.5,e,+1.5,-1,4,4,3.5,f,-0.5,-1
sigma-,sigma+,48,70,58240.825278,3.413402e-03,3,3,3.5,e,+0.5,-1,4,4,3.5,f,-1.5,-1
sigma-,sigma+,47,69,58240.827158,2.585379e-03,3,3,3.5,e,-0.5,-1,4,4,3.5,f,-2.5,-1
sigma-,sigma+,46,68,58240.828912,1.218584e-03,3,3,3.5,e,-1.5,-1,4,4,3.5,f,-3.5,-1
sigma-,sigma+,75,123,72671.023576,5.716831e-06,4,4,3.5,f,+3.5,-1,5,5,5.5,e,+1.5,-1
sigma-,sigma+,74,122,72671.044695,2.900318e-05,4,4,3.5,f,+2.5,-1,5,5,5.5,e,+0.5,-1
sigma-,sigma+,73,121,72671.065879,8.829071e-05,4,4,3.5,f,+1.5,-1,5,5,5.5,e,-0.5,-1
sigma-,sigma+,72,120,72671.087130,2.090589e-04,4,4,3.5,f,+0.5,-1,5,5,5.5,e,-1.5,-1
sigma-,sigma+,71,119,72671.108448,4.243307e-04,4,4,3.5,f,-0.5,-1,5,5,5.5,e,-2.5,-1
sigma-,sigma+,70,118,72671.129835,7.751977e-04,4,4,3.5,f,-1.5,-1,5,5,5.5,e,-3.5,-1
sigma-,sigma+,69,117,72671.151291,1.311375e-03,4,4,3.5,f,-2.5,-1,5,5,5.5,e,-4.5,-1
sigma-,sigma+,68,116,72671.172818,2.091789e-03,4,4,3.5,f,-3.5,-1,5,5,5.5,e,-5.5,-1
sigma-,sigma+,75,102,72674.623248,1.531595e-03,4,4,3.5,f,+3.5,-1,5,5,4.5,e,+1.5,-1
sigma-,sigma+,74,101,72674.630146,5.258172e-03,4,4,3.5,f,+2.5,-1,5,5,4.5,e,+0.5,-1
sigma-,sigma+,73,100,72674.637054,1.096927e-02,4,4,3.5,f,+1.5,-1,5,5,4.5,e,-0.5,-1
sigma-,sigma+,72,99,72674.643971,1.757473e-02,4,4,3.5,f,+0.5,-1,5,5,4.5,e,-1.5,-1
sigma-,sigma+,71,98,72674.650898,2.309861e-02,4,4,3.5,f,-0.5,-1,5,5,4.5,e,-2.5,-1
sigma-,sigma+,70,97,72674.657834,2.467285e-02,4,4,3.5,f,-1.5,-1,5,5,4.5,e,-3.5,-1
sigma-,sigma+,69,96,72674.664781,1.853074e-02,4,4,3.5,f,-2.5,-1,5,5,4.5,e,-4.5,-1
sigma-,sigma+,95,124,72675.521367,8.921328e-04,4,4,4.5,f,+4.5,-1,5,5,5.5,e,+2.5,-1
sigma-,sigma+,94,123,72675.524196,3.165983e-03,4,4,4.5,f,+3.5,-1,5,5,5.5,e,+1.5,-1
sigma-,sigma+,93,122,72675.527016,6.912216e-03,4,4,4.5,f,+2.5,-1,5,5,5.5,e,+0.5,-1
sigma-,sigma+,92,121,72675.529827,1.182634e-02,4,4,4.5,f,+1.5,-1,5,5,5.5,e,-0.5,-1
sigma-,sigma+,91,120,72675.532628,1.721256e-02,4,4,4.5,f,+0.5,-1,5,5,5.5,e,-1.5,-1
sigma-,sigma+,90,119,72675.535420,2.198783e-02,4,4,4.5,f,-0.5,-1,5,5,5.5,e,-2.5,-1
sigma-,sigma+,89,118,72675.538202,2.468596e-02,4,4,4.5,f,-1.5,-1,5,5,5.5,e,-3.5,-1
sigma-,sigma+,88,117,72675.540975,2.346194e-02,4,4,4.5,f,-2.5,-1,5,5,5.5,e,-4.5,-1
sigma-,sigma+,87,116,72675.543738,1.609635e-02,4,4,4.5,f,-3.5,-1,5,5,5.5,e,-5.5,-1
sigma-,sigma+,88,96,72679.054464,3.338331e-04,4,4,4.5,f,-2.5,-1,5,5,4.5,e,-4.5,-1
sigma-,sigma+,89,97,72679.066202,7.741603e-04,4,4,4.5,f,-1.5,-1,5,5,4.5,e,-3.5,-1
sigma-,sigma+,90,98,72679.077870,1.154178e-03,4,4,4.5,f,-0.5,-1,5,5,4.5,e,-2.5,-1
sigma-,sigma+,91,99,72679.089470,1.365745e-03,4,4,4.5,f,+0.5,-1,5,5,4.5,e,-1.5,-1
sigma-,sigma+,92,100,72679.101002,1.357597e-03,4,4,4.5,f,+1.5,-1,5,5,4.5,e,-0.5,-1
sigma-,sigma+,93,101,72679.112468,1.133643e-03,4,4,4.5,f,+2.5,-1,5,5,4.5,e,+0.5,-1
sigma-,sigma+,94,102,72679.123867,7.513374e-04,4,4,4.5,f,+3.5,-1,5,5,4.5,e,+1.5,-1
sigma-,sigma+,95,103,72679.135202,3.201342e-04,4,4,4.5,f,+4.5,-1,5,5,4.5,e,+2.5,-1
sigma-,sigma+,1,46,72716.725461,1.782279e-07,1,1,0.5,e,+0.5,-1,3,3,3.5,e,-1.5,-1
sigma-,sigma+,0,45,72717.131997,5.766262e-07,1,1,0.5,e,-0.5,-1,3,3,3.5,e,-2.5,-1
sigma-,sigma+,1,33,72722.475223,2.617386e-02,1,1,0.5,e,+0.5,-1,3,3,2.5,e,-1.5,-1
sigma-,sigma+,0,32,72722.849890,1.320887e-01,1,1,0.5,e,-0.5,-1,3,3,2.5,e,-2.5,-1
sigma-,sigma+,7,47,72731.744365,5.004216e-03,1,1,1.5,e,+1.5,-1,3,3,3.5,e,-0.5,-1
sigma-,sigma+,6,46,72731.902435,2.484526e-02,1,1,1.5,e,+0.5,-1,3,3,3.5,e,-1.5,-1
sigma-,sigma+,5,45,72732.058561,7.400005e-02,1,1,1.5,e,-0.5,-1,3,3,3.5,e,-2.5,-1
sigma-,sigma+,4,44,72732.212640,1.713971e-01,1,1,1.5,e,-1.5,-1,3,3,3.5,e,-3.5,-1
sigma-,sigma+,7,34,72737.525820,6.423330e-03,1,1,1.5,e,+1.5,-1,3,3,2.5,e,-0.5,-1
sigma-,sigma+,6,33,72737.652197,1.755537e-02,1,1,1.5,e,+0.5,-1,3,3,2.5,e,-1.5,-1
sigma-,sigma+,5,32,72737.776454,2.250752e-02,1,1,1.5,e,-0.5,-1,3,3,2.5,e,-2.5,-1
sigma-,sigma+,3,54,72743.186801,2.190300e-07,1,1,0.5,f,+0.5,+1,3,3,3.5,f,-1.5,+1
sigma-,sigma+,2,53,72743.590580,7.044028e-07,1,1,0.5,f,-0.5,+1,3,3,3.5,f,-2.5,+1
sigma-,sigma+,3,39,72748.938941,2.618136e-02,1,1,0.5,f,+0.5,+1,3,3,2.5,f,-1.5,+1
sigma-,sigma+,2,38,72749.312530,1.321084e-01,1,1,0.5,f,-0.5,+1,3,3,2.5,f,-2.5,+1
sigma-,sigma+,11,55,72758.202636,4.998601e-03,1,1,1.5,f,+1.5,+1,3,3,3.5,f,-0.5,+1
sigma-,sigma+,10,54,72758.361732,2.482620e-02,1,1,1.5,f,+0.5,+1,3,3,3.5,f,-1.5,+1
sigma-,sigma+,9,53,72758.518936,7.397091e-02,1,1,1.5,f,-0.5,+1,3,3,3.5,f,-2.5,+1
sigma-,sigma+,8,52,72758.674149,1.713971e-01,1,1,1.5,f,-1.5,+1,3,3,3.5,f,-3.5,+1
sigma-,sigma+,11,40,72763.984808,6.428937e-03,1,1,1.5,f,+1.5,+1,3,3,2.5,f,-0.5,+1
sigma-,sigma+,10,39,72764.113872,1.756684e-02,1,1,1.5,f,+0.5,+1,3,3,2.5,f,-1.5,+1
sigma-,sigma+,9,38,72764.240886,2.251674e-02,1,1,1.5,f,-0.5,+1,3,3,2.5,f,-2.5,+1
sigma-,sigma+,67,135,72803.243380,5.969408e-06,4,4,3.5,e,+3.5,+1,5,5,5.5,f,+1.5,+1
sigma-,sigma+,66,134,72803.276111,3.011040e-05,4,4,3.5,e,+2.5,+1,5,5,5.5,f,+0.5,+1
sigma-,sigma+,65,133,72803.308910,9.113198e-05,4,4,3.5,e,+1.5,+1,5,5,5.5,f,-0.5,+1
sigma-,sigma+,64,132,72803.341776,2.145352e-04,4,4,3.5,e,+0.5,+1,5,5,5.5,f,-1.5,+1
sigma-,sigma+,63,131,72803.374712,4.329099e-04,4,4,3.5,e,-0.5,+1,5,5,5.5,f,-2.5,+1
sigma-,sigma+,62,130,72803.407717,7.862440e-04,4,4,3.5,e,-1.5,+1,5,5,5.5,f,-3.5,+1
sigma-,sigma+,61,129,72803.440793,1.322245e-03,4,4,3.5,e,-2.5,+1,5,5,5.5,f,-4.5,+1
sigma-,sigma+,60,128,72803.473941,2.096676e-03,4,4,3.5,e,-3.5,+1,5,5,5.5,f,-5.5,+1
sigma-,sigma+,67,112,72806.841370,1.530599e-03,4,4,3.5,e,+3.5,+1,5,5,4.5,f,+1.5,+1
sigma-,sigma+,66,111,72806.860919,5.254957e-03,4,4,3.5,e,+2.5,+1,5,5,4.5,f,+0.5,+1
sigma-,sigma+,65,110,72806.880487,1.096300e-02,4,4,3.5,e,+1.5,+1,5,5,4.5,f,-0.5,+1
sigma-,sigma+,64,109,72806.900074,1.756539e-02,4,4,3.5,e,+0.5,+1,5,5,4.5,f,-1.5,+1
sigma-,sigma+,63,108,72806.919679,2.308729e-02,4,4,3.5,e,-0.5,+1,5,5,4.5,f,-2.5,+1
sigma-,sigma+,62,107,72806.939305,2.466181e-02,4,4,3.5,e,-1.5,+1,5,5,4.5,f,-3.5,+1
sigma-,sigma+,61,106,72806.958950,1.852324e-02,4,4,3.5,e,-2.5,+1,5,5,4.5,f,-4.5,+1
sigma-,sigma+,85,136,72807.735313,8.913805e-04,4,4,4.5,e,+4.5,+1,5,5,5.5,f,+2.5,+1
sigma-,sigma+,84,135,72807.748518,3.163511e-03,4,4,4.5,e,+3.5,+1,5,5,5.5,f,+1.5,+1
sigma-,sigma+,83,134,72807.761705,6.907261e-03,4,4,4.5,e,+2.5,+1,5,5,5.5,f,+0.5,+1
sigma-,sigma+,82,133,72807.774874,1.181863e-02,4,4,4.5,e,+1.5,+1,5,5,5.5,f,-0.5,+1
sigma-,sigma+,81,132,72807.788024,1.720249e-02,4,4,4.5,e,+0.5,+1,5,5,5.5,f,-1.5,+1
sigma-,sigma+,80,131,72807.801155,2.197646e-02,4,4,4.5,e,-0.5,+1,5,5,5.5,f,-2.5,+1
sigma-,sigma+,79,130,72807.814267,2.467492e-02,4,4,4.5,e,-1.5,+1,5,5,5.5,f,-3.5,+1
sigma-,sigma+,78,129,72807.827359,2.345311e-02,4,4,4.5,e,-2.5,+1,5,5,5.5,f,-4.5,+1
sigma-,sigma+,77,128,72807.840431,1.609147e-02,4,4,4.5,e,-3.5,+1,5,5,5.5,f,-5.5,+1
sigma-,sigma+,78,106,72811.345515,3.392835e-04,4,4,4.5,e,-2.5,+1,5,5,4.5,f,-4.5,+1
sigma-,sigma+,79,107,72811.345855,7.851996e-04,4,4,4.5,e,-1.5,+1,5,5,4.5,f,-3.5,+1
sigma-,sigma+,80,108,72811.346123,1.168279e-03,4,4,4.5,e,-0.5,+1,5,5,4.5,f,-2.5,+1
sigma-,sigma+,81,109,72811.346322,1.379673e-03,4,4,4.5,e,+0.5,+1,5,5,4.5,f,-1.5,+1
sigma-,sigma+,85,113,72811.346437,3.208865e-04,4,4,4.5,e,+4.5,+1,5,5,4.5,f,+2.5,+1
sigma-,sigma+,82,110,72811.346452,1.368733e-03,4,4,4.5,e,+1.5,+1,5,5,4.5,f,-0.5,+1
sigma-,sigma+,84,112,72811.346508,7.545522e-04,4,4,4.5,e,+3.5,+1,5,5,4.5,f,+1.5,+1
sigma-,sigma+,83,111,72811.346514,1.140704e-03,4,4,4.5,e,+2.5,+1,5,5,4.5,f,+0.5,+1
sigma-,sigma+,15,80,101813.497913,5.707370e-10,2,2,1.5,e,+1.5,+1,4,4,4.5,e,-0.5,+1
sigma-,sigma+,14,79,101813.614557,2.349286e-09,2,2,1.5,e,+0.5,+1,4,4,4.5,e,-1.5,+1
sigma-,sigma+,13,78,101813.731501,4.973940e-09,2,2,1.5,e,-0.5,+1,4,4,4.5,e,-2.5,+1
sigma-,sigma+,12,77,101813.848752,5.962098e-09,2,2,1.5,e,-1.5,+1,4,4,4.5,e,-3.5,+1
sigma-,sigma+,15,63,101817.924357,6.039012e-03,2,2,1.5,e,+1.5,+1,4,4,3.5,e,-0.5,+1
sigma-,sigma+,14,62,101818.021107,3.029630e-02,2,2,1.5,e,+0.5,+1,4,4,3.5,e,-1.5,+1
sigma-,sigma+,13,61,101818.118067,9.119977e-02,2,2,1.5,e,-0.5,+1,4,4,3.5,e,-2.5,+1
sigma-,sigma+,12,60,101818.215242,2.135422e-01,2,2,1.5,e,-1.5,+1,4,4,3.5,e,-3.5,+1
sigma-,sigma+,25,81,101821.874559,1.923196e-03,2,2,2.5,e,+2.5,+1,4,4,4.5,e,+0.5,+1
sigma-,sigma+,24,80,101821.926590,9.583209e-03,2,2,2.5,e,+1.5,+1,4,4,4.5,e,-0.5,+1
sigma-,sigma+,23,79,101821.978419,2.864999e-02,2,2,2.5,e,+0.5,+1,4,4,4.5,e,-1.5,+1
sigma-,sigma+,22,78,101822.030039,6.661433e-02,2,2,2.5,e,-0.5,+1,4,4,4.5,e,-2.5,+1
sigma-,sigma+,21,77,101822.081447,1.327509e-01,2,2,2.5,e,-1.5,+1,4,4,4.5,e,-3.5,+1
sigma-,sigma+,20,76,101822.132635,2.380797e-01,2,2,2.5,e,-2.5,+1,4,4,4.5,e,-4.5,+1
sigma-,sigma+,25,64,101826.320807,1.478043e-03,2,2,2.5,e,+2.5,+1,4,4,3.5,e,+0.5,+1
sigma-,sigma+,24,63,101826.353034,4.785872e-03,2,2,2.5,e,+1.5,+1,4,4,3.5,e,-0.5,+1
sigma-,sigma+,23,62,101826.384969,9.081729e-03,2,2,2.5,e,+0.5,+1,4,4,3.5,e,-1.5,+1
sigma-,sigma+,22,61,101826.416605,1.225739e-02,2,2,2.5,e,-0.5,+1,4,4,3.5,e,-2.5,+1
sigma-,sigma+,21,60,101826.447936,1.085885e-02,2,2,2.5,e,-1.5,+1,4,4,3.5,e,-3.5,+1
sigma-,sigma+,18,89,101850.655785,6.774158e-12,2,2,1.5,f,+0.5,-1,4,4,4.5,f,-1.5,-1
sigma-,sigma+,17,88,101850.770929,6.439272e-11,2,2,1.5,f,-0.5,-1,4,4,4.5,f,-2.5,-1
sigma-,sigma+,16,87,101850.886356,1.990739e-10,2,2,1.5,f,-1.5,-1,4,4,4.5,f,-3.5,-1
sigma-,sigma+,19,71,101854.967890,6.041913e-03,2,2,1.5,f,+1.5,-1,4,4,3.5,f,-0.5,-1
sigma-,sigma+,18,70,101855.064152,3.030743e-02,2,2,1.5,f,+0.5,-1,4,4,3.5,f,-1.5,-1
sigma-,sigma+,17,69,101855.160613,9.122256e-02,2,2,1.5,f,-0.5,-1,4,4,3.5,f,-2.5,-1
sigma-,sigma+,16,68,101855.257277,2.135694e-01,2,2,1.5,f,-1.5,-1,4,4,3.5,f,-3.5,-1
sigma-,sigma+,31,91,101858.913564,1.921026e-03,2,2,2.5,f,+2.5,-1,4,4,4.5,f,+0.5,-1
sigma-,sigma+,30,90,101858.966073,9.574418e-03,2,2,2.5,f,+1.5,-1,4,4,4.5,f,-0.5,-1
sigma-,sigma+,29,89,101859.018390,2.862995e-02,2,2,2.5,f,+0.5,-1,4,4,4.5,f,-1.5,-1
sigma-,sigma+,28,88,101859.070511,6.658274e-02,2,2,2.5,f,-0.5,-1,4,4,4.5,f,-2.5,-1
sigma-,sigma+,27,87,101859.122431,1.327189e-01,2,2,2.5,f,-1.5,-1,4,4,4.5,f,-3.5,-1
sigma-,sigma+,26,86,101859.174144,2.380797e-01,2,2,2.5,f,-2.5,-1,4,4,4.5,f,-4.5,-1
sigma-,sigma+,31,72,101863.359063,1.480211e-03,2,2,2.5,f,+2.5,-1,4,4,3.5,f,+0.5,-1
sigma-,sigma+,30,71,101863.393045,4.791749e-03,2,2,2.5,f,+1.5,-1,4,4,3.5,f,-0.5,-1
sigma-,sigma+,29,70,101863.426758,9.090598e-03,2,2,2.5,f,+0.5,-1,4,4,3.5,f,-1.5,-1
sigma-,sigma+,28,69,101863.460195,1.226612e-02,2,2,2.5,f,-0.5,-1,4,4,3.5,f,-2.5,-1
sigma-,sigma+,27,68,101863.493351,1.086357e-02,2,2,2.5,f,-1.5,-1,4,4,3.5,f,-3.5,-1
sigma-,sigma+,3,62,130899.464157,1.158608e-12,1,1,0.5,f,+0.5,+1,4,4,3.5,e,-1.5,+1
sigma-,sigma+,2,61,130899.858322,3.535096e-12,1,1,0.5,f,-0.5,+1,4,4,3.5,e,-2.5,+1
sigma-,sigma+,37,122,130906.095448,4.536177e-09,3,3,2.5,e,+2.5,-1,5,5,5.5,e,+0.5,-1
sigma-,sigma+,36,121,130906.150017,2.278888e-08,3,3,2.5,e,+1.5,-1,5,5,5.5,e,-0.5,-1
sigma-,sigma+,35,120,130906.204699,6.410946e-08,3,3,2.5,e,+0.5,-1,5,5,5.5,e,-1.5,-1
sigma-,sigma+,34,119,130906.259495,1.288160e-07,3,3,2.5,e,-0.5,-1,5,5,5.5,e,-2.5,-1
sigma-,sigma+,33,118,130906.314408,1.941129e-07,3,3,2.5,e,-1.5,-1,5,5,5.5,e,-3.5,-1
sigma-,sigma+,32,117,130906.369438,1.949940e-07,3,3,2.5,e,-2.5,-1,5,5,5.5,e,-4.5,-1
sigma-,sigma+,37,101,130909.680899,2.017137e-03,3,3,2.5,e,+2.5,-1,5,5,4.5,e,+0.5,-1
sigma-,sigma+,36,100,130909.721192,1.010468e-02,3,3,2.5,e,+1.5,-1,5,5,4.5,e,-0.5,-1
sigma-,sigma+,35,99,130909.761540,3.037193e-02,3,3,2.5,e,+0.5,-1,5,5,4.5,e,-1.5,-1
sigma-,sigma+,34,98,130909.801945,7.100516e-02,3,3,2.5,e,-0.5,-1,5,5,4.5,e,-2.5,-1
sigma-,sigma+,33,97,130909.842407,1.422895e-01,3,3,2.5,e,-1.5,-1,5,5,4.5,e,-3.5,-1
sigma-,sigma+,32,96,130909.882928,2.566321e-01,3,3,2.5,e,-2.5,-1,5,5,4.5,e,-4.5,-1
sigma-,sigma+,51,123,130911.947510,8.395065e-04,3,3,3.5,e,+3.5,-1,5,5,5.5,e,+1.5,-1
sigma-,sigma+,50,122,130911.970952,4.188515e-03,3,3,3.5,e,+2.5,-1,5,5,5.5,e,+0.5,-1
sigma-,sigma+,49,121,130911.994340,1.253818e-02,3,3,3.5,e,+1.5,-1,5,5,5.5,e,-0.5,-1
sigma-,sigma+,48,120,130912.017673,2.919112e-02,3,3,3.5,e,+0.5,-1,5,5,5.5,e,-1.5,-1
sigma-,sigma+,47,119,130912.040950,5.825145e-02,3,3,3.5,e,-0.5,-1,5,5,5.5,e,-2.5,-1
sigma-,sigma+,46,118,130912.064170,1.046144e-01,3,3,3.5,e,-1.5,-1,5,5,5.5,e,-3.5,-1
sigma-,sigma+,45,117,130912.087331,1.739553e-01,3,3,3.5,e,-2.5,-1,5,5,5.5,e,-4.5,-1
sigma-,sigma+,44,116,130912.110434,2.727189e-01,3,3,3.5,e,-3.5,-1,5,5,5.5,e,-5.5,-1
sigma-,sigma+,11,63,130914.489483,1.274108e-10,1,1,1.5,f,+1.5,+1,4,4,3.5,e,-0.5,+1
sigma-,sigma+,10,62,130914.639089,6.551960e-10,1,1,1.5,f,+0.5,+1,4,4,3.5,e,-1.5,+1
sigma-,sigma+,9,61,130914.786678,2.022295e-09,1,1,1.5,f,-0.5,+1,4,4,3.5,e,-2.5,+1
sigma-,sigma+,8,60,130914.932152,4.856727e-09,1,1,1.5,f,-1.5,+1,4,4,3.5,e,-3.5,+1
sigma-,sigma+,51,102,130915.547181,4.591713e-04,3,3,3.5,e,+3.5,-1,5,5,4.5,e,+1.5,-1
sigma-,sigma+,50,101,130915.556404,1.586511e-03,3,3,3.5,e,+2.5,-1,5,5,4.5,e,+0.5,-1
sigma-,sigma+,49,100,130915.565515,3.331176e-03,3,3,3.5,e,+1.5,-1,5,5,4.5,e,-0.5,-1
sigma-,sigma+,48,99,130915.574514,5.372233e-03,3,3,3.5,e,+0.5,-1,5,5,4.5,e,-1.5,-1
sigma-,sigma+,47,98,130915.583400,7.107780e-03,3,3,3.5,e,-0.5,-1,5,5,4.5,e,-2.5,-1
sigma-,sigma+,46,97,130915.592169,7.643389e-03,3,3,3.5,e,-1.5,-1,5,5,4.5,e,-3.5,-1
sigma-,sigma+,45,96,130915.600821,5.779827e-03,3,3,3.5,e,-2.5,-1,5,5,4.5,e,-4.5,-1
sigma-,sigma+,43,134,130953.719358,2.851401e-09,3,3,2.5,f,+2.5,+1,5,5,5.5,f,+0.5,+1
sigma-,sigma+,42,133,130953.772600,1.428665e-08,3,3,2.5,f,+1.5,+1,5,5,5.5,f,-0.5,+1
sigma-,sigma+,41,132,130953.825943,4.008180e-08,3,3,2.5,f,+0.5,+1,5,5,5.5,f,-1.5,+1
sigma-,sigma+,40,131,130953.879387,8.031388e-08,3,3,2.5,f,-0.5,+1,5,5,5.5,f,-2.5,+1
sigma-,sigma+,39,130,130953.932934,1.206835e-07,3,3,2.5,f,-1.5,+1,5,5,5.5,f,-3.5,+1
sigma-,sigma+,38,129,130953.986586,1.208826e-07,3,3,2.5,f,-2.5,+1,5,5,5.5,f,-4.5,+1
sigma-,sigma+,43,111,130957.304167,2.018351e-03,3,3,2.5,f,+2.5,+1,5,5,4.5,f,+0.5,+1
sigma-,sigma+,42,110,130957.344178,1.010982e-02,3,3,2.5,f,+1.5,+1,5,5,4.5,f,-0.5,+1
sigma-,sigma+,41,109,130957.384240,3.038447e-02,3,3,2.5,f,+0.5,+1,5,5,4.5,f,-1.5,+1
sigma-,sigma+,40,108,130957.424354,7.102747e-02,3,3,2.5,f,-0.5,+1,5,5,4.5,f,-2.5,+1
sigma-,sigma+,39,107,130957.464521,1.423197e-01,3,3,2.5,f,-1.5,+1,5,5,4.5,f,-3.5,+1
sigma-,sigma+,38,106,130957.504742,2.566598e-01,3,3,2.5,f,-2.5,+1,5,5,4.5,f,-4.5,+1
sigma-,sigma+,1,70,130957.659796,1.168398e-12,1,1,0.5,e,+0.5,-1,4,4,3.5,f,-1.5,-1
sigma-,sigma+,0,69,130958.068037,3.566149e-12,1,1,0.5,e,-0.5,-1,4,4,3.5,f,-2.5,-1
sigma-,sigma+,59,135,130959.566982,8.385545e-04,3,3,3.5,f,+3.5,+1,5,5,5.5,f,+1.5,+1
sigma-,sigma+,58,134,130959.590701,4.184390e-03,3,3,3.5,f,+2.5,+1,5,5,5.5,f,+0.5,+1
sigma-,sigma+,57,133,130959.614371,1.252775e-02,3,3,3.5,f,+1.5,+1,5,5,5.5,f,-0.5,+1
sigma-,sigma+,56,132,130959.637991,2.917144e-02,3,3,3.5,f,+0.5,+1,5,5,5.5,f,-1.5,+1
sigma-,sigma+,55,131,130959.661558,5.822159e-02,3,3,3.5,f,-0.5,+1,5,5,5.5,f,-2.5,+1
sigma-,sigma+,54,130,130959.685074,1.045781e-01,3,3,3.5,f,-1.5,+1,5,5,5.5,f,-3.5,+1
sigma-,sigma+,53,129,130959.708536,1.739247e-01,3,3,3.5,f,-2.5,+1,5,5,5.5,f,-4.5,+1
sigma-,sigma+,52,128,130959.731944,2.727189e-01,3,3,3.5,f,-3.5,+1,5,5,5.5,f,-5.5,+1
sigma-,sigma+,59,112,130963.164972,4.601227e-04,3,3,3.5,f,+3.5,+1,5,5,4.5,f,+1.5,+1
sigma-,sigma+,58,111,130963.175509,1.589418e-03,3,3,3.5,f,+2.5,+1,5,5,4.5,f,+0.5,+1
sigma-,sigma+,57,110,130963.185949,3.336454e-03,3,3,3.5,f,+1.5,+1,5,5,4.5,f,-0.5,+1
sigma-,sigma+,56,109,130963.196288,5.379366e-03,3,3,3.5,f,+0.5,+1,5,5,4.5,f,-1.5,+1
sigma-,sigma+,55,108,130963.206526,7.115329e-03,3,3,3.5,f,-0.5,+1,5,5,4.5,f,-2.5,+1
sigma-,sigma+,54,107,130963.216661,7.649403e-03,3,3,3.5,f,-1.5,+1,5,5,4.5,f,-3.5,+1
sigma-,sigma+,53,106,130963.226692,5.782728e-03,3,3,3.5,f,-2.5,+1,5,5,4.5,f,-4.5,+1
sigma-,sigma+,7,71,130972.676866,1.274071e-10,1,1,1.5,e,+1.5,-1,4,4,3.5,f,-0.5,-1
sigma-,sigma+,6,70,130972.836769,6.551694e-10,1,1,1.5,e,+0.5,-1,4,4,3.5,f,-1.5,-1
sigma-,sigma+,5,69,130972.994601,2.022223e-09,1,1,1.5,e,-0.5,-1,4,4,3.5,f,-2.5,-1
sigma-,sigma+,4,68,130973.150257,4.856673e-09,1,1,1.5,e,-1.5,-1,4,4,3.5,f,-3.5,-1
sigma-,sigma+,16,97,174530.020534,1.173395e-12,2,2,1.5,f,-1.5,-1,5,5,4.5,e,-3.5,-1
sigma-,sigma+,31,101,174538.094319,1.451606e-11,2,2,2.5,f,+2.5,-1,5,5,4.5,e,+0.5,-1
sigma-,sigma+,30,100,174538.135286,7.358429e-11,2,2,2.5,f,+1.5,-1,5,5,4.5,e,-0.5,-1
sigma-,sigma+,29,99,174538.175994,2.238248e-10,2,2,2.5,f,+0.5,-1,5,5,4.5,e,-1.5,-1
sigma-,sigma+,28,98,174538.216436,5.295707e-10,2,2,2.5,f,-0.5,-1,5,5,4.5,e,-2.5,-1
sigma-,sigma+,27,97,174538.256608,1.074067e-09,2,2,2.5,f,-1.5,-1,5,5,4.5,e,-3.5,-1
sigma-,sigma+,26,96,174538.296504,1.960748e-09,2,2,2.5,f,-2.5,-1,5,5,4.5,e,-4.5,-1
sigma-,sigma+,12,107,174625.272785,1.193588e-12,2,2,1.5,e,-1.5,+1,5,5,4.5,f,-3.5,+1
sigma-,sigma+,25,111,174633.299607,1.451557e-11,2,2,2.5,e,+2.5,+1,5,5,4.5,f,+0.5,+1
sigma-,sigma+,24,110,174633.351489,7.358045e-11,2,2,2.5,e,+1.5,+1,5,5,4.5,f,-0.5,+1
sigma-,sigma+,23,109,174633.403099,2.238115e-10,2,2,2.5,e,+0.5,+1,5,5,4.5,f,-1.5,+1
sigma-,sigma+,22,108,174633.454432,5.295415e-10,2,2,2.5,e,-0.5,+1,5,5,4.5,f,-2.5,+1
sigma-,sigma+,21,107,174633.505480,1.074025e-09,2,2,2.5,e,-1.5,+1,5,5,4.5,f,-3.5,+1
sigma-,sigma+,20,106,174633.556237,1.960725e-09,2,2,2.5,e,-2.5,+1,5,5,4.5,f,-4.5,+1
sigma+,sigma+,108,20,-174633.635113,5.573333e-11,5,5,4.5,f,-2.5,+1,2,2,2.5,e,-2.5,+1
sigma+,sigma+,109,21,-174633.584306,1.177652e-10,5,5,4.5,f,-1.5,+1,2,2,2.5,e,-1.5,+1
sigma+,sigma+,110,22,-174633.533208,1.548495e-10,5,5,4.5,f,-0.5,+1,2,2,2.5,e,-0.5,+1
sigma+,sigma+,111,23,-174633.481826,1.527241e-10,5,5,4.5,f,+0.5,+1,2,2,2.5,e,+0.5,+1
sigma+,sigma+,112,24,-174633.430166,1.129818e-10,5,5,4.5,f,+1.5,+1,2,2,2.5,e,+1.5,+1
sigma+,sigma+,113,25,-174633.378235,5.201100e-11,5,5,4.5,f,+2.5,+1,2,2,2.5,e,+2.5,+1
sigma+,sigma+,98,26,-174538.387965,5.573480e-11,5,5,4.5,e,-2.5,-1,2,2,2.5,f,-2.5,-1
sigma+,sigma+,99,27,-174538.348010,1.177710e-10,5,5,4.5,e,-1.5,-1,2,2,2.5,f,-1.5,-1
sigma+,sigma+,100,28,-174538.307779,1.548589e-10,5,5,4.5,e,-0.5,-1,2,2,2.5,f,-0.5,-1
sigma+,sigma+,101,29,-174538.267279,1.527333e-10,5,5,4.5,e,+0.5,-1,2,2,2.5,f,+0.5,-1
sigma+,sigma+,102,30,-174538.226514,1.129873e-10,5,5,4.5,e,+1.5,-1,2,2,2.5,f,+1.5,-1
sigma+,sigma+,103,31,-174538.185491,5.201233e-11,5,5,4.5,e,+2.5,-1,2,2,2.5,f,+2.5,-1
sigma+,sigma+,70,4,-130973.255679,2.378423e-10,4,4,3.5,f,-1.5,-1,1,1,1.5,e,-1.5,-1
sigma+,sigma+,71,5,-130973.099944,4.160635e-10,4,4,3.5,f,-0.5,-1,1,1,1.5,e,-0.5,-1
sigma+,sigma+,72,6,-130972.942034,4.045163e-10,4,4,3.5,f,+0.5,-1,1,1,1.5,e,+0.5,-1
sigma+,sigma+,73,7,-130972.782053,2.185770e-10,4,4,3.5,f,+1.5,-1,1,1,1.5,e,+1.5,-1
sigma+,sigma+,107,52,-130963.315545,1.139349e-03,5,5,4.5,f,-3.5,+1,3,3,3.5,f,-3.5,+1
sigma+,sigma+,108,53,-130963.305569,1.011728e-03,5,5,4.5,f,-2.5,+1,3,3,3.5,f,-2.5,+1
sigma+,sigma+,109,54,-130963.295487,4.673334e-04,5,5,4.5,f,-1.5,+1,3,3,3.5,f,-1.5,+1
sigma+,sigma+,110,55,-130963.285302,5.893314e-05,5,5,4.5,f,-0.5,+1,3,3,3.5,f,-0.5,+1
sigma+,sigma+,111,56,-130963.275014,5.353461e-05,5,5,4.5,f,+0.5,+1,3,3,3.5,f,+0.5,+1
sigma+,sigma+,112,57,-130963.264626,4.433956e-04,5,5,4.5,f,+1.5,+1,3,3,3.5,f,+1.5,+1
sigma+,sigma+,113,58,-130963.254138,9.564121e-04,5,5,4.5,f,+2.5,+1,3,3,3.5,f,+2.5,+1
sigma+,sigma+,114,59,-130963.243553,1.065928e-03,5,5,4.5,f,+3.5,+1,3,3,3.5,f,+3.5,+1
sigma+,sigma+,130,52,-130959.783958,4.921103e-03,5,5,5.5,f,-3.5,+1,3,3,3.5,f,-3.5,+1
sigma+,sigma+,131,53,-130959.760601,1.150787e-02,5,5,5.5,f,-2.5,+1,3,3,3.5,f,-2.5,+1
sigma+,sigma+,132,54,-130959.737190,1.729934e-02,5,5,5.5,f,-1.5,+1,3,3,3.5,f,-1.5,+1
sigma+,sigma+,133,55,-130959.713724,2.063863e-02,5,5,5.5,f,-0.5,+1,3,3,3.5,f,-0.5,+1
sigma+,sigma+,134,56,-130959.690206,2.068232e-02,5,5,5.5,f,+0.5,+1,3,3,3.5,f,+0.5,+1
sigma+,sigma+,135,57,-130959.666636,1.740945e-02,5,5,5.5,f,+1.5,+1,3,3,3.5,f,+1.5,+1
sigma+,sigma+,136,58,-130959.643014,1.163024e-02,5,5,5.5,f,+2.5,+1,3,3,3.5,f,+2.5,+1
sigma+,sigma+,137,59,-130959.619342,4.994540e-03,5,5,5.5,f,+3.5,+1,3,3,3.5,f,+3.5,+1
sigma+,sigma+,108,38,-130957.583619,7.177269e-03,5,5,4.5,f,-2.5,+1,3,3,2.5,f,-2.5,+1
sigma+,sigma+,109,39,-130957.543348,1.535024e-02,5,5,4.5,f,-1.5,+1,3,3,2.5,f,-1.5,+1
sigma+,sigma+,110,40,-130957.503130,2.042810e-02,5,5,4.5,f,-0.5,+1,3,3,2.5,f,-0.5,+1
sigma+,sigma+,111,41,-130957.462967,2.038982e-02,5,5,4.5,f,+0.5,+1,3,3,2.5,f,+0.5,+1
sigma+,sigma+,112,42,-130957.422855,1.526410e-02,5,5,4.5,f,+1.5,+1,3,3,2.5,f,+1.5,+1
sigma+,sigma+,113,43,-130957.382795,7.110253e-03,5,5,4.5,f,+2.5,+1,3,3,2.5,f,+2.5,+1
sigma+,sigma+,131,38,-130954.038651,7.480636e-09,5,5,5.5,f,-2.5,+1,3,3,2.5,f,-2.5,+1
sigma+,sigma+,132,39,-130953.985050,1.868606e-08,5,5,5.5,f,-1.5,+1,3,3,2.5,f,-1.5,+1
sigma+,sigma+,133,40,-130953.931553,2.666864e-08,5,5,5.5,f,-0.5,+1,3,3,2.5,f,-0.5,+1
sigma+,sigma+,134,41,-130953.878158,2.663951e-08,5,5,5.5,f,+0.5,+1,3,3,2.5,f,+0.5,+1
sigma+,sigma+,135,42,-130953.824865,1.862501e-08,5,5,5.5,f,+1.5,+1,3,3,2.5,f,+1.5,+1
sigma+,sigma+,136,43,-130953.771671,7.440081e-09,5,5,5.5,f,+2.5,+1,3,3,2.5,f,+2.5,+1
sigma+,sigma+,97,44,-130915.700874,1.142370e-03,5,5,4.5,e,-3.5,-1,3,3,3.5,e,-3.5,-1
sigma+,sigma+,98,45,-130915.692282,1.014791e-03,5,5,4.5,e,-2.5,-1,3,3,3.5,e,-2.5,-1
sigma+,sigma+,99,46,-130915.683571,4.693465e-04,5,5,4.5,e,-1.5,-1,3,3,3.5,e,-1.5,-1
sigma+,sigma+,100,47,-130915.674743,5.962530e-05,5,5,4.5,e,-0.5,-1,3,3,3.5,e,-0.5,-1
sigma+,sigma+,101,48,-130915.665800,5.287788e-05,5,5,4.5,e,+0.5,-1,3,3,3.5,e,+0.5,-1
sigma+,sigma+,102,49,-130915.656743,4.414410e-04,5,5,4.5,e,+1.5,-1,3,3,3.5,e,+1.5,-1
sigma+,sigma+,103,50,-130915.647575,9.534860e-04,5,5,4.5,e,+2.5,-1,3,3,3.5,e,+2.5,-1
sigma+,sigma+,104,51,-130915.638297,1.063137e-03,5,5,4.5,e,+3.5,-1,3,3,3.5,e,+3.5,-1
sigma+,sigma+,62,8,-130915.050390,2.378480e-10,4,4,3.5,e,-1.5,+1,1,1,1.5,f,-1.5,+1
sigma+,sigma+,63,9,-130914.904825,4.160810e-10,4,4,3.5,e,-0.5,+1,1,1,1.5,f,-0.5,+1
sigma+,sigma+,64,10,-130914.757146,4.045332e-10,4,4,3.5,e,+0.5,+1,1,1,1.5,f,+0.5,+1
sigma+,sigma+,65,11,-130914.607451,2.185823e-10,4,4,3.5,e,+1.5,+1,1,1,1.5,f,+1.5,+1
sigma+,sigma+,118,44,-130912.172874,4.918077e-03,5,5,5.5,e,-3.5,-1,3,3,3.5,e,-3.5,-1
sigma+,sigma+,119,45,-130912.149832,1.150288e-02,5,5,5.5,e,-2.5,-1,3,3,3.5,e,-2.5,-1
sigma+,sigma+,120,46,-130912.126729,1.729489e-02,5,5,5.5,e,-1.5,-1,3,3,3.5,e,-1.5,-1
sigma+,sigma+,121,47,-130912.103567,2.063687e-02,5,5,5.5,e,-0.5,-1,3,3,3.5,e,-0.5,-1
sigma+,sigma+,122,48,-130912.080348,2.068403e-02,5,5,5.5,e,+0.5,-1,3,3,3.5,e,+0.5,-1
sigma+,sigma+,123,49,-130912.057072,1.741373e-02,5,5,5.5,e,+1.5,-1,3,3,3.5,e,+1.5,-1
sigma+,sigma+,124,50,-130912.033740,1.163495e-02,5,5,5.5,e,+2.5,-1,3,3,3.5,e,+2.5,-1
sigma+,sigma+,125,51,-130912.010354,4.997333e-03,5,5,5.5,e,+3.5,-1,3,3,3.5,e,+3.5,-1
sigma+,sigma+,98,32,-130909.974388,7.179180e-03,5,5,4.5,e,-2.5,-1,3,3,2.5,e,-2.5,-1
sigma+,sigma+,99,33,-130909.933809,1.535265e-02,5,5,4.5,e,-1.5,-1,3,3,2.5,e,-1.5,-1
sigma+,sigma+,100,34,-130909.893288,2.042915e-02,5,5,4.5,e,-0.5,-1,3,3,2.5,e,-0.5,-1
sigma+,sigma+,101,35,-130909.852825,2.038876e-02,5,5,4.5,e,+0.5,-1,3,3,2.5,e,+0.5,-1
sigma+,sigma+,102,36,-130909.812420,1.526178e-02,5,5,4.5,e,+1.5,-1,3,3,2.5,e,+1.5,-1
sigma+,sigma+,103,37,-130909.772071,7.108480e-03,5,5,4.5,e,+2.5,-1,3,3,2.5,e,+2.5,-1
sigma+,sigma+,119,32,-130906.431938,1.212540e-08,5,5,5.5,e,-2.5,-1,3,3,2.5,e,-2.5,-1
sigma+,sigma+,120,33,-130906.376967,3.019864e-08,5,5,5.5,e,-1.5,-1,3,3,2.5,e,-1.5,-1
sigma+,sigma+,121,34,-130906.322112,4.297414e-08,5,5,5.5,e,-0.5,-1,3,3,2.5,e,-0.5,-1
sigma+,sigma+,122,35,-130906.267374,4.280488e-08,5,5,5.5,e,+0.5,-1,3,3,2.5,e,+0.5,-1
sigma+,sigma+,123,36,-130906.212749,2.984334e-08,5,5,5.5,e,+1.5,-1,3,3,2.5,e,+1.5,-1
sigma+,sigma+,124,37,-130906.158236,1.188872e-08,5,5,5.5,e,+2.5,-1,3,3,2.5,e,+2.5,-1
sigma+,sigma+,69,26,-101863.631723,1.945792e-03,4,4,3.5,f,-2.5,-1,2,2,2.5,f,-2.5,-1
sigma+,sigma+,70,27,-101863.598774,1.153111e-03,4,4,3.5,f,-1.5,-1,2,2,2.5,f,-1.5,-1
sigma+,sigma+,71,28,-101863.565538,1.517688e-04,4,4,3.5,f,-0.5,-1,2,2,2.5,f,-0.5,-1
sigma+,sigma+,72,29,-101863.532022,1.504187e-04,4,4,3.5,f,+0.5,-1,2,2,2.5,f,+0.5,-1
sigma+,sigma+,73,30,-101863.498232,1.114023e-03,4,4,3.5,f,+1.5,-1,2,2,2.5,f,+1.5,-1
sigma+,sigma+,74,31,-101863.464173,1.835197e-03,4,4,3.5,f,+2.5,-1,2,2,2.5,f,+2.5,-1
sigma+,sigma+,88,26,-101859.242040,6.557163e-03,4,4,4.5,f,-2.5,-1,2,2,2.5,f,-2.5,-1
sigma+,sigma+,89,27,-101859.190407,1.409968e-02,4,4,4.5,f,-1.5,-1,2,2,2.5,f,-1.5,-1
sigma+,sigma+,90,28,-101859.138566,1.886358e-02,4,4,4.5,f,-0.5,-1,2,2,2.5,f,-0.5,-1
sigma+,sigma+,91,29,-101859.086524,1.892679e-02,4,4,4.5,f,+0.5,-1,2,2,2.5,f,+0.5,-1
sigma+,sigma+,92,30,-101859.034284,1.424191e-02,4,4,4.5,f,+1.5,-1,2,2,2.5,f,+1.5,-1
sigma+,sigma+,93,31,-101858.981851,6.667805e-03,4,4,4.5,f,+2.5,-1,2,2,2.5,f,+2.5,-1
sigma+,sigma+,70,16,-101855.362700,1.025736e-02,4,4,3.5,f,-1.5,-1,2,2,1.5,f,-1.5,-1
sigma+,sigma+,71,17,-101855.265956,1.840001e-02,4,4,3.5,f,-0.5,-1,2,2,1.5,f,-0.5,-1
sigma+,sigma+,72,18,-101855.169417,1.833820e-02,4,4,3.5,f,+0.5,-1,2,2,1.5,f,+0.5,-1
sigma+,sigma+,73,19,-101855.073076,1.015432e-02,4,4,3.5,f,+1.5,-1,2,2,1.5,f,+1.5,-1
sigma+,sigma+,89,16,-101850.954332,7.144926e-11,4,4,4.5,f,-1.5,-1,2,2,1.5,f,-1.5,-1
sigma+,sigma+,90,17,-101850.838985,9.299760e-11,4,4,4.5,f,-0.5,-1,2,2,1.5,f,-0.5,-1
sigma+,sigma+,91,18,-101850.723919,5.494241e-11,4,4,4.5,f,+0.5,-1,2,2,1.5,f,+0.5,-1
sigma+,sigma+,92,19,-101850.609129,1.381806e-11,4,4,4.5,f,+1.5,-1,2,2,1.5,f,+1.5,-1
sigma+,sigma+,61,20,-101826.597287,1.949730e-03,4,4,3.5,e,-2.5,+1,2,2,2.5,e,-2.5,+1
sigma+,sigma+,62,21,-101826.566175,1.156165e-03,4,4,3.5,e,-1.5,+1,2,2,2.5,e,-1.5,+1
sigma+,sigma+,63,22,-101826.534752,1.528229e-04,4,4,3.5,e,-0.5,+1,2,2,2.5,e,-0.5,+1
sigma+,sigma+,64,23,-101826.503026,1.493681e-04,4,4,3.5,e,+0.5,+1,2,2,2.5,e,+0.5,+1
sigma+,sigma+,65,24,-101826.471002,1.111026e-03,4,4,3.5,e,+1.5,+1,2,2,2.5,e,+1.5,+1
sigma+,sigma+,66,25,-101826.438687,1.831499e-03,4,4,3.5,e,+2.5,+1,2,2,2.5,e,+2.5,+1
sigma+,sigma+,78,20,-101822.210721,6.553215e-03,4,4,4.5,e,-2.5,+1,2,2,2.5,e,-2.5,+1
sigma+,sigma+,79,21,-101822.159625,1.409467e-02,4,4,4.5,e,-1.5,+1,2,2,2.5,e,-1.5,+1
sigma+,sigma+,80,22,-101822.108309,1.886139e-02,4,4,4.5,e,-0.5,+1,2,2,2.5,e,-0.5,+1
sigma+,sigma+,81,23,-101822.056778,1.892896e-02,4,4,4.5,e,+0.5,+1,2,2,2.5,e,+0.5,+1
sigma+,sigma+,82,24,-101822.005037,1.424673e-02,4,4,4.5,e,+1.5,+1,2,2,2.5,e,+1.5,+1
sigma+,sigma+,83,25,-101821.953093,6.671506e-03,4,4,4.5,e,+2.5,+1,2,2,2.5,e,+2.5,+1
sigma+,sigma+,62,12,-101818.333481,1.025931e-02,4,4,3.5,e,-1.5,+1,2,2,1.5,e,-1.5,+1
sigma+,sigma+,63,13,-101818.236214,1.840115e-02,4,4,3.5,e,-0.5,+1,2,2,1.5,e,-0.5,+1
sigma+,sigma+,64,14,-101818.139164,1.833709e-02,4,4,3.5,e,+0.5,+1,2,2,1.5,e,+0.5,+1
sigma+,sigma+,65,15,-101818.042325,1.015251e-02,4,4,3.5,e,+1.5,+1,2,2,1.5,e,+1.5,+1
sigma+,sigma+,79,12,-101813.926931,4.304130e-10,4,4,4.5,e,-1.5,+1,2,2,1.5,e,-1.5,+1
sigma+,sigma+,80,13,-101813.809771,9.848138e-10,4,4,4.5,e,-0.5,+1,2,2,1.5,e,-0.5,+1
sigma+,sigma+,81,14,-101813.692916,1.111866e-09,4,4,4.5,e,+0.5,+1,2,2,1.5,e,+0.5,+1
sigma+,sigma+,82,15,-101813.576360,6.206531e-10,4,4,4.5,e,+1.5,+1,2,2,1.5,e,+1.5,+1
sigma+,sigma+,113,83,-72811.425142,9.029912e-06,5,5,4.5,f,+2.5,+1,4,4,4.5,e,+2.5,+1
sigma+,sigma+,112,82,-72811.425129,8.167853e-05,5,5,4.5,f,+1.5,+1,4,4,4.5,e,+1.5,+1
sigma+,sigma+,114,84,-72811.425089,3.562364e-05,5,5,4.5,f,+3.5,+1,4,4,4.5,e,+3.5,+1
sigma+,sigma+,111,81,-72811.425048,1.462865e-04,5,5,4.5,f,+0.5,+1,4,4,4.5,e,+0.5,+1
sigma+,sigma+,115,85,-72811.424970,3.186022e-04,5,5,4.5,f,+4.5,+1,4,4,4.5,e,+4.5,+1
sigma+,sigma+,110,80,-72811.424899,1.474140e-04,5,5,4.5,f,-0.5,+1,4,4,4.5,e,-0.5,+1
sigma+,sigma+,109,79,-72811.424681,8.355452e-05,5,5,4.5,f,-1.5,+1,4,4,4.5,e,-1.5,+1
sigma+,sigma+,108,78,-72811.424392,9.337382e-06,5,5,4.5,f,-2.5,+1,4,4,4.5,e,-2.5,+1
sigma+,sigma+,107,77,-72811.424033,3.785099e-05,5,5,4.5,f,-3.5,+1,4,4,4.5,e,-3.5,+1
sigma+,sigma+,106,76,-72811.423602,3.430934e-04,5,5,4.5,f,-4.5,+1,4,4,4.5,e,-4.5,+1
sigma+,sigma+,129,76,-72807.905446,3.293998e-03,5,5,5.5,f,-4.5,+1,4,4,4.5,e,-4.5,+1
sigma+,sigma+,130,77,-72807.892446,3.599323e-03,5,5,5.5,f,-3.5,+1,4,4,4.5,e,-3.5,+1
sigma+,sigma+,131,78,-72807.879425,2.459828e-03,5,5,5.5,f,-2.5,+1,4,4,4.5,e,-2.5,+1
sigma+,sigma+,132,79,-72807.866383,1.041447e-03,5,5,5.5,f,-1.5,+1,4,4,4.5,e,-1.5,+1
sigma+,sigma+,133,80,-72807.853321,1.279924e-04,5,5,5.5,f,-0.5,+1,4,4,4.5,e,-0.5,+1
sigma+,sigma+,134,81,-72807.840240,1.170888e-04,5,5,5.5,f,+0.5,+1,4,4,4.5,e,+0.5,+1
sigma+,sigma+,135,82,-72807.827139,1.016245e-03,5,5,5.5,f,+1.5,+1,4,4,4.5,e,+1.5,+1
sigma+,sigma+,136,83,-72807.814018,2.439049e-03,5,5,5.5,f,+2.5,+1,4,4,4.5,e,+2.5,+1
sigma+,sigma+,137,84,-72807.800879,3.601492e-03,5,5,5.5,f,+3.5,+1,4,4,4.5,e,+3.5,+1
sigma+,sigma+,138,85,-72807.787721,3.318402e-03,5,5,5.5,f,+4.5,+1,4,4,4.5,e,+4.5,+1
sigma+,sigma+,107,60,-72807.057543,3.597397e-03,5,5,4.5,f,-3.5,+1,4,4,3.5,e,-3.5,+1
sigma+,sigma+,108,61,-72807.037827,3.200383e-03,5,5,4.5,f,-2.5,+1,4,4,3.5,e,-2.5,+1
sigma+,sigma+,109,62,-72807.018131,1.471810e-03,5,5,4.5,f,-1.5,+1,4,4,3.5,e,-1.5,+1
sigma+,sigma+,110,63,-72806.998455,1.769502e-04,5,5,4.5,f,-0.5,+1,4,4,3.5,e,-0.5,+1
sigma+,sigma+,111,64,-72806.978800,1.903229e-04,5,5,4.5,f,+0.5,+1,4,4,3.5,e,+0.5,+1
sigma+,sigma+,112,65,-72806.959164,1.502247e-03,5,5,4.5,f,+1.5,+1,4,4,3.5,e,+1.5,+1
sigma+,sigma+,113,66,-72806.939548,3.225137e-03,5,5,4.5,f,+2.5,+1,4,4,3.5,e,+2.5,+1
sigma+,sigma+,114,67,-72806.919951,3.599549e-03,5,5,4.5,f,+3.5,+1,4,4,3.5,e,+3.5,+1
sigma+,sigma+,130,60,-72803.525956,3.789846e-05,5,5,5.5,f,-3.5,+1,4,4,3.5,e,-3.5,+1
sigma+,sigma+,131,61,-72803.492859,8.765819e-05,5,5,5.5,f,-2.5,+1,4,4,3.5,e,-2.5,+1
sigma+,sigma+,132,62,-72803.459833,1.303451e-04,5,5,5.5,f,-1.5,+1,4,4,3.5,e,-1.5,+1
sigma+,sigma+,133,63,-72803.426878,1.538309e-04,5,5,5.5,f,-0.5,+1,4,4,3.5,e,-0.5,+1
sigma+,sigma+,134,64,-72803.393992,1.525064e-04,5,5,5.5,f,+0.5,+1,4,4,3.5,e,+0.5,+1
sigma+,sigma+,135,65,-72803.361174,1.270072e-04,5,5,5.5,f,+1.5,+1,4,4,3.5,e,+1.5,+1
sigma+,sigma+,136,66,-72803.328424,8.394877e-05,5,5,5.5,f,+2.5,+1,4,4,3.5,e,+2.5,+1
sigma+,sigma+,137,67,-72803.295741,3.567229e-05,5,5,5.5,f,+3.5,+1,4,4,3.5,e,+3.5,+1
sigma+,sigma+,39,8,-72764.525173,3.350370e-03,3,3,2.5,f,-1.5,+1,1,1,1.5,f,-1.5,+1
sigma+,sigma+,40,9,-72764.400151,5.318896e-04,3,3,2.5,f,-0.5,+1,1,1,1.5,f,-0.5,+1
sigma+,sigma+,41,10,-72764.272979,5.556396e-04,3,3,2.5,f,+0.5,+1,1,1,1.5,f,+0.5,+1
sigma+,sigma+,42,11,-72764.143761,3.181949e-03,3,3,2.5,f,+1.5,+1,1,1,1.5,f,+1.5,+1
sigma+,sigma+,54,8,-72758.773034,8.076575e-03,3,3,3.5,f,-1.5,+1,1,1,1.5,f,-1.5,+1
sigma+,sigma+,55,9,-72758.617979,1.464043e-02,3,3,3.5,f,-0.5,+1,1,1,1.5,f,-0.5,+1
sigma+,sigma+,56,10,-72758.460932,1.474159e-02,3,3,3.5,f,+0.5,+1,1,1,1.5,f,+0.5,+1
sigma+,sigma+,57,11,-72758.301990,8.245182e-03,3,3,3.5,f,+1.5,+1,1,1,1.5,f,+1.5,+1
sigma+,sigma+,40,2,-72749.471794,1.340041e-02,3,3,2.5,f,-0.5,+1,1,1,0.5,f,-0.5,+1
sigma+,sigma+,41,3,-72749.098048,1.327569e-02,3,3,2.5,f,+0.5,+1,1,1,0.5,f,+0.5,+1
sigma+,sigma+,55,2,-72743.689623,1.434975e-07,3,3,3.5,f,-0.5,+1,1,1,0.5,f,-0.5,+1
sigma+,sigma+,56,3,-72743.286000,1.339260e-07,3,3,3.5,f,+0.5,+1,1,1,0.5,f,+0.5,+1
sigma+,sigma+,33,4,-72738.071107,3.355108e-03,3,3,2.5,e,-1.5,-1,1,1,1.5,e,-1.5,-1
sigma+,sigma+,34,5,-72737.948897,5.336714e-04,3,3,2.5,e,-0.5,-1,1,1,1.5,e,-0.5,-1
sigma+,sigma+,35,6,-72737.824465,5.538022e-04,3,3,2.5,e,+0.5,-1,1,1,1.5,e,+0.5,-1
sigma+,sigma+,36,7,-72737.697915,3.177419e-03,3,3,2.5,e,+1.5,-1,1,1,1.5,e,+1.5,-1
sigma+,sigma+,46,4,-72732.321345,8.071823e-03,3,3,3.5,e,-1.5,-1,1,1,1.5,e,-1.5,-1
sigma+,sigma+,47,5,-72732.167443,1.463765e-02,3,3,3.5,e,-0.5,-1,1,1,1.5,e,-0.5,-1
sigma+,sigma+,48,6,-72732.011491,1.474437e-02,3,3,3.5,e,+0.5,-1,1,1,1.5,e,+0.5,-1
sigma+,sigma+,49,7,-72731.853592,8.249715e-03,3,3,3.5,e,+1.5,-1,1,1,1.5,e,+1.5,-1
sigma+,sigma+,34,0,-72723.022333,1.340143e-02,3,3,2.5,e,-0.5,-1,1,1,0.5,e,-0.5,-1
sigma+,sigma+,35,1,-72722.647492,1.327478e-02,3,3,2.5,e,+0.5,-1,1,1,0.5,e,+0.5,-1
sigma+,sigma+,47,0,-72717.240879,1.181803e-07,3,3,3.5,e,-0.5,-1,1,1,0.5,e,-0.5,-1
sigma+,sigma+,48,1,-72716.834518,1.096584e-07,3,3,3.5,e,+0.5,-1,1,1,0.5,e,+0.5,-1
sigma+,sigma+,105,95,-72679.226262,3.176827e-04,5,5,4.5,e,+4.5,-1,4,4,4.5,f,+4.5,-1
sigma+,sigma+,104,94,-72679.214983,3.491026e-05,5,5,4.5,e,+3.5,-1,4,4,4.5,f,+3.5,-1
sigma+,sigma+,103,93,-72679.203639,9.423328e-06,5,5,4.5,e,+2.5,-1,4,4,4.5,f,+2.5,-1
sigma+,sigma+,102,92,-72679.192230,8.254545e-05,5,5,4.5,e,+1.5,-1,4,4,4.5,f,+1.5,-1
sigma+,sigma+,101,91,-72679.180755,1.467102e-04,5,5,4.5,e,+0.5,-1,4,4,4.5,f,+0.5,-1
sigma+,sigma+,100,90,-72679.169213,1.469838e-04,5,5,4.5,e,-0.5,-1,4,4,4.5,f,-0.5,-1
sigma+,sigma+,99,89,-72679.157603,8.265961e-05,5,5,4.5,e,-1.5,-1,4,4,4.5,f,-1.5,-1
sigma+,sigma+,98,88,-72679.145925,8.929544e-06,5,5,4.5,e,-2.5,-1,4,4,4.5,f,-2.5,-1
sigma+,sigma+,97,87,-72679.134178,3.863669e-05,5,5,4.5,e,-3.5,-1,4,4,4.5,f,-3.5,-1
sigma+,sigma+,96,86,-72679.122360,3.441134e-04,5,5,4.5,e,-4.5,-1,4,4,4.5,f,-4.5,-1
sigma+,sigma+,117,86,-72675.608870,3.292978e-03,5,5,5.5,e,-4.5,-1,4,4,4.5,f,-4.5,-1
sigma+,sigma+,118,87,-72675.606178,3.598537e-03,5,5,5.5,e,-3.5,-1,4,4,4.5,f,-3.5,-1
sigma+,sigma+,119,88,-72675.603475,2.459533e-03,5,5,5.5,e,-2.5,-1,4,4,4.5,f,-2.5,-1
sigma+,sigma+,120,89,-72675.600761,1.041450e-03,5,5,5.5,e,-1.5,-1,4,4,4.5,f,-1.5,-1
sigma+,sigma+,121,90,-72675.598037,1.280313e-04,5,5,5.5,e,-0.5,-1,4,4,4.5,f,-0.5,-1
sigma+,sigma+,122,91,-72675.595303,1.170512e-04,5,5,5.5,e,+0.5,-1,4,4,4.5,f,+0.5,-1
sigma+,sigma+,123,92,-72675.592559,1.016236e-03,5,5,5.5,e,+1.5,-1,4,4,4.5,f,+1.5,-1
sigma+,sigma+,124,93,-72675.589804,2.439314e-03,5,5,5.5,e,+2.5,-1,4,4,4.5,f,+2.5,-1
sigma+,sigma+,125,94,-72675.587040,3.602205e-03,5,5,5.5,e,+3.5,-1,4,4,4.5,f,+3.5,-1
sigma+,sigma+,126,95,-72675.584266,3.319322e-03,5,5,5.5,e,+4.5,-1,4,4,4.5,f,+4.5,-1
sigma+,sigma+,97,68,-72674.763257,3.596611e-03,5,5,4.5,e,-3.5,-1,4,4,3.5,f,-3.5,-1
sigma+,sigma+,98,69,-72674.756241,3.199794e-03,5,5,4.5,e,-2.5,-1,4,4,3.5,f,-2.5,-1
sigma+,sigma+,99,70,-72674.749236,1.471556e-03,5,5,4.5,e,-1.5,-1,4,4,3.5,f,-1.5,-1
sigma+,sigma+,100,71,-72674.742241,1.768936e-04,5,5,4.5,e,-0.5,-1,4,4,3.5,f,-0.5,-1
sigma+,sigma+,101,72,-72674.735257,1.903803e-04,5,5,4.5,e,+0.5,-1,4,4,3.5,f,+0.5,-1
sigma+,sigma+,102,73,-72674.728282,1.502490e-03,5,5,4.5,e,+1.5,-1,4,4,3.5,f,+1.5,-1
sigma+,sigma+,103,74,-72674.721318,3.225685e-03,5,5,4.5,e,+2.5,-1,4,4,3.5,f,+2.5,-1
sigma+,sigma+,104,75,-72674.714364,3.600263e-03,5,5,4.5,e,+3.5,-1,4,4,3.5,f,+3.5,-1
sigma+,sigma+,118,68,-72671.235258,3.868463e-05,5,5,5.5,e,-3.5,-1,4,4,3.5,f,-3.5,-1
sigma+,sigma+,119,69,-72671.213791,8.894988e-05,5,5,5.5,e,-2.5,-1,4,4,3.5,f,-2.5,-1
sigma+,sigma+,120,70,-72671.192394,1.314911e-04,5,5,5.5,e,-1.5,-1,4,4,3.5,f,-1.5,-1
sigma+,sigma+,121,71,-72671.171066,1.542787e-04,5,5,5.5,e,-0.5,-1,4,4,3.5,f,-0.5,-1
sigma+,sigma+,122,72,-72671.149805,1.520629e-04,5,5,5.5,e,+0.5,-1,4,4,3.5,f,+0.5,-1
sigma+,sigma+,123,73,-72671.128611,1.259064e-04,5,5,5.5,e,+1.5,-1,4,4,3.5,f,+1.5,-1
sigma+,sigma+,124,74,-72671.107483,8.274265e-05,5,5,5.5,e,+2.5,-1,4,4,3.5,f,+2.5,-1
sigma+,sigma+,125,75,-72671.086420,3.495848e-05,5,5,5.5,e,+3.5,-1,4,4,3.5,f,+3.5,-1
sigma+,sigma+,68,44,-58240.937617,7.180786e-04,4,4,3.5,f,-3.5,-1,3,3,3.5,e,-3.5,-1
sigma+,sigma+,69,45,-58240.936040,1.445496e-05,4,4,3.5,f,-2.5,-1,3,3,3.5,e,-2.5,-1
sigma+,sigma+,70,46,-58240.934335,1.294967e-04,4,4,3.5,f,-1.5,-1,3,3,3.5,e,-1.5,-1
sigma+,sigma+,71,47,-58240.932501,3.559208e-04,4,4,3.5,f,-0.5,-1,3,3,3.5,e,-0.5,-1
sigma+,sigma+,72,48,-58240.930543,3.523415e-04,4,4,3.5,f,+0.5,-1,3,3,3.5,e,+0.5,-1
sigma+,sigma+,73,49,-58240.928461,1.255481e-04,4,4,3.5,f,+1.5,-1,3,3,3.5,e,+1.5,-1
sigma+,sigma+,74,50,-58240.926257,1.387552e-05,4,4,3.5,f,+2.5,-1,3,3,3.5,e,+2.5,-1
sigma+,sigma+,75,51,-58240.923933,6.715906e-04,4,4,3.5,f,+3.5,-1,3,3,3.5,e,+3.5,-1
sigma+,sigma+,87,44,-58236.566696,5.533295e-03,4,4,4.5,f,-3.5,-1,3,3,3.5,e,-3.5,-1
sigma+,sigma+,88,45,-58236.546356,4.968418e-03,4,4,4.5,f,-2.5,-1,3,3,3.5,e,-2.5,-1
sigma+,sigma+,89,46,-58236.525967,2.320309e-03,4,4,4.5,f,-1.5,-1,3,3,3.5,e,-1.5,-1
sigma+,sigma+,90,47,-58236.505530,2.957833e-04,4,4,4.5,f,-0.5,-1,3,3,3.5,e,-0.5,-1
sigma+,sigma+,91,48,-58236.485045,2.715994e-04,4,4,4.5,f,+0.5,-1,3,3,3.5,e,+0.5,-1
sigma+,sigma+,92,49,-58236.464513,2.273332e-03,4,4,4.5,f,+1.5,-1,3,3,3.5,e,+1.5,-1
sigma+,sigma+,93,50,-58236.443936,4.955030e-03,4,4,4.5,f,+2.5,-1,3,3,3.5,e,+2.5,-1
sigma+,sigma+,94,51,-58236.423314,5.579619e-03,4,4,4.5,f,+3.5,-1,3,3,3.5,e,+3.5,-1
sigma+,sigma+,69,32,-58235.218147,5.892721e-03,4,4,3.5,f,-2.5,-1,3,3,2.5,e,-2.5,-1
sigma+,sigma+,70,33,-58235.184573,3.512070e-03,4,4,3.5,f,-1.5,-1,3,3,2.5,e,-1.5,-1
sigma+,sigma+,71,34,-58235.151047,4.566716e-04,4,4,3.5,f,-0.5,-1,3,3,2.5,e,-0.5,-1
sigma+,sigma+,72,35,-58235.117569,4.879179e-04,4,4,3.5,f,+0.5,-1,3,3,2.5,e,+0.5,-1
sigma+,sigma+,73,36,-58235.084138,3.570755e-03,4,4,3.5,f,+1.5,-1,3,3,2.5,e,+1.5,-1
sigma+,sigma+,74,37,-58235.050753,5.912529e-03,4,4,3.5,f,+2.5,-1,3,3,2.5,e,+2.5,-1
sigma+,sigma+,88,32,-58230.828463,1.354463e-04,4,4,4.5,f,-2.5,-1,3,3,2.5,e,-2.5,-1
sigma+,sigma+,89,33,-58230.776205,2.875780e-04,4,4,4.5,f,-1.5,-1,3,3,2.5,e,-1.5,-1
sigma+,sigma+,90,34,-58230.724075,3.799347e-04,4,4,4.5,f,-0.5,-1,3,3,2.5,e,-0.5,-1
sigma+,sigma+,91,35,-58230.672071,3.764808e-04,4,4,4.5,f,+0.5,-1,3,3,2.5,e,+0.5,-1
sigma+,sigma+,92,36,-58230.620190,2.798058e-04,4,4,4.5,f,+1.5,-1,3,3,2.5,e,+1.5,-1
sigma+,sigma+,93,37,-58230.568432,1.294002e-04,4,4,4.5,f,+2.5,-1,3,3,2.5,e,+2.5,-1
sigma+,sigma+,67,59,-58156.323602,6.700575e-04,4,4,3.5,e,+3.5,+1,3,3,3.5,f,+3.5,+1
sigma+,sigma+,66,58,-58156.314590,1.340826e-05,4,4,3.5,e,+2.5,+1,3,3,3.5,f,+2.5,+1
sigma+,sigma+,65,57,-58156.305462,1.267887e-04,4,4,3.5,e,+1.5,+1,3,3,3.5,f,+1.5,+1
sigma+,sigma+,64,56,-58156.296214,3.531451e-04,4,4,3.5,e,+0.5,+1,3,3,3.5,f,+0.5,+1
sigma+,sigma+,63,55,-58156.286847,3.551019e-04,4,4,3.5,e,-0.5,+1,3,3,3.5,f,-0.5,+1
sigma+,sigma+,62,54,-58156.277357,1.282046e-04,4,4,3.5,e,-1.5,+1,3,3,3.5,f,-1.5,+1
sigma+,sigma+,61,53,-58156.267742,1.496362e-05,4,4,3.5,e,-2.5,+1,3,3,3.5,f,-2.5,+1
sigma+,sigma+,60,52,-58156.258002,7.197571e-04,4,4,3.5,e,-3.5,+1,3,3,3.5,f,-3.5,+1
sigma+,sigma+,77,52,-58151.891512,5.531616e-03,4,4,4.5,e,-3.5,+1,3,3,3.5,f,-3.5,+1
sigma+,sigma+,78,53,-58151.881177,4.967532e-03,4,4,4.5,e,-2.5,+1,3,3,3.5,f,-2.5,+1
sigma+,sigma+,79,54,-58151.870807,2.320240e-03,4,4,4.5,e,-1.5,+1,3,3,3.5,f,-1.5,+1
sigma+,sigma+,80,55,-58151.860403,2.958719e-04,4,4,4.5,e,-0.5,+1,3,3,3.5,f,-0.5,+1
sigma+,sigma+,81,56,-58151.849966,2.715143e-04,4,4,4.5,e,+0.5,+1,3,3,3.5,f,+0.5,+1
sigma+,sigma+,82,57,-58151.839497,2.273388e-03,4,4,4.5,e,+1.5,+1,3,3,3.5,f,+1.5,+1
sigma+,sigma+,83,58,-58151.828996,4.955846e-03,4,4,4.5,e,+2.5,+1,3,3,3.5,f,+2.5,+1
sigma+,sigma+,84,59,-58151.818463,5.581152e-03,4,4,4.5,e,+3.5,+1,3,3,3.5,f,+3.5,+1
sigma+,sigma+,61,38,-58150.545792,5.891521e-03,4,4,3.5,e,-2.5,+1,3,3,2.5,f,-2.5,+1
sigma+,sigma+,62,39,-58150.525217,3.511435e-03,4,4,3.5,e,-1.5,+1,3,3,2.5,f,-1.5,+1
sigma+,sigma+,63,40,-58150.504675,4.565298e-04,4,4,3.5,e,-0.5,+1,3,3,2.5,f,-0.5,+1
sigma+,sigma+,64,41,-58150.484166,4.880625e-04,4,4,3.5,e,+0.5,+1,3,3,2.5,f,+0.5,+1
sigma+,sigma+,65,42,-58150.463691,3.571368e-03,4,4,3.5,e,+1.5,+1,3,3,2.5,f,+1.5,+1
sigma+,sigma+,66,43,-58150.443247,5.913644e-03,4,4,3.5,e,+2.5,+1,3,3,2.5,f,+2.5,+1
sigma+,sigma+,78,38,-58146.159227,1.370229e-04,4,4,4.5,e,-2.5,+1,3,3,2.5,f,-2.5,+1
sigma+,sigma+,79,39,-58146.118667,2.895735e-04,4,4,4.5,e,-1.5,+1,3,3,2.5,f,-1.5,+1
sigma+,sigma+,80,40,-58146.078231,3.808068e-04,4,4,4.5,e,-0.5,+1,3,3,2.5,f,-0.5,+1
sigma+,sigma+,81,41,-58146.037918,3.756177e-04,4,4,4.5,e,+0.5,+1,3,3,2.5,f,+0.5,+1
sigma+,sigma+,82,42,-58145.997726,2.778960e-04,4,4,4.5,e,+1.5,+1,3,3,2.5,f,+1.5,+1
sigma+,sigma+,83,43,-58145.957653,1.279373e-04,4,4,4.5,e,+2.5,+1,3,3,2.5,f,+2.5,+1
sigma+,sigma+,38,20,-43676.051494,1.753868e-03,3,3,2.5,f,-2.5,+1,2,2,2.5,e,-2.5,+1
sigma+,sigma+,39,21,-43676.040958,7.034896e-05,3,3,2.5,f,-1.5,+1,2,2,2.5,e,-1.5,+1
sigma+,sigma+,40,22,-43676.030077,1.096578e-03,3,3,2.5,f,-0.5,+1,2,2,2.5,e,-0.5,+1
sigma+,sigma+,41,23,-43676.018859,1.079003e-03,3,3,2.5,f,+0.5,+1,2,2,2.5,e,+0.5,+1
sigma+,sigma+,42,24,-43676.007311,6.576860e-05,3,3,2.5,f,+1.5,+1,2,2,2.5,e,+1.5,+1
sigma+,sigma+,43,25,-43675.995440,1.648487e-03,3,3,2.5,f,+2.5,+1,2,2,2.5,e,+2.5,+1
sigma+,sigma+,53,20,-43670.329544,1.015357e-02,3,3,3.5,f,-2.5,+1,2,2,2.5,e,-2.5,+1
sigma+,sigma+,54,21,-43670.288818,6.167642e-03,3,3,3.5,f,-1.5,+1,2,2,2.5,e,-1.5,+1
sigma+,sigma+,55,22,-43670.247906,8.532212e-04,3,3,3.5,f,-0.5,+1,2,2,2.5,e,-0.5,+1
sigma+,sigma+,56,23,-43670.206811,7.810678e-04,3,3,3.5,f,+0.5,+1,2,2,2.5,e,+0.5,+1
sigma+,sigma+,57,24,-43670.165540,6.082380e-03,3,3,3.5,f,+1.5,+1,2,2,2.5,e,+1.5,+1
sigma+,sigma+,58,25,-43670.124097,1.025863e-02,3,3,3.5,f,+2.5,+1,2,2,2.5,e,+2.5,+1
sigma+,sigma+,39,12,-43667.808264,9.735533e-03,3,3,2.5,f,-1.5,+1,2,2,1.5,e,-1.5,+1
sigma+,sigma+,40,13,-43667.731539,1.581077e-03,3,3,2.5,f,-0.5,+1,2,2,1.5,e,-0.5,+1
sigma+,sigma+,41,14,-43667.654998,1.682897e-03,3,3,2.5,f,+0.5,+1,2,2,1.5,e,+0.5,+1
sigma+,sigma+,42,15,-43667.578634,9.845205e-03,3,3,2.5,f,+1.5,+1,2,2,1.5,e,+1.5,+1
sigma+,sigma+,54,12,-43662.056124,6.907433e-04,3,3,3.5,f,-1.5,+1,2,2,1.5,e,-1.5,+1
sigma+,sigma+,55,13,-43661.949368,1.231071e-03,3,3,3.5,f,-0.5,+1,2,2,1.5,e,-0.5,+1
sigma+,sigma+,56,14,-43661.842950,1.218985e-03,3,3,3.5,f,+0.5,+1,2,2,1.5,e,+0.5,+1
sigma+,sigma+,57,15,-43661.736863,6.705989e-04,3,3,3.5,f,+1.5,+1,2,2,1.5,e,+1.5,+1
sigma+,sigma+,34,28,-43628.414491,1.094723e-03,3,3,2.5,e,-0.5,-1,2,2,2.5,f,-0.5,-1
sigma+,sigma+,35,29,-43628.414453,1.080807e-03,3,3,2.5,e,+0.5,-1,2,2,2.5,f,+0.5,-1
sigma+,sigma+,33,27,-43628.414201,6.928340e-05,3,3,2.5,e,-1.5,-1,2,2,2.5,f,-1.5,-1
sigma+,sigma+,36,30,-43628.414094,6.676646e-05,3,3,2.5,e,+1.5,-1,2,2,2.5,f,+1.5,-1
sigma+,sigma+,32,26,-43628.413576,1.756883e-03,3,3,2.5,e,-2.5,-1,2,2,2.5,f,-2.5,-1
sigma+,sigma+,37,31,-43628.413420,1.645702e-03,3,3,2.5,e,+2.5,-1,2,2,2.5,f,+2.5,-1
sigma+,sigma+,45,26,-43622.695683,1.015055e-02,3,3,3.5,e,-2.5,-1,2,2,2.5,f,-2.5,-1
sigma+,sigma+,46,27,-43622.664439,6.167069e-03,3,3,3.5,e,-1.5,-1,2,2,2.5,f,-1.5,-1
sigma+,sigma+,47,28,-43622.633037,8.534772e-04,3,3,3.5,e,-0.5,-1,2,2,2.5,f,-0.5,-1
sigma+,sigma+,48,29,-43622.601479,7.808249e-04,3,3,3.5,e,+0.5,-1,2,2,2.5,f,+0.5,-1
sigma+,sigma+,49,30,-43622.569771,6.082909e-03,3,3,3.5,e,+1.5,-1,2,2,2.5,f,+1.5,-1
sigma+,sigma+,50,31,-43622.537916,1.026141e-02,3,3,3.5,e,+2.5,-1,2,2,2.5,f,+2.5,-1
sigma+,sigma+,33,16,-43620.178127,9.733630e-03,3,3,2.5,e,-1.5,-1,2,2,1.5,f,-1.5,-1
sigma+,sigma+,34,17,-43620.114910,1.580596e-03,3,3,2.5,e,-0.5,-1,2,2,1.5,f,-0.5,-1
sigma+,sigma+,35,18,-43620.051848,1.683392e-03,3,3,2.5,e,+0.5,-1,2,2,1.5,f,+0.5,-1
sigma+,sigma+,36,19,-43619.988938,9.847039e-03,3,3,2.5,e,+1.5,-1,2,2,1.5,f,+1.5,-1
sigma+,sigma+,46,16,-43614.428365,6.942826e-04,3,3,3.5,e,-1.5,-1,2,2,1.5,f,-1.5,-1
sigma+,sigma+,47,17,-43614.333455,1.233151e-03,3,3,3.5,e,-0.5,-1,2,2,1.5,f,-0.5,-1
sigma+,sigma+,48,18,-43614.238874,1.216929e-03,3,3,3.5,e,+0.5,-1,2,2,1.5,f,+0.5,-1
sigma+,sigma+,49,19,-43614.144615,6.672404e-04,3,3,3.5,e,+1.5,-1,2,2,1.5,f,+1.5,-1
sigma+,sigma+,16,4,-29117.892980,5.150683e-03,2,2,1.5,f,-1.5,-1,1,1,1.5,e,-1.5,-1
sigma+,sigma+,17,5,-29117.833988,5.086126e-03,2,2,1.5,f,-0.5,-1,1,1,1.5,e,-0.5,-1
sigma+,sigma+,18,6,-29117.772617,4.905219e-03,2,2,1.5,f,+0.5,-1,1,1,1.5,e,+0.5,-1
sigma+,sigma+,19,7,-29117.708977,4.847578e-03,2,2,1.5,f,+1.5,-1,1,1,1.5,e,+1.5,-1
sigma+,sigma+,27,4,-29109.656906,1.985253e-02,2,2,2.5,f,-1.5,-1,1,1,1.5,e,-1.5,-1
sigma+,sigma+,28,5,-29109.534406,3.525633e-03,2,2,2.5,f,-0.5,-1,1,1,1.5,e,-0.5,-1
sigma+,sigma+,29,6,-29109.410012,3.151863e-03,2,2,2.5,f,+0.5,-1,1,1,1.5,e,+0.5,-1
sigma+,sigma+,30,7,-29109.283822,2.015524e-02,2,2,2.5,f,+1.5,-1,1,1,1.5,e,+1.5,-1
sigma+,sigma+,17,0,-29102.907424,9.685484e-03,2,2,1.5,f,-0.5,-1,1,1,0.5,e,-0.5,-1
sigma+,sigma+,18,1,-29102.595644,1.032058e-02,2,2,1.5,f,+0.5,-1,1,1,0.5,e,+0.5,-1
sigma+,sigma+,12,8,-29096.716909,5.156406e-03,2,2,1.5,e,-1.5,+1,1,1,1.5,f,-1.5,+1
sigma+,sigma+,13,9,-29096.668611,5.080660e-03,2,2,1.5,e,-0.5,+1,1,1,1.5,f,-0.5,+1
sigma+,sigma+,14,10,-29096.617982,4.910386e-03,2,2,1.5,e,+0.5,+1,1,1,1.5,f,+0.5,+1
sigma+,sigma+,15,11,-29096.565126,4.842234e-03,2,2,1.5,e,+1.5,+1,1,1,1.5,f,+1.5,+1
sigma+,sigma+,28,0,-29094.607842,6.699933e-03,2,2,2.5,f,-0.5,-1,1,1,0.5,e,-0.5,-1
sigma+,sigma+,29,1,-29094.233038,6.619122e-03,2,2,2.5,f,+0.5,-1,1,1,0.5,e,+0.5,-1
sigma+,sigma+,21,8,-29088.484215,1.984679e-02,2,2,2.5,e,-1.5,+1,1,1,1.5,f,-1.5,+1
sigma+,sigma+,22,9,-29088.370073,3.526740e-03,2,2,2.5,e,-0.5,+1,1,1,1.5,f,-0.5,+1
sigma+,sigma+,23,10,-29088.254120,3.150840e-03,2,2,2.5,e,+0.5,+1,1,1,1.5,f,+0.5,+1
sigma+,sigma+,24,11,-29088.136449,2.016059e-02,2,2,2.5,e,+1.5,+1,1,1,1.5,f,+1.5,+1
sigma+,sigma+,13,2,-29081.740255,9.682555e-03,2,2,1.5,e,-0.5,+1,1,1,0.5,f,-0.5,+1
sigma+,sigma+,14,3,-29081.443050,1.032362e-02,2,2,1.5,e,+0.5,+1,1,1,0.5,f,+0.5,+1
sigma+,sigma+,22,2,-29073.441717,6.707219e-03,2,2,2.5,e,-0.5,+1,1,1,0.5,f,-0.5,+1
sigma+,sigma+,23,3,-29073.079189,6.611953e-03,2,2,2.5,e,+0.5,+1,1,1,0.5,f,+0.5,+1
sigma+,sigma+,1,6,-15.176973,3.273143e-03,1,1,0.5,e,+0.5,-1,1,1,1.5,e,+0.5,-1
sigma+,sigma+,3,10,-15.174932,3.274021e-03,1,1,0.5,f,+0.5,+1,1,1,1.5,f,+0.5,+1
sigma+,sigma+,2,9,-14.928356,3.383511e-03,1,1,0.5,f,-0.5,+1,1,1,1.5,f,-0.5,+1
sigma+,sigma+,0,5,-14.926564,3.384324e-03,1,1,0.5,e,-0.5,-1,1,1,1.5,e,-0.5,-1
sigma+,sigma+,15,24,-8.428677,1.194476e-03,2,2,1.5,e,+1.5,+1,2,2,2.5,e,+1.5,+1
sigma+,sigma+,19,30,-8.425155,1.195480e-03,2,2,1.5,f,+1.5,-1,2,2,2.5,f,+1.5,-1
sigma+,sigma+,14,23,-8.363862,2.021625e-04,2,2,1.5,e,+0.5,+1,2,2,2.5,e,+0.5,+1
sigma+,sigma+,18,29,-8.362605,2.022245e-04,2,2,1.5,f,+0.5,-1,2,2,2.5,f,+0.5,-1
sigma+,sigma+,17,28,-8.299582,2.053314e-04,2,2,1.5,f,-0.5,-1,2,2,2.5,f,-0.5,-1
sigma+,sigma+,13,22,-8.298538,2.053830e-04,2,2,1.5,e,-0.5,+1,2,2,2.5,e,-0.5,+1
sigma+,sigma+,16,27,-8.236074,1.250975e-03,2,2,1.5,f,-1.5,-1,2,2,2.5,f,-1.5,-1
sigma+,sigma+,12,21,-8.232694,1.252000e-03,2,2,1.5,e,-1.5,+1,2,2,2.5,e,-1.5,+1
sigma+,sigma+,37,50,-5.875504,1.240647e-03,3,3,2.5,e,+2.5,-1,3,3,3.5,e,+2.5,-1
sigma+,sigma+,43,58,-5.871343,1.242412e-03,3,3,2.5,f,+2.5,+1,3,3,3.5,f,+2.5,+1
sigma+,sigma+,36,49,-5.844323,7.523555e-04,3,3,2.5,e,+1.5,-1,3,3,3.5,e,+1.5,-1
sigma+,sigma+,42,57,-5.841771,7.530161e-04,3,3,2.5,f,+1.5,+1,3,3,3.5,f,+1.5,+1
sigma+,sigma+,35,48,-5.812974,1.013985e-04,3,3,2.5,e,+0.5,-1,3,3,3.5,e,+0.5,-1
sigma+,sigma+,41,56,-5.812048,1.014313e-04,3,3,2.5,f,+0.5,+1,3,3,3.5,f,+0.5,+1
sigma+,sigma+,40,55,-5.782172,1.024858e-04,3,3,2.5,f,-0.5,+1,3,3,3.5,f,-0.5,+1
sigma+,sigma+,34,47,-5.781455,1.025112e-04,3,3,2.5,e,-0.5,-1,3,3,3.5,e,-0.5,-1
sigma+,sigma+,39,54,-5.752140,7.766871e-04,3,3,2.5,f,-1.5,+1,3,3,3.5,f,-1.5,+1
sigma+,sigma+,33,46,-5.749762,7.773291e-04,3,3,2.5,e,-1.5,-1,3,3,3.5,e,-1.5,-1
sigma+,sigma+,38,53,-5.721950,1.308179e-03,3,3,2.5,f,-2.5,+1,3,3,3.5,f,-2.5,+1
sigma+,sigma+,32,45,-5.717893,1.310036e-03,3,3,2.5,e,-2.5,-1,3,3,3.5,e,-2.5,-1
sigma+,sigma+,67,84,-4.505138,8.571810e-04,4,4,3.5,e,+3.5,+1,4,4,4.5,e,+3.5,+1
sigma+,sigma+,75,94,-4.500619,8.589076e-04,4,4,3.5,f,+3.5,-1,4,4,4.5,f,+3.5,-1
sigma+,sigma+,66,83,-4.485594,7.720289e-04,4,4,3.5,e,+2.5,+1,4,4,4.5,e,+2.5,+1
sigma+,sigma+,74,93,-4.482321,7.731603e-04,4,4,3.5,f,+2.5,-1,4,4,4.5,f,+2.5,-1
sigma+,sigma+,65,82,-4.465965,3.604895e-04,4,4,3.5,e,+1.5,+1,4,4,4.5,e,+1.5,+1
sigma+,sigma+,73,92,-4.463948,3.608167e-04,4,4,3.5,f,+1.5,-1,4,4,4.5,f,+1.5,-1
sigma+,sigma+,64,81,-4.446248,4.490067e-05,4,4,3.5,e,+0.5,+1,4,4,4.5,e,+0.5,+1
sigma+,sigma+,72,91,-4.445498,4.491602e-05,4,4,3.5,f,+0.5,-1,4,4,4.5,f,+0.5,-1
sigma+,sigma+,71,90,-4.426972,4.529305e-05,4,4,3.5,f,-0.5,-1,4,4,4.5,f,-0.5,-1
sigma+,sigma+,63,80,-4.426444,4.530386e-05,4,4,3.5,e,-0.5,+1,4,4,4.5,e,-0.5,+1
sigma+,sigma+,70,89,-4.408367,3.699788e-04,4,4,3.5,f,-1.5,-1,4,4,4.5,f,-1.5,-1
sigma+,sigma+,62,79,-4.406550,3.702839e-04,4,4,3.5,e,-1.5,+1,4,4,4.5,e,-1.5,+1
sigma+,sigma+,69,88,-4.389684,8.061602e-04,4,4,3.5,f,-2.5,-1,4,4,4.5,f,-2.5,-1
sigma+,sigma+,61,78,-4.386566,8.073068e-04,4,4,3.5,e,-2.5,+1,4,4,4.5,e,-2.5,+1
sigma+,sigma+,68,87,-4.370920,9.106732e-04,4,4,3.5,f,-3.5,-1,4,4,4.5,f,-3.5,-1
sigma+,sigma+,60,77,-4.366490,9.125228e-04,4,4,3.5,e,-3.5,+1,4,4,4.5,e,-3.5,+1
sigma+,sigma+,105,126,-3.641997,5.731667e-04,5,5,4.5,e,+4.5,-1,5,5,5.5,e,+4.5,-1
sigma+,sigma+,115,138,-3.637249,5.746673e-04,5,5,4.5,f,+4.5,+1,5,5,5.5,f,+4.5,+1
sigma+,sigma+,104,125,-3.627943,6.289627e-04,5,5,4.5,e,+3.5,-1,5,5,5.5,e,+3.5,-1
sigma+,sigma+,114,137,-3.624210,6.302624e-04,5,5,4.5,f,+3.5,+1,5,5,5.5,f,+3.5,+1
sigma+,sigma+,103,124,-3.613835,4.312154e-04,5,5,4.5,e,+2.5,-1,5,5,5.5,e,+2.5,-1
sigma+,sigma+,113,136,-3.611124,4.318650e-04,5,5,4.5,f,+2.5,+1,5,5,5.5,f,+2.5,+1
sigma+,sigma+,102,123,-3.599671,1.825395e-04,5,5,4.5,e,+1.5,-1,5,5,5.5,e,+1.5,-1
sigma+,sigma+,112,135,-3.597990,1.827109e-04,5,5,4.5,f,+1.5,+1,5,5,5.5,f,+1.5,+1
sigma+,sigma+,101,122,-3.585452,2.190377e-05,5,5,4.5,e,+0.5,-1,5,5,5.5,e,+0.5,-1
sigma+,sigma+,111,134,-3.584808,2.191173e-05,5,5,4.5,f,+0.5,+1,5,5,5.5,f,+0.5,+1
sigma+,sigma+,110,133,-3.571577,2.207422e-05,5,5,4.5,f,-0.5,+1,5,5,5.5,f,-0.5,+1
sigma+,sigma+,100,121,-3.571176,2.207919e-05,5,5,4.5,e,-0.5,-1,5,5,5.5,e,-0.5,-1
sigma+,sigma+,109,132,-3.558297,1.868116e-04,5,5,4.5,f,-1.5,+1,5,5,5.5,f,-1.5,+1
sigma+,sigma+,99,120,-3.556842,1.869645e-04,5,5,4.5,e,-1.5,-1,5,5,5.5,e,-1.5,-1
sigma+,sigma+,108,131,-3.544968,4.481431e-04,5,5,4.5,f,-2.5,+1,5,5,5.5,f,-2.5,+1
sigma+,sigma+,98,119,-3.542450,4.487804e-04,5,5,4.5,e,-2.5,-1,5,5,5.5,e,-2.5,-1
sigma+,sigma+,107,130,-3.531587,6.637747e-04,5,5,4.5,f,-3.5,+1,5,5,5.5,f,-3.5,+1
sigma+,sigma+,97,118,-3.528000,6.651261e-04,5,5,4.5,e,-3.5,-1,5,5,5.5,e,-3.5,-1
sigma+,sigma+,106,129,-3.518156,6.142550e-04,5,5,4.5,f,-4.5,+1,5,5,5.5,f,-4.5,+1
sigma+,sigma+,96,117,-3.513489,6.158890e-04,5,5,4.5,e,-4.5,-1,5,5,5.5,e,-4.5,-1
sigma+,sigma+,0,0,0.000000,1.885355e-06,1,1,0.5,e,-0.5,-1,1,1,0.5,e,-0.5,-1
sigma+,sigma+,1,1,0.000000,1.793254e-06,1,1,0.5,e,+0.5,-1,1,1,0.5,e,+0.5,-1
sigma+,sigma+,2,2,0.000000,1.827157e-06,1,1,0.5,f,-0.5,+1,1,1,0.5,f,-0.5,+1
sigma+,sigma+,3,3,0.000000,1.739224e-06,1,1,0.5,f,+0.5,+1,1,1,0.5,f,+0.5,+1
sigma+,sigma+,4,4,0.000000,1.670336e-03,1,1,1.5,e,-1.5,-1,1,1,1.5,e,-1.5,-1
sigma+,sigma+,5,5,0.000000,1.559567e-03,1,1,1.5,e,-0.5,-1,1,1,1.5,e,-0.5,-1
sigma+,sigma+,6,6,0.000000,1.781589e-03,1,1,1.5,e,+0.5,-1,1,1,1.5,e,+0.5,-1
sigma+,sigma+,7,7,0.000000,1.669902e-03,1,1,1.5,e,+1.5,-1,1,1,1.5,e,+1.5,-1
sigma+,sigma+,8,8,0.000000,1.670343e-03,1,1,1.5,f,-1.5,+1,1,1,1.5,f,-1.5,+1
sigma+,sigma+,9,9,0.000000,1.561253e-03,1,1,1.5,f,-0.5,+1,1,1,1.5,f,-0.5,+1
sigma+,sigma+,10,10,0.000000,1.779880e-03,1,1,1.5,f,+0.5,+1,1,1,1.5,f,+0.5,+1
sigma+,sigma+,11,11,0.000000,1.669901e-03,1,1,1.5,f,+1.5,+1,1,1,1.5,f,+1.5,+1
sigma+,sigma+,12,12,0.000000,1.624701e-03,2,2,1.5,e,-1.5,+1,2,2,1.5,e,-1.5,+1
sigma+,sigma+,13,13,0.000000,1.692684e-03,2,2,1.5,e,-0.5,+1,2,2,1.5,e,-0.5,+1
sigma+,sigma+,14,14,0.000000,1.647975e-03,2,2,1.5,e,+0.5,+1,2,2,1.5,e,+0.5,+1
sigma+,sigma+,15,15,0.000000,1.714564e-03,2,2,1.5,e,+1.5,+1,2,2,1.5,e,+1.5,+1
sigma+,sigma+,16,16,0.000000,1.626310e-03,2,2,1.5,f,-1.5,-1,2,2,1.5,f,-1.5,-1
sigma+,sigma+,17,17,0.000000,1.691881e-03,2,2,1.5,f,-0.5,-1,2,2,1.5,f,-0.5,-1
sigma+,sigma+,18,18,0.000000,1.648745e-03,2,2,1.5,f,+0.5,-1,2,2,1.5,f,+0.5,-1
sigma+,sigma+,19,19,0.000000,1.713018e-03,2,2,1.5,f,+1.5,-1,2,2,1.5,f,+1.5,-1
sigma+,sigma+,20,20,0.000000,3.399143e-03,2,2,2.5,e,-2.5,+1,2,2,2.5,e,-2.5,+1
sigma+,sigma+,21,21,0.000000,1.232193e-04,2,2,2.5,e,-1.5,+1,2,2,2.5,e,-1.5,+1
sigma+,sigma+,22,22,0.000000,2.149778e-03,2,2,2.5,e,-0.5,+1,2,2,2.5,e,-0.5,+1
sigma+,sigma+,23,23,0.000000,2.201140e-03,2,2,2.5,e,+0.5,+1,2,2,2.5,e,+0.5,+1
sigma+,sigma+,24,24,0.000000,1.488772e-04,2,2,2.5,e,+1.5,+1,2,2,2.5,e,+1.5,+1
sigma+,sigma+,25,25,0.000000,3.399404e-03,2,2,2.5,e,+2.5,+1,2,2,2.5,e,+2.5,+1
sigma+,sigma+,26,26,0.000000,3.399137e-03,2,2,2.5,f,-2.5,-1,2,2,2.5,f,-2.5,-1
sigma+,sigma+,27,27,0.000000,1.236658e-04,2,2,2.5,f,-1.5,-1,2,2,2.5,f,-1.5,-1
sigma+,sigma+,28,28,0.000000,2.150687e-03,2,2,2.5,f,-0.5,-1,2,2,2.5,f,-0.5,-1
sigma+,sigma+,29,29,0.000000,2.200239e-03,2,2,2.5,f,+0.5,-1,2,2,2.5,f,+0.5,-1
sigma+,sigma+,30,30,0.000000,1.484198e-04,2,2,2.5,f,+1.5,-1,2,2,2.5,f,+1.5,-1
sigma+,sigma+,31,31,0.000000,3.399406e-03,2,2,2.5,f,+2.5,-1,2,2,2.5,f,+2.5,-1
sigma+,sigma+,32,32,0.000000,7.571314e-03,3,3,2.5,e,-2.5,-1,3,3,2.5,e,-2.5,-1
sigma+,sigma+,33,33,0.000000,3.233299e-04,3,3,2.5,e,-1.5,-1,3,3,2.5,e,-1.5,-1
sigma+,sigma+,34,34,0.000000,4.926728e-03,3,3,2.5,e,-0.5,-1,3,3,2.5,e,-0.5,-1
sigma+,sigma+,35,35,0.000000,4.873493e-03,3,3,2.5,e,+0.5,-1,3,3,2.5,e,+0.5,-1
sigma+,sigma+,36,36,0.000000,2.900262e-04,3,3,2.5,e,+1.5,-1,3,3,2.5,e,+1.5,-1
sigma+,sigma+,37,37,0.000000,7.738131e-03,3,3,2.5,e,+2.5,-1,3,3,2.5,e,+2.5,-1
sigma+,sigma+,38,38,0.000000,7.575806e-03,3,3,2.5,f,-2.5,+1,3,3,2.5,f,-2.5,+1
sigma+,sigma+,39,39,0.000000,3.224177e-04,3,3,2.5,f,-1.5,+1,3,3,2.5,f,-1.5,+1
sigma+,sigma+,40,40,0.000000,4.925324e-03,3,3,2.5,f,-0.5,+1,3,3,2.5,f,-0.5,+1
sigma+,sigma+,41,41,0.000000,4.874863e-03,3,3,2.5,f,+0.5,+1,3,3,2.5,f,+0.5,+1
sigma+,sigma+,42,42,0.000000,2.908508e-04,3,3,2.5,f,+1.5,+1,3,3,2.5,f,+1.5,+1
sigma+,sigma+,43,43,0.000000,7.733932e-03,3,3,2.5,f,+2.5,+1,3,3,2.5,f,+2.5,+1
sigma+,sigma+,44,44,0.000000,1.041476e-02,3,3,3.5,e,-3.5,-1,3,3,3.5,e,-3.5,-1
sigma+,sigma+,45,45,0.000000,2.269663e-04,3,3,3.5,e,-2.5,-1,3,3,3.5,e,-2.5,-1
sigma+,sigma+,46,46,0.000000,1.870962e-03,3,3,3.5,e,-1.5,-1,3,3,3.5,e,-1.5,-1
sigma+,sigma+,47,47,0.000000,5.285836e-03,3,3,3.5,e,-0.5,-1,3,3,3.5,e,-0.5,-1
sigma+,sigma+,48,48,0.000000,5.341427e-03,3,3,3.5,e,+0.5,-1,3,3,3.5,e,+0.5,-1
sigma+,sigma+,49,49,0.000000,1.954343e-03,3,3,3.5,e,+1.5,-1,3,3,3.5,e,+1.5,-1
sigma+,sigma+,50,50,0.000000,1.991515e-04,3,3,3.5,e,+2.5,-1,3,3,3.5,e,+2.5,-1
sigma+,sigma+,51,51,0.000000,1.041498e-02,3,3,3.5,e,+3.5,-1,3,3,3.5,e,+3.5,-1
sigma+,sigma+,52,52,0.000000,1.041475e-02,3,3,3.5,f,-3.5,+1,3,3,3.5,f,-3.5,+1
sigma+,sigma+,53,53,0.000000,2.261866e-04,3,3,3.5,f,-2.5,+1,3,3,3.5,f,-2.5,+1
sigma+,sigma+,54,54,0.000000,1.873166e-03,3,3,3.5,f,-1.5,+1,3,3,3.5,f,-1.5,+1
sigma+,sigma+,55,55,0.000000,5.287293e-03,3,3,3.5,f,-0.5,+1,3,3,3.5,f,-0.5,+1
sigma+,sigma+,56,56,0.000000,5.339983e-03,3,3,3.5,f,+0.5,+1,3,3,3.5,f,+0.5,+1
sigma+,sigma+,57,57,0.000000,1.952195e-03,3,3,3.5,f,+1.5,+1,3,3,3.5,f,+1.5,+1
sigma+,sigma+,58,58,0.000000,1.998273e-04,3,3,3.5,f,+2.5,+1,3,3,3.5,f,+2.5,+1
sigma+,sigma+,59,59,0.000000,1.041498e-02,3,3,3.5,f,+3.5,+1,3,3,3.5,f,+3.5,+1
sigma+,sigma+,60,60,0.000000,1.329271e-02,4,4,3.5,e,-3.5,+1,4,4,3.5,e,-3.5,+1
sigma+,sigma+,61,61,0.000000,2.575371e-04,4,4,3.5,e,-2.5,+1,4,4,3.5,e,-2.5,+1
sigma+,sigma+,62,62,0.000000,2.494266e-03,4,4,3.5,e,-1.5,+1,4,4,3.5,e,-1.5,+1
sigma+,sigma+,63,63,0.000000,6.849639e-03,4,4,3.5,e,-0.5,+1,4,4,3.5,e,-0.5,+1
sigma+,sigma+,64,64,0.000000,6.805311e-03,4,4,3.5,e,+0.5,+1,4,4,3.5,e,+0.5,+1
sigma+,sigma+,65,65,0.000000,2.422434e-03,4,4,3.5,e,+1.5,+1,4,4,3.5,e,+1.5,+1
sigma+,sigma+,66,66,0.000000,2.885747e-04,4,4,3.5,e,+2.5,+1,4,4,3.5,e,+2.5,+1
sigma+,sigma+,67,67,0.000000,1.346683e-02,4,4,3.5,e,+3.5,+1,4,4,3.5,e,+3.5,+1
sigma+,sigma+,68,68,0.000000,1.329857e-02,4,4,3.5,f,-3.5,-1,4,4,3.5,f,-3.5,-1
sigma+,sigma+,69,69,0.000000,2.585429e-04,4,4,3.5,f,-2.5,-1,4,4,3.5,f,-2.5,-1
sigma+,sigma+,70,70,0.000000,2.491886e-03,4,4,3.5,f,-1.5,-1,4,4,3.5,f,-1.5,-1
sigma+,sigma+,71,71,0.000000,6.848196e-03,4,4,3.5,f,-0.5,-1,4,4,3.5,f,-0.5,-1
sigma+,sigma+,72,72,0.000000,6.806728e-03,4,4,3.5,f,+0.5,-1,4,4,3.5,f,+0.5,-1
sigma+,sigma+,73,73,0.000000,2.424690e-03,4,4,3.5,f,+1.5,-1,4,4,3.5,f,+1.5,-1
sigma+,sigma+,74,74,0.000000,2.875787e-04,4,4,3.5,f,+2.5,-1,4,4,3.5,f,+2.5,-1
sigma+,sigma+,75,75,0.000000,1.346145e-02,4,4,3.5,f,+3.5,-1,4,4,3.5,f,+3.5,-1
sigma+,sigma+,76,76,0.000000,1.592155e-02,4,4,4.5,e,-4.5,+1,4,4,4.5,e,-4.5,+1
sigma+,sigma+,77,77,0.000000,1.801604e-03,4,4,4.5,e,-3.5,+1,4,4,4.5,e,-3.5,+1
sigma+,sigma+,78,78,0.000000,4.223873e-04,4,4,4.5,e,-2.5,+1,4,4,4.5,e,-2.5,+1
sigma+,sigma+,79,79,0.000000,3.934315e-03,4,4,4.5,e,-1.5,+1,4,4,4.5,e,-1.5,+1
sigma+,sigma+,80,80,0.000000,7.053621e-03,4,4,4.5,e,-0.5,+1,4,4,4.5,e,-0.5,+1
sigma+,sigma+,81,81,0.000000,7.098818e-03,4,4,4.5,e,+0.5,+1,4,4,4.5,e,+0.5,+1
sigma+,sigma+,82,82,0.000000,4.025841e-03,4,4,4.5,e,+1.5,+1,4,4,4.5,e,+1.5,+1
sigma+,sigma+,83,83,0.000000,4.619276e-04,4,4,4.5,e,+2.5,+1,4,4,4.5,e,+2.5,+1
sigma+,sigma+,84,84,0.000000,1.738301e-03,4,4,4.5,e,+3.5,+1,4,4,4.5,e,+3.5,+1
sigma+,sigma+,85,85,0.000000,1.592170e-02,4,4,4.5,e,+4.5,+1,4,4,4.5,e,+4.5,+1
sigma+,sigma+,86,86,0.000000,1.592154e-02,4,4,4.5,f,-4.5,-1,4,4,4.5,f,-4.5,-1
sigma+,sigma+,87,87,0.000000,1.799444e-03,4,4,4.5,f,-3.5,-1,4,4,4.5,f,-3.5,-1
sigma+,sigma+,88,88,0.000000,4.236784e-04,4,4,4.5,f,-2.5,-1,4,4,4.5,f,-2.5,-1
sigma+,sigma+,89,89,0.000000,3.937313e-03,4,4,4.5,f,-1.5,-1,4,4,4.5,f,-1.5,-1
sigma+,sigma+,90,90,0.000000,7.055087e-03,4,4,4.5,f,-0.5,-1,4,4,4.5,f,-0.5,-1
sigma+,sigma+,91,91,0.000000,7.097364e-03,4,4,4.5,f,+0.5,-1,4,4,4.5,f,+0.5,-1
sigma+,sigma+,92,92,0.000000,4.022924e-03,4,4,4.5,f,+1.5,-1,4,4,4.5,f,+1.5,-1
sigma+,sigma+,93,93,0.000000,4.606637e-04,4,4,4.5,f,+2.5,-1,4,4,4.5,f,+2.5,-1
sigma+,sigma+,94,94,0.000000,1.740240e-03,4,4,4.5,f,+3.5,-1,4,4,4.5,f,+3.5,-1
sigma+,sigma+,95,95,0.000000,1.592170e-02,4,4,4.5,f,+4.5,-1,4,4,4.5,f,+4.5,-1
sigma+,sigma+,96,96,0.000000,1.776809e-02,5,5,4.5,e,-4.5,-1,5,5,4.5,e,-4.5,-1
sigma+,sigma+,97,97,0.000000,1.944614e-03,5,5,4.5,e,-3.5,-1,5,5,4.5,e,-3.5,-1
sigma+,sigma+,98,98,0.000000,5.146250e-04,5,5,4.5,e,-2.5,-1,5,5,4.5,e,-2.5,-1
sigma+,sigma+,99,99,0.000000,4.501933e-03,5,5,4.5,e,-1.5,-1,5,5,4.5,e,-1.5,-1
sigma+,sigma+,100,100,0.000000,7.952802e-03,5,5,4.5,e,-0.5,-1,5,5,4.5,e,-0.5,-1
sigma+,sigma+,101,101,0.000000,7.916268e-03,5,5,4.5,e,+0.5,-1,5,5,4.5,e,+0.5,-1
sigma+,sigma+,102,102,0.000000,4.425200e-03,5,5,4.5,e,+1.5,-1,5,5,4.5,e,+1.5,-1
sigma+,sigma+,103,103,0.000000,4.780677e-04,5,5,4.5,e,+2.5,-1,5,5,4.5,e,+2.5,-1
sigma+,sigma+,104,104,0.000000,2.021383e-03,5,5,4.5,e,+3.5,-1,5,5,4.5,e,+3.5,-1
sigma+,sigma+,105,105,0.000000,1.793278e-02,5,5,4.5,e,+4.5,-1,5,5,4.5,e,+4.5,-1
sigma+,sigma+,106,106,0.000000,1.777442e-02,5,5,4.5,f,-4.5,+1,5,5,4.5,f,-4.5,+1
sigma+,sigma+,107,107,0.000000,1.947514e-03,5,5,4.5,f,-3.5,+1,5,5,4.5,f,-3.5,+1
sigma+,sigma+,108,108,0.000000,5.132225e-04,5,5,4.5,f,-2.5,+1,5,5,4.5,f,-2.5,+1
sigma+,sigma+,109,109,0.000000,4.499061e-03,5,5,4.5,f,-1.5,+1,5,5,4.5,f,-1.5,+1
sigma+,sigma+,110,110,0.000000,7.951453e-03,5,5,4.5,f,-0.5,+1,5,5,4.5,f,-0.5,+1
sigma+,sigma+,111,111,0.000000,7.917595e-03,5,5,4.5,f,+0.5,+1,5,5,4.5,f,+0.5,+1
sigma+,sigma+,112,112,0.000000,4.427950e-03,5,5,4.5,f,+1.5,+1,5,5,4.5,f,+1.5,+1
sigma+,sigma+,113,113,0.000000,4.793452e-04,5,5,4.5,f,+2.5,+1,5,5,4.5,f,+2.5,+1
sigma+,sigma+,114,114,0.000000,2.018657e-03,5,5,4.5,f,+3.5,+1,5,5,4.5,f,+3.5,+1
sigma+,sigma+,115,115,0.000000,1.792704e-02,5,5,4.5,f,+4.5,+1,5,5,4.5,f,+4.5,+1
sigma+,sigma+,116,116,0.000000,1.996951e-02,5,5,5.5,e,-5.5,-1,5,5,5.5,e,-5.5,-1
sigma+,sigma+,117,117,0.000000,4.166682e-03,5,5,5.5,e,-4.5,-1,5,5,5.5,e,-4.5,-1
sigma+,sigma+,118,118,0.000000,9.057574e-06,5,5,5.5,e,-3.5,-1,5,5,5.5,e,-3.5,-1
sigma+,sigma+,119,119,0.000000,1.871604e-03,5,5,5.5,e,-2.5,-1,5,5,5.5,e,-2.5,-1
sigma+,sigma+,120,120,0.000000,5.508742e-03,5,5,5.5,e,-1.5,-1,5,5,5.5,e,-1.5,-1
sigma+,sigma+,121,121,0.000000,8.068345e-03,5,5,5.5,e,-0.5,-1,5,5,5.5,e,-0.5,-1
sigma+,sigma+,122,122,0.000000,8.105262e-03,5,5,5.5,e,+0.5,-1,5,5,5.5,e,+0.5,-1
sigma+,sigma+,123,123,0.000000,5.594392e-03,5,5,5.5,e,+1.5,-1,5,5,5.5,e,+1.5,-1
sigma+,sigma+,124,124,0.000000,1.943332e-03,5,5,5.5,e,+2.5,-1,5,5,5.5,e,+2.5,-1
sigma+,sigma+,125,125,0.000000,4.610325e-06,5,5,5.5,e,+3.5,-1,5,5,5.5,e,+3.5,-1
sigma+,sigma+,126,126,0.000000,4.087526e-03,5,5,5.5,e,+4.5,-1,5,5,5.5,e,+4.5,-1
sigma+,sigma+,127,127,0.000000,1.996962e-02,5,5,5.5,e,+5.5,-1,5,5,5.5,e,+5.5,-1
sigma+,sigma+,128,128,0.000000,1.996951e-02,5,5,5.5,f,-5.5,+1,5,5,5.5,f,-5.5,+1
sigma+,sigma+,129,129,0.000000,4.163608e-03,5,5,5.5,f,-4.5,+1,5,5,5.5,f,-4.5,+1
sigma+,sigma+,130,130,0.000000,8.860419e-06,5,5,5.5,f,-3.5,+1,5,5,5.5,f,-3.5,+1
sigma+,sigma+,131,131,0.000000,1.874286e-03,5,5,5.5,f,-2.5,+1,5,5,5.5,f,-2.5,+1
sigma+,sigma+,132,132,0.000000,5.511925e-03,5,5,5.5,f,-1.5,+1,5,5,5.5,f,-1.5,+1
sigma+,sigma+,133,133,0.000000,8.069704e-03,5,5,5.5,f,-0.5,+1,5,5,5.5,f,-0.5,+1
sigma+,sigma+,134,134,0.000000,8.103914e-03,5,5,5.5,f,+0.5,+1,5,5,5.5,f,+0.5,+1
sigma+,sigma+,135,135,0.000000,5.591293e-03,5,5,5.5,f,+1.5,+1,5,5,5.5,f,+1.5,+1
sigma+,sigma+,136,136,0.000000,1.940753e-03,5,5,5.5,f,+2.5,+1,5,5,5.5,f,+2.5,+1
sigma+,sigma+,137,137,0.000000,4.741721e-06,5,5,5.5,f,+3.5,+1,5,5,5.5,f,+3.5,+1
sigma+,sigma+,138,138,0.000000,4.090271e-03,5,5,5.5,f,+4.5,+1,5,5,5.5,f,+4.5,+1
sigma+,sigma+,139,139,0.000000,1.996962e-02,5,5,5.5,f,+5.5,+1,5,5,5.5,f,+5.5,+1
sigma+,sigma+,117,96,3.513489,6.158890e-04,5,5,5.5,e,-4.5,-1,5,5,4.5,e,-4.5,-1
sigma+,sigma+,129,106,3.518156,6.142550e-04,5,5,5.5,f,-4.5,+1,5,5,4.5,f,-4.5,+1
sigma+,sigma+,118,97,3.528000,6.651261e-04,5,5,5.5,e,-3.5,-1,5,5,4.5,e,-3.5,-1
sigma+,sigma+,130,107,3.531587,6.637747e-04,5,5,5.5,f,-3.5,+1,5,5,4.5,f,-3.5,+1
sigma+,sigma+,119,98,3.542450,4.487804e-04,5,5,5.5,e,-2.5,-1,5,5,4.5,e,-2.5,-1
sigma+,sigma+,131,108,3.544968,4.481431e-04,5,5,5.5,f,-2.5,+1,5,5,4.5,f,-2.5,+1
sigma+,sigma+,120,99,3.556842,1.869645e-04,5,5,5.5,e,-1.5,-1,5,5,4.5,e,-1.5,-1
sigma+,sigma+,132,109,3.558297,1.868116e-04,5,5,5.5,f,-1.5,+1,5,5,4.5,f,-1.5,+1
sigma+,sigma+,121,100,3.571176,2.207919e-05,5,5,5.5,e,-0.5,-1,5,5,4.5,e,-0.5,-1
sigma+,sigma+,133,110,3.571577,2.207422e-05,5,5,5.5,f,-0.5,+1,5,5,4.5,f,-0.5,+1
sigma+,sigma+,134,111,3.584808,2.191173e-05,5,5,5.5,f,+0.5,+1,5,5,4.5,f,+0.5,+1
sigma+,sigma+,122,101,3.585452,2.190377e-05,5,5,5.5,e,+0.5,-1,5,5,4.5,e,+0.5,-1
sigma+,sigma+,135,112,3.597990,1.827109e-04,5,5,5.5,f,+1.5,+1,5,5,4.5,f,+1.5,+1
sigma+,sigma+,123,102,3.599671,1.825395e-04,5,5,5.5,e,+1.5,-1,5,5,4.5,e,+1.5,-1
sigma+,sigma+,136,113,3.611124,4.318650e-04,5,5,5.5,f,+2.5,+1,5,5,4.5,f,+2.5,+1
sigma+,sigma+,124,103,3.613835,4.312154e-04,5,5,5.5,e,+2.5,-1,5,5,4.5,e,+2.5,-1
sigma+,sigma+,137,114,3.624210,6.302624e-04,5,5,5.5,f,+3.5,+1,5,5,4.5,f,+3.5,+1
sigma+,sigma+,125,104,3.627943,6.289627e-04,5,5,5.5,e,+3.5,-1,5,5,4.5,e,+3.5,-1
sigma+,sigma+,138,115,3.637249,5.746673e-04,5,5,5.5,f,+4.5,+1,5,5,4.5,f,+4.5,+1
sigma+,sigma+,126,105,3.641997,5.731667e-04,5,5,5.5,e,+4.5,-1,5,5,4.5,e,+4.5,-1
sigma+,sigma+,77,60,4.366490,9.125228e-04,4,4,4.5,e,-3.5,+1,4,4,3.5,e,-3.5,+1
sigma+,sigma+,87,68,4.370920,9.106732e-04,4,4,4.5,f,-3.5,-1,4,4,3.5,f,-3.5,-1
sigma+,sigma+,78,61,4.386566,8.073068e-04,4,4,4.5,e,-2.5,+1,4,4,3.5,e,-2.5,+1
sigma+,sigma+,88,69,4.389684,8.061602e-04,4,4,4.5,f,-2.5,-1,4,4,3.5,f,-2.5,-1
sigma+,sigma+,79,62,4.406550,3.702839e-04,4,4,4.5,e,-1.5,+1,4,4,3.5,e,-1.5,+1
sigma+,sigma+,89,70,4.408367,3.699788e-04,4,4,4.5,f,-1.5,-1,4,4,3.5,f,-1.5,-1
sigma+,sigma+,80,63,4.426444,4.530386e-05,4,4,4.5,e,-0.5,+1,4,4,3.5,e,-0.5,+1
sigma+,sigma+,90,71,4.426972,4.529305e-05,4,4,4.5,f,-0.5,-1,4,4,3.5,f,-0.5,-1
sigma+,sigma+,91,72,4.445498,4.491602e-05,4,4,4.5,f,+0.5,-1,4,4,3.5,f,+0.5,-1
sigma+,sigma+,81,64,4.446248,4.490067e-05,4,4,4.5,e,+0.5,+1,4,4,3.5,e,+0.5,+1
sigma+,sigma+,92,73,4.463948,3.608167e-04,4,4,4.5,f,+1.5,-1,4,4,3.5,f,+1.5,-1
sigma+,sigma+,82,65,4.465965,3.604895e-04,4,4,4.5,e,+1.5,+1,4,4,3.5,e,+1.5,+1
sigma+,sigma+,93,74,4.482321,7.731603e-04,4,4,4.5,f,+2.5,-1,4,4,3.5,f,+2.5,-1
sigma+,sigma+,83,66,4.485594,7.720289e-04,4,4,4.5,e,+2.5,+1,4,4,3.5,e,+2.5,+1
sigma+,sigma+,94,75,4.500619,8.589076e-04,4,4,4.5,f,+3.5,-1,4,4,3.5,f,+3.5,-1
sigma+,sigma+,84,67,4.505138,8.571810e-04,4,4,4.5,e,+3.5,+1,4,4,3.5,e,+3.5,+1
sigma+,sigma+,45,32,5.717893,1.310036e-03,3,3,3.5,e,-2.5,-1,3,3,2.5,e,-2.5,-1
sigma+,sigma+,53,38,5.721950,1.308179e-03,3,3,3.5,f,-2.5,+1,3,3,2.5,f,-2.5,+1
sigma+,sigma+,46,33,5.749762,7.773291e-04,3,3,3.5,e,-1.5,-1,3,3,2.5,e,-1.5,-1
sigma+,sigma+,54,39,5.752140,7.766871e-04,3,3,3.5,f,-1.5,+1,3,3,2.5,f,-1.5,+1
sigma+,sigma+,47,34,5.781455,1.025112e-04,3,3,3.5,e,-0.5,-1,3,3,2.5,e,-0.5,-1
sigma+,sigma+,55,40,5.782172,1.024858e-04,3,3,3.5,f,-0.5,+1,3,3,2.5,f,-0.5,+1
sigma+,sigma+,56,41,5.812048,1.014313e-04,3,3,3.5,f,+0.5,+1,3,3,2.5,f,+0.5,+1
sigma+,sigma+,48,35,5.812974,1.013985e-04,3,3,3.5,e,+0.5,-1,3,3,2.5,e,+0.5,-1
sigma+,sigma+,57,42,5.841771,7.530161e-04,3,3,3.5,f,+1.5,+1,3,3,2.5,f,+1.5,+1
sigma+,sigma+,49,36,5.844323,7.523555e-04,3,3,3.5,e,+1.5,-1,3,3,2.5,e,+1.5,-1
sigma+,sigma+,58,43,5.871343,1.242412e-03,3,3,3.5,f,+2.5,+1,3,3,2.5,f,+2.5,+1
sigma+,sigma+,50,37,5.875504,1.240647e-03,3,3,3.5,e,+2.5,-1,3,3,2.5,e,+2.5,-1
sigma+,sigma+,21,12,8.232694,1.252000e-03,2,2,2.5,e,-1.5,+1,2,2,1.5,e,-1.5,+1
sigma+,sigma+,27,16,8.236074,1.250975e-03,2,2,2.5,f,-1.5,-1,2,2,1.5,f,-1.5,-1
sigma+,sigma+,22,13,8.298538,2.053830e-04,2,2,2.5,e,-0.5,+1,2,2,1.5,e,-0.5,+1
sigma+,sigma+,28,17,8.299582,2.053314e-04,2,2,2.5,f,-0.5,-1,2,2,1.5,f,-0.5,-1
sigma+,sigma+,29,18,8.362605,2.022245e-04,2,2,2.5,f,+0.5,-1,2,2,1.5,f,+0.5,-1
sigma+,sigma+,23,14,8.363862,2.021625e-04,2,2,2.5,e,+0.5,+1,2,2,1.5,e,+0.5,+1
sigma+,sigma+,30,19,8.425155,1.195480e-03,2,2,2.5,f,+1.5,-1,2,2,1.5,f,+1.5,-1
sigma+,sigma+,24,15,8.428677,1.194476e-03,2,2,2.5,e,+1.5,+1,2,2,1.5,e,+1.5,+1
sigma+,sigma+,5,0,14.926564,3.384324e-03,1,1,1.5,e,-0.5,-1,1,1,0.5,e,-0.5,-1
sigma+,sigma+,9,2,14.928356,3.383511e-03,1,1,1.5,f,-0.5,+1,1,1,0.5,f,-0.5,+1
sigma+,sigma+,10,3,15.174932,3.274021e-03,1,1,1.5,f,+0.5,+1,1,1,0.5,f,+0.5,+1
sigma+,sigma+,6,1,15.176973,3.273143e-03,1,1,1.5,e,+0.5,-1,1,1,0.5,e,+0.5,-1
sigma+,sigma+,3,23,29073.079189,6.611953e-03,1,1,0.5,f,+0.5,+1,2,2,2.5,e,+0.5,+1
sigma+,sigma+,2,22,29073.441717,6.707219e-03,1,1,0.5,f,-0.5,+1,2,2,2.5,e,-0.5,+1
sigma+,sigma+,3,14,29081.443050,1.032362e-02,1,1,0.5,f,+0.5,+1,2,2,1.5,e,+0.5,+1
sigma+,sigma+,2,13,29081.740255,9.682555e-03,1,1,0.5,f,-0.5,+1,2,2,1.5,e,-0.5,+1
sigma+,sigma+,11,24,29088.136449,2.016059e-02,1,1,1.5,f,+1.5,+1,2,2,2.5,e,+1.5,+1
sigma+,sigma+,10,23,29088.254120,3.150840e-03,1,1,1.5,f,+0.5,+1,2,2,2.5,e,+0.5,+1
sigma+,sigma+,9,22,29088.370073,3.526740e-03,1,1,1.5,f,-0.5,+1,2,2,2.5,e,-0.5,+1
sigma+,sigma+,8,21,29088.484215,1.984679e-02,1,1,1.5,f,-1.5,+1,2,2,2.5,e,-1.5,+1
sigma+,sigma+,1,29,29094.233038,6.619122e-03,1,1,0.5,e,+0.5,-1,2,2,2.5,f,+0.5,-1
sigma+,sigma+,0,28,29094.607842,6.699933e-03,1,1,0.5,e,-0.5,-1,2,2,2.5,f,-0.5,-1
sigma+,sigma+,11,15,29096.565126,4.842234e-03,1,1,1.5,f,+1.5,+1,2,2,1.5,e,+1.5,+1
sigma+,sigma+,10,14,29096.617982,4.910386e-03,1,1,1.5,f,+0.5,+1,2,2,1.5,e,+0.5,+1
sigma+,sigma+,9,13,29096.668611,5.080660e-03,1,1,1.5,f,-0.5,+1,2,2,1.5,e,-0.5,+1
sigma+,sigma+,8,12,29096.716909,5.156406e-03,1,1,1.5,f,-1.5,+1,2,2,1.5,e,-1.5,+1
sigma+,sigma+,1,18,29102.595644,1.032058e-02,1,1,0.5,e,+0.5,-1,2,2,1.5,f,+0.5,-1
sigma+,sigma+,0,17,29102.907424,9.685484e-03,1,1,0.5,e,-0.5,-1,2,2,1.5,f,-0.5,-1
sigma+,sigma+,7,30,29109.283822,2.015524e-02,1,1,1.5,e,+1.5,-1,2,2,2.5,f,+1.5,-1
sigma+,sigma+,6,29,29109.410012,3.151863e-03,1,1,1.5,e,+0.5,-1,2,2,2.5,f,+0.5,-1
sigma+,sigma+,5,28,29109.534406,3.525633e-03,1,1,1.5,e,-0.5,-1,2,2,2.5,f,-0.5,-1
sigma+,sigma+,4,27,29109.656906,1.985253e-02,1,1,1.5,e,-1.5,-1,2,2,2.5,f,-1.5,-1
sigma+,sigma+,7,19,29117.708977,4.847578e-03,1,1,1.5,e,+1.5,-1,2,2,1.5,f,+1.5,-1
sigma+,sigma+,6,18,29117.772617,4.905219e-03,1,1,1.5,e,+0.5,-1,2,2,1.5,f,+0.5,-1
sigma+,sigma+,5,17,29117.833988,5.086126e-03,1,1,1.5,e,-0.5,-1,2,2,1.5,f,-0.5,-1
sigma+,sigma+,4,16,29117.892980,5.150683e-03,1,1,1.5,e,-1.5,-1,2,2,1.5,f,-1.5,-1
sigma+,sigma+,19,49,43614.144615,6.672404e-04,2,2,1.5,f,+1.5,-1,3,3,3.5,e,+1.5,-1
sigma+,sigma+,18,48,43614.238874,1.216929e-03,2,2,1.5,f,+0.5,-1,3,3,3.5,e,+0.5,-1
sigma+,sigma+,17,47,43614.333455,1.233151e-03,2,2,1.5,f,-0.5,-1,3,3,3.5,e,-0.5,-1
sigma+,sigma+,16,46,43614.428365,6.942826e-04,2,2,1.5,f,-1.5,-1,3,3,3.5,e,-1.5,-1
sigma+,sigma+,19,36,43619.988938,9.847039e-03,2,2,1.5,f,+1.5,-1,3,3,2.5,e,+1.5,-1
sigma+,sigma+,18,35,43620.051848,1.683392e-03,2,2,1.5,f,+0.5,-1,3,3,2.5,e,+0.5,-1
sigma+,sigma+,17,34,43620.114910,1.580596e-03,2,2,1.5,f,-0.5,-1,3,3,2.5,e,-0.5,-1
sigma+,sigma+,16,33,43620.178127,9.733630e-03,2,2,1.5,f,-1.5,-1,3,3,2.5,e,-1.5,-1
sigma+,sigma+,31,50,43622.537916,1.026141e-02,2,2,2.5,f,+2.5,-1,3,3,3.5,e,+2.5,-1
sigma+,sigma+,30,49,43622.569771,6.082909e-03,2,2,2.5,f,+1.5,-1,3,3,3.5,e,+1.5,-1
sigma+,sigma+,29,48,43622.601479,7.808249e-04,2,2,2.5,f,+0.5,-1,3,3,3.5,e,+0.5,-1
sigma+,sigma+,28,47,43622.633037,8.534772e-04,2,2,2.5,f,-0.5,-1,3,3,3.5,e,-0.5,-1
sigma+,sigma+,27,46,43622.664439,6.167069e-03,2,2,2.5,f,-1.5,-1,3,3,3.5,e,-1.5,-1
sigma+,sigma+,26,45,43622.695683,1.015055e-02,2,2,2.5,f,-2.5,-1,3,3,3.5,e,-2.5,-1
sigma+,sigma+,31,37,43628.413420,1.645702e-03,2,2,2.5,f,+2.5,-1,3,3,2.5,e,+2.5,-1
sigma+,sigma+,26,32,43628.413576,1.756883e-03,2,2,2.5,f,-2.5,-1,3,3,2.5,e,-2.5,-1
sigma+,sigma+,30,36,43628.414094,6.676646e-05,2,2,2.5,f,+1.5,-1,3,3,2.5,e,+1.5,-1
sigma+,sigma+,27,33,43628.414201,6.928340e-05,2,2,2.5,f,-1.5,-1,3,3,2.5,e,-1.5,-1
sigma+,sigma+,29,35,43628.414453,1.080807e-03,2,2,2.5,f,+0.5,-1,3,3,2.5,e,+0.5,-1
sigma+,sigma+,28,34,43628.414491,1.094723e-03,2,2,2.5,f,-0.5,-1,3,3,2.5,e,-0.5,-1
sigma+,sigma+,15,57,43661.736863,6.705989e-04,2,2,1.5,e,+1.5,+1,3,3,3.5,f,+1.5,+1
sigma+,sigma+,14,56,43661.842950,1.218985e-03,2,2,1.5,e,+0.5,+1,3,3,3.5,f,+0.5,+1
sigma+,sigma+,13,55,43661.949368,1.231071e-03,2,2,1.5,e,-0.5,+1,3,3,3.5,f,-0.5,+1
sigma+,sigma+,12,54,43662.056124,6.907433e-04,2,2,1.5,e,-1.5,+1,3,3,3.5,f,-1.5,+1
sigma+,sigma+,15,42,43667.578634,9.845205e-03,2,2,1.5,e,+1.5,+1,3,3,2.5,f,+1.5,+1
sigma+,sigma+,14,41,43667.654998,1.682897e-03,2,2,1.5,e,+0.5,+1,3,3,2.5,f,+0.5,+1
sigma+,sigma+,13,40,43667.731539,1.581077e-03,2,2,1.5,e,-0.5,+1,3,3,2.5,f,-0.5,+1
sigma+,sigma+,12,39,43667.808264,9.735533e-03,2,2,1.5,e,-1.5,+1,3,3,2.5,f,-1.5,+1
sigma+,sigma+,25,58,43670.124097,1.025863e-02,2,2,2.5,e,+2.5,+1,3,3,3.5,f,+2.5,+1
sigma+,sigma+,24,57,43670.165540,6.082380e-03,2,2,2.5,e,+1.5,+1,3,3,3.5,f,+1.5,+1
sigma+,sigma+,23,56,43670.206811,7.810678e-04,2,2,2.5,e,+0.5,+1,3,3,3.5,f,+0.5,+1
sigma+,sigma+,22,55,43670.247906,8.532212e-04,2,2,2.5,e,-0.5,+1,3,3,3.5,f,-0.5,+1
sigma+,sigma+,21,54,43670.288818,6.167642e-03,2,2,2.5,e,-1.5,+1,3,3,3.5,f,-1.5,+1
sigma+,sigma+,20,53,43670.329544,1.015357e-02,2,2,2.5,e,-2.5,+1,3,3,3.5,f,-2.5,+1
sigma+,sigma+,25,43,43675.995440,1.648487e-03,2,2,2.5,e,+2.5,+1,3,3,2.5,f,+2.5,+1
sigma+,sigma+,24,42,43676.007311,6.576860e-05,2,2,2.5,e,+1.5,+1,3,3,2.5,f,+1.5,+1
sigma+,sigma+,23,41,43676.018859,1.079003e-03,2,2,2.5,e,+0.5,+1,3,3,2.5,f,+0.5,+1
sigma+,sigma+,22,40,43676.030077,1.096578e-03,2,2,2.5,e,-0.5,+1,3,3,2.5,f,-0.5,+1
sigma+,sigma+,21,39,43676.040958,7.034896e-05,2,2,2.5,e,-1.5,+1,3,3,2.5,f,-1.5,+1
sigma+,sigma+,20,38,43676.051494,1.753868e-03,2,2,2.5,e,-2.5,+1,3,3,2.5,f,-2.5,+1
sigma+,sigma+,43,83,58145.957653,1.279373e-04,3,3,2.5,f,+2.5,+1,4,4,4.5,e,+2.5,+1
sigma+,sigma+,42,82,58145.997726,2.778960e-04,3,3,2.5,f,+1.5,+1,4,4,4.5,e,+1.5,+1
sigma+,sigma+,41,81,58146.037918,3.756177e-04,3,3,2.5,f,+0.5,+1,4,4,4.5,e,+0.5,+1
sigma+,sigma+,40,80,58146.078231,3.808068e-04,3,3,2.5,f,-0.5,+1,4,4,4.5,e,-0.5,+1
sigma+,sigma+,39,79,58146.118667,2.895735e-04,3,3,2.5,f,-1.5,+1,4,4,4.5,e,-1.5,+1
sigma+,sigma+,38,78,58146.159227,1.370229e-04,3,3,2.5,f,-2.5,+1,4,4,4.5,e,-2.5,+1
sigma+,sigma+,43,66,58150.443247,5.913644e-03,3,3,2.5,f,+2.5,+1,4,4,3.5,e,+2.5,+1
sigma+,sigma+,42,65,58150.463691,3.571368e-03,3,3,2.5,f,+1.5,+1,4,4,3.5,e,+1.5,+1
sigma+,sigma+,41,64,58150.484166,4.880625e-04,3,3,2.5,f,+0.5,+1,4,4,3.5,e,+0.5,+1
sigma+,sigma+,40,63,58150.504675,4.565298e-04,3,3,2.5,f,-0.5,+1,4,4,3.5,e,-0.5,+1
sigma+,sigma+,39,62,58150.525217,3.511435e-03,3,3,2.5,f,-1.5,+1,4,4,3.5,e,-1.5,+1
sigma+,sigma+,38,61,58150.545792,5.891521e-03,3,3,2.5,f,-2.5,+1,4,4,3.5,e,-2.5,+1
sigma+,sigma+,59,84,58151.818463,5.581152e-03,3,3,3.5,f,+3.5,+1,4,4,4.5,e,+3.5,+1
sigma+,sigma+,58,83,58151.828996,4.955846e-03,3,3,3.5,f,+2.5,+1,4,4,4.5,e,+2.5,+1
sigma+,sigma+,57,82,58151.839497,2.273388e-03,3,3,3.5,f,+1.5,+1,4,4,4.5,e,+1.5,+1
sigma+,sigma+,56,81,58151.849966,2.715143e-04,3,3,3.5,f,+0.5,+1,4,4,4.5,e,+0.5,+1
sigma+,sigma+,55,80,58151.860403,2.958719e-04,3,3,3.5,f,-0.5,+1,4,4,4.5,e,-0.5,+1
sigma+,sigma+,54,79,58151.870807,2.320240e-03,3,3,3.5,f,-1.5,+1,4,4,4.5,e,-1.5,+1
sigma+,sigma+,53,78,58151.881177,4.967532e-03,3,3,3.5,f,-2.5,+1,4,4,4.5,e,-2.5,+1
sigma+,sigma+,52,77,58151.891512,5.531616e-03,3,3,3.5,f,-3.5,+1,4,4,4.5,e,-3.5,+1
sigma+,sigma+,52,60,58156.258002,7.197571e-04,3,3,3.5,f,-3.5,+1,4,4,3.5,e,-3.5,+1
sigma+,sigma+,53,61,58156.267742,1.496362e-05,3,3,3.5,f,-2.5,+1,4,4,3.5,e,-2.5,+1
sigma+,sigma+,54,62,58156.277357,1.282046e-04,3,3,3.5,f,-1.5,+1,4,4,3.5,e,-1.5,+1
sigma+,sigma+,55,63,58156.286847,3.551019e-04,3,3,3.5,f,-0.5,+1,4,4,3.5,e,-0.5,+1
sigma+,sigma+,56,64,58156.296214,3.531451e-04,3,3,3.5,f,+0.5,+1,4,4,3.5,e,+0.5,+1
sigma+,sigma+,57,65,58156.305462,1.267887e-04,3,3,3.5,f,+1.5,+1,4,4,3.5,e,+1.5,+1
sigma+,sigma+,58,66,58156.314590,1.340826e-05,3,3,3.5,f,+2.5,+1,4,4,3.5,e,+2.5,+1
sigma+,sigma+,59,67,58156.323602,6.700575e-04,3,3,3.5,f,+3.5,+1,4,4,3.5,e,+3.5,+1
sigma+,sigma+,37,93,58230.568432,1.294002e-04,3,3,2.5,e,+2.5,-1,4,4,4.5,f,+2.5,-1
sigma+,sigma+,36,92,58230.620190,2.798058e-04,3,3,2.5,e,+1.5,-1,4,4,4.5,f,+1.5,-1
sigma+,sigma+,35,91,58230.672071,3.764808e-04,3,3,2.5,e,+0.5,-1,4,4,4.5,f,+0.5,-1
sigma+,sigma+,34,90,58230.724075,3.799347e-04,3,3,2.5,e,-0.5,-1,4,4,4.5,f,-0.5,-1
sigma+,sigma+,33,89,58230.776205,2.875780e-04,3,3,2.5,e,-1.5,-1,4,4,4.5,f,-1.5,-1
sigma+,sigma+,32,88,58230.828463,1.354463e-04,3,3,2.5,e,-2.5,-1,4,4,4.5,f,-2.5,-1
sigma+,sigma+,37,74,58235.050753,5.912529e-03,3,3,2.5,e,+2.5,-1,4,4,3.5,f,+2.5,-1
sigma+,sigma+,36,73,58235.084138,3.570755e-03,3,3,2.5,e,+1.5,-1,4,4,3.5,f,+1.5,-1
sigma+,sigma+,35,72,58235.117569,4.879179e-04,3,3,2.5,e,+0.5,-1,4,4,3.5,f,+0.5,-1
sigma+,sigma+,34,71,58235.151047,4.566716e-04,3,3,2.5,e,-0.5,-1,4,4,3.5,f,-0.5,-1
sigma+,sigma+,33,70,58235.184573,3.512070e-03,3,3,2.5,e,-1.5,-1,4,4,3.5,f,-1.5,-1
sigma+,sigma+,32,69,58235.218147,5.892721e-03,3,3,2.5,e,-2.5,-1,4,4,3.5,f,-2.5,-1
sigma+,sigma+,51,94,58236.423314,5.579619e-03,3,3,3.5,e,+3.5,-1,4,4,4.5,f,+3.5,-1
sigma+,sigma+,50,93,58236.443936,4.955030e-03,3,3,3.5,e,+2.5,-1,4,4,4.5,f,+2.5,-1
sigma+,sigma+,49,92,58236.464513,2.273332e-03,3,3,3.5,e,+1.5,-1,4,4,4.5,f,+1.5,-1
sigma+,sigma+,48,91,58236.485045,2.715994e-04,3,3,3.5,e,+0.5,-1,4,4,4.5,f,+0.5,-1
sigma+,sigma+,47,90,58236.505530,2.957833e-04,3,3,3.5,e,-0.5,-1,4,4,4.5,f,-0.5,-1
sigma+,sigma+,46,89,58236.525967,2.320309e-03,3,3,3.5,e,-1.5,-1,4,4,4.5,f,-1.5,-1
sigma+,sigma+,45,88,58236.546356,4.968418e-03,3,3,3.5,e,-2.5,-1,4,4,4.5,f,-2.5,-1
sigma+,sigma+,44,87,58236.566696,5.533295e-03,3,3,3.5,e,-3.5,-1,4,4,4.5,f,-3.5,-1
sigma+,sigma+,51,75,58240.923933,6.715906e-04,3,3,3.5,e,+3.5,-1,4,4,3.5,f,+3.5,-1
sigma+,sigma+,50,74,58240.926257,1.387552e-05,3,3,3.5,e,+2.5,-1,4,4,3.5,f,+2.5,-1
sigma+,sigma+,49,73,58240.928461,1.255481e-04,3,3,3.5,e,+1.5,-1,4,4,3.5,f,+1.5,-1
sigma+,sigma+,48,72,58240.930543,3.523415e-04,3,3,3.5,e,+0.5,-1,4,4,3.5,f,+0.5,-1
sigma+,sigma+,47,71,58240.932501,3.559208e-04,3,3,3.5,e,-0.5,-1,4,4,3.5,f,-0.5,-1
sigma+,sigma+,46,70,58240.934335,1.294967e-04,3,3,3.5,e,-1.5,-1,4,4,3.5,f,-1.5,-1
sigma+,sigma+,45,69,58240.936040,1.445496e-05,3,3,3.5,e,-2.5,-1,4,4,3.5,f,-2.5,-1
sigma+,sigma+,44,68,58240.937617,7.180786e-04,3,3,3.5,e,-3.5,-1,4,4,3.5,f,-3.5,-1
sigma+,sigma+,75,125,72671.086420,3.495848e-05,4,4,3.5,f,+3.5,-1,5,5,5.5,e,+3.5,-1
sigma+,sigma+,74,124,72671.107483,8.274265e-05,4,4,3.5,f,+2.5,-1,5,5,5.5,e,+2.5,-1
sigma+,sigma+,73,123,72671.128611,1.259064e-04,4,4,3.5,f,+1.5,-1,5,5,5.5,e,+1.5,-1
sigma+,sigma+,72,122,72671.149805,1.520629e-04,4,4,3.5,f,+0.5,-1,5,5,5.5,e,+0.5,-1
sigma+,sigma+,71,121,72671.171066,1.542787e-04,4,4,3.5,f,-0.5,-1,5,5,5.5,e,-0.5,-1
sigma+,sigma+,70,120,72671.192394,1.314911e-04,4,4,3.5,f,-1.5,-1,5,5,5.5,e,-1.5,-1
sigma+,sigma+,69,119,72671.213791,8.894988e-05,4,4,3.5,f,-2.5,-1,5,5,5.5,e,-2.5,-1
sigma+,sigma+,68,118,72671.235258,3.868463e-05,4,4,3.5,f,-3.5,-1,5,5,5.5,e,-3.5,-1
sigma+,sigma+,75,104,72674.714364,3.600263e-03,4,4,3.5,f,+3.5,-1,5,5,4.5,e,+3.5,-1
sigma+,sigma+,74,103,72674.721318,3.225685e-03,4,4,3.5,f,+2.5,-1,5,5,4.5,e,+2.5,-1
sigma+,sigma+,73,102,72674.728282,1.502490e-03,4,4,3.5,f,+1.5,-1,5,5,4.5,e,+1.5,-1
sigma+,sigma+,72,101,72674.735257,1.903803e-04,4,4,3.5,f,+0.5,-1,5,5,4.5,e,+0.5,-1
sigma+,sigma+,71,100,72674.742241,1.768936e-04,4,4,3.5,f,-0.5,-1,5,5,4.5,e,-0.5,-1
sigma+,sigma+,70,99,72674.749236,1.471556e-03,4,4,3.5,f,-1.5,-1,5,5,4.5,e,-1.5,-1
sigma+,sigma+,69,98,72674.756241,3.199794e-03,4,4,3.5,f,-2.5,-1,5,5,4.5,e,-2.5,-1
sigma+,sigma+,68,97,72674.763257,3.596611e-03,4,4,3.5,f,-3.5,-1,5,5,4.5,e,-3.5,-1
sigma+,sigma+,95,126,72675.584266,3.319322e-03,4,4,4.5,f,+4.5,-1,5,5,5.5,e,+4.5,-1
sigma+,sigma+,94,125,72675.587040,3.602205e-03,4,4,4.5,f,+3.5,-1,5,5,5.5,e,+3.5,-1
sigma+,sigma+,93,124,72675.589804,2.439314e-03,4,4,4.5,f,+2.5,-1,5,5,5.5,e,+2.5,-1
sigma+,sigma+,92,123,72675.592559,1.016236e-03,4,4,4.5,f,+1.5,-1,5,5,5.5,e,+1.5,-1
sigma+,sigma+,91,122,72675.595303,1.170512e-04,4,4,4.5,f,+0.5,-1,5,5,5.5,e,+0.5,-1
sigma+,sigma+,90,121,72675.598037,1.280313e-04,4,4,4.5,f,-0.5,-1,5,5,5.5,e,-0.5,-1
sigma+,sigma+,89,120,72675.600761,1.041450e-03,4,4,4.5,f,-1.5,-1,5,5,5.5,e,-1.5,-1
sigma+,sigma+,88,119,72675.603475,2.459533e-03,4,4,4.5,f,-2.5,-1,5,5,5.5,e,-2.5,-1
sigma+,sigma+,87,118,72675.606178,3.598537e-03,4,4,4.5,f,-3.5,-1,5,5,5.5,e,-3.5,-1
sigma+,sigma+,86,117,72675.608870,3.292978e-03,4,4,4.5,f,-4.5,-1,5,5,5.5,e,-4.5,-1
sigma+,sigma+,86,96,72679.122360,3.441134e-04,4,4,4.5,f,-4.5,-1,5,5,4.5,e,-4.5,-1
sigma+,sigma+,87,97,72679.134178,3.863669e-05,4,4,4.5,f,-3.5,-1,5,5,4.5,e,-3.5,-1
sigma+,sigma+,88,98,72679.145925,8.929544e-06,4,4,4.5,f,-2.5,-1,5,5,4.5,e,-2.5,-1
sigma+,sigma+,89,99,72679.157603,8.265961e-05,4,4,4.5,f,-1.5,-1,5,5,4.5,e,-1.5,-1
sigma+,sigma+,90,100,72679.169213,1.469838e-04,4,4,4.5,f,-0.5,-1,5,5,4.5,e,-0.5,-1
sigma+,sigma+,91,101,72679.180755,1.467102e-04,4,4,4.5,f,+0.5,-1,5,5,4.5,e,+0.5,-1
sigma+,sigma+,92,102,72679.192230,8.254545e-05,4,4,4.5,f,+1.5,-1,5,5,4.5,e,+1.5,-1
sigma+,sigma+,93,103,72679.203639,9.423328e-06,4,4,4.5,f,+2.5,-1,5,5,4.5,e,+2.5,-1
sigma+,sigma+,94,104,72679.214983,3.491026e-05,4,4,4.5,f,+3.5,-1,5,5,4.5,e,+3.5,-1
sigma+,sigma+,95,105,72679.226262,3.176827e-04,4,4,4.5,f,+4.5,-1,5,5,4.5,e,+4.5,-1
sigma+,sigma+,1,48,72716.834518,1.096584e-07,1,1,0.5,e,+0.5,-1,3,3,3.5,e,+0.5,-1
sigma+,sigma+,0,47,72717.240879,1.181803e-07,1,1,0.5,e,-0.5,-1,3,3,3.5,e,-0.5,-1
sigma+,sigma+,1,35,72722.647492,1.327478e-02,1,1,0.5,e,+0.5,-1,3,3,2.5,e,+0.5,-1
sigma+,sigma+,0,34,72723.022333,1.340143e-02,1,1,0.5,e,-0.5,-1,3,3,2.5,e,-0.5,-1
sigma+,sigma+,7,49,72731.853592,8.249715e-03,1,1,1.5,e,+1.5,-1,3,3,3.5,e,+1.5,-1
sigma+,sigma+,6,48,72732.011491,1.474437e-02,1,1,1.5,e,+0.5,-1,3,3,3.5,e,+0.5,-1
sigma+,sigma+,5,47,72732.167443,1.463765e-02,1,1,1.5,e,-0.5,-1,3,3,3.5,e,-0.5,-1
sigma+,sigma+,4,46,72732.321345,8.071823e-03,1,1,1.5,e,-1.5,-1,3,3,3.5,e,-1.5,-1
sigma+,sigma+,7,36,72737.697915,3.177419e-03,1,1,1.5,e,+1.5,-1,3,3,2.5,e,+1.5,-1
sigma+,sigma+,6,35,72737.824465,5.538022e-04,1,1,1.5,e,+0.5,-1,3,3,2.5,e,+0.5,-1
sigma+,sigma+,5,34,72737.948897,5.336714e-04,1,1,1.5,e,-0.5,-1,3,3,2.5,e,-0.5,-1
sigma+,sigma+,4,33,72738.071107,3.355108e-03,1,1,1.5,e,-1.5,-1,3,3,2.5,e,-1.5,-1
sigma+,sigma+,3,56,72743.286000,1.339260e-07,1,1,0.5,f,+0.5,+1,3,3,3.5,f,+0.5,+1
sigma+,sigma+,2,55,72743.689623,1.434975e-07,1,1,0.5,f,-0.5,+1,3,3,3.5,f,-0.5,+1
sigma+,sigma+,3,41,72749.098048,1.327569e-02,1,1,0.5,f,+0.5,+1,3,3,2.5,f,+0.5,+1
sigma+,sigma+,2,40,72749.471794,1.340041e-02,1,1,0.5,f,-0.5,+1,3,3,2.5,f,-0.5,+1
sigma+,sigma+,11,57,72758.301990,8.245182e-03,1,1,1.5,f,+1.5,+1,3,3,3.5,f,+1.5,+1
sigma+,sigma+,10,56,72758.460932,1.474159e-02,1,1,1.5,f,+0.5,+1,3,3,3.5,f,+0.5,+1
sigma+,sigma+,9,55,72758.617979,1.464043e-02,1,1,1.5,f,-0.5,+1,3,3,3.5,f,-0.5,+1
sigma+,sigma+,8,54,72758.773034,8.076575e-03,1,1,1.5,f,-1.5,+1,3,3,3.5,f,-1.5,+1
sigma+,sigma+,11,42,72764.143761,3.181949e-03,1,1,1.5,f,+1.5,+1,3,3,2.5,f,+1.5,+1
sigma+,sigma+,10,41,72764.272979,5.556396e-04,1,1,1.5,f,+0.5,+1,3,3,2.5,f,+0.5,+1
sigma+,sigma+,9,40,72764.400151,5.318896e-04,1,1,1.5,f,-0.5,+1,3,3,2.5,f,-0.5,+1
sigma+,sigma+,8,39,72764.525173,3.350370e-03,1,1,1.5,f,-1.5,+1,3,3,2.5,f,-1.5,+1
sigma+,sigma+,67,137,72803.295741,3.567229e-05,4,4,3.5,e,+3.5,+1,5,5,5.5,f,+3.5,+1
sigma+,sigma+,66,136,72803.328424,8.394877e-05,4,4,3.5,e,+2.5,+1,5,5,5.5,f,+2.5,+1
sigma+,sigma+,65,135,72803.361174,1.270072e-04,4,4,3.5,e,+1.5,+1,5,5,5.5,f,+1.5,+1
sigma+,sigma+,64,134,72803.393992,1.525064e-04,4,4,3.5,e,+0.5,+1,5,5,5.5,f,+0.5,+1
sigma+,sigma+,63,133,72803.426878,1.538309e-04,4,4,3.5,e,-0.5,+1,5,5,5.5,f,-0.5,+1
sigma+,sigma+,62,132,72803.459833,1.303451e-04,4,4,3.5,e,-1.5,+1,5,5,5.5,f,-1.5,+1
sigma+,sigma+,61,131,72803.492859,8.765819e-05,4,4,3.5,e,-2.5,+1,5,5,5.5,f,-2.5,+1
sigma+,sigma+,60,130,72803.525956,3.789846e-05,4,4,3.5,e,-3.5,+1,5,5,5.5,f,-3.5,+1
sigma+,sigma+,67,114,72806.919951,3.599549e-03,4,4,3.5,e,+3.5,+1,5,5,4.5,f,+3.5,+1
sigma+,sigma+,66,113,72806.939548,3.225137e-03,4,4,3.5,e,+2.5,+1,5,5,4.5,f,+2.5,+1
sigma+,sigma+,65,112,72806.959164,1.502247e-03,4,4,3.5,e,+1.5,+1,5,5,4.5,f,+1.5,+1
sigma+,sigma+,64,111,72806.978800,1.903229e-04,4,4,3.5,e,+0.5,+1,5,5,4.5,f,+0.5,+1
sigma+,sigma+,63,110,72806.998455,1.769502e-04,4,4,3.5,e,-0.5,+1,5,5,4.5,f,-0.5,+1
sigma+,sigma+,62,109,72807.018131,1.471810e-03,4,4,3.5,e,-1.5,+1,5,5,4.5,f,-1.5,+1
sigma+,sigma+,61,108,72807.037827,3.200383e-03,4,4,3.5,e,-2.5,+1,5,5,4.5,f,-2.5,+1
sigma+,sigma+,60,107,72807.057543,3.597397e-03,4,4,3.5,e,-3.5,+1,5,5,4.5,f,-3.5,+1
sigma+,sigma+,85,138,72807.787721,3.318402e-03,4,4,4.5,e,+4.5,+1,5,5,5.5,f,+4.5,+1
sigma+,sigma+,84,137,72807.800879,3.601492e-03,4,4,4.5,e,+3.5,+1,5,5,5.5,f,+3.5,+1
sigma+,sigma+,83,136,72807.814018,2.439049e-03,4,4,4.5,e,+2.5,+1,5,5,5.5,f,+2.5,+1
sigma+,sigma+,82,135,72807.827139,1.016245e-03,4,4,4.5,e,+1.5,+1,5,5,5.5,f,+1.5,+1
sigma+,sigma+,81,134,72807.840240,1.170888e-04,4,4,4.5,e,+0.5,+1,5,5,5.5,f,+0.5,+1
sigma+,sigma+,80,133,72807.853321,1.279924e-04,4,4,4.5,e,-0.5,+1,5,5,5.5,f,-0.5,+1
sigma+,sigma+,79,132,72807.866383,1.041447e-03,4,4,4.5,e,-1.5,+1,5,5,5.5,f,-1.5,+1
sigma+,sigma+,78,131,72807.879425,2.459828e-03,4,4,4.5,e,-2.5,+1,5,5,5.5,f,-2.5,+1
sigma+,sigma+,77,130,72807.892446,3.599323e-03,4,4,4.5,e,-3.5,+1,5,5,5.5,f,-3.5,+1
sigma+,sigma+,76,129,72807.905446,3.293998e-03,4,4,4.5,e,-4.5,+1,5,5,5.5,f,-4.5,+1
sigma+,sigma+,76,106,72811.423602,3.430934e-04,4,4,4.5,e,-4.5,+1,5,5,4.5,f,-4.5,+1
sigma+,sigma+,77,107,72811.424033,3.785099e-05,4,4,4.5,e,-3.5,+1,5,5,4.5,f,-3.5,+1
sigma+,sigma+,78,108,72811.424392,9.337382e-06,4,4,4.5,e,-2.5,+1,5,5,4.5,f,-2.5,+1
sigma+,sigma+,79,109,72811.424681,8.355452e-05,4,4,4.5,e,-1.5,+1,5,5,4.5,f,-1.5,+1
sigma+,sigma+,80,110,72811.424899,1.474140e-04,4,4,4.5,e,-0.5,+1,5,5,4.5,f,-0.5,+1
sigma+,sigma+,85,115,72811.424970,3.186022e-04,4,4,4.5,e,+4.5,+1,5,5,4.5,f,+4.5,+1
sigma+,sigma+,81,111,72811.425048,1.462865e-04,4,4,4.5,e,+0.5,+1,5,5,4.5,f,+0.5,+1
sigma+,sigma+,84,114,72811.425089,3.562364e-05,4,4,4.5,e,+3.5,+1,5,5,4.5,f,+3.5,+1
sigma+,sigma+,82,112,72811.425129,8.167853e-05,4,4,4.5,e,+1.5,+1,5,5,4.5,f,+1.5,+1
sigma+,sigma+,83,113,72811.425142,9.029912e-06,4,4,4.5,e,+2.5,+1,5,5,4.5,f,+2.5,+1
sigma+,sigma+,15,82,101813.576360,6.206531e-10,2,2,1.5,e,+1.5,+1,4,4,4.5,e,+1.5,+1
sigma+,sigma+,14,81,101813.692916,1.111866e-09,2,2,1.5,e,+0.5,+1,4,4,4.5,e,+0.5,+1
sigma+,sigma+,13,80,101813.809771,9.848138e-10,2,2,1.5,e,-0.5,+1,4,4,4.5,e,-0.5,+1
sigma+,sigma+,12,79,101813.926931,4.304130e-10,2,2,1.5,e,-1.5,+1,4,4,4.5,e,-1.5,+1
sigma+,sigma+,15,65,101818.042325,1.015251e-02,2,2,1.5,e,+1.5,+1,4,4,3.5,e,+1.5,+1
sigma+,sigma+,14,64,101818.139164,1.833709e-02,2,2,1.5,e,+0.5,+1,4,4,3.5,e,+0.5,+1
sigma+,sigma+,13,63,101818.236214,1.840115e-02,2,2,1.5,e,-0.5,+1,4,4,3.5,e,-0.5,+1
sigma+,sigma+,12,62,101818.333481,1.025931e-02,2,2,1.5,e,-1.5,+1,4,4,3.5,e,-1.5,+1
sigma+,sigma+,25,83,101821.953093,6.671506e-03,2,2,2.5,e,+2.5,+1,4,4,4.5,e,+2.5,+1
sigma+,sigma+,24,82,101822.005037,1.424673e-02,2,2,2.5,e,+1.5,+1,4,4,4.5,e,+1.5,+1
sigma+,sigma+,23,81,101822.056778,1.892896e-02,2,2,2.5,e,+0.5,+1,4,4,4.5,e,+0.5,+1
sigma+,sigma+,22,80,101822.108309,1.886139e-02,2,2,2.5,e,-0.5,+1,4,4,4.5,e,-0.5,+1
sigma+,sigma+,21,79,101822.159625,1.409467e-02,2,2,2.5,e,-1.5,+1,4,4,4.5,e,-1.5,+1
sigma+,sigma+,20,78,101822.210721,6.553215e-03,2,2,2.5,e,-2.5,+1,4,4,4.5,e,-2.5,+1
sigma+,sigma+,25,66,101826.438687,1.831499e-03,2,2,2.5,e,+2.5,+1,4,4,3.5,e,+2.5,+1
sigma+,sigma+,24,65,101826.471002,1.111026e-03,2,2,2.5,e,+1.5,+1,4,4,3.5,e,+1.5,+1
sigma+,sigma+,23,64,101826.503026,1.493681e-04,2,2,2.5,e,+0.5,+1,4,4,3.5,e,+0.5,+1
sigma+,sigma+,22,63,101826.534752,1.528229e-04,2,2,2.5,e,-0.5,+1,4,4,3.5,e,-0.5,+1
sigma+,sigma+,21,62,101826.566175,1.156165e-03,2,2,2.5,e,-1.5,+1,4,4,3.5,e,-1.5,+1
sigma+,sigma+,20,61,101826.597287,1.949730e-03,2,2,2.5,e,-2.5,+1,4,4,3.5,e,-2.5,+1
sigma+,sigma+,19,92,101850.609129,1.381806e-11,2,2,1.5,f,+1.5,-1,4,4,4.5,f,+1.5,-1
sigma+,sigma+,18,91,101850.723919,5.494241e-11,2,2,1.5,f,+0.5,-1,4,4,4.5,f,+0.5,-1
sigma+,sigma+,17,90,101850.838985,9.299760e-11,2,2,1.5,f,-0.5,-1,4,4,4.5,f,-0.5,-1
sigma+,sigma+,16,89,101850.954332,7.144926e-11,2,2,1.5,f,-1.5,-1,4,4,4.5,f,-1.5,-1
sigma+,sigma+,19,73,101855.073076,1.015432e-02,2,2,1.5,f,+1.5,-1,4,4,3.5,f,+1.5,-1
sigma+,sigma+,18,72,101855.169417,1.833820e-02,2,2,1.5,f,+0.5,-1,4,4,3.5,f,+0.5,-1
sigma+,sigma+,17,71,101855.265956,1.840001e-02,2,2,1.5,f,-0.5,-1,4,4,3.5,f,-0.5,-1
sigma+,sigma+,16,70,101855.362700,1.025736e-02,2,2,1.5,f,-1.5,-1,4,4,3.5,f,-1.5,-1
sigma+,sigma+,31,93,101858.981851,6.667805e-03,2,2,2.5,f,+2.5,-1,4,4,4.5,f,+2.5,-1
sigma+,sigma+,30,92,101859.034284,1.424191e-02,2,2,2.5,f,+1.5,-1,4,4,4.5,f,+1.5,-1
sigma+,sigma+,29,91,101859.086524,1.892679e-02,2,2,2.5,f,+0.5,-1,4,4,4.5,f,+0.5,-1
sigma+,sigma+,28,90,101859.138566,1.886358e-02,2,2,2.5,f,-0.5,-1,4,4,4.5,f,-0.5,-1
sigma+,sigma+,27,89,101859.190407,1.409968e-02,2,2,2.5,f,-1.5,-1,4,4,4.5,f,-1.5,-1
sigma+,sigma+,26,88,101859.242040,6.557163e-03,2,2,2.5,f,-2.5,-1,4,4,4.5,f,-2.5,-1
sigma+,sigma+,31,74,101863.464173,1.835197e-03,2,2,2.5,f,+2.5,-1,4,4,3.5,f,+2.5,-1
sigma+,sigma+,30,73,101863.498232,1.114023e-03,2,2,2.5,f,+1.5,-1,4,4,3.5,f,+1.5,-1
sigma+,sigma+,29,72,101863.532022,1.504187e-04,2,2,2.5,f,+0.5,-1,4,4,3.5,f,+0.5,-1
sigma+,sigma+,28,71,101863.565538,1.517688e-04,2,2,2.5,f,-0.5,-1,4,4,3.5,f,-0.5,-1
sigma+,sigma+,27,70,101863.598774,1.153111e-03,2,2,2.5,f,-1.5,-1,4,4,3.5,f,-1.5,-1
sigma+,sigma+,26,69,101863.631723,1.945792e-03,2,2,2.5,f,-2.5,-1,4,4,3.5,f,-2.5,-1
sigma+,sigma+,37,124,130906.158236,1.188872e-08,3,3,2.5,e,+2.5,-1,5,5,5.5,e,+2.5,-1
sigma+,sigma+,36,123,130906.212749,2.984334e-08,3,3,2.5,e,+1.5,-1,5,5,5.5,e,+1.5,-1
sigma+,sigma+,35,122,130906.267374,4.280488e-08,3,3,2.5,e,+0.5,-1,5,5,5.5,e,+0.5,-1
sigma+,sigma+,34,121,130906.322112,4.297414e-08,3,3,2.5,e,-0.5,-1,5,5,5.5,e,-0.5,-1
sigma+,sigma+,33,120,130906.376967,3.019864e-08,3,3,2.5,e,-1.5,-1,5,5,5.5,e,-1.5,-1
sigma+,sigma+,32,119,130906.431938,1.212540e-08,3,3,2.5,e,-2.5,-1,5,5,5.5,e,-2.5,-1
sigma+,sigma+,37,103,130909.772071,7.108480e-03,3,3,2.5,e,+2.5,-1,5,5,4.5,e,+2.5,-1
sigma+,sigma+,36,102,130909.812420,1.526178e-02,3,3,2.5,e,+1.5,-1,5,5,4.5,e,+1.5,-1
sigma+,sigma+,35,101,130909.852825,2.038876e-02,3,3,2.5,e,+0.5,-1,5,5,4.5,e,+0.5,-1
sigma+,sigma+,34,100,130909.893288,2.042915e-02,3,3,2.5,e,-0.5,-1,5,5,4.5,e,-0.5,-1
sigma+,sigma+,33,99,130909.933809,1.535265e-02,3,3,2.5,e,-1.5,-1,5,5,4.5,e,-1.5,-1
sigma+,sigma+,32,98,130909.974388,7.179180e-03,3,3,2.5,e,-2.5,-1,5,5,4.5,e,-2.5,-1
sigma+,sigma+,51,125,130912.010354,4.997333e-03,3,3,3.5,e,+3.5,-1,5,5,5.5,e,+3.5,-1
sigma+,sigma+,50,124,130912.033740,1.163495e-02,3,3,3.5,e,+2.5,-1,5,5,5.5,e,+2.5,-1
sigma+,sigma+,49,123,130912.057072,1.741373e-02,3,3,3.5,e,+1.5,-1,5,5,5.5,e,+1.5,-1
sigma+,sigma+,48,122,130912.080348,2.068403e-02,3,3,3.5,e,+0.5,-1,5,5,5.5,e,+0.5,-1
sigma+,sigma+,47,121,130912.103567,2.063687e-02,3,3,3.5,e,-0.5,-1,5,5,5.5,e,-0.5,-1
sigma+,sigma+,46,120,130912.126729,1.729489e-02,3,3,3.5,e,-1.5,-1,5,5,5.5,e,-1.5,-1
sigma+,sigma+,45,119,130912.149832,1.150288e-02,3,3,3.5,e,-2.5,-1,5,5,5.5,e,-2.5,-1
sigma+,sigma+,44,118,130912.172874,4.918077e-03,3,3,3.5,e,-3.5,-1,5,5,5.5,e,-3.5,-1
sigma+,sigma+,11,65,130914.607451,2.185823e-10,1,1,1.5,f,+1.5,+1,4,4,3.5,e,+1.5,+1
sigma+,sigma+,10,64,130914.757146,4.045332e-10,1,1,1.5,f,+0.5,+1,4,4,3.5,e,+0.5,+1
sigma+,sigma+,9,63,130914.904825,4.160810e-10,1,1,1.5,f,-0.5,+1,4,4,3.5,e,-0.5,+1
sigma+,sigma+,8,62,130915.050390,2.378480e-10,1,1,1.5,f,-1.5,+1,4,4,3.5,e,-1.5,+1
sigma+,sigma+,51,104,130915.638297,1.063137e-03,3,3,3.5,e,+3.5,-1,5,5,4.5,e,+3.5,-1
sigma+,sigma+,50,103,130915.647575,9.534860e-04,3,3,3.5,e,+2.5,-1,5,5,4.5,e,+2.5,-1
sigma+,sigma+,49,102,130915.656743,4.414410e-04,3,3,3.5,e,+1.5,-1,5,5,4.5,e,+1.5,-1
sigma+,sigma+,48,101,130915.665800,5.287788e-05,3,3,3.5,e,+0.5,-1,5,5,4.5,e,+0.5,-1
sigma+,sigma+,47,100,130915.674743,5.962530e-05,3,3,3.5,e,-0.5,-1,5,5,4.5,e,-0.5,-1
sigma+,sigma+,46,99,130915.683571,4.693465e-04,3,3,3.5,e,-1.5,-1,5,5,4.5,e,-1.5,-1
sigma+,sigma+,45,98,130915.692282,1.014791e-03,3,3,3.5,e,-2.5,-1,5,5,4.5,e,-2.5,-1
sigma+,sigma+,44,97,130915.700874,1.142370e-03,3,3,3.5,e,-3.5,-1,5,5,4.5,e,-3.5,-1
sigma+,sigma+,43,136,130953.771671,7.440081e-09,3,3,2.5,f,+2.5,+1,5,5,5.5,f,+2.5,+1
sigma+,sigma+,42,135,130953.824865,1.862501e-08,3,3,2.5,f,+1.5,+1,5,5,5.5,f,+1.5,+1
sigma+,sigma+,41,134,130953.878158,2.663951e-08,3,3,2.5,f,+0.5,+1,5,5,5.5,f,+0.5,+1
sigma+,sigma+,40,133,130953.931553,2.666864e-08,3,3,2.5,f,-0.5,+1,5,5,5.5,f,-0.5,+1
sigma+,sigma+,39,132,130953.985050,1.868606e-08,3,3,2.5,f,-1.5,+1,5,5,5.5,f,-1.5,+1
sigma+,sigma+,38,131,130954.038651,7.480636e-09,3,3,2.5,f,-2.5,+1,5,5,5.5,f,-2.5,+1
sigma+,sigma+,43,113,130957.382795,7.110253e-03,3,3,2.5,f,+2.5,+1,5,5,4.5,f,+2.5,+1
sigma+,sigma+,42,112,130957.422855,1.526410e-02,3,3,2.5,f,+1.5,+1,5,5,4.5,f,+1.5,+1
sigma+,sigma+,41,111,130957.462967,2.038982e-02,3,3,2.5,f,+0.5,+1,5,5,4.5,f,+0.5,+1
sigma+,sigma+,40,110,130957.503130,2.042810e-02,3,3,2.5,f,-0.5,+1,5,5,4.5,f,-0.5,+1
sigma+,sigma+,39,109,130957.543348,1.535024e-02,3,3,2.5,f,-1.5,+1,5,5,4.5,f,-1.5,+1
sigma+,sigma+,38,108,130957.583619,7.177269e-03,3,3,2.5,f,-2.5,+1,5,5,4.5,f,-2.5,+1
sigma+,sigma+,59,137,130959.619342,4.994540e-03,3,3,3.5,f,+3.5,+1,5,5,5.5,f,+3.5,+1
sigma+,sigma+,58,136,130959.643014,1.163024e-02,3,3,3.5,f,+2.5,+1,5,5,5.5,f,+2.5,+1
sigma+,sigma+,57,135,130959.666636,1.740945e-02,3,3,3.5,f,+1.5,+1,5,5,5.5,f,+1.5,+1
sigma+,sigma+,56,134,130959.690206,2.068232e-02,3,3,3.5,f,+0.5,+1,5,5,5.5,f,+0.5,+1
sigma+,sigma+,55,133,130959.713724,2.063863e-02,3,3,3.5,f,-0.5,+1,5,5,5.5,f,-0.5,+1
sigma+,sigma+,54,132,130959.737190,1.729934e-02,3,3,3.5,f,-1.5,+1,5,5,5.5,f,-1.5,+1
sigma+,sigma+,53,131,130959.760601,1.150787e-02,3,3,3.5,f,-2.5,+1,5,5,5.5,f,-2.5,+1
sigma+,sigma+,52,130,130959.783958,4.921103e-03,3,3,3.5,f,-3.5,+1,5,5,5.5,f,-3.5,+1
sigma+,sigma+,59,114,130963.243553,1.065928e-03,3,3,3.5,f,+3.5,+1,5,5,4.5,f,+3.5,+1
sigma+,sigma+,58,113,130963.254138,9.564121e-04,3,3,3.5,f,+2.5,+1,5,5,4.5,f,+2.5,+1
sigma+,sigma+,57,112,130963.264626,4.433956e-04,3,3,3.5,f,+1.5,+1,5,5,4.5,f,+1.5,+1
sigma+,sigma+,56,111,130963.275014,5.353461e-05,3,3,3.5,f,+0.5,+1,5,5,4.5,f,+0.5,+1
sigma+,sigma+,55,110,130963.285302,5.893314e-05,3,3,3.5,f,-0.5,+1,5,5,4.5,f,-0.5,+1
sigma+,sigma+,54,109,130963.295487,4.673334e-04,3,3,3.5,f,-1.5,+1,5,5,4.5,f,-1.5,+1
sigma+,sigma+,53,108,130963.305569,1.011728e-03,3,3,3.5,f,-2.5,+1,5,5,4.5,f,-2.5,+1
sigma+,sigma+,52,107,130963.315545,1.139349e-03,3,3,3.5,f,-3.5,+1,5,5,4.5,f,-3.5,+1
sigma+,sigma+,7,73,130972.782053,2.185770e-10,1,1,1.5,e,+1.5,-1,4,4,3.5,f,+1.5,-1
sigma+,sigma+,6,72,130972.942034,4.045163e-10,1,1,1.5,e,+0.5,-1,4,4,3.5,f,+0.5,-1
sigma+,sigma+,5,71,130973.099944,4.160635e-10,1,1,1.5,e,-0.5,-1,4,4,3.5,f,-0.5,-1
sigma+,sigma+,4,70,130973.255679,2.378423e-10,1,1,1.5,e,-1.5,-1,4,4,3.5,f,-1.5,-1
sigma+,sigma+,31,103,174538.185491,5.201233e-11,2,2,2.5,f,+2.5,-1,5,5,4.5,e,+2.5,-1
sigma+,sigma+,30,102,174538.226514,1.129873e-10,2,2,2.5,f,+1.5,-1,5,5,4.5,e,+1.5,-1
sigma+,sigma+,29,101,174538.267279,1.527333e-10,2,2,2.5,f,+0.5,-1,5,5,4.5,e,+0.5,-1
sigma+,sigma+,28,100,174538.307779,1.548589e-10,2,2,2.5,f,-0.5,-1,5,5,4.5,e,-0.5,-1
sigma+,sigma+,27,99,174538.348010,1.177710e-10,2,2,2.5,f,-1.5,-1,5,5,4.5,e,-1.5,-1
sigma+,sigma+,26,98,174538.387965,5.573480e-11,2,2,2.5,f,-2.5,-1,5,5,4.5,e,-2.5,-1
sigma+,sigma+,25,113,174633.378235,5.201100e-11,2,2,2.5,e,+2.5,+1,5,5,4.5,f,+2.5,+1
sigma+,sigma+,24,112,174633.430166,1.129818e-10,2,2,2.5,e,+1.5,+1,5,5,4.5,f,+1.5,+1
sigma+,sigma+,23,111,174633.481826,1.527241e-10,2,2,2.5,e,+0.5,+1,5,5,4.5,f,+0.5,+1
sigma+,sigma+,22,110,174633.533208,1.548495e-10,2,2,2.5,e,-0.5,+1,5,5,4.5,f,-0.5,+1
sigma+,sigma+,21,109,174633.584306,1.177652e-10,2,2,2.5,e,-1.5,+1,5,5,4.5,f,-1.5,+1
sigma+,sigma+,20,108,174633.635113,5.573333e-11,2,2,2.5,e,-2.5,+1,5,5,4.5,f,-2.5,+1
sigma+,pi,107,20,-174633.595688,4.407851e-10,5,5,4.5,f,-3.5,+1,2,2,2.5,e,-2.5,+1
sigma+,pi,108,21,-174633.544905,5.432835e-10,5,5,4.5,f,-2.5,+1,2,2,2.5,e,-1.5,+1
sigma+,pi,109,22,-174633.493832,4.592135e-10,5,5,4.5,f,-1.5,+1,2,2,2.5,e,-0.5,+1
sigma+,pi,110,23,-174633.442475,3.019271e-10,5,5,4.5,f,-0.5,+1,2,2,2.5,e,+0.5,+1
sigma+,pi,111,24,-174633.390840,1.488993e-10,5,5,4.5,f,+0.5,+1,2,2,2.5,e,+1.5,+1
sigma+,pi,112,25,-174633.338933,4.406306e-11,5,5,4.5,f,+1.5,+1,2,2,2.5,e,+2.5,+1
sigma+,pi,97,26,-174538.342249,4.407940e-10,5,5,4.5,e,-3.5,-1,2,2,2.5,f,-2.5,-1
sigma+,pi,98,27,-174538.302324,5.433082e-10,5,5,4.5,e,-2.5,-1,2,2,2.5,f,-1.5,-1
sigma+,pi,99,28,-174538.262122,4.592406e-10,5,5,4.5,e,-1.5,-1,2,2,2.5,f,-0.5,-1
sigma+,pi,100,29,-174538.221650,3.019454e-10,5,5,4.5,e,-0.5,-1,2,2,2.5,f,+0.5,-1
sigma+,pi,101,30,-174538.180914,1.489069e-10,5,5,4.5,e,+0.5,-1,2,2,2.5,f,+1.5,-1
sigma+,pi,102,31,-174538.139919,4.406442e-11,5,5,4.5,e,+1.5,-1,2,2,2.5,f,+2.5,-1
sigma+,pi,69,4,-130973.202988,1.407304e-09,4,4,3.5,f,-2.5,-1,1,1,1.5,e,-1.5,-1
sigma+,pi,70,5,-130973.047292,1.367480e-09,4,4,3.5,f,-1.5,-1,1,1,1.5,e,-0.5,-1
sigma+,pi,71,6,-130972.889421,7.975975e-10,4,4,3.5,f,-0.5,-1,1,1,1.5,e,+0.5,-1
sigma+,pi,72,7,-130972.729479,2.585464e-10,4,4,3.5,f,+0.5,-1,1,1,1.5,e,+1.5,-1
sigma+,pi,106,52,-130963.276094,5.146854e-03,5,5,4.5,f,-4.5,+1,3,3,3.5,f,-3.5,+1
sigma+,pi,107,53,-130963.266143,7.387082e-04,5,5,4.5,f,-3.5,+1,3,3,3.5,f,-2.5,+1
sigma+,pi,108,54,-130963.256087,5.579112e-05,5,5,4.5,f,-2.5,+1,3,3,3.5,f,-1.5,+1
sigma+,pi,109,55,-130963.245926,1.044164e-03,5,5,4.5,f,-1.5,+1,3,3,3.5,f,-0.5,+1
sigma+,pi,110,56,-130963.235663,2.251488e-03,5,5,4.5,f,-0.5,+1,3,3,3.5,f,+0.5,+1
sigma+,pi,111,57,-130963.225299,2.803520e-03,5,5,4.5,f,+0.5,+1,3,3,3.5,f,+1.5,+1
sigma+,pi,112,58,-130963.214836,2.381952e-03,5,5,4.5,f,+1.5,+1,3,3,3.5,f,+2.5,+1
sigma+,pi,113,59,-130963.204274,1.203472e-03,5,5,4.5,f,+2.5,+1,3,3,3.5,f,+3.5,+1
sigma+,pi,129,52,-130959.757938,4.939707e-02,5,5,5.5,f,-4.5,+1,3,3,3.5,f,-3.5,+1
sigma+,pi,130,53,-130959.734556,6.930708e-02,5,5,5.5,f,-3.5,+1,3,3,3.5,f,-2.5,+1
sigma+,pi,131,54,-130959.711119,6.945657e-02,5,5,5.5,f,-2.5,+1,3,3,3.5,f,-1.5,+1
sigma+,pi,132,55,-130959.687629,5.800366e-02,5,5,5.5,f,-1.5,+1,3,3,3.5,f,-0.5,+1
sigma+,pi,133,56,-130959.664086,4.151820e-02,5,5,5.5,f,-0.5,+1,3,3,3.5,f,+0.5,+1
sigma+,pi,134,57,-130959.640491,2.496256e-02,5,5,5.5,f,+0.5,+1,3,3,3.5,f,+1.5,+1
sigma+,pi,135,58,-130959.616846,1.167303e-02,5,5,5.5,f,+1.5,+1,3,3,3.5,f,+2.5,+1
sigma+,pi,136,59,-130959.593150,3.341889e-03,5,5,5.5,f,+2.5,+1,3,3,3.5,f,+3.5,+1
sigma+,pi,70,0,-130958.120728,2.387014e-12,4,4,3.5,f,-1.5,-1,1,1,0.5,e,-0.5,-1
sigma+,pi,71,1,-130957.712448,1.407672e-12,4,4,3.5,f,-0.5,-1,1,1,0.5,e,+0.5,-1
sigma+,pi,107,38,-130957.544193,5.722682e-02,5,5,4.5,f,-3.5,+1,3,3,2.5,f,-2.5,+1
sigma+,pi,108,39,-130957.503947,7.139715e-02,5,5,4.5,f,-2.5,+1,3,3,2.5,f,-1.5,+1
sigma+,pi,109,40,-130957.463755,6.108249e-02,5,5,4.5,f,-1.5,+1,3,3,2.5,f,-0.5,+1
sigma+,pi,110,41,-130957.423616,4.064613e-02,5,5,4.5,f,-0.5,+1,3,3,2.5,f,+0.5,+1
sigma+,pi,111,42,-130957.383529,2.028588e-02,5,5,4.5,f,+0.5,+1,3,3,2.5,f,+1.5,+1
sigma+,pi,112,43,-130957.343493,6.074778e-03,5,5,4.5,f,+1.5,+1,3,3,2.5,f,+2.5,+1
sigma+,pi,130,38,-130954.012606,4.659260e-08,5,5,5.5,f,-3.5,+1,3,3,2.5,f,-2.5,+1
sigma+,pi,131,39,-130953.958979,7.755782e-08,5,5,5.5,f,-2.5,+1,3,3,2.5,f,-1.5,+1
sigma+,pi,132,40,-130953.905457,7.745181e-08,5,5,5.5,f,-1.5,+1,3,3,2.5,f,-0.5,+1
sigma+,pi,133,41,-130953.852038,5.524056e-08,5,5,5.5,f,-0.5,+1,3,3,2.5,f,+0.5,+1
sigma+,pi,134,42,-130953.798721,2.757613e-08,5,5,5.5,f,+0.5,+1,3,3,2.5,f,+1.5,+1
sigma+,pi,135,43,-130953.745503,7.708136e-09,5,5,5.5,f,+1.5,+1,3,3,2.5,f,+2.5,+1
sigma+,pi,96,44,-130915.655129,5.162142e-03,5,5,4.5,e,-4.5,-1,3,3,3.5,e,-3.5,-1
sigma+,pi,97,45,-130915.646566,7.432010e-04,5,5,4.5,e,-3.5,-1,3,3,3.5,e,-2.5,-1
sigma+,pi,98,46,-130915.637885,5.473833e-05,5,5,4.5,e,-2.5,-1,3,3,3.5,e,-1.5,-1
sigma+,pi,99,47,-130915.629086,1.039866e-03,5,5,4.5,e,-1.5,-1,3,3,3.5,e,-0.5,-1
sigma+,pi,100,48,-130915.620171,2.245283e-03,5,5,4.5,e,-0.5,-1,3,3,3.5,e,+0.5,-1
sigma+,pi,101,49,-130915.611143,2.796821e-03,5,5,4.5,e,+0.5,-1,3,3,3.5,e,+1.5,-1
sigma+,pi,102,50,-130915.602003,2.376452e-03,5,5,4.5,e,+1.5,-1,3,3,3.5,e,+2.5,-1
sigma+,pi,103,51,-130915.592753,1.200650e-03,5,5,4.5,e,+2.5,-1,3,3,3.5,e,+3.5,-1
sigma+,pi,61,8,-130914.991294,1.407331e-09,4,4,3.5,e,-2.5,+1,1,1,1.5,f,-1.5,+1
sigma+,pi,62,9,-130914.845775,1.367535e-09,4,4,3.5,e,-1.5,+1,1,1,1.5,f,-0.5,+1
sigma+,pi,63,10,-130914.698140,7.976316e-10,4,4,3.5,e,-0.5,+1,1,1,1.5,f,+0.5,+1
sigma+,pi,64,11,-130914.548489,2.585537e-10,4,4,3.5,e,+0.5,+1,1,1,1.5,f,+1.5,+1
sigma+,pi,117,44,-130912.141639,4.938177e-02,5,5,5.5,e,-4.5,-1,3,3,3.5,e,-3.5,-1
sigma+,pi,118,45,-130912.118567,6.929798e-02,5,5,5.5,e,-3.5,-1,3,3,3.5,e,-2.5,-1
sigma+,pi,119,46,-130912.095434,6.945951e-02,5,5,5.5,e,-2.5,-1,3,3,3.5,e,-1.5,-1
sigma+,pi,120,47,-130912.072244,5.801593e-02,5,5,5.5,e,-1.5,-1,3,3,3.5,e,-0.5,-1
sigma+,pi,121,48,-130912.048996,4.153383e-02,5,5,5.5,e,-0.5,-1,3,3,3.5,e,+0.5,-1
sigma+,pi,122,49,-130912.025691,2.497596e-02,5,5,5.5,e,+0.5,-1,3,3,3.5,e,+1.5,-1
sigma+,pi,123,50,-130912.002332,1.168112e-02,5,5,5.5,e,+1.5,-1,3,3,3.5,e,+2.5,-1
sigma+,pi,124,51,-130911.978918,3.344713e-03,5,5,5.5,e,+2.5,-1,3,3,3.5,e,+3.5,-1
sigma+,pi,97,32,-130909.928673,5.723139e-02,5,5,4.5,e,-3.5,-1,3,3,2.5,e,-2.5,-1
sigma+,pi,98,33,-130909.888123,7.139522e-02,5,5,4.5,e,-2.5,-1,3,3,2.5,e,-1.5,-1
sigma+,pi,99,34,-130909.847631,6.107450e-02,5,5,4.5,e,-1.5,-1,3,3,2.5,e,-0.5,-1
sigma+,pi,100,35,-130909.807197,4.063671e-02,5,5,4.5,e,-0.5,-1,3,3,2.5,e,+0.5,-1
sigma+,pi,101,36,-130909.766820,2.027919e-02,5,5,4.5,e,+0.5,-1,3,3,2.5,e,+1.5,-1
sigma+,pi,102,37,-130909.726499,6.072196e-03,5,5,4.5,e,+1.5,-1,3,3,2.5,e,+2.5,-1
sigma+,pi,118,32,-130906.400673,7.533639e-08,5,5,5.5,e,-3.5,-1,3,3,2.5,e,-2.5,-1
sigma+,pi,119,33,-130906.345672,1.250387e-07,5,5,5.5,e,-2.5,-1,3,3,2.5,e,-1.5,-1
sigma+,pi,120,34,-130906.290789,1.245105e-07,5,5,5.5,e,-1.5,-1,3,3,2.5,e,-0.5,-1
sigma+,pi,121,35,-130906.236022,8.855456e-08,5,5,5.5,e,-0.5,-1,3,3,2.5,e,+0.5,-1
sigma+,pi,122,36,-130906.181369,4.408465e-08,5,5,5.5,e,+0.5,-1,3,3,2.5,e,+1.5,-1
sigma+,pi,123,37,-130906.126828,1.228929e-08,5,5,5.5,e,+1.5,-1,3,3,2.5,e,+2.5,-1
sigma+,pi,62,2,-130899.917418,2.366122e-12,4,4,3.5,e,-1.5,+1,1,1,0.5,f,-0.5,+1
sigma+,pi,63,3,-130899.523208,1.395816e-12,4,4,3.5,e,-0.5,+1,1,1,0.5,f,+0.5,+1
sigma+,pi,68,26,-101863.578992,6.839797e-03,4,4,3.5,f,-3.5,-1,2,2,2.5,f,-2.5,-1
sigma+,pi,69,27,-101863.546083,1.927086e-04,4,4,3.5,f,-2.5,-1,2,2,2.5,f,-1.5,-1
sigma+,pi,70,28,-101863.512886,1.145725e-03,4,4,3.5,f,-1.5,-1,2,2,2.5,f,-0.5,-1
sigma+,pi,71,29,-101863.479409,3.697023e-03,4,4,3.5,f,-0.5,-1,2,2,2.5,f,+0.5,-1
sigma+,pi,72,30,-101863.445658,4.511154e-03,4,4,3.5,f,+0.5,-1,2,2,2.5,f,+1.5,-1
sigma+,pi,73,31,-101863.411637,2.764026e-03,4,4,3.5,f,+1.5,-1,2,2,2.5,f,+2.5,-1
sigma+,pi,87,26,-101859.208072,5.268050e-02,4,4,4.5,f,-3.5,-1,2,2,2.5,f,-2.5,-1
sigma+,pi,88,27,-101859.156399,6.607718e-02,4,4,4.5,f,-2.5,-1,2,2,2.5,f,-1.5,-1
sigma+,pi,89,28,-101859.104519,5.682931e-02,4,4,4.5,f,-1.5,-1,2,2,2.5,f,-0.5,-1
sigma+,pi,90,29,-101859.052438,3.801242e-02,4,4,4.5,f,-0.5,-1,2,2,2.5,f,+0.5,-1
sigma+,pi,91,30,-101859.000159,1.906853e-02,4,4,4.5,f,+0.5,-1,2,2,2.5,f,+1.5,-1
sigma+,pi,92,31,-101858.947689,5.739022e-03,4,4,4.5,f,+1.5,-1,2,2,2.5,f,+2.5,-1
sigma+,pi,69,16,-101855.310008,6.128201e-02,4,4,3.5,f,-2.5,-1,2,2,1.5,f,-1.5,-1
sigma+,pi,70,17,-101855.213305,6.107421e-02,4,4,3.5,f,-1.5,-1,2,2,1.5,f,-0.5,-1
sigma+,pi,71,18,-101855.116804,3.652266e-02,4,4,3.5,f,-0.5,-1,2,2,1.5,f,+0.5,-1
sigma+,pi,72,19,-101855.020502,1.213450e-02,4,4,3.5,f,+0.5,-1,2,2,1.5,f,+1.5,-1
sigma+,pi,88,16,-101850.920324,2.000794e-10,4,4,4.5,f,-2.5,-1,2,2,1.5,f,-1.5,-1
sigma+,pi,89,17,-101850.804937,1.463035e-10,4,4,4.5,f,-1.5,-1,2,2,1.5,f,-0.5,-1
sigma+,pi,90,18,-101850.689832,4.579935e-11,4,4,4.5,f,-0.5,-1,2,2,1.5,f,+0.5,-1
sigma+,pi,91,19,-101850.575004,4.726204e-12,4,4,4.5,f,+0.5,-1,2,2,1.5,f,+1.5,-1
sigma+,pi,60,20,-101826.538145,6.855768e-03,4,4,3.5,e,-3.5,+1,2,2,2.5,e,-2.5,+1
sigma+,pi,61,21,-101826.507079,1.947063e-04,4,4,3.5,e,-2.5,+1,2,2,2.5,e,-1.5,+1
sigma+,pi,62,22,-101826.475701,1.141427e-03,4,4,3.5,e,-1.5,+1,2,2,2.5,e,-0.5,+1
sigma+,pi,63,23,-101826.444019,3.689463e-03,4,4,3.5,e,-0.5,+1,2,2,2.5,e,+0.5,+1
sigma+,pi,64,24,-101826.412040,4.503230e-03,4,4,3.5,e,+0.5,+1,2,2,2.5,e,+1.5,+1
sigma+,pi,65,25,-101826.379769,2.759210e-03,4,4,3.5,e,+1.5,+1,2,2,2.5,e,+2.5,+1
sigma+,pi,77,20,-101822.171655,5.266451e-02,4,4,4.5,e,-3.5,+1,2,2,2.5,e,-2.5,+1
sigma+,pi,78,21,-101822.120513,6.607324e-02,4,4,4.5,e,-2.5,+1,2,2,2.5,e,-1.5,+1
sigma+,pi,79,22,-101822.069151,5.683934e-02,4,4,4.5,e,-1.5,+1,2,2,2.5,e,-0.5,+1
sigma+,pi,80,23,-101822.017576,3.802780e-02,4,4,4.5,e,-0.5,+1,2,2,2.5,e,+0.5,+1
sigma+,pi,81,24,-101821.965792,1.908046e-02,4,4,4.5,e,+0.5,+1,2,2,2.5,e,+1.5,+1
sigma+,pi,82,25,-101821.913804,5.743841e-03,4,4,4.5,e,+1.5,+1,2,2,2.5,e,+2.5,+1
sigma+,pi,61,12,-101818.274385,6.128395e-02,4,4,3.5,e,-2.5,+1,2,2,1.5,e,-1.5,+1
sigma+,pi,62,13,-101818.177163,6.106851e-02,4,4,3.5,e,-1.5,+1,2,2,1.5,e,-0.5,+1
sigma+,pi,63,14,-101818.080158,3.651487e-02,4,4,3.5,e,-0.5,+1,2,2,1.5,e,+0.5,+1
sigma+,pi,64,15,-101817.983363,1.213052e-02,4,4,3.5,e,+0.5,+1,2,2,1.5,e,+1.5,+1
sigma+,pi,78,12,-101813.887819,2.467589e-09,4,4,4.5,e,-2.5,+1,2,2,1.5,e,-1.5,+1
sigma+,pi,79,13,-101813.770614,3.574569e-09,4,4,4.5,e,-1.5,+1,2,2,1.5,e,-0.5,+1
sigma+,pi,80,14,-101813.653714,2.655604e-09,4,4,4.5,e,-0.5,+1,2,2,1.5,e,+0.5,+1
sigma+,pi,81,15,-101813.537115,9.771663e-10,4,4,4.5,e,+0.5,+1,2,2,1.5,e,+1.5,+1
sigma+,pi,112,83,-72811.385840,3.786449e-04,5,5,4.5,f,+1.5,+1,4,4,4.5,e,+2.5,+1
sigma+,pi,113,84,-72811.385811,6.443114e-04,5,5,4.5,f,+2.5,+1,4,4,4.5,e,+3.5,+1
sigma+,pi,111,82,-72811.385802,1.089136e-04,5,5,4.5,f,+0.5,+1,4,4,4.5,e,+1.5,+1
sigma+,pi,114,85,-72811.385715,6.394765e-04,5,5,4.5,f,+3.5,+1,4,4,4.5,e,+4.5,+1
sigma+,pi,110,81,-72811.385697,1.516520e-10,5,5,4.5,f,-0.5,+1,4,4,4.5,e,+0.5,+1
sigma+,pi,109,80,-72811.385523,1.111771e-04,5,5,4.5,f,-1.5,+1,4,4,4.5,e,-0.5,+1
sigma+,pi,108,79,-72811.385280,3.918339e-04,5,5,4.5,f,-2.5,+1,4,4,4.5,e,-1.5,+1
sigma+,pi,107,78,-72811.384967,6.769727e-04,5,5,4.5,f,-3.5,+1,4,4,4.5,e,-2.5,+1
sigma+,pi,106,77,-72811.384582,6.824570e-04,5,5,4.5,f,-4.5,+1,4,4,4.5,e,-3.5,+1
sigma+,pi,128,76,-72807.879451,1.818604e-02,5,5,5.5,f,-5.5,+1,4,4,4.5,e,-4.5,+1
sigma+,pi,129,77,-72807.866426,4.630202e-03,5,5,5.5,f,-4.5,+1,4,4,4.5,e,-3.5,+1
sigma+,pi,130,78,-72807.853379,1.567756e-04,5,5,5.5,f,-3.5,+1,4,4,4.5,e,-2.5,+1
sigma+,pi,131,79,-72807.840313,1.003362e-03,5,5,5.5,f,-2.5,+1,4,4,4.5,e,-1.5,+1
sigma+,pi,132,80,-72807.827226,4.160283e-03,5,5,5.5,f,-1.5,+1,4,4,4.5,e,-0.5,+1
sigma+,pi,133,81,-72807.814120,7.379067e-03,5,5,5.5,f,-0.5,+1,4,4,4.5,e,+0.5,+1
sigma+,pi,134,82,-72807.800994,9.180648e-03,5,5,5.5,f,+0.5,+1,4,4,4.5,e,+1.5,+1
sigma+,pi,135,83,-72807.787850,8.863301e-03,5,5,5.5,f,+1.5,+1,4,4,4.5,e,+2.5,+1
sigma+,pi,136,84,-72807.774687,6.510316e-03,5,5,5.5,f,+2.5,+1,4,4,4.5,e,+3.5,+1
sigma+,pi,137,85,-72807.761505,2.997426e-03,5,5,5.5,f,+3.5,+1,4,4,4.5,e,+4.5,+1
sigma+,pi,106,60,-72807.018092,1.612183e-02,5,5,4.5,f,-4.5,+1,4,4,3.5,e,-3.5,+1
sigma+,pi,107,61,-72806.998401,2.274967e-03,5,5,4.5,f,-3.5,+1,4,4,3.5,e,-2.5,+1
sigma+,pi,108,62,-72806.978730,2.039574e-04,5,5,4.5,f,-2.5,+1,4,4,3.5,e,-1.5,+1
sigma+,pi,109,63,-72806.959080,3.478913e-03,5,5,4.5,f,-1.5,+1,4,4,3.5,e,-0.5,+1
sigma+,pi,110,64,-72806.939449,7.466378e-03,5,5,4.5,f,-0.5,+1,4,4,3.5,e,+0.5,+1
sigma+,pi,111,65,-72806.919838,9.315715e-03,5,5,4.5,f,+0.5,+1,4,4,3.5,e,+1.5,+1
sigma+,pi,112,66,-72806.900246,7.946040e-03,5,5,4.5,f,+1.5,+1,4,4,3.5,e,+2.5,+1
sigma+,pi,113,67,-72806.880673,4.033659e-03,5,5,4.5,f,+2.5,+1,4,4,3.5,e,+3.5,+1
sigma+,pi,129,60,-72803.499936,3.801511e-04,5,5,5.5,f,-4.5,+1,4,4,3.5,e,-3.5,+1
sigma+,pi,130,61,-72803.466814,5.274954e-04,5,5,5.5,f,-3.5,+1,4,4,3.5,e,-2.5,+1
sigma+,pi,131,62,-72803.433763,5.228427e-04,5,5,5.5,f,-2.5,+1,4,4,3.5,e,-1.5,+1
sigma+,pi,132,63,-72803.400782,4.318768e-04,5,5,5.5,f,-1.5,+1,4,4,3.5,e,-0.5,+1
sigma+,pi,133,64,-72803.367872,3.057872e-04,5,5,5.5,f,-0.5,+1,4,4,3.5,e,+0.5,+1
sigma+,pi,134,65,-72803.335030,1.818760e-04,5,5,5.5,f,+0.5,+1,4,4,3.5,e,+1.5,+1
sigma+,pi,135,66,-72803.302256,8.414032e-05,5,5,5.5,f,+1.5,+1,4,4,3.5,e,+2.5,+1
sigma+,pi,136,67,-72803.269548,2.383279e-05,5,5,5.5,f,+2.5,+1,4,4,3.5,e,+3.5,+1
sigma+,pi,38,8,-72764.445501,8.420542e-03,3,3,2.5,f,-2.5,+1,1,1,1.5,f,-1.5,+1
sigma+,pi,39,9,-72764.320558,5.858155e-04,3,3,2.5,f,-1.5,+1,1,1,1.5,f,-0.5,+1
sigma+,pi,40,10,-72764.193465,6.857318e-03,3,3,2.5,f,-0.5,+1,1,1,1.5,f,+0.5,+1
sigma+,pi,41,11,-72764.064323,7.195689e-03,3,3,2.5,f,+0.5,+1,1,1,1.5,f,+1.5,+1
sigma+,pi,53,8,-72758.723551,4.871300e-02,3,3,3.5,f,-2.5,+1,1,1,1.5,f,-1.5,+1
sigma+,pi,54,9,-72758.568418,4.905567e-02,3,3,3.5,f,-1.5,+1,1,1,1.5,f,-0.5,+1
sigma+,pi,55,10,-72758.411293,2.963611e-02,3,3,3.5,f,-0.5,+1,1,1,1.5,f,+0.5,+1
sigma+,pi,56,11,-72758.252275,9.945313e-03,3,3,3.5,f,+0.5,+1,1,1,1.5,f,+1.5,+1
sigma+,pi,39,2,-72749.392202,5.322245e-02,3,3,2.5,f,-1.5,+1,1,1,0.5,f,-0.5,+1
sigma+,pi,40,3,-72749.018533,2.636635e-02,3,3,2.5,f,-0.5,+1,1,1,0.5,f,+0.5,+1
sigma+,pi,54,2,-72743.640062,4.739909e-07,3,3,3.5,f,-1.5,+1,1,1,0.5,f,-0.5,+1
sigma+,pi,55,3,-72743.236362,2.653594e-07,3,3,3.5,f,-0.5,+1,1,1,0.5,f,+0.5,+1
sigma+,pi,32,4,-72737.984841,8.434999e-03,3,3,2.5,e,-2.5,-1,1,1,1.5,e,-1.5,-1
sigma+,pi,33,5,-72737.862720,5.829717e-04,3,3,2.5,e,-1.5,-1,1,1,1.5,e,-0.5,-1
sigma+,pi,34,6,-72737.738374,6.847979e-03,3,3,2.5,e,-0.5,-1,1,1,1.5,e,+0.5,-1
sigma+,pi,35,7,-72737.611910,7.187408e-03,3,3,2.5,e,+0.5,-1,1,1,1.5,e,+1.5,-1
sigma+,pi,45,4,-72732.266948,4.869852e-02,3,3,3.5,e,-2.5,-1,1,1,1.5,e,-1.5,-1
sigma+,pi,46,5,-72732.112958,4.906052e-02,3,3,3.5,e,-1.5,-1,1,1,1.5,e,-0.5,-1
sigma+,pi,47,6,-72731.956920,2.965019e-02,3,3,3.5,e,-0.5,-1,1,1,1.5,e,+0.5,-1
sigma+,pi,48,7,-72731.798936,9.953603e-03,3,3,3.5,e,+0.5,-1,1,1,1.5,e,+1.5,-1
sigma+,pi,33,0,-72722.936156,5.322056e-02,3,3,2.5,e,-1.5,-1,1,1,0.5,e,-0.5,-1
sigma+,pi,34,1,-72722.561401,2.636169e-02,3,3,2.5,e,-0.5,-1,1,1,0.5,e,+0.5,-1
sigma+,pi,46,0,-72717.186394,3.892037e-07,3,3,3.5,e,-1.5,-1,1,1,0.5,e,-0.5,-1
sigma+,pi,47,1,-72716.779946,2.166105e-07,3,3,3.5,e,-0.5,-1,1,1,0.5,e,+0.5,-1
sigma+,pi,104,95,-72679.180746,6.378028e-04,5,5,4.5,e,+3.5,-1,4,4,4.5,f,+4.5,-1
sigma+,pi,103,94,-72679.169439,6.401583e-04,5,5,4.5,e,+2.5,-1,4,4,4.5,f,+3.5,-1
sigma+,pi,102,93,-72679.158067,3.740196e-04,5,5,4.5,e,+1.5,-1,4,4,4.5,f,+2.5,-1
sigma+,pi,101,92,-72679.146630,1.061168e-04,5,5,4.5,e,+0.5,-1,4,4,4.5,f,+1.5,-1
sigma+,pi,100,91,-72679.135127,1.876378e-08,5,5,4.5,e,-0.5,-1,4,4,4.5,f,+0.5,-1
sigma+,pi,99,90,-72679.123556,1.130570e-04,5,5,4.5,e,-1.5,-1,4,4,4.5,f,-0.5,-1
sigma+,pi,98,89,-72679.111917,3.931025e-04,5,5,4.5,e,-2.5,-1,4,4,4.5,f,-1.5,-1
sigma+,pi,97,88,-72679.100210,6.751881e-04,5,5,4.5,e,-3.5,-1,4,4,4.5,f,-2.5,-1
sigma+,pi,96,87,-72679.088432,6.779675e-04,5,5,4.5,e,-4.5,-1,4,4,4.5,f,-3.5,-1
sigma+,pi,116,86,-72675.577665,1.818603e-02,5,5,5.5,e,-5.5,-1,4,4,4.5,f,-4.5,-1
sigma+,pi,117,87,-72675.574943,4.630784e-03,5,5,5.5,e,-4.5,-1,4,4,4.5,f,-3.5,-1
sigma+,pi,118,88,-72675.572210,1.568735e-04,5,5,5.5,e,-3.5,-1,4,4,4.5,f,-2.5,-1
sigma+,pi,119,89,-72675.569467,1.003342e-03,5,5,5.5,e,-2.5,-1,4,4,4.5,f,-1.5,-1
sigma+,pi,120,90,-72675.566714,4.160947e-03,5,5,5.5,e,-1.5,-1,4,4,4.5,f,-0.5,-1
sigma+,pi,121,91,-72675.563951,7.380981e-03,5,5,5.5,e,-0.5,-1,4,4,4.5,f,+0.5,-1
sigma+,pi,122,92,-72675.561178,9.183790e-03,5,5,5.5,e,+0.5,-1,4,4,4.5,f,+1.5,-1
sigma+,pi,123,93,-72675.558396,8.867005e-03,5,5,5.5,e,+1.5,-1,4,4,4.5,f,+2.5,-1
sigma+,pi,124,94,-72675.555604,6.513503e-03,5,5,5.5,e,+2.5,-1,4,4,4.5,f,+3.5,-1
sigma+,pi,125,95,-72675.552803,2.999100e-03,5,5,5.5,e,+3.5,-1,4,4,4.5,f,+4.5,-1
sigma+,pi,96,68,-72674.717512,1.612224e-02,5,5,4.5,e,-4.5,-1,4,4,3.5,f,-3.5,-1
sigma+,pi,97,69,-72674.710526,2.274937e-03,5,5,4.5,e,-3.5,-1,4,4,3.5,f,-2.5,-1
sigma+,pi,98,70,-72674.703550,2.040836e-04,5,5,4.5,e,-2.5,-1,4,4,3.5,f,-1.5,-1
sigma+,pi,99,71,-72674.696584,3.480021e-03,5,5,4.5,e,-1.5,-1,4,4,3.5,f,-0.5,-1
sigma+,pi,100,72,-72674.689628,7.468793e-03,5,5,4.5,e,-0.5,-1,4,4,3.5,f,+0.5,-1
sigma+,pi,101,73,-72674.682682,9.318994e-03,5,5,4.5,e,+0.5,-1,4,4,3.5,f,+1.5,-1
sigma+,pi,102,74,-72674.675746,7.949113e-03,5,5,4.5,e,+1.5,-1,4,4,3.5,f,+2.5,-1
sigma+,pi,103,75,-72674.668820,4.035368e-03,5,5,4.5,e,+2.5,-1,4,4,3.5,f,+3.5,-1
sigma+,pi,117,68,-72671.204023,3.836499e-04,5,5,5.5,e,-4.5,-1,4,4,3.5,f,-3.5,-1
sigma+,pi,118,69,-72671.182526,5.292126e-04,5,5,5.5,e,-3.5,-1,4,4,3.5,f,-2.5,-1
sigma+,pi,119,70,-72671.161100,5.214676e-04,5,5,5.5,e,-2.5,-1,4,4,3.5,f,-1.5,-1
sigma+,pi,120,71,-72671.139742,4.282259e-04,5,5,5.5,e,-1.5,-1,4,4,3.5,f,-0.5,-1
sigma+,pi,121,72,-72671.118453,3.014400e-04,5,5,5.5,e,-0.5,-1,4,4,3.5,f,+0.5,-1
sigma+,pi,122,73,-72671.097231,1.782529e-04,5,5,5.5,e,+0.5,-1,4,4,3.5,f,+1.5,-1
sigma+,pi,123,74,-72671.076075,8.198906e-05,5,5,5.5,e,+1.5,-1,4,4,3.5,f,+2.5,-1
sigma+,pi,124,75,-72671.054985,2.309021e-05,5,5,5.5,e,+2.5,-1,4,4,3.5,f,+3.5,-1
sigma+,pi,68,45,-58240.883309,1.837361e-03,4,4,3.5,f,-3.5,-1,3,3,3.5,e,-2.5,-1
sigma+,pi,69,46,-58240.881643,1.385680e-03,4,4,3.5,f,-2.5,-1,3,3,3.5,e,-1.5,-1
sigma+,pi,70,47,-58240.879850,4.285384e-04,4,4,3.5,f,-1.5,-1,3,3,3.5,e,-0.5,-1
sigma+,pi,71,48,-58240.877930,1.074085e-10,4,4,3.5,f,-0.5,-1,3,3,3.5,e,+0.5,-1
sigma+,pi,72,49,-58240.875887,4.210733e-04,4,4,3.5,f,+0.5,-1,3,3,3.5,e,+1.5,-1
sigma+,pi,73,50,-58240.873721,1.333915e-03,4,4,3.5,f,+1.5,-1,3,3,3.5,e,+2.5,-1
sigma+,pi,74,51,-58240.871435,1.733943e-03,4,4,3.5,f,+2.5,-1,3,3,3.5,e,+3.5,-1
sigma+,pi,86,44,-58236.532769,2.500675e-02,4,4,4.5,f,-4.5,-1,3,3,3.5,e,-3.5,-1
sigma+,pi,87,45,-58236.512388,3.629575e-03,4,4,4.5,f,-3.5,-1,3,3,3.5,e,-2.5,-1
sigma+,pi,88,46,-58236.491959,2.770319e-04,4,4,4.5,f,-2.5,-1,3,3,3.5,e,-1.5,-1
sigma+,pi,89,47,-58236.471482,5.242888e-03,4,4,4.5,f,-1.5,-1,3,3,3.5,e,-0.5,-1
sigma+,pi,90,48,-58236.450958,1.142725e-02,4,4,4.5,f,-0.5,-1,3,3,3.5,e,+0.5,-1
sigma+,pi,91,49,-58236.430388,1.438070e-02,4,4,4.5,f,+0.5,-1,3,3,3.5,e,+1.5,-1
sigma+,pi,92,50,-58236.409773,1.234679e-02,4,4,4.5,f,+1.5,-1,3,3,3.5,e,+2.5,-1
sigma+,pi,93,51,-58236.389114,6.302969e-03,4,4,4.5,f,+2.5,-1,3,3,3.5,e,+3.5,-1
sigma+,pi,68,32,-58235.165416,2.052102e-02,4,4,3.5,f,-3.5,-1,3,3,2.5,e,-2.5,-1
sigma+,pi,69,33,-58235.131881,5.609727e-04,4,4,3.5,f,-2.5,-1,3,3,2.5,e,-1.5,-1
sigma+,pi,70,34,-58235.098395,3.601103e-03,4,4,3.5,f,-1.5,-1,3,3,2.5,e,-0.5,-1
sigma+,pi,71,35,-58235.064956,1.162501e-02,4,4,3.5,f,-0.5,-1,3,3,2.5,e,+0.5,-1
sigma+,pi,72,36,-58235.031564,1.428599e-02,4,4,3.5,f,+0.5,-1,3,3,2.5,e,+1.5,-1
sigma+,pi,73,37,-58234.998217,8.826259e-03,4,4,3.5,f,+1.5,-1,3,3,2.5,e,+2.5,-1
sigma+,pi,87,32,-58230.794495,1.089220e-03,4,4,4.5,f,-3.5,-1,3,3,2.5,e,-2.5,-1
sigma+,pi,88,33,-58230.742197,1.348817e-03,4,4,4.5,f,-2.5,-1,3,3,2.5,e,-1.5,-1
sigma+,pi,89,34,-58230.690028,1.145393e-03,4,4,4.5,f,-1.5,-1,3,3,2.5,e,-0.5,-1
sigma+,pi,90,35,-58230.637984,7.565391e-04,4,4,4.5,f,-0.5,-1,3,3,2.5,e,+0.5,-1
sigma+,pi,91,36,-58230.586066,3.747916e-04,4,4,4.5,f,+0.5,-1,3,3,2.5,e,+1.5,-1
sigma+,pi,92,37,-58230.534269,1.114088e-04,4,4,4.5,f,+1.5,-1,3,3,2.5,e,+2.5,-1
sigma+,pi,66,59,-58156.264726,1.730449e-03,4,4,3.5,e,+2.5,+1,3,3,3.5,f,+3.5,+1
sigma+,pi,65,58,-58156.255672,1.326693e-03,4,4,3.5,e,+1.5,+1,3,3,3.5,f,+2.5,+1
sigma+,pi,64,57,-58156.246499,4.157594e-04,4,4,3.5,e,+0.5,+1,3,3,3.5,f,+1.5,+1
sigma+,pi,63,56,-58156.237208,1.247166e-08,4,4,3.5,e,-0.5,+1,3,3,3.5,f,+0.5,+1
sigma+,pi,62,55,-58156.227796,4.316319e-04,4,4,3.5,e,-1.5,+1,3,3,3.5,f,-0.5,+1
sigma+,pi,61,54,-58156.218260,1.385559e-03,4,4,3.5,e,-2.5,+1,3,3,3.5,f,-1.5,+1
sigma+,pi,60,53,-58156.208600,1.830805e-03,4,4,3.5,e,-3.5,+1,3,3,3.5,f,-2.5,+1
sigma+,pi,76,52,-58151.852492,2.500675e-02,4,4,4.5,e,-4.5,+1,3,3,3.5,f,-3.5,+1
sigma+,pi,77,53,-58151.842110,3.630324e-03,4,4,4.5,e,-3.5,+1,3,3,3.5,f,-2.5,+1
sigma+,pi,78,54,-58151.831695,2.769059e-04,4,4,4.5,e,-2.5,+1,3,3,3.5,f,-1.5,+1
sigma+,pi,79,55,-58151.821246,5.243446e-03,4,4,4.5,e,-1.5,+1,3,3,3.5,f,-0.5,+1
sigma+,pi,80,56,-58151.810765,1.143011e-02,4,4,4.5,e,-0.5,+1,3,3,3.5,f,+0.5,+1
sigma+,pi,81,57,-58151.800251,1.438590e-02,4,4,4.5,e,+0.5,+1,3,3,3.5,f,+1.5,+1
sigma+,pi,82,58,-58151.789707,1.235249e-02,4,4,4.5,e,+1.5,+1,3,3,3.5,f,+2.5,+1
sigma+,pi,83,59,-58151.779132,6.306463e-03,4,4,4.5,e,+2.5,+1,3,3,3.5,f,+3.5,+1
sigma+,pi,60,38,-58150.486650,2.052142e-02,4,4,3.5,e,-3.5,+1,3,3,2.5,f,-2.5,+1
sigma+,pi,61,39,-58150.466120,5.608170e-04,4,4,3.5,e,-2.5,+1,3,3,2.5,f,-1.5,+1
sigma+,pi,62,40,-58150.445624,3.602389e-03,4,4,3.5,e,-1.5,+1,3,3,2.5,f,-0.5,+1
sigma+,pi,63,41,-58150.425160,1.162884e-02,4,4,3.5,e,-0.5,+1,3,3,2.5,f,+0.5,+1
sigma+,pi,64,42,-58150.404729,1.429112e-02,4,4,3.5,e,+0.5,+1,3,3,2.5,f,+1.5,+1
sigma+,pi,65,43,-58150.384329,8.829775e-03,4,4,3.5,e,+1.5,+1,3,3,2.5,f,+2.5,+1
sigma+,pi,77,38,-58146.120160,1.094627e-03,4,4,4.5,e,-3.5,+1,3,3,2.5,f,-2.5,+1
sigma+,pi,78,39,-58146.079555,1.349220e-03,4,4,4.5,e,-2.5,+1,3,3,2.5,f,-1.5,+1
sigma+,pi,79,40,-58146.039074,1.140455e-03,4,4,4.5,e,-1.5,+1,3,3,2.5,f,-0.5,+1
sigma+,pi,80,41,-58145.998717,7.498328e-04,4,4,4.5,e,-0.5,+1,3,3,2.5,f,+0.5,+1
sigma+,pi,81,42,-58145.958481,3.697825e-04,4,4,4.5,e,+0.5,+1,3,3,2.5,f,+1.5,+1
sigma+,pi,82,43,-58145.918364,1.094242e-04,4,4,4.5,e,+1.5,+1,3,3,2.5,f,+2.5,+1
sigma+,pi,38,21,-43675.961286,6.283135e-03,3,3,2.5,f,-2.5,+1,2,2,2.5,e,-1.5,+1
sigma+,pi,39,22,-43675.950485,2.472476e-03,3,3,2.5,f,-1.5,+1,2,2,2.5,e,-0.5,+1
sigma+,pi,40,23,-43675.939345,1.112124e-08,3,3,2.5,f,-0.5,+1,2,2,2.5,e,+0.5,+1
sigma+,pi,41,24,-43675.927873,2.423529e-03,3,3,2.5,f,+0.5,+1,2,2,2.5,e,+1.5,+1
sigma+,pi,42,25,-43675.916078,5.964395e-03,3,3,2.5,f,+1.5,+1,2,2,2.5,e,+2.5,+1
sigma+,pi,52,20,-43670.280142,3.572558e-02,3,3,3.5,f,-3.5,+1,2,2,2.5,e,-2.5,+1
sigma+,pi,53,21,-43670.239336,1.086583e-03,3,3,3.5,f,-2.5,+1,2,2,2.5,e,-1.5,+1
sigma+,pi,54,22,-43670.198345,5.964725e-03,3,3,3.5,f,-1.5,+1,2,2,2.5,e,-0.5,+1
sigma+,pi,55,23,-43670.157173,1.987222e-02,3,3,3.5,f,-0.5,+1,2,2,2.5,e,+0.5,+1
sigma+,pi,56,24,-43670.115826,2.476994e-02,3,3,3.5,f,+0.5,+1,2,2,2.5,e,+1.5,+1
sigma+,pi,57,25,-43670.074307,1.546668e-02,3,3,3.5,f,+1.5,+1,2,2,2.5,e,+2.5,+1
sigma+,pi,38,12,-43667.728592,2.415452e-02,3,3,2.5,f,-2.5,+1,2,2,1.5,e,-1.5,+1
sigma+,pi,39,13,-43667.651947,1.714189e-03,3,3,2.5,f,-1.5,+1,2,2,1.5,e,-0.5,+1
sigma+,pi,40,14,-43667.575483,2.052499e-02,3,3,2.5,f,-0.5,+1,2,2,1.5,e,+0.5,+1
sigma+,pi,41,15,-43667.499196,2.199153e-02,3,3,2.5,f,+0.5,+1,2,2,1.5,e,+1.5,+1
sigma+,pi,53,12,-43662.006642,4.180105e-03,3,3,3.5,f,-2.5,+1,2,2,1.5,e,-1.5,+1
sigma+,pi,54,13,-43661.899807,4.137964e-03,3,3,3.5,f,-1.5,+1,2,2,1.5,e,-0.5,+1
sigma+,pi,55,14,-43661.793311,2.457884e-03,3,3,3.5,f,-0.5,+1,2,2,1.5,e,+0.5,+1
sigma+,pi,56,15,-43661.687149,8.111240e-04,3,3,3.5,f,+0.5,+1,2,2,1.5,e,+1.5,+1
sigma+,pi,34,29,-43628.328363,1.539699e-10,3,3,2.5,e,-0.5,-1,2,2,2.5,f,+0.5,-1
sigma+,pi,33,28,-43628.328314,2.477387e-03,3,3,2.5,e,-1.5,-1,2,2,2.5,f,-0.5,-1
sigma+,pi,35,30,-43628.328089,2.412013e-03,3,3,2.5,e,+0.5,-1,2,2,2.5,f,+1.5,-1
sigma+,pi,32,27,-43628.327935,6.274292e-03,3,3,2.5,e,-2.5,-1,2,2,2.5,f,-1.5,-1
sigma+,pi,36,31,-43628.327499,5.955907e-03,3,3,2.5,e,+1.5,-1,2,2,2.5,f,+2.5,-1
sigma+,pi,44,26,-43622.641375,3.572558e-02,3,3,3.5,e,-3.5,-1,2,2,2.5,f,-2.5,-1
sigma+,pi,45,27,-43622.610042,1.087242e-03,3,3,3.5,e,-2.5,-1,2,2,2.5,f,-1.5,-1
sigma+,pi,46,28,-43622.578552,5.964610e-03,3,3,3.5,e,-1.5,-1,2,2,2.5,f,-0.5,-1
sigma+,pi,47,29,-43622.546908,1.987692e-02,3,3,3.5,e,-0.5,-1,2,2,2.5,f,+0.5,-1
sigma+,pi,48,30,-43622.515115,2.477994e-02,3,3,3.5,e,+0.5,-1,2,2,2.5,f,+1.5,-1
sigma+,pi,49,31,-43622.483176,1.547517e-02,3,3,3.5,e,+1.5,-1,2,2,2.5,f,+2.5,-1
sigma+,pi,32,16,-43620.091861,2.415431e-02,3,3,2.5,e,-2.5,-1,2,2,1.5,f,-1.5,-1
sigma+,pi,33,17,-43620.028732,1.715213e-03,3,3,2.5,e,-1.5,-1,2,2,1.5,f,-0.5,-1
sigma+,pi,34,18,-43619.965757,2.053201e-02,3,3,2.5,e,-0.5,-1,2,2,1.5,f,+0.5,-1
sigma+,pi,35,19,-43619.902933,2.199961e-02,3,3,2.5,e,+0.5,-1,2,2,1.5,f,+1.5,-1
sigma+,pi,45,16,-43614.373968,4.188496e-03,3,3,3.5,e,-2.5,-1,2,2,1.5,f,-1.5,-1
sigma+,pi,46,17,-43614.278970,4.132146e-03,3,3,3.5,e,-1.5,-1,2,2,1.5,f,-0.5,-1
sigma+,pi,47,18,-43614.184303,2.446177e-03,3,3,3.5,e,-0.5,-1,2,2,1.5,f,+0.5,-1
sigma+,pi,48,19,-43614.089959,8.045815e-04,3,3,3.5,e,+0.5,-1,2,2,1.5,f,+1.5,-1
sigma+,pi,16,5,-29117.684593,3.062811e-02,2,2,1.5,f,-1.5,-1,1,1,1.5,e,-0.5,-1
sigma+,pi,17,6,-29117.623465,3.419115e-07,2,2,1.5,f,-0.5,-1,1,1,1.5,e,+0.5,-1
sigma+,pi,18,7,-29117.560062,2.930169e-02,2,2,1.5,f,+0.5,-1,1,1,1.5,e,+1.5,-1
sigma+,pi,26,4,-29109.571265,5.001720e-02,2,2,2.5,f,-2.5,-1,1,1,1.5,e,-1.5,-1
sigma+,pi,27,5,-29109.448518,2.966052e-03,2,2,2.5,f,-1.5,-1,1,1,1.5,e,-0.5,-1
sigma+,pi,28,6,-29109.323883,4.113165e-02,2,2,2.5,f,-0.5,-1,1,1,1.5,e,+0.5,-1
sigma+,pi,29,7,-29109.197457,4.569252e-02,2,2,2.5,f,+0.5,-1,1,1,1.5,e,+1.5,-1
sigma+,pi,16,0,-29102.758029,1.420286e-02,2,2,1.5,f,-1.5,-1,1,1,0.5,e,-0.5,-1
sigma+,pi,17,1,-29102.446491,4.547180e-02,2,2,1.5,f,-0.5,-1,1,1,0.5,e,+0.5,-1
sigma+,pi,12,9,-29096.512294,3.062585e-02,2,2,1.5,e,-1.5,+1,1,1,1.5,f,-0.5,+1
sigma+,pi,13,10,-29096.461925,2.281634e-07,2,2,1.5,e,-0.5,+1,1,1,1.5,f,+0.5,+1
sigma+,pi,14,11,-29096.409325,2.927709e-02,2,2,1.5,e,+0.5,+1,1,1,1.5,f,+1.5,+1
sigma+,pi,27,0,-29094.521954,2.717223e-02,2,2,2.5,f,-1.5,-1,1,1,0.5,e,-0.5,-1
sigma+,pi,28,1,-29094.146910,1.341646e-02,2,2,2.5,f,-0.5,-1,1,1,0.5,e,+0.5,-1
sigma+,pi,20,8,-29088.394007,5.001719e-02,2,2,2.5,e,-2.5,+1,1,1,1.5,f,-1.5,+1
sigma+,pi,21,9,-29088.279600,2.963948e-03,2,2,2.5,e,-1.5,+1,1,1,1.5,f,-0.5,+1
sigma+,pi,22,10,-29088.163387,4.114006e-02,2,2,2.5,e,-0.5,+1,1,1,1.5,f,+0.5,+1
sigma+,pi,23,11,-29088.045464,4.571714e-02,2,2,2.5,e,+0.5,+1,1,1,1.5,f,+1.5,+1
sigma+,pi,12,2,-29081.583938,1.419938e-02,2,2,1.5,e,-1.5,+1,1,1,0.5,f,-0.5,+1
sigma+,pi,13,3,-29081.286994,4.548873e-02,2,2,1.5,e,-0.5,+1,1,1,0.5,f,+0.5,+1
sigma+,pi,21,2,-29073.351243,2.718008e-02,2,2,2.5,e,-1.5,+1,1,1,0.5,f,-0.5,+1
sigma+,pi,22,3,-29072.988456,1.339129e-02,2,2,2.5,e,-0.5,+1,1,1,0.5,f,+0.5,+1
sigma+,pi,3,11,-14.966275,4.832590e-03,1,1,0.5,f,+0.5,+1,1,1,1.5,f,+1.5,+1
sigma+,pi,1,7,-14.964419,4.830112e-03,1,1,0.5,e,+0.5,-1,1,1,1.5,e,+1.5,-1
sigma+,pi,2,10,-14.721670,1.497675e-02,1,1,0.5,f,-0.5,+1,1,1,1.5,f,+0.5,+1
sigma+,pi,0,6,-14.716041,1.497650e-02,1,1,0.5,e,-0.5,-1,1,1,1.5,e,+0.5,-1
sigma+,pi,19,31,-8.338560,2.966609e-03,2,2,1.5,f,+1.5,-1,2,2,2.5,f,+2.5,-1
sigma+,pi,15,25,-8.337444,2.963331e-03,2,2,1.5,e,+1.5,+1,2,2,2.5,e,+2.5,+1
sigma+,pi,18,30,-8.276241,2.008301e-04,2,2,1.5,f,+0.5,-1,2,2,2.5,f,+1.5,-1
sigma+,pi,14,24,-8.272876,2.007215e-04,2,2,1.5,e,+0.5,+1,2,2,2.5,e,+1.5,+1
sigma+,pi,17,29,-8.213453,2.547151e-03,2,2,1.5,f,-0.5,-1,2,2,2.5,f,+0.5,-1
sigma+,pi,13,23,-8.207805,2.547081e-03,2,2,1.5,e,-0.5,+1,2,2,2.5,e,+0.5,+1
sigma+,pi,16,28,-8.150187,2.792798e-03,2,2,1.5,f,-1.5,-1,2,2,2.5,f,-0.5,-1
sigma+,pi,12,22,-8.142221,2.794264e-03,2,2,1.5,e,-1.5,+1,2,2,2.5,e,-0.5,+1
sigma+,pi,43,59,-5.821479,4.326549e-03,3,3,2.5,f,+2.5,+1,3,3,3.5,f,+3.5,+1
sigma+,pi,37,51,-5.820682,4.319230e-03,3,3,2.5,e,+2.5,-1,3,3,3.5,e,+3.5,-1
sigma+,pi,42,58,-5.791981,1.248056e-04,3,3,2.5,f,+1.5,+1,3,3,3.5,f,+2.5,+1
sigma+,pi,36,50,-5.789583,1.246549e-04,3,3,2.5,e,+1.5,-1,3,3,3.5,e,+2.5,-1
sigma+,pi,41,57,-5.762333,7.569840e-04,3,3,2.5,f,+0.5,+1,3,3,3.5,f,+1.5,+1
sigma+,pi,35,49,-5.758318,7.565432e-04,3,3,2.5,e,+0.5,-1,3,3,3.5,e,+1.5,-1
sigma+,pi,40,56,-5.732533,2.497944e-03,3,3,2.5,f,-0.5,+1,3,3,3.5,f,+0.5,+1
sigma+,pi,34,48,-5.726883,2.497850e-03,3,3,2.5,e,-0.5,-1,3,3,3.5,e,+0.5,-1
sigma+,pi,39,55,-5.702579,3.116100e-03,3,3,2.5,f,-1.5,+1,3,3,3.5,f,-0.5,+1
sigma+,pi,33,47,-5.695277,3.117742e-03,3,3,2.5,e,-1.5,-1,3,3,3.5,e,-0.5,-1
sigma+,pi,38,54,-5.672468,1.951685e-03,3,3,2.5,f,-2.5,+1,3,3,3.5,f,-1.5,+1
sigma+,pi,32,46,-5.663496,1.953844e-03,3,3,2.5,e,-2.5,-1,3,3,3.5,e,-1.5,-1
sigma+,pi,75,95,-4.466382,3.849346e-03,4,4,3.5,f,+3.5,-1,4,4,4.5,f,+4.5,-1
sigma+,pi,67,85,-4.465764,3.840553e-03,4,4,3.5,e,+3.5,+1,4,4,4.5,e,+4.5,+1
sigma+,pi,74,94,-4.448121,5.542910e-04,4,4,3.5,f,+2.5,-1,4,4,4.5,f,+3.5,-1
sigma+,pi,66,84,-4.446263,5.533111e-04,4,4,3.5,e,+2.5,+1,4,4,4.5,e,+3.5,+1
sigma+,pi,73,93,-4.429785,4.661502e-05,4,4,3.5,f,+1.5,-1,4,4,4.5,f,+2.5,-1
sigma+,pi,65,83,-4.426676,4.656476e-05,4,4,3.5,e,+1.5,+1,4,4,4.5,e,+2.5,+1
sigma+,pi,72,92,-4.411374,8.387793e-04,4,4,3.5,f,+0.5,-1,4,4,4.5,f,+1.5,-1
sigma+,pi,64,82,-4.407002,8.382692e-04,4,4,3.5,e,+0.5,+1,4,4,4.5,e,+1.5,+1
sigma+,pi,71,91,-4.392886,1.826713e-03,4,4,3.5,f,-0.5,-1,4,4,4.5,f,+0.5,-1
sigma+,pi,63,81,-4.387242,1.826619e-03,4,4,3.5,e,-0.5,+1,4,4,4.5,e,+0.5,+1
sigma+,pi,70,90,-4.374320,2.305897e-03,4,4,3.5,f,-1.5,-1,4,4,4.5,f,-0.5,-1
sigma+,pi,62,80,-4.367393,2.307097e-03,4,4,3.5,e,-1.5,+1,4,4,4.5,e,-0.5,+1
sigma+,pi,69,89,-4.355676,1.988261e-03,4,4,3.5,f,-2.5,-1,4,4,4.5,f,-1.5,-1
sigma+,pi,61,79,-4.347454,1.990458e-03,4,4,3.5,e,-2.5,+1,4,4,4.5,e,-1.5,+1
sigma+,pi,68,88,-4.336952,1.019949e-03,4,4,3.5,f,-3.5,-1,4,4,4.5,f,-2.5,-1
sigma+,pi,60,78,-4.327424,1.021684e-03,4,4,3.5,e,-3.5,+1,4,4,4.5,e,-2.5,+1
sigma+,pi,115,139,-3.611010,3.149306e-03,5,5,4.5,f,+4.5,+1,5,5,5.5,f,+5.5,+1
sigma+,pi,105,127,-3.610507,3.140212e-03,5,5,4.5,e,+4.5,-1,5,5,5.5,e,+5.5,-1
sigma+,pi,114,138,-3.597994,8.008899e-04,5,5,4.5,f,+3.5,+1,5,5,5.5,f,+4.5,+1
sigma+,pi,104,126,-3.596480,7.989965e-04,5,5,4.5,e,+3.5,-1,5,5,5.5,e,+4.5,-1
sigma+,pi,113,137,-3.584932,2.579096e-05,5,5,4.5,f,+2.5,+1,5,5,5.5,f,+3.5,+1
sigma+,pi,103,125,-3.582399,2.574044e-05,5,5,4.5,e,+2.5,-1,5,5,5.5,e,+3.5,-1
sigma+,pi,112,136,-3.571822,1.821062e-04,5,5,4.5,f,+1.5,+1,5,5,5.5,f,+2.5,+1
sigma+,pi,102,124,-3.568263,1.818939e-04,5,5,4.5,e,+1.5,-1,5,5,5.5,e,+2.5,-1
sigma+,pi,111,135,-3.558664,7.488813e-04,5,5,4.5,f,+0.5,+1,5,5,5.5,f,+1.5,+1
sigma+,pi,101,123,-3.554072,7.484064e-04,5,5,4.5,e,+0.5,-1,5,5,5.5,e,+1.5,-1
sigma+,pi,110,134,-3.545457,1.330563e-03,5,5,4.5,f,-0.5,+1,5,5,5.5,f,+0.5,+1
sigma+,pi,100,122,-3.539824,1.330470e-03,5,5,4.5,e,-0.5,-1,5,5,5.5,e,+0.5,-1
sigma+,pi,109,133,-3.532202,1.661647e-03,5,5,4.5,f,-1.5,+1,5,5,5.5,f,-0.5,+1
sigma+,pi,99,121,-3.525519,1.662493e-03,5,5,4.5,e,-1.5,-1,5,5,5.5,e,-0.5,-1
sigma+,pi,108,132,-3.518897,1.611539e-03,5,5,4.5,f,-2.5,+1,5,5,5.5,f,-1.5,+1
sigma+,pi,98,120,-3.511156,1.613311e-03,5,5,4.5,e,-2.5,-1,5,5,5.5,e,-1.5,-1
sigma+,pi,107,131,-3.505542,1.189630e-03,5,5,4.5,f,-3.5,+1,5,5,5.5,f,-2.5,+1
sigma+,pi,97,119,-3.496735,1.191652e-03,5,5,4.5,e,-3.5,-1,5,5,5.5,e,-2.5,-1
sigma+,pi,106,130,-3.492136,5.506059e-04,5,5,4.5,f,-4.5,+1,5,5,5.5,f,-3.5,+1
sigma+,pi,96,118,-3.482254,5.518784e-04,5,5,4.5,e,-4.5,-1,5,5,5.5,e,-3.5,-1
sigma+,pi,128,129,0.025994,3.255334e-02,5,5,5.5,f,-5.5,+1,5,5,5.5,f,-4.5,+1
sigma+,pi,129,130,0.026020,3.798891e-02,5,5,5.5,f,-4.5,+1,5,5,5.5,f,-3.5,+1
sigma+,pi,130,131,0.026045,2.895169e-02,5,5,5.5,f,-3.5,+1,5,5,5.5,f,-2.5,+1
sigma+,pi,131,132,0.026071,1.533355e-02,5,5,5.5,f,-2.5,+1,5,5,5.5,f,-1.5,+1
sigma+,pi,132,133,0.026095,4.247150e-03,5,5,5.5,f,-1.5,+1,5,5,5.5,f,-0.5,+1
sigma+,pi,133,134,0.026120,5.470670e-07,5,5,5.5,f,-0.5,+1,5,5,5.5,f,+0.5,+1
sigma+,pi,134,135,0.026144,4.072690e-03,5,5,5.5,f,+0.5,+1,5,5,5.5,f,+1.5,+1
sigma+,pi,135,136,0.026168,1.508960e-02,5,5,5.5,f,+1.5,+1,5,5,5.5,f,+2.5,+1
sigma+,pi,136,137,0.026192,2.880130e-02,5,5,5.5,f,+2.5,+1,5,5,5.5,f,+3.5,+1
sigma+,pi,137,138,0.026216,3.805944e-02,5,5,5.5,f,+3.5,+1,5,5,5.5,f,+4.5,+1
sigma+,pi,138,139,0.026239,3.279555e-02,5,5,5.5,f,+4.5,+1,5,5,5.5,f,+5.5,+1
sigma+,pi,116,117,0.031205,3.254325e-02,5,5,5.5,e,-5.5,-1,5,5,5.5,e,-4.5,-1
sigma+,pi,117,118,0.031235,3.798605e-02,5,5,5.5,e,-4.5,-1,5,5,5.5,e,-3.5,-1
sigma+,pi,118,119,0.031265,2.895790e-02,5,5,5.5,e,-3.5,-1,5,5,5.5,e,-2.5,-1
sigma+,pi,119,120,0.031294,1.534350e-02,5,5,5.5,e,-2.5,-1,5,5,5.5,e,-1.5,-1
sigma+,pi,120,121,0.031323,4.254217e-03,5,5,5.5,e,-1.5,-1,5,5,5.5,e,-0.5,-1
sigma+,pi,121,122,0.031352,6.371089e-07,5,5,5.5,e,-0.5,-1,5,5,5.5,e,+0.5,-1
sigma+,pi,122,123,0.031380,4.065943e-03,5,5,5.5,e,+0.5,-1,5,5,5.5,e,+1.5,-1
sigma+,pi,123,124,0.031408,1.508022e-02,5,5,5.5,e,+1.5,-1,5,5,5.5,e,+2.5,-1
sigma+,pi,124,125,0.031436,2.879559e-02,5,5,5.5,e,+2.5,-1,5,5,5.5,e,+3.5,-1
sigma+,pi,125,126,0.031463,3.806214e-02,5,5,5.5,e,+3.5,-1,5,5,5.5,e,+4.5,-1
sigma+,pi,126,127,0.031490,3.280465e-02,5,5,5.5,e,+4.5,-1,5,5,5.5,e,+5.5,-1
sigma+,pi,86,87,0.033928,3.170696e-02,4,4,4.5,f,-4.5,-1,4,4,4.5,f,-3.5,-1
sigma+,pi,87,88,0.033968,3.184343e-02,4,4,4.5,f,-3.5,-1,4,4,4.5,f,-2.5,-1
sigma+,pi,88,89,0.034008,1.868789e-02,4,4,4.5,f,-2.5,-1,4,4,4.5,f,-1.5,-1
sigma+,pi,89,90,0.034047,5.409824e-03,4,4,4.5,f,-1.5,-1,4,4,4.5,f,-0.5,-1
sigma+,pi,90,91,0.034086,6.390988e-07,4,4,4.5,f,-0.5,-1,4,4,4.5,f,+0.5,-1
sigma+,pi,91,92,0.034125,5.206923e-03,4,4,4.5,f,+0.5,-1,4,4,4.5,f,+1.5,-1
sigma+,pi,92,93,0.034163,1.846600e-02,4,4,4.5,f,+1.5,-1,4,4,4.5,f,+2.5,-1
sigma+,pi,93,94,0.034200,3.184362e-02,4,4,4.5,f,+2.5,-1,4,4,4.5,f,+3.5,-1
sigma+,pi,94,95,0.034237,3.197368e-02,4,4,4.5,f,+3.5,-1,4,4,4.5,f,+4.5,-1
sigma+,pi,76,77,0.039020,3.169734e-02,4,4,4.5,e,-4.5,+1,4,4,4.5,e,-3.5,+1
sigma+,pi,77,78,0.039066,3.184348e-02,4,4,4.5,e,-3.5,+1,4,4,4.5,e,-2.5,+1
sigma+,pi,78,79,0.039112,1.869581e-02,4,4,4.5,e,-2.5,+1,4,4,4.5,e,-1.5,+1
sigma+,pi,79,80,0.039157,5.417004e-03,4,4,4.5,e,-1.5,+1,4,4,4.5,e,-0.5,+1
sigma+,pi,80,81,0.039202,7.304710e-07,4,4,4.5,e,-0.5,+1,4,4,4.5,e,+0.5,+1
sigma+,pi,81,82,0.039246,5.200078e-03,4,4,4.5,e,+0.5,+1,4,4,4.5,e,+1.5,+1
sigma+,pi,114,115,0.039255,3.571043e-02,5,5,4.5,f,+3.5,+1,5,5,4.5,f,+4.5,+1
sigma+,pi,113,114,0.039278,3.580543e-02,5,5,4.5,f,+2.5,+1,5,5,4.5,f,+3.5,+1
sigma+,pi,82,83,0.039289,1.845857e-02,4,4,4.5,e,+1.5,+1,4,4,4.5,e,+2.5,+1
sigma+,pi,112,113,0.039302,2.097494e-02,5,5,4.5,f,+1.5,+1,5,5,4.5,f,+2.5,+1
sigma+,pi,111,112,0.039326,6.055755e-03,5,5,4.5,f,+0.5,+1,5,5,4.5,f,+1.5,+1
sigma+,pi,83,84,0.039332,3.184365e-02,4,4,4.5,e,+2.5,+1,4,4,4.5,e,+3.5,+1
sigma+,pi,110,111,0.039351,5.465111e-07,5,5,4.5,f,-0.5,+1,5,5,4.5,f,+0.5,+1
sigma+,pi,84,85,0.039374,3.198248e-02,4,4,4.5,e,+3.5,+1,4,4,4.5,e,+4.5,+1
sigma+,pi,109,110,0.039375,5.845790e-03,5,5,4.5,f,-1.5,+1,5,5,4.5,f,-0.5,+1
sigma+,pi,108,109,0.039400,2.067854e-02,5,5,4.5,f,-2.5,+1,5,5,4.5,f,-1.5,+1
sigma+,pi,107,108,0.039426,3.560203e-02,5,5,4.5,f,-3.5,+1,5,5,4.5,f,-2.5,+1
sigma+,pi,106,107,0.039451,3.570005e-02,5,5,4.5,f,-4.5,+1,5,5,4.5,f,-3.5,+1
sigma+,pi,104,105,0.045517,3.571086e-02,5,5,4.5,e,+3.5,-1,5,5,4.5,e,+4.5,-1
sigma+,pi,103,104,0.045544,3.581325e-02,5,5,4.5,e,+2.5,-1,5,5,4.5,e,+3.5,-1
sigma+,pi,102,103,0.045572,2.098646e-02,5,5,4.5,e,+1.5,-1,5,5,4.5,e,+2.5,-1
sigma+,pi,101,102,0.045600,6.064039e-03,5,5,4.5,e,+0.5,-1,5,5,4.5,e,+1.5,-1
sigma+,pi,100,101,0.045628,6.363060e-07,5,5,4.5,e,-0.5,-1,5,5,4.5,e,+0.5,-1
sigma+,pi,99,100,0.045657,5.837482e-03,5,5,4.5,e,-1.5,-1,5,5,4.5,e,-0.5,-1
sigma+,pi,98,99,0.045686,2.066663e-02,5,5,4.5,e,-2.5,-1,5,5,4.5,e,-1.5,-1
sigma+,pi,97,98,0.045715,3.559377e-02,5,5,4.5,e,-3.5,-1,5,5,4.5,e,-2.5,-1
sigma+,pi,96,97,0.045745,3.569967e-02,5,5,4.5,e,-4.5,-1,5,5,4.5,e,-3.5,-1
sigma+,pi,52,53,0.049402,2.663984e-02,3,3,3.5,f,-3.5,+1,3,3,3.5,f,-2.5,+1
sigma+,pi,53,54,0.049482,2.045832e-02,3,3,3.5,f,-2.5,+1,3,3,3.5,f,-1.5,+1
sigma+,pi,54,55,0.049561,6.489815e-03,3,3,3.5,f,-1.5,+1,3,3,3.5,f,-0.5,+1
sigma+,pi,55,56,0.049638,7.994952e-07,3,3,3.5,f,-0.5,+1,3,3,3.5,f,+0.5,+1
sigma+,pi,56,57,0.049715,6.265964e-03,3,3,3.5,f,+0.5,+1,3,3,3.5,f,+1.5,+1
sigma+,pi,57,58,0.049790,2.035319e-02,3,3,3.5,f,+1.5,+1,3,3,3.5,f,+2.5,+1
sigma+,pi,58,59,0.049864,2.691699e-02,3,3,3.5,f,+2.5,+1,3,3,3.5,f,+3.5,+1
sigma+,pi,74,75,0.052498,3.444899e-02,4,4,3.5,f,+2.5,-1,4,4,3.5,f,+3.5,-1
sigma+,pi,73,74,0.052536,2.636024e-02,4,4,3.5,f,+1.5,-1,4,4,3.5,f,+2.5,-1
sigma+,pi,72,73,0.052574,8.320199e-03,4,4,3.5,f,+0.5,-1,4,4,3.5,f,+1.5,-1
sigma+,pi,71,72,0.052613,6.379655e-07,4,4,3.5,f,-0.5,-1,4,4,3.5,f,+0.5,-1
sigma+,pi,70,71,0.052652,8.065053e-03,4,4,3.5,f,-1.5,-1,4,4,3.5,f,-0.5,-1
sigma+,pi,69,70,0.052691,2.607128e-02,4,4,3.5,f,-2.5,-1,4,4,3.5,f,-1.5,-1
sigma+,pi,68,69,0.052731,3.437016e-02,4,4,3.5,f,-3.5,-1,4,4,3.5,f,-2.5,-1
sigma+,pi,44,45,0.054308,2.663192e-02,3,3,3.5,e,-3.5,-1,3,3,3.5,e,-2.5,-1
sigma+,pi,45,46,0.054397,2.046137e-02,3,3,3.5,e,-2.5,-1,3,3,3.5,e,-1.5,-1
sigma+,pi,46,47,0.054485,6.496150e-03,3,3,3.5,e,-1.5,-1,3,3,3.5,e,-0.5,-1
sigma+,pi,47,48,0.054571,8.900067e-07,3,3,3.5,e,-0.5,-1,3,3,3.5,e,+0.5,-1
sigma+,pi,48,49,0.054656,6.259958e-03,3,3,3.5,e,+0.5,-1,3,3,3.5,e,+1.5,-1
sigma+,pi,49,50,0.054740,2.035041e-02,3,3,3.5,e,+1.5,-1,3,3,3.5,e,+2.5,-1
sigma+,pi,50,51,0.054822,2.692431e-02,3,3,3.5,e,+2.5,-1,3,3,3.5,e,+3.5,-1
sigma+,pi,66,67,0.058876,3.445165e-02,4,4,3.5,e,+2.5,+1,4,4,3.5,e,+3.5,+1
sigma+,pi,65,66,0.058919,2.637001e-02,4,4,3.5,e,+1.5,+1,4,4,3.5,e,+2.5,+1
sigma+,pi,64,65,0.058962,8.328965e-03,4,4,3.5,e,+0.5,+1,4,4,3.5,e,+1.5,+1
sigma+,pi,63,64,0.059006,7.289965e-07,4,4,3.5,e,-0.5,+1,4,4,3.5,e,+0.5,+1
sigma+,pi,62,63,0.059051,8.056224e-03,4,4,3.5,e,-1.5,+1,4,4,3.5,e,-0.5,+1
sigma+,pi,61,62,0.059096,2.606112e-02,4,4,3.5,e,-2.5,+1,4,4,3.5,e,-1.5,+1
sigma+,pi,60,61,0.059142,3.436739e-02,4,4,3.5,e,-3.5,+1,4,4,3.5,e,-2.5,+1
sigma+,pi,42,43,0.079362,2.765637e-02,3,3,2.5,f,+1.5,+1,3,3,2.5,f,+2.5,+1
sigma+,pi,41,42,0.079438,1.117598e-02,3,3,2.5,f,+0.5,+1,3,3,2.5,f,+1.5,+1
sigma+,pi,40,41,0.079515,7.968186e-07,3,3,2.5,f,-0.5,+1,3,3,2.5,f,+0.5,+1
sigma+,pi,39,40,0.079593,1.087284e-02,3,3,2.5,f,-1.5,+1,3,3,2.5,f,-0.5,+1
sigma+,pi,38,39,0.079672,2.746618e-02,3,3,2.5,f,-2.5,+1,3,3,2.5,f,-1.5,+1
sigma+,pi,26,27,0.085641,1.214254e-02,2,2,2.5,f,-2.5,-1,2,2,2.5,f,-1.5,-1
sigma+,pi,27,28,0.085888,4.970434e-03,2,2,2.5,f,-1.5,-1,2,2,2.5,f,-0.5,-1
sigma+,pi,36,37,0.085921,2.766148e-02,3,3,2.5,e,+1.5,-1,3,3,2.5,e,+2.5,-1
sigma+,pi,35,36,0.086005,1.118426e-02,3,3,2.5,e,+0.5,-1,3,3,2.5,e,+1.5,-1
sigma+,pi,34,35,0.086091,8.868182e-07,3,3,2.5,e,-0.5,-1,3,3,2.5,e,+0.5,-1
sigma+,pi,28,29,0.086129,8.805628e-07,2,2,2.5,f,-0.5,-1,2,2,2.5,f,+0.5,-1
sigma+,pi,33,34,0.086178,1.086446e-02,3,3,2.5,e,-1.5,-1,3,3,2.5,e,-0.5,-1
sigma+,pi,32,33,0.086266,2.746086e-02,3,3,2.5,e,-2.5,-1,3,3,2.5,e,-1.5,-1
sigma+,pi,29,30,0.086365,4.821989e-03,2,2,2.5,f,+0.5,-1,2,2,2.5,f,+1.5,-1
sigma+,pi,30,31,0.086595,1.232906e-02,2,2,2.5,f,+1.5,-1,2,2,2.5,f,+2.5,-1
sigma+,pi,20,21,0.090208,1.213904e-02,2,2,2.5,e,-2.5,+1,2,2,2.5,e,-1.5,+1
sigma+,pi,21,22,0.090474,4.973252e-03,2,2,2.5,e,-1.5,+1,2,2,2.5,e,-0.5,+1
sigma+,pi,22,23,0.090733,9.461442e-07,2,2,2.5,e,-0.5,+1,2,2,2.5,e,+0.5,+1
sigma+,pi,23,24,0.090986,4.819365e-03,2,2,2.5,e,+0.5,+1,2,2,2.5,e,+1.5,+1
sigma+,pi,24,25,0.091233,1.233234e-02,2,2,2.5,e,+1.5,+1,2,2,2.5,e,+2.5,+1
sigma+,pi,18,19,0.148915,1.013939e-02,2,2,1.5,f,+0.5,-1,2,2,1.5,f,+1.5,-1
sigma+,pi,17,18,0.149152,8.738050e-07,2,2,1.5,f,-0.5,-1,2,2,1.5,f,+0.5,-1
sigma+,pi,16,17,0.149395,9.900631e-03,2,2,1.5,f,-1.5,-1,2,2,1.5,f,-0.5,-1
sigma+,pi,14,15,0.155801,1.014370e-02,2,2,1.5,e,+0.5,+1,2,2,1.5,e,+1.5,+1
sigma+,pi,13,14,0.156056,9.386521e-07,2,2,1.5,e,-0.5,+1,2,2,1.5,e,+0.5,+1
sigma+,pi,12,13,0.156317,9.896252e-03,2,2,1.5,e,-1.5,+1,2,2,1.5,e,-0.5,+1
sigma+,pi,8,9,0.204616,9.855441e-03,1,1,1.5,f,-1.5,+1,1,1,1.5,f,-0.5,+1
sigma+,pi,9,10,0.206686,8.065481e-06,1,1,1.5,f,-0.5,+1,1,1,1.5,f,+0.5,+1
sigma+,pi,4,5,0.208387,9.852799e-03,1,1,1.5,e,-1.5,-1,1,1,1.5,e,-0.5,-1
sigma+,pi,10,11,0.208657,1.018197e-02,1,1,1.5,f,+0.5,+1,1,1,1.5,f,+1.5,+1
sigma+,pi,5,6,0.210523,8.317701e-06,1,1,1.5,e,-0.5,-1,1,1,1.5,e,+0.5,-1
sigma+,pi,6,7,0.212555,1.018445e-02,1,1,1.5,e,+0.5,-1,1,1,1.5,e,+1.5,-1
sigma+,pi,2,3,0.453261,8.022052e-06,1,1,0.5,f,-0.5,+1,1,1,0.5,f,+0.5,+1
sigma+,pi,0,1,0.460932,8.274417e-06,1,1,0.5,e,-0.5,-1,1,1,0.5,e,+0.5,-1
sigma+,pi,128,106,3.544151,3.391268e-03,5,5,5.5,f,-5.5,+1,5,5,4.5,f,-4.5,+1
sigma+,pi,116,96,3.544695,3.401342e-03,5,5,5.5,e,-5.5,-1,5,5,4.5,e,-4.5,-1
sigma+,pi,129,107,3.557607,8.497316e-04,5,5,5.5,f,-4.5,+1,5,5,4.5,f,-3.5,+1
sigma+,pi,117,97,3.559235,8.517015e-04,5,5,5.5,e,-4.5,-1,5,5,4.5,e,-3.5,-1
sigma+,pi,130,108,3.571013,2.696015e-05,5,5,5.5,f,-3.5,+1,5,5,4.5,f,-2.5,+1
sigma+,pi,118,98,3.573715,2.700181e-05,5,5,5.5,e,-3.5,-1,5,5,4.5,e,-2.5,-1
sigma+,pi,131,109,3.584368,1.875795e-04,5,5,5.5,f,-2.5,+1,5,5,4.5,f,-1.5,+1
sigma+,pi,119,99,3.588136,1.878000e-04,5,5,5.5,e,-2.5,-1,5,5,4.5,e,-1.5,-1
sigma+,pi,132,110,3.597673,7.600471e-04,5,5,5.5,f,-1.5,+1,5,5,4.5,f,-0.5,+1
sigma+,pi,120,100,3.602499,7.604539e-04,5,5,5.5,e,-1.5,-1,5,5,4.5,e,-0.5,-1
sigma+,pi,133,111,3.610928,1.330560e-03,5,5,5.5,f,-0.5,+1,5,5,4.5,f,+0.5,+1
sigma+,pi,121,101,3.616804,1.330467e-03,5,5,5.5,e,-0.5,-1,5,5,4.5,e,+0.5,-1
sigma+,pi,134,112,3.624135,1.637234e-03,5,5,5.5,f,+0.5,+1,5,5,4.5,f,+1.5,+1
sigma+,pi,122,102,3.631052,1.636152e-03,5,5,5.5,e,+0.5,-1,5,5,4.5,e,+1.5,-1
sigma+,pi,135,113,3.637293,1.564537e-03,5,5,5.5,f,+1.5,+1,5,5,4.5,f,+2.5,+1
sigma+,pi,123,103,3.645243,1.562597e-03,5,5,5.5,e,+1.5,-1,5,5,4.5,e,+2.5,-1
sigma+,pi,136,114,3.650403,1.137965e-03,5,5,5.5,f,+2.5,+1,5,5,4.5,f,+3.5,+1
sigma+,pi,124,104,3.659379,1.135906e-03,5,5,5.5,e,+2.5,-1,5,5,4.5,e,+3.5,-1
sigma+,pi,137,115,3.663465,5.189539e-04,5,5,5.5,f,+3.5,+1,5,5,4.5,f,+4.5,+1
sigma+,pi,125,105,3.673460,5.177239e-04,5,5,5.5,e,+3.5,-1,5,5,4.5,e,+4.5,-1
sigma+,pi,86,68,4.404848,4.115611e-03,4,4,4.5,f,-4.5,-1,4,4,3.5,f,-3.5,-1
sigma+,pi,76,60,4.405510,4.125222e-03,4,4,4.5,e,-4.5,+1,4,4,3.5,e,-3.5,+1
sigma+,pi,87,69,4.423652,5.827947e-04,4,4,4.5,f,-3.5,-1,4,4,3.5,f,-2.5,-1
sigma+,pi,77,61,4.425632,5.837819e-04,4,4,4.5,e,-3.5,+1,4,4,3.5,e,-2.5,+1
sigma+,pi,88,70,4.442375,4.820092e-05,4,4,4.5,f,-2.5,-1,4,4,3.5,f,-1.5,-1
sigma+,pi,78,62,4.445662,4.826019e-05,4,4,4.5,e,-2.5,+1,4,4,3.5,e,-1.5,+1
sigma+,pi,89,71,4.461019,8.529169e-04,4,4,4.5,f,-1.5,-1,4,4,3.5,f,-0.5,-1
sigma+,pi,79,63,4.465601,8.533813e-04,4,4,4.5,e,-1.5,+1,4,4,3.5,e,-0.5,+1
sigma+,pi,90,72,4.479585,1.826706e-03,4,4,4.5,f,-0.5,-1,4,4,3.5,f,+0.5,-1
sigma+,pi,80,64,4.485450,1.826610e-03,4,4,4.5,e,-0.5,+1,4,4,3.5,e,+0.5,+1
sigma+,pi,91,73,4.498072,2.267665e-03,4,4,4.5,f,+0.5,-1,4,4,3.5,f,+1.5,-1
sigma+,pi,81,65,4.505210,2.266229e-03,4,4,4.5,e,+0.5,+1,4,4,3.5,e,+1.5,+1
sigma+,pi,92,74,4.516484,1.922882e-03,4,4,4.5,f,+1.5,-1,4,4,3.5,f,+2.5,-1
sigma+,pi,82,66,4.524883,1.920571e-03,4,4,4.5,e,+1.5,+1,4,4,3.5,e,+2.5,+1
sigma+,pi,93,75,4.534819,9.700556e-04,4,4,4.5,f,+2.5,-1,4,4,3.5,f,+3.5,-1
sigma+,pi,83,67,4.544470,9.683483e-04,4,4,4.5,e,+2.5,+1,4,4,3.5,e,+3.5,+1
sigma+,pi,52,38,5.771352,4.602836e-03,3,3,3.5,f,-3.5,+1,3,3,2.5,f,-2.5,+1
sigma+,pi,44,32,5.772201,4.610738e-03,3,3,3.5,e,-3.5,-1,3,3,2.5,e,-2.5,-1
sigma+,pi,53,39,5.801622,1.300652e-04,3,3,3.5,f,-2.5,+1,3,3,2.5,f,-1.5,+1
sigma+,pi,45,33,5.804159,1.302038e-04,3,3,3.5,e,-2.5,-1,3,3,2.5,e,-1.5,-1
sigma+,pi,54,40,5.831733,7.727496e-04,3,3,3.5,f,-1.5,+1,3,3,2.5,f,-0.5,+1
sigma+,pi,46,34,5.835940,7.731752e-04,3,3,3.5,e,-1.5,-1,3,3,2.5,e,-0.5,-1
sigma+,pi,55,41,5.861686,2.497923e-03,3,3,3.5,f,-0.5,+1,3,3,2.5,f,+0.5,+1
sigma+,pi,47,35,5.867545,2.497825e-03,3,3,3.5,e,-0.5,-1,3,3,2.5,e,+0.5,-1
sigma+,pi,56,42,5.891486,3.052468e-03,3,3,3.5,f,+0.5,+1,3,3,2.5,f,+1.5,+1
sigma+,pi,48,36,5.898979,3.050611e-03,3,3,3.5,e,+0.5,-1,3,3,2.5,e,+1.5,-1
sigma+,pi,57,43,5.921133,1.872801e-03,3,3,3.5,f,+1.5,+1,3,3,2.5,f,+2.5,+1
sigma+,pi,49,37,5.930244,1.870621e-03,3,3,3.5,e,+1.5,-1,3,3,2.5,e,+2.5,-1
sigma+,pi,26,16,8.321715,3.151720e-03,2,2,2.5,f,-2.5,-1,2,2,1.5,f,-1.5,-1
sigma+,pi,20,12,8.322902,3.155214e-03,2,2,2.5,e,-2.5,+1,2,2,1.5,e,-1.5,+1
sigma+,pi,27,17,8.385469,2.069531e-04,2,2,2.5,f,-1.5,-1,2,2,1.5,f,-0.5,-1
sigma+,pi,21,13,8.389012,2.070682e-04,2,2,2.5,e,-1.5,+1,2,2,1.5,e,-0.5,+1
sigma+,pi,28,18,8.448734,2.547077e-03,2,2,2.5,f,-0.5,-1,2,2,1.5,f,+0.5,-1
sigma+,pi,22,14,8.454594,2.547001e-03,2,2,2.5,e,-0.5,+1,2,2,1.5,e,+0.5,+1
sigma+,pi,29,19,8.511520,2.709647e-03,2,2,2.5,f,+0.5,-1,2,2,1.5,f,+1.5,-1
sigma+,pi,23,15,8.519663,2.708074e-03,2,2,2.5,e,+0.5,+1,2,2,1.5,e,+1.5,+1
sigma+,pi,8,2,15.132972,5.161105e-03,1,1,1.5,f,-1.5,+1,1,1,0.5,f,-0.5,+1
sigma+,pi,4,0,15.134951,5.163717e-03,1,1,1.5,e,-1.5,-1,1,1,0.5,e,-0.5,-1
sigma+,pi,9,3,15.381617,1.497609e-02,1,1,1.5,f,-0.5,+1,1,1,0.5,f,+0.5,+1
sigma+,pi,5,1,15.387496,1.497585e-02,1,1,1.5,e,-0.5,-1,1,1,0.5,e,+0.5,-1
sigma+,pi,3,24,29073.170175,2.611607e-02,1,1,0.5,f,+0.5,+1,2,2,2.5,e,+1.5,+1
sigma+,pi,2,23,29073.532450,1.324054e-02,1,1,0.5,f,-0.5,+1,2,2,2.5,e,+0.5,+1
sigma+,pi,3,15,29081.598852,1.580868e-02,1,1,0.5,f,+0.5,+1,2,2,1.5,e,+1.5,+1
sigma+,pi,2,14,29081.896311,4.454744e-02,1,1,0.5,f,-0.5,+1,2,2,1.5,e,+0.5,+1
sigma+,pi,11,25,29088.227683,5.001515e-02,1,1,1.5,f,+1.5,+1,2,2,2.5,e,+2.5,+1
sigma+,pi,10,24,29088.345106,3.714901e-03,1,1,1.5,f,+0.5,+1,2,2,2.5,e,+1.5,+1
sigma+,pi,9,23,29088.460806,4.223311e-02,1,1,1.5,f,-0.5,+1,2,2,2.5,e,+0.5,+1
sigma+,pi,8,22,29088.574689,4.430365e-02,1,1,1.5,f,-1.5,+1,2,2,2.5,e,-0.5,+1
sigma+,pi,1,30,29094.319403,2.612355e-02,1,1,0.5,e,+0.5,-1,2,2,2.5,f,+1.5,-1
sigma+,pi,0,29,29094.693971,1.321556e-02,1,1,0.5,e,-0.5,-1,2,2,2.5,f,+0.5,-1
sigma+,pi,10,15,29096.773783,2.932942e-02,1,1,1.5,f,+0.5,+1,2,2,1.5,e,+1.5,+1
sigma+,pi,9,14,29096.824668,2.576745e-07,1,1,1.5,f,-0.5,+1,2,2,1.5,e,+0.5,+1
sigma+,pi,8,13,29096.873227,3.068976e-02,1,1,1.5,f,-1.5,+1,2,2,1.5,e,-0.5,+1
sigma+,pi,1,19,29102.744558,1.580532e-02,1,1,0.5,e,+0.5,-1,2,2,1.5,f,+1.5,-1
sigma+,pi,0,18,29103.056576,4.456372e-02,1,1,0.5,e,-0.5,-1,2,2,1.5,f,+0.5,-1
sigma+,pi,7,31,29109.370417,5.001514e-02,1,1,1.5,e,+1.5,-1,2,2,2.5,f,+2.5,-1
sigma+,pi,6,30,29109.496376,3.712754e-03,1,1,1.5,e,+0.5,-1,2,2,2.5,f,+1.5,-1
sigma+,pi,5,29,29109.620535,4.224172e-02,1,1,1.5,e,-0.5,-1,2,2,2.5,f,+0.5,-1
sigma+,pi,4,28,29109.742793,4.432884e-02,1,1,1.5,e,-1.5,-1,2,2,2.5,f,-0.5,-1
sigma+,pi,6,19,29117.921532,2.932744e-02,1,1,1.5,e,+0.5,-1,2,2,1.5,f,+1.5,-1
sigma+,pi,5,18,29117.983140,3.787196e-07,1,1,1.5,e,-0.5,-1,2,2,1.5,f,+0.5,-1
sigma+,pi,4,17,29118.042375,3.066462e-02,1,1,1.5,e,-1.5,-1,2,2,1.5,f,-0.5,-1
sigma+,pi,19,50,43614.199355,3.983481e-03,2,2,1.5,f,+1.5,-1,3,3,3.5,e,+2.5,-1
sigma+,pi,18,49,43614.293530,4.035405e-03,2,2,1.5,f,+0.5,-1,3,3,3.5,e,+1.5,-1
sigma+,pi,17,48,43614.388026,2.453023e-03,2,2,1.5,f,-0.5,-1,3,3,3.5,e,+0.5,-1
sigma+,pi,16,47,43614.482850,8.284816e-04,2,2,1.5,f,-1.5,-1,3,3,3.5,e,-0.5,-1
sigma+,pi,19,37,43620.074859,2.479111e-02,2,2,1.5,f,+1.5,-1,3,3,2.5,e,+2.5,-1
sigma+,pi,18,36,43620.137853,1.551999e-03,2,2,1.5,f,+0.5,-1,3,3,2.5,e,+1.5,-1
sigma+,pi,17,35,43620.201000,2.026505e-02,2,2,1.5,f,-0.5,-1,3,3,2.5,e,+0.5,-1
sigma+,pi,16,34,43620.264305,2.206238e-02,2,2,1.5,f,-1.5,-1,3,3,2.5,e,-0.5,-1
sigma+,pi,31,51,43622.592738,3.572423e-02,2,2,2.5,f,+2.5,-1,3,3,3.5,e,+3.5,-1
sigma+,pi,30,50,43622.624511,9.586189e-04,2,2,2.5,f,+1.5,-1,3,3,3.5,e,+2.5,-1
sigma+,pi,29,49,43622.656135,6.283259e-03,2,2,2.5,f,+0.5,-1,3,3,3.5,e,+1.5,-1
sigma+,pi,28,48,43622.687608,2.013645e-02,2,2,2.5,f,-0.5,-1,3,3,3.5,e,+0.5,-1
sigma+,pi,27,47,43622.718924,2.462282e-02,2,2,2.5,f,-1.5,-1,3,3,3.5,e,-0.5,-1
sigma+,pi,26,46,43622.750080,1.514210e-02,2,2,2.5,f,-2.5,-1,3,3,3.5,e,-1.5,-1
sigma+,pi,26,33,43628.499842,6.289312e-03,2,2,2.5,f,-2.5,-1,3,3,2.5,e,-1.5,-1
sigma+,pi,30,37,43628.500015,5.969788e-03,2,2,2.5,f,+1.5,-1,3,3,2.5,e,+2.5,-1
sigma+,pi,27,34,43628.500379,2.482653e-03,2,2,2.5,f,-1.5,-1,3,3,2.5,e,-0.5,-1
sigma+,pi,29,36,43628.500458,2.418258e-03,2,2,2.5,f,+0.5,-1,3,3,2.5,e,+1.5,-1
sigma+,pi,28,35,43628.500582,1.429826e-11,2,2,2.5,f,-0.5,-1,3,3,2.5,e,+0.5,-1
sigma+,pi,15,58,43661.786653,3.991273e-03,2,2,1.5,e,+1.5,+1,3,3,3.5,f,+2.5,+1
sigma+,pi,14,57,43661.892665,4.029809e-03,2,2,1.5,e,+0.5,+1,3,3,3.5,f,+1.5,+1
sigma+,pi,13,56,43661.999006,2.441339e-03,2,2,1.5,e,-0.5,+1,3,3,3.5,f,+0.5,+1
sigma+,pi,12,55,43662.105685,8.217097e-04,2,2,1.5,e,-1.5,+1,3,3,3.5,f,-0.5,+1
sigma+,pi,15,43,43667.657996,2.479094e-02,2,2,1.5,e,+1.5,+1,3,3,2.5,f,+2.5,+1
sigma+,pi,14,42,43667.734435,1.552907e-03,2,2,1.5,e,+0.5,+1,3,3,2.5,f,+1.5,+1
sigma+,pi,13,41,43667.811054,2.027194e-02,2,2,1.5,e,-0.5,+1,3,3,2.5,f,+0.5,+1
sigma+,pi,12,40,43667.887857,2.207079e-02,2,2,1.5,e,-1.5,+1,3,3,2.5,f,-0.5,+1
sigma+,pi,25,59,43670.173961,3.572423e-02,2,2,2.5,e,+2.5,+1,3,3,3.5,f,+3.5,+1
sigma+,pi,24,58,43670.215330,9.591824e-04,2,2,2.5,e,+1.5,+1,3,3,3.5,f,+2.5,+1
sigma+,pi,23,57,43670.256526,6.283197e-03,2,2,2.5,e,+0.5,+1,3,3,3.5,f,+1.5,+1
sigma+,pi,22,56,43670.297544,2.014124e-02,2,2,2.5,e,-0.5,+1,3,3,3.5,f,+0.5,+1
sigma+,pi,21,55,43670.338379,2.463310e-02,2,2,2.5,e,-1.5,+1,3,3,3.5,f,-0.5,+1
sigma+,pi,20,54,43670.379026,1.515100e-02,2,2,2.5,e,-2.5,+1,3,3,3.5,f,-1.5,+1
sigma+,pi,24,43,43676.086673,5.961594e-03,2,2,2.5,e,+1.5,+1,3,3,2.5,f,+2.5,+1
sigma+,pi,23,42,43676.098297,2.423009e-03,2,2,2.5,e,+0.5,+1,3,3,2.5,f,+1.5,+1
sigma+,pi,22,41,43676.109592,1.305178e-08,2,2,2.5,e,-0.5,+1,3,3,2.5,f,+0.5,+1
sigma+,pi,21,40,43676.120551,2.470745e-03,2,2,2.5,e,-1.5,+1,3,3,2.5,f,-0.5,+1
sigma+,pi,20,39,43676.131166,6.280413e-03,2,2,2.5,e,-2.5,+1,3,3,2.5,f,-1.5,+1
sigma+,pi,43,84,58145.996985,1.025453e-03,3,3,2.5,f,+2.5,+1,4,4,4.5,e,+3.5,+1
sigma+,pi,42,83,58146.037015,1.299139e-03,3,3,2.5,f,+1.5,+1,4,4,4.5,e,+2.5,+1
sigma+,pi,41,82,58146.077164,1.128681e-03,3,3,2.5,f,+0.5,+1,4,4,4.5,e,+1.5,+1
sigma+,pi,40,81,58146.117433,7.627365e-04,3,3,2.5,f,-0.5,+1,4,4,4.5,e,+0.5,+1
sigma+,pi,39,80,58146.157824,3.866096e-04,3,3,2.5,f,-1.5,+1,4,4,4.5,e,-0.5,+1
sigma+,pi,38,79,58146.198339,1.175861e-04,3,3,2.5,f,-2.5,+1,4,4,4.5,e,-1.5,+1
sigma+,pi,43,67,58150.502123,2.079267e-02,3,3,2.5,f,+2.5,+1,4,4,3.5,e,+3.5,+1
sigma+,pi,42,66,58150.522609,6.196386e-04,3,3,2.5,f,+1.5,+1,4,4,3.5,e,+2.5,+1
sigma+,pi,41,65,58150.543129,3.482337e-03,3,3,2.5,f,+0.5,+1,4,4,3.5,e,+1.5,+1
sigma+,pi,40,64,58150.563681,1.151040e-02,3,3,2.5,f,-0.5,+1,4,4,3.5,e,+0.5,+1
sigma+,pi,39,63,58150.584268,1.427863e-02,3,3,2.5,f,-1.5,+1,4,4,3.5,e,-0.5,+1
sigma+,pi,38,62,58150.604889,8.879654e-03,3,3,2.5,f,-2.5,+1,4,4,3.5,e,-1.5,+1
sigma+,pi,59,85,58151.857837,2.500595e-02,3,3,3.5,f,+3.5,+1,4,4,4.5,e,+4.5,+1
sigma+,pi,58,84,58151.868327,3.517231e-03,3,3,3.5,f,+2.5,+1,4,4,4.5,e,+3.5,+1
sigma+,pi,57,83,58151.878786,3.186230e-04,3,3,3.5,f,+1.5,+1,4,4,4.5,e,+2.5,+1
sigma+,pi,56,82,58151.889212,5.388055e-03,3,3,3.5,f,+0.5,+1,4,4,4.5,e,+1.5,+1
sigma+,pi,55,81,58151.899605,1.153528e-02,3,3,3.5,f,-0.5,+1,4,4,4.5,e,+0.5,+1
sigma+,pi,54,80,58151.909964,1.436316e-02,3,3,3.5,f,-1.5,+1,4,4,4.5,e,-0.5,+1
sigma+,pi,53,79,58151.920289,1.222740e-02,3,3,3.5,f,-2.5,+1,4,4,4.5,e,-1.5,+1
sigma+,pi,52,78,58151.930579,6.194839e-03,3,3,3.5,f,-3.5,+1,4,4,4.5,e,-2.5,+1
sigma+,pi,52,61,58156.317145,1.842235e-03,3,3,3.5,f,-3.5,+1,4,4,3.5,e,-2.5,+1
sigma+,pi,53,62,58156.326839,1.393989e-03,3,3,3.5,f,-2.5,+1,4,4,3.5,e,-1.5,+1
sigma+,pi,54,63,58156.336407,4.341207e-04,3,3,3.5,f,-1.5,+1,4,4,3.5,e,-0.5,+1
sigma+,pi,55,64,58156.345853,1.141682e-08,3,3,3.5,f,-0.5,+1,4,4,3.5,e,+0.5,+1
sigma+,pi,56,65,58156.355176,4.185010e-04,3,3,3.5,f,+0.5,+1,4,4,3.5,e,+1.5,+1
sigma+,pi,57,66,58156.364380,1.335020e-03,3,3,3.5,f,+1.5,+1,4,4,3.5,e,+2.5,+1
sigma+,pi,58,67,58156.373466,1.741047e-03,3,3,3.5,f,+2.5,+1,4,4,3.5,e,+3.5,+1
sigma+,pi,37,94,58230.602632,1.030404e-03,3,3,2.5,e,+2.5,-1,4,4,4.5,f,+3.5,-1
sigma+,pi,36,93,58230.654353,1.299519e-03,3,3,2.5,e,+1.5,-1,4,4,4.5,f,+2.5,-1
sigma+,pi,35,92,58230.706195,1.123876e-03,3,3,2.5,e,+0.5,-1,4,4,4.5,f,+1.5,-1
sigma+,pi,34,91,58230.758161,7.560099e-04,3,3,2.5,e,-0.5,-1,4,4,4.5,f,+0.5,-1
sigma+,pi,33,90,58230.810253,3.814309e-04,3,3,2.5,e,-1.5,-1,4,4,4.5,f,-0.5,-1
sigma+,pi,32,89,58230.862471,1.154712e-04,3,3,2.5,e,-2.5,-1,4,4,4.5,f,-1.5,-1
sigma+,pi,37,75,58235.103251,2.079308e-02,3,3,2.5,e,+2.5,-1,4,4,3.5,f,+3.5,-1
sigma+,pi,36,74,58235.136674,6.194941e-04,3,3,2.5,e,+1.5,-1,4,4,3.5,f,+2.5,-1
sigma+,pi,35,73,58235.170143,3.483547e-03,3,3,2.5,e,+0.5,-1,4,4,3.5,f,+1.5,-1
sigma+,pi,34,72,58235.203660,1.151420e-02,3,3,2.5,e,-0.5,-1,4,4,3.5,f,+0.5,-1
sigma+,pi,33,71,58235.237224,1.428393e-02,3,3,2.5,e,-1.5,-1,4,4,3.5,f,-0.5,-1
sigma+,pi,32,70,58235.270838,8.883427e-03,3,3,2.5,e,-2.5,-1,4,4,3.5,f,-1.5,-1
sigma+,pi,51,95,58236.457551,2.500595e-02,3,3,3.5,e,+3.5,-1,4,4,4.5,f,+4.5,-1
sigma+,pi,50,94,58236.478136,3.517901e-03,3,3,3.5,e,+2.5,-1,4,4,4.5,f,+3.5,-1
sigma+,pi,49,93,58236.498676,3.185023e-04,3,3,3.5,e,+1.5,-1,4,4,4.5,f,+2.5,-1
sigma+,pi,48,92,58236.519169,5.388647e-03,3,3,3.5,e,+0.5,-1,4,4,4.5,f,+1.5,-1
sigma+,pi,47,91,58236.539616,1.153822e-02,3,3,3.5,e,-0.5,-1,4,4,4.5,f,+0.5,-1
sigma+,pi,46,90,58236.560015,1.436853e-02,3,3,3.5,e,-1.5,-1,4,4,4.5,f,-0.5,-1
sigma+,pi,45,89,58236.580364,1.223337e-02,3,3,3.5,e,-2.5,-1,4,4,4.5,f,-1.5,-1
sigma+,pi,44,88,58236.600664,6.198567e-03,3,3,3.5,e,-3.5,-1,4,4,4.5,f,-2.5,-1
sigma+,pi,50,75,58240.978755,1.735015e-03,3,3,3.5,e,+2.5,-1,4,4,3.5,f,+3.5,-1
sigma+,pi,49,74,58240.980997,1.334906e-03,3,3,3.5,e,+1.5,-1,4,4,3.5,f,+2.5,-1
sigma+,pi,48,73,58240.983117,4.215029e-04,3,3,3.5,e,+0.5,-1,4,4,3.5,f,+1.5,-1
sigma+,pi,47,72,58240.985114,2.315601e-10,3,3,3.5,e,-0.5,-1,4,4,3.5,f,+0.5,-1
sigma+,pi,46,71,58240.986986,4.286292e-04,3,3,3.5,e,-1.5,-1,4,4,3.5,f,-0.5,-1
sigma+,pi,45,70,58240.988732,1.386364e-03,3,3,3.5,e,-2.5,-1,4,4,3.5,f,-1.5,-1
sigma+,pi,44,69,58240.990348,1.838508e-03,3,3,3.5,e,-3.5,-1,4,4,3.5,f,-2.5,-1
sigma+,pi,75,126,72671.117883,3.527051e-04,4,4,3.5,f,+3.5,-1,5,5,5.5,e,+4.5,-1
sigma+,pi,74,125,72671.138919,5.008186e-04,4,4,3.5,f,+2.5,-1,5,5,5.5,e,+3.5,-1
sigma+,pi,73,124,72671.160019,5.079812e-04,4,4,3.5,f,+1.5,-1,5,5,5.5,e,+2.5,-1
sigma+,pi,72,123,72671.181185,4.293986e-04,4,4,3.5,f,+0.5,-1,5,5,5.5,e,+1.5,-1
sigma+,pi,71,122,72671.202417,3.111388e-04,4,4,3.5,f,-0.5,-1,5,5,5.5,e,+0.5,-1
sigma+,pi,70,121,72671.223717,1.893892e-04,4,4,3.5,f,-1.5,-1,5,5,5.5,e,-0.5,-1
sigma+,pi,69,120,72671.245086,8.966853e-05,4,4,3.5,f,-2.5,-1,5,5,5.5,e,-1.5,-1
sigma+,pi,68,119,72671.266523,2.599436e-05,4,4,3.5,f,-3.5,-1,5,5,5.5,e,-2.5,-1
sigma+,pi,75,105,72674.759880,1.626088e-02,4,4,3.5,f,+3.5,-1,5,5,4.5,e,+4.5,-1
sigma+,pi,74,104,72674.766862,2.350613e-03,4,4,3.5,f,+2.5,-1,5,5,4.5,e,+3.5,-1
sigma+,pi,73,103,72674.773854,1.820537e-04,4,4,3.5,f,+1.5,-1,5,5,4.5,e,+2.5,-1
sigma+,pi,72,102,72674.780856,3.405522e-03,4,4,3.5,f,+0.5,-1,5,5,4.5,e,+1.5,-1
sigma+,pi,71,101,72674.787869,7.402653e-03,4,4,3.5,f,-0.5,-1,5,5,4.5,e,+0.5,-1
sigma+,pi,70,100,72674.794893,9.297664e-03,4,4,3.5,f,-1.5,-1,5,5,4.5,e,-0.5,-1
sigma+,pi,69,99,72674.801927,7.969061e-03,4,4,3.5,f,-2.5,-1,5,5,4.5,e,-1.5,-1
sigma+,pi,68,98,72674.808973,4.061812e-03,4,4,3.5,f,-3.5,-1,5,5,4.5,e,-2.5,-1
sigma+,pi,95,127,72675.615756,1.818553e-02,4,4,4.5,f,+4.5,-1,5,5,5.5,e,+5.5,-1
sigma+,pi,94,126,72675.618503,4.555949e-03,4,4,4.5,f,+3.5,-1,5,5,5.5,e,+4.5,-1
sigma+,pi,93,125,72675.621240,1.377035e-04,4,4,4.5,f,+2.5,-1,5,5,5.5,e,+3.5,-1
sigma+,pi,92,124,72675.623967,1.053736e-03,4,4,4.5,f,+1.5,-1,5,5,5.5,e,+2.5,-1
sigma+,pi,91,123,72675.626683,4.239767e-03,4,4,4.5,f,+0.5,-1,5,5,5.5,e,+1.5,-1
sigma+,pi,90,122,72675.629389,7.437205e-03,4,4,4.5,f,-0.5,-1,5,5,5.5,e,+0.5,-1
sigma+,pi,89,121,72675.632085,9.185836e-03,4,4,4.5,f,-1.5,-1,5,5,5.5,e,-0.5,-1
sigma+,pi,88,120,72675.634769,8.816251e-03,4,4,4.5,f,-2.5,-1,5,5,5.5,e,-1.5,-1
sigma+,pi,87,119,72675.637443,6.442023e-03,4,4,4.5,f,-3.5,-1,5,5,5.5,e,-2.5,-1
sigma+,pi,86,118,72675.640106,2.951614e-03,4,4,4.5,f,-4.5,-1,5,5,5.5,e,-3.5,-1
sigma+,pi,86,97,72679.168105,6.853619e-04,4,4,4.5,f,-4.5,-1,5,5,4.5,e,-3.5,-1
sigma+,pi,87,98,72679.179893,6.824464e-04,4,4,4.5,f,-3.5,-1,5,5,4.5,e,-2.5,-1
sigma+,pi,88,99,72679.191611,3.972412e-04,4,4,4.5,f,-2.5,-1,5,5,4.5,e,-1.5,-1
sigma+,pi,89,100,72679.203260,1.141928e-04,4,4,4.5,f,-1.5,-1,5,5,4.5,e,-0.5,-1
sigma+,pi,90,101,72679.214841,1.780479e-08,4,4,4.5,f,-0.5,-1,5,5,4.5,e,+0.5,-1
sigma+,pi,91,102,72679.226355,1.073357e-04,4,4,4.5,f,+0.5,-1,5,5,4.5,e,+1.5,-1
sigma+,pi,92,103,72679.237802,3.781309e-04,4,4,4.5,f,+1.5,-1,5,5,4.5,e,+2.5,-1
sigma+,pi,93,104,72679.249183,6.470554e-04,4,4,4.5,f,+2.5,-1,5,5,4.5,e,+3.5,-1
sigma+,pi,94,105,72679.260500,6.445795e-04,4,4,4.5,f,+3.5,-1,5,5,4.5,e,+4.5,-1
sigma+,pi,1,49,72716.889174,3.699875e-07,1,1,0.5,e,+0.5,-1,3,3,3.5,e,+1.5,-1
sigma+,pi,0,48,72717.295450,2.391659e-07,1,1,0.5,e,-0.5,-1,3,3,3.5,e,+0.5,-1
sigma+,pi,1,36,72722.733497,5.347495e-02,1,1,0.5,e,+0.5,-1,3,3,2.5,e,+1.5,-1
sigma+,pi,0,35,72723.108424,2.699547e-02,1,1,0.5,e,-0.5,-1,3,3,2.5,e,+0.5,-1
sigma+,pi,7,50,72731.908332,4.923288e-02,1,1,1.5,e,+1.5,-1,3,3,3.5,e,+2.5,-1
sigma+,pi,6,49,72732.066147,4.888317e-02,1,1,1.5,e,+0.5,-1,3,3,3.5,e,+1.5,-1
sigma+,pi,5,48,72732.222014,2.911689e-02,1,1,1.5,e,-0.5,-1,3,3,3.5,e,+0.5,-1
sigma+,pi,4,47,72732.375830,9.633550e-03,1,1,1.5,e,-1.5,-1,3,3,3.5,e,-0.5,-1
sigma+,pi,7,37,72737.783836,7.901761e-03,1,1,1.5,e,+1.5,-1,3,3,2.5,e,+2.5,-1
sigma+,pi,6,36,72737.910470,5.071668e-04,1,1,1.5,e,+0.5,-1,3,3,2.5,e,+1.5,-1
sigma+,pi,5,35,72738.034988,6.747294e-03,1,1,1.5,e,-0.5,-1,3,3,2.5,e,+0.5,-1
sigma+,pi,4,34,72738.157284,7.507189e-03,1,1,1.5,e,-1.5,-1,3,3,2.5,e,-0.5,-1
sigma+,pi,3,57,72743.335715,4.505242e-07,1,1,0.5,f,+0.5,+1,3,3,3.5,f,+1.5,+1
sigma+,pi,2,56,72743.739261,2.895632e-07,1,1,0.5,f,-0.5,+1,3,3,3.5,f,+0.5,+1
sigma+,pi,3,42,72749.177486,5.347295e-02,1,1,0.5,f,+0.5,+1,3,3,2.5,f,+1.5,+1
sigma+,pi,2,41,72749.551309,2.699046e-02,1,1,0.5,f,-0.5,+1,3,3,2.5,f,+0.5,+1
sigma+,pi,11,58,72758.351780,4.921949e-02,1,1,1.5,f,+1.5,+1,3,3,3.5,f,+2.5,+1
sigma+,pi,10,57,72758.510646,4.888763e-02,1,1,1.5,f,+0.5,+1,3,3,3.5,f,+1.5,+1
sigma+,pi,9,56,72758.667617,2.913065e-02,1,1,1.5,f,-0.5,+1,3,3,3.5,f,+0.5,+1
sigma+,pi,8,55,72758.822594,9.641970e-03,1,1,1.5,f,-1.5,+1,3,3,3.5,f,-0.5,+1
sigma+,pi,11,43,72764.223123,7.915143e-03,1,1,1.5,f,+1.5,+1,3,3,2.5,f,+2.5,+1
sigma+,pi,10,42,72764.352417,5.046154e-04,1,1,1.5,f,+0.5,+1,3,3,2.5,f,+1.5,+1
sigma+,pi,9,41,72764.479665,6.738542e-03,1,1,1.5,f,-0.5,+1,3,3,2.5,f,+0.5,+1
sigma+,pi,8,40,72764.604766,7.498803e-03,1,1,1.5,f,-1.5,+1,3,3,2.5,f,-0.5,+1
sigma+,pi,67,138,72803.321957,3.558594e-04,4,4,3.5,e,+3.5,+1,5,5,5.5,f,+4.5,+1
sigma+,pi,66,137,72803.354616,5.024097e-04,4,4,3.5,e,+2.5,+1,5,5,5.5,f,+3.5,+1
sigma+,pi,65,136,72803.387343,5.066696e-04,4,4,3.5,e,+1.5,+1,5,5,5.5,f,+2.5,+1
sigma+,pi,64,135,72803.420136,4.258199e-04,4,4,3.5,e,+0.5,+1,5,5,5.5,f,+1.5,+1
sigma+,pi,63,134,72803.452998,3.067580e-04,4,4,3.5,e,-0.5,+1,5,5,5.5,f,+0.5,+1
sigma+,pi,62,133,72803.485929,1.856354e-04,4,4,3.5,e,-1.5,+1,5,5,5.5,f,-0.5,+1
sigma+,pi,61,132,72803.518930,8.737704e-05,4,4,3.5,e,-2.5,+1,5,5,5.5,f,-1.5,+1
sigma+,pi,60,131,72803.552001,2.518112e-05,4,4,3.5,e,-3.5,+1,5,5,5.5,f,-2.5,+1
sigma+,pi,67,115,72806.959206,1.626130e-02,4,4,3.5,e,+3.5,+1,5,5,4.5,f,+4.5,+1
sigma+,pi,66,114,72806.978827,2.350602e-03,4,4,3.5,e,+2.5,+1,5,5,4.5,f,+3.5,+1
sigma+,pi,65,113,72806.998467,1.821639e-04,4,4,3.5,e,+1.5,+1,5,5,4.5,f,+2.5,+1
sigma+,pi,64,112,72807.018126,3.406590e-03,4,4,3.5,e,+0.5,+1,5,5,4.5,f,+1.5,+1
sigma+,pi,63,111,72807.037806,7.405077e-03,4,4,3.5,e,-0.5,+1,5,5,4.5,f,+0.5,+1
sigma+,pi,62,110,72807.057506,9.301059e-03,4,4,3.5,e,-1.5,+1,5,5,4.5,f,-0.5,+1
sigma+,pi,61,109,72807.077227,7.972335e-03,4,4,3.5,e,-2.5,+1,5,5,4.5,f,-1.5,+1
sigma+,pi,60,108,72807.096969,4.063683e-03,4,4,3.5,e,-3.5,+1,5,5,4.5,f,-2.5,+1
sigma+,pi,85,139,72807.813960,1.818553e-02,4,4,4.5,e,+4.5,+1,5,5,5.5,f,+5.5,+1
sigma+,pi,84,138,72807.827095,4.556474e-03,4,4,4.5,e,+3.5,+1,5,5,5.5,f,+4.5,+1
sigma+,pi,83,137,72807.840211,1.377865e-04,4,4,4.5,e,+2.5,+1,5,5,5.5,f,+3.5,+1
sigma+,pi,82,136,72807.853307,1.053731e-03,4,4,4.5,e,+1.5,+1,5,5,5.5,f,+2.5,+1
sigma+,pi,81,135,72807.866384,4.240460e-03,4,4,4.5,e,+0.5,+1,5,5,5.5,f,+1.5,+1
sigma+,pi,80,134,72807.879442,7.439180e-03,4,4,4.5,e,-0.5,+1,5,5,5.5,f,+0.5,+1
sigma+,pi,79,133,72807.892479,9.189103e-03,4,4,4.5,e,-1.5,+1,5,5,5.5,f,-0.5,+1
sigma+,pi,78,132,72807.905495,8.820150e-03,4,4,4.5,e,-2.5,+1,5,5,5.5,f,-1.5,+1
sigma+,pi,77,131,72807.918491,6.445426e-03,4,4,4.5,e,-3.5,+1,5,5,5.5,f,-2.5,+1
sigma+,pi,76,130,72807.931466,2.953429e-03,4,4,4.5,e,-4.5,+1,5,5,5.5,f,-3.5,+1
sigma+,pi,76,107,72811.463053,6.835476e-04,4,4,4.5,e,-4.5,+1,5,5,4.5,f,-3.5,+1
sigma+,pi,77,108,72811.463459,6.779858e-04,4,4,4.5,e,-3.5,+1,5,5,4.5,f,-2.5,+1
sigma+,pi,78,109,72811.463793,3.923594e-04,4,4,4.5,e,-2.5,+1,5,5,4.5,f,-1.5,+1
sigma+,pi,79,110,72811.464056,1.112845e-04,4,4,4.5,e,-1.5,+1,5,5,4.5,f,-0.5,+1
sigma+,pi,80,111,72811.464250,7.718474e-11,4,4,4.5,e,-0.5,+1,5,5,4.5,f,+0.5,+1
sigma+,pi,84,115,72811.464344,6.404876e-04,4,4,4.5,e,+3.5,+1,5,5,4.5,f,+4.5,+1
sigma+,pi,81,112,72811.464375,1.091535e-04,4,4,4.5,e,+0.5,+1,5,5,4.5,f,+1.5,+1
sigma+,pi,83,114,72811.464421,6.453919e-04,4,4,4.5,e,+2.5,+1,5,5,4.5,f,+3.5,+1
sigma+,pi,82,113,72811.464431,3.793374e-04,4,4,4.5,e,+1.5,+1,5,5,4.5,f,+2.5,+1
sigma+,pi,15,83,101813.615649,2.422184e-09,2,2,1.5,e,+1.5,+1,4,4,4.5,e,+2.5,+1
sigma+,pi,14,82,101813.732162,2.752664e-09,2,2,1.5,e,+0.5,+1,4,4,4.5,e,+1.5,+1
sigma+,pi,13,81,101813.848972,1.600288e-09,2,2,1.5,e,-0.5,+1,4,4,4.5,e,+0.5,+1
sigma+,pi,12,80,101813.966088,4.577167e-10,2,2,1.5,e,-1.5,+1,4,4,4.5,e,-0.5,+1
sigma+,pi,15,66,101818.101243,6.117749e-02,2,2,1.5,e,+1.5,+1,4,4,3.5,e,+2.5,+1
sigma+,pi,14,65,101818.198126,6.138915e-02,2,2,1.5,e,+0.5,+1,4,4,3.5,e,+1.5,+1
sigma+,pi,13,64,101818.295220,3.696350e-02,2,2,1.5,e,-0.5,+1,4,4,3.5,e,+0.5,+1
sigma+,pi,12,63,101818.392532,1.236555e-02,2,2,1.5,e,-1.5,+1,4,4,3.5,e,-0.5,+1
sigma+,pi,25,84,101821.992425,5.313801e-02,2,2,2.5,e,+2.5,+1,4,4,4.5,e,+3.5,+1
sigma+,pi,24,83,101822.044326,6.619179e-02,2,2,2.5,e,+1.5,+1,4,4,4.5,e,+2.5,+1
sigma+,pi,23,82,101822.096023,5.653544e-02,2,2,2.5,e,+0.5,+1,4,4,4.5,e,+1.5,+1
sigma+,pi,22,81,101822.147510,3.755493e-02,2,2,2.5,e,-0.5,+1,4,4,4.5,e,+0.5,+1
sigma+,pi,21,80,101822.198782,1.870887e-02,2,2,2.5,e,-1.5,+1,4,4,4.5,e,-0.5,+1
sigma+,pi,20,79,101822.249833,5.591805e-03,2,2,2.5,e,-2.5,+1,4,4,4.5,e,-1.5,+1
sigma+,pi,25,67,101826.497563,6.382696e-03,2,2,2.5,e,+2.5,+1,4,4,3.5,e,+3.5,+1
sigma+,pi,24,66,101826.529920,1.833170e-04,2,2,2.5,e,+1.5,+1,4,4,3.5,e,+2.5,+1
sigma+,pi,23,65,101826.561988,1.124960e-03,2,2,2.5,e,+0.5,+1,4,4,3.5,e,+1.5,+1
sigma+,pi,22,64,101826.593758,3.713644e-03,2,2,2.5,e,-0.5,+1,4,4,3.5,e,+0.5,+1
sigma+,pi,21,63,101826.625226,4.639646e-03,2,2,2.5,e,-1.5,+1,4,4,3.5,e,-0.5,+1
sigma+,pi,20,62,101826.656383,2.911190e-03,2,2,2.5,e,-2.5,+1,4,4,3.5,e,-1.5,+1
sigma+,pi,19,93,101850.643291,1.426691e-10,2,2,1.5,f,+1.5,-1,4,4,4.5,f,+2.5,-1
sigma+,pi,18,92,101850.758043,3.003980e-10,2,2,1.5,f,+0.5,-1,4,4,4.5,f,+1.5,-1
sigma+,pi,17,91,101850.873071,3.011227e-10,2,2,1.5,f,-0.5,-1,4,4,4.5,f,+0.5,-1
sigma+,pi,16,90,101850.988380,1.423791e-10,2,2,1.5,f,-1.5,-1,4,4,4.5,f,-0.5,-1
sigma+,pi,19,74,101855.125612,6.117929e-02,2,2,1.5,f,+1.5,-1,4,4,3.5,f,+2.5,-1
sigma+,pi,18,73,101855.221991,6.138358e-02,2,2,1.5,f,+0.5,-1,4,4,3.5,f,+1.5,-1
sigma+,pi,17,72,101855.318569,3.695552e-02,2,2,1.5,f,-0.5,-1,4,4,3.5,f,+0.5,-1
sigma+,pi,16,71,101855.415351,1.236127e-02,2,2,1.5,f,-1.5,-1,4,4,3.5,f,-0.5,-1
sigma+,pi,31,94,101859.016052,5.312340e-02,2,2,2.5,f,+2.5,-1,4,4,4.5,f,+3.5,-1
sigma+,pi,30,93,101859.068446,6.618809e-02,2,2,2.5,f,+1.5,-1,4,4,4.5,f,+2.5,-1
sigma+,pi,29,92,101859.120648,5.654508e-02,2,2,2.5,f,+0.5,-1,4,4,4.5,f,+1.5,-1
sigma+,pi,28,91,101859.172653,3.757011e-02,2,2,2.5,f,-0.5,-1,4,4,4.5,f,+0.5,-1
sigma+,pi,27,90,101859.224454,1.872096e-02,2,2,2.5,f,-1.5,-1,4,4,4.5,f,-0.5,-1
sigma+,pi,26,89,101859.276048,5.596814e-03,2,2,2.5,f,-2.5,-1,4,4,4.5,f,-1.5,-1
sigma+,pi,31,75,101863.516671,6.397306e-03,2,2,2.5,f,+2.5,-1,4,4,3.5,f,+3.5,-1
sigma+,pi,30,74,101863.550768,1.851940e-04,2,2,2.5,f,+1.5,-1,4,4,3.5,f,+2.5,-1
sigma+,pi,29,73,101863.584596,1.120911e-03,2,2,2.5,f,+0.5,-1,4,4,3.5,f,+1.5,-1
sigma+,pi,28,72,101863.618151,3.706475e-03,2,2,2.5,f,-0.5,-1,4,4,3.5,f,+0.5,-1
sigma+,pi,27,71,101863.651426,4.631871e-03,2,2,2.5,f,-1.5,-1,4,4,3.5,f,-0.5,-1
sigma+,pi,26,70,101863.684415,2.906195e-03,2,2,2.5,f,-2.5,-1,4,4,3.5,f,-1.5,-1
sigma+,pi,3,65,130899.641177,2.344646e-12,1,1,0.5,f,+0.5,+1,4,4,3.5,e,+1.5,+1
sigma+,pi,2,64,130900.035475,1.430943e-12,1,1,0.5,f,-0.5,+1,4,4,3.5,e,+0.5,+1
sigma+,pi,37,125,130906.189672,6.899556e-08,3,3,2.5,e,+2.5,-1,5,5,5.5,e,+3.5,-1
sigma+,pi,36,124,130906.244157,1.154234e-07,3,3,2.5,e,+1.5,-1,5,5,5.5,e,+2.5,-1
sigma+,pi,35,123,130906.298754,1.158474e-07,3,3,2.5,e,+0.5,-1,5,5,5.5,e,+1.5,-1
sigma+,pi,34,122,130906.353464,8.304566e-08,3,3,2.5,e,-0.5,-1,5,5,5.5,e,+0.5,-1
sigma+,pi,33,121,130906.408290,4.166874e-08,3,3,2.5,e,-1.5,-1,5,5,5.5,e,-0.5,-1
sigma+,pi,32,120,130906.463233,1.170724e-08,3,3,2.5,e,-2.5,-1,5,5,5.5,e,-1.5,-1
sigma+,pi,37,104,130909.817615,5.706185e-02,3,3,2.5,e,+2.5,-1,5,5,4.5,e,+3.5,-1
sigma+,pi,36,103,130909.857992,7.146608e-02,3,3,2.5,e,+1.5,-1,5,5,4.5,e,+2.5,-1
sigma+,pi,35,102,130909.898425,6.137752e-02,3,3,2.5,e,+0.5,-1,5,5,4.5,e,+1.5,-1
sigma+,pi,34,101,130909.938916,4.100026e-02,3,3,2.5,e,-0.5,-1,5,5,4.5,e,+0.5,-1
sigma+,pi,33,100,130909.979465,2.054177e-02,3,3,2.5,e,-1.5,-1,5,5,4.5,e,-0.5,-1
sigma+,pi,32,99,130910.020074,6.175232e-03,3,3,2.5,e,-2.5,-1,5,5,4.5,e,-1.5,-1
sigma+,pi,51,126,130912.041817,4.977826e-02,3,3,3.5,e,+3.5,-1,5,5,5.5,e,+4.5,-1
sigma+,pi,50,125,130912.065176,6.953588e-02,3,3,3.5,e,+2.5,-1,5,5,5.5,e,+3.5,-1
sigma+,pi,49,124,130912.088480,6.938041e-02,3,3,3.5,e,+1.5,-1,5,5,5.5,e,+2.5,-1
sigma+,pi,48,123,130912.111728,5.768594e-02,3,3,3.5,e,+0.5,-1,5,5,5.5,e,+1.5,-1
sigma+,pi,47,122,130912.134919,4.110952e-02,3,3,3.5,e,-0.5,-1,5,5,5.5,e,+0.5,-1
sigma+,pi,46,121,130912.158052,2.460821e-02,3,3,3.5,e,-1.5,-1,5,5,5.5,e,-0.5,-1
sigma+,pi,45,120,130912.181126,1.145667e-02,3,3,3.5,e,-2.5,-1,5,5,5.5,e,-1.5,-1
sigma+,pi,44,119,130912.204139,3.265482e-03,3,3,3.5,e,-3.5,-1,5,5,5.5,e,-2.5,-1
sigma+,pi,11,66,130914.666370,1.330283e-09,1,1,1.5,f,+1.5,+1,4,4,3.5,e,+2.5,+1
sigma+,pi,10,65,130914.816108,1.367566e-09,1,1,1.5,f,+0.5,+1,4,4,3.5,e,+1.5,+1
sigma+,pi,9,64,130914.963832,8.438406e-10,1,1,1.5,f,-0.5,+1,4,4,3.5,e,+0.5,+1
sigma+,pi,8,63,130915.109441,2.893814e-10,1,1,1.5,f,-1.5,+1,4,4,3.5,e,-0.5,+1
sigma+,pi,51,105,130915.683813,4.765846e-03,3,3,3.5,e,+3.5,-1,5,5,4.5,e,+4.5,-1
sigma+,pi,50,104,130915.693119,6.752199e-04,3,3,3.5,e,+2.5,-1,5,5,4.5,e,+3.5,-1
sigma+,pi,49,103,130915.702315,6.324503e-05,3,3,3.5,e,+1.5,-1,5,5,4.5,e,+2.5,-1
sigma+,pi,48,102,130915.711399,1.066918e-03,3,3,3.5,e,+0.5,-1,5,5,4.5,e,+1.5,-1
sigma+,pi,47,101,130915.720371,2.306002e-03,3,3,3.5,e,-0.5,-1,5,5,4.5,e,+0.5,-1
sigma+,pi,46,100,130915.729227,2.901918e-03,3,3,3.5,e,-1.5,-1,5,5,4.5,e,-0.5,-1
sigma+,pi,45,99,130915.737968,2.497808e-03,3,3,3.5,e,-2.5,-1,5,5,4.5,e,-1.5,-1
sigma+,pi,44,98,130915.746589,1.279864e-03,3,3,3.5,e,-3.5,-1,5,5,4.5,e,-2.5,-1
sigma+,pi,43,137,130953.797864,4.307732e-08,3,3,2.5,f,+2.5,+1,5,5,5.5,f,+3.5,+1
sigma+,pi,42,136,130953.851033,7.186380e-08,3,3,2.5,f,+1.5,+1,5,5,5.5,f,+2.5,+1
sigma+,pi,41,135,130953.904303,7.192304e-08,3,3,2.5,f,+0.5,+1,5,5,5.5,f,+1.5,+1
sigma+,pi,40,134,130953.957673,5.140915e-08,3,3,2.5,f,-0.5,+1,5,5,5.5,f,+0.5,+1
sigma+,pi,39,133,130954.011146,2.571881e-08,3,3,2.5,f,-1.5,+1,5,5,5.5,f,-0.5,+1
sigma+,pi,38,132,130954.064722,7.204216e-09,3,3,2.5,f,-2.5,+1,5,5,5.5,f,-1.5,+1
sigma+,pi,43,114,130957.422074,5.706612e-02,3,3,2.5,f,+2.5,+1,5,5,4.5,f,+3.5,+1
sigma+,pi,42,113,130957.462157,7.146432e-02,3,3,2.5,f,+1.5,+1,5,5,4.5,f,+2.5,+1
sigma+,pi,41,112,130957.502293,6.136973e-02,3,3,2.5,f,+0.5,+1,5,5,4.5,f,+1.5,+1
sigma+,pi,40,111,130957.542481,4.099075e-02,3,3,2.5,f,-0.5,+1,5,5,4.5,f,+0.5,+1
sigma+,pi,39,110,130957.582723,2.053478e-02,3,3,2.5,f,-1.5,+1,5,5,4.5,f,-0.5,+1
sigma+,pi,38,109,130957.623020,6.172445e-03,3,3,2.5,f,-2.5,+1,5,5,4.5,f,-1.5,+1
sigma+,pi,1,73,130957.817635,2.364768e-12,1,1,0.5,e,+0.5,-1,4,4,3.5,f,+1.5,-1
sigma+,pi,0,72,130958.225993,1.443707e-12,1,1,0.5,e,-0.5,-1,4,4,3.5,f,+0.5,-1
sigma+,pi,59,138,130959.645558,4.976445e-02,3,3,3.5,f,+3.5,+1,5,5,5.5,f,+4.5,+1
sigma+,pi,58,137,130959.669206,6.952753e-02,3,3,3.5,f,+2.5,+1,5,5,5.5,f,+3.5,+1
sigma+,pi,57,136,130959.692804,6.938328e-02,3,3,3.5,f,+1.5,+1,5,5,5.5,f,+2.5,+1
sigma+,pi,56,135,130959.716351,5.769789e-02,3,3,3.5,f,+0.5,+1,5,5,5.5,f,+1.5,+1
sigma+,pi,55,134,130959.739845,4.112503e-02,3,3,3.5,f,-0.5,+1,5,5,5.5,f,+0.5,+1
sigma+,pi,54,133,130959.763285,2.462179e-02,3,3,3.5,f,-1.5,+1,5,5,5.5,f,-0.5,+1
sigma+,pi,53,132,130959.786672,1.146505e-02,3,3,3.5,f,-2.5,+1,5,5,5.5,f,-1.5,+1
sigma+,pi,52,131,130959.810004,3.268473e-03,3,3,3.5,f,-3.5,+1,5,5,5.5,f,-2.5,+1
sigma+,pi,59,115,130963.282807,4.779646e-03,3,3,3.5,f,+3.5,+1,5,5,4.5,f,+4.5,+1
sigma+,pi,58,114,130963.293417,6.793092e-04,3,3,3.5,f,+2.5,+1,5,5,4.5,f,+3.5,+1
sigma+,pi,57,113,130963.303928,6.218098e-05,3,3,3.5,f,+1.5,+1,5,5,4.5,f,+2.5,+1
sigma+,pi,56,112,130963.314341,1.062826e-03,3,3,3.5,f,+0.5,+1,5,5,4.5,f,+1.5,+1
sigma+,pi,55,111,130963.324653,2.300071e-03,3,3,3.5,f,-0.5,+1,5,5,4.5,f,+0.5,+1
sigma+,pi,54,110,130963.334863,2.895368e-03,3,3,3.5,f,-1.5,+1,5,5,4.5,f,-0.5,+1
sigma+,pi,53,109,130963.344970,2.492239e-03,3,3,3.5,f,-2.5,+1,5,5,4.5,f,-1.5,+1
sigma+,pi,52,108,130963.354971,1.276879e-03,3,3,3.5,f,-3.5,+1,5,5,4.5,f,-2.5,+1
sigma+,pi,7,74,130972.834589,1.330260e-09,1,1,1.5,e,+1.5,-1,4,4,3.5,f,+2.5,-1
sigma+,pi,6,73,130972.994608,1.367514e-09,1,1,1.5,e,+0.5,-1,4,4,3.5,f,+1.5,-1
sigma+,pi,5,72,130973.152557,8.438059e-10,1,1,1.5,e,-0.5,-1,4,4,3.5,f,+0.5,-1
sigma+,pi,4,71,130973.308331,2.893739e-10,1,1,1.5,e,-1.5,-1,4,4,3.5,f,-0.5,-1
sigma+,pi,31,104,174538.231035,4.209418e-10,2,2,2.5,f,+2.5,-1,5,5,4.5,e,+3.5,-1
sigma+,pi,30,103,174538.272086,5.333890e-10,2,2,2.5,f,+1.5,-1,5,5,4.5,e,+2.5,-1
sigma+,pi,29,102,174538.312878,4.634946e-10,2,2,2.5,f,+0.5,-1,5,5,4.5,e,+1.5,-1
sigma+,pi,28,101,174538.353407,3.132838e-10,2,2,2.5,f,-0.5,-1,5,5,4.5,e,+0.5,-1
sigma+,pi,27,100,174538.393667,1.588294e-10,2,2,2.5,f,-1.5,-1,5,5,4.5,e,-0.5,-1
sigma+,pi,26,99,174538.433651,4.831872e-11,2,2,2.5,f,-2.5,-1,5,5,4.5,e,-1.5,-1
sigma+,pi,25,114,174633.417514,4.209342e-10,2,2,2.5,e,+2.5,+1,5,5,4.5,f,+3.5,+1
sigma+,pi,24,113,174633.469469,5.333660e-10,2,2,2.5,e,+1.5,+1,5,5,4.5,f,+2.5,+1
sigma+,pi,23,112,174633.521152,4.634682e-10,2,2,2.5,e,+0.5,+1,5,5,4.5,f,+1.5,+1
sigma+,pi,22,111,174633.572558,3.132651e-10,2,2,2.5,e,-0.5,+1,5,5,4.5,f,+0.5,+1
sigma+,pi,21,110,174633.623681,1.588214e-10,2,2,2.5,e,-1.5,+1,5,5,4.5,f,-0.5,+1
sigma+,pi,20,109,174633.674514,4.831726e-11,2,2,2.5,e,-2.5,+1,5,5,4.5,f,-1.5,+1
sigma-,pi,109,20,-174633.674514,4.831726e-11,5,5,4.5,f,-1.5,+1,2,2,2.5,e,-2.5,+1
sigma-,pi,110,21,-174633.623681,1.588214e-10,5,5,4.5,f,-0.5,+1,2,2,2.5,e,-1.5,+1
sigma-,pi,111,22,-174633.572558,3.132651e-10,5,5,4.5,f,+0.5,+1,2,2,2.5,e,-0.5,+1
sigma-,pi,112,23,-174633.521152,4.634682e-10,5,5,4.5,f,+1.5,+1,2,2,2.5,e,+0.5,+1
sigma-,pi,113,24,-174633.469469,5.333660e-10,5,5,4.5,f,+2.5,+1,2,2,2.5,e,+1.5,+1
sigma-,pi,114,25,-174633.417514,4.209342e-10,5,5,4.5,f,+3.5,+1,2,2,2.5,e,+2.5,+1
sigma-,pi,99,26,-174538.433651,4.831872e-11,5,5,4.5,e,-1.5,-1,2,2,2.5,f,-2.5,-1
sigma-,pi,100,27,-174538.393667,1.588294e-10,5,5,4.5,e,-0.5,-1,2,2,2.5,f,-1.5,-1
sigma-,pi,101,28,-174538.353407,3.132838e-10,5,5,4.5,e,+0.5,-1,2,2,2.5,f,-0.5,-1
sigma-,pi,102,29,-174538.312878,4.634946e-10,5,5,4.5,e,+1.5,-1,2,2,2.5,f,+0.5,-1
sigma-,pi,103,30,-174538.272086,5.333890e-10,5,5,4.5,e,+2.5,-1,2,2,2.5,f,+1.5,-1
sigma-,pi,104,31,-174538.231035,4.209418e-10,5,5,4.5,e,+3.5,-1,2,2,2.5,f,+2.5,-1
sigma-,pi,71,4,-130973.308331,2.893739e-10,4,4,3.5,f,-0.5,-1,1,1,1.5,e,-1.5,-1
sigma-,pi,72,5,-130973.152557,8.438059e-10,4,4,3.5,f,+0.5,-1,1,1,1.5,e,-0.5,-1
sigma-,pi,73,6,-130972.994608,1.367514e-09,4,4,3.5,f,+1.5,-1,1,1,1.5,e,+0.5,-1
sigma-,pi,74,7,-130972.834589,1.330260e-09,4,4,3.5,f,+2.5,-1,1,1,1.5,e,+1.5,-1
sigma-,pi,108,52,-130963.354971,1.276879e-03,5,5,4.5,f,-2.5,+1,3,3,3.5,f,-3.5,+1
sigma-,pi,109,53,-130963.344970,2.492239e-03,5,5,4.5,f,-1.5,+1,3,3,3.5,f,-2.5,+1
sigma-,pi,110,54,-130963.334863,2.895368e-03,5,5,4.5,f,-0.5,+1,3,3,3.5,f,-1.5,+1
sigma-,pi,111,55,-130963.324653,2.300071e-03,5,5,4.5,f,+0.5,+1,3,3,3.5,f,-0.5,+1
sigma-,pi,112,56,-130963.314341,1.062826e-03,5,5,4.5,f,+1.5,+1,3,3,3.5,f,+0.5,+1
sigma-,pi,113,57,-130963.303928,6.218098e-05,5,5,4.5,f,+2.5,+1,3,3,3.5,f,+1.5,+1
sigma-,pi,114,58,-130963.293417,6.793092e-04,5,5,4.5,f,+3.5,+1,3,3,3.5,f,+2.5,+1
sigma-,pi,115,59,-130963.282807,4.779646e-03,5,5,4.5,f,+4.5,+1,3,3,3.5,f,+3.5,+1
sigma-,pi,131,52,-130959.810004,3.268473e-03,5,5,5.5,f,-2.5,+1,3,3,3.5,f,-3.5,+1
sigma-,pi,132,53,-130959.786672,1.146505e-02,5,5,5.5,f,-1.5,+1,3,3,3.5,f,-2.5,+1
sigma-,pi,133,54,-130959.763285,2.462179e-02,5,5,5.5,f,-0.5,+1,3,3,3.5,f,-1.5,+1
sigma-,pi,134,55,-130959.739845,4.112503e-02,5,5,5.5,f,+0.5,+1,3,3,3.5,f,-0.5,+1
sigma-,pi,135,56,-130959.716351,5.769789e-02,5,5,5.5,f,+1.5,+1,3,3,3.5,f,+0.5,+1
sigma-,pi,136,57,-130959.692804,6.938328e-02,5,5,5.5,f,+2.5,+1,3,3,3.5,f,+1.5,+1
sigma-,pi,137,58,-130959.669206,6.952753e-02,5,5,5.5,f,+3.5,+1,3,3,3.5,f,+2.5,+1
sigma-,pi,138,59,-130959.645558,4.976445e-02,5,5,5.5,f,+4.5,+1,3,3,3.5,f,+3.5,+1
sigma-,pi,72,0,-130958.225993,1.443707e-12,4,4,3.5,f,+0.5,-1,1,1,0.5,e,-0.5,-1
sigma-,pi,73,1,-130957.817635,2.364768e-12,4,4,3.5,f,+1.5,-1,1,1,0.5,e,+0.5,-1
sigma-,pi,109,38,-130957.623020,6.172445e-03,5,5,4.5,f,-1.5,+1,3,3,2.5,f,-2.5,+1
sigma-,pi,110,39,-130957.582723,2.053478e-02,5,5,4.5,f,-0.5,+1,3,3,2.5,f,-1.5,+1
sigma-,pi,111,40,-130957.542481,4.099075e-02,5,5,4.5,f,+0.5,+1,3,3,2.5,f,-0.5,+1
sigma-,pi,112,41,-130957.502293,6.136973e-02,5,5,4.5,f,+1.5,+1,3,3,2.5,f,+0.5,+1
sigma-,pi,113,42,-130957.462157,7.146432e-02,5,5,4.5,f,+2.5,+1,3,3,2.5,f,+1.5,+1
sigma-,pi,114,43,-130957.422074,5.706612e-02,5,5,4.5,f,+3.5,+1,3,3,2.5,f,+2.5,+1
sigma-,pi,132,38,-130954.064722,7.204216e-09,5,5,5.5,f,-1.5,+1,3,3,2.5,f,-2.5,+1
sigma-,pi,133,39,-130954.011146,2.571881e-08,5,5,5.5,f,-0.5,+1,3,3,2.5,f,-1.5,+1
sigma-,pi,134,40,-130953.957673,5.140915e-08,5,5,5.5,f,+0.5,+1,3,3,2.5,f,-0.5,+1
sigma-,pi,135,41,-130953.904303,7.192304e-08,5,5,5.5,f,+1.5,+1,3,3,2.5,f,+0.5,+1
sigma-,pi,136,42,-130953.851033,7.186380e-08,5,5,5.5,f,+2.5,+1,3,3,2.5,f,+1.5,+1
sigma-,pi,137,43,-130953.797864,4.307732e-08,5,5,5.5,f,+3.5,+1,3,3,2.5,f,+2.5,+1
sigma-,pi,98,44,-130915.746589,1.279864e-03,5,5,4.5,e,-2.5,-1,3,3,3.5,e,-3.5,-1
sigma-,pi,99,45,-130915.737968,2.497808e-03,5,5,4.5,e,-1.5,-1,3,3,3.5,e,-2.5,-1
sigma-,pi,100,46,-130915.729227,2.901918e-03,5,5,4.5,e,-0.5,-1,3,3,3.5,e,-1.5,-1
sigma-,pi,101,47,-130915.720371,2.306002e-03,5,5,4.5,e,+0.5,-1,3,3,3.5,e,-0.5,-1
sigma-,pi,102,48,-130915.711399,1.066918e-03,5,5,4.5,e,+1.5,-1,3,3,3.5,e,+0.5,-1
sigma-,pi,103,49,-130915.702315,6.324503e-05,5,5,4.5,e,+2.5,-1,3,3,3.5,e,+1.5,-1
sigma-,pi,104,50,-130915.693119,6.752199e-04,5,5,4.5,e,+3.5,-1,3,3,3.5,e,+2.5,-1
sigma-,pi,105,51,-130915.683813,4.765846e-03,5,5,4.5,e,+4.5,-1,3,3,3.5,e,+3.5,-1
sigma-,pi,63,8,-130915.109441,2.893814e-10,4,4,3.5,e,-0.5,+1,1,1,1.5,f,-1.5,+1
sigma-,pi,64,9,-130914.963832,8.438406e-10,4,4,3.5,e,+0.5,+1,1,1,1.5,f,-0.5,+1
sigma-,pi,65,10,-130914.816108,1.367566e-09,4,4,3.5,e,+1.5,+1,1,1,1.5,f,+0.5,+1
sigma-,pi,66,11,-130914.666370,1.330283e-09,4,4,3.5,e,+2.5,+1,1,1,1.5,f,+1.5,+1
sigma-,pi,119,44,-130912.204139,3.265482e-03,5,5,5.5,e,-2.5,-1,3,3,3.5,e,-3.5,-1
sigma-,pi,120,45,-130912.181126,1.145667e-02,5,5,5.5,e,-1.5,-1,3,3,3.5,e,-2.5,-1
sigma-,pi,121,46,-130912.158052,2.460821e-02,5,5,5.5,e,-0.5,-1,3,3,3.5,e,-1.5,-1
sigma-,pi,122,47,-130912.134919,4.110952e-02,5,5,5.5,e,+0.5,-1,3,3,3.5,e,-0.5,-1
sigma-,pi,123,48,-130912.111728,5.768594e-02,5,5,5.5,e,+1.5,-1,3,3,3.5,e,+0.5,-1
sigma-,pi,124,49,-130912.088480,6.938041e-02,5,5,5.5,e,+2.5,-1,3,3,3.5,e,+1.5,-1
sigma-,pi,125,50,-130912.065176,6.953588e-02,5,5,5.5,e,+3.5,-1,3,3,3.5,e,+2.5,-1
sigma-,pi,126,51,-130912.041817,4.977826e-02,5,5,5.5,e,+4.5,-1,3,3,3.5,e,+3.5,-1
sigma-,pi,99,32,-130910.020074,6.175232e-03,5,5,4.5,e,-1.5,-1,3,3,2.5,e,-2.5,-1
sigma-,pi,100,33,-130909.979465,2.054177e-02,5,5,4.5,e,-0.5,-1,3,3,2.5,e,-1.5,-1
sigma-,pi,101,34,-130909.938916,4.100026e-02,5,5,4.5,e,+0.5,-1,3,3,2.5,e,-0.5,-1
sigma-,pi,102,35,-130909.898425,6.137752e-02,5,5,4.5,e,+1.5,-1,3,3,2.5,e,+0.5,-1
sigma-,pi,103,36,-130909.857992,7.146608e-02,5,5,4.5,e,+2.5,-1,3,3,2.5,e,+1.5,-1
sigma-,pi,104,37,-130909.817615,5.706185e-02,5,5,4.5,e,+3.5,-1,3,3,2.5,e,+2.5,-1
sigma-,pi,120,32,-130906.463233,1.170724e-08,5,5,5.5,e,-1.5,-1,3,3,2.5,e,-2.5,-1
sigma-,pi,121,33,-130906.408290,4.166874e-08,5,5,5.5,e,-0.5,-1,3,3,2.5,e,-1.5,-1
sigma-,pi,122,34,-130906.353464,8.304566e-08,5,5,5.5,e,+0.5,-1,3,3,2.5,e,-0.5,-1
sigma-,pi,123,35,-130906.298754,1.158474e-07,5,5,5.5,e,+1.5,-1,3,3,2.5,e,+0.5,-1
sigma-,pi,124,36,-130906.244157,1.154234e-07,5,5,5.5,e,+2.5,-1,3,3,2.5,e,+1.5,-1
sigma-,pi,125,37,-130906.189672,6.899556e-08,5,5,5.5,e,+3.5,-1,3,3,2.5,e,+2.5,-1
sigma-,pi,64,2,-130900.035475,1.430943e-12,4,4,3.5,e,+0.5,+1,1,1,0.5,f,-0.5,+1
sigma-,pi,65,3,-130899.641177,2.344646e-12,4,4,3.5,e,+1.5,+1,1,1,0.5,f,+0.5,+1
sigma-,pi,70,26,-101863.684415,2.906195e-03,4,4,3.5,f,-1.5,-1,2,2,2.5,f,-2.5,-1
sigma-,pi,71,27,-101863.651426,4.631871e-03,4,4,3.5,f,-0.5,-1,2,2,2.5,f,-1.5,-1
sigma-,pi,72,28,-101863.618151,3.706475e-03,4,4,3.5,f,+0.5,-1,2,2,2.5,f,-0.5,-1
sigma-,pi,73,29,-101863.584596,1.120911e-03,4,4,3.5,f,+1.5,-1,2,2,2.5,f,+0.5,-1
sigma-,pi,74,30,-101863.550768,1.851940e-04,4,4,3.5,f,+2.5,-1,2,2,2.5,f,+1.5,-1
sigma-,pi,75,31,-101863.516671,6.397306e-03,4,4,3.5,f,+3.5,-1,2,2,2.5,f,+2.5,-1
sigma-,pi,89,26,-101859.276048,5.596814e-03,4,4,4.5,f,-1.5,-1,2,2,2.5,f,-2.5,-1
sigma-,pi,90,27,-101859.224454,1.872096e-02,4,4,4.5,f,-0.5,-1,2,2,2.5,f,-1.5,-1
sigma-,pi,91,28,-101859.172653,3.757011e-02,4,4,4.5,f,+0.5,-1,2,2,2.5,f,-0.5,-1
sigma-,pi,92,29,-101859.120648,5.654508e-02,4,4,4.5,f,+1.5,-1,2,2,2.5,f,+0.5,-1
sigma-,pi,93,30,-101859.068446,6.618809e-02,4,4,4.5,f,+2.5,-1,2,2,2.5,f,+1.5,-1
sigma-,pi,94,31,-101859.016052,5.312340e-02,4,4,4.5,f,+3.5,-1,2,2,2.5,f,+2.5,-1
sigma-,pi,71,16,-101855.415351,1.236127e-02,4,4,3.5,f,-0.5,-1,2,2,1.5,f,-1.5,-1
sigma-,pi,72,17,-101855.318569,3.695552e-02,4,4,3.5,f,+0.5,-1,2,2,1.5,f,-0.5,-1
sigma-,pi,73,18,-101855.221991,6.138358e-02,4,4,3.5,f,+1.5,-1,2,2,1.5,f,+0.5,-1
sigma-,pi,74,19,-101855.125612,6.117929e-02,4,4,3.5,f,+2.5,-1,2,2,1.5,f,+1.5,-1
sigma-,pi,90,16,-101850.988380,1.423791e-10,4,4,4.5,f,-0.5,-1,2,2,1.5,f,-1.5,-1
sigma-,pi,91,17,-101850.873071,3.011227e-10,4,4,4.5,f,+0.5,-1,2,2,1.5,f,-0.5,-1
sigma-,pi,92,18,-101850.758043,3.003980e-10,4,4,4.5,f,+1.5,-1,2,2,1.5,f,+0.5,-1
sigma-,pi,93,19,-101850.643291,1.426691e-10,4,4,4.5,f,+2.5,-1,2,2,1.5,f,+1.5,-1
sigma-,pi,62,20,-101826.656383,2.911190e-03,4,4,3.5,e,-1.5,+1,2,2,2.5,e,-2.5,+1
sigma-,pi,63,21,-101826.625226,4.639646e-03,4,4,3.5,e,-0.5,+1,2,2,2.5,e,-1.5,+1
sigma-,pi,64,22,-101826.593758,3.713644e-03,4,4,3.5,e,+0.5,+1,2,2,2.5,e,-0.5,+1
sigma-,pi,65,23,-101826.561988,1.124960e-03,4,4,3.5,e,+1.5,+1,2,2,2.5,e,+0.5,+1
sigma-,pi,66,24,-101826.529920,1.833170e-04,4,4,3.5,e,+2.5,+1,2,2,2.5,e,+1.5,+1
sigma-,pi,67,25,-101826.497563,6.382696e-03,4,4,3.5,e,+3.5,+1,2,2,2.5,e,+2.5,+1
sigma-,pi,79,20,-101822.249833,5.591805e-03,4,4,4.5,e,-1.5,+1,2,2,2.5,e,-2.5,+1
sigma-,pi,80,21,-101822.198782,1.870887e-02,4,4,4.5,e,-0.5,+1,2,2,2.5,e,-1.5,+1
sigma-,pi,81,22,-101822.147510,3.755493e-02,4,4,4.5,e,+0.5,+1,2,2,2.5,e,-0.5,+1
sigma-,pi,82,23,-101822.096023,5.653544e-02,4,4,4.5,e,+1.5,+1,2,2,2.5,e,+0.5,+1
sigma-,pi,83,24,-101822.044326,6.619179e-02,4,4,4.5,e,+2.5,+1,2,2,2.5,e,+1.5,+1
sigma-,pi,84,25,-101821.992425,5.313801e-02,4,4,4.5,e,+3.5,+1,2,2,2.5,e,+2.5,+1
sigma-,pi,63,12,-101818.392532,1.236555e-02,4,4,3.5,e,-0.5,+1,2,2,1.5,e,-1.5,+1
sigma-,pi,64,13,-101818.295220,3.696350e-02,4,4,3.5,e,+0.5,+1,2,2,1.5,e,-0.5,+1
sigma-,pi,65,14,-101818.198126,6.138915e-02,4,4,3.5,e,+1.5,+1,2,2,1.5,e,+0.5,+1
sigma-,pi,66,15,-101818.101243,6.117749e-02,4,4,3.5,e,+2.5,+1,2,2,1.5,e,+1.5,+1
sigma-,pi,80,12,-101813.966088,4.577167e-10,4,4,4.5,e,-0.5,+1,2,2,1.5,e,-1.5,+1
sigma-,pi,81,13,-101813.848972,1.600288e-09,4,4,4.5,e,+0.5,+1,2,2,1.5,e,-0.5,+1
sigma-,pi,82,14,-101813.732162,2.752664e-09,4,4,4.5,e,+1.5,+1,2,2,1.5,e,+0.5,+1
sigma-,pi,83,15,-101813.615649,2.422184e-09,4,4,4.5,e,+2.5,+1,2,2,1.5,e,+1.5,+1
sigma-,pi,113,82,-72811.464431,3.793374e-04,5,5,4.5,f,+2.5,+1,4,4,4.5,e,+1.5,+1
sigma-,pi,114,83,-72811.464421,6.453919e-04,5,5,4.5,f,+3.5,+1,4,4,4.5,e,+2.5,+1
sigma-,pi,112,81,-72811.464375,1.091535e-04,5,5,4.5,f,+1.5,+1,4,4,4.5,e,+0.5,+1
sigma-,pi,115,84,-72811.464344,6.404876e-04,5,5,4.5,f,+4.5,+1,4,4,4.5,e,+3.5,+1
sigma-,pi,111,80,-72811.464250,7.718474e-11,5,5,4.5,f,+0.5,+1,4,4,4.5,e,-0.5,+1
sigma-,pi,110,79,-72811.464056,1.112845e-04,5,5,4.5,f,-0.5,+1,4,4,4.5,e,-1.5,+1
sigma-,pi,109,78,-72811.463793,3.923594e-04,5,5,4.5,f,-1.5,+1,4,4,4.5,e,-2.5,+1
sigma-,pi,108,77,-72811.463459,6.779858e-04,5,5,4.5,f,-2.5,+1,4,4,4.5,e,-3.5,+1
sigma-,pi,107,76,-72811.463053,6.835476e-04,5,5,4.5,f,-3.5,+1,4,4,4.5,e,-4.5,+1
sigma-,pi,130,76,-72807.931466,2.953429e-03,5,5,5.5,f,-3.5,+1,4,4,4.5,e,-4.5,+1
sigma-,pi,131,77,-72807.918491,6.445426e-03,5,5,5.5,f,-2.5,+1,4,4,4.5,e,-3.5,+1
sigma-,pi,132,78,-72807.905495,8.820150e-03,5,5,5.5,f,-1.5,+1,4,4,4.5,e,-2.5,+1
sigma-,pi,133,79,-72807.892479,9.189103e-03,5,5,5.5,f,-0.5,+1,4,4,4.5,e,-1.5,+1
sigma-,pi,134,80,-72807.879442,7.439180e-03,5,5,5.5,f,+0.5,+1,4,4,4.5,e,-0.5,+1
sigma-,pi,135,81,-72807.866384,4.240460e-03,5,5,5.5,f,+1.5,+1,4,4,4.5,e,+0.5,+1
sigma-,pi,136,82,-72807.853307,1.053731e-03,5,5,5.5,f,+2.5,+1,4,4,4.5,e,+1.5,+1
sigma-,pi,137,83,-72807.840211,1.377865e-04,5,5,5.5,f,+3.5,+1,4,4,4.5,e,+2.5,+1
sigma-,pi,138,84,-72807.827095,4.556474e-03,5,5,5.5,f,+4.5,+1,4,4,4.5,e,+3.5,+1
sigma-,pi,139,85,-72807.813960,1.818553e-02,5,5,5.5,f,+5.5,+1,4,4,4.5,e,+4.5,+1
sigma-,pi,108,60,-72807.096969,4.063683e-03,5,5,4.5,f,-2.5,+1,4,4,3.5,e,-3.5,+1
sigma-,pi,109,61,-72807.077227,7.972335e-03,5,5,4.5,f,-1.5,+1,4,4,3.5,e,-2.5,+1
sigma-,pi,110,62,-72807.057506,9.301059e-03,5,5,4.5,f,-0.5,+1,4,4,3.5,e,-1.5,+1
sigma-,pi,111,63,-72807.037806,7.405077e-03,5,5,4.5,f,+0.5,+1,4,4,3.5,e,-0.5,+1
sigma-,pi,112,64,-72807.018126,3.406590e-03,5,5,4.5,f,+1.5,+1,4,4,3.5,e,+0.5,+1
sigma-,pi,113,65,-72806.998467,1.821639e-04,5,5,4.5,f,+2.5,+1,4,4,3.5,e,+1.5,+1
sigma-,pi,114,66,-72806.978827,2.350602e-03,5,5,4.5,f,+3.5,+1,4,4,3.5,e,+2.5,+1
sigma-,pi,115,67,-72806.959206,1.626130e-02,5,5,4.5,f,+4.5,+1,4,4,3.5,e,+3.5,+1
sigma-,pi,131,60,-72803.552001,2.518112e-05,5,5,5.5,f,-2.5,+1,4,4,3.5,e,-3.5,+1
sigma-,pi,132,61,-72803.518930,8.737704e-05,5,5,5.5,f,-1.5,+1,4,4,3.5,e,-2.5,+1
sigma-,pi,133,62,-72803.485929,1.856354e-04,5,5,5.5,f,-0.5,+1,4,4,3.5,e,-1.5,+1
sigma-,pi,134,63,-72803.452998,3.067580e-04,5,5,5.5,f,+0.5,+1,4,4,3.5,e,-0.5,+1
sigma-,pi,135,64,-72803.420136,4.258199e-04,5,5,5.5,f,+1.5,+1,4,4,3.5,e,+0.5,+1
sigma-,pi,136,65,-72803.387343,5.066696e-04,5,5,5.5,f,+2.5,+1,4,4,3.5,e,+1.5,+1
sigma-,pi,137,66,-72803.354616,5.024097e-04,5,5,5.5,f,+3.5,+1,4,4,3.5,e,+2.5,+1
sigma-,pi,138,67,-72803.321957,3.558594e-04,5,5,5.5,f,+4.5,+1,4,4,3.5,e,+3.5,+1
sigma-,pi,40,8,-72764.604766,7.498803e-03,3,3,2.5,f,-0.5,+1,1,1,1.5,f,-1.5,+1
sigma-,pi,41,9,-72764.479665,6.738542e-03,3,3,2.5,f,+0.5,+1,1,1,1.5,f,-0.5,+1
sigma-,pi,42,10,-72764.352417,5.046154e-04,3,3,2.5,f,+1.5,+1,1,1,1.5,f,+0.5,+1
sigma-,pi,43,11,-72764.223123,7.915143e-03,3,3,2.5,f,+2.5,+1,1,1,1.5,f,+1.5,+1
sigma-,pi,55,8,-72758.822594,9.641970e-03,3,3,3.5,f,-0.5,+1,1,1,1.5,f,-1.5,+1
sigma-,pi,56,9,-72758.667617,2.913065e-02,3,3,3.5,f,+0.5,+1,1,1,1.5,f,-0.5,+1
sigma-,pi,57,10,-72758.510646,4.888763e-02,3,3,3.5,f,+1.5,+1,1,1,1.5,f,+0.5,+1
sigma-,pi,58,11,-72758.351780,4.921949e-02,3,3,3.5,f,+2.5,+1,1,1,1.5,f,+1.5,+1
sigma-,pi,41,2,-72749.551309,2.699046e-02,3,3,2.5,f,+0.5,+1,1,1,0.5,f,-0.5,+1
sigma-,pi,42,3,-72749.177486,5.347295e-02,3,3,2.5,f,+1.5,+1,1,1,0.5,f,+0.5,+1
sigma-,pi,56,2,-72743.739261,2.895632e-07,3,3,3.5,f,+0.5,+1,1,1,0.5,f,-0.5,+1
sigma-,pi,57,3,-72743.335715,4.505242e-07,3,3,3.5,f,+1.5,+1,1,1,0.5,f,+0.5,+1
sigma-,pi,34,4,-72738.157284,7.507189e-03,3,3,2.5,e,-0.5,-1,1,1,1.5,e,-1.5,-1
sigma-,pi,35,5,-72738.034988,6.747294e-03,3,3,2.5,e,+0.5,-1,1,1,1.5,e,-0.5,-1
sigma-,pi,36,6,-72737.910470,5.071668e-04,3,3,2.5,e,+1.5,-1,1,1,1.5,e,+0.5,-1
sigma-,pi,37,7,-72737.783836,7.901761e-03,3,3,2.5,e,+2.5,-1,1,1,1.5,e,+1.5,-1
sigma-,pi,47,4,-72732.375830,9.633550e-03,3,3,3.5,e,-0.5,-1,1,1,1.5,e,-1.5,-1
sigma-,pi,48,5,-72732.222014,2.911689e-02,3,3,3.5,e,+0.5,-1,1,1,1.5,e,-0.5,-1
sigma-,pi,49,6,-72732.066147,4.888317e-02,3,3,3.5,e,+1.5,-1,1,1,1.5,e,+0.5,-1
sigma-,pi,50,7,-72731.908332,4.923288e-02,3,3,3.5,e,+2.5,-1,1,1,1.5,e,+1.5,-1
sigma-,pi,35,0,-72723.108424,2.699547e-02,3,3,2.5,e,+0.5,-1,1,1,0.5,e,-0.5,-1
sigma-,pi,36,1,-72722.733497,5.347495e-02,3,3,2.5,e,+1.5,-1,1,1,0.5,e,+0.5,-1
sigma-,pi,48,0,-72717.295450,2.391659e-07,3,3,3.5,e,+0.5,-1,1,1,0.5,e,-0.5,-1
sigma-,pi,49,1,-72716.889174,3.699875e-07,3,3,3.5,e,+1.5,-1,1,1,0.5,e,+0.5,-1
sigma-,pi,105,94,-72679.260500,6.445795e-04,5,5,4.5,e,+4.5,-1,4,4,4.5,f,+3.5,-1
sigma-,pi,104,93,-72679.249183,6.470554e-04,5,5,4.5,e,+3.5,-1,4,4,4.5,f,+2.5,-1
sigma-,pi,103,92,-72679.237802,3.781309e-04,5,5,4.5,e,+2.5,-1,4,4,4.5,f,+1.5,-1
sigma-,pi,102,91,-72679.226355,1.073357e-04,5,5,4.5,e,+1.5,-1,4,4,4.5,f,+0.5,-1
sigma-,pi,101,90,-72679.214841,1.780479e-08,5,5,4.5,e,+0.5,-1,4,4,4.5,f,-0.5,-1
sigma-,pi,100,89,-72679.203260,1.141928e-04,5,5,4.5,e,-0.5,-1,4,4,4.5,f,-1.5,-1
sigma-,pi,99,88,-72679.191611,3.972412e-04,5,5,4.5,e,-1.5,-1,4,4,4.5,f,-2.5,-1
sigma-,pi,98,87,-72679.179893,6.824464e-04,5,5,4.5,e,-2.5,-1,4,4,4.5,f,-3.5,-1
sigma-,pi,97,86,-72679.168105,6.853619e-04,5,5,4.5,e,-3.5,-1,4,4,4.5,f,-4.5,-1
sigma-,pi,118,86,-72675.640106,2.951614e-03,5,5,5.5,e,-3.5,-1,4,4,4.5,f,-4.5,-1
sigma-,pi,119,87,-72675.637443,6.442023e-03,5,5,5.5,e,-2.5,-1,4,4,4.5,f,-3.5,-1
sigma-,pi,120,88,-72675.634769,8.816251e-03,5,5,5.5,e,-1.5,-1,4,4,4.5,f,-2.5,-1
sigma-,pi,121,89,-72675.632085,9.185836e-03,5,5,5.5,e,-0.5,-1,4,4,4.5,f,-1.5,-1
sigma-,pi,122,90,-72675.629389,7.437205e-03,5,5,5.5,e,+0.5,-1,4,4,4.5,f,-0.5,-1
sigma-,pi,123,91,-72675.626683,4.239767e-03,5,5,5.5,e,+1.5,-1,4,4,4.5,f,+0.5,-1
sigma-,pi,124,92,-72675.623967,1.053736e-03,5,5,5.5,e,+2.5,-1,4,4,4.5,f,+1.5,-1
sigma-,pi,125,93,-72675.621240,1.377035e-04,5,5,5.5,e,+3.5,-1,4,4,4.5,f,+2.5,-1
sigma-,pi,126,94,-72675.618503,4.555949e-03,5,5,5.5,e,+4.5,-1,4,4,4.5,f,+3.5,-1
sigma-,pi,127,95,-72675.615756,1.818553e-02,5,5,5.5,e,+5.5,-1,4,4,4.5,f,+4.5,-1
sigma-,pi,98,68,-72674.808973,4.061812e-03,5,5,4.5,e,-2.5,-1,4,4,3.5,f,-3.5,-1
sigma-,pi,99,69,-72674.801927,7.969061e-03,5,5,4.5,e,-1.5,-1,4,4,3.5,f,-2.5,-1
sigma-,pi,100,70,-72674.794893,9.297664e-03,5,5,4.5,e,-0.5,-1,4,4,3.5,f,-1.5,-1
sigma-,pi,101,71,-72674.787869,7.402653e-03,5,5,4.5,e,+0.5,-1,4,4,3.5,f,-0.5,-1
sigma-,pi,102,72,-72674.780856,3.405522e-03,5,5,4.5,e,+1.5,-1,4,4,3.5,f,+0.5,-1
sigma-,pi,103,73,-72674.773854,1.820537e-04,5,5,4.5,e,+2.5,-1,4,4,3.5,f,+1.5,-1
sigma-,pi,104,74,-72674.766862,2.350613e-03,5,5,4.5,e,+3.5,-1,4,4,3.5,f,+2.5,-1
sigma-,pi,105,75,-72674.759880,1.626088e-02,5,5,4.5,e,+4.5,-1,4,4,3.5,f,+3.5,-1
sigma-,pi,119,68,-72671.266523,2.599436e-05,5,5,5.5,e,-2.5,-1,4,4,3.5,f,-3.5,-1
sigma-,pi,120,69,-72671.245086,8.966853e-05,5,5,5.5,e,-1.5,-1,4,4,3.5,f,-2.5,-1
sigma-,pi,121,70,-72671.223717,1.893892e-04,5,5,5.5,e,-0.5,-1,4,4,3.5,f,-1.5,-1
sigma-,pi,122,71,-72671.202417,3.111388e-04,5,5,5.5,e,+0.5,-1,4,4,3.5,f,-0.5,-1
sigma-,pi,123,72,-72671.181185,4.293986e-04,5,5,5.5,e,+1.5,-1,4,4,3.5,f,+0.5,-1
sigma-,pi,124,73,-72671.160019,5.079812e-04,5,5,5.5,e,+2.5,-1,4,4,3.5,f,+1.5,-1
sigma-,pi,125,74,-72671.138919,5.008186e-04,5,5,5.5,e,+3.5,-1,4,4,3.5,f,+2.5,-1
sigma-,pi,126,75,-72671.117883,3.527051e-04,5,5,5.5,e,+4.5,-1,4,4,3.5,f,+3.5,-1
sigma-,pi,69,44,-58240.990348,1.838508e-03,4,4,3.5,f,-2.5,-1,3,3,3.5,e,-3.5,-1
sigma-,pi,70,45,-58240.988732,1.386364e-03,4,4,3.5,f,-1.5,-1,3,3,3.5,e,-2.5,-1
sigma-,pi,71,46,-58240.986986,4.286292e-04,4,4,3.5,f,-0.5,-1,3,3,3.5,e,-1.5,-1
sigma-,pi,72,47,-58240.985114,2.315601e-10,4,4,3.5,f,+0.5,-1,3,3,3.5,e,-0.5,-1
sigma-,pi,73,48,-58240.983117,4.215029e-04,4,4,3.5,f,+1.5,-1,3,3,3.5,e,+0.5,-1
sigma-,pi,74,49,-58240.980997,1.334906e-03,4,4,3.5,f,+2.5,-1,3,3,3.5,e,+1.5,-1
sigma-,pi,75,50,-58240.978755,1.735015e-03,4,4,3.5,f,+3.5,-1,3,3,3.5,e,+2.5,-1
sigma-,pi,88,44,-58236.600664,6.198567e-03,4,4,4.5,f,-2.5,-1,3,3,3.5,e,-3.5,-1
sigma-,pi,89,45,-58236.580364,1.223337e-02,4,4,4.5,f,-1.5,-1,3,3,3.5,e,-2.5,-1
sigma-,pi,90,46,-58236.560015,1.436853e-02,4,4,4.5,f,-0.5,-1,3,3,3.5,e,-1.5,-1
sigma-,pi,91,47,-58236.539616,1.153822e-02,4,4,4.5,f,+0.5,-1,3,3,3.5,e,-0.5,-1
sigma-,pi,92,48,-58236.519169,5.388647e-03,4,4,4.5,f,+1.5,-1,3,3,3.5,e,+0.5,-1
sigma-,pi,93,49,-58236.498676,3.185023e-04,4,4,4.5,f,+2.5,-1,3,3,3.5,e,+1.5,-1
sigma-,pi,94,50,-58236.478136,3.517901e-03,4,4,4.5,f,+3.5,-1,3,3,3.5,e,+2.5,-1
sigma-,pi,95,51,-58236.457551,2.500595e-02,4,4,4.5,f,+4.5,-1,3,3,3.5,e,+3.5,-1
sigma-,pi,70,32,-58235.270838,8.883427e-03,4,4,3.5,f,-1.5,-1,3,3,2.5,e,-2.5,-1
sigma-,pi,71,33,-58235.237224,1.428393e-02,4,4,3.5,f,-0.5,-1,3,3,2.5,e,-1.5,-1
sigma-,pi,72,34,-58235.203660,1.151420e-02,4,4,3.5,f,+0.5,-1,3,3,2.5,e,-0.5,-1
sigma-,pi,73,35,-58235.170143,3.483547e-03,4,4,3.5,f,+1.5,-1,3,3,2.5,e,+0.5,-1
sigma-,pi,74,36,-58235.136674,6.194941e-04,4,4,3.5,f,+2.5,-1,3,3,2.5,e,+1.5,-1
sigma-,pi,75,37,-58235.103251,2.079308e-02,4,4,3.5,f,+3.5,-1,3,3,2.5,e,+2.5,-1
sigma-,pi,89,32,-58230.862471,1.154712e-04,4,4,4.5,f,-1.5,-1,3,3,2.5,e,-2.5,-1
sigma-,pi,90,33,-58230.810253,3.814309e-04,4,4,4.5,f,-0.5,-1,3,3,2.5,e,-1.5,-1
sigma-,pi,91,34,-58230.758161,7.560099e-04,4,4,4.5,f,+0.5,-1,3,3,2.5,e,-0.5,-1
sigma-,pi,92,35,-58230.706195,1.123876e-03,4,4,4.5,f,+1.5,-1,3,3,2.5,e,+0.5,-1
sigma-,pi,93,36,-58230.654353,1.299519e-03,4,4,4.5,f,+2.5,-1,3,3,2.5,e,+1.5,-1
sigma-,pi,94,37,-58230.602632,1.030404e-03,4,4,4.5,f,+3.5,-1,3,3,2.5,e,+2.5,-1
sigma-,pi,67,58,-58156.373466,1.741047e-03,4,4,3.5,e,+3.5,+1,3,3,3.5,f,+2.5,+1
sigma-,pi,66,57,-58156.364380,1.335020e-03,4,4,3.5,e,+2.5,+1,3,3,3.5,f,+1.5,+1
sigma-,pi,65,56,-58156.355176,4.185010e-04,4,4,3.5,e,+1.5,+1,3,3,3.5,f,+0.5,+1
sigma-,pi,64,55,-58156.345853,1.141682e-08,4,4,3.5,e,+0.5,+1,3,3,3.5,f,-0.5,+1
sigma-,pi,63,54,-58156.336407,4.341207e-04,4,4,3.5,e,-0.5,+1,3,3,3.5,f,-1.5,+1
sigma-,pi,62,53,-58156.326839,1.393989e-03,4,4,3.5,e,-1.5,+1,3,3,3.5,f,-2.5,+1
sigma-,pi,61,52,-58156.317145,1.842235e-03,4,4,3.5,e,-2.5,+1,3,3,3.5,f,-3.5,+1
sigma-,pi,78,52,-58151.930579,6.194839e-03,4,4,4.5,e,-2.5,+1,3,3,3.5,f,-3.5,+1
sigma-,pi,79,53,-58151.920289,1.222740e-02,4,4,4.5,e,-1.5,+1,3,3,3.5,f,-2.5,+1
sigma-,pi,80,54,-58151.909964,1.436316e-02,4,4,4.5,e,-0.5,+1,3,3,3.5,f,-1.5,+1
sigma-,pi,81,55,-58151.899605,1.153528e-02,4,4,4.5,e,+0.5,+1,3,3,3.5,f,-0.5,+1
sigma-,pi,82,56,-58151.889212,5.388055e-03,4,4,4.5,e,+1.5,+1,3,3,3.5,f,+0.5,+1
sigma-,pi,83,57,-58151.878786,3.186230e-04,4,4,4.5,e,+2.5,+1,3,3,3.5,f,+1.5,+1
sigma-,pi,84,58,-58151.868327,3.517231e-03,4,4,4.5,e,+3.5,+1,3,3,3.5,f,+2.5,+1
sigma-,pi,85,59,-58151.857837,2.500595e-02,4,4,4.5,e,+4.5,+1,3,3,3.5,f,+3.5,+1
sigma-,pi,62,38,-58150.604889,8.879654e-03,4,4,3.5,e,-1.5,+1,3,3,2.5,f,-2.5,+1
sigma-,pi,63,39,-58150.584268,1.427863e-02,4,4,3.5,e,-0.5,+1,3,3,2.5,f,-1.5,+1
sigma-,pi,64,40,-58150.563681,1.151040e-02,4,4,3.5,e,+0.5,+1,3,3,2.5,f,-0.5,+1
sigma-,pi,65,41,-58150.543129,3.482337e-03,4,4,3.5,e,+1.5,+1,3,3,2.5,f,+0.5,+1
sigma-,pi,66,42,-58150.522609,6.196386e-04,4,4,3.5,e,+2.5,+1,3,3,2.5,f,+1.5,+1
sigma-,pi,67,43,-58150.502123,2.079267e-02,4,4,3.5,e,+3.5,+1,3,3,2.5,f,+2.5,+1
sigma-,pi,79,38,-58146.198339,1.175861e-04,4,4,4.5,e,-1.5,+1,3,3,2.5,f,-2.5,+1
sigma-,pi,80,39,-58146.157824,3.866096e-04,4,4,4.5,e,-0.5,+1,3,3,2.5,f,-1.5,+1
sigma-,pi,81,40,-58146.117433,7.627365e-04,4,4,4.5,e,+0.5,+1,3,3,2.5,f,-0.5,+1
sigma-,pi,82,41,-58146.077164,1.128681e-03,4,4,4.5,e,+1.5,+1,3,3,2.5,f,+0.5,+1
sigma-,pi,83,42,-58146.037015,1.299139e-03,4,4,4.5,e,+2.5,+1,3,3,2.5,f,+1.5,+1
sigma-,pi,84,43,-58145.996985,1.025453e-03,4,4,4.5,e,+3.5,+1,3,3,2.5,f,+2.5,+1
sigma-,pi,39,20,-43676.131166,6.280413e-03,3,3,2.5,f,-1.5,+1,2,2,2.5,e,-2.5,+1
sigma-,pi,40,21,-43676.120551,2.470745e-03,3,3,2.5,f,-0.5,+1,2,2,2.5,e,-1.5,+1
sigma-,pi,41,22,-43676.109592,1.305178e-08,3,3,2.5,f,+0.5,+1,2,2,2.5,e,-0.5,+1
sigma-,pi,42,23,-43676.098297,2.423009e-03,3,3,2.5,f,+1.5,+1,2,2,2.5,e,+0.5,+1
sigma-,pi,43,24,-43676.086673,5.961594e-03,3,3,2.5,f,+2.5,+1,2,2,2.5,e,+1.5,+1
sigma-,pi,54,20,-43670.379026,1.515100e-02,3,3,3.5,f,-1.5,+1,2,2,2.5,e,-2.5,+1
sigma-,pi,55,21,-43670.338379,2.463310e-02,3,3,3.5,f,-0.5,+1,2,2,2.5,e,-1.5,+1
sigma-,pi,56,22,-43670.297544,2.014124e-02,3,3,3.5,f,+0.5,+1,2,2,2.5,e,-0.5,+1
sigma-,pi,57,23,-43670.256526,6.283197e-03,3,3,3.5,f,+1.5,+1,2,2,2.5,e,+0.5,+1
sigma-,pi,58,24,-43670.215330,9.591824e-04,3,3,3.5,f,+2.5,+1,2,2,2.5,e,+1.5,+1
sigma-,pi,59,25,-43670.173961,3.572423e-02,3,3,3.5,f,+3.5,+1,2,2,2.5,e,+2.5,+1
sigma-,pi,40,12,-43667.887857,2.207079e-02,3,3,2.5,f,-0.5,+1,2,2,1.5,e,-1.5,+1
sigma-,pi,41,13,-43667.811054,2.027194e-02,3,3,2.5,f,+0.5,+1,2,2,1.5,e,-0.5,+1
sigma-,pi,42,14,-43667.734435,1.552907e-03,3,3,2.5,f,+1.5,+1,2,2,1.5,e,+0.5,+1
sigma-,pi,43,15,-43667.657996,2.479094e-02,3,3,2.5,f,+2.5,+1,2,2,1.5,e,+1.5,+1
sigma-,pi,55,12,-43662.105685,8.217097e-04,3,3,3.5,f,-0.5,+1,2,2,1.5,e,-1.5,+1
sigma-,pi,56,13,-43661.999006,2.441339e-03,3,3,3.5,f,+0.5,+1,2,2,1.5,e,-0.5,+1
sigma-,pi,57,14,-43661.892665,4.029809e-03,3,3,3.5,f,+1.5,+1,2,2,1.5,e,+0.5,+1
sigma-,pi,58,15,-43661.786653,3.991273e-03,3,3,3.5,f,+2.5,+1,2,2,1.5,e,+1.5,+1
sigma-,pi,35,28,-43628.500582,1.429826e-11,3,3,2.5,e,+0.5,-1,2,2,2.5,f,-0.5,-1
sigma-,pi,36,29,-43628.500458,2.418258e-03,3,3,2.5,e,+1.5,-1,2,2,2.5,f,+0.5,-1
sigma-,pi,34,27,-43628.500379,2.482653e-03,3,3,2.5,e,-0.5,-1,2,2,2.5,f,-1.5,-1
sigma-,pi,37,30,-43628.500015,5.969788e-03,3,3,2.5,e,+2.5,-1,2,2,2.5,f,+1.5,-1
sigma-,pi,33,26,-43628.499842,6.289312e-03,3,3,2.5,e,-1.5,-1,2,2,2.5,f,-2.5,-1
sigma-,pi,46,26,-43622.750080,1.514210e-02,3,3,3.5,e,-1.5,-1,2,2,2.5,f,-2.5,-1
sigma-,pi,47,27,-43622.718924,2.462282e-02,3,3,3.5,e,-0.5,-1,2,2,2.5,f,-1.5,-1
sigma-,pi,48,28,-43622.687608,2.013645e-02,3,3,3.5,e,+0.5,-1,2,2,2.5,f,-0.5,-1
sigma-,pi,49,29,-43622.656135,6.283259e-03,3,3,3.5,e,+1.5,-1,2,2,2.5,f,+0.5,-1
sigma-,pi,50,30,-43622.624511,9.586189e-04,3,3,3.5,e,+2.5,-1,2,2,2.5,f,+1.5,-1
sigma-,pi,51,31,-43622.592738,3.572423e-02,3,3,3.5,e,+3.5,-1,2,2,2.5,f,+2.5,-1
sigma-,pi,34,16,-43620.264305,2.206238e-02,3,3,2.5,e,-0.5,-1,2,2,1.5,f,-1.5,-1
sigma-,pi,35,17,-43620.201000,2.026505e-02,3,3,2.5,e,+0.5,-1,2,2,1.5,f,-0.5,-1
sigma-,pi,36,18,-43620.137853,1.551999e-03,3,3,2.5,e,+1.5,-1,2,2,1.5,f,+0.5,-1
sigma-,pi,37,19,-43620.074859,2.479111e-02,3,3,2.5,e,+2.5,-1,2,2,1.5,f,+1.5,-1
sigma-,pi,47,16,-43614.482850,8.284816e-04,3,3,3.5,e,-0.5,-1,2,2,1.5,f,-1.5,-1
sigma-,pi,48,17,-43614.388026,2.453023e-03,3,3,3.5,e,+0.5,-1,2,2,1.5,f,-0.5,-1
sigma-,pi,49,18,-43614.293530,4.035405e-03,3,3,3.5,e,+1.5,-1,2,2,1.5,f,+0.5,-1
sigma-,pi,50,19,-43614.199355,3.983481e-03,3,3,3.5,e,+2.5,-1,2,2,1.5,f,+1.5,-1
sigma-,pi,17,4,-29118.042375,3.066462e-02,2,2,1.5,f,-0.5,-1,1,1,1.5,e,-1.5,-1
sigma-,pi,18,5,-29117.983140,3.787196e-07,2,2,1.5,f,+0.5,-1,1,1,1.5,e,-0.5,-1
sigma-,pi,19,6,-29117.921532,2.932744e-02,2,2,1.5,f,+1.5,-1,1,1,1.5,e,+0.5,-1
sigma-,pi,28,4,-29109.742793,4.432884e-02,2,2,2.5,f,-0.5,-1,1,1,1.5,e,-1.5,-1
sigma-,pi,29,5,-29109.620535,4.224172e-02,2,2,2.5,f,+0.5,-1,1,1,1.5,e,-0.5,-1
sigma-,pi,30,6,-29109.496376,3.712754e-03,2,2,2.5,f,+1.5,-1,1,1,1.5,e,+0.5,-1
sigma-,pi,31,7,-29109.370417,5.001514e-02,2,2,2.5,f,+2.5,-1,1,1,1.5,e,+1.5,-1
sigma-,pi,18,0,-29103.056576,4.456372e-02,2,2,1.5,f,+0.5,-1,1,1,0.5,e,-0.5,-1
sigma-,pi,19,1,-29102.744558,1.580532e-02,2,2,1.5,f,+1.5,-1,1,1,0.5,e,+0.5,-1
sigma-,pi,13,8,-29096.873227,3.068976e-02,2,2,1.5,e,-0.5,+1,1,1,1.5,f,-1.5,+1
sigma-,pi,14,9,-29096.824668,2.576745e-07,2,2,1.5,e,+0.5,+1,1,1,1.5,f,-0.5,+1
sigma-,pi,15,10,-29096.773783,2.932942e-02,2,2,1.5,e,+1.5,+1,1,1,1.5,f,+0.5,+1
sigma-,pi,29,0,-29094.693971,1.321556e-02,2,2,2.5,f,+0.5,-1,1,1,0.5,e,-0.5,-1
sigma-,pi,30,1,-29094.319403,2.612355e-02,2,2,2.5,f,+1.5,-1,1,1,0.5,e,+0.5,-1
sigma-,pi,22,8,-29088.574689,4.430365e-02,2,2,2.5,e,-0.5,+1,1,1,1.5,f,-1.5,+1
sigma-,pi,23,9,-29088.460806,4.223311e-02,2,2,2.5,e,+0.5,+1,1,1,1.5,f,-0.5,+1
sigma-,pi,24,10,-29088.345106,3.714901e-03,2,2,2.5,e,+1.5,+1,1,1,1.5,f,+0.5,+1
sigma-,pi,25,11,-29088.227683,5.001515e-02,2,2,2.5,e,+2.5,+1,1,1,1.5,f,+1.5,+1
sigma-,pi,14,2,-29081.896311,4.454744e-02,2,2,1.5,e,+0.5,+1,1,1,0.5,f,-0.5,+1
sigma-,pi,15,3,-29081.598852,1.580868e-02,2,2,1.5,e,+1.5,+1,1,1,0.5,f,+0.5,+1
sigma-,pi,23,2,-29073.532450,1.324054e-02,2,2,2.5,e,+0.5,+1,1,1,0.5,f,-0.5,+1
sigma-,pi,24,3,-29073.170175,2.611607e-02,2,2,2.5,e,+1.5,+1,1,1,0.5,f,+0.5,+1
sigma-,pi,1,5,-15.387496,1.497585e-02,1,1,0.5,e,+0.5,-1,1,1,1.5,e,-0.5,-1
sigma-,pi,3,9,-15.381617,1.497609e-02,1,1,0.5,f,+0.5,+1,1,1,1.5,f,-0.5,+1
sigma-,pi,0,4,-15.134951,5.163717e-03,1,1,0.5,e,-0.5,-1,1,1,1.5,e,-1.5,-1
sigma-,pi,2,8,-15.132972,5.161105e-03,1,1,0.5,f,-0.5,+1,1,1,1.5,f,-1.5,+1
sigma-,pi,15,23,-8.519663,2.708074e-03,2,2,1.5,e,+1.5,+1,2,2,2.5,e,+0.5,+1
sigma-,pi,19,29,-8.511520,2.709647e-03,2,2,1.5,f,+1.5,-1,2,2,2.5,f,+0.5,-1
sigma-,pi,14,22,-8.454594,2.547001e-03,2,2,1.5,e,+0.5,+1,2,2,2.5,e,-0.5,+1
sigma-,pi,18,28,-8.448734,2.547077e-03,2,2,1.5,f,+0.5,-1,2,2,2.5,f,-0.5,-1
sigma-,pi,13,21,-8.389012,2.070682e-04,2,2,1.5,e,-0.5,+1,2,2,2.5,e,-1.5,+1
sigma-,pi,17,27,-8.385469,2.069531e-04,2,2,1.5,f,-0.5,-1,2,2,2.5,f,-1.5,-1
sigma-,pi,12,20,-8.322902,3.155214e-03,2,2,1.5,e,-1.5,+1,2,2,2.5,e,-2.5,+1
sigma-,pi,16,26,-8.321715,3.151720e-03,2,2,1.5,f,-1.5,-1,2,2,2.5,f,-2.5,-1
sigma-,pi,37,49,-5.930244,1.870621e-03,3,3,2.5,e,+2.5,-1,3,3,3.5,e,+1.5,-1
sigma-,pi,43,57,-5.921133,1.872801e-03,3,3,2.5,f,+2.5,+1,3,3,3.5,f,+1.5,+1
sigma-,pi,36,48,-5.898979,3.050611e-03,3,3,2.5,e,+1.5,-1,3,3,3.5,e,+0.5,-1
sigma-,pi,42,56,-5.891486,3.052468e-03,3,3,2.5,f,+1.5,+1,3,3,3.5,f,+0.5,+1
sigma-,pi,35,47,-5.867545,2.497825e-03,3,3,2.5,e,+0.5,-1,3,3,3.5,e,-0.5,-1
sigma-,pi,41,55,-5.861686,2.497923e-03,3,3,2.5,f,+0.5,+1,3,3,3.5,f,-0.5,+1
sigma-,pi,34,46,-5.835940,7.731752e-04,3,3,2.5,e,-0.5,-1,3,3,3.5,e,-1.5,-1
sigma-,pi,40,54,-5.831733,7.727496e-04,3,3,2.5,f,-0.5,+1,3,3,3.5,f,-1.5,+1
sigma-,pi,33,45,-5.804159,1.302038e-04,3,3,2.5,e,-1.5,-1,3,3,3.5,e,-2.5,-1
sigma-,pi,39,53,-5.801622,1.300652e-04,3,3,2.5,f,-1.5,+1,3,3,3.5,f,-2.5,+1
sigma-,pi,32,44,-5.772201,4.610738e-03,3,3,2.5,e,-2.5,-1,3,3,3.5,e,-3.5,-1
sigma-,pi,38,52,-5.771352,4.602836e-03,3,3,2.5,f,-2.5,+1,3,3,3.5,f,-3.5,+1
sigma-,pi,67,83,-4.544470,9.683483e-04,4,4,3.5,e,+3.5,+1,4,4,4.5,e,+2.5,+1
sigma-,pi,75,93,-4.534819,9.700556e-04,4,4,3.5,f,+3.5,-1,4,4,4.5,f,+2.5,-1
sigma-,pi,66,82,-4.524883,1.920571e-03,4,4,3.5,e,+2.5,+1,4,4,4.5,e,+1.5,+1
sigma-,pi,74,92,-4.516484,1.922882e-03,4,4,3.5,f,+2.5,-1,4,4,4.5,f,+1.5,-1
sigma-,pi,65,81,-4.505210,2.266229e-03,4,4,3.5,e,+1.5,+1,4,4,4.5,e,+0.5,+1
sigma-,pi,73,91,-4.498072,2.267665e-03,4,4,3.5,f,+1.5,-1,4,4,4.5,f,+0.5,-1
sigma-,pi,64,80,-4.485450,1.826610e-03,4,4,3.5,e,+0.5,+1,4,4,4.5,e,-0.5,+1
sigma-,pi,72,90,-4.479585,1.826706e-03,4,4,3.5,f,+0.5,-1,4,4,4.5,f,-0.5,-1
sigma-,pi,63,79,-4.465601,8.533813e-04,4,4,3.5,e,-0.5,+1,4,4,4.5,e,-1.5,+1
sigma-,pi,71,89,-4.461019,8.529169e-04,4,4,3.5,f,-0.5,-1,4,4,4.5,f,-1.5,-1
sigma-,pi,62,78,-4.445662,4.826019e-05,4,4,3.5,e,-1.5,+1,4,4,4.5,e,-2.5,+1
sigma-,pi,70,88,-4.442375,4.820092e-05,4,4,3.5,f,-1.5,-1,4,4,4.5,f,-2.5,-1
sigma-,pi,61,77,-4.425632,5.837819e-04,4,4,3.5,e,-2.5,+1,4,4,4.5,e,-3.5,+1
sigma-,pi,69,87,-4.423652,5.827947e-04,4,4,3.5,f,-2.5,-1,4,4,4.5,f,-3.5,-1
sigma-,pi,60,76,-4.405510,4.125222e-03,4,4,3.5,e,-3.5,+1,4,4,4.5,e,-4.5,+1
sigma-,pi,68,86,-4.404848,4.115611e-03,4,4,3.5,f,-3.5,-1,4,4,4.5,f,-4.5,-1
sigma-,pi,105,125,-3.673460,5.177239e-04,5,5,4.5,e,+4.5,-1,5,5,5.5,e,+3.5,-1
sigma-,pi,115,137,-3.663465,5.189539e-04,5,5,4.5,f,+4.5,+1,5,5,5.5,f,+3.5,+1
sigma-,pi,104,124,-3.659379,1.135906e-03,5,5,4.5,e,+3.5,-1,5,5,5.5,e,+2.5,-1
sigma-,pi,114,136,-3.650403,1.137965e-03,5,5,4.5,f,+3.5,+1,5,5,5.5,f,+2.5,+1
sigma-,pi,103,123,-3.645243,1.562597e-03,5,5,4.5,e,+2.5,-1,5,5,5.5,e,+1.5,-1
sigma-,pi,113,135,-3.637293,1.564537e-03,5,5,4.5,f,+2.5,+1,5,5,5.5,f,+1.5,+1
sigma-,pi,102,122,-3.631052,1.636152e-03,5,5,4.5,e,+1.5,-1,5,5,5.5,e,+0.5,-1
sigma-,pi,112,134,-3.624135,1.637234e-03,5,5,4.5,f,+1.5,+1,5,5,5.5,f,+0.5,+1
sigma-,pi,101,121,-3.616804,1.330467e-03,5,5,4.5,e,+0.5,-1,5,5,5.5,e,-0.5,-1
sigma-,pi,111,133,-3.610928,1.330560e-03,5,5,4.5,f,+0.5,+1,5,5,5.5,f,-0.5,+1
sigma-,pi,100,120,-3.602499,7.604539e-04,5,5,4.5,e,-0.5,-1,5,5,5.5,e,-1.5,-1
sigma-,pi,110,132,-3.597673,7.600471e-04,5,5,4.5,f,-0.5,+1,5,5,5.5,f,-1.5,+1
sigma-,pi,99,119,-3.588136,1.878000e-04,5,5,4.5,e,-1.5,-1,5,5,5.5,e,-2.5,-1
sigma-,pi,109,131,-3.584368,1.875795e-04,5,5,4.5,f,-1.5,+1,5,5,5.5,f,-2.5,+1
sigma-,pi,98,118,-3.573715,2.700181e-05,5,5,4.5,e,-2.5,-1,5,5,5.5,e,-3.5,-1
sigma-,pi,108,130,-3.571013,2.696015e-05,5,5,4.5,f,-2.5,+1,5,5,5.5,f,-3.5,+1
sigma-,pi,97,117,-3.559235,8.517015e-04,5,5,4.5,e,-3.5,-1,5,5,5.5,e,-4.5,-1
sigma-,pi,107,129,-3.557607,8.497316e-04,5,5,4.5,f,-3.5,+1,5,5,5.5,f,-4.5,+1
sigma-,pi,96,116,-3.544695,3.401342e-03,5,5,4.5,e,-4.5,-1,5,5,5.5,e,-5.5,-1
sigma-,pi,106,128,-3.544151,3.391268e-03,5,5,4.5,f,-4.5,+1,5,5,5.5,f,-5.5,+1
sigma-,pi,1,0,-0.460932,8.274417e-06,1,1,0.5,e,+0.5,-1,1,1,0.5,e,-0.5,-1
sigma-,pi,3,2,-0.453261,8.022052e-06,1,1,0.5,f,+0.5,+1,1,1,0.5,f,-0.5,+1
sigma-,pi,7,6,-0.212555,1.018445e-02,1,1,1.5,e,+1.5,-1,1,1,1.5,e,+0.5,-1
sigma-,pi,6,5,-0.210523,8.317701e-06,1,1,1.5,e,+0.5,-1,1,1,1.5,e,-0.5,-1
sigma-,pi,11,10,-0.208657,1.018197e-02,1,1,1.5,f,+1.5,+1,1,1,1.5,f,+0.5,+1
sigma-,pi,5,4,-0.208387,9.852799e-03,1,1,1.5,e,-0.5,-1,1,1,1.5,e,-1.5,-1
sigma-,pi,10,9,-0.206686,8.065481e-06,1,1,1.5,f,+0.5,+1,1,1,1.5,f,-0.5,+1
sigma-,pi,9,8,-0.204616,9.855441e-03,1,1,1.5,f,-0.5,+1,1,1,1.5,f,-1.5,+1
sigma-,pi,13,12,-0.156317,9.896252e-03,2,2,1.5,e,-0.5,+1,2,2,1.5,e,-1.5,+1
sigma-,pi,14,13,-0.156056,9.386521e-07,2,2,1.5,e,+0.5,+1,2,2,1.5,e,-0.5,+1
sigma-,pi,15,14,-0.155801,1.014370e-02,2,2,1.5,e,+1.5,+1,2,2,1.5,e,+0.5,+1
sigma-,pi,17,16,-0.149395,9.900631e-03,2,2,1.5,f,-0.5,-1,2,2,1.5,f,-1.5,-1
sigma-,pi,18,17,-0.149152,8.738050e-07,2,2,1.5,f,+0.5,-1,2,2,1.5,f,-0.5,-1
sigma-,pi,19,18,-0.148915,1.013939e-02,2,2,1.5,f,+1.5,-1,2,2,1.5,f,+0.5,-1
sigma-,pi,25,24,-0.091233,1.233234e-02,2,2,2.5,e,+2.5,+1,2,2,2.5,e,+1.5,+1
sigma-,pi,24,23,-0.090986,4.819365e-03,2,2,2.5,e,+1.5,+1,2,2,2.5,e,+0.5,+1
sigma-,pi,23,22,-0.090733,9.461442e-07,2,2,2.5,e,+0.5,+1,2,2,2.5,e,-0.5,+1
sigma-,pi,22,21,-0.090474,4.973252e-03,2,2,2.5,e,-0.5,+1,2,2,2.5,e,-1.5,+1
sigma-,pi,21,20,-0.090208,1.213904e-02,2,2,2.5,e,-1.5,+1,2,2,2.5,e,-2.5,+1
sigma-,pi,31,30,-0.086595,1.232906e-02,2,2,2.5,f,+2.5,-1,2,2,2.5,f,+1.5,-1
sigma-,pi,30,29,-0.086365,4.821989e-03,2,2,2.5,f,+1.5,-1,2,2,2.5,f,+0.5,-1
sigma-,pi,33,32,-0.086266,2.746086e-02,3,3,2.5,e,-1.5,-1,3,3,2.5,e,-2.5,-1
sigma-,pi,34,33,-0.086178,1.086446e-02,3,3,2.5,e,-0.5,-1,3,3,2.5,e,-1.5,-1
sigma-,pi,29,28,-0.086129,8.805628e-07,2,2,2.5,f,+0.5,-1,2,2,2.5,f,-0.5,-1
sigma-,pi,35,34,-0.086091,8.868182e-07,3,3,2.5,e,+0.5,-1,3,3,2.5,e,-0.5,-1
sigma-,pi,36,35,-0.086005,1.118426e-02,3,3,2.5,e,+1.5,-1,3,3,2.5,e,+0.5,-1
sigma-,pi,37,36,-0.085921,2.766148e-02,3,3,2.5,e,+2.5,-1,3,3,2.5,e,+1.5,-1
sigma-,pi,28,27,-0.085888,4.970434e-03,2,2,2.5,f,-0.5,-1,2,2,2.5,f,-1.5,-1
sigma-,pi,27,26,-0.085641,1.214254e-02,2,2,2.5,f,-1.5,-1,2,2,2.5,f,-2.5,-1
sigma-,pi,39,38,-0.079672,2.746618e-02,3,3,2.5,f,-1.5,+1,3,3,2.5,f,-2.5,+1
sigma-,pi,40,39,-0.079593,1.087284e-02,3,3,2.5,f,-0.5,+1,3,3,2.5,f,-1.5,+1
sigma-,pi,41,40,-0.079515,7.968186e-07,3,3,2.5,f,+0.5,+1,3,3,2.5,f,-0.5,+1
sigma-,pi,42,41,-0.079438,1.117598e-02,3,3,2.5,f,+1.5,+1,3,3,2.5,f,+0.5,+1
sigma-,pi,43,42,-0.079362,2.765637e-02,3,3,2.5,f,+2.5,+1,3,3,2.5,f,+1.5,+1
sigma-,pi,61,60,-0.059142,3.436739e-02,4,4,3.5,e,-2.5,+1,4,4,3.5,e,-3.5,+1
sigma-,pi,62,61,-0.059096,2.606112e-02,4,4,3.5,e,-1.5,+1,4,4,3.5,e,-2.5,+1
sigma-,pi,63,62,-0.059051,8.056224e-03,4,4,3.5,e,-0.5,+1,4,4,3.5,e,-1.5,+1
sigma-,pi,64,63,-0.059006,7.289965e-07,4,4,3.5,e,+0.5,+1,4,4,3.5,e,-0.5,+1
sigma-,pi,65,64,-0.058962,8.328965e-03,4,4,3.5,e,+1.5,+1,4,4,3.5,e,+0.5,+1
sigma-,pi,66,65,-0.058919,2.637001e-02,4,4,3.5,e,+2.5,+1,4,4,3.5,e,+1.5,+1
sigma-,pi,67,66,-0.058876,3.445165e-02,4,4,3.5,e,+3.5,+1,4,4,3.5,e,+2.5,+1
sigma-,pi,51,50,-0.054822,2.692431e-02,3,3,3.5,e,+3.5,-1,3,3,3.5,e,+2.5,-1
sigma-,pi,50,49,-0.054740,2.035041e-02,3,3,3.5,e,+2.5,-1,3,3,3.5,e,+1.5,-1
sigma-,pi,49,48,-0.054656,6.259958e-03,3,3,3.5,e,+1.5,-1,3,3,3.5,e,+0.5,-1
sigma-,pi,48,47,-0.054571,8.900067e-07,3,3,3.5,e,+0.5,-1,3,3,3.5,e,-0.5,-1
sigma-,pi,47,46,-0.054485,6.496150e-03,3,3,3.5,e,-0.5,-1,3,3,3.5,e,-1.5,-1
sigma-,pi,46,45,-0.054397,2.046137e-02,3,3,3.5,e,-1.5,-1,3,3,3.5,e,-2.5,-1
sigma-,pi,45,44,-0.054308,2.663192e-02,3,3,3.5,e,-2.5,-1,3,3,3.5,e,-3.5,-1
sigma-,pi,69,68,-0.052731,3.437016e-02,4,4,3.5,f,-2.5,-1,4,4,3.5,f,-3.5,-1
sigma-,pi,70,69,-0.052691,2.607128e-02,4,4,3.5,f,-1.5,-1,4,4,3.5,f,-2.5,-1
sigma-,pi,71,70,-0.052652,8.065053e-03,4,4,3.5,f,-0.5,-1,4,4,3.5,f,-1.5,-1
sigma-,pi,72,71,-0.052613,6.379655e-07,4,4,3.5,f,+0.5,-1,4,4,3.5,f,-0.5,-1
sigma-,pi,73,72,-0.052574,8.320199e-03,4,4,3.5,f,+1.5,-1,4,4,3.5,f,+0.5,-1
sigma-,pi,74,73,-0.052536,2.636024e-02,4,4,3.5,f,+2.5,-1,4,4,3.5,f,+1.5,-1
sigma-,pi,75,74,-0.052498,3.444899e-02,4,4,3.5,f,+3.5,-1,4,4,3.5,f,+2.5,-1
sigma-,pi,59,58,-0.049864,2.691699e-02,3,3,3.5,f,+3.5,+1,3,3,3.5,f,+2.5,+1
sigma-,pi,58,57,-0.049790,2.035319e-02,3,3,3.5,f,+2.5,+1,3,3,3.5,f,+1.5,+1
sigma-,pi,57,56,-0.049715,6.265964e-03,3,3,3.5,f,+1.5,+1,3,3,3.5,f,+0.5,+1
sigma-,pi,56,55,-0.049638,7.994952e-07,3,3,3.5,f,+0.5,+1,3,3,3.5,f,-0.5,+1
sigma-,pi,55,54,-0.049561,6.489815e-03,3,3,3.5,f,-0.5,+1,3,3,3.5,f,-1.5,+1
sigma-,pi,54,53,-0.049482,2.045832e-02,3,3,3.5,f,-1.5,+1,3,3,3.5,f,-2.5,+1
sigma-,pi,53,52,-0.049402,2.663984e-02,3,3,3.5,f,-2.5,+1,3,3,3.5,f,-3.5,+1
sigma-,pi,97,96,-0.045745,3.569967e-02,5,5,4.5,e,-3.5,-1,5,5,4.5,e,-4.5,-1
sigma-,pi,98,97,-0.045715,3.559377e-02,5,5,4.5,e,-2.5,-1,5,5,4.5,e,-3.5,-1
sigma-,pi,99,98,-0.045686,2.066663e-02,5,5,4.5,e,-1.5,-1,5,5,4.5,e,-2.5,-1
sigma-,pi,100,99,-0.045657,5.837482e-03,5,5,4.5,e,-0.5,-1,5,5,4.5,e,-1.5,-1
sigma-,pi,101,100,-0.045628,6.363060e-07,5,5,4.5,e,+0.5,-1,5,5,4.5,e,-0.5,-1
sigma-,pi,102,101,-0.045600,6.064039e-03,5,5,4.5,e,+1.5,-1,5,5,4.5,e,+0.5,-1
sigma-,pi,103,102,-0.045572,2.098646e-02,5,5,4.5,e,+2.5,-1,5,5,4.5,e,+1.5,-1
sigma-,pi,104,103,-0.045544,3.581325e-02,5,5,4.5,e,+3.5,-1,5,5,4.5,e,+2.5,-1
sigma-,pi,105,104,-0.045517,3.571086e-02,5,5,4.5,e,+4.5,-1,5,5,4.5,e,+3.5,-1
sigma-,pi,107,106,-0.039451,3.570005e-02,5,5,4.5,f,-3.5,+1,5,5,4.5,f,-4.5,+1
sigma-,pi,108,107,-0.039426,3.560203e-02,5,5,4.5,f,-2.5,+1,5,5,4.5,f,-3.5,+1
sigma-,pi,109,108,-0.039400,2.067854e-02,5,5,4.5,f,-1.5,+1,5,5,4.5,f,-2.5,+1
sigma-,pi,110,109,-0.039375,5.845790e-03,5,5,4.5,f,-0.5,+1,5,5,4.5,f,-1.5,+1
sigma-,pi,85,84,-0.039374,3.198248e-02,4,4,4.5,e,+4.5,+1,4,4,4.5,e,+3.5,+1
sigma-,pi,111,110,-0.039351,5.465111e-07,5,5,4.5,f,+0.5,+1,5,5,4.5,f,-0.5,+1
sigma-,pi,84,83,-0.039332,3.184365e-02,4,4,4.5,e,+3.5,+1,4,4,4.5,e,+2.5,+1
sigma-,pi,112,111,-0.039326,6.055755e-03,5,5,4.5,f,+1.5,+1,5,5,4.5,f,+0.5,+1
sigma-,pi,113,112,-0.039302,2.097494e-02,5,5,4.5,f,+2.5,+1,5,5,4.5,f,+1.5,+1
sigma-,pi,83,82,-0.039289,1.845857e-02,4,4,4.5,e,+2.5,+1,4,4,4.5,e,+1.5,+1
sigma-,pi,114,113,-0.039278,3.580543e-02,5,5,4.5,f,+3.5,+1,5,5,4.5,f,+2.5,+1
sigma-,pi,115,114,-0.039255,3.571043e-02,5,5,4.5,f,+4.5,+1,5,5,4.5,f,+3.5,+1
sigma-,pi,82,81,-0.039246,5.200078e-03,4,4,4.5,e,+1.5,+1,4,4,4.5,e,+0.5,+1
sigma-,pi,81,80,-0.039202,7.304710e-07,4,4,4.5,e,+0.5,+1,4,4,4.5,e,-0.5,+1
sigma-,pi,80,79,-0.039157,5.417004e-03,4,4,4.5,e,-0.5,+1,4,4,4.5,e,-1.5,+1
sigma-,pi,79,78,-0.039112,1.869581e-02,4,4,4.5,e,-1.5,+1,4,4,4.5,e,-2.5,+1
sigma-,pi,78,77,-0.039066,3.184348e-02,4,4,4.5,e,-2.5,+1,4,4,4.5,e,-3.5,+1
sigma-,pi,77,76,-0.039020,3.169734e-02,4,4,4.5,e,-3.5,+1,4,4,4.5,e,-4.5,+1
sigma-,pi,95,94,-0.034237,3.197368e-02,4,4,4.5,f,+4.5,-1,4,4,4.5,f,+3.5,-1
sigma-,pi,94,93,-0.034200,3.184362e-02,4,4,4.5,f,+3.5,-1,4,4,4.5,f,+2.5,-1
sigma-,pi,93,92,-0.034163,1.846600e-02,4,4,4.5,f,+2.5,-1,4,4,4.5,f,+1.5,-1
sigma-,pi,92,91,-0.034125,5.206923e-03,4,4,4.5,f,+1.5,-1,4,4,4.5,f,+0.5,-1
sigma-,pi,91,90,-0.034086,6.390988e-07,4,4,4.5,f,+0.5,-1,4,4,4.5,f,-0.5,-1
sigma-,pi,90,89,-0.034047,5.409824e-03,4,4,4.5,f,-0.5,-1,4,4,4.5,f,-1.5,-1
sigma-,pi,89,88,-0.034008,1.868789e-02,4,4,4.5,f,-1.5,-1,4,4,4.5,f,-2.5,-1
sigma-,pi,88,87,-0.033968,3.184343e-02,4,4,4.5,f,-2.5,-1,4,4,4.5,f,-3.5,-1
sigma-,pi,87,86,-0.033928,3.170696e-02,4,4,4.5,f,-3.5,-1,4,4,4.5,f,-4.5,-1
sigma-,pi,127,126,-0.031490,3.280465e-02,5,5,5.5,e,+5.5,-1,5,5,5.5,e,+4.5,-1
sigma-,pi,126,125,-0.031463,3.806214e-02,5,5,5.5,e,+4.5,-1,5,5,5.5,e,+3.5,-1
sigma-,pi,125,124,-0.031436,2.879559e-02,5,5,5.5,e,+3.5,-1,5,5,5.5,e,+2.5,-1
sigma-,pi,124,123,-0.031408,1.508022e-02,5,5,5.5,e,+2.5,-1,5,5,5.5,e,+1.5,-1
sigma-,pi,123,122,-0.031380,4.065943e-03,5,5,5.5,e,+1.5,-1,5,5,5.5,e,+0.5,-1
sigma-,pi,122,121,-0.031352,6.371089e-07,5,5,5.5,e,+0.5,-1,5,5,5.5,e,-0.5,-1
sigma-,pi,121,120,-0.031323,4.254217e-03,5,5,5.5,e,-0.5,-1,5,5,5.5,e,-1.5,-1
sigma-,pi,120,119,-0.031294,1.534350e-02,5,5,5.5,e,-1.5,-1,5,5,5.5,e,-2.5,-1
sigma-,pi,119,118,-0.031265,2.895790e-02,5,5,5.5,e,-2.5,-1,5,5,5.5,e,-3.5,-1
sigma-,pi,118,117,-0.031235,3.798605e-02,5,5,5.5,e,-3.5,-1,5,5,5.5,e,-4.5,-1
sigma-,pi,117,116,-0.031205,3.254325e-02,5,5,5.5,e,-4.5,-1,5,5,5.5,e,-5.5,-1
sigma-,pi,139,138,-0.026239,3.279555e-02,5,5,5.5,f,+5.5,+1,5,5,5.5,f,+4.5,+1
sigma-,pi,138,137,-0.026216,3.805944e-02,5,5,5.5,f,+4.5,+1,5,5,5.5,f,+3.5,+1
sigma-,pi,137,136,-0.026192,2.880130e-02,5,5,5.5,f,+3.5,+1,5,5,5.5,f,+2.5,+1
sigma-,pi,136,135,-0.026168,1.508960e-02,5,5,5.5,f,+2.5,+1,5,5,5.5,f,+1.5,+1
sigma-,pi,135,134,-0.026144,4.072690e-03,5,5,5.5,f,+1.5,+1,5,5,5.5,f,+0.5,+1
sigma-,pi,134,133,-0.026120,5.470670e-07,5,5,5.5,f,+0.5,+1,5,5,5.5,f,-0.5,+1
sigma-,pi,133,132,-0.026095,4.247150e-03,5,5,5.5,f,-0.5,+1,5,5,5.5,f,-1.5,+1
sigma-,pi,132,131,-0.026071,1.533355e-02,5,5,5.5,f,-1.5,+1,5,5,5.5,f,-2.5,+1
sigma-,pi,131,130,-0.026045,2.895169e-02,5,5,5.5,f,-2.5,+1,5,5,5.5,f,-3.5,+1
sigma-,pi,130,129,-0.026020,3.798891e-02,5,5,5.5,f,-3.5,+1,5,5,5.5,f,-4.5,+1
sigma-,pi,129,128,-0.025994,3.255334e-02,5,5,5.5,f,-4.5,+1,5,5,5.5,f,-5.5,+1
sigma-,pi,118,96,3.482254,5.518784e-04,5,5,5.5,e,-3.5,-1,5,5,4.5,e,-4.5,-1
sigma-,pi,130,106,3.492136,5.506059e-04,5,5,5.5,f,-3.5,+1,5,5,4.5,f,-4.5,+1
sigma-,pi,119,97,3.496735,1.191652e-03,5,5,5.5,e,-2.5,-1,5,5,4.5,e,-3.5,-1
sigma-,pi,131,107,3.505542,1.189630e-03,5,5,5.5,f,-2.5,+1,5,5,4.5,f,-3.5,+1
sigma-,pi,120,98,3.511156,1.613311e-03,5,5,5.5,e,-1.5,-1,5,5,4.5,e,-2.5,-1
sigma-,pi,132,108,3.518897,1.611539e-03,5,5,5.5,f,-1.5,+1,5,5,4.5,f,-2.5,+1
sigma-,pi,121,99,3.525519,1.662493e-03,5,5,5.5,e,-0.5,-1,5,5,4.5,e,-1.5,-1
sigma-,pi,133,109,3.532202,1.661647e-03,5,5,5.5,f,-0.5,+1,5,5,4.5,f,-1.5,+1
sigma-,pi,122,100,3.539824,1.330470e-03,5,5,5.5,e,+0.5,-1,5,5,4.5,e,-0.5,-1
sigma-,pi,134,110,3.545457,1.330563e-03,5,5,5.5,f,+0.5,+1,5,5,4.5,f,-0.5,+1
sigma-,pi,123,101,3.554072,7.484064e-04,5,5,5.5,e,+1.5,-1,5,5,4.5,e,+0.5,-1
sigma-,pi,135,111,3.558664,7.488813e-04,5,5,5.5,f,+1.5,+1,5,5,4.5,f,+0.5,+1
sigma-,pi,124,102,3.568263,1.818939e-04,5,5,5.5,e,+2.5,-1,5,5,4.5,e,+1.5,-1
sigma-,pi,136,112,3.571822,1.821062e-04,5,5,5.5,f,+2.5,+1,5,5,4.5,f,+1.5,+1
sigma-,pi,125,103,3.582399,2.574044e-05,5,5,5.5,e,+3.5,-1,5,5,4.5,e,+2.5,-1
sigma-,pi,137,113,3.584932,2.579096e-05,5,5,5.5,f,+3.5,+1,5,5,4.5,f,+2.5,+1
sigma-,pi,126,104,3.596480,7.989965e-04,5,5,5.5,e,+4.5,-1,5,5,4.5,e,+3.5,-1
sigma-,pi,138,114,3.597994,8.008899e-04,5,5,5.5,f,+4.5,+1,5,5,4.5,f,+3.5,+1
sigma-,pi,127,105,3.610507,3.140212e-03,5,5,5.5,e,+5.5,-1,5,5,4.5,e,+4.5,-1
sigma-,pi,139,115,3.611010,3.149306e-03,5,5,5.5,f,+5.5,+1,5,5,4.5,f,+4.5,+1
sigma-,pi,78,60,4.327424,1.021684e-03,4,4,4.5,e,-2.5,+1,4,4,3.5,e,-3.5,+1
sigma-,pi,88,68,4.336952,1.019949e-03,4,4,4.5,f,-2.5,-1,4,4,3.5,f,-3.5,-1
sigma-,pi,79,61,4.347454,1.990458e-03,4,4,4.5,e,-1.5,+1,4,4,3.5,e,-2.5,+1
sigma-,pi,89,69,4.355676,1.988261e-03,4,4,4.5,f,-1.5,-1,4,4,3.5,f,-2.5,-1
sigma-,pi,80,62,4.367393,2.307097e-03,4,4,4.5,e,-0.5,+1,4,4,3.5,e,-1.5,+1
sigma-,pi,90,70,4.374320,2.305897e-03,4,4,4.5,f,-0.5,-1,4,4,3.5,f,-1.5,-1
sigma-,pi,81,63,4.387242,1.826619e-03,4,4,4.5,e,+0.5,+1,4,4,3.5,e,-0.5,+1
sigma-,pi,91,71,4.392886,1.826713e-03,4,4,4.5,f,+0.5,-1,4,4,3.5,f,-0.5,-1
sigma-,pi,82,64,4.407002,8.382692e-04,4,4,4.5,e,+1.5,+1,4,4,3.5,e,+0.5,+1
sigma-,pi,92,72,4.411374,8.387793e-04,4,4,4.5,f,+1.5,-1,4,4,3.5,f,+0.5,-1
sigma-,pi,83,65,4.426676,4.656476e-05,4,4,4.5,e,+2.5,+1,4,4,3.5,e,+1.5,+1
sigma-,pi,93,73,4.429785,4.661502e-05,4,4,4.5,f,+2.5,-1,4,4,3.5,f,+1.5,-1
sigma-,pi,84,66,4.446263,5.533111e-04,4,4,4.5,e,+3.5,+1,4,4,3.5,e,+2.5,+1
sigma-,pi,94,74,4.448121,5.542910e-04,4,4,4.5,f,+3.5,-1,4,4,3.5,f,+2.5,-1
sigma-,pi,85,67,4.465764,3.840553e-03,4,4,4.5,e,+4.5,+1,4,4,3.5,e,+3.5,+1
sigma-,pi,95,75,4.466382,3.849346e-03,4,4,4.5,f,+4.5,-1,4,4,3.5,f,+3.5,-1
sigma-,pi,46,32,5.663496,1.953844e-03,3,3,3.5,e,-1.5,-1,3,3,2.5,e,-2.5,-1
sigma-,pi,54,38,5.672468,1.951685e-03,3,3,3.5,f,-1.5,+1,3,3,2.5,f,-2.5,+1
sigma-,pi,47,33,5.695277,3.117742e-03,3,3,3.5,e,-0.5,-1,3,3,2.5,e,-1.5,-1
sigma-,pi,55,39,5.702579,3.116100e-03,3,3,3.5,f,-0.5,+1,3,3,2.5,f,-1.5,+1
sigma-,pi,48,34,5.726883,2.497850e-03,3,3,3.5,e,+0.5,-1,3,3,2.5,e,-0.5,-1
sigma-,pi,56,40,5.732533,2.497944e-03,3,3,3.5,f,+0.5,+1,3,3,2.5,f,-0.5,+1
sigma-,pi,49,35,5.758318,7.565432e-04,3,3,3.5,e,+1.5,-1,3,3,2.5,e,+0.5,-1
sigma-,pi,57,41,5.762333,7.569840e-04,3,3,3.5,f,+1.5,+1,3,3,2.5,f,+0.5,+1
sigma-,pi,50,36,5.789583,1.246549e-04,3,3,3.5,e,+2.5,-1,3,3,2.5,e,+1.5,-1
sigma-,pi,58,42,5.791981,1.248056e-04,3,3,3.5,f,+2.5,+1,3,3,2.5,f,+1.5,+1
sigma-,pi,51,37,5.820682,4.319230e-03,3,3,3.5,e,+3.5,-1,3,3,2.5,e,+2.5,-1
sigma-,pi,59,43,5.821479,4.326549e-03,3,3,3.5,f,+3.5,+1,3,3,2.5,f,+2.5,+1
sigma-,pi,22,12,8.142221,2.794264e-03,2,2,2.5,e,-0.5,+1,2,2,1.5,e,-1.5,+1
sigma-,pi,28,16,8.150187,2.792798e-03,2,2,2.5,f,-0.5,-1,2,2,1.5,f,-1.5,-1
sigma-,pi,23,13,8.207805,2.547081e-03,2,2,2.5,e,+0.5,+1,2,2,1.5,e,-0.5,+1
sigma-,pi,29,17,8.213453,2.547151e-03,2,2,2.5,f,+0.5,-1,2,2,1.5,f,-0.5,-1
sigma-,pi,24,14,8.272876,2.007215e-04,2,2,2.5,e,+1.5,+1,2,2,1.5,e,+0.5,+1
sigma-,pi,30,18,8.276241,2.008301e-04,2,2,2.5,f,+1.5,-1,2,2,1.5,f,+0.5,-1
sigma-,pi,25,15,8.337444,2.963331e-03,2,2,2.5,e,+2.5,+1,2,2,1.5,e,+1.5,+1
sigma-,pi,31,19,8.338560,2.966609e-03,2,2,2.5,f,+2.5,-1,2,2,1.5,f,+1.5,-1
sigma-,pi,6,0,14.716041,1.497650e-02,1,1,1.5,e,+0.5,-1,1,1,0.5,e,-0.5,-1
sigma-,pi,10,2,14.721670,1.497675e-02,1,1,1.5,f,+0.5,+1,1,1,0.5,f,-0.5,+1
sigma-,pi,7,1,14.964419,4.830112e-03,1,1,1.5,e,+1.5,-1,1,1,0.5,e,+0.5,-1
sigma-,pi,11,3,14.966275,4.832590e-03,1,1,1.5,f,+1.5,+1,1,1,0.5,f,+0.5,+1
sigma-,pi,3,22,29072.988456,1.339129e-02,1,1,0.5,f,+0.5,+1,2,2,2.5,e,-0.5,+1
sigma-,pi,2,21,29073.351243,2.718008e-02,1,1,0.5,f,-0.5,+1,2,2,2.5,e,-1.5,+1
sigma-,pi,3,13,29081.286994,4.548873e-02,1,1,0.5,f,+0.5,+1,2,2,1.5,e,-0.5,+1
sigma-,pi,2,12,29081.583938,1.419938e-02,1,1,0.5,f,-0.5,+1,2,2,1.5,e,-1.5,+1
sigma-,pi,11,23,29088.045464,4.571714e-02,1,1,1.5,f,+1.5,+1,2,2,2.5,e,+0.5,+1
sigma-,pi,10,22,29088.163387,4.114006e-02,1,1,1.5,f,+0.5,+1,2,2,2.5,e,-0.5,+1
sigma-,pi,9,21,29088.279600,2.963948e-03,1,1,1.5,f,-0.5,+1,2,2,2.5,e,-1.5,+1
sigma-,pi,8,20,29088.394007,5.001719e-02,1,1,1.5,f,-1.5,+1,2,2,2.5,e,-2.5,+1
sigma-,pi,1,28,29094.146910,1.341646e-02,1,1,0.5,e,+0.5,-1,2,2,2.5,f,-0.5,-1
sigma-,pi,0,27,29094.521954,2.717223e-02,1,1,0.5,e,-0.5,-1,2,2,2.5,f,-1.5,-1
sigma-,pi,11,14,29096.409325,2.927709e-02,1,1,1.5,f,+1.5,+1,2,2,1.5,e,+0.5,+1
sigma-,pi,10,13,29096.461925,2.281634e-07,1,1,1.5,f,+0.5,+1,2,2,1.5,e,-0.5,+1
sigma-,pi,9,12,29096.512294,3.062585e-02,1,1,1.5,f,-0.5,+1,2,2,1.5,e,-1.5,+1
sigma-,pi,1,17,29102.446491,4.547180e-02,1,1,0.5,e,+0.5,-1,2,2,1.5,f,-0.5,-1
sigma-,pi,0,16,29102.758029,1.420286e-02,1,1,0.5,e,-0.5,-1,2,2,1.5,f,-1.5,-1
sigma-,pi,7,29,29109.197457,4.569252e-02,1,1,1.5,e,+1.5,-1,2,2,2.5,f,+0.5,-1
sigma-,pi,6,28,29109.323883,4.113165e-02,1,1,1.5,e,+0.5,-1,2,2,2.5,f,-0.5,-1
sigma-,pi,5,27,29109.448518,2.966052e-03,1,1,1.5,e,-0.5,-1,2,2,2.5,f,-1.5,-1
sigma-,pi,4,26,29109.571265,5.001720e-02,1,1,1.5,e,-1.5,-1,2,2,2.5,f,-2.5,-1
sigma-,pi,7,18,29117.560062,2.930169e-02,1,1,1.5,e,+1.5,-1,2,2,1.5,f,+0.5,-1
sigma-,pi,6,17,29117.623465,3.419115e-07,1,1,1.5,e,+0.5,-1,2,2,1.5,f,-0.5,-1
sigma-,pi,5,16,29117.684593,3.062811e-02,1,1,1.5,e,-0.5,-1,2,2,1.5,f,-1.5,-1
sigma-,pi,19,48,43614.089959,8.045815e-04,2,2,1.5,f,+1.5,-1,3,3,3.5,e,+0.5,-1
sigma-,pi,18,47,43614.184303,2.446177e-03,2,2,1.5,f,+0.5,-1,3,3,3.5,e,-0.5,-1
sigma-,pi,17,46,43614.278970,4.132146e-03,2,2,1.5,f,-0.5,-1,3,3,3.5,e,-1.5,-1
sigma-,pi,16,45,43614.373968,4.188496e-03,2,2,1.5,f,-1.5,-1,3,3,3.5,e,-2.5,-1
sigma-,pi,19,35,43619.902933,2.199961e-02,2,2,1.5,f,+1.5,-1,3,3,2.5,e,+0.5,-1
sigma-,pi,18,34,43619.965757,2.053201e-02,2,2,1.5,f,+0.5,-1,3,3,2.5,e,-0.5,-1
sigma-,pi,17,33,43620.028732,1.715213e-03,2,2,1.5,f,-0.5,-1,3,3,2.5,e,-1.5,-1
sigma-,pi,16,32,43620.091861,2.415431e-02,2,2,1.5,f,-1.5,-1,3,3,2.5,e,-2.5,-1
sigma-,pi,31,49,43622.483176,1.547517e-02,2,2,2.5,f,+2.5,-1,3,3,3.5,e,+1.5,-1
sigma-,pi,30,48,43622.515115,2.477994e-02,2,2,2.5,f,+1.5,-1,3,3,3.5,e,+0.5,-1
sigma-,pi,29,47,43622.546908,1.987692e-02,2,2,2.5,f,+0.5,-1,3,3,3.5,e,-0.5,-1
sigma-,pi,28,46,43622.578552,5.964610e-03,2,2,2.5,f,-0.5,-1,3,3,3.5,e,-1.5,-1
sigma-,pi,27,45,43622.610042,1.087242e-03,2,2,2.5,f,-1.5,-1,3,3,3.5,e,-2.5,-1
sigma-,pi,26,44,43622.641375,3.572558e-02,2,2,2.5,f,-2.5,-1,3,3,3.5,e,-3.5,-1
sigma-,pi,31,36,43628.327499,5.955907e-03,2,2,2.5,f,+2.5,-1,3,3,2.5,e,+1.5,-1
sigma-,pi,27,32,43628.327935,6.274292e-03,2,2,2.5,f,-1.5,-1,3,3,2.5,e,-2.5,-1
sigma-,pi,30,35,43628.328089,2.412013e-03,2,2,2.5,f,+1.5,-1,3,3,2.5,e,+0.5,-1
sigma-,pi,28,33,43628.328314,2.477387e-03,2,2,2.5,f,-0.5,-1,3,3,2.5,e,-1.5,-1
sigma-,pi,29,34,43628.328363,1.539699e-10,2,2,2.5,f,+0.5,-1,3,3,2.5,e,-0.5,-1
sigma-,pi,15,56,43661.687149,8.111240e-04,2,2,1.5,e,+1.5,+1,3,3,3.5,f,+0.5,+1
sigma-,pi,14,55,43661.793311,2.457884e-03,2,2,1.5,e,+0.5,+1,3,3,3.5,f,-0.5,+1
sigma-,pi,13,54,43661.899807,4.137964e-03,2,2,1.5,e,-0.5,+1,3,3,3.5,f,-1.5,+1
sigma-,pi,12,53,43662.006642,4.180105e-03,2,2,1.5,e,-1.5,+1,3,3,3.5,f,-2.5,+1
sigma-,pi,15,41,43667.499196,2.199153e-02,2,2,1.5,e,+1.5,+1,3,3,2.5,f,+0.5,+1
sigma-,pi,14,40,43667.575483,2.052499e-02,2,2,1.5,e,+0.5,+1,3,3,2.5,f,-0.5,+1
sigma-,pi,13,39,43667.651947,1.714189e-03,2,2,1.5,e,-0.5,+1,3,3,2.5,f,-1.5,+1
sigma-,pi,12,38,43667.728592,2.415452e-02,2,2,1.5,e,-1.5,+1,3,3,2.5,f,-2.5,+1
sigma-,pi,25,57,43670.074307,1.546668e-02,2,2,2.5,e,+2.5,+1,3,3,3.5,f,+1.5,+1
sigma-,pi,24,56,43670.115826,2.476994e-02,2,2,2.5,e,+1.5,+1,3,3,3.5,f,+0.5,+1
sigma-,pi,23,55,43670.157173,1.987222e-02,2,2,2.5,e,+0.5,+1,3,3,3.5,f,-0.5,+1
sigma-,pi,22,54,43670.198345,5.964725e-03,2,2,2.5,e,-0.5,+1,3,3,3.5,f,-1.5,+1
sigma-,pi,21,53,43670.239336,1.086583e-03,2,2,2.5,e,-1.5,+1,3,3,3.5,f,-2.5,+1
sigma-,pi,20,52,43670.280142,3.572558e-02,2,2,2.5,e,-2.5,+1,3,3,3.5,f,-3.5,+1
sigma-,pi,25,42,43675.916078,5.964395e-03,2,2,2.5,e,+2.5,+1,3,3,2.5,f,+1.5,+1
sigma-,pi,24,41,43675.927873,2.423529e-03,2,2,2.5,e,+1.5,+1,3,3,2.5,f,+0.5,+1
sigma-,pi,23,40,43675.939345,1.112124e-08,2,2,2.5,e,+0.5,+1,3,3,2.5,f,-0.5,+1
sigma-,pi,22,39,43675.950485,2.472476e-03,2,2,2.5,e,-0.5,+1,3,3,2.5,f,-1.5,+1
sigma-,pi,21,38,43675.961286,6.283135e-03,2,2,2.5,e,-1.5,+1,3,3,2.5,f,-2.5,+1
sigma-,pi,43,82,58145.918364,1.094242e-04,3,3,2.5,f,+2.5,+1,4,4,4.5,e,+1.5,+1
sigma-,pi,42,81,58145.958481,3.697825e-04,3,3,2.5,f,+1.5,+1,4,4,4.5,e,+0.5,+1
sigma-,pi,41,80,58145.998717,7.498328e-04,3,3,2.5,f,+0.5,+1,4,4,4.5,e,-0.5,+1
sigma-,pi,40,79,58146.039074,1.140455e-03,3,3,2.5,f,-0.5,+1,4,4,4.5,e,-1.5,+1
sigma-,pi,39,78,58146.079555,1.349220e-03,3,3,2.5,f,-1.5,+1,4,4,4.5,e,-2.5,+1
sigma-,pi,38,77,58146.120160,1.094627e-03,3,3,2.5,f,-2.5,+1,4,4,4.5,e,-3.5,+1
sigma-,pi,43,65,58150.384329,8.829775e-03,3,3,2.5,f,+2.5,+1,4,4,3.5,e,+1.5,+1
sigma-,pi,42,64,58150.404729,1.429112e-02,3,3,2.5,f,+1.5,+1,4,4,3.5,e,+0.5,+1
sigma-,pi,41,63,58150.425160,1.162884e-02,3,3,2.5,f,+0.5,+1,4,4,3.5,e,-0.5,+1
sigma-,pi,40,62,58150.445624,3.602389e-03,3,3,2.5,f,-0.5,+1,4,4,3.5,e,-1.5,+1
sigma-,pi,39,61,58150.466120,5.608170e-04,3,3,2.5,f,-1.5,+1,4,4,3.5,e,-2.5,+1
sigma-,pi,38,60,58150.486650,2.052142e-02,3,3,2.5,f,-2.5,+1,4,4,3.5,e,-3.5,+1
sigma-,pi,59,83,58151.779132,6.306463e-03,3,3,3.5,f,+3.5,+1,4,4,4.5,e,+2.5,+1
sigma-,pi,58,82,58151.789707,1.235249e-02,3,3,3.5,f,+2.5,+1,4,4,4.5,e,+1.5,+1
sigma-,pi,57,81,58151.800251,1.438590e-02,3,3,3.5,f,+1.5,+1,4,4,4.5,e,+0.5,+1
sigma-,pi,56,80,58151.810765,1.143011e-02,3,3,3.5,f,+0.5,+1,4,4,4.5,e,-0.5,+1
sigma-,pi,55,79,58151.821246,5.243446e-03,3,3,3.5,f,-0.5,+1,4,4,4.5,e,-1.5,+1
sigma-,pi,54,78,58151.831695,2.769059e-04,3,3,3.5,f,-1.5,+1,4,4,4.5,e,-2.5,+1
sigma-,pi,53,77,58151.842110,3.630324e-03,3,3,3.5,f,-2.5,+1,4,4,4.5,e,-3.5,+1
sigma-,pi,52,76,58151.852492,2.500675e-02,3,3,3.5,f,-3.5,+1,4,4,4.5,e,-4.5,+1
sigma-,pi,53,60,58156.208600,1.830805e-03,3,3,3.5,f,-2.5,+1,4,4,3.5,e,-3.5,+1
sigma-,pi,54,61,58156.218260,1.385559e-03,3,3,3.5,f,-1.5,+1,4,4,3.5,e,-2.5,+1
sigma-,pi,55,62,58156.227796,4.316319e-04,3,3,3.5,f,-0.5,+1,4,4,3.5,e,-1.5,+1
sigma-,pi,56,63,58156.237208,1.247166e-08,3,3,3.5,f,+0.5,+1,4,4,3.5,e,-0.5,+1
sigma-,pi,57,64,58156.246499,4.157594e-04,3,3,3.5,f,+1.5,+1,4,4,3.5,e,+0.5,+1
sigma-,pi,58,65,58156.255672,1.326693e-03,3,3,3.5,f,+2.5,+1,4,4,3.5,e,+1.5,+1
sigma-,pi,59,66,58156.264726,1.730449e-03,3,3,3.5,f,+3.5,+1,4,4,3.5,e,+2.5,+1
sigma-,pi,37,92,58230.534269,1.114088e-04,3,3,2.5,e,+2.5,-1,4,4,4.5,f,+1.5,-1
sigma-,pi,36,91,58230.586066,3.747916e-04,3,3,2.5,e,+1.5,-1,4,4,4.5,f,+0.5,-1
sigma-,pi,35,90,58230.637984,7.565391e-04,3,3,2.5,e,+0.5,-1,4,4,4.5,f,-0.5,-1
sigma-,pi,34,89,58230.690028,1.145393e-03,3,3,2.5,e,-0.5,-1,4,4,4.5,f,-1.5,-1
sigma-,pi,33,88,58230.742197,1.348817e-03,3,3,2.5,e,-1.5,-1,4,4,4.5,f,-2.5,-1
sigma-,pi,32,87,58230.794495,1.089220e-03,3,3,2.5,e,-2.5,-1,4,4,4.5,f,-3.5,-1
sigma-,pi,37,73,58234.998217,8.826259e-03,3,3,2.5,e,+2.5,-1,4,4,3.5,f,+1.5,-1
sigma-,pi,36,72,58235.031564,1.428599e-02,3,3,2.5,e,+1.5,-1,4,4,3.5,f,+0.5,-1
sigma-,pi,35,71,58235.064956,1.162501e-02,3,3,2.5,e,+0.5,-1,4,4,3.5,f,-0.5,-1
sigma-,pi,34,70,58235.098395,3.601103e-03,3,3,2.5,e,-0.5,-1,4,4,3.5,f,-1.5,-1
sigma-,pi,33,69,58235.131881,5.609727e-04,3,3,2.5,e,-1.5,-1,4,4,3.5,f,-2.5,-1
sigma-,pi,32,68,58235.165416,2.052102e-02,3,3,2.5,e,-2.5,-1,4,4,3.5,f,-3.5,-1
sigma-,pi,51,93,58236.389114,6.302969e-03,3,3,3.5,e,+3.5,-1,4,4,4.5,f,+2.5,-1
sigma-,pi,50,92,58236.409773,1.234679e-02,3,3,3.5,e,+2.5,-1,4,4,4.5,f,+1.5,-1
sigma-,pi,49,91,58236.430388,1.438070e-02,3,3,3.5,e,+1.5,-1,4,4,4.5,f,+0.5,-1
sigma-,pi,48,90,58236.450958,1.142725e-02,3,3,3.5,e,+0.5,-1,4,4,4.5,f,-0.5,-1
sigma-,pi,47,89,58236.471482,5.242888e-03,3,3,3.5,e,-0.5,-1,4,4,4.5,f,-1.5,-1
sigma-,pi,46,88,58236.491959,2.770319e-04,3,3,3.5,e,-1.5,-1,4,4,4.5,f,-2.5,-1
sigma-,pi,45,87,58236.512388,3.629575e-03,3,3,3.5,e,-2.5,-1,4,4,4.5,f,-3.5,-1
sigma-,pi,44,86,58236.532769,2.500675e-02,3,3,3.5,e,-3.5,-1,4,4,4.5,f,-4.5,-1
sigma-,pi,51,74,58240.871435,1.733943e-03,3,3,3.5,e,+3.5,-1,4,4,3.5,f,+2.5,-1
sigma-,pi,50,73,58240.873721,1.333915e-03,3,3,3.5,e,+2.5,-1,4,4,3.5,f,+1.5,-1
sigma-,pi,49,72,58240.875887,4.210733e-04,3,3,3.5,e,+1.5,-1,4,4,3.5,f,+0.5,-1
sigma-,pi,48,71,58240.877930,1.074085e-10,3,3,3.5,e,+0.5,-1,4,4,3.5,f,-0.5,-1
sigma-,pi,47,70,58240.879850,4.285384e-04,3,3,3.5,e,-0.5,-1,4,4,3.5,f,-1.5,-1
sigma-,pi,46,69,58240.881643,1.385680e-03,3,3,3.5,e,-1.5,-1,4,4,3.5,f,-2.5,-1
sigma-,pi,45,68,58240.883309,1.837361e-03,3,3,3.5,e,-2.5,-1,4,4,3.5,f,-3.5,-1
sigma-,pi,75,124,72671.054985,2.309021e-05,4,4,3.5,f,+3.5,-1,5,5,5.5,e,+2.5,-1
sigma-,pi,74,123,72671.076075,8.198906e-05,4,4,3.5,f,+2.5,-1,5,5,5.5,e,+1.5,-1
sigma-,pi,73,122,72671.097231,1.782529e-04,4,4,3.5,f,+1.5,-1,5,5,5.5,e,+0.5,-1
sigma-,pi,72,121,72671.118453,3.014400e-04,4,4,3.5,f,+0.5,-1,5,5,5.5,e,-0.5,-1
sigma-,pi,71,120,72671.139742,4.282259e-04,4,4,3.5,f,-0.5,-1,5,5,5.5,e,-1.5,-1
sigma-,pi,70,119,72671.161100,5.214676e-04,4,4,3.5,f,-1.5,-1,5,5,5.5,e,-2.5,-1
sigma-,pi,69,118,72671.182526,5.292126e-04,4,4,3.5,f,-2.5,-1,5,5,5.5,e,-3.5,-1
sigma-,pi,68,117,72671.204023,3.836499e-04,4,4,3.5,f,-3.5,-1,5,5,5.5,e,-4.5,-1
sigma-,pi,75,103,72674.668820,4.035368e-03,4,4,3.5,f,+3.5,-1,5,5,4.5,e,+2.5,-1
sigma-,pi,74,102,72674.675746,7.949113e-03,4,4,3.5,f,+2.5,-1,5,5,4.5,e,+1.5,-1
sigma-,pi,73,101,72674.682682,9.318994e-03,4,4,3.5,f,+1.5,-1,5,5,4.5,e,+0.5,-1
sigma-,pi,72,100,72674.689628,7.468793e-03,4,4,3.5,f,+0.5,-1,5,5,4.5,e,-0.5,-1
sigma-,pi,71,99,72674.696584,3.480021e-03,4,4,3.5,f,-0.5,-1,5,5,4.5,e,-1.5,-1
sigma-,pi,70,98,72674.703550,2.040836e-04,4,4,3.5,f,-1.5,-1,5,5,4.5,e,-2.5,-1
sigma-,pi,69,97,72674.710526,2.274937e-03,4,4,3.5,f,-2.5,-1,5,5,4.5,e,-3.5,-1
sigma-,pi,68,96,72674.717512,1.612224e-02,4,4,3.5,f,-3.5,-1,5,5,4.5,e,-4.5,-1
sigma-,pi,95,125,72675.552803,2.999100e-03,4,4,4.5,f,+4.5,-1,5,5,5.5,e,+3.5,-1
sigma-,pi,94,124,72675.555604,6.513503e-03,4,4,4.5,f,+3.5,-1,5,5,5.5,e,+2.5,-1
sigma-,pi,93,123,72675.558396,8.867005e-03,4,4,4.5,f,+2.5,-1,5,5,5.5,e,+1.5,-1
sigma-,pi,92,122,72675.561178,9.183790e-03,4,4,4.5,f,+1.5,-1,5,5,5.5,e,+0.5,-1
sigma-,pi,91,121,72675.563951,7.380981e-03,4,4,4.5,f,+0.5,-1,5,5,5.5,e,-0.5,-1
sigma-,pi,90,120,72675.566714,4.160947e-03,4,4,4.5,f,-0.5,-1,5,5,5.5,e,-1.5,-1
sigma-,pi,89,119,72675.569467,1.003342e-03,4,4,4.5,f,-1.5,-1,5,5,5.5,e,-2.5,-1
sigma-,pi,88,118,72675.572210,1.568735e-04,4,4,4.5,f,-2.5,-1,5,5,5.5,e,-3.5,-1
sigma-,pi,87,117,72675.574943,4.630784e-03,4,4,4.5,f,-3.5,-1,5,5,5.5,e,-4.5,-1
sigma-,pi,86,116,72675.577665,1.818603e-02,4,4,4.5,f,-4.5,-1,5,5,5.5,e,-5.5,-1
sigma-,pi,87,96,72679.088432,6.779675e-04,4,4,4.5,f,-3.5,-1,5,5,4.5,e,-4.5,-1
sigma-,pi,88,97,72679.100210,6.751881e-04,4,4,4.5,f,-2.5,-1,5,5,4.5,e,-3.5,-1
sigma-,pi,89,98,72679.111917,3.931025e-04,4,4,4.5,f,-1.5,-1,5,5,4.5,e,-2.5,-1
sigma-,pi,90,99,72679.123556,1.130570e-04,4,4,4.5,f,-0.5,-1,5,5,4.5,e,-1.5,-1
sigma-,pi,91,100,72679.135127,1.876378e-08,4,4,4.5,f,+0.5,-1,5,5,4.5,e,-0.5,-1
sigma-,pi,92,101,72679.146630,1.061168e-04,4,4,4.5,f,+1.5,-1,5,5,4.5,e,+0.5,-1
sigma-,pi,93,102,72679.158067,3.740196e-04,4,4,4.5,f,+2.5,-1,5,5,4.5,e,+1.5,-1
sigma-,pi,94,103,72679.169439,6.401583e-04,4,4,4.5,f,+3.5,-1,5,5,4.5,e,+2.5,-1
sigma-,pi,95,104,72679.180746,6.378028e-04,4,4,4.5,f,+4.5,-1,5,5,4.5,e,+3.5,-1
sigma-,pi,1,47,72716.779946,2.166105e-07,1,1,0.5,e,+0.5,-1,3,3,3.5,e,-0.5,-1
sigma-,pi,0,46,72717.186394,3.892037e-07,1,1,0.5,e,-0.5,-1,3,3,3.5,e,-1.5,-1
sigma-,pi,1,34,72722.561401,2.636169e-02,1,1,0.5,e,+0.5,-1,3,3,2.5,e,-0.5,-1
sigma-,pi,0,33,72722.936156,5.322056e-02,1,1,0.5,e,-0.5,-1,3,3,2.5,e,-1.5,-1
sigma-,pi,7,48,72731.798936,9.953603e-03,1,1,1.5,e,+1.5,-1,3,3,3.5,e,+0.5,-1
sigma-,pi,6,47,72731.956920,2.965019e-02,1,1,1.5,e,+0.5,-1,3,3,3.5,e,-0.5,-1
sigma-,pi,5,46,72732.112958,4.906052e-02,1,1,1.5,e,-0.5,-1,3,3,3.5,e,-1.5,-1
sigma-,pi,4,45,72732.266948,4.869852e-02,1,1,1.5,e,-1.5,-1,3,3,3.5,e,-2.5,-1
sigma-,pi,7,35,72737.611910,7.187408e-03,1,1,1.5,e,+1.5,-1,3,3,2.5,e,+0.5,-1
sigma-,pi,6,34,72737.738374,6.847979e-03,1,1,1.5,e,+0.5,-1,3,3,2.5,e,-0.5,-1
sigma-,pi,5,33,72737.862720,5.829717e-04,1,1,1.5,e,-0.5,-1,3,3,2.5,e,-1.5,-1
sigma-,pi,4,32,72737.984841,8.434999e-03,1,1,1.5,e,-1.5,-1,3,3,2.5,e,-2.5,-1
sigma-,pi,3,55,72743.236362,2.653594e-07,1,1,0.5,f,+0.5,+1,3,3,3.5,f,-0.5,+1
sigma-,pi,2,54,72743.640062,4.739909e-07,1,1,0.5,f,-0.5,+1,3,3,3.5,f,-1.5,+1
sigma-,pi,3,40,72749.018533,2.636635e-02,1,1,0.5,f,+0.5,+1,3,3,2.5,f,-0.5,+1
sigma-,pi,2,39,72749.392202,5.322245e-02,1,1,0.5,f,-0.5,+1,3,3,2.5,f,-1.5,+1
sigma-,pi,11,56,72758.252275,9.945313e-03,1,1,1.5,f,+1.5,+1,3,3,3.5,f,+0.5,+1
sigma-,pi,10,55,72758.411293,2.963611e-02,1,1,1.5,f,+0.5,+1,3,3,3.5,f,-0.5,+1
sigma-,pi,9,54,72758.568418,4.905567e-02,1,1,1.5,f,-0.5,+1,3,3,3.5,f,-1.5,+1
sigma-,pi,8,53,72758.723551,4.871300e-02,1,1,1.5,f,-1.5,+1,3,3,3.5,f,-2.5,+1
sigma-,pi,11,41,72764.064323,7.195689e-03,1,1,1.5,f,+1.5,+1,3,3,2.5,f,+0.5,+1
sigma-,pi,10,40,72764.193465,6.857318e-03,1,1,1.5,f,+0.5,+1,3,3,2.5,f,-0.5,+1
sigma-,pi,9,39,72764.320558,5.858155e-04,1,1,1.5,f,-0.5,+1,3,3,2.5,f,-1.5,+1
sigma-,pi,8,38,72764.445501,8.420542e-03,1,1,1.5,f,-1.5,+1,3,3,2.5,f,-2.5,+1
sigma-,pi,67,136,72803.269548,2.383279e-05,4,4,3.5,e,+3.5,+1,5,5,5.5,f,+2.5,+1
sigma-,pi,66,135,72803.302256,8.414032e-05,4,4,3.5,e,+2.5,+1,5,5,5.5,f,+1.5,+1
sigma-,pi,65,134,72803.335030,1.818760e-04,4,4,3.5,e,+1.5,+1,5,5,5.5,f,+0.5,+1
sigma-,pi,64,133,72803.367872,3.057872e-04,4,4,3.5,e,+0.5,+1,5,5,5.5,f,-0.5,+1
sigma-,pi,63,132,72803.400782,4.318768e-04,4,4,3.5,e,-0.5,+1,5,5,5.5,f,-1.5,+1
sigma-,pi,62,131,72803.433763,5.228427e-04,4,4,3.5,e,-1.5,+1,5,5,5.5,f,-2.5,+1
sigma-,pi,61,130,72803.466814,5.274954e-04,4,4,3.5,e,-2.5,+1,5,5,5.5,f,-3.5,+1
sigma-,pi,60,129,72803.499936,3.801511e-04,4,4,3.5,e,-3.5,+1,5,5,5.5,f,-4.5,+1
sigma-,pi,67,113,72806.880673,4.033659e-03,4,4,3.5,e,+3.5,+1,5,5,4.5,f,+2.5,+1
sigma-,pi,66,112,72806.900246,7.946040e-03,4,4,3.5,e,+2.5,+1,5,5,4.5,f,+1.5,+1
sigma-,pi,65,111,72806.919838,9.315715e-03,4,4,3.5,e,+1.5,+1,5,5,4.5,f,+0.5,+1
sigma-,pi,64,110,72806.939449,7.466378e-03,4,4,3.5,e,+0.5,+1,5,5,4.5,f,-0.5,+1
sigma-,pi,63,109,72806.959080,3.478913e-03,4,4,3.5,e,-0.5,+1,5,5,4.5,f,-1.5,+1
sigma-,pi,62,108,72806.978730,2.039574e-04,4,4,3.5,e,-1.5,+1,5,5,4.5,f,-2.5,+1
sigma-,pi,61,107,72806.998401,2.274967e-03,4,4,3.5,e,-2.5,+1,5,5,4.5,f,-3.5,+1
sigma-,pi,60,106,72807.018092,1.612183e-02,4,4,3.5,e,-3.5,+1,5,5,4.5,f,-4.5,+1
sigma-,pi,85,137,72807.761505,2.997426e-03,4,4,4.5,e,+4.5,+1,5,5,5.5,f,+3.5,+1
sigma-,pi,84,136,72807.774687,6.510316e-03,4,4,4.5,e,+3.5,+1,5,5,5.5,f,+2.5,+1
sigma-,pi,83,135,72807.787850,8.863301e-03,4,4,4.5,e,+2.5,+1,5,5,5.5,f,+1.5,+1
sigma-,pi,82,134,72807.800994,9.180648e-03,4,4,4.5,e,+1.5,+1,5,5,5.5,f,+0.5,+1
sigma-,pi,81,133,72807.814120,7.379067e-03,4,4,4.5,e,+0.5,+1,5,5,5.5,f,-0.5,+1
sigma-,pi,80,132,72807.827226,4.160283e-03,4,4,4.5,e,-0.5,+1,5,5,5.5,f,-1.5,+1
sigma-,pi,79,131,72807.840313,1.003362e-03,4,4,4.5,e,-1.5,+1,5,5,5.5,f,-2.5,+1
sigma-,pi,78,130,72807.853379,1.567756e-04,4,4,4.5,e,-2.5,+1,5,5,5.5,f,-3.5,+1
sigma-,pi,77,129,72807.866426,4.630202e-03,4,4,4.5,e,-3.5,+1,5,5,5.5,f,-4.5,+1
sigma-,pi,76,128,72807.879451,1.818604e-02,4,4,4.5,e,-4.5,+1,5,5,5.5,f,-5.5,+1
sigma-,pi,77,106,72811.384582,6.824570e-04,4,4,4.5,e,-3.5,+1,5,5,4.5,f,-4.5,+1
sigma-,pi,78,107,72811.384967,6.769727e-04,4,4,4.5,e,-2.5,+1,5,5,4.5,f,-3.5,+1
sigma-,pi,79,108,72811.385280,3.918339e-04,4,4,4.5,e,-1.5,+1,5,5,4.5,f,-2.5,+1
sigma-,pi,80,109,72811.385523,1.111771e-04,4,4,4.5,e,-0.5,+1,5,5,4.5,f,-1.5,+1
sigma-,pi,81,110,72811.385697,1.516520e-10,4,4,4.5,e,+0.5,+1,5,5,4.5,f,-0.5,+1
sigma-,pi,85,114,72811.385715,6.394765e-04,4,4,4.5,e,+4.5,+1,5,5,4.5,f,+3.5,+1
sigma-,pi,82,111,72811.385802,1.089136e-04,4,4,4.5,e,+1.5,+1,5,5,4.5,f,+0.5,+1
sigma-,pi,84,113,72811.385811,6.443114e-04,4,4,4.5,e,+3.5,+1,5,5,4.5,f,+2.5,+1
sigma-,pi,83,112,72811.385840,3.786449e-04,4,4,4.5,e,+2.5,+1,5,5,4.5,f,+1.5,+1
sigma-,pi,15,81,101813.537115,9.771663e-10,2,2,1.5,e,+1.5,+1,4,4,4.5,e,+0.5,+1
sigma-,pi,14,80,101813.653714,2.655604e-09,2,2,1.5,e,+0.5,+1,4,4,4.5,e,-0.5,+1
sigma-,pi,13,79,101813.770614,3.574569e-09,2,2,1.5,e,-0.5,+1,4,4,4.5,e,-1.5,+1
sigma-,pi,12,78,101813.887819,2.467589e-09,2,2,1.5,e,-1.5,+1,4,4,4.5,e,-2.5,+1
sigma-,pi,15,64,101817.983363,1.213052e-02,2,2,1.5,e,+1.5,+1,4,4,3.5,e,+0.5,+1
sigma-,pi,14,63,101818.080158,3.651487e-02,2,2,1.5,e,+0.5,+1,4,4,3.5,e,-0.5,+1
sigma-,pi,13,62,101818.177163,6.106851e-02,2,2,1.5,e,-0.5,+1,4,4,3.5,e,-1.5,+1
sigma-,pi,12,61,101818.274385,6.128395e-02,2,2,1.5,e,-1.5,+1,4,4,3.5,e,-2.5,+1
sigma-,pi,25,82,101821.913804,5.743841e-03,2,2,2.5,e,+2.5,+1,4,4,4.5,e,+1.5,+1
sigma-,pi,24,81,101821.965792,1.908046e-02,2,2,2.5,e,+1.5,+1,4,4,4.5,e,+0.5,+1
sigma-,pi,23,80,101822.017576,3.802780e-02,2,2,2.5,e,+0.5,+1,4,4,4.5,e,-0.5,+1
sigma-,pi,22,79,101822.069151,5.683934e-02,2,2,2.5,e,-0.5,+1,4,4,4.5,e,-1.5,+1
sigma-,pi,21,78,101822.120513,6.607324e-02,2,2,2.5,e,-1.5,+1,4,4,4.5,e,-2.5,+1
sigma-,pi,20,77,101822.171655,5.266451e-02,2,2,2.5,e,-2.5,+1,4,4,4.5,e,-3.5,+1
sigma-,pi,25,65,101826.379769,2.759210e-03,2,2,2.5,e,+2.5,+1,4,4,3.5,e,+1.5,+1
sigma-,pi,24,64,101826.412040,4.503230e-03,2,2,2.5,e,+1.5,+1,4,4,3.5,e,+0.5,+1
sigma-,pi,23,63,101826.444019,3.689463e-03,2,2,2.5,e,+0.5,+1,4,4,3.5,e,-0.5,+1
sigma-,pi,22,62,101826.475701,1.141427e-03,2,2,2.5,e,-0.5,+1,4,4,3.5,e,-1.5,+1
sigma-,pi,21,61,101826.507079,1.947063e-04,2,2,2.5,e,-1.5,+1,4,4,3.5,e,-2.5,+1
sigma-,pi,20,60,101826.538145,6.855768e-03,2,2,2.5,e,-2.5,+1,4,4,3.5,e,-3.5,+1
sigma-,pi,19,91,101850.575004,4.726204e-12,2,2,1.5,f,+1.5,-1,4,4,4.5,f,+0.5,-1
sigma-,pi,18,90,101850.689832,4.579935e-11,2,2,1.5,f,+0.5,-1,4,4,4.5,f,-0.5,-1
sigma-,pi,17,89,101850.804937,1.463035e-10,2,2,1.5,f,-0.5,-1,4,4,4.5,f,-1.5,-1
sigma-,pi,16,88,101850.920324,2.000794e-10,2,2,1.5,f,-1.5,-1,4,4,4.5,f,-2.5,-1
sigma-,pi,19,72,101855.020502,1.213450e-02,2,2,1.5,f,+1.5,-1,4,4,3.5,f,+0.5,-1
sigma-,pi,18,71,101855.116804,3.652266e-02,2,2,1.5,f,+0.5,-1,4,4,3.5,f,-0.5,-1
sigma-,pi,17,70,101855.213305,6.107421e-02,2,2,1.5,f,-0.5,-1,4,4,3.5,f,-1.5,-1
sigma-,pi,16,69,101855.310008,6.128201e-02,2,2,1.5,f,-1.5,-1,4,4,3.5,f,-2.5,-1
sigma-,pi,31,92,101858.947689,5.739022e-03,2,2,2.5,f,+2.5,-1,4,4,4.5,f,+1.5,-1
sigma-,pi,30,91,101859.000159,1.906853e-02,2,2,2.5,f,+1.5,-1,4,4,4.5,f,+0.5,-1
sigma-,pi,29,90,101859.052438,3.801242e-02,2,2,2.5,f,+0.5,-1,4,4,4.5,f,-0.5,-1
sigma-,pi,28,89,101859.104519,5.682931e-02,2,2,2.5,f,-0.5,-1,4,4,4.5,f,-1.5,-1
sigma-,pi,27,88,101859.156399,6.607718e-02,2,2,2.5,f,-1.5,-1,4,4,4.5,f,-2.5,-1
sigma-,pi,26,87,101859.208072,5.268050e-02,2,2,2.5,f,-2.5,-1,4,4,4.5,f,-3.5,-1
sigma-,pi,31,73,101863.411637,2.764026e-03,2,2,2.5,f,+2.5,-1,4,4,3.5,f,+1.5,-1
sigma-,pi,30,72,101863.445658,4.511154e-03,2,2,2.5,f,+1.5,-1,4,4,3.5,f,+0.5,-1
sigma-,pi,29,71,101863.479409,3.697023e-03,2,2,2.5,f,+0.5,-1,4,4,3.5,f,-0.5,-1
sigma-,pi,28,70,101863.512886,1.145725e-03,2,2,2.5,f,-0.5,-1,4,4,3.5,f,-1.5,-1
sigma-,pi,27,69,101863.546083,1.927086e-04,2,2,2.5,f,-1.5,-1,4,4,3.5,f,-2.5,-1
sigma-,pi,26,68,101863.578992,6.839797e-03,2,2,2.5,f,-2.5,-1,4,4,3.5,f,-3.5,-1
sigma-,pi,3,63,130899.523208,1.395816e-12,1,1,0.5,f,+0.5,+1,4,4,3.5,e,-0.5,+1
sigma-,pi,2,62,130899.917418,2.366122e-12,1,1,0.5,f,-0.5,+1,4,4,3.5,e,-1.5,+1
sigma-,pi,37,123,130906.126828,1.228929e-08,3,3,2.5,e,+2.5,-1,5,5,5.5,e,+1.5,-1
sigma-,pi,36,122,130906.181369,4.408465e-08,3,3,2.5,e,+1.5,-1,5,5,5.5,e,+0.5,-1
sigma-,pi,35,121,130906.236022,8.855456e-08,3,3,2.5,e,+0.5,-1,5,5,5.5,e,-0.5,-1
sigma-,pi,34,120,130906.290789,1.245105e-07,3,3,2.5,e,-0.5,-1,5,5,5.5,e,-1.5,-1
sigma-,pi,33,119,130906.345672,1.250387e-07,3,3,2.5,e,-1.5,-1,5,5,5.5,e,-2.5,-1
sigma-,pi,32,118,130906.400673,7.533639e-08,3,3,2.5,e,-2.5,-1,5,5,5.5,e,-3.5,-1
sigma-,pi,37,102,130909.726499,6.072196e-03,3,3,2.5,e,+2.5,-1,5,5,4.5,e,+1.5,-1
sigma-,pi,36,101,130909.766820,2.027919e-02,3,3,2.5,e,+1.5,-1,5,5,4.5,e,+0.5,-1
sigma-,pi,35,100,130909.807197,4.063671e-02,3,3,2.5,e,+0.5,-1,5,5,4.5,e,-0.5,-1
sigma-,pi,34,99,130909.847631,6.107450e-02,3,3,2.5,e,-0.5,-1,5,5,4.5,e,-1.5,-1
sigma-,pi,33,98,130909.888123,7.139522e-02,3,3,2.5,e,-1.5,-1,5,5,4.5,e,-2.5,-1
sigma-,pi,32,97,130909.928673,5.723139e-02,3,3,2.5,e,-2.5,-1,5,5,4.5,e,-3.5,-1
sigma-,pi,51,124,130911.978918,3.344713e-03,3,3,3.5,e,+3.5,-1,5,5,5.5,e,+2.5,-1
sigma-,pi,50,123,130912.002332,1.168112e-02,3,3,3.5,e,+2.5,-1,5,5,5.5,e,+1.5,-1
sigma-,pi,49,122,130912.025691,2.497596e-02,3,3,3.5,e,+1.5,-1,5,5,5.5,e,+0.5,-1
sigma-,pi,48,121,130912.048996,4.153383e-02,3,3,3.5,e,+0.5,-1,5,5,5.5,e,-0.5,-1
sigma-,pi,47,120,130912.072244,5.801593e-02,3,3,3.5,e,-0.5,-1,5,5,5.5,e,-1.5,-1
sigma-,pi,46,119,130912.095434,6.945951e-02,3,3,3.5,e,-1.5,-1,5,5,5.5,e,-2.5,-1
sigma-,pi,45,118,130912.118567,6.929798e-02,3,3,3.5,e,-2.5,-1,5,5,5.5,e,-3.5,-1
sigma-,pi,44,117,130912.141639,4.938177e-02,3,3,3.5,e,-3.5,-1,5,5,5.5,e,-4.5,-1
sigma-,pi,11,64,130914.548489,2.585537e-10,1,1,1.5,f,+1.5,+1,4,4,3.5,e,+0.5,+1
sigma-,pi,10,63,130914.698140,7.976316e-10,1,1,1.5,f,+0.5,+1,4,4,3.5,e,-0.5,+1
sigma-,pi,9,62,130914.845775,1.367535e-09,1,1,1.5,f,-0.5,+1,4,4,3.5,e,-1.5,+1
sigma-,pi,8,61,130914.991294,1.407331e-09,1,1,1.5,f,-1.5,+1,4,4,3.5,e,-2.5,+1
sigma-,pi,51,103,130915.592753,1.200650e-03,3,3,3.5,e,+3.5,-1,5,5,4.5,e,+2.5,-1
sigma-,pi,50,102,130915.602003,2.376452e-03,3,3,3.5,e,+2.5,-1,5,5,4.5,e,+1.5,-1
sigma-,pi,49,101,130915.611143,2.796821e-03,3,3,3.5,e,+1.5,-1,5,5,4.5,e,+0.5,-1
sigma-,pi,48,100,130915.620171,2.245283e-03,3,3,3.5,e,+0.5,-1,5,5,4.5,e,-0.5,-1
sigma-,pi,47,99,130915.629086,1.039866e-03,3,3,3.5,e,-0.5,-1,5,5,4.5,e,-1.5,-1
sigma-,pi,46,98,130915.637885,5.473833e-05,3,3,3.5,e,-1.5,-1,5,5,4.5,e,-2.5,-1
sigma-,pi,45,97,130915.646566,7.432010e-04,3,3,3.5,e,-2.5,-1,5,5,4.5,e,-3.5,-1
sigma-,pi,44,96,130915.655129,5.162142e-03,3,3,3.5,e,-3.5,-1,5,5,4.5,e,-4.5,-1
sigma-,pi,43,135,130953.745503,7.708136e-09,3,3,2.5,f,+2.5,+1,5,5,5.5,f,+1.5,+1
sigma-,pi,42,134,130953.798721,2.757613e-08,3,3,2.5,f,+1.5,+1,5,5,5.5,f,+0.5,+1
sigma-,pi,41,133,130953.852038,5.524056e-08,3,3,2.5,f,+0.5,+1,5,5,5.5,f,-0.5,+1
sigma-,pi,40,132,130953.905457,7.745181e-08,3,3,2.5,f,-0.5,+1,5,5,5.5,f,-1.5,+1
sigma-,pi,39,131,130953.958979,7.755782e-08,3,3,2.5,f,-1.5,+1,5,5,5.5,f,-2.5,+1
sigma-,pi,38,130,130954.012606,4.659260e-08,3,3,2.5,f,-2.5,+1,5,5,5.5,f,-3.5,+1
sigma-,pi,43,112,130957.343493,6.074778e-03,3,3,2.5,f,+2.5,+1,5,5,4.5,f,+1.5,+1
sigma-,pi,42,111,130957.383529,2.028588e-02,3,3,2.5,f,+1.5,+1,5,5,4.5,f,+0.5,+1
sigma-,pi,41,110,130957.423616,4.064613e-02,3,3,2.5,f,+0.5,+1,5,5,4.5,f,-0.5,+1
sigma-,pi,40,109,130957.463755,6.108249e-02,3,3,2.5,f,-0.5,+1,5,5,4.5,f,-1.5,+1
sigma-,pi,39,108,130957.503947,7.139715e-02,3,3,2.5,f,-1.5,+1,5,5,4.5,f,-2.5,+1
sigma-,pi,38,107,130957.544193,5.722682e-02,3,3,2.5,f,-2.5,+1,5,5,4.5,f,-3.5,+1
sigma-,pi,1,71,130957.712448,1.407672e-12,1,1,0.5,e,+0.5,-1,4,4,3.5,f,-0.5,-1
sigma-,pi,0,70,130958.120728,2.387014e-12,1,1,0.5,e,-0.5,-1,4,4,3.5,f,-1.5,-1
sigma-,pi,59,136,130959.593150,3.341889e-03,3,3,3.5,f,+3.5,+1,5,5,5.5,f,+2.5,+1
sigma-,pi,58,135,130959.616846,1.167303e-02,3,3,3.5,f,+2.5,+1,5,5,5.5,f,+1.5,+1
sigma-,pi,57,134,130959.640491,2.496256e-02,3,3,3.5,f,+1.5,+1,5,5,5.5,f,+0.5,+1
sigma-,pi,56,133,130959.664086,4.151820e-02,3,3,3.5,f,+0.5,+1,5,5,5.5,f,-0.5,+1
sigma-,pi,55,132,130959.687629,5.800366e-02,3,3,3.5,f,-0.5,+1,5,5,5.5,f,-1.5,+1
sigma-,pi,54,131,130959.711119,6.945657e-02,3,3,3.5,f,-1.5,+1,5,5,5.5,f,-2.5,+1
sigma-,pi,53,130,130959.734556,6.930708e-02,3,3,3.5,f,-2.5,+1,5,5,5.5,f,-3.5,+1
sigma-,pi,52,129,130959.757938,4.939707e-02,3,3,3.5,f,-3.5,+1,5,5,5.5,f,-4.5,+1
sigma-,pi,59,113,130963.204274,1.203472e-03,3,3,3.5,f,+3.5,+1,5,5,4.5,f,+2.5,+1
sigma-,pi,58,112,130963.214836,2.381952e-03,3,3,3.5,f,+2.5,+1,5,5,4.5,f,+1.5,+1
sigma-,pi,57,111,130963.225299,2.803520e-03,3,3,3.5,f,+1.5,+1,5,5,4.5,f,+0.5,+1
sigma-,pi,56,110,130963.235663,2.251488e-03,3,3,3.5,f,+0.5,+1,5,5,4.5,f,-0.5,+1
sigma-,pi,55,109,130963.245926,1.044164e-03,3,3,3.5,f,-0.5,+1,5,5,4.5,f,-1.5,+1
sigma-,pi,54,108,130963.256087,5.579112e-05,3,3,3.5,f,-1.5,+1,5,5,4.5,f,-2.5,+1
sigma-,pi,53,107,130963.266143,7.387082e-04,3,3,3.5,f,-2.5,+1,5,5,4.5,f,-3.5,+1
sigma-,pi,52,106,130963.276094,5.146854e-03,3,3,3.5,f,-3.5,+1,5,5,4.5,f,-4.5,+1
sigma-,pi,7,72,130972.729479,2.585464e-10,1,1,1.5,e,+1.5,-1,4,4,3.5,f,+0.5,-1
sigma-,pi,6,71,130972.889421,7.975975e-10,1,1,1.5,e,+0.5,-1,4,4,3.5,f,-0.5,-1
sigma-,pi,5,70,130973.047292,1.367480e-09,1,1,1.5,e,-0.5,-1,4,4,3.5,f,-1.5,-1
sigma-,pi,4,69,130973.202988,1.407304e-09,1,1,1.5,e,-1.5,-1,4,4,3.5,f,-2.5,-1
sigma-,pi,31,102,174538.139919,4.406442e-11,2,2,2.5,f,+2.5,-1,5,5,4.5,e,+1.5,-1
sigma-,pi,30,101,174538.180914,1.489069e-10,2,2,2.5,f,+1.5,-1,5,5,4.5,e,+0.5,-1
sigma-,pi,29,100,174538.221650,3.019454e-10,2,2,2.5,f,+0.5,-1,5,5,4.5,e,-0.5,-1
sigma-,pi,28,99,174538.262122,4.592406e-10,2,2,2.5,f,-0.5,-1,5,5,4.5,e,-1.5,-1
sigma-,pi,27,98,174538.302324,5.433082e-10,2,2,2.5,f,-1.5,-1,5,5,4.5,e,-2.5,-1
sigma-,pi,26,97,174538.342249,4.407940e-10,2,2,2.5,f,-2.5,-1,5,5,4.5,e,-3.5,-1
sigma-,pi,25,112,174633.338933,4.406306e-11,2,2,2.5,e,+2.5,+1,5,5,4.5,f,+1.5,+1
sigma-,pi,24,111,174633.390840,1.488993e-10,2,2,2.5,e,+1.5,+1,5,5,4.5,f,+0.5,+1
sigma-,pi,23,110,174633.442475,3.019271e-10,2,2,2.5,e,+0.5,+1,5,5,4.5,f,-0.5,+1
sigma-,pi,22,109,174633.493832,4.592135e-10,2,2,2.5,e,-0.5,+1,5,5,4.5,f,-1.5,+1
sigma-,pi,21,108,174633.544905,5.432835e-10,2,2,2.5,e,-1.5,+1,5,5,4.5,f,-2.5,+1
sigma-,pi,20,107,174633.595688,4.407851e-10,2,2,2.5,e,-2.5,+1,5,5,4.5,f,-3.5,+1
pi,pi,108,20,-174633.635113,2.229333e-10,5,5,4.5,f,-2.5,+1,2,2,2.5,e,-2.5,+1
pi,pi,109,21,-174633.584306,4.710608e-10,5,5,4.5,f,-1.5,+1,2,2,2.5,e,-1.5,+1
pi,pi,110,22,-174633.533208,6.193981e-10,5,5,4.5,f,-0.5,+1,2,2,2.5,e,-0.5,+1
pi,pi,111,23,-174633.481826,6.108964e-10,5,5,4.5,f,+0.5,+1,2,2,2.5,e,+0.5,+1
pi,pi,112,24,-174633.430166,4.519272e-10,5,5,4.5,f,+1.5,+1,2,2,2.5,e,+1.5,+1
pi,pi,113,25,-174633.378235,2.080440e-10,5,5,4.5,f,+2.5,+1,2,2,2.5,e,+2.5,+1
pi,pi,110,13,-174625.234670,1.021445e-12,5,5,4.5,f,-0.5,+1,2,2,1.5,e,-0.5,+1
pi,pi,111,14,-174625.117964,1.014346e-12,5,5,4.5,f,+0.5,+1,2,2,1.5,e,+0.5,+1
pi,pi,98,26,-174538.387965,2.229392e-10,5,5,4.5,e,-2.5,-1,2,2,2.5,f,-2.5,-1
pi,pi,99,27,-174538.348010,4.710840e-10,5,5,4.5,e,-1.5,-1,2,2,2.5,f,-1.5,-1
pi,pi,100,28,-174538.307779,6.194355e-10,5,5,4.5,e,-0.5,-1,2,2,2.5,f,-0.5,-1
pi,pi,101,29,-174538.267279,6.109331e-10,5,5,4.5,e,+0.5,-1,2,2,2.5,f,+0.5,-1
pi,pi,102,30,-174538.226514,4.519490e-10,5,5,4.5,e,+1.5,-1,2,2,2.5,f,+1.5,-1
pi,pi,103,31,-174538.185491,2.080493e-10,5,5,4.5,e,+2.5,-1,2,2,2.5,f,+2.5,-1
pi,pi,100,17,-174530.008197,1.004337e-12,5,5,4.5,e,-0.5,-1,2,2,1.5,f,-0.5,-1
pi,pi,70,4,-130973.255679,9.513692e-10,4,4,3.5,f,-1.5,-1,1,1,1.5,e,-1.5,-1
pi,pi,71,5,-130973.099944,1.664254e-09,4,4,3.5,f,-0.5,-1,1,1,1.5,e,-0.5,-1
pi,pi,72,6,-130972.942034,1.618065e-09,4,4,3.5,f,+0.5,-1,1,1,1.5,e,+0.5,-1
pi,pi,73,7,-130972.782053,8.743079e-10,4,4,3.5,f,+1.5,-1,1,1,1.5,e,+1.5,-1
pi,pi,107,52,-130963.315545,4.557397e-03,5,5,4.5,f,-3.5,+1,3,3,3.5,f,-3.5,+1
pi,pi,108,53,-130963.305569,4.046911e-03,5,5,4.5,f,-2.5,+1,3,3,3.5,f,-2.5,+1
pi,pi,109,54,-130963.295487,1.869334e-03,5,5,4.5,f,-1.5,+1,3,3,3.5,f,-1.5,+1
pi,pi,110,55,-130963.285302,2.357325e-04,5,5,4.5,f,-0.5,+1,3,3,3.5,f,-0.5,+1
pi,pi,111,56,-130963.275014,2.141385e-04,5,5,4.5,f,+0.5,+1,3,3,3.5,f,+0.5,+1
pi,pi,112,57,-130963.264626,1.773582e-03,5,5,4.5,f,+1.5,+1,3,3,3.5,f,+1.5,+1
pi,pi,113,58,-130963.254138,3.825648e-03,5,5,4.5,f,+2.5,+1,3,3,3.5,f,+2.5,+1
pi,pi,114,59,-130963.243553,4.263710e-03,5,5,4.5,f,+3.5,+1,3,3,3.5,f,+3.5,+1
pi,pi,130,52,-130959.783958,1.968441e-02,5,5,5.5,f,-3.5,+1,3,3,3.5,f,-3.5,+1
pi,pi,131,53,-130959.760601,4.603149e-02,5,5,5.5,f,-2.5,+1,3,3,3.5,f,-2.5,+1
pi,pi,132,54,-130959.737190,6.919734e-02,5,5,5.5,f,-1.5,+1,3,3,3.5,f,-1.5,+1
pi,pi,133,55,-130959.713724,8.255451e-02,5,5,5.5,f,-0.5,+1,3,3,3.5,f,-0.5,+1
pi,pi,134,56,-130959.690206,8.272929e-02,5,5,5.5,f,+0.5,+1,3,3,3.5,f,+0.5,+1
pi,pi,135,57,-130959.666636,6.963782e-02,5,5,5.5,f,+1.5,+1,3,3,3.5,f,+1.5,+1
pi,pi,136,58,-130959.643014,4.652097e-02,5,5,5.5,f,+2.5,+1,3,3,3.5,f,+2.5,+1
pi,pi,137,59,-130959.619342,1.997816e-02,5,5,5.5,f,+3.5,+1,3,3,3.5,f,+3.5,+1
pi,pi,71,0,-130958.173380,2.875915e-12,4,4,3.5,f,-0.5,-1,1,1,0.5,e,-0.5,-1
pi,pi,72,1,-130957.765061,2.826533e-12,4,4,3.5,f,+0.5,-1,1,1,0.5,e,+0.5,-1
pi,pi,108,38,-130957.583619,2.870908e-02,5,5,4.5,f,-2.5,+1,3,3,2.5,f,-2.5,+1
pi,pi,109,39,-130957.543348,6.140095e-02,5,5,4.5,f,-1.5,+1,3,3,2.5,f,-1.5,+1
pi,pi,110,40,-130957.503130,8.171241e-02,5,5,4.5,f,-0.5,+1,3,3,2.5,f,-0.5,+1
pi,pi,111,41,-130957.462967,8.155929e-02,5,5,4.5,f,+0.5,+1,3,3,2.5,f,+0.5,+1
pi,pi,112,42,-130957.422855,6.105639e-02,5,5,4.5,f,+1.5,+1,3,3,2.5,f,+1.5,+1
pi,pi,113,43,-130957.382795,2.844101e-02,5,5,4.5,f,+2.5,+1,3,3,2.5,f,+2.5,+1
pi,pi,131,38,-130954.038651,2.992254e-08,5,5,5.5,f,-2.5,+1,3,3,2.5,f,-2.5,+1
pi,pi,132,39,-130953.985050,7.474425e-08,5,5,5.5,f,-1.5,+1,3,3,2.5,f,-1.5,+1
pi,pi,133,40,-130953.931553,1.066746e-07,5,5,5.5,f,-0.5,+1,3,3,2.5,f,-0.5,+1
pi,pi,134,41,-130953.878158,1.065581e-07,5,5,5.5,f,+0.5,+1,3,3,2.5,f,+0.5,+1
pi,pi,135,42,-130953.824865,7.450004e-08,5,5,5.5,f,+1.5,+1,3,3,2.5,f,+1.5,+1
pi,pi,136,43,-130953.771671,2.976032e-08,5,5,5.5,f,+2.5,+1,3,3,2.5,f,+2.5,+1
pi,pi,97,44,-130915.700874,4.569481e-03,5,5,4.5,e,-3.5,-1,3,3,3.5,e,-3.5,-1
pi,pi,98,45,-130915.692282,4.059165e-03,5,5,4.5,e,-2.5,-1,3,3,3.5,e,-2.5,-1
pi,pi,99,46,-130915.683571,1.877386e-03,5,5,4.5,e,-1.5,-1,3,3,3.5,e,-1.5,-1
pi,pi,100,47,-130915.674743,2.385012e-04,5,5,4.5,e,-0.5,-1,3,3,3.5,e,-0.5,-1
pi,pi,101,48,-130915.665800,2.115115e-04,5,5,4.5,e,+0.5,-1,3,3,3.5,e,+0.5,-1
pi,pi,102,49,-130915.656743,1.765764e-03,5,5,4.5,e,+1.5,-1,3,3,3.5,e,+1.5,-1
pi,pi,103,50,-130915.647575,3.813944e-03,5,5,4.5,e,+2.5,-1,3,3,3.5,e,+2.5,-1
pi,pi,104,51,-130915.638297,4.252547e-03,5,5,4.5,e,+3.5,-1,3,3,3.5,e,+3.5,-1
pi,pi,62,8,-130915.050390,9.513920e-10,4,4,3.5,e,-1.5,+1,1,1,1.5,f,-1.5,+1
pi,pi,63,9,-130914.904825,1.664324e-09,4,4,3.5,e,-0.5,+1,1,1,1.5,f,-0.5,+1
pi,pi,64,10,-130914.757146,1.618133e-09,4,4,3.5,e,+0.5,+1,1,1,1.5,f,+0.5,+1
pi,pi,65,11,-130914.607451,8.743292e-10,4,4,3.5,e,+1.5,+1,1,1,1.5,f,+1.5,+1
pi,pi,118,44,-130912.172874,1.967231e-02,5,5,5.5,e,-3.5,-1,3,3,3.5,e,-3.5,-1
pi,pi,119,45,-130912.149832,4.601154e-02,5,5,5.5,e,-2.5,-1,3,3,3.5,e,-2.5,-1
pi,pi,120,46,-130912.126729,6.917956e-02,5,5,5.5,e,-1.5,-1,3,3,3.5,e,-1.5,-1
pi,pi,121,47,-130912.103567,8.254749e-02,5,5,5.5,e,-0.5,-1,3,3,3.5,e,-0.5,-1
pi,pi,122,48,-130912.080348,8.273610e-02,5,5,5.5,e,+0.5,-1,3,3,3.5,e,+0.5,-1
pi,pi,123,49,-130912.057072,6.965491e-02,5,5,5.5,e,+1.5,-1,3,3,3.5,e,+1.5,-1
pi,pi,124,50,-130912.033740,4.653978e-02,5,5,5.5,e,+2.5,-1,3,3,3.5,e,+2.5,-1
pi,pi,125,51,-130912.010354,1.998933e-02,5,5,5.5,e,+3.5,-1,3,3,3.5,e,+3.5,-1
pi,pi,98,32,-130909.974388,2.871672e-02,5,5,4.5,e,-2.5,-1,3,3,2.5,e,-2.5,-1
pi,pi,99,33,-130909.933809,6.141060e-02,5,5,4.5,e,-1.5,-1,3,3,2.5,e,-1.5,-1
pi,pi,100,34,-130909.893288,8.171659e-02,5,5,4.5,e,-0.5,-1,3,3,2.5,e,-0.5,-1
pi,pi,101,35,-130909.852825,8.155506e-02,5,5,4.5,e,+0.5,-1,3,3,2.5,e,+0.5,-1
pi,pi,102,36,-130909.812420,6.104710e-02,5,5,4.5,e,+1.5,-1,3,3,2.5,e,+1.5,-1
pi,pi,103,37,-130909.772071,2.843392e-02,5,5,4.5,e,+2.5,-1,3,3,2.5,e,+2.5,-1
pi,pi,119,32,-130906.431938,4.850161e-08,5,5,5.5,e,-2.5,-1,3,3,2.5,e,-2.5,-1
pi,pi,120,33,-130906.376967,1.207946e-07,5,5,5.5,e,-1.5,-1,3,3,2.5,e,-1.5,-1
pi,pi,121,34,-130906.322112,1.718965e-07,5,5,5.5,e,-0.5,-1,3,3,2.5,e,-0.5,-1
pi,pi,122,35,-130906.267374,1.712195e-07,5,5,5.5,e,+0.5,-1,3,3,2.5,e,+0.5,-1
pi,pi,123,36,-130906.212749,1.193734e-07,5,5,5.5,e,+1.5,-1,3,3,2.5,e,+1.5,-1
pi,pi,124,37,-130906.158236,4.755487e-08,5,5,5.5,e,+2.5,-1,3,3,2.5,e,+2.5,-1
pi,pi,63,2,-130899.976469,2.850615e-12,4,4,3.5,e,-0.5,+1,1,1,0.5,f,-0.5,+1
pi,pi,64,3,-130899.582214,2.802603e-12,4,4,3.5,e,+0.5,+1,1,1,0.5,f,+0.5,+1
pi,pi,69,26,-101863.631723,7.783166e-03,4,4,3.5,f,-2.5,-1,2,2,2.5,f,-2.5,-1
pi,pi,70,27,-101863.598774,4.612444e-03,4,4,3.5,f,-1.5,-1,2,2,2.5,f,-1.5,-1
pi,pi,71,28,-101863.565538,6.070752e-04,4,4,3.5,f,-0.5,-1,2,2,2.5,f,-0.5,-1
pi,pi,72,29,-101863.532022,6.016747e-04,4,4,3.5,f,+0.5,-1,2,2,2.5,f,+0.5,-1
pi,pi,73,30,-101863.498232,4.456092e-03,4,4,3.5,f,+1.5,-1,2,2,2.5,f,+1.5,-1
pi,pi,74,31,-101863.464173,7.340790e-03,4,4,3.5,f,+2.5,-1,2,2,2.5,f,+2.5,-1
pi,pi,88,26,-101859.242040,2.622865e-02,4,4,4.5,f,-2.5,-1,2,2,2.5,f,-2.5,-1
pi,pi,89,27,-101859.190407,5.639873e-02,4,4,4.5,f,-1.5,-1,2,2,2.5,f,-1.5,-1
pi,pi,90,28,-101859.138566,7.545433e-02,4,4,4.5,f,-0.5,-1,2,2,2.5,f,-0.5,-1
pi,pi,91,29,-101859.086524,7.570717e-02,4,4,4.5,f,+0.5,-1,2,2,2.5,f,+0.5,-1
pi,pi,92,30,-101859.034284,5.696765e-02,4,4,4.5,f,+1.5,-1,2,2,2.5,f,+1.5,-1
pi,pi,93,31,-101858.981851,2.667122e-02,4,4,4.5,f,+2.5,-1,2,2,2.5,f,+2.5,-1
pi,pi,70,16,-101855.362700,4.102945e-02,4,4,3.5,f,-1.5,-1,2,2,1.5,f,-1.5,-1
pi,pi,71,17,-101855.265956,7.360005e-02,4,4,3.5,f,-0.5,-1,2,2,1.5,f,-0.5,-1
pi,pi,72,18,-101855.169417,7.335281e-02,4,4,3.5,f,+0.5,-1,2,2,1.5,f,+0.5,-1
pi,pi,73,19,-101855.073076,4.061727e-02,4,4,3.5,f,+1.5,-1,2,2,1.5,f,+1.5,-1
pi,pi,89,16,-101850.954332,2.857970e-10,4,4,4.5,f,-1.5,-1,2,2,1.5,f,-1.5,-1
pi,pi,90,17,-101850.838985,3.719904e-10,4,4,4.5,f,-0.5,-1,2,2,1.5,f,-0.5,-1
pi,pi,91,18,-101850.723919,2.197697e-10,4,4,4.5,f,+0.5,-1,2,2,1.5,f,+0.5,-1
pi,pi,92,19,-101850.609129,5.527225e-11,4,4,4.5,f,+1.5,-1,2,2,1.5,f,+1.5,-1
pi,pi,61,20,-101826.597287,7.798921e-03,4,4,3.5,e,-2.5,+1,2,2,2.5,e,-2.5,+1
pi,pi,62,21,-101826.566175,4.624659e-03,4,4,3.5,e,-1.5,+1,2,2,2.5,e,-1.5,+1
pi,pi,63,22,-101826.534752,6.112916e-04,4,4,3.5,e,-0.5,+1,2,2,2.5,e,-0.5,+1
pi,pi,64,23,-101826.503026,5.974724e-04,4,4,3.5,e,+0.5,+1,2,2,2.5,e,+0.5,+1
pi,pi,65,24,-101826.471002,4.444103e-03,4,4,3.5,e,+1.5,+1,2,2,2.5,e,+1.5,+1
pi,pi,66,25,-101826.438687,7.325995e-03,4,4,3.5,e,+2.5,+1,2,2,2.5,e,+2.5,+1
pi,pi,78,20,-101822.210721,2.621286e-02,4,4,4.5,e,-2.5,+1,2,2,2.5,e,-2.5,+1
pi,pi,79,21,-101822.159625,5.637869e-02,4,4,4.5,e,-1.5,+1,2,2,2.5,e,-1.5,+1
pi,pi,80,22,-101822.108309,7.544555e-02,4,4,4.5,e,-0.5,+1,2,2,2.5,e,-0.5,+1
pi,pi,81,23,-101822.056778,7.571584e-02,4,4,4.5,e,+0.5,+1,2,2,2.5,e,+0.5,+1
pi,pi,82,24,-101822.005037,5.698692e-02,4,4,4.5,e,+1.5,+1,2,2,2.5,e,+1.5,+1
pi,pi,83,25,-101821.953093,2.668602e-02,4,4,4.5,e,+2.5,+1,2,2,2.5,e,+2.5,+1
pi,pi,62,12,-101818.333481,4.103722e-02,4,4,3.5,e,-1.5,+1,2,2,1.5,e,-1.5,+1
pi,pi,63,13,-101818.236214,7.360461e-02,4,4,3.5,e,-0.5,+1,2,2,1.5,e,-0.5,+1
pi,pi,64,14,-101818.139164,7.334836e-02,4,4,3.5,e,+0.5,+1,2,2,1.5,e,+0.5,+1
pi,pi,65,15,-101818.042325,4.061002e-02,4,4,3.5,e,+1.5,+1,2,2,1.5,e,+1.5,+1
pi,pi,79,12,-101813.926931,1.721652e-09,4,4,4.5,e,-1.5,+1,2,2,1.5,e,-1.5,+1
pi,pi,80,13,-101813.809771,3.939255e-09,4,4,4.5,e,-0.5,+1,2,2,1.5,e,-0.5,+1
pi,pi,81,14,-101813.692916,4.447465e-09,4,4,4.5,e,+0.5,+1,2,2,1.5,e,+0.5,+1
pi,pi,82,15,-101813.576360,2.482613e-09,4,4,4.5,e,+1.5,+1,2,2,1.5,e,+1.5,+1
pi,pi,113,83,-72811.425142,3.611965e-05,5,5,4.5,f,+2.5,+1,4,4,4.5,e,+2.5,+1
pi,pi,112,82,-72811.425129,3.267141e-04,5,5,4.5,f,+1.5,+1,4,4,4.5,e,+1.5,+1
pi,pi,114,84,-72811.425089,1.424946e-04,5,5,4.5,f,+3.5,+1,4,4,4.5,e,+3.5,+1
pi,pi,111,81,-72811.425048,5.851460e-04,5,5,4.5,f,+0.5,+1,4,4,4.5,e,+0.5,+1
pi,pi,115,85,-72811.424970,1.274409e-03,5,5,4.5,f,+4.5,+1,4,4,4.5,e,+4.5,+1
pi,pi,110,80,-72811.424899,5.896561e-04,5,5,4.5,f,-0.5,+1,4,4,4.5,e,-0.5,+1
pi,pi,109,79,-72811.424681,3.342181e-04,5,5,4.5,f,-1.5,+1,4,4,4.5,e,-1.5,+1
pi,pi,108,78,-72811.424392,3.734953e-05,5,5,4.5,f,-2.5,+1,4,4,4.5,e,-2.5,+1
pi,pi,107,77,-72811.424033,1.514039e-04,5,5,4.5,f,-3.5,+1,4,4,4.5,e,-3.5,+1
pi,pi,106,76,-72811.423602,1.372374e-03,5,5,4.5,f,-4.5,+1,4,4,4.5,e,-4.5,+1
pi,pi,129,76,-72807.905446,1.317599e-02,5,5,5.5,f,-4.5,+1,4,4,4.5,e,-4.5,+1
pi,pi,130,77,-72807.892446,1.439729e-02,5,5,5.5,f,-3.5,+1,4,4,4.5,e,-3.5,+1
pi,pi,131,78,-72807.879425,9.839312e-03,5,5,5.5,f,-2.5,+1,4,4,4.5,e,-2.5,+1
pi,pi,132,79,-72807.866383,4.165789e-03,5,5,5.5,f,-1.5,+1,4,4,4.5,e,-1.5,+1
pi,pi,133,80,-72807.853321,5.119695e-04,5,5,5.5,f,-0.5,+1,4,4,4.5,e,-0.5,+1
pi,pi,134,81,-72807.840240,4.683551e-04,5,5,5.5,f,+0.5,+1,4,4,4.5,e,+0.5,+1
pi,pi,135,82,-72807.827139,4.064978e-03,5,5,5.5,f,+1.5,+1,4,4,4.5,e,+1.5,+1
pi,pi,136,83,-72807.814018,9.756195e-03,5,5,5.5,f,+2.5,+1,4,4,4.5,e,+2.5,+1
pi,pi,137,84,-72807.800879,1.440597e-02,5,5,5.5,f,+3.5,+1,4,4,4.5,e,+3.5,+1
pi,pi,138,85,-72807.787721,1.327361e-02,5,5,5.5,f,+4.5,+1,4,4,4.5,e,+4.5,+1
pi,pi,107,60,-72807.057543,1.438959e-02,5,5,4.5,f,-3.5,+1,4,4,3.5,e,-3.5,+1
pi,pi,108,61,-72807.037827,1.280153e-02,5,5,4.5,f,-2.5,+1,4,4,3.5,e,-2.5,+1
pi,pi,109,62,-72807.018131,5.887240e-03,5,5,4.5,f,-1.5,+1,4,4,3.5,e,-1.5,+1
pi,pi,110,63,-72806.998455,7.078007e-04,5,5,4.5,f,-0.5,+1,4,4,3.5,e,-0.5,+1
pi,pi,111,64,-72806.978800,7.612917e-04,5,5,4.5,f,+0.5,+1,4,4,3.5,e,+0.5,+1
pi,pi,112,65,-72806.959164,6.008989e-03,5,5,4.5,f,+1.5,+1,4,4,3.5,e,+1.5,+1
pi,pi,113,66,-72806.939548,1.290055e-02,5,5,4.5,f,+2.5,+1,4,4,3.5,e,+2.5,+1
pi,pi,114,67,-72806.919951,1.439820e-02,5,5,4.5,f,+3.5,+1,4,4,3.5,e,+3.5,+1
pi,pi,130,60,-72803.525956,1.515939e-04,5,5,5.5,f,-3.5,+1,4,4,3.5,e,-3.5,+1
pi,pi,131,61,-72803.492859,3.506328e-04,5,5,5.5,f,-2.5,+1,4,4,3.5,e,-2.5,+1
pi,pi,132,62,-72803.459833,5.213806e-04,5,5,5.5,f,-1.5,+1,4,4,3.5,e,-1.5,+1
pi,pi,133,63,-72803.426878,6.153234e-04,5,5,5.5,f,-0.5,+1,4,4,3.5,e,-0.5,+1
pi,pi,134,64,-72803.393992,6.100255e-04,5,5,5.5,f,+0.5,+1,4,4,3.5,e,+0.5,+1
pi,pi,135,65,-72803.361174,5.080288e-04,5,5,5.5,f,+1.5,+1,4,4,3.5,e,+1.5,+1
pi,pi,136,66,-72803.328424,3.357951e-04,5,5,5.5,f,+2.5,+1,4,4,3.5,e,+2.5,+1
pi,pi,137,67,-72803.295741,1.426892e-04,5,5,5.5,f,+3.5,+1,4,4,3.5,e,+3.5,+1
pi,pi,39,8,-72764.525173,1.340148e-02,3,3,2.5,f,-1.5,+1,1,1,1.5,f,-1.5,+1
pi,pi,40,9,-72764.400151,2.127558e-03,3,3,2.5,f,-0.5,+1,1,1,1.5,f,-0.5,+1
pi,pi,41,10,-72764.272979,2.222559e-03,3,3,2.5,f,+0.5,+1,1,1,1.5,f,+0.5,+1
pi,pi,42,11,-72764.143761,1.272780e-02,3,3,2.5,f,+1.5,+1,1,1,1.5,f,+1.5,+1
pi,pi,54,8,-72758.773034,3.230630e-02,3,3,3.5,f,-1.5,+1,1,1,1.5,f,-1.5,+1
pi,pi,55,9,-72758.617979,5.856170e-02,3,3,3.5,f,-0.5,+1,1,1,1.5,f,-0.5,+1
pi,pi,56,10,-72758.460932,5.896634e-02,3,3,3.5,f,+0.5,+1,1,1,1.5,f,+0.5,+1
pi,pi,57,11,-72758.301990,3.298073e-02,3,3,3.5,f,+1.5,+1,1,1,1.5,f,+1.5,+1
pi,pi,40,2,-72749.471794,5.360164e-02,3,3,2.5,f,-0.5,+1,1,1,0.5,f,-0.5,+1
pi,pi,41,3,-72749.098048,5.310278e-02,3,3,2.5,f,+0.5,+1,1,1,0.5,f,+0.5,+1
pi,pi,55,2,-72743.689623,5.739901e-07,3,3,3.5,f,-0.5,+1,1,1,0.5,f,-0.5,+1
pi,pi,56,3,-72743.286000,5.357042e-07,3,3,3.5,f,+0.5,+1,1,1,0.5,f,+0.5,+1
pi,pi,33,4,-72738.071107,1.342043e-02,3,3,2.5,e,-1.5,-1,1,1,1.5,e,-1.5,-1
pi,pi,34,5,-72737.948897,2.134686e-03,3,3,2.5,e,-0.5,-1,1,1,1.5,e,-0.5,-1
pi,pi,35,6,-72737.824465,2.215209e-03,3,3,2.5,e,+0.5,-1,1,1,1.5,e,+0.5,-1
pi,pi,36,7,-72737.697915,1.270968e-02,3,3,2.5,e,+1.5,-1,1,1,1.5,e,+1.5,-1
pi,pi,46,4,-72732.321345,3.228729e-02,3,3,3.5,e,-1.5,-1,1,1,1.5,e,-1.5,-1
pi,pi,47,5,-72732.167443,5.855058e-02,3,3,3.5,e,-0.5,-1,1,1,1.5,e,-0.5,-1
pi,pi,48,6,-72732.011491,5.897750e-02,3,3,3.5,e,+0.5,-1,1,1,1.5,e,+0.5,-1
pi,pi,49,7,-72731.853592,3.299886e-02,3,3,3.5,e,+1.5,-1,1,1,1.5,e,+1.5,-1
pi,pi,34,0,-72723.022333,5.360572e-02,3,3,2.5,e,-0.5,-1,1,1,0.5,e,-0.5,-1
pi,pi,35,1,-72722.647492,5.309913e-02,3,3,2.5,e,+0.5,-1,1,1,0.5,e,+0.5,-1
pi,pi,47,0,-72717.240879,4.727211e-07,3,3,3.5,e,-0.5,-1,1,1,0.5,e,-0.5,-1
pi,pi,48,1,-72716.834518,4.386335e-07,3,3,3.5,e,+0.5,-1,1,1,0.5,e,+0.5,-1
pi,pi,105,95,-72679.226262,1.270731e-03,5,5,4.5,e,+4.5,-1,4,4,4.5,f,+4.5,-1
pi,pi,104,94,-72679.214983,1.396410e-04,5,5,4.5,e,+3.5,-1,4,4,4.5,f,+3.5,-1
pi,pi,103,93,-72679.203639,3.769331e-05,5,5,4.5,e,+2.5,-1,4,4,4.5,f,+2.5,-1
pi,pi,102,92,-72679.192230,3.301818e-04,5,5,4.5,e,+1.5,-1,4,4,4.5,f,+1.5,-1
pi,pi,101,91,-72679.180755,5.868410e-04,5,5,4.5,e,+0.5,-1,4,4,4.5,f,+0.5,-1
pi,pi,100,90,-72679.169213,5.879354e-04,5,5,4.5,e,-0.5,-1,4,4,4.5,f,-0.5,-1
pi,pi,99,89,-72679.157603,3.306384e-04,5,5,4.5,e,-1.5,-1,4,4,4.5,f,-1.5,-1
pi,pi,98,88,-72679.145925,3.571818e-05,5,5,4.5,e,-2.5,-1,4,4,4.5,f,-2.5,-1
pi,pi,97,87,-72679.134178,1.545468e-04,5,5,4.5,e,-3.5,-1,4,4,4.5,f,-3.5,-1
pi,pi,96,86,-72679.122360,1.376454e-03,5,5,4.5,e,-4.5,-1,4,4,4.5,f,-4.5,-1
pi,pi,117,86,-72675.608870,1.317191e-02,5,5,5.5,e,-4.5,-1,4,4,4.5,f,-4.5,-1
pi,pi,118,87,-72675.606178,1.439415e-02,5,5,5.5,e,-3.5,-1,4,4,4.5,f,-3.5,-1
pi,pi,119,88,-72675.603475,9.838131e-03,5,5,5.5,e,-2.5,-1,4,4,4.5,f,-2.5,-1
pi,pi,120,89,-72675.600761,4.165801e-03,5,5,5.5,e,-1.5,-1,4,4,4.5,f,-1.5,-1
pi,pi,121,90,-72675.598037,5.121252e-04,5,5,5.5,e,-0.5,-1,4,4,4.5,f,-0.5,-1
pi,pi,122,91,-72675.595303,4.682047e-04,5,5,5.5,e,+0.5,-1,4,4,4.5,f,+0.5,-1
pi,pi,123,92,-72675.592559,4.064942e-03,5,5,5.5,e,+1.5,-1,4,4,4.5,f,+1.5,-1
pi,pi,124,93,-72675.589804,9.757258e-03,5,5,5.5,e,+2.5,-1,4,4,4.5,f,+2.5,-1
pi,pi,125,94,-72675.587040,1.440882e-02,5,5,5.5,e,+3.5,-1,4,4,4.5,f,+3.5,-1
pi,pi,126,95,-72675.584266,1.327729e-02,5,5,5.5,e,+4.5,-1,4,4,4.5,f,+4.5,-1
pi,pi,97,68,-72674.763257,1.438644e-02,5,5,4.5,e,-3.5,-1,4,4,3.5,f,-3.5,-1
pi,pi,98,69,-72674.756241,1.279918e-02,5,5,4.5,e,-2.5,-1,4,4,3.5,f,-2.5,-1
pi,pi,99,70,-72674.749236,5.886224e-03,5,5,4.5,e,-1.5,-1,4,4,3.5,f,-1.5,-1
pi,pi,100,71,-72674.742241,7.075745e-04,5,5,4.5,e,-0.5,-1,4,4,3.5,f,-0.5,-1
pi,pi,101,72,-72674.735257,7.615211e-04,5,5,4.5,e,+0.5,-1,4,4,3.5,f,+0.5,-1
pi,pi,102,73,-72674.728282,6.009961e-03,5,5,4.5,e,+1.5,-1,4,4,3.5,f,+1.5,-1
pi,pi,103,74,-72674.721318,1.290274e-02,5,5,4.5,e,+2.5,-1,4,4,3.5,f,+2.5,-1
pi,pi,104,75,-72674.714364,1.440105e-02,5,5,4.5,e,+3.5,-1,4,4,3.5,f,+3.5,-1
pi,pi,118,68,-72671.235258,1.547385e-04,5,5,5.5,e,-3.5,-1,4,4,3.5,f,-3.5,-1
pi,pi,119,69,-72671.213791,3.557995e-04,5,5,5.5,e,-2.5,-1,4,4,3.5,f,-2.5,-1
pi,pi,120,70,-72671.192394,5.259644e-04,5,5,5.5,e,-1.5,-1,4,4,3.5,f,-1.5,-1
pi,pi,121,71,-72671.171066,6.171146e-04,5,5,5.5,e,-0.5,-1,4,4,3.5,f,-0.5,-1
pi,pi,122,72,-72671.149805,6.082515e-04,5,5,5.5,e,+0.5,-1,4,4,3.5,f,+0.5,-1
pi,pi,123,73,-72671.128611,5.036256e-04,5,5,5.5,e,+1.5,-1,4,4,3.5,f,+1.5,-1
pi,pi,124,74,-72671.107483,3.309706e-04,5,5,5.5,e,+2.5,-1,4,4,3.5,f,+2.5,-1
pi,pi,125,75,-72671.086420,1.398339e-04,5,5,5.5,e,+3.5,-1,4,4,3.5,f,+3.5,-1
pi,pi,68,44,-58240.937617,2.872314e-03,4,4,3.5,f,-3.5,-1,3,3,3.5,e,-3.5,-1
pi,pi,69,45,-58240.936040,5.781984e-05,4,4,3.5,f,-2.5,-1,3,3,3.5,e,-2.5,-1
pi,pi,70,46,-58240.934335,5.179869e-04,4,4,3.5,f,-1.5,-1,3,3,3.5,e,-1.5,-1
pi,pi,71,47,-58240.932501,1.423683e-03,4,4,3.5,f,-0.5,-1,3,3,3.5,e,-0.5,-1
pi,pi,72,48,-58240.930543,1.409366e-03,4,4,3.5,f,+0.5,-1,3,3,3.5,e,+0.5,-1
pi,pi,73,49,-58240.928461,5.021924e-04,4,4,3.5,f,+1.5,-1,3,3,3.5,e,+1.5,-1
pi,pi,74,50,-58240.926257,5.550208e-05,4,4,3.5,f,+2.5,-1,3,3,3.5,e,+2.5,-1
pi,pi,75,51,-58240.923933,2.686362e-03,4,4,3.5,f,+3.5,-1,3,3,3.5,e,+3.5,-1
pi,pi,87,44,-58236.566696,2.213318e-02,4,4,4.5,f,-3.5,-1,3,3,3.5,e,-3.5,-1
pi,pi,88,45,-58236.546356,1.987367e-02,4,4,4.5,f,-2.5,-1,3,3,3.5,e,-2.5,-1
pi,pi,89,46,-58236.525967,9.281234e-03,4,4,4.5,f,-1.5,-1,3,3,3.5,e,-1.5,-1
pi,pi,90,47,-58236.505530,1.183133e-03,4,4,4.5,f,-0.5,-1,3,3,3.5,e,-0.5,-1
pi,pi,91,48,-58236.485045,1.086398e-03,4,4,4.5,f,+0.5,-1,3,3,3.5,e,+0.5,-1
pi,pi,92,49,-58236.464513,9.093327e-03,4,4,4.5,f,+1.5,-1,3,3,3.5,e,+1.5,-1
pi,pi,93,50,-58236.443936,1.982012e-02,4,4,4.5,f,+2.5,-1,3,3,3.5,e,+2.5,-1
pi,pi,94,51,-58236.423314,2.231847e-02,4,4,4.5,f,+3.5,-1,3,3,3.5,e,+3.5,-1
pi,pi,69,32,-58235.218147,2.357088e-02,4,4,3.5,f,-2.5,-1,3,3,2.5,e,-2.5,-1
pi,pi,70,33,-58235.184573,1.404828e-02,4,4,3.5,f,-1.5,-1,3,3,2.5,e,-1.5,-1
pi,pi,71,34,-58235.151047,1.826686e-03,4,4,3.5,f,-0.5,-1,3,3,2.5,e,-0.5,-1
pi,pi,72,35,-58235.117569,1.951671e-03,4,4,3.5,f,+0.5,-1,3,3,2.5,e,+0.5,-1
pi,pi,73,36,-58235.084138,1.428302e-02,4,4,3.5,f,+1.5,-1,3,3,2.5,e,+1.5,-1
pi,pi,74,37,-58235.050753,2.365012e-02,4,4,3.5,f,+2.5,-1,3,3,2.5,e,+2.5,-1
pi,pi,88,32,-58230.828463,5.417853e-04,4,4,4.5,f,-2.5,-1,3,3,2.5,e,-2.5,-1
pi,pi,89,33,-58230.776205,1.150312e-03,4,4,4.5,f,-1.5,-1,3,3,2.5,e,-1.5,-1
pi,pi,90,34,-58230.724075,1.519739e-03,4,4,4.5,f,-0.5,-1,3,3,2.5,e,-0.5,-1
pi,pi,91,35,-58230.672071,1.505923e-03,4,4,4.5,f,+0.5,-1,3,3,2.5,e,+0.5,-1
pi,pi,92,36,-58230.620190,1.119223e-03,4,4,4.5,f,+1.5,-1,3,3,2.5,e,+1.5,-1
pi,pi,93,37,-58230.568432,5.176010e-04,4,4,4.5,f,+2.5,-1,3,3,2.5,e,+2.5,-1
pi,pi,67,59,-58156.323602,2.680230e-03,4,4,3.5,e,+3.5,+1,3,3,3.5,f,+3.5,+1
pi,pi,66,58,-58156.314590,5.363305e-05,4,4,3.5,e,+2.5,+1,3,3,3.5,f,+2.5,+1
pi,pi,65,57,-58156.305462,5.071549e-04,4,4,3.5,e,+1.5,+1,3,3,3.5,f,+1.5,+1
pi,pi,64,56,-58156.296214,1.412580e-03,4,4,3.5,e,+0.5,+1,3,3,3.5,f,+0.5,+1
pi,pi,63,55,-58156.286847,1.420408e-03,4,4,3.5,e,-0.5,+1,3,3,3.5,f,-0.5,+1
pi,pi,62,54,-58156.277357,5.128186e-04,4,4,3.5,e,-1.5,+1,3,3,3.5,f,-1.5,+1
pi,pi,61,53,-58156.267742,5.985449e-05,4,4,3.5,e,-2.5,+1,3,3,3.5,f,-2.5,+1
pi,pi,60,52,-58156.258002,2.879028e-03,4,4,3.5,e,-3.5,+1,3,3,3.5,f,-3.5,+1
pi,pi,77,52,-58151.891512,2.212646e-02,4,4,4.5,e,-3.5,+1,3,3,3.5,f,-3.5,+1
pi,pi,78,53,-58151.881177,1.987013e-02,4,4,4.5,e,-2.5,+1,3,3,3.5,f,-2.5,+1
pi,pi,79,54,-58151.870807,9.280960e-03,4,4,4.5,e,-1.5,+1,3,3,3.5,f,-1.5,+1
pi,pi,80,55,-58151.860403,1.183488e-03,4,4,4.5,e,-0.5,+1,3,3,3.5,f,-0.5,+1
pi,pi,81,56,-58151.849966,1.086057e-03,4,4,4.5,e,+0.5,+1,3,3,3.5,f,+0.5,+1
pi,pi,82,57,-58151.839497,9.093552e-03,4,4,4.5,e,+1.5,+1,3,3,3.5,f,+1.5,+1
pi,pi,83,58,-58151.828996,1.982338e-02,4,4,4.5,e,+2.5,+1,3,3,3.5,f,+2.5,+1
pi,pi,84,59,-58151.818463,2.232461e-02,4,4,4.5,e,+3.5,+1,3,3,3.5,f,+3.5,+1
pi,pi,61,38,-58150.545792,2.356609e-02,4,4,3.5,e,-2.5,+1,3,3,2.5,f,-2.5,+1
pi,pi,62,39,-58150.525217,1.404574e-02,4,4,3.5,e,-1.5,+1,3,3,2.5,f,-1.5,+1
pi,pi,63,40,-58150.504675,1.826119e-03,4,4,3.5,e,-0.5,+1,3,3,2.5,f,-0.5,+1
pi,pi,64,41,-58150.484166,1.952250e-03,4,4,3.5,e,+0.5,+1,3,3,2.5,f,+0.5,+1
pi,pi,65,42,-58150.463691,1.428547e-02,4,4,3.5,e,+1.5,+1,3,3,2.5,f,+1.5,+1
pi,pi,66,43,-58150.443247,2.365458e-02,4,4,3.5,e,+2.5,+1,3,3,2.5,f,+2.5,+1
pi,pi,78,38,-58146.159227,5.480917e-04,4,4,4.5,e,-2.5,+1,3,3,2.5,f,-2.5,+1
pi,pi,79,39,-58146.118667,1.158294e-03,4,4,4.5,e,-1.5,+1,3,3,2.5,f,-1.5,+1
pi,pi,80,40,-58146.078231,1.523227e-03,4,4,4.5,e,-0.5,+1,3,3,2.5,f,-0.5,+1
pi,pi,81,41,-58146.037918,1.502471e-03,4,4,4.5,e,+0.5,+1,3,3,2.5,f,+0.5,+1
pi,pi,82,42,-58145.997726,1.111584e-03,4,4,4.5,e,+1.5,+1,3,3,2.5,f,+1.5,+1
pi,pi,83,43,-58145.957653,5.117491e-04,4,4,4.5,e,+2.5,+1,3,3,2.5,f,+2.5,+1
pi,pi,38,20,-43676.051494,7.015472e-03,3,3,2.5,f,-2.5,+1,2,2,2.5,e,-2.5,+1
pi,pi,39,21,-43676.040958,2.813958e-04,3,3,2.5,f,-1.5,+1,2,2,2.5,e,-1.5,+1
pi,pi,40,22,-43676.030077,4.386311e-03,3,3,2.5,f,-0.5,+1,2,2,2.5,e,-0.5,+1
pi,pi,41,23,-43676.018859,4.316010e-03,3,3,2.5,f,+0.5,+1,2,2,2.5,e,+0.5,+1
pi,pi,42,24,-43676.007311,2.630744e-04,3,3,2.5,f,+1.5,+1,2,2,2.5,e,+1.5,+1
pi,pi,43,25,-43675.995440,6.593950e-03,3,3,2.5,f,+2.5,+1,2,2,2.5,e,+2.5,+1
pi,pi,53,20,-43670.329544,4.061427e-02,3,3,3.5,f,-2.5,+1,2,2,2.5,e,-2.5,+1
pi,pi,54,21,-43670.288818,2.467057e-02,3,3,3.5,f,-1.5,+1,2,2,2.5,e,-1.5,+1
pi,pi,55,22,-43670.247906,3.412885e-03,3,3,3.5,f,-0.5,+1,2,2,2.5,e,-0.5,+1
pi,pi,56,23,-43670.206811,3.124271e-03,3,3,3.5,f,+0.5,+1,2,2,2.5,e,+0.5,+1
pi,pi,57,24,-43670.165540,2.432952e-02,3,3,3.5,f,+1.5,+1,2,2,2.5,e,+1.5,+1
pi,pi,58,25,-43670.124097,4.103451e-02,3,3,3.5,f,+2.5,+1,2,2,2.5,e,+2.5,+1
pi,pi,39,12,-43667.808264,3.894213e-02,3,3,2.5,f,-1.5,+1,2,2,1.5,e,-1.5,+1
pi,pi,40,13,-43667.731539,6.324309e-03,3,3,2.5,f,-0.5,+1,2,2,1.5,e,-0.5,+1
pi,pi,41,14,-43667.654998,6.731589e-03,3,3,2.5,f,+0.5,+1,2,2,1.5,e,+0.5,+1
pi,pi,42,15,-43667.578634,3.938082e-02,3,3,2.5,f,+1.5,+1,2,2,1.5,e,+1.5,+1
pi,pi,54,12,-43662.056124,2.762973e-03,3,3,3.5,f,-1.5,+1,2,2,1.5,e,-1.5,+1
pi,pi,55,13,-43661.949368,4.924283e-03,3,3,3.5,f,-0.5,+1,2,2,1.5,e,-0.5,+1
pi,pi,56,14,-43661.842950,4.875941e-03,3,3,3.5,f,+0.5,+1,2,2,1.5,e,+0.5,+1
pi,pi,57,15,-43661.736863,2.682395e-03,3,3,3.5,f,+1.5,+1,2,2,1.5,e,+1.5,+1
pi,pi,34,28,-43628.414491,4.378891e-03,3,3,2.5,e,-0.5,-1,2,2,2.5,f,-0.5,-1
pi,pi,35,29,-43628.414453,4.323229e-03,3,3,2.5,e,+0.5,-1,2,2,2.5,f,+0.5,-1
pi,pi,33,27,-43628.414201,2.771336e-04,3,3,2.5,e,-1.5,-1,2,2,2.5,f,-1.5,-1
pi,pi,36,30,-43628.414094,2.670658e-04,3,3,2.5,e,+1.5,-1,2,2,2.5,f,+1.5,-1
pi,pi,32,26,-43628.413576,7.027532e-03,3,3,2.5,e,-2.5,-1,2,2,2.5,f,-2.5,-1
pi,pi,37,31,-43628.413420,6.582807e-03,3,3,2.5,e,+2.5,-1,2,2,2.5,f,+2.5,-1
pi,pi,45,26,-43622.695683,4.060220e-02,3,3,3.5,e,-2.5,-1,2,2,2.5,f,-2.5,-1
pi,pi,46,27,-43622.664439,2.466828e-02,3,3,3.5,e,-1.5,-1,2,2,2.5,f,-1.5,-1
pi,pi,47,28,-43622.633037,3.413909e-03,3,3,3.5,e,-0.5,-1,2,2,2.5,f,-0.5,-1
pi,pi,48,29,-43622.601479,3.123300e-03,3,3,3.5,e,+0.5,-1,2,2,2.5,f,+0.5,-1
pi,pi,49,30,-43622.569771,2.433164e-02,3,3,3.5,e,+1.5,-1,2,2,2.5,f,+1.5,-1
pi,pi,50,31,-43622.537916,4.104565e-02,3,3,3.5,e,+2.5,-1,2,2,2.5,f,+2.5,-1
pi,pi,33,16,-43620.178127,3.893452e-02,3,3,2.5,e,-1.5,-1,2,2,1.5,f,-1.5,-1
pi,pi,34,17,-43620.114910,6.322383e-03,3,3,2.5,e,-0.5,-1,2,2,1.5,f,-0.5,-1
pi,pi,35,18,-43620.051848,6.733568e-03,3,3,2.5,e,+0.5,-1,2,2,1.5,f,+0.5,-1
pi,pi,36,19,-43619.988938,3.938815e-02,3,3,2.5,e,+1.5,-1,2,2,1.5,f,+1.5,-1
pi,pi,46,16,-43614.428365,2.777131e-03,3,3,3.5,e,-1.5,-1,2,2,1.5,f,-1.5,-1
pi,pi,47,17,-43614.333455,4.932605e-03,3,3,3.5,e,-0.5,-1,2,2,1.5,f,-0.5,-1
pi,pi,48,18,-43614.238874,4.867717e-03,3,3,3.5,e,+0.5,-1,2,2,1.5,f,+0.5,-1
pi,pi,49,19,-43614.144615,2.668962e-03,3,3,3.5,e,+1.5,-1,2,2,1.5,f,+1.5,-1
pi,pi,16,4,-29117.892980,2.060273e-02,2,2,1.5,f,-1.5,-1,1,1,1.5,e,-1.5,-1
pi,pi,17,5,-29117.833988,2.034450e-02,2,2,1.5,f,-0.5,-1,1,1,1.5,e,-0.5,-1
pi,pi,18,6,-29117.772617,1.962087e-02,2,2,1.5,f,+0.5,-1,1,1,1.5,e,+0.5,-1
pi,pi,19,7,-29117.708977,1.939031e-02,2,2,1.5,f,+1.5,-1,1,1,1.5,e,+1.5,-1
pi,pi,27,4,-29109.656906,7.941011e-02,2,2,2.5,f,-1.5,-1,1,1,1.5,e,-1.5,-1
pi,pi,28,5,-29109.534406,1.410253e-02,2,2,2.5,f,-0.5,-1,1,1,1.5,e,-0.5,-1
pi,pi,29,6,-29109.410012,1.260745e-02,2,2,2.5,f,+0.5,-1,1,1,1.5,e,+0.5,-1
pi,pi,30,7,-29109.283822,8.062097e-02,2,2,2.5,f,+1.5,-1,1,1,1.5,e,+1.5,-1
pi,pi,17,0,-29102.907424,3.874194e-02,2,2,1.5,f,-0.5,-1,1,1,0.5,e,-0.5,-1
pi,pi,18,1,-29102.595644,4.128233e-02,2,2,1.5,f,+0.5,-1,1,1,0.5,e,+0.5,-1
pi,pi,12,8,-29096.716909,2.062562e-02,2,2,1.5,e,-1.5,+1,1,1,1.5,f,-1.5,+1
pi,pi,13,9,-29096.668611,2.032264e-02,2,2,1.5,e,-0.5,+1,1,1,1.5,f,-0.5,+1
pi,pi,14,10,-29096.617982,1.964154e-02,2,2,1.5,e,+0.5,+1,1,1,1.5,f,+0.5,+1
pi,pi,15,11,-29096.565126,1.936894e-02,2,2,1.5,e,+1.5,+1,1,1,1.5,f,+1.5,+1
pi,pi,28,0,-29094.607842,2.679973e-02,2,2,2.5,f,-0.5,-1,1,1,0.5,e,-0.5,-1
pi,pi,29,1,-29094.233038,2.647649e-02,2,2,2.5,f,+0.5,-1,1,1,0.5,e,+0.5,-1
pi,pi,21,8,-29088.484215,7.938717e-02,2,2,2.5,e,-1.5,+1,1,1,1.5,f,-1.5,+1
pi,pi,22,9,-29088.370073,1.410696e-02,2,2,2.5,e,-0.5,+1,1,1,1.5,f,-0.5,+1
pi,pi,23,10,-29088.254120,1.260336e-02,2,2,2.5,e,+0.5,+1,1,1,1.5,f,+0.5,+1
pi,pi,24,11,-29088.136449,8.064236e-02,2,2,2.5,e,+1.5,+1,1,1,1.5,f,+1.5,+1
pi,pi,13,2,-29081.740255,3.873022e-02,2,2,1.5,e,-0.5,+1,1,1,0.5,f,-0.5,+1
pi,pi,14,3,-29081.443050,4.129448e-02,2,2,1.5,e,+0.5,+1,1,1,0.5,f,+0.5,+1
pi,pi,22,2,-29073.441717,2.682888e-02,2,2,2.5,e,-0.5,+1,1,1,0.5,f,-0.5,+1
pi,pi,23,3,-29073.079189,2.644781e-02,2,2,2.5,e,+0.5,+1,1,1,0.5,f,+0.5,+1
pi,pi,1,6,-15.176973,1.309257e-02,1,1,0.5,e,+0.5,-1,1,1,1.5,e,+0.5,-1
pi,pi,3,10,-15.174932,1.309608e-02,1,1,0.5,f,+0.5,+1,1,1,1.5,f,+0.5,+1
pi,pi,2,9,-14.928356,1.353404e-02,1,1,0.5,f,-0.5,+1,1,1,1.5,f,-0.5,+1
pi,pi,0,5,-14.926564,1.353730e-02,1,1,0.5,e,-0.5,-1,1,1,1.5,e,-0.5,-1
pi,pi,15,24,-8.428677,4.777902e-03,2,2,1.5,e,+1.5,+1,2,2,2.5,e,+1.5,+1
pi,pi,19,30,-8.425155,4.781919e-03,2,2,1.5,f,+1.5,-1,2,2,2.5,f,+1.5,-1
pi,pi,14,23,-8.363862,8.086500e-04,2,2,1.5,e,+0.5,+1,2,2,2.5,e,+0.5,+1
pi,pi,18,29,-8.362605,8.088980e-04,2,2,1.5,f,+0.5,-1,2,2,2.5,f,+0.5,-1
pi,pi,17,28,-8.299582,8.213256e-04,2,2,1.5,f,-0.5,-1,2,2,2.5,f,-0.5,-1
pi,pi,13,22,-8.298538,8.215321e-04,2,2,1.5,e,-0.5,+1,2,2,2.5,e,-0.5,+1
pi,pi,16,27,-8.236074,5.003901e-03,2,2,1.5,f,-1.5,-1,2,2,2.5,f,-1.5,-1
pi,pi,12,21,-8.232694,5.008001e-03,2,2,1.5,e,-1.5,+1,2,2,2.5,e,-1.5,+1
pi,pi,37,50,-5.875504,4.962587e-03,3,3,2.5,e,+2.5,-1,3,3,3.5,e,+2.5,-1
pi,pi,43,58,-5.871343,4.969647e-03,3,3,2.5,f,+2.5,+1,3,3,3.5,f,+2.5,+1
pi,pi,36,49,-5.844323,3.009422e-03,3,3,2.5,e,+1.5,-1,3,3,3.5,e,+1.5,-1
pi,pi,42,57,-5.841771,3.012064e-03,3,3,2.5,f,+1.5,+1,3,3,3.5,f,+1.5,+1
pi,pi,35,48,-5.812974,4.055938e-04,3,3,2.5,e,+0.5,-1,3,3,3.5,e,+0.5,-1
pi,pi,41,56,-5.812048,4.057251e-04,3,3,2.5,f,+0.5,+1,3,3,3.5,f,+0.5,+1
pi,pi,40,55,-5.782172,4.099430e-04,3,3,2.5,f,-0.5,+1,3,3,3.5,f,-0.5,+1
pi,pi,34,47,-5.781455,4.100447e-04,3,3,2.5,e,-0.5,-1,3,3,3.5,e,-0.5,-1
pi,pi,39,54,-5.752140,3.106748e-03,3,3,2.5,f,-1.5,+1,3,3,3.5,f,-1.5,+1
pi,pi,33,46,-5.749762,3.109316e-03,3,3,2.5,e,-1.5,-1,3,3,3.5,e,-1.5,-1
pi,pi,38,53,-5.721950,5.232717e-03,3,3,2.5,f,-2.5,+1,3,3,3.5,f,-2.5,+1
pi,pi,32,45,-5.717893,5.240143e-03,3,3,2.5,e,-2.5,-1,3,3,3.5,e,-2.5,-1
pi,pi,67,84,-4.505138,3.428724e-03,4,4,3.5,e,+3.5,+1,4,4,4.5,e,+3.5,+1
pi,pi,75,94,-4.500619,3.435631e-03,4,4,3.5,f,+3.5,-1,4,4,4.5,f,+3.5,-1
pi,pi,66,83,-4.485594,3.088115e-03,4,4,3.5,e,+2.5,+1,4,4,4.5,e,+2.5,+1
pi,pi,74,93,-4.482321,3.092641e-03,4,4,3.5,f,+2.5,-1,4,4,4.5,f,+2.5,-1
pi,pi,65,82,-4.465965,1.441958e-03,4,4,3.5,e,+1.5,+1,4,4,4.5,e,+1.5,+1
pi,pi,73,92,-4.463948,1.443267e-03,4,4,3.5,f,+1.5,-1,4,4,4.5,f,+1.5,-1
pi,pi,64,81,-4.446248,1.796027e-04,4,4,3.5,e,+0.5,+1,4,4,4.5,e,+0.5,+1
pi,pi,72,91,-4.445498,1.796641e-04,4,4,3.5,f,+0.5,-1,4,4,4.5,f,+0.5,-1
pi,pi,71,90,-4.426972,1.811722e-04,4,4,3.5,f,-0.5,-1,4,4,4.5,f,-0.5,-1
pi,pi,63,80,-4.426444,1.812155e-04,4,4,3.5,e,-0.5,+1,4,4,4.5,e,-0.5,+1
pi,pi,70,89,-4.408367,1.479915e-03,4,4,3.5,f,-1.5,-1,4,4,4.5,f,-1.5,-1
pi,pi,62,79,-4.406550,1.481136e-03,4,4,3.5,e,-1.5,+1,4,4,4.5,e,-1.5,+1
pi,pi,69,88,-4.389684,3.224641e-03,4,4,3.5,f,-2.5,-1,4,4,4.5,f,-2.5,-1
pi,pi,61,78,-4.386566,3.229227e-03,4,4,3.5,e,-2.5,+1,4,4,4.5,e,-2.5,+1
pi,pi,68,87,-4.370920,3.642693e-03,4,4,3.5,f,-3.5,-1,4,4,4.5,f,-3.5,-1
pi,pi,60,77,-4.366490,3.650091e-03,4,4,3.5,e,-3.5,+1,4,4,4.5,e,-3.5,+1
pi,pi,105,126,-3.641997,2.292667e-03,5,5,4.5,e,+4.5,-1,5,5,5.5,e,+4.5,-1
pi,pi,115,138,-3.637249,2.298669e-03,5,5,4.5,f,+4.5,+1,5,5,5.5,f,+4.5,+1
pi,pi,104,125,-3.627943,2.515851e-03,5,5,4.5,e,+3.5,-1,5,5,5.5,e,+3.5,-1
pi,pi,114,137,-3.624210,2.521049e-03,5,5,4.5,f,+3.5,+1,5,5,5.5,f,+3.5,+1
pi,pi,103,124,-3.613835,1.724861e-03,5,5,4.5,e,+2.5,-1,5,5,5.5,e,+2.5,-1
pi,pi,113,136,-3.611124,1.727460e-03,5,5,4.5,f,+2.5,+1,5,5,5.5,f,+2.5,+1
pi,pi,102,123,-3.599671,7.301580e-04,5,5,4.5,e,+1.5,-1,5,5,5.5,e,+1.5,-1
pi,pi,112,135,-3.597990,7.308435e-04,5,5,4.5,f,+1.5,+1,5,5,5.5,f,+1.5,+1
pi,pi,101,122,-3.585452,8.761509e-05,5,5,4.5,e,+0.5,-1,5,5,5.5,e,+0.5,-1
pi,pi,111,134,-3.584808,8.764693e-05,5,5,4.5,f,+0.5,+1,5,5,5.5,f,+0.5,+1
pi,pi,110,133,-3.571577,8.829688e-05,5,5,4.5,f,-0.5,+1,5,5,5.5,f,-0.5,+1
pi,pi,100,121,-3.571176,8.831676e-05,5,5,4.5,e,-0.5,-1,5,5,5.5,e,-0.5,-1
pi,pi,109,132,-3.558297,7.472464e-04,5,5,4.5,f,-1.5,+1,5,5,5.5,f,-1.5,+1
pi,pi,99,120,-3.556842,7.478578e-04,5,5,4.5,e,-1.5,-1,5,5,5.5,e,-1.5,-1
pi,pi,108,131,-3.544968,1.792572e-03,5,5,4.5,f,-2.5,+1,5,5,5.5,f,-2.5,+1
pi,pi,98,119,-3.542450,1.795121e-03,5,5,4.5,e,-2.5,-1,5,5,5.5,e,-2.5,-1
pi,pi,107,130,-3.531587,2.655099e-03,5,5,4.5,f,-3.5,+1,5,5,5.5,f,-3.5,+1
pi,pi,97,118,-3.528000,2.660504e-03,5,5,4.5,e,-3.5,-1,5,5,5.5,e,-3.5,-1
pi,pi,106,129,-3.518156,2.457020e-03,5,5,4.5,f,-4.5,+1,5,5,5.5,f,-4.5,+1
pi,pi,96,117,-3.513489,2.463556e-03,5,5,4.5,e,-4.5,-1,5,5,5.5,e,-4.5,-1
pi,pi,0,0,0.000000,7.541419e-06,1,1,0.5,e,-0.5,-1,1,1,0.5,e,-0.5,-1
pi,pi,1,1,0.000000,7.173015e-06,1,1,0.5,e,+0.5,-1,1,1,0.5,e,+0.5,-1
pi,pi,2,2,0.000000,7.308627e-06,1,1,0.5,f,-0.5,+1,1,1,0.5,f,-0.5,+1
pi,pi,3,3,0.000000,6.956895e-06,1,1,0.5,f,+0.5,+1,1,1,0.5,f,+0.5,+1
pi,pi,4,4,0.000000,6.681346e-03,1,1,1.5,e,-1.5,-1,1,1,1.5,e,-1.5,-1
pi,pi,5,5,0.000000,6.238268e-03,1,1,1.5,e,-0.5,-1,1,1,1.5,e,-0.5,-1
pi,pi,6,6,0.000000,7.126356e-03,1,1,1.5,e,+0.5,-1,1,1,1.5,e,+0.5,-1
pi,pi,7,7,0.000000,6.679609e-03,1,1,1.5,e,+1.5,-1,1,1,1.5,e,+1.5,-1
pi,pi,8,8,0.000000,6.681372e-03,1,1,1.5,f,-1.5,+1,1,1,1.5,f,-1.5,+1
pi,pi,9,9,0.000000,6.245012e-03,1,1,1.5,f,-0.5,+1,1,1,1.5,f,-0.5,+1
pi,pi,10,10,0.000000,7.119521e-03,1,1,1.5,f,+0.5,+1,1,1,1.5,f,+0.5,+1
pi,pi,11,11,0.000000,6.679603e-03,1,1,1.5,f,+1.5,+1,1,1,1.5,f,+1.5,+1
pi,pi,12,12,0.000000,6.498803e-03,2,2,1.5,e,-1.5,+1,2,2,1.5,e,-1.5,+1
pi,pi,13,13,0.000000,6.770737e-03,2,2,1.5,e,-0.5,+1,2,2,1.5,e,-0.5,+1
pi,pi,14,14,0.000000,6.591901e-03,2,2,1.5,e,+0.5,+1,2,2,1.5,e,+0.5,+1
pi,pi,15,15,0.000000,6.858258e-03,2,2,1.5,e,+1.5,+1,2,2,1.5,e,+1.5,+1
pi,pi,16,16,0.000000,6.505240e-03,2,2,1.5,f,-1.5,-1,2,2,1.5,f,-1.5,-1
pi,pi,17,17,0.000000,6.767522e-03,2,2,1.5,f,-0.5,-1,2,2,1.5,f,-0.5,-1
pi,pi,18,18,0.000000,6.594981e-03,2,2,1.5,f,+0.5,-1,2,2,1.5,f,+0.5,-1
pi,pi,19,19,0.000000,6.852072e-03,2,2,1.5,f,+1.5,-1,2,2,1.5,f,+1.5,-1
pi,pi,20,20,0.000000,1.359657e-02,2,2,2.5,e,-2.5,+1,2,2,2.5,e,-2.5,+1
pi,pi,21,21,0.000000,4.928771e-04,2,2,2.5,e,-1.5,+1,2,2,2.5,e,-1.5,+1
pi,pi,22,22,0.000000,8.599113e-03,2,2,2.5,e,-0.5,+1,2,2,2.5,e,-0.5,+1
pi,pi,23,23,0.000000,8.804561e-03,2,2,2.5,e,+0.5,+1,2,2,2.5,e,+0.5,+1
pi,pi,24,24,0.000000,5.955089e-04,2,2,2.5,e,+1.5,+1,2,2,2.5,e,+1.5,+1
pi,pi,25,25,0.000000,1.359762e-02,2,2,2.5,e,+2.5,+1,2,2,2.5,e,+2.5,+1
pi,pi,26,26,0.000000,1.359655e-02,2,2,2.5,f,-2.5,-1,2,2,2.5,f,-2.5,-1
pi,pi,27,27,0.000000,4.946631e-04,2,2,2.5,f,-1.5,-1,2,2,2.5,f,-1.5,-1
pi,pi,28,28,0.000000,8.602748e-03,2,2,2.5,f,-0.5,-1,2,2,2.5,f,-0.5,-1
pi,pi,29,29,0.000000,8.800956e-03,2,2,2.5,f,+0.5,-1,2,2,2.5,f,+0.5,-1
pi,pi,30,30,0.000000,5.936791e-04,2,2,2.5,f,+1.5,-1,2,2,2.5,f,+1.5,-1
pi,pi,31,31,0.000000,1.359762e-02,2,2,2.5,f,+2.5,-1,2,2,2.5,f,+2.5,-1
pi,pi,32,32,0.000000,3.028526e-02,3,3,2.5,e,-2.5,-1,3,3,2.5,e,-2.5,-1
pi,pi,33,33,0.000000,1.293320e-03,3,3,2.5,e,-1.5,-1,3,3,2.5,e,-1.5,-1
pi,pi,34,34,0.000000,1.970691e-02,3,3,2.5,e,-0.5,-1,3,3,2.5,e,-0.5,-1
pi,pi,35,35,0.000000,1.949397e-02,3,3,2.5,e,+0.5,-1,3,3,2.5,e,+0.5,-1
pi,pi,36,36,0.000000,1.160105e-03,3,3,2.5,e,+1.5,-1,3,3,2.5,e,+1.5,-1
pi,pi,37,37,0.000000,3.095252e-02,3,3,2.5,e,+2.5,-1,3,3,2.5,e,+2.5,-1
pi,pi,38,38,0.000000,3.030322e-02,3,3,2.5,f,-2.5,+1,3,3,2.5,f,-2.5,+1
pi,pi,39,39,0.000000,1.289671e-03,3,3,2.5,f,-1.5,+1,3,3,2.5,f,-1.5,+1
pi,pi,40,40,0.000000,1.970130e-02,3,3,2.5,f,-0.5,+1,3,3,2.5,f,-0.5,+1
pi,pi,41,41,0.000000,1.949945e-02,3,3,2.5,f,+0.5,+1,3,3,2.5,f,+0.5,+1
pi,pi,42,42,0.000000,1.163403e-03,3,3,2.5,f,+1.5,+1,3,3,2.5,f,+1.5,+1
pi,pi,43,43,0.000000,3.093573e-02,3,3,2.5,f,+2.5,+1,3,3,2.5,f,+2.5,+1
pi,pi,44,44,0.000000,4.165903e-02,3,3,3.5,e,-3.5,-1,3,3,3.5,e,-3.5,-1
pi,pi,45,45,0.000000,9.078654e-04,3,3,3.5,e,-2.5,-1,3,3,3.5,e,-2.5,-1
pi,pi,46,46,0.000000,7.483849e-03,3,3,3.5,e,-1.5,-1,3,3,3.5,e,-1.5,-1
pi,pi,47,47,0.000000,2.114335e-02,3,3,3.5,e,-0.5,-1,3,3,3.5,e,-0.5,-1
pi,pi,48,48,0.000000,2.136571e-02,3,3,3.5,e,+0.5,-1,3,3,3.5,e,+0.5,-1
pi,pi,49,49,0.000000,7.817371e-03,3,3,3.5,e,+1.5,-1,3,3,3.5,e,+1.5,-1
pi,pi,50,50,0.000000,7.966060e-04,3,3,3.5,e,+2.5,-1,3,3,3.5,e,+2.5,-1
pi,pi,51,51,0.000000,4.165992e-02,3,3,3.5,e,+3.5,-1,3,3,3.5,e,+3.5,-1
pi,pi,52,52,0.000000,4.165900e-02,3,3,3.5,f,-3.5,+1,3,3,3.5,f,-3.5,+1
pi,pi,53,53,0.000000,9.047463e-04,3,3,3.5,f,-2.5,+1,3,3,3.5,f,-2.5,+1
pi,pi,54,54,0.000000,7.492666e-03,3,3,3.5,f,-1.5,+1,3,3,3.5,f,-1.5,+1
pi,pi,55,55,0.000000,2.114917e-02,3,3,3.5,f,-0.5,+1,3,3,3.5,f,-0.5,+1
pi,pi,56,56,0.000000,2.135993e-02,3,3,3.5,f,+0.5,+1,3,3,3.5,f,+0.5,+1
pi,pi,57,57,0.000000,7.808780e-03,3,3,3.5,f,+1.5,+1,3,3,3.5,f,+1.5,+1
pi,pi,58,58,0.000000,7.993091e-04,3,3,3.5,f,+2.5,+1,3,3,3.5,f,+2.5,+1
pi,pi,59,59,0.000000,4.165993e-02,3,3,3.5,f,+3.5,+1,3,3,3.5,f,+3.5,+1
pi,pi,60,60,0.000000,5.317084e-02,4,4,3.5,e,-3.5,+1,4,4,3.5,e,-3.5,+1
pi,pi,61,61,0.000000,1.030148e-03,4,4,3.5,e,-2.5,+1,4,4,3.5,e,-2.5,+1
pi,pi,62,62,0.000000,9.977064e-03,4,4,3.5,e,-1.5,+1,4,4,3.5,e,-1.5,+1
pi,pi,63,63,0.000000,2.739856e-02,4,4,3.5,e,-0.5,+1,4,4,3.5,e,-0.5,+1
pi,pi,64,64,0.000000,2.722124e-02,4,4,3.5,e,+0.5,+1,4,4,3.5,e,+0.5,+1
pi,pi,65,65,0.000000,9.689737e-03,4,4,3.5,e,+1.5,+1,4,4,3.5,e,+1.5,+1
pi,pi,66,66,0.000000,1.154299e-03,4,4,3.5,e,+2.5,+1,4,4,3.5,e,+2.5,+1
pi,pi,67,67,0.000000,5.386732e-02,4,4,3.5,e,+3.5,+1,4,4,3.5,e,+3.5,+1
pi,pi,68,68,0.000000,5.319426e-02,4,4,3.5,f,-3.5,-1,4,4,3.5,f,-3.5,-1
pi,pi,69,69,0.000000,1.034171e-03,4,4,3.5,f,-2.5,-1,4,4,3.5,f,-2.5,-1
pi,pi,70,70,0.000000,9.967543e-03,4,4,3.5,f,-1.5,-1,4,4,3.5,f,-1.5,-1
pi,pi,71,71,0.000000,2.739278e-02,4,4,3.5,f,-0.5,-1,4,4,3.5,f,-0.5,-1
pi,pi,72,72,0.000000,2.722691e-02,4,4,3.5,f,+0.5,-1,4,4,3.5,f,+0.5,-1
pi,pi,73,73,0.000000,9.698761e-03,4,4,3.5,f,+1.5,-1,4,4,3.5,f,+1.5,-1
pi,pi,74,74,0.000000,1.150315e-03,4,4,3.5,f,+2.5,-1,4,4,3.5,f,+2.5,-1
pi,pi,75,75,0.000000,5.384578e-02,4,4,3.5,f,+3.5,-1,4,4,3.5,f,+3.5,-1
pi,pi,76,76,0.000000,6.368619e-02,4,4,4.5,e,-4.5,+1,4,4,4.5,e,-4.5,+1
pi,pi,77,77,0.000000,7.206418e-03,4,4,4.5,e,-3.5,+1,4,4,4.5,e,-3.5,+1
pi,pi,78,78,0.000000,1.689549e-03,4,4,4.5,e,-2.5,+1,4,4,4.5,e,-2.5,+1
pi,pi,79,79,0.000000,1.573726e-02,4,4,4.5,e,-1.5,+1,4,4,4.5,e,-1.5,+1
pi,pi,80,80,0.000000,2.821448e-02,4,4,4.5,e,-0.5,+1,4,4,4.5,e,-0.5,+1
pi,pi,81,81,0.000000,2.839527e-02,4,4,4.5,e,+0.5,+1,4,4,4.5,e,+0.5,+1
pi,pi,82,82,0.000000,1.610336e-02,4,4,4.5,e,+1.5,+1,4,4,4.5,e,+1.5,+1
pi,pi,83,83,0.000000,1.847710e-03,4,4,4.5,e,+2.5,+1,4,4,4.5,e,+2.5,+1
pi,pi,84,84,0.000000,6.953204e-03,4,4,4.5,e,+3.5,+1,4,4,4.5,e,+3.5,+1
pi,pi,85,85,0.000000,6.368680e-02,4,4,4.5,e,+4.5,+1,4,4,4.5,e,+4.5,+1
pi,pi,86,86,0.000000,6.368616e-02,4,4,4.5,f,-4.5,-1,4,4,4.5,f,-4.5,-1
pi,pi,87,87,0.000000,7.197777e-03,4,4,4.5,f,-3.5,-1,4,4,4.5,f,-3.5,-1
pi,pi,88,88,0.000000,1.694714e-03,4,4,4.5,f,-2.5,-1,4,4,4.5,f,-2.5,-1
pi,pi,89,89,0.000000,1.574925e-02,4,4,4.5,f,-1.5,-1,4,4,4.5,f,-1.5,-1
pi,pi,90,90,0.000000,2.822035e-02,4,4,4.5,f,-0.5,-1,4,4,4.5,f,-0.5,-1
pi,pi,91,91,0.000000,2.838946e-02,4,4,4.5,f,+0.5,-1,4,4,4.5,f,+0.5,-1
pi,pi,92,92,0.000000,1.609170e-02,4,4,4.5,f,+1.5,-1,4,4,4.5,f,+1.5,-1
pi,pi,93,93,0.000000,1.842655e-03,4,4,4.5,f,+2.5,-1,4,4,4.5,f,+2.5,-1
pi,pi,94,94,0.000000,6.960959e-03,4,4,4.5,f,+3.5,-1,4,4,4.5,f,+3.5,-1
pi,pi,95,95,0.000000,6.368681e-02,4,4,4.5,f,+4.5,-1,4,4,4.5,f,+4.5,-1
pi,pi,96,96,0.000000,7.107235e-02,5,5,4.5,e,-4.5,-1,5,5,4.5,e,-4.5,-1
pi,pi,97,97,0.000000,7.778457e-03,5,5,4.5,e,-3.5,-1,5,5,4.5,e,-3.5,-1
pi,pi,98,98,0.000000,2.058500e-03,5,5,4.5,e,-2.5,-1,5,5,4.5,e,-2.5,-1
pi,pi,99,99,0.000000,1.800773e-02,5,5,4.5,e,-1.5,-1,5,5,4.5,e,-1.5,-1
pi,pi,100,100,0.000000,3.181121e-02,5,5,4.5,e,-0.5,-1,5,5,4.5,e,-0.5,-1
pi,pi,101,101,0.000000,3.166507e-02,5,5,4.5,e,+0.5,-1,5,5,4.5,e,+0.5,-1
pi,pi,102,102,0.000000,1.770080e-02,5,5,4.5,e,+1.5,-1,5,5,4.5,e,+1.5,-1
pi,pi,103,103,0.000000,1.912271e-03,5,5,4.5,e,+2.5,-1,5,5,4.5,e,+2.5,-1
pi,pi,104,104,0.000000,8.085531e-03,5,5,4.5,e,+3.5,-1,5,5,4.5,e,+3.5,-1
pi,pi,105,105,0.000000,7.173112e-02,5,5,4.5,e,+4.5,-1,5,5,4.5,e,+4.5,-1
pi,pi,106,106,0.000000,7.109769e-02,5,5,4.5,f,-4.5,+1,5,5,4.5,f,-4.5,+1
pi,pi,107,107,0.000000,7.790056e-03,5,5,4.5,f,-3.5,+1,5,5,4.5,f,-3.5,+1
pi,pi,108,108,0.000000,2.052890e-03,5,5,4.5,f,-2.5,+1,5,5,4.5,f,-2.5,+1
pi,pi,109,109,0.000000,1.799624e-02,5,5,4.5,f,-1.5,+1,5,5,4.5,f,-1.5,+1
pi,pi,110,110,0.000000,3.180581e-02,5,5,4.5,f,-0.5,+1,5,5,4.5,f,-0.5,+1
pi,pi,111,111,0.000000,3.167038e-02,5,5,4.5,f,+0.5,+1,5,5,4.5,f,+0.5,+1
pi,pi,112,112,0.000000,1.771180e-02,5,5,4.5,f,+1.5,+1,5,5,4.5,f,+1.5,+1
pi,pi,113,113,0.000000,1.917381e-03,5,5,4.5,f,+2.5,+1,5,5,4.5,f,+2.5,+1
pi,pi,114,114,0.000000,8.074629e-03,5,5,4.5,f,+3.5,+1,5,5,4.5,f,+3.5,+1
pi,pi,115,115,0.000000,7.170816e-02,5,5,4.5,f,+4.5,+1,5,5,4.5,f,+4.5,+1
pi,pi,116,116,0.000000,7.987804e-02,5,5,5.5,e,-5.5,-1,5,5,5.5,e,-5.5,-1
pi,pi,117,117,0.000000,1.666673e-02,5,5,5.5,e,-4.5,-1,5,5,5.5,e,-4.5,-1
pi,pi,118,118,0.000000,3.623030e-05,5,5,5.5,e,-3.5,-1,5,5,5.5,e,-3.5,-1
pi,pi,119,119,0.000000,7.486415e-03,5,5,5.5,e,-2.5,-1,5,5,5.5,e,-2.5,-1
pi,pi,120,120,0.000000,2.203497e-02,5,5,5.5,e,-1.5,-1,5,5,5.5,e,-1.5,-1
pi,pi,121,121,0.000000,3.227338e-02,5,5,5.5,e,-0.5,-1,5,5,5.5,e,-0.5,-1
pi,pi,122,122,0.000000,3.242105e-02,5,5,5.5,e,+0.5,-1,5,5,5.5,e,+0.5,-1
pi,pi,123,123,0.000000,2.237757e-02,5,5,5.5,e,+1.5,-1,5,5,5.5,e,+1.5,-1
pi,pi,124,124,0.000000,7.773329e-03,5,5,5.5,e,+2.5,-1,5,5,5.5,e,+2.5,-1
pi,pi,125,125,0.000000,1.844130e-05,5,5,5.5,e,+3.5,-1,5,5,5.5,e,+3.5,-1
pi,pi,126,126,0.000000,1.635011e-02,5,5,5.5,e,+4.5,-1,5,5,5.5,e,+4.5,-1
pi,pi,127,127,0.000000,7.987846e-02,5,5,5.5,e,+5.5,-1,5,5,5.5,e,+5.5,-1
pi,pi,128,128,0.000000,7.987802e-02,5,5,5.5,f,-5.5,+1,5,5,5.5,f,-5.5,+1
pi,pi,129,129,0.000000,1.665443e-02,5,5,5.5,f,-4.5,+1,5,5,5.5,f,-4.5,+1
pi,pi,130,130,0.000000,3.544168e-05,5,5,5.5,f,-3.5,+1,5,5,5.5,f,-3.5,+1
pi,pi,131,131,0.000000,7.497146e-03,5,5,5.5,f,-2.5,+1,5,5,5.5,f,-2.5,+1
pi,pi,132,132,0.000000,2.204770e-02,5,5,5.5,f,-1.5,+1,5,5,5.5,f,-1.5,+1
pi,pi,133,133,0.000000,3.227882e-02,5,5,5.5,f,-0.5,+1,5,5,5.5,f,-0.5,+1
pi,pi,134,134,0.000000,3.241565e-02,5,5,5.5,f,+0.5,+1,5,5,5.5,f,+0.5,+1
pi,pi,135,135,0.000000,2.236517e-02,5,5,5.5,f,+1.5,+1,5,5,5.5,f,+1.5,+1
pi,pi,136,136,0.000000,7.763012e-03,5,5,5.5,f,+2.5,+1,5,5,5.5,f,+2.5,+1
pi,pi,137,137,0.000000,1.896688e-05,5,5,5.5,f,+3.5,+1,5,5,5.5,f,+3.5,+1
pi,pi,138,138,0.000000,1.636108e-02,5,5,5.5,f,+4.5,+1,5,5,5.5,f,+4.5,+1
pi,pi,139,139,0.000000,7.987847e-02,5,5,5.5,f,+5.5,+1,5,5,5.5,f,+5.5,+1
pi,pi,117,96,3.513489,2.463556e-03,5,5,5.5,e,-4.5,-1,5,5,4.5,e,-4.5,-1
pi,pi,129,106,3.518156,2.457020e-03,5,5,5.5,f,-4.5,+1,5,5,4.5,f,-4.5,+1
pi,pi,118,97,3.528000,2.660504e-03,5,5,5.5,e,-3.5,-1,5,5,4.5,e,-3.5,-1
pi,pi,130,107,3.531587,2.655099e-03,5,5,5.5,f,-3.5,+1,5,5,4.5,f,-3.5,+1
pi,pi,119,98,3.542450,1.795121e-03,5,5,5.5,e,-2.5,-1,5,5,4.5,e,-2.5,-1
pi,pi,131,108,3.544968,1.792572e-03,5,5,5.5,f,-2.5,+1,5,5,4.5,f,-2.5,+1
pi,pi,120,99,3.556842,7.478578e-04,5,5,5.5,e,-1.5,-1,5,5,4.5,e,-1.5,-1
pi,pi,132,109,3.558297,7.472464e-04,5,5,5.5,f,-1.5,+1,5,5,4.5,f,-1.5,+1
pi,pi,121,100,3.571176,8.831676e-05,5,5,5.5,e,-0.5,-1,5,5,4.5,e,-0.5,-1
pi,pi,133,110,3.571577,8.829688e-05,5,5,5.5,f,-0.5,+1,5,5,4.5,f,-0.5,+1
pi,pi,134,111,3.584808,8.764693e-05,5,5,5.5,f,+0.5,+1,5,5,4.5,f,+0.5,+1
pi,pi,122,101,3.585452,8.761509e-05,5,5,5.5,e,+0.5,-1,5,5,4.5,e,+0.5,-1
pi,pi,135,112,3.597990,7.308435e-04,5,5,5.5,f,+1.5,+1,5,5,4.5,f,+1.5,+1
pi,pi,123,102,3.599671,7.301580e-04,5,5,5.5,e,+1.5,-1,5,5,4.5,e,+1.5,-1
pi,pi,136,113,3.611124,1.727460e-03,5,5,5.5,f,+2.5,+1,5,5,4.5,f,+2.5,+1
pi,pi,124,103,3.613835,1.724861e-03,5,5,5.5,e,+2.5,-1,5,5,4.5,e,+2.5,-1
pi,pi,137,114,3.624210,2.521049e-03,5,5,5.5,f,+3.5,+1,5,5,4.5,f,+3.5,+1
pi,pi,125,104,3.627943,2.515851e-03,5,5,5.5,e,+3.5,-1,5,5,4.5,e,+3.5,-1
pi,pi,138,115,3.637249,2.298669e-03,5,5,5.5,f,+4.5,+1,5,5,4.5,f,+4.5,+1
pi,pi,126,105,3.641997,2.292667e-03,5,5,5.5,e,+4.5,-1,5,5,4.5,e,+4.5,-1
pi,pi,77,60,4.366490,3.650091e-03,4,4,4.5,e,-3.5,+1,4,4,3.5,e,-3.5,+1
pi,pi,87,68,4.370920,3.642693e-03,4,4,4.5,f,-3.5,-1,4,4,3.5,f,-3.5,-1
pi,pi,78,61,4.386566,3.229227e-03,4,4,4.5,e,-2.5,+1,4,4,3.5,e,-2.5,+1
pi,pi,88,69,4.389684,3.224641e-03,4,4,4.5,f,-2.5,-1,4,4,3.5,f,-2.5,-1
pi,pi,79,62,4.406550,1.481136e-03,4,4,4.5,e,-1.5,+1,4,4,3.5,e,-1.5,+1
pi,pi,89,70,4.408367,1.479915e-03,4,4,4.5,f,-1.5,-1,4,4,3.5,f,-1.5,-1
pi,pi,80,63,4.426444,1.812155e-04,4,4,4.5,e,-0.5,+1,4,4,3.5,e,-0.5,+1
pi,pi,90,71,4.426972,1.811722e-04,4,4,4.5,f,-0.5,-1,4,4,3.5,f,-0.5,-1
pi,pi,91,72,4.445498,1.796641e-04,4,4,4.5,f,+0.5,-1,4,4,3.5,f,+0.5,-1
pi,pi,81,64,4.446248,1.796027e-04,4,4,4.5,e,+0.5,+1,4,4,3.5,e,+0.5,+1
pi,pi,92,73,4.463948,1.443267e-03,4,4,4.5,f,+1.5,-1,4,4,3.5,f,+1.5,-1
pi,pi,82,65,4.465965,1.441958e-03,4,4,4.5,e,+1.5,+1,4,4,3.5,e,+1.5,+1
pi,pi,93,74,4.482321,3.092641e-03,4,4,4.5,f,+2.5,-1,4,4,3.5,f,+2.5,-1
pi,pi,83,66,4.485594,3.088115e-03,4,4,4.5,e,+2.5,+1,4,4,3.5,e,+2.5,+1
pi,pi,94,75,4.500619,3.435631e-03,4,4,4.5,f,+3.5,-1,4,4,3.5,f,+3.5,-1
pi,pi,84,67,4.505138,3.428724e-03,4,4,4.5,e,+3.5,+1,4,4,3.5,e,+3.5,+1
pi,pi,45,32,5.717893,5.240143e-03,3,3,3.5,e,-2.5,-1,3,3,2.5,e,-2.5,-1
pi,pi,53,38,5.721950,5.232717e-03,3,3,3.5,f,-2.5,+1,3,3,2.5,f,-2.5,+1
pi,pi,46,33,5.749762,3.109316e-03,3,3,3.5,e,-1.5,-1,3,3,2.5,e,-1.5,-1
pi,pi,54,39,5.752140,3.106748e-03,3,3,3.5,f,-1.5,+1,3,3,2.5,f,-1.5,+1
pi,pi,47,34,5.781455,4.100447e-04,3,3,3.5,e,-0.5,-1,3,3,2.5,e,-0.5,-1
pi,pi,55,40,5.782172,4.099430e-04,3,3,3.5,f,-0.5,+1,3,3,2.5,f,-0.5,+1
pi,pi,56,41,5.812048,4.057251e-04,3,3,3.5,f,+0.5,+1,3,3,2.5,f,+0.5,+1
pi,pi,48,35,5.812974,4.055938e-04,3,3,3.5,e,+0.5,-1,3,3,2.5,e,+0.5,-1
pi,pi,57,42,5.841771,3.012064e-03,3,3,3.5,f,+1.5,+1,3,3,2.5,f,+1.5,+1
pi,pi,49,36,5.844323,3.009422e-03,3,3,3.5,e,+1.5,-1,3,3,2.5,e,+1.5,-1
pi,pi,58,43,5.871343,4.969647e-03,3,3,3.5,f,+2.5,+1,3,3,2.5,f,+2.5,+1
pi,pi,50,37,5.875504,4.962587e-03,3,3,3.5,e,+2.5,-1,3,3,2.5,e,+2.5,-1
pi,pi,21,12,8.232694,5.008001e-03,2,2,2.5,e,-1.5,+1,2,2,1.5,e,-1.5,+1
pi,pi,27,16,8.236074,5.003901e-03,2,2,2.5,f,-1.5,-1,2,2,1.5,f,-1.5,-1
pi,pi,22,13,8.298538,8.215321e-04,2,2,2.5,e,-0.5,+1,2,2,1.5,e,-0.5,+1
pi,pi,28,17,8.299582,8.213256e-04,2,2,2.5,f,-0.5,-1,2,2,1.5,f,-0.5,-1
pi,pi,29,18,8.362605,8.088980e-04,2,2,2.5,f,+0.5,-1,2,2,1.5,f,+0.5,-1
pi,pi,23,14,8.363862,8.086500e-04,2,2,2.5,e,+0.5,+1,2,2,1.5,e,+0.5,+1
pi,pi,30,19,8.425155,4.781919e-03,2,2,2.5,f,+1.5,-1,2,2,1.5,f,+1.5,-1
pi,pi,24,15,8.428677,4.777902e-03,2,2,2.5,e,+1.5,+1,2,2,1.5,e,+1.5,+1
pi,pi,5,0,14.926564,1.353730e-02,1,1,1.5,e,-0.5,-1,1,1,0.5,e,-0.5,-1
pi,pi,9,2,14.928356,1.353404e-02,1,1,1.5,f,-0.5,+1,1,1,0.5,f,-0.5,+1
pi,pi,10,3,15.174932,1.309608e-02,1,1,1.5,f,+0.5,+1,1,1,0.5,f,+0.5,+1
pi,pi,6,1,15.176973,1.309257e-02,1,1,1.5,e,+0.5,-1,1,1,0.5,e,+0.5,-1
pi,pi,3,23,29073.079189,2.644781e-02,1,1,0.5,f,+0.5,+1,2,2,2.5,e,+0.5,+1
pi,pi,2,22,29073.441717,2.682888e-02,1,1,0.5,f,-0.5,+1,2,2,2.5,e,-0.5,+1
pi,pi,3,14,29081.443050,4.129448e-02,1,1,0.5,f,+0.5,+1,2,2,1.5,e,+0.5,+1
pi,pi,2,13,29081.740255,3.873022e-02,1,1,0.5,f,-0.5,+1,2,2,1.5,e,-0.5,+1
pi,pi,11,24,29088.136449,8.064236e-02,1,1,1.5,f,+1.5,+1,2,2,2.5,e,+1.5,+1
pi,pi,10,23,29088.254120,1.260336e-02,1,1,1.5,f,+0.5,+1,2,2,2.5,e,+0.5,+1
pi,pi,9,22,29088.370073,1.410696e-02,1,1,1.5,f,-0.5,+1,2,2,2.5,e,-0.5,+1
pi,pi,8,21,29088.484215,7.938717e-02,1,1,1.5,f,-1.5,+1,2,2,2.5,e,-1.5,+1
pi,pi,1,29,29094.233038,2.647649e-02,1,1,0.5,e,+0.5,-1,2,2,2.5,f,+0.5,-1
pi,pi,0,28,29094.607842,2.679973e-02,1,1,0.5,e,-0.5,-1,2,2,2.5,f,-0.5,-1
pi,pi,11,15,29096.565126,1.936894e-02,1,1,1.5,f,+1.5,+1,2,2,1.5,e,+1.5,+1
pi,pi,10,14,29096.617982,1.964154e-02,1,1,1.5,f,+0.5,+1,2,2,1.5,e,+0.5,+1
pi,pi,9,13,29096.668611,2.032264e-02,1,1,1.5,f,-0.5,+1,2,2,1.5,e,-0.5,+1
pi,pi,8,12,29096.716909,2.062562e-02,1,1,1.5,f,-1.5,+1,2,2,1.5,e,-1.5,+1
pi,pi,1,18,29102.595644,4.128233e-02,1,1,0.5,e,+0.5,-1,2,2,1.5,f,+0.5,-1
pi,pi,0,17,29102.907424,3.874194e-02,1,1,0.5,e,-0.5,-1,2,2,1.5,f,-0.5,-1
pi,pi,7,30,29109.283822,8.062097e-02,1,1,1.5,e,+1.5,-1,2,2,2.5,f,+1.5,-1
pi,pi,6,29,29109.410012,1.260745e-02,1,1,1.5,e,+0.5,-1,2,2,2.5,f,+0.5,-1
pi,pi,5,28,29109.534406,1.410253e-02,1,1,1.5,e,-0.5,-1,2,2,2.5,f,-0.5,-1
pi,pi,4,27,29109.656906,7.941011e-02,1,1,1.5,e,-1.5,-1,2,2,2.5,f,-1.5,-1
pi,pi,7,19,29117.708977,1.939031e-02,1,1,1.5,e,+1.5,-1,2,2,1.5,f,+1.5,-1
pi,pi,6,18,29117.772617,1.962087e-02,1,1,1.5,e,+0.5,-1,2,2,1.5,f,+0.5,-1
pi,pi,5,17,29117.833988,2.034450e-02,1,1,1.5,e,-0.5,-1,2,2,1.5,f,-0.5,-1
pi,pi,4,16,29117.892980,2.060273e-02,1,1,1.5,e,-1.5,-1,2,2,1.5,f,-1.5,-1
pi,pi,19,49,43614.144615,2.668962e-03,2,2,1.5,f,+1.5,-1,3,3,3.5,e,+1.5,-1
pi,pi,18,48,43614.238874,4.867717e-03,2,2,1.5,f,+0.5,-1,3,3,3.5,e,+0.5,-1
pi,pi,17,47,43614.333455,4.932605e-03,2,2,1.5,f,-0.5,-1,3,3,3.5,e,-0.5,-1
pi,pi,16,46,43614.428365,2.777131e-03,2,2,1.5,f,-1.5,-1,3,3,3.5,e,-1.5,-1
pi,pi,19,36,43619.988938,3.938815e-02,2,2,1.5,f,+1.5,-1,3,3,2.5,e,+1.5,-1
pi,pi,18,35,43620.051848,6.733568e-03,2,2,1.5,f,+0.5,-1,3,3,2.5,e,+0.5,-1
pi,pi,17,34,43620.114910,6.322383e-03,2,2,1.5,f,-0.5,-1,3,3,2.5,e,-0.5,-1
pi,pi,16,33,43620.178127,3.893452e-02,2,2,1.5,f,-1.5,-1,3,3,2.5,e,-1.5,-1
pi,pi,31,50,43622.537916,4.104565e-02,2,2,2.5,f,+2.5,-1,3,3,3.5,e,+2.5,-1
pi,pi,30,49,43622.569771,2.433164e-02,2,2,2.5,f,+1.5,-1,3,3,3.5,e,+1.5,-1
pi,pi,29,48,43622.601479,3.123300e-03,2,2,2.5,f,+0.5,-1,3,3,3.5,e,+0.5,-1
pi,pi,28,47,43622.633037,3.413909e-03,2,2,2.5,f,-0.5,-1,3,3,3.5,e,-0.5,-1
pi,pi,27,46,43622.664439,2.466828e-02,2,2,2.5,f,-1.5,-1,3,3,3.5,e,-1.5,-1
pi,pi,26,45,43622.695683,4.060220e-02,2,2,2.5,f,-2.5,-1,3,3,3.5,e,-2.5,-1
pi,pi,31,37,43628.413420,6.582807e-03,2,2,2.5,f,+2.5,-1,3,3,2.5,e,+2.5,-1
pi,pi,26,32,43628.413576,7.027532e-03,2,2,2.5,f,-2.5,-1,3,3,2.5,e,-2.5,-1
pi,pi,30,36,43628.414094,2.670658e-04,2,2,2.5,f,+1.5,-1,3,3,2.5,e,+1.5,-1
pi,pi,27,33,43628.414201,2.771336e-04,2,2,2.5,f,-1.5,-1,3,3,2.5,e,-1.5,-1
pi,pi,29,35,43628.414453,4.323229e-03,2,2,2.5,f,+0.5,-1,3,3,2.5,e,+0.5,-1
pi,pi,28,34,43628.414491,4.378891e-03,2,2,2.5,f,-0.5,-1,3,3,2.5,e,-0.5,-1
pi,pi,15,57,43661.736863,2.682395e-03,2,2,1.5,e,+1.5,+1,3,3,3.5,f,+1.5,+1
pi,pi,14,56,43661.842950,4.875941e-03,2,2,1.5,e,+0.5,+1,3,3,3.5,f,+0.5,+1
pi,pi,13,55,43661.949368,4.924283e-03,2,2,1.5,e,-0.5,+1,3,3,3.5,f,-0.5,+1
pi,pi,12,54,43662.056124,2.762973e-03,2,2,1.5,e,-1.5,+1,3,3,3.5,f,-1.5,+1
pi,pi,15,42,43667.578634,3.938082e-02,2,2,1.5,e,+1.5,+1,3,3,2.5,f,+1.5,+1
pi,pi,14,41,43667.654998,6.731589e-03,2,2,1.5,e,+0.5,+1,3,3,2.5,f,+0.5,+1
pi,pi,13,40,43667.731539,6.324309e-03,2,2,1.5,e,-0.5,+1,3,3,2.5,f,-0.5,+1
pi,pi,12,39,43667.808264,3.894213e-02,2,2,1.5,e,-1.5,+1,3,3,2.5,f,-1.5,+1
pi,pi,25,58,43670.124097,4.103451e-02,2,2,2.5,e,+2.5,+1,3,3,3.5,f,+2.5,+1
pi,pi,24,57,43670.165540,2.432952e-02,2,2,2.5,e,+1.5,+1,3,3,3.5,f,+1.5,+1
pi,pi,23,56,43670.206811,3.124271e-03,2,2,2.5,e,+0.5,+1,3,3,3.5,f,+0.5,+1
pi,pi,22,55,43670.247906,3.412885e-03,2,2,2.5,e,-0.5,+1,3,3,3.5,f,-0.5,+1
pi,pi,21,54,43670.288818,2.467057e-02,2,2,2.5,e,-1.5,+1,3,3,3.5,f,-1.5,+1
pi,pi,20,53,43670.329544,4.061427e-02,2,2,2.5,e,-2.5,+1,3,3,3.5,f,-2.5,+1
pi,pi,25,43,43675.995440,6.593950e-03,2,2,2.5,e,+2.5,+1,3,3,2.5,f,+2.5,+1
pi,pi,24,42,43676.007311,2.630744e-04,2,2,2.5,e,+1.5,+1,3,3,2.5,f,+1.5,+1
pi,pi,23,41,43676.018859,4.316010e-03,2,2,2.5,e,+0.5,+1,3,3,2.5,f,+0.5,+1
pi,pi,22,40,43676.030077,4.386311e-03,2,2,2.5,e,-0.5,+1,3,3,2.5,f,-0.5,+1
pi,pi,21,39,43676.040958,2.813958e-04,2,2,2.5,e,-1.5,+1,3,3,2.5,f,-1.5,+1
pi,pi,20,38,43676.051494,7.015472e-03,2,2,2.5,e,-2.5,+1,3,3,2.5,f,-2.5,+1
pi,pi,43,83,58145.957653,5.117491e-04,3,3,2.5,f,+2.5,+1,4,4,4.5,e,+2.5,+1
pi,pi,42,82,58145.997726,1.111584e-03,3,3,2.5,f,+1.5,+1,4,4,4.5,e,+1.5,+1
pi,pi,41,81,58146.037918,1.502471e-03,3,3,2.5,f,+0.5,+1,4,4,4.5,e,+0.5,+1
pi,pi,40,80,58146.078231,1.523227e-03,3,3,2.5,f,-0.5,+1,4,4,4.5,e,-0.5,+1
pi,pi,39,79,58146.118667,1.158294e-03,3,3,2.5,f,-1.5,+1,4,4,4.5,e,-1.5,+1
pi,pi,38,78,58146.159227,5.480917e-04,3,3,2.5,f,-2.5,+1,4,4,4.5,e,-2.5,+1
pi,pi,43,66,58150.443247,2.365458e-02,3,3,2.5,f,+2.5,+1,4,4,3.5,e,+2.5,+1
pi,pi,42,65,58150.463691,1.428547e-02,3,3,2.5,f,+1.5,+1,4,4,3.5,e,+1.5,+1
pi,pi,41,64,58150.484166,1.952250e-03,3,3,2.5,f,+0.5,+1,4,4,3.5,e,+0.5,+1
pi,pi,40,63,58150.504675,1.826119e-03,3,3,2.5,f,-0.5,+1,4,4,3.5,e,-0.5,+1
pi,pi,39,62,58150.525217,1.404574e-02,3,3,2.5,f,-1.5,+1,4,4,3.5,e,-1.5,+1
pi,pi,38,61,58150.545792,2.356609e-02,3,3,2.5,f,-2.5,+1,4,4,3.5,e,-2.5,+1
pi,pi,59,84,58151.818463,2.232461e-02,3,3,3.5,f,+3.5,+1,4,4,4.5,e,+3.5,+1
pi,pi,58,83,58151.828996,1.982338e-02,3,3,3.5,f,+2.5,+1,4,4,4.5,e,+2.5,+1
pi,pi,57,82,58151.839497,9.093552e-03,3,3,3.5,f,+1.5,+1,4,4,4.5,e,+1.5,+1
pi,pi,56,81,58151.849966,1.086057e-03,3,3,3.5,f,+0.5,+1,4,4,4.5,e,+0.5,+1
pi,pi,55,80,58151.860403,1.183488e-03,3,3,3.5,f,-0.5,+1,4,4,4.5,e,-0.5,+1
pi,pi,54,79,58151.870807,9.280960e-03,3,3,3.5,f,-1.5,+1,4,4,4.5,e,-1.5,+1
pi,pi,53,78,58151.881177,1.987013e-02,3,3,3.5,f,-2.5,+1,4,4,4.5,e,-2.5,+1
pi,pi,52,77,58151.891512,2.212646e-02,3,3,3.5,f,-3.5,+1,4,4,4.5,e,-3.5,+1
pi,pi,52,60,58156.258002,2.879028e-03,3,3,3.5,f,-3.5,+1,4,4,3.5,e,-3.5,+1
pi,pi,53,61,58156.267742,5.985449e-05,3,3,3.5,f,-2.5,+1,4,4,3.5,e,-2.5,+1
pi,pi,54,62,58156.277357,5.128186e-04,3,3,3.5,f,-1.5,+1,4,4,3.5,e,-1.5,+1
pi,pi,55,63,58156.286847,1.420408e-03,3,3,3.5,f,-0.5,+1,4,4,3.5,e,-0.5,+1
pi,pi,56,64,58156.296214,1.412580e-03,3,3,3.5,f,+0.5,+1,4,4,3.5,e,+0.5,+1
pi,pi,57,65,58156.305462,5.071549e-04,3,3,3.5,f,+1.5,+1,4,4,3.5,e,+1.5,+1
pi,pi,58,66,58156.314590,5.363305e-05,3,3,3.5,f,+2.5,+1,4,4,3.5,e,+2.5,+1
pi,pi,59,67,58156.323602,2.680230e-03,3,3,3.5,f,+3.5,+1,4,4,3.5,e,+3.5,+1
pi,pi,37,93,58230.568432,5.176010e-04,3,3,2.5,e,+2.5,-1,4,4,4.5,f,+2.5,-1
pi,pi,36,92,58230.620190,1.119223e-03,3,3,2.5,e,+1.5,-1,4,4,4.5,f,+1.5,-1
pi,pi,35,91,58230.672071,1.505923e-03,3,3,2.5,e,+0.5,-1,4,4,4.5,f,+0.5,-1
pi,pi,34,90,58230.724075,1.519739e-03,3,3,2.5,e,-0.5,-1,4,4,4.5,f,-0.5,-1
pi,pi,33,89,58230.776205,1.150312e-03,3,3,2.5,e,-1.5,-1,4,4,4.5,f,-1.5,-1
pi,pi,32,88,58230.828463,5.417853e-04,3,3,2.5,e,-2.5,-1,4,4,4.5,f,-2.5,-1
pi,pi,37,74,58235.050753,2.365012e-02,3,3,2.5,e,+2.5,-1,4,4,3.5,f,+2.5,-1
pi,pi,36,73,58235.084138,1.428302e-02,3,3,2.5,e,+1.5,-1,4,4,3.5,f,+1.5,-1
pi,pi,35,72,58235.117569,1.951671e-03,3,3,2.5,e,+0.5,-1,4,4,3.5,f,+0.5,-1
pi,pi,34,71,58235.151047,1.826686e-03,3,3,2.5,e,-0.5,-1,4,4,3.5,f,-0.5,-1
pi,pi,33,70,58235.184573,1.404828e-02,3,3,2.5,e,-1.5,-1,4,4,3.5,f,-1.5,-1
pi,pi,32,69,58235.218147,2.357088e-02,3,3,2.5,e,-2.5,-1,4,4,3.5,f,-2.5,-1
pi,pi,51,94,58236.423314,2.231847e-02,3,3,3.5,e,+3.5,-1,4,4,4.5,f,+3.5,-1
pi,pi,50,93,58236.443936,1.982012e-02,3,3,3.5,e,+2.5,-1,4,4,4.5,f,+2.5,-1
pi,pi,49,92,58236.464513,9.093327e-03,3,3,3.5,e,+1.5,-1,4,4,4.5,f,+1.5,-1
pi,pi,48,91,58236.485045,1.086398e-03,3,3,3.5,e,+0.5,-1,4,4,4.5,f,+0.5,-1
pi,pi,47,90,58236.505530,1.183133e-03,3,3,3.5,e,-0.5,-1,4,4,4.5,f,-0.5,-1
pi,pi,46,89,58236.525967,9.281234e-03,3,3,3.5,e,-1.5,-1,4,4,4.5,f,-1.5,-1
pi,pi,45,88,58236.546356,1.987367e-02,3,3,3.5,e,-2.5,-1,4,4,4.5,f,-2.5,-1
pi,pi,44,87,58236.566696,2.213318e-02,3,3,3.5,e,-3.5,-1,4,4,4.5,f,-3.5,-1
pi,pi,51,75,58240.923933,2.686362e-03,3,3,3.5,e,+3.5,-1,4,4,3.5,f,+3.5,-1
pi,pi,50,74,58240.926257,5.550208e-05,3,3,3.5,e,+2.5,-1,4,4,3.5,f,+2.5,-1
pi,pi,49,73,58240.928461,5.021924e-04,3,3,3.5,e,+1.5,-1,4,4,3.5,f,+1.5,-1
pi,pi,48,72,58240.930543,1.409366e-03,3,3,3.5,e,+0.5,-1,4,4,3.5,f,+0.5,-1
pi,pi,47,71,58240.932501,1.423683e-03,3,3,3.5,e,-0.5,-1,4,4,3.5,f,-0.5,-1
pi,pi,46,70,58240.934335,5.179869e-04,3,3,3.5,e,-1.5,-1,4,4,3.5,f,-1.5,-1
pi,pi,45,69,58240.936040,5.781984e-05,3,3,3.5,e,-2.5,-1,4,4,3.5,f,-2.5,-1
pi,pi,44,68,58240.937617,2.872314e-03,3,3,3.5,e,-3.5,-1,4,4,3.5,f,-3.5,-1
pi,pi,75,125,72671.086420,1.398339e-04,4,4,3.5,f,+3.5,-1,5,5,5.5,e,+3.5,-1
pi,pi,74,124,72671.107483,3.309706e-04,4,4,3.5,f,+2.5,-1,5,5,5.5,e,+2.5,-1
pi,pi,73,123,72671.128611,5.036256e-04,4,4,3.5,f,+1.5,-1,5,5,5.5,e,+1.5,-1
pi,pi,72,122,72671.149805,6.082515e-04,4,4,3.5,f,+0.5,-1,5,5,5.5,e,+0.5,-1
pi,pi,71,121,72671.171066,6.171146e-04,4,4,3.5,f,-0.5,-1,5,5,5.5,e,-0.5,-1
pi,pi,70,120,72671.192394,5.259644e-04,4,4,3.5,f,-1.5,-1,5,5,5.5,e,-1.5,-1
pi,pi,69,119,72671.213791,3.557995e-04,4,4,3.5,f,-2.5,-1,5,5,5.5,e,-2.5,-1
pi,pi,68,118,72671.235258,1.547385e-04,4,4,3.5,f,-3.5,-1,5,5,5.5,e,-3.5,-1
pi,pi,75,104,72674.714364,1.440105e-02,4,4,3.5,f,+3.5,-1,5,5,4.5,e,+3.5,-1
pi,pi,74,103,72674.721318,1.290274e-02,4,4,3.5,f,+2.5,-1,5,5,4.5,e,+2.5,-1
pi,pi,73,102,72674.728282,6.009961e-03,4,4,3.5,f,+1.5,-1,5,5,4.5,e,+1.5,-1
pi,pi,72,101,72674.735257,7.615211e-04,4,4,3.5,f,+0.5,-1,5,5,4.5,e,+0.5,-1
pi,pi,71,100,72674.742241,7.075745e-04,4,4,3.5,f,-0.5,-1,5,5,4.5,e,-0.5,-1
pi,pi,70,99,72674.749236,5.886224e-03,4,4,3.5,f,-1.5,-1,5,5,4.5,e,-1.5,-1
pi,pi,69,98,72674.756241,1.279918e-02,4,4,3.5,f,-2.5,-1,5,5,4.5,e,-2.5,-1
pi,pi,68,97,72674.763257,1.438644e-02,4,4,3.5,f,-3.5,-1,5,5,4.5,e,-3.5,-1
pi,pi,95,126,72675.584266,1.327729e-02,4,4,4.5,f,+4.5,-1,5,5,5.5,e,+4.5,-1
pi,pi,94,125,72675.587040,1.440882e-02,4,4,4.5,f,+3.5,-1,5,5,5.5,e,+3.5,-1
pi,pi,93,124,72675.589804,9.757258e-03,4,4,4.5,f,+2.5,-1,5,5,5.5,e,+2.5,-1
pi,pi,92,123,72675.592559,4.064942e-03,4,4,4.5,f,+1.5,-1,5,5,5.5,e,+1.5,-1
pi,pi,91,122,72675.595303,4.682047e-04,4,4,4.5,f,+0.5,-1,5,5,5.5,e,+0.5,-1
pi,pi,90,121,72675.598037,5.121252e-04,4,4,4.5,f,-0.5,-1,5,5,5.5,e,-0.5,-1
pi,pi,89,120,72675.600761,4.165801e-03,4,4,4.5,f,-1.5,-1,5,5,5.5,e,-1.5,-1
pi,pi,88,119,72675.603475,9.838131e-03,4,4,4.5,f,-2.5,-1,5,5,5.5,e,-2.5,-1
pi,pi,87,118,72675.606178,1.439415e-02,4,4,4.5,f,-3.5,-1,5,5,5.5,e,-3.5,-1
pi,pi,86,117,72675.608870,1.317191e-02,4,4,4.5,f,-4.5,-1,5,5,5.5,e,-4.5,-1
pi,pi,86,96,72679.122360,1.376454e-03,4,4,4.5,f,-4.5,-1,5,5,4.5,e,-4.5,-1
pi,pi,87,97,72679.134178,1.545468e-04,4,4,4.5,f,-3.5,-1,5,5,4.5,e,-3.5,-1
pi,pi,88,98,72679.145925,3.571818e-05,4,4,4.5,f,-2.5,-1,5,5,4.5,e,-2.5,-1
pi,pi,89,99,72679.157603,3.306384e-04,4,4,4.5,f,-1.5,-1,5,5,4.5,e,-1.5,-1
pi,pi,90,100,72679.169213,5.879354e-04,4,4,4.5,f,-0.5,-1,5,5,4.5,e,-0.5,-1
pi,pi,91,101,72679.180755,5.868410e-04,4,4,4.5,f,+0.5,-1,5,5,4.5,e,+0.5,-1
pi,pi,92,102,72679.192230,3.301818e-04,4,4,4.5,f,+1.5,-1,5,5,4.5,e,+1.5,-1
pi,pi,93,103,72679.203639,3.769331e-05,4,4,4.5,f,+2.5,-1,5,5,4.5,e,+2.5,-1
pi,pi,94,104,72679.214983,1.396410e-04,4,4,4.5,f,+3.5,-1,5,5,4.5,e,+3.5,-1
pi,pi,95,105,72679.226262,1.270731e-03,4,4,4.5,f,+4.5,-1,5,5,4.5,e,+4.5,-1
pi,pi,1,48,72716.834518,4.386335e-07,1,1,0.5,e,+0.5,-1,3,3,3.5,e,+0.5,-1
pi,pi,0,47,72717.240879,4.727211e-07,1,1,0.5,e,-0.5,-1,3,3,3.5,e,-0.5,-1
pi,pi,1,35,72722.647492,5.309913e-02,1,1,0.5,e,+0.5,-1,3,3,2.5,e,+0.5,-1
pi,pi,0,34,72723.022333,5.360572e-02,1,1,0.5,e,-0.5,-1,3,3,2.5,e,-0.5,-1
pi,pi,7,49,72731.853592,3.299886e-02,1,1,1.5,e,+1.5,-1,3,3,3.5,e,+1.5,-1
pi,pi,6,48,72732.011491,5.897750e-02,1,1,1.5,e,+0.5,-1,3,3,3.5,e,+0.5,-1
pi,pi,5,47,72732.167443,5.855058e-02,1,1,1.5,e,-0.5,-1,3,3,3.5,e,-0.5,-1
pi,pi,4,46,72732.321345,3.228729e-02,1,1,1.5,e,-1.5,-1,3,3,3.5,e,-1.5,-1
pi,pi,7,36,72737.697915,1.270968e-02,1,1,1.5,e,+1.5,-1,3,3,2.5,e,+1.5,-1
pi,pi,6,35,72737.824465,2.215209e-03,1,1,1.5,e,+0.5,-1,3,3,2.5,e,+0.5,-1
pi,pi,5,34,72737.948897,2.134686e-03,1,1,1.5,e,-0.5,-1,3,3,2.5,e,-0.5,-1
pi,pi,4,33,72738.071107,1.342043e-02,1,1,1.5,e,-1.5,-1,3,3,2.5,e,-1.5,-1
pi,pi,3,56,72743.286000,5.357042e-07,1,1,0.5,f,+0.5,+1,3,3,3.5,f,+0.5,+1
pi,pi,2,55,72743.689623,5.739901e-07,1,1,0.5,f,-0.5,+1,3,3,3.5,f,-0.5,+1
pi,pi,3,41,72749.098048,5.310278e-02,1,1,0.5,f,+0.5,+1,3,3,2.5,f,+0.5,+1
pi,pi,2,40,72749.471794,5.360164e-02,1,1,0.5,f,-0.5,+1,3,3,2.5,f,-0.5,+1
pi,pi,11,57,72758.301990,3.298073e-02,1,1,1.5,f,+1.5,+1,3,3,3.5,f,+1.5,+1
pi,pi,10,56,72758.460932,5.896634e-02,1,1,1.5,f,+0.5,+1,3,3,3.5,f,+0.5,+1
pi,pi,9,55,72758.617979,5.856170e-02,1,1,1.5,f,-0.5,+1,3,3,3.5,f,-0.5,+1
pi,pi,8,54,72758.773034,3.230630e-02,1,1,1.5,f,-1.5,+1,3,3,3.5,f,-1.5,+1
pi,pi,11,42,72764.143761,1.272780e-02,1,1,1.5,f,+1.5,+1,3,3,2.5,f,+1.5,+1
pi,pi,10,41,72764.272979,2.222559e-03,1,1,1.5,f,+0.5,+1,3,3,2.5,f,+0.5,+1
pi,pi,9,40,72764.400151,2.127558e-03,1,1,1.5,f,-0.5,+1,3,3,2.5,f,-0.5,+1
pi,pi,8,39,72764.525173,1.340148e-02,1,1,1.5,f,-1.5,+1,3,3,2.5,f,-1.5,+1
pi,pi,67,137,72803.295741,1.426892e-04,4,4,3.5,e,+3.5,+1,5,5,5.5,f,+3.5,+1
pi,pi,66,136,72803.328424,3.357951e-04,4,4,3.5,e,+2.5,+1,5,5,5.5,f,+2.5,+1
pi,pi,65,135,72803.361174,5.080288e-04,4,4,3.5,e,+1.5,+1,5,5,5.5,f,+1.5,+1
pi,pi,64,134,72803.393992,6.100255e-04,4,4,3.5,e,+0.5,+1,5,5,5.5,f,+0.5,+1
pi,pi,63,133,72803.426878,6.153234e-04,4,4,3.5,e,-0.5,+1,5,5,5.5,f,-0.5,+1
pi,pi,62,132,72803.459833,5.213806e-04,4,4,3.5,e,-1.5,+1,5,5,5.5,f,-1.5,+1
pi,pi,61,131,72803.492859,3.506328e-04,4,4,3.5,e,-2.5,+1,5,5,5.5,f,-2.5,+1
pi,pi,60,130,72803.525956,1.515939e-04,4,4,3.5,e,-3.5,+1,5,5,5.5,f,-3.5,+1
pi,pi,67,114,72806.919951,1.439820e-02,4,4,3.5,e,+3.5,+1,5,5,4.5,f,+3.5,+1
pi,pi,66,113,72806.939548,1.290055e-02,4,4,3.5,e,+2.5,+1,5,5,4.5,f,+2.5,+1
pi,pi,65,112,72806.959164,6.008989e-03,4,4,3.5,e,+1.5,+1,5,5,4.5,f,+1.5,+1
pi,pi,64,111,72806.978800,7.612917e-04,4,4,3.5,e,+0.5,+1,5,5,4.5,f,+0.5,+1
pi,pi,63,110,72806.998455,7.078007e-04,4,4,3.5,e,-0.5,+1,5,5,4.5,f,-0.5,+1
pi,pi,62,109,72807.018131,5.887240e-03,4,4,3.5,e,-1.5,+1,5,5,4.5,f,-1.5,+1
pi,pi,61,108,72807.037827,1.280153e-02,4,4,3.5,e,-2.5,+1,5,5,4.5,f,-2.5,+1
pi,pi,60,107,72807.057543,1.438959e-02,4,4,3.5,e,-3.5,+1,5,5,4.5,f,-3.5,+1
pi,pi,85,138,72807.787721,1.327361e-02,4,4,4.5,e,+4.5,+1,5,5,5.5,f,+4.5,+1
pi,pi,84,137,72807.800879,1.440597e-02,4,4,4.5,e,+3.5,+1,5,5,5.5,f,+3.5,+1
pi,pi,83,136,72807.814018,9.756195e-03,4,4,4.5,e,+2.5,+1,5,5,5.5,f,+2.5,+1
pi,pi,82,135,72807.827139,4.064978e-03,4,4,4.5,e,+1.5,+1,5,5,5.5,f,+1.5,+1
pi,pi,81,134,72807.840240,4.683551e-04,4,4,4.5,e,+0.5,+1,5,5,5.5,f,+0.5,+1
pi,pi,80,133,72807.853321,5.119695e-04,4,4,4.5,e,-0.5,+1,5,5,5.5,f,-0.5,+1
pi,pi,79,132,72807.866383,4.165789e-03,4,4,4.5,e,-1.5,+1,5,5,5.5,f,-1.5,+1
pi,pi,78,131,72807.879425,9.839312e-03,4,4,4.5,e,-2.5,+1,5,5,5.5,f,-2.5,+1
pi,pi,77,130,72807.892446,1.439729e-02,4,4,4.5,e,-3.5,+1,5,5,5.5,f,-3.5,+1
pi,pi,76,129,72807.905446,1.317599e-02,4,4,4.5,e,-4.5,+1,5,5,5.5,f,-4.5,+1
pi,pi,76,106,72811.423602,1.372374e-03,4,4,4.5,e,-4.5,+1,5,5,4.5,f,-4.5,+1
pi,pi,77,107,72811.424033,1.514039e-04,4,4,4.5,e,-3.5,+1,5,5,4.5,f,-3.5,+1
pi,pi,78,108,72811.424392,3.734953e-05,4,4,4.5,e,-2.5,+1,5,5,4.5,f,-2.5,+1
pi,pi,79,109,72811.424681,3.342181e-04,4,4,4.5,e,-1.5,+1,5,5,4.5,f,-1.5,+1
pi,pi,80,110,72811.424899,5.896561e-04,4,4,4.5,e,-0.5,+1,5,5,4.5,f,-0.5,+1
pi,pi,85,115,72811.424970,1.274409e-03,4,4,4.5,e,+4.5,+1,5,5,4.5,f,+4.5,+1
pi,pi,81,111,72811.425048,5.851460e-04,4,4,4.5,e,+0.5,+1,5,5,4.5,f,+0.5,+1
pi,pi,84,114,72811.425089,1.424946e-04,4,4,4.5,e,+3.5,+1,5,5,4.5,f,+3.5,+1
pi,pi,82,112,72811.425129,3.267141e-04,4,4,4.5,e,+1.5,+1,5,5,4.5,f,+1.5,+1
pi,pi,83,113,72811.425142,3.611965e-05,4,4,4.5,e,+2.5,+1,5,5,4.5,f,+2.5,+1
pi,pi,15,82,101813.576360,2.482613e-09,2,2,1.5,e,+1.5,+1,4,4,4.5,e,+1.5,+1
pi,pi,14,81,101813.692916,4.447465e-09,2,2,1.5,e,+0.5,+1,4,4,4.5,e,+0.5,+1
pi,pi,13,80,101813.809771,3.939255e-09,2,2,1.5,e,-0.5,+1,4,4,4.5,e,-0.5,+1
pi,pi,12,79,101813.926931,1.721652e-09,2,2,1.5,e,-1.5,+1,4,4,4.5,e,-1.5,+1
pi,pi,15,65,101818.042325,4.061002e-02,2,2,1.5,e,+1.5,+1,4,4,3.5,e,+1.5,+1
pi,pi,14,64,101818.139164,7.334836e-02,2,2,1.5,e,+0.5,+1,4,4,3.5,e,+0.5,+1
pi,pi,13,63,101818.236214,7.360461e-02,2,2,1.5,e,-0.5,+1,4,4,3.5,e,-0.5,+1
pi,pi,12,62,101818.333481,4.103722e-02,2,2,1.5,e,-1.5,+1,4,4,3.5,e,-1.5,+1
pi,pi,25,83,101821.953093,2.668602e-02,2,2,2.5,e,+2.5,+1,4,4,4.5,e,+2.5,+1
pi,pi,24,82,101822.005037,5.698692e-02,2,2,2.5,e,+1.5,+1,4,4,4.5,e,+1.5,+1
pi,pi,23,81,101822.056778,7.571584e-02,2,2,2.5,e,+0.5,+1,4,4,4.5,e,+0.5,+1
pi,pi,22,80,101822.108309,7.544555e-02,2,2,2.5,e,-0.5,+1,4,4,4.5,e,-0.5,+1
pi,pi,21,79,101822.159625,5.637869e-02,2,2,2.5,e,-1.5,+1,4,4,4.5,e,-1.5,+1
pi,pi,20,78,101822.210721,2.621286e-02,2,2,2.5,e,-2.5,+1,4,4,4.5,e,-2.5,+1
pi,pi,25,66,101826.438687,7.325995e-03,2,2,2.5,e,+2.5,+1,4,4,3.5,e,+2.5,+1
pi,pi,24,65,101826.471002,4.444103e-03,2,2,2.5,e,+1.5,+1,4,4,3.5,e,+1.5,+1
pi,pi,23,64,101826.503026,5.974724e-04,2,2,2.5,e,+0.5,+1,4,4,3.5,e,+0.5,+1
pi,pi,22,63,101826.534752,6.112916e-04,2,2,2.5,e,-0.5,+1,4,4,3.5,e,-0.5,+1
pi,pi,21,62,101826.566175,4.624659e-03,2,2,2.5,e,-1.5,+1,4,4,3.5,e,-1.5,+1
pi,pi,20,61,101826.597287,7.798921e-03,2,2,2.5,e,-2.5,+1,4,4,3.5,e,-2.5,+1
pi,pi,19,92,101850.609129,5.527225e-11,2,2,1.5,f,+1.5,-1,4,4,4.5,f,+1.5,-1
pi,pi,18,91,101850.723919,2.197697e-10,2,2,1.5,f,+0.5,-1,4,4,4.5,f,+0.5,-1
pi,pi,17,90,101850.838985,3.719904e-10,2,2,1.5,f,-0.5,-1,4,4,4.5,f,-0.5,-1
pi,pi,16,89,101850.954332,2.857970e-10,2,2,1.5,f,-1.5,-1,4,4,4.5,f,-1.5,-1
pi,pi,19,73,101855.073076,4.061727e-02,2,2,1.5,f,+1.5,-1,4,4,3.5,f,+1.5,-1
pi,pi,18,72,101855.169417,7.335281e-02,2,2,1.5,f,+0.5,-1,4,4,3.5,f,+0.5,-1
pi,pi,17,71,101855.265956,7.360005e-02,2,2,1.5,f,-0.5,-1,4,4,3.5,f,-0.5,-1
pi,pi,16,70,101855.362700,4.102945e-02,2,2,1.5,f,-1.5,-1,4,4,3.5,f,-1.5,-1
pi,pi,31,93,101858.981851,2.667122e-02,2,2,2.5,f,+2.5,-1,4,4,4.5,f,+2.5,-1
pi,pi,30,92,101859.034284,5.696765e-02,2,2,2.5,f,+1.5,-1,4,4,4.5,f,+1.5,-1
pi,pi,29,91,101859.086524,7.570717e-02,2,2,2.5,f,+0.5,-1,4,4,4.5,f,+0.5,-1
pi,pi,28,90,101859.138566,7.545433e-02,2,2,2.5,f,-0.5,-1,4,4,4.5,f,-0.5,-1
pi,pi,27,89,101859.190407,5.639873e-02,2,2,2.5,f,-1.5,-1,4,4,4.5,f,-1.5,-1
pi,pi,26,88,101859.242040,2.622865e-02,2,2,2.5,f,-2.5,-1,4,4,4.5,f,-2.5,-1
pi,pi,31,74,101863.464173,7.340790e-03,2,2,2.5,f,+2.5,-1,4,4,3.5,f,+2.5,-1
pi,pi,30,73,101863.498232,4.456092e-03,2,2,2.5,f,+1.5,-1,4,4,3.5,f,+1.5,-1
pi,pi,29,72,101863.532022,6.016747e-04,2,2,2.5,f,+0.5,-1,4,4,3.5,f,+0.5,-1
pi,pi,28,71,101863.565538,6.070752e-04,2,2,2.5,f,-0.5,-1,4,4,3.5,f,-0.5,-1
pi,pi,27,70,101863.598774,4.612444e-03,2,2,2.5,f,-1.5,-1,4,4,3.5,f,-1.5,-1
pi,pi,26,69,101863.631723,7.783166e-03,2,2,2.5,f,-2.5,-1,4,4,3.5,f,-2.5,-1
pi,pi,3,64,130899.582214,2.802603e-12,1,1,0.5,f,+0.5,+1,4,4,3.5,e,+0.5,+1
pi,pi,2,63,130899.976469,2.850615e-12,1,1,0.5,f,-0.5,+1,4,4,3.5,e,-0.5,+1
pi,pi,37,124,130906.158236,4.755487e-08,3,3,2.5,e,+2.5,-1,5,5,5.5,e,+2.5,-1
pi,pi,36,123,130906.212749,1.193734e-07,3,3,2.5,e,+1.5,-1,5,5,5.5,e,+1.5,-1
pi,pi,35,122,130906.267374,1.712195e-07,3,3,2.5,e,+0.5,-1,5,5,5.5,e,+0.5,-1
pi,pi,34,121,130906.322112,1.718965e-07,3,3,2.5,e,-0.5,-1,5,5,5.5,e,-0.5,-1
pi,pi,33,120,130906.376967,1.207946e-07,3,3,2.5,e,-1.5,-1,5,5,5.5,e,-1.5,-1
pi,pi,32,119,130906.431938,4.850161e-08,3,3,2.5,e,-2.5,-1,5,5,5.5,e,-2.5,-1
pi,pi,37,103,130909.772071,2.843392e-02,3,3,2.5,e,+2.5,-1,5,5,4.5,e,+2.5,-1
pi,pi,36,102,130909.812420,6.104710e-02,3,3,2.5,e,+1.5,-1,5,5,4.5,e,+1.5,-1
pi,pi,35,101,130909.852825,8.155506e-02,3,3,2.5,e,+0.5,-1,5,5,4.5,e,+0.5,-1
pi,pi,34,100,130909.893288,8.171659e-02,3,3,2.5,e,-0.5,-1,5,5,4.5,e,-0.5,-1
pi,pi,33,99,130909.933809,6.141060e-02,3,3,2.5,e,-1.5,-1,5,5,4.5,e,-1.5,-1
pi,pi,32,98,130909.974388,2.871672e-02,3,3,2.5,e,-2.5,-1,5,5,4.5,e,-2.5,-1
pi,pi,51,125,130912.010354,1.998933e-02,3,3,3.5,e,+3.5,-1,5,5,5.5,e,+3.5,-1
pi,pi,50,124,130912.033740,4.653978e-02,3,3,3.5,e,+2.5,-1,5,5,5.5,e,+2.5,-1
pi,pi,49,123,130912.057072,6.965491e-02,3,3,3.5,e,+1.5,-1,5,5,5.5,e,+1.5,-1
pi,pi,48,122,130912.080348,8.273610e-02,3,3,3.5,e,+0.5,-1,5,5,5.5,e,+0.5,-1
pi,pi,47,121,130912.103567,8.254749e-02,3,3,3.5,e,-0.5,-1,5,5,5.5,e,-0.5,-1
pi,pi,46,120,130912.126729,6.917956e-02,3,3,3.5,e,-1.5,-1,5,5,5.5,e,-1.5,-1
pi,pi,45,119,130912.149832,4.601154e-02,3,3,3.5,e,-2.5,-1,5,5,5.5,e,-2.5,-1
pi,pi,44,118,130912.172874,1.967231e-02,3,3,3.5,e,-3.5,-1,5,5,5.5,e,-3.5,-1
pi,pi,11,65,130914.607451,8.743292e-10,1,1,1.5,f,+1.5,+1,4,4,3.5,e,+1.5,+1
pi,pi,10,64,130914.757146,1.618133e-09,1,1,1.5,f,+0.5,+1,4,4,3.5,e,+0.5,+1
pi,pi,9,63,130914.904825,1.664324e-09,1,1,1.5,f,-0.5,+1,4,4,3.5,e,-0.5,+1
pi,pi,8,62,130915.050390,9.513920e-10,1,1,1.5,f,-1.5,+1,4,4,3.5,e,-1.5,+1
pi,pi,51,104,130915.638297,4.252547e-03,3,3,3.5,e,+3.5,-1,5,5,4.5,e,+3.5,-1
pi,pi,50,103,130915.647575,3.813944e-03,3,3,3.5,e,+2.5,-1,5,5,4.5,e,+2.5,-1
pi,pi,49,102,130915.656743,1.765764e-03,3,3,3.5,e,+1.5,-1,5,5,4.5,e,+1.5,-1
pi,pi,48,101,130915.665800,2.115115e-04,3,3,3.5,e,+0.5,-1,5,5,4.5,e,+0.5,-1
pi,pi,47,100,130915.674743,2.385012e-04,3,3,3.5,e,-0.5,-1,5,5,4.5,e,-0.5,-1
pi,pi,46,99,130915.683571,1.877386e-03,3,3,3.5,e,-1.5,-1,5,5,4.5,e,-1.5,-1
pi,pi,45,98,130915.692282,4.059165e-03,3,3,3.5,e,-2.5,-1,5,5,4.5,e,-2.5,-1
pi,pi,44,97,130915.700874,4.569481e-03,3,3,3.5,e,-3.5,-1,5,5,4.5,e,-3.5,-1
pi,pi,43,136,130953.771671,2.976032e-08,3,3,2.5,f,+2.5,+1,5,5,5.5,f,+2.5,+1
pi,pi,42,135,130953.824865,7.450004e-08,3,3,2.5,f,+1.5,+1,5,5,5.5,f,+1.5,+1
pi,pi,41,134,130953.878158,1.065581e-07,3,3,2.5,f,+0.5,+1,5,5,5.5,f,+0.5,+1
pi,pi,40,133,130953.931553,1.066746e-07,3,3,2.5,f,-0.5,+1,5,5,5.5,f,-0.5,+1
pi,pi,39,132,130953.985050,7.474425e-08,3,3,2.5,f,-1.5,+1,5,5,5.5,f,-1.5,+1
pi,pi,38,131,130954.038651,2.992254e-08,3,3,2.5,f,-2.5,+1,5,5,5.5,f,-2.5,+1
pi,pi,43,113,130957.382795,2.844101e-02,3,3,2.5,f,+2.5,+1,5,5,4.5,f,+2.5,+1
pi,pi,42,112,130957.422855,6.105639e-02,3,3,2.5,f,+1.5,+1,5,5,4.5,f,+1.5,+1
pi,pi,41,111,130957.462967,8.155929e-02,3,3,2.5,f,+0.5,+1,5,5,4.5,f,+0.5,+1
pi,pi,40,110,130957.503130,8.171241e-02,3,3,2.5,f,-0.5,+1,5,5,4.5,f,-0.5,+1
pi,pi,39,109,130957.543348,6.140095e-02,3,3,2.5,f,-1.5,+1,5,5,4.5,f,-1.5,+1
pi,pi,38,108,130957.583619,2.870908e-02,3,3,2.5,f,-2.5,+1,5,5,4.5,f,-2.5,+1
pi,pi,1,72,130957.765061,2.826533e-12,1,1,0.5,e,+0.5,-1,4,4,3.5,f,+0.5,-1
pi,pi,0,71,130958.173380,2.875915e-12,1,1,0.5,e,-0.5,-1,4,4,3.5,f,-0.5,-1
pi,pi,59,137,130959.619342,1.997816e-02,3,3,3.5,f,+3.5,+1,5,5,5.5,f,+3.5,+1
pi,pi,58,136,130959.643014,4.652097e-02,3,3,3.5,f,+2.5,+1,5,5,5.5,f,+2.5,+1
pi,pi,57,135,130959.666636,6.963782e-02,3,3,3.5,f,+1.5,+1,5,5,5.5,f,+1.5,+1
pi,pi,56,134,130959.690206,8.272929e-02,3,3,3.5,f,+0.5,+1,5,5,5.5,f,+0.5,+1
pi,pi,55,133,130959.713724,8.255451e-02,3,3,3.5,f,-0.5,+1,5,5,5.5,f,-0.5,+1
pi,pi,54,132,130959.737190,6.919734e-02,3,3,3.5,f,-1.5,+1,5,5,5.5,f,-1.5,+1
pi,pi,53,131,130959.760601,4.603149e-02,3,3,3.5,f,-2.5,+1,5,5,5.5,f,-2.5,+1
pi,pi,52,130,130959.783958,1.968441e-02,3,3,3.5,f,-3.5,+1,5,5,5.5,f,-3.5,+1
pi,pi,59,114,130963.243553,4.263710e-03,3,3,3.5,f,+3.5,+1,5,5,4.5,f,+3.5,+1
pi,pi,58,113,130963.254138,3.825648e-03,3,3,3.5,f,+2.5,+1,5,5,4.5,f,+2.5,+1
pi,pi,57,112,130963.264626,1.773582e-03,3,3,3.5,f,+1.5,+1,5,5,4.5,f,+1.5,+1
pi,pi,56,111,130963.275014,2.141385e-04,3,3,3.5,f,+0.5,+1,5,5,4.5,f,+0.5,+1
pi,pi,55,110,130963.285302,2.357325e-04,3,3,3.5,f,-0.5,+1,5,5,4.5,f,-0.5,+1
pi,pi,54,109,130963.295487,1.869334e-03,3,3,3.5,f,-1.5,+1,5,5,4.5,f,-1.5,+1
pi,pi,53,108,130963.305569,4.046911e-03,3,3,3.5,f,-2.5,+1,5,5,4.5,f,-2.5,+1
pi,pi,52,107,130963.315545,4.557397e-03,3,3,3.5,f,-3.5,+1,5,5,4.5,f,-3.5,+1
pi,pi,7,73,130972.782053,8.743079e-10,1,1,1.5,e,+1.5,-1,4,4,3.5,f,+1.5,-1
pi,pi,6,72,130972.942034,1.618065e-09,1,1,1.5,e,+0.5,-1,4,4,3.5,f,+0.5,-1
pi,pi,5,71,130973.099944,1.664254e-09,1,1,1.5,e,-0.5,-1,4,4,3.5,f,-0.5,-1
pi,pi,4,70,130973.255679,9.513692e-10,1,1,1.5,e,-1.5,-1,4,4,3.5,f,-1.5,-1
pi,pi,17,100,174530.008197,1.004337e-12,2,2,1.5,f,-0.5,-1,5,5,4.5,e,-0.5,-1
pi,pi,31,103,174538.185491,2.080493e-10,2,2,2.5,f,+2.5,-1,5,5,4.5,e,+2.5,-1
pi,pi,30,102,174538.226514,4.519490e-10,2,2,2.5,f,+1.5,-1,5,5,4.5,e,+1.5,-1
pi,pi,29,101,174538.267279,6.109331e-10,2,2,2.5,f,+0.5,-1,5,5,4.5,e,+0.5,-1
pi,pi,28,100,174538.307779,6.194355e-10,2,2,2.5,f,-0.5,-1,5,5,4.5,e,-0.5,-1
pi,pi,27,99,174538.348010,4.710840e-10,2,2,2.5,f,-1.5,-1,5,5,4.5,e,-1.5,-1
pi,pi,26,98,174538.387965,2.229392e-10,2,2,2.5,f,-2.5,-1,5,5,4.5,e,-2.5,-1
pi,pi,14,111,174625.117964,1.014346e-12,2,2,1.5,e,+0.5,+1,5,5,4.5,f,+0.5,+1
pi,pi,13,110,174625.234670,1.021445e-12,2,2,1.5,e,-0.5,+1,5,5,4.5,f,-0.5,+1
pi,pi,25,113,174633.378235,2.080440e-10,2,2,2.5,e,+2.5,+1,5,5,4.5,f,+2.5,+1
pi,pi,24,112,174633.430166,4.519272e-10,2,2,2.5,e,+1.5,+1,5,5,4.5,f,+1.5,+1
pi,pi,23,111,174633.481826,6.108964e-10,2,2,2.5,e,+0.5,+1,5,5,4.5,f,+0.5,+1
pi,pi,22,110,174633.533208,6.193981e-10,2,2,2.5,e,-0.5,+1,5,5,4.5,f,-0.5,+1
pi,pi,21,109,174633.584306,4.710608e-10,2,2,2.5,e,-1.5,+1,5,5,4.5,f,-1.5,+1
pi,pi,20,108,174633.635113,2.229333e-10,2,2,2.5,e,-2.5,+1,5,5,4.5,f,-2.5,+1
