eps1,eps2,i,j,freq_MHz,strength,a_J,a_F1,a_F,a_ef,a_mF,a_parity,b_J,b_F1,b_F,b_ef,b_mF,b_parity
sigma+,sigma-,106,20,-174633.521310,1.347225e-08,5,5,4.5,f,-4.5,+1,2,2,2.5,e,-2.5,+1
sigma+,sigma-,107,21,-174633.505953,7.453703e-09,5,5,4.5,f,-3.5,+1,2,2,2.5,e,-1.5,+1
sigma+,sigma-,108,22,-174633.490570,3.711509e-09,5,5,4.5,f,-2.5,+1,2,2,2.5,e,-0.5,+1
sigma+,sigma-,109,23,-174633.475162,1.584113e-09,5,5,4.5,f,-1.5,+1,2,2,2.5,e,+0.5,+1
sigma+,sigma-,110,24,-174633.459729,5.258732e-10,5,5,4.5,f,-0.5,+1,2,2,2.5,e,+1.5,+1
sigma+,sigma-,111,25,-174633.444270,1.047445e-10,5,5,4.5,f,+0.5,+1,2,2,2.5,e,+2.5,+1
sigma+,sigma-,96,26,-174538.289389,7.825736e-10,5,5,4.5,e,-4.5,-1,2,2,2.5,f,-2.5,-1
sigma+,sigma-,97,27,-174538.277294,4.328665e-10,5,5,4.5,e,-3.5,-1,2,2,2.5,f,-1.5,-1
sigma+,sigma-,98,28,-174538.265176,2.154907e-10,5,5,4.5,e,-2.5,-1,2,2,2.5,f,-0.5,-1
sigma+,sigma-,99,29,-174538.253032,9.195169e-11,5,5,4.5,e,-1.5,-1,2,2,2.5,f,+0.5,-1
sigma+,sigma-,100,30,-174538.240865,3.051755e-11,5,5,4.5,e,-0.5,-1,2,2,2.5,f,+1.5,-1
sigma+,sigma-,101,31,-174538.228675,6.077069e-12,5,5,4.5,e,+0.5,-1,2,2,2.5,f,+2.5,-1
sigma+,sigma-,68,4,-130973.058004,2.379079e-08,4,4,3.5,f,-3.5,-1,1,1,1.5,e,-1.5,-1
sigma+,sigma-,69,5,-130973.010841,1.011014e-08,4,4,3.5,f,-2.5,-1,1,1,1.5,e,-0.5,-1
sigma+,sigma-,70,6,-130972.963484,3.341771e-09,4,4,3.5,f,-1.5,-1,1,1,1.5,e,+0.5,-1
sigma+,sigma-,71,7,-130972.915939,6.627698e-10,4,4,3.5,f,-0.5,-1,1,1,1.5,e,+1.5,-1
sigma+,sigma-,106,53,-130963.263461,1.132527e-02,5,5,4.5,f,-4.5,+1,3,3,3.5,f,-2.5,+1
sigma+,sigma-,107,54,-130963.260399,1.506516e-02,5,5,4.5,f,-3.5,+1,3,3,3.5,f,-1.5,+1
sigma+,sigma-,108,55,-130963.257327,1.409078e-02,5,5,4.5,f,-2.5,+1,3,3,3.5,f,-0.5,+1
sigma+,sigma-,109,56,-130963.254247,1.071098e-02,5,5,4.5,f,-1.5,+1,3,3,3.5,f,+0.5,+1
sigma+,sigma-,110,57,-130963.251157,6.678921e-03,5,5,4.5,f,-0.5,+1,3,3,3.5,f,+1.5,+1
sigma+,sigma-,111,58,-130963.248057,3.198512e-03,5,5,4.5,f,+0.5,+1,3,3,3.5,f,+2.5,+1
sigma+,sigma-,112,59,-130963.244949,9.307622e-04,5,5,4.5,f,+1.5,+1,3,3,3.5,f,+3.5,+1
sigma+,sigma-,128,52,-130959.710892,5.408284e-01,5,5,5.5,f,-5.5,+1,3,3,3.5,f,-3.5,+1
sigma+,sigma-,129,53,-130959.703847,3.443832e-01,5,5,5.5,f,-4.5,+1,3,3,3.5,f,-2.5,+1
sigma+,sigma-,130,54,-130959.696796,2.067613e-01,5,5,5.5,f,-3.5,+1,3,3,3.5,f,-1.5,+1
sigma+,sigma-,131,55,-130959.689742,1.149402e-01,5,5,5.5,f,-2.5,+1,3,3,3.5,f,-0.5,+1
sigma+,sigma-,132,56,-130959.682682,5.750634e-02,5,5,5.5,f,-1.5,+1,3,3,3.5,f,+0.5,+1
sigma+,sigma-,133,57,-130959.675618,2.466106e-02,5,5,5.5,f,-0.5,+1,3,3,3.5,f,+1.5,+1
sigma+,sigma-,134,58,-130959.668549,8.225499e-03,5,5,5.5,f,+0.5,+1,3,3,3.5,f,+2.5,+1
sigma+,sigma-,135,59,-130959.661475,1.646125e-03,5,5,5.5,f,+1.5,+1,3,3,3.5,f,+3.5,+1
sigma+,sigma-,69,0,-130958.000435,1.571514e-12,4,4,3.5,f,-2.5,-1,1,1,0.5,e,-0.5,-1
sigma+,sigma-,106,38,-130957.489647,5.096581e-01,5,5,4.5,f,-4.5,+1,3,3,2.5,f,-2.5,+1
sigma+,sigma-,107,39,-130957.477592,2.829831e-01,5,5,4.5,f,-3.5,+1,3,3,2.5,f,-1.5,+1
sigma+,sigma-,108,40,-130957.465542,1.414118e-01,5,5,4.5,f,-2.5,+1,3,3,2.5,f,-0.5,+1
sigma+,sigma-,109,41,-130957.453497,6.057104e-02,5,5,4.5,f,-1.5,+1,3,3,2.5,f,+0.5,+1
sigma+,sigma-,110,42,-130957.441457,2.017906e-02,5,5,4.5,f,-0.5,+1,3,3,2.5,f,+1.5,+1
sigma+,sigma-,111,43,-130957.429422,4.033564e-03,5,5,4.5,f,+0.5,+1,3,3,2.5,f,+2.5,+1
sigma+,sigma-,129,38,-130953.930032,2.049992e-08,5,5,5.5,f,-4.5,+1,3,3,2.5,f,-2.5,+1
sigma+,sigma-,130,39,-130953.913990,2.049199e-08,5,5,5.5,f,-3.5,+1,3,3,2.5,f,-1.5,+1
sigma+,sigma-,131,40,-130953.897957,1.365590e-08,5,5,5.5,f,-2.5,+1,3,3,2.5,f,-0.5,+1
sigma+,sigma-,132,41,-130953.881933,6.825160e-09,5,5,5.5,f,-1.5,+1,3,3,2.5,f,+0.5,+1
sigma+,sigma-,133,42,-130953.865918,2.436536e-09,5,5,5.5,f,-0.5,+1,3,3,2.5,f,+1.5,+1
sigma+,sigma-,134,43,-130953.849913,4.870979e-10,5,5,5.5,f,+0.5,+1,3,3,2.5,f,+2.5,+1
sigma+,sigma-,96,45,-130915.648690,1.988795e-03,5,5,4.5,e,-4.5,-1,3,3,3.5,e,-2.5,-1
sigma+,sigma-,97,46,-130915.646034,2.645330e-03,5,5,4.5,e,-3.5,-1,3,3,3.5,e,-1.5,-1
sigma+,sigma-,98,47,-130915.643368,2.474036e-03,5,5,4.5,e,-2.5,-1,3,3,3.5,e,-0.5,-1
sigma+,sigma-,99,48,-130915.640692,1.880466e-03,5,5,4.5,e,-1.5,-1,3,3,3.5,e,+0.5,-1
sigma+,sigma-,100,49,-130915.638005,1.172488e-03,5,5,4.5,e,-0.5,-1,3,3,3.5,e,+1.5,-1
sigma+,sigma-,101,50,-130915.635308,5.614563e-04,5,5,4.5,e,+0.5,-1,3,3,3.5,e,+2.5,-1
sigma+,sigma-,102,51,-130915.632601,1.633703e-04,5,5,4.5,e,+1.5,-1,3,3,3.5,e,+3.5,-1
sigma+,sigma-,60,8,-130914.859571,2.447285e-10,4,4,3.5,e,-3.5,+1,1,1,1.5,f,-1.5,+1
sigma+,sigma-,61,9,-130914.815472,1.039287e-10,4,4,3.5,e,-2.5,+1,1,1,1.5,f,-0.5,+1
sigma+,sigma-,62,10,-130914.771186,3.432859e-11,4,4,3.5,e,-1.5,+1,1,1,1.5,f,+0.5,+1
sigma+,sigma-,63,11,-130914.726715,6.803646e-12,4,4,3.5,e,-0.5,+1,1,1,1.5,f,+1.5,+1
sigma+,sigma-,116,44,-130912.097439,9.550586e-02,5,5,5.5,e,-5.5,-1,3,3,3.5,e,-3.5,-1
sigma+,sigma-,117,45,-130912.090484,6.081854e-02,5,5,5.5,e,-4.5,-1,3,3,3.5,e,-2.5,-1
sigma+,sigma-,118,46,-130912.083524,3.651628e-02,5,5,5.5,e,-3.5,-1,3,3,3.5,e,-1.5,-1
sigma+,sigma-,119,47,-130912.076558,2.030075e-02,5,5,5.5,e,-2.5,-1,3,3,3.5,e,-0.5,-1
sigma+,sigma-,120,48,-130912.069588,1.015731e-02,5,5,5.5,e,-1.5,-1,3,3,3.5,e,+0.5,-1
sigma+,sigma-,121,49,-130912.062612,4.356098e-03,5,5,5.5,e,-0.5,-1,3,3,3.5,e,+1.5,-1
sigma+,sigma-,122,50,-130912.055631,1.453017e-03,5,5,5.5,e,+0.5,-1,3,3,3.5,e,+2.5,-1
sigma+,sigma-,123,51,-130912.048645,2.907996e-04,5,5,5.5,e,+1.5,-1,3,3,3.5,e,+3.5,-1
sigma+,sigma-,96,32,-130909.876104,9.000492e-02,5,5,4.5,e,-4.5,-1,3,3,2.5,e,-2.5,-1
sigma+,sigma-,97,33,-130909.863959,4.997326e-02,5,5,4.5,e,-3.5,-1,3,3,2.5,e,-1.5,-1
sigma+,sigma-,98,34,-130909.851820,2.497197e-02,5,5,4.5,e,-2.5,-1,3,3,2.5,e,-0.5,-1
sigma+,sigma-,99,35,-130909.839686,1.069602e-02,5,5,4.5,e,-1.5,-1,3,3,2.5,e,+0.5,-1
sigma+,sigma-,100,36,-130909.827558,3.563266e-03,5,5,4.5,e,-0.5,-1,3,3,2.5,e,+1.5,-1
sigma+,sigma-,101,37,-130909.815434,7.122405e-04,5,5,4.5,e,+0.5,-1,3,3,2.5,e,+2.5,-1
sigma+,sigma-,117,32,-130906.317898,5.793165e-09,5,5,5.5,e,-4.5,-1,3,3,2.5,e,-2.5,-1
sigma+,sigma-,118,33,-130906.301449,5.786095e-09,5,5,5.5,e,-3.5,-1,3,3,2.5,e,-1.5,-1
sigma+,sigma-,119,34,-130906.285011,3.852665e-09,5,5,5.5,e,-2.5,-1,3,3,2.5,e,-0.5,-1
sigma+,sigma-,120,35,-130906.268582,1.923958e-09,5,5,5.5,e,-1.5,-1,3,3,2.5,e,+0.5,-1
sigma+,sigma-,121,36,-130906.252165,6.862767e-10,5,5,5.5,e,-0.5,-1,3,3,2.5,e,+1.5,-1
sigma+,sigma-,122,37,-130906.235757,1.370845e-10,5,5,5.5,e,+0.5,-1,3,3,2.5,e,+2.5,-1
sigma+,sigma-,68,27,-101863.531243,2.118527e-02,4,4,3.5,f,-3.5,-1,2,2,2.5,f,-1.5,-1
sigma+,sigma-,69,28,-101863.521222,2.412540e-02,4,4,3.5,f,-2.5,-1,2,2,2.5,f,-0.5,-1
sigma+,sigma-,70,29,-101863.511177,1.802983e-02,4,4,3.5,f,-1.5,-1,2,2,2.5,f,+0.5,-1
sigma+,sigma-,71,30,-101863.501106,9.581935e-03,4,4,3.5,f,-0.5,-1,2,2,2.5,f,+1.5,-1
sigma+,sigma-,72,31,-101863.491010,2.983824e-03,4,4,3.5,f,+0.5,-1,2,2,2.5,f,+2.5,-1
sigma+,sigma-,86,26,-101859.130794,4.721264e-01,4,4,4.5,f,-4.5,-1,2,2,2.5,f,-2.5,-1
sigma+,sigma-,87,27,-101859.115212,2.625571e-01,4,4,4.5,f,-3.5,-1,2,2,2.5,f,-1.5,-1
sigma+,sigma-,88,28,-101859.099611,1.314103e-01,4,4,4.5,f,-2.5,-1,2,2,2.5,f,-0.5,-1
sigma+,sigma-,89,29,-101859.083992,5.637499e-02,4,4,4.5,f,-1.5,-1,2,2,2.5,f,+0.5,-1
sigma+,sigma-,90,30,-101859.068356,1.881035e-02,4,4,4.5,f,-0.5,-1,2,2,2.5,f,+1.5,-1
sigma+,sigma-,91,31,-101859.052701,3.765794e-03,4,4,4.5,f,+0.5,-1,2,2,2.5,f,+2.5,-1
sigma+,sigma-,68,16,-101855.229863,4.245248e-01,4,4,3.5,f,-3.5,-1,2,2,1.5,f,-1.5,-1
sigma+,sigma-,69,17,-101855.200889,1.817549e-01,4,4,3.5,f,-2.5,-1,2,2,1.5,f,-0.5,-1
sigma+,sigma-,70,18,-101855.171933,6.052396e-02,4,4,3.5,f,-1.5,-1,2,2,1.5,f,+0.5,-1
sigma+,sigma-,71,19,-101855.142995,1.209267e-02,4,4,3.5,f,-0.5,-1,2,2,1.5,f,+1.5,-1
sigma+,sigma-,87,16,-101850.813831,4.868047e-11,4,4,4.5,f,-3.5,-1,2,2,1.5,f,-1.5,-1
sigma+,sigma-,88,17,-101850.779277,3.039493e-11,4,4,4.5,f,-2.5,-1,2,2,1.5,f,-0.5,-1
sigma+,sigma-,89,18,-101850.744749,1.066918e-11,4,4,4.5,f,-1.5,-1,2,2,1.5,f,+0.5,-1
sigma+,sigma-,90,19,-101850.710245,1.903984e-12,4,4,4.5,f,-0.5,-1,2,2,1.5,f,+1.5,-1
sigma+,sigma-,60,21,-101826.496607,3.720524e-03,4,4,3.5,e,-3.5,+1,2,2,2.5,e,-1.5,+1
sigma+,sigma-,61,22,-101826.487126,4.236536e-03,4,4,3.5,e,-2.5,+1,2,2,2.5,e,-0.5,+1
sigma+,sigma-,62,23,-101826.477618,3.165882e-03,4,4,3.5,e,-1.5,+1,2,2,2.5,e,+0.5,+1
sigma+,sigma-,63,24,-101826.468084,1.682378e-03,4,4,3.5,e,-0.5,+1,2,2,2.5,e,+1.5,+1
sigma+,sigma-,64,25,-101826.458522,5.238553e-04,4,4,3.5,e,+0.5,+1,2,2,2.5,e,+2.5,+1
sigma+,sigma-,76,20,-101822.097341,8.337941e-02,4,4,4.5,e,-4.5,+1,2,2,2.5,e,-2.5,+1
sigma+,sigma-,77,21,-101822.081914,4.637212e-02,4,4,4.5,e,-3.5,+1,2,2,2.5,e,-1.5,+1
sigma+,sigma-,78,22,-101822.066466,2.321107e-02,4,4,4.5,e,-2.5,+1,2,2,2.5,e,-0.5,+1
sigma+,sigma-,79,23,-101822.051000,9.958276e-03,4,4,4.5,e,-1.5,+1,2,2,2.5,e,+0.5,+1
sigma+,sigma-,80,24,-101822.035515,3.322970e-03,4,4,4.5,e,-0.5,+1,2,2,2.5,e,+1.5,+1
sigma+,sigma-,81,25,-101822.020011,6.653000e-04,4,4,4.5,e,+0.5,+1,2,2,2.5,e,+2.5,+1
sigma+,sigma-,60,12,-101818.196256,7.498214e-02,4,4,3.5,e,-3.5,+1,2,2,1.5,e,-1.5,+1
sigma+,sigma-,61,13,-101818.167128,3.210192e-02,4,4,3.5,e,-2.5,+1,2,2,1.5,e,-0.5,+1
sigma+,sigma-,62,14,-101818.138020,1.068962e-02,4,4,3.5,e,-1.5,+1,2,2,1.5,e,+0.5,+1
sigma+,sigma-,63,15,-101818.108931,2.135737e-03,4,4,3.5,e,-0.5,+1,2,2,1.5,e,+1.5,+1
sigma+,sigma-,77,12,-101813.781563,1.568766e-10,4,4,4.5,e,-3.5,+1,2,2,1.5,e,-1.5,+1
sigma+,sigma-,78,13,-101813.746469,1.219564e-10,4,4,4.5,e,-2.5,+1,2,2,1.5,e,-0.5,+1
sigma+,sigma-,79,14,-101813.711402,5.412025e-11,4,4,4.5,e,-1.5,+1,2,2,1.5,e,+0.5,+1
sigma+,sigma-,80,15,-101813.676363,1.244075e-11,4,4,4.5,e,-0.5,+1,2,2,1.5,e,+1.5,+1
sigma+,sigma-,113,85,-72811.400784,3.035803e-03,5,5,4.5,f,+2.5,+1,4,4,4.5,e,+4.5,+1
sigma+,sigma-,112,84,-72811.400759,7.100400e-03,5,5,4.5,f,+1.5,+1,4,4,4.5,e,+3.5,+1
sigma+,sigma-,111,83,-72811.400727,1.067602e-02,5,5,4.5,f,+0.5,+1,4,4,4.5,e,+2.5,+1
sigma+,sigma-,110,82,-72811.400690,1.273998e-02,5,5,4.5,f,-0.5,+1,4,4,4.5,e,+1.5,+1
sigma+,sigma-,109,81,-72811.400646,1.277056e-02,5,5,4.5,f,-1.5,+1,4,4,4.5,e,+0.5,+1
sigma+,sigma-,108,80,-72811.400596,1.075310e-02,5,5,4.5,f,-2.5,+1,4,4,4.5,e,-0.5,+1
sigma+,sigma-,107,79,-72811.400539,7.186044e-03,5,5,4.5,f,-3.5,+1,4,4,4.5,e,-1.5,+1
sigma+,sigma-,106,78,-72811.400477,3.087191e-03,5,5,4.5,f,-4.5,+1,4,4,4.5,e,-2.5,+1
sigma+,sigma-,128,77,-72807.844785,1.492806e-01,5,5,5.5,f,-5.5,+1,4,4,4.5,e,-3.5,+1
sigma+,sigma-,129,78,-72807.840862,2.172636e-01,5,5,5.5,f,-4.5,+1,4,4,4.5,e,-2.5,+1
sigma+,sigma-,130,79,-72807.836937,2.282608e-01,5,5,5.5,f,-3.5,+1,4,4,4.5,e,-1.5,+1
sigma+,sigma-,131,80,-72807.833010,2.030173e-01,5,5,5.5,f,-2.5,+1,4,4,4.5,e,-0.5,+1
sigma+,sigma-,132,81,-72807.829081,1.586997e-01,5,5,5.5,f,-1.5,+1,4,4,4.5,e,+0.5,+1
sigma+,sigma-,133,82,-72807.825151,1.088859e-01,5,5,5.5,f,-0.5,+1,4,4,4.5,e,+1.5,+1
sigma+,sigma-,134,83,-72807.821218,6.355352e-02,5,5,5.5,f,+0.5,+1,4,4,4.5,e,+2.5,+1
sigma+,sigma-,135,84,-72807.817284,2.906978e-02,5,5,5.5,f,+1.5,+1,4,4,4.5,e,+3.5,+1
sigma+,sigma-,136,85,-72807.813349,8.180570e-03,5,5,5.5,f,+2.5,+1,4,4,4.5,e,+4.5,+1
sigma+,sigma-,106,61,-72806.979817,1.712354e-01,5,5,4.5,f,-4.5,+1,4,4,3.5,e,-2.5,+1
sigma+,sigma-,107,62,-72806.973921,2.282153e-01,5,5,4.5,f,-3.5,+1,4,4,3.5,e,-1.5,+1
sigma+,sigma-,108,63,-72806.968027,2.138598e-01,5,5,4.5,f,-2.5,+1,4,4,3.5,e,-0.5,+1
sigma+,sigma-,109,64,-72806.962135,1.628709e-01,5,5,4.5,f,-1.5,+1,4,4,3.5,e,+0.5,+1
sigma+,sigma-,110,65,-72806.956244,1.017508e-01,5,5,4.5,f,-0.5,+1,4,4,3.5,e,+1.5,+1
sigma+,sigma-,111,66,-72806.950355,4.881961e-02,5,5,4.5,f,+0.5,+1,4,4,3.5,e,+2.5,+1
sigma+,sigma-,112,67,-72806.944468,1.423301e-02,5,5,4.5,f,+1.5,+1,4,4,3.5,e,+3.5,+1
sigma+,sigma-,128,60,-72803.430092,1.891105e-02,5,5,5.5,f,-5.5,+1,4,4,3.5,e,-3.5,+1
sigma+,sigma-,129,61,-72803.420202,1.200267e-02,5,5,5.5,f,-4.5,+1,4,4,3.5,e,-2.5,+1
sigma+,sigma-,130,62,-72803.410319,7.182695e-03,5,5,5.5,f,-3.5,+1,4,4,3.5,e,-1.5,+1
sigma+,sigma-,131,63,-72803.400441,3.979925e-03,5,5,5.5,f,-2.5,+1,4,4,3.5,e,-0.5,+1
sigma+,sigma-,132,64,-72803.390570,1.984752e-03,5,5,5.5,f,-1.5,+1,4,4,3.5,e,+0.5,+1
sigma+,sigma-,133,65,-72803.380705,8.483842e-04,5,5,5.5,f,-0.5,+1,4,4,3.5,e,+1.5,+1
sigma+,sigma-,134,66,-72803.370846,2.820563e-04,5,5,5.5,f,+0.5,+1,4,4,3.5,e,+2.5,+1
sigma+,sigma-,135,67,-72803.360994,5.626417e-05,5,5,5.5,f,+1.5,+1,4,4,3.5,e,+3.5,+1
sigma+,sigma-,38,9,-72764.305643,4.367894e-02,3,3,2.5,f,-2.5,+1,1,1,1.5,f,-0.5,+1
sigma+,sigma-,39,10,-72764.267515,3.468310e-02,3,3,2.5,f,-1.5,+1,1,1,1.5,f,+0.5,+1
sigma+,sigma-,40,11,-72764.229200,1.291023e-02,3,3,2.5,f,-0.5,+1,1,1,1.5,f,+1.5,+1
sigma+,sigma-,52,8,-72758.578771,3.398763e-01,3,3,3.5,f,-3.5,+1,1,1,1.5,f,-1.5,+1
sigma+,sigma-,53,9,-72758.531828,1.459634e-01,3,3,3.5,f,-2.5,+1,1,1,1.5,f,-0.5,+1
sigma+,sigma-,54,10,-72758.484708,4.875473e-02,3,3,3.5,f,-1.5,+1,1,1,1.5,f,+0.5,+1
sigma+,sigma-,55,11,-72758.437415,9.770916e-03,3,3,3.5,f,-0.5,+1,1,1,1.5,f,+1.5,+1
sigma+,sigma-,38,2,-72749.294671,2.636846e-01,3,3,2.5,f,-2.5,+1,1,1,0.5,f,-0.5,+1
sigma+,sigma-,39,3,-72749.182552,5.258960e-02,3,3,2.5,f,-1.5,+1,1,1,0.5,f,+0.5,+1
sigma+,sigma-,53,2,-72743.520856,1.240093e-07,3,3,3.5,f,-2.5,+1,1,1,0.5,f,-0.5,+1
sigma+,sigma-,54,3,-72743.399745,4.048628e-08,3,3,3.5,f,-1.5,+1,1,1,0.5,f,+0.5,+1
sigma+,sigma-,32,5,-72737.851294,7.671821e-03,3,3,2.5,e,-2.5,-1,1,1,1.5,e,-0.5,-1
sigma+,sigma-,33,6,-72737.813990,6.091389e-03,3,3,2.5,e,-1.5,-1,1,1,1.5,e,+0.5,-1
sigma+,sigma-,34,7,-72737.776492,2.267280e-03,3,3,2.5,e,-0.5,-1,1,1,1.5,e,+1.5,-1
sigma+,sigma-,44,4,-72732.125319,6.003318e-02,3,3,3.5,e,-3.5,-1,1,1,1.5,e,-1.5,-1
sigma+,sigma-,45,5,-72732.078708,2.578508e-02,3,3,3.5,e,-2.5,-1,1,1,1.5,e,-0.5,-1
sigma+,sigma-,46,6,-72732.031915,8.613803e-03,3,3,3.5,e,-1.5,-1,1,1,1.5,e,+0.5,-1
sigma+,sigma-,47,7,-72731.984945,1.726499e-03,3,3,3.5,e,-0.5,-1,1,1,1.5,e,+1.5,-1
sigma+,sigma-,32,0,-72722.840888,4.660003e-02,3,3,2.5,e,-2.5,-1,1,1,0.5,e,-0.5,-1
sigma+,sigma-,33,1,-72722.728443,9.293907e-03,3,3,2.5,e,-1.5,-1,1,1,0.5,e,+0.5,-1
sigma+,sigma-,45,0,-72717.068302,1.817447e-08,3,3,3.5,e,-2.5,-1,1,1,0.5,e,-0.5,-1
sigma+,sigma-,46,1,-72716.946368,5.923620e-09,3,3,3.5,e,-1.5,-1,1,1,0.5,e,+0.5,-1
sigma+,sigma-,103,95,-72679.162407,3.568773e-04,5,5,4.5,e,+2.5,-1,4,4,4.5,f,+4.5,-1
sigma+,sigma-,102,94,-72679.158963,8.342120e-04,5,5,4.5,e,+1.5,-1,4,4,4.5,f,+3.5,-1
sigma+,sigma-,101,93,-72679.155512,1.253576e-03,5,5,4.5,e,+0.5,-1,4,4,4.5,f,+2.5,-1
sigma+,sigma-,100,92,-72679.152056,1.495053e-03,5,5,4.5,e,-0.5,-1,4,4,4.5,f,+1.5,-1
sigma+,sigma-,99,91,-72679.148593,1.497767e-03,5,5,4.5,e,-1.5,-1,4,4,4.5,f,+0.5,-1
sigma+,sigma-,98,90,-72679.145124,1.260414e-03,5,5,4.5,e,-2.5,-1,4,4,4.5,f,-0.5,-1
sigma+,sigma-,97,89,-72679.141650,8.418099e-04,5,5,4.5,e,-3.5,-1,4,4,4.5,f,-1.5,-1
sigma+,sigma-,96,88,-72679.138169,3.614362e-04,5,5,4.5,e,-4.5,-1,4,4,4.5,f,-2.5,-1
sigma+,sigma-,116,87,-72675.580785,1.749295e-02,5,5,5.5,e,-5.5,-1,4,4,4.5,f,-3.5,-1
sigma+,sigma-,117,88,-72675.579963,2.545987e-02,5,5,5.5,e,-4.5,-1,4,4,4.5,f,-2.5,-1
sigma+,sigma-,118,89,-72675.579139,2.674916e-02,5,5,5.5,e,-3.5,-1,4,4,4.5,f,-1.5,-1
sigma+,sigma-,119,90,-72675.578314,2.379147e-02,5,5,5.5,e,-2.5,-1,4,4,4.5,f,-0.5,-1
sigma+,sigma-,120,91,-72675.577489,1.859833e-02,5,5,5.5,e,-1.5,-1,4,4,4.5,f,+0.5,-1
sigma+,sigma-,121,92,-72675.576663,1.276082e-02,5,5,5.5,e,-0.5,-1,4,4,4.5,f,+1.5,-1
sigma+,sigma-,122,93,-72675.575835,7.448279e-03,5,5,5.5,e,+0.5,-1,4,4,4.5,f,+2.5,-1
sigma+,sigma-,123,94,-72675.575007,3.406963e-03,5,5,5.5,e,+1.5,-1,4,4,4.5,f,+3.5,-1
sigma+,sigma-,124,95,-72675.574178,9.587787e-04,5,5,5.5,e,+2.5,-1,4,4,4.5,f,+4.5,-1
sigma+,sigma-,96,69,-72674.716557,2.007924e-02,5,5,4.5,e,-4.5,-1,4,4,3.5,f,-2.5,-1
sigma+,sigma-,97,70,-72674.714465,2.676109e-02,5,5,4.5,e,-3.5,-1,4,4,3.5,f,-1.5,-1
sigma+,sigma-,98,71,-72674.712374,2.507804e-02,5,5,4.5,e,-2.5,-1,4,4,3.5,f,-0.5,-1
sigma+,sigma-,99,72,-72674.710284,1.909912e-02,5,5,4.5,e,-1.5,-1,4,4,3.5,f,+0.5,-1
sigma+,sigma-,100,73,-72674.708195,1.193199e-02,5,5,4.5,e,-0.5,-1,4,4,3.5,f,+1.5,-1
sigma+,sigma-,101,74,-72674.706106,5.724987e-03,5,5,4.5,e,+0.5,-1,4,4,3.5,f,+2.5,-1
sigma+,sigma-,102,75,-72674.704019,1.669100e-03,5,5,4.5,e,+1.5,-1,4,4,3.5,f,+3.5,-1
sigma+,sigma-,116,68,-72671.164754,2.215511e-03,5,5,5.5,e,-5.5,-1,4,4,3.5,f,-3.5,-1
sigma+,sigma-,117,69,-72671.158351,1.403691e-03,5,5,5.5,e,-4.5,-1,4,4,3.5,f,-2.5,-1
sigma+,sigma-,118,70,-72671.151955,8.385284e-04,5,5,5.5,e,-3.5,-1,4,4,3.5,f,-1.5,-1
sigma+,sigma-,119,71,-72671.145564,4.638128e-04,5,5,5.5,e,-2.5,-1,4,4,3.5,f,-0.5,-1
sigma+,sigma-,120,72,-72671.139180,2.308941e-04,5,5,5.5,e,-1.5,-1,4,4,3.5,f,+0.5,-1
sigma+,sigma-,121,73,-72671.132802,9.852324e-05,5,5,5.5,e,-0.5,-1,4,4,3.5,f,+1.5,-1
sigma+,sigma-,122,74,-72671.126429,3.269811e-05,5,5,5.5,e,+0.5,-1,4,4,3.5,f,+2.5,-1
sigma+,sigma-,123,75,-72671.120063,6.511190e-06,5,5,5.5,e,+1.5,-1,4,4,3.5,f,+3.5,-1
sigma+,sigma-,68,46,-58240.899983,8.324947e-03,4,4,3.5,f,-3.5,-1,3,3,3.5,e,-1.5,-1
sigma+,sigma-,69,47,-58240.899415,1.778660e-02,4,4,3.5,f,-2.5,-1,3,3,3.5,e,-0.5,-1
sigma+,sigma-,70,48,-58240.898836,2.364581e-02,4,4,3.5,f,-1.5,-1,3,3,3.5,e,+0.5,-1
sigma+,sigma-,71,49,-58240.898245,2.357659e-02,4,4,3.5,f,-0.5,-1,3,3,3.5,e,+1.5,-1
sigma+,sigma-,72,50,-58240.897643,1.763086e-02,4,4,3.5,f,+0.5,-1,3,3,3.5,e,+2.5,-1
sigma+,sigma-,73,51,-58240.897031,8.203813e-03,4,4,3.5,f,+1.5,-1,3,3,3.5,e,+3.5,-1
sigma+,sigma-,86,45,-58236.490095,1.977517e-01,4,4,4.5,f,-4.5,-1,3,3,3.5,e,-2.5,-1
sigma+,sigma-,87,46,-58236.483951,2.639083e-01,4,4,4.5,f,-3.5,-1,3,3,3.5,e,-1.5,-1
sigma+,sigma-,88,47,-58236.477803,2.476375e-01,4,4,4.5,f,-2.5,-1,3,3,3.5,e,-0.5,-1
sigma+,sigma-,89,48,-58236.471651,1.888458e-01,4,4,4.5,f,-1.5,-1,3,3,3.5,e,+0.5,-1
sigma+,sigma-,90,49,-58236.465495,1.181343e-01,4,4,4.5,f,-0.5,-1,3,3,3.5,e,+1.5,-1
sigma+,sigma-,91,50,-58236.459334,5.675497e-02,4,4,4.5,f,+0.5,-1,3,3,3.5,e,+2.5,-1
sigma+,sigma-,92,51,-58236.453170,1.656821e-02,4,4,4.5,f,+1.5,-1,3,3,3.5,e,+3.5,-1
sigma+,sigma-,68,33,-58235.117908,2.291951e-01,4,4,3.5,f,-3.5,-1,3,3,2.5,e,-1.5,-1
sigma+,sigma-,69,34,-58235.107867,2.617749e-01,4,4,3.5,f,-2.5,-1,3,3,2.5,e,-0.5,-1
sigma+,sigma-,70,35,-58235.097831,1.962100e-01,4,4,3.5,f,-1.5,-1,3,3,2.5,e,+0.5,-1
sigma+,sigma-,71,36,-58235.087798,1.045810e-01,4,4,3.5,f,-0.5,-1,3,3,2.5,e,+1.5,-1
sigma+,sigma-,72,37,-58235.077770,3.266157e-02,4,4,3.5,f,+0.5,-1,3,3,2.5,e,+2.5,-1
sigma+,sigma-,86,32,-58230.717509,3.337790e-02,4,4,4.5,f,-4.5,-1,3,3,2.5,e,-2.5,-1
sigma+,sigma-,87,33,-58230.701876,1.849181e-02,4,4,4.5,f,-3.5,-1,3,3,2.5,e,-1.5,-1
sigma+,sigma-,88,34,-58230.686256,9.220282e-03,4,4,4.5,f,-2.5,-1,3,3,2.5,e,-0.5,-1
sigma+,sigma-,89,35,-58230.670646,3.940614e-03,4,4,4.5,f,-1.5,-1,3,3,2.5,e,+0.5,-1
sigma+,sigma-,90,36,-58230.655048,1.309908e-03,4,4,4.5,f,-0.5,-1,3,3,2.5,e,+1.5,-1
sigma+,sigma-,91,37,-58230.639461,2.612588e-04,4,4,4.5,f,+0.5,-1,3,3,2.5,e,+2.5,-1
sigma+,sigma-,65,59,-58156.265096,4.764719e-04,4,4,3.5,e,+1.5,+1,3,3,3.5,f,+3.5,+1
sigma+,sigma-,64,58,-58156.262309,1.023521e-03,4,4,3.5,e,+0.5,+1,3,3,3.5,f,+2.5,+1
sigma+,sigma-,63,57,-58156.259511,1.368059e-03,4,4,3.5,e,-0.5,+1,3,3,3.5,f,+1.5,+1
sigma+,sigma-,62,56,-58156.256703,1.371445e-03,4,4,3.5,e,-1.5,+1,3,3,3.5,f,+0.5,+1
sigma+,sigma-,61,55,-58156.253883,1.031137e-03,4,4,3.5,e,-2.5,+1,3,3,3.5,f,-0.5,+1
sigma+,sigma-,60,54,-58156.251053,4.823964e-04,4,4,3.5,e,-3.5,+1,3,3,3.5,f,-1.5,+1
sigma+,sigma-,76,53,-58151.839493,1.142111e-02,4,4,4.5,e,-4.5,+1,3,3,3.5,f,-2.5,+1
sigma+,sigma-,77,54,-58151.836360,1.524242e-02,4,4,4.5,e,-3.5,+1,3,3,3.5,f,-1.5,+1
sigma+,sigma-,78,55,-58151.833224,1.430309e-02,4,4,4.5,e,-2.5,+1,3,3,3.5,f,-0.5,+1
sigma+,sigma-,79,56,-58151.830085,1.090770e-02,4,4,4.5,e,-1.5,+1,3,3,3.5,f,+0.5,+1
sigma+,sigma-,80,57,-58151.826943,6.823610e-03,4,4,4.5,e,-0.5,+1,3,3,3.5,f,+1.5,+1
sigma+,sigma-,81,58,-58151.823798,3.278343e-03,4,4,4.5,e,+0.5,+1,3,3,3.5,f,+2.5,+1
sigma+,sigma-,82,59,-58151.820651,9.570580e-04,4,4,4.5,e,+1.5,+1,3,3,3.5,f,+3.5,+1
sigma+,sigma-,60,39,-58150.468246,1.325277e-02,4,4,3.5,e,-3.5,+1,3,3,2.5,f,-1.5,+1
sigma+,sigma-,61,40,-58150.462098,1.513683e-02,4,4,3.5,e,-2.5,+1,3,3,2.5,f,-0.5,+1
sigma+,sigma-,62,41,-58150.455954,1.134575e-02,4,4,3.5,e,-1.5,+1,3,3,2.5,f,+0.5,+1
sigma+,sigma-,63,42,-58150.449812,6.047422e-03,4,4,3.5,e,-0.5,+1,3,3,2.5,f,+1.5,+1
sigma+,sigma-,64,43,-58150.443673,1.888685e-03,4,4,3.5,e,+0.5,+1,3,3,2.5,f,+2.5,+1
sigma+,sigma-,76,38,-58146.065678,1.928782e-03,4,4,4.5,e,-4.5,+1,3,3,2.5,f,-2.5,+1
sigma+,sigma-,77,39,-58146.053553,1.067085e-03,4,4,4.5,e,-3.5,+1,3,3,2.5,f,-1.5,+1
sigma+,sigma-,78,40,-58146.041439,5.313249e-04,4,4,4.5,e,-2.5,+1,3,3,2.5,f,-0.5,+1
sigma+,sigma-,79,41,-58146.029336,2.267659e-04,4,4,4.5,e,-1.5,+1,3,3,2.5,f,+0.5,+1
sigma+,sigma-,80,42,-58146.017244,7.527557e-05,4,4,4.5,e,-0.5,+1,3,3,2.5,f,+1.5,+1
sigma+,sigma-,81,43,-58146.005162,1.499287e-05,4,4,4.5,e,+0.5,+1,3,3,2.5,f,+2.5,+1
sigma+,sigma-,38,22,-43675.977297,3.053532e-02,3,3,2.5,f,-2.5,+1,2,2,2.5,e,-0.5,+1
sigma+,sigma-,39,23,-43675.973948,5.473152e-02,3,3,2.5,f,-1.5,+1,2,2,2.5,e,+0.5,+1
sigma+,sigma-,40,24,-43675.970568,5.450150e-02,3,3,2.5,f,-0.5,+1,2,2,2.5,e,+1.5,+1
sigma+,sigma-,41,25,-43675.967159,3.015194e-02,3,3,2.5,f,+0.5,+1,2,2,2.5,e,+2.5,+1
sigma+,sigma-,52,21,-43670.215807,2.821573e-01,3,3,3.5,f,-3.5,+1,2,2,2.5,e,-1.5,+1
sigma+,sigma-,53,22,-43670.203482,3.230350e-01,3,3,3.5,f,-2.5,+1,2,2,2.5,e,-0.5,+1
sigma+,sigma-,54,23,-43670.191141,2.427013e-01,3,3,3.5,f,-1.5,+1,2,2,2.5,e,+0.5,+1
sigma+,sigma-,55,24,-43670.178783,1.296663e-01,3,3,3.5,f,-0.5,+1,2,2,2.5,e,+1.5,+1
sigma+,sigma-,56,25,-43670.166410,4.059092e-02,3,3,3.5,f,+0.5,+1,2,2,2.5,e,+2.5,+1
sigma+,sigma-,38,13,-43667.657299,3.228898e-01,3,3,2.5,f,-2.5,+1,2,2,1.5,e,-0.5,+1
sigma+,sigma-,39,14,-43667.634350,2.580330e-01,3,3,2.5,f,-1.5,+1,2,2,1.5,e,+0.5,+1
sigma+,sigma-,40,15,-43667.611416,9.665851e-02,3,3,2.5,f,-0.5,+1,2,2,1.5,e,+1.5,+1
sigma+,sigma-,52,12,-43661.915456,7.144579e-02,3,3,3.5,f,-3.5,+1,2,2,1.5,e,-1.5,+1
sigma+,sigma-,53,13,-43661.883484,3.052764e-02,3,3,3.5,f,-2.5,+1,2,2,1.5,e,-0.5,+1
sigma+,sigma-,54,14,-43661.851543,1.014536e-02,3,3,3.5,f,-1.5,+1,2,2,1.5,e,+0.5,+1
sigma+,sigma-,55,15,-43661.819631,2.022996e-03,3,3,3.5,f,-0.5,+1,2,2,1.5,e,+1.5,+1
sigma+,sigma-,33,29,-43628.361682,5.655389e-04,3,3,2.5,e,-1.5,-1,2,2,2.5,f,+0.5,-1
sigma+,sigma-,32,28,-43628.361676,3.154139e-04,3,3,2.5,e,-2.5,-1,2,2,2.5,f,-0.5,-1
sigma+,sigma-,34,30,-43628.361660,5.633515e-04,3,3,2.5,e,-0.5,-1,2,2,2.5,f,+1.5,-1
sigma+,sigma-,35,31,-43628.361608,3.117681e-04,3,3,2.5,e,+0.5,-1,2,2,2.5,f,+2.5,-1
sigma+,sigma-,44,27,-43622.598558,2.871826e-03,3,3,3.5,e,-3.5,-1,2,2,2.5,f,-1.5,-1
sigma+,sigma-,45,28,-43622.589089,3.288023e-03,3,3,3.5,e,-2.5,-1,2,2,2.5,f,-0.5,-1
sigma+,sigma-,46,29,-43622.579607,2.470448e-03,3,3,3.5,e,-1.5,-1,2,2,2.5,f,+0.5,-1
sigma+,sigma-,47,30,-43622.570112,1.319924e-03,3,3,3.5,e,-0.5,-1,2,2,2.5,f,+1.5,-1
sigma+,sigma-,48,31,-43622.560603,4.132075e-04,3,3,3.5,e,+0.5,-1,2,2,2.5,f,+2.5,-1
sigma+,sigma-,32,17,-43620.041342,3.296624e-03,3,3,2.5,e,-2.5,-1,2,2,1.5,f,-0.5,-1
sigma+,sigma-,33,18,-43620.022439,2.634442e-03,3,3,2.5,e,-1.5,-1,2,2,1.5,f,+0.5,-1
sigma+,sigma-,34,19,-43620.003549,9.868513e-04,3,3,2.5,e,-0.5,-1,2,2,1.5,f,+1.5,-1
sigma+,sigma-,44,16,-43614.297178,7.300638e-04,3,3,3.5,e,-3.5,-1,2,2,1.5,f,-1.5,-1
sigma+,sigma-,45,17,-43614.268756,3.116146e-04,3,3,3.5,e,-2.5,-1,2,2,1.5,f,-0.5,-1
sigma+,sigma-,46,18,-43614.240364,1.034509e-04,3,3,3.5,e,-1.5,-1,2,2,1.5,f,+0.5,-1
sigma+,sigma-,47,19,-43614.212001,2.060656e-05,3,3,3.5,e,-0.5,-1,2,2,1.5,f,+1.5,-1
sigma+,sigma-,16,6,-29117.702035,1.988550e-01,2,2,1.5,f,-1.5,-1,1,1,1.5,e,+0.5,-1
sigma+,sigma-,17,7,-29117.683471,1.971858e-01,2,2,1.5,f,-0.5,-1,1,1,1.5,e,+1.5,-1
sigma+,sigma-,26,5,-29109.438009,4.377226e-01,2,2,2.5,f,-2.5,-1,1,1,1.5,e,-0.5,-1
sigma+,sigma-,27,6,-29109.400655,3.522688e-01,2,2,2.5,f,-1.5,-1,1,1,1.5,e,+0.5,-1
sigma+,sigma-,28,7,-29109.363137,1.328793e-01,2,2,2.5,f,-0.5,-1,1,1,1.5,e,+1.5,-1
sigma+,sigma-,16,1,-29102.616488,3.944788e-01,2,2,1.5,f,-1.5,-1,1,1,0.5,e,+0.5,-1
sigma+,sigma-,12,10,-29096.539505,2.001297e-03,2,2,1.5,e,-1.5,+1,1,1,1.5,f,+0.5,+1
sigma+,sigma-,13,11,-29096.524170,1.985001e-03,2,2,1.5,e,-0.5,+1,1,1,1.5,f,+1.5,+1
sigma+,sigma-,26,0,-29094.427603,2.221372e-01,2,2,2.5,f,-2.5,-1,1,1,0.5,e,-0.5,-1
sigma+,sigma-,27,1,-29094.315108,4.426179e-02,2,2,2.5,f,-1.5,-1,1,1,0.5,e,+0.5,-1
sigma+,sigma-,20,9,-29088.273979,4.486315e-03,2,2,2.5,e,-2.5,+1,1,1,1.5,f,-0.5,+1
sigma+,sigma-,21,10,-29088.239154,3.610816e-03,2,2,2.5,e,-1.5,+1,1,1,1.5,f,+0.5,+1
sigma+,sigma-,22,11,-29088.204172,1.362161e-03,2,2,2.5,e,-0.5,+1,1,1,1.5,f,+1.5,+1
sigma+,sigma-,12,3,-29081.454542,4.053947e-03,2,2,1.5,e,-1.5,+1,1,1,0.5,f,+0.5,+1
sigma+,sigma-,20,2,-29073.263007,2.256540e-03,2,2,2.5,e,-2.5,+1,1,1,0.5,f,-0.5,+1
sigma+,sigma-,21,3,-29073.154192,4.494050e-04,2,2,2.5,e,-1.5,+1,1,1,0.5,f,+0.5,+1
sigma+,sigma-,2,11,-14.886798,4.735845e-01,1,1,0.5,f,-0.5,+1,1,1,1.5,f,+1.5,+1
sigma+,sigma-,0,7,-14.883925,8.372904e-02,1,1,0.5,e,-0.5,-1,1,1,1.5,e,+1.5,-1
sigma+,sigma-,18,31,-8.287505,1.708911e-02,2,2,1.5,f,+0.5,-1,2,2,2.5,f,+2.5,-1
sigma+,sigma-,14,25,-8.285093,9.651350e-02,2,2,1.5,e,+0.5,+1,2,2,2.5,e,+2.5,+1
sigma+,sigma-,17,30,-8.268638,1.373335e-02,2,2,1.5,f,-0.5,-1,2,2,2.5,f,+1.5,-1
sigma+,sigma-,13,24,-8.265538,7.757267e-02,2,2,1.5,e,-0.5,+1,2,2,2.5,e,+1.5,+1
sigma+,sigma-,16,29,-8.249728,5.173491e-03,2,2,1.5,f,-1.5,-1,2,2,2.5,f,+0.5,-1
sigma+,sigma-,12,23,-8.245937,2.922673e-02,2,2,1.5,e,-1.5,+1,2,2,2.5,e,+0.5,+1
sigma+,sigma-,42,59,-5.779883,2.854226e-03,3,3,2.5,f,+1.5,+1,3,3,3.5,f,+3.5,+1
sigma+,sigma-,36,51,-5.777667,4.915662e-02,3,3,2.5,e,+1.5,-1,3,3,3.5,e,+3.5,-1
sigma+,sigma-,41,58,-5.770947,3.272018e-03,3,3,2.5,f,+0.5,+1,3,3,3.5,f,+2.5,+1
sigma+,sigma-,35,50,-5.768241,5.636110e-02,3,3,2.5,e,+0.5,-1,3,3,3.5,e,+2.5,-1
sigma+,sigma-,40,57,-5.761996,2.461594e-03,3,3,2.5,f,-0.5,+1,3,3,3.5,f,+1.5,+1
sigma+,sigma-,34,49,-5.758799,4.240830e-02,3,3,2.5,e,-0.5,-1,3,3,3.5,e,+1.5,-1
sigma+,sigma-,39,56,-5.753032,1.316918e-03,3,3,2.5,f,-1.5,+1,3,3,3.5,f,+0.5,+1
sigma+,sigma-,33,48,-5.749341,2.269156e-02,3,3,2.5,e,-1.5,-1,3,3,3.5,e,+0.5,-1
sigma+,sigma-,38,55,-5.744054,4.128159e-04,3,3,2.5,f,-2.5,+1,3,3,3.5,f,-0.5,+1
sigma+,sigma-,32,47,-5.739868,7.114324e-03,3,3,2.5,e,-2.5,-1,3,3,3.5,e,-0.5,-1
sigma+,sigma-,74,95,-4.428931,8.820753e-04,4,4,3.5,f,+2.5,-1,4,4,4.5,f,+4.5,-1
sigma+,sigma-,66,85,-4.426824,2.687575e-02,4,4,3.5,e,+2.5,+1,4,4,4.5,e,+4.5,+1
sigma+,sigma-,73,94,-4.423393,1.179025e-03,4,4,3.5,f,+1.5,-1,4,4,4.5,f,+3.5,-1
sigma+,sigma-,65,84,-4.420906,3.592950e-02,4,4,3.5,e,+1.5,+1,4,4,4.5,e,+3.5,+1
sigma+,sigma-,72,93,-4.417848,1.108092e-03,4,4,3.5,f,+0.5,-1,4,4,4.5,f,+2.5,-1
sigma+,sigma-,64,83,-4.414979,3.377359e-02,4,4,3.5,e,+0.5,+1,4,4,4.5,e,+2.5,+1
sigma+,sigma-,71,92,-4.412296,8.463703e-04,4,4,3.5,f,-0.5,-1,4,4,4.5,f,+1.5,-1
sigma+,sigma-,63,82,-4.409044,2.580096e-02,4,4,3.5,e,-0.5,+1,4,4,4.5,e,+1.5,+1
sigma+,sigma-,70,91,-4.406737,5.303068e-04,4,4,3.5,f,-1.5,-1,4,4,4.5,f,+0.5,-1
sigma+,sigma-,62,81,-4.403102,1.616877e-02,4,4,3.5,e,-1.5,+1,4,4,4.5,e,+0.5,+1
sigma+,sigma-,69,90,-4.401171,2.551866e-04,4,4,3.5,f,-2.5,-1,4,4,4.5,f,-0.5,-1
sigma+,sigma-,61,80,-4.397152,7.781841e-03,4,4,3.5,e,-2.5,+1,4,4,4.5,e,-0.5,+1
sigma+,sigma-,68,89,-4.395598,7.461685e-05,4,4,3.5,f,-3.5,-1,4,4,4.5,f,-1.5,-1
sigma+,sigma-,60,79,-4.391193,2.275812e-03,4,4,3.5,e,-3.5,+1,4,4,4.5,e,-1.5,+1
sigma+,sigma-,114,139,-3.575702,3.771342e-04,5,5,4.5,f,+3.5,+1,5,5,5.5,f,+5.5,+1
sigma+,sigma-,104,127,-3.573664,1.603140e-02,5,5,4.5,e,+3.5,-1,5,5,5.5,e,+5.5,-1
sigma+,sigma-,113,138,-3.571749,5.497630e-04,5,5,4.5,f,+2.5,+1,5,5,5.5,f,+4.5,+1
sigma+,sigma-,103,126,-3.569401,2.337362e-02,5,5,4.5,e,+2.5,-1,5,5,5.5,e,+4.5,-1
sigma+,sigma-,112,137,-3.567792,5.785211e-04,5,5,4.5,f,+1.5,+1,5,5,5.5,f,+3.5,+1
sigma+,sigma-,102,125,-3.565133,2.460056e-02,5,5,4.5,e,+1.5,-1,5,5,5.5,e,+3.5,-1
sigma+,sigma-,111,136,-3.563831,5.153748e-04,5,5,4.5,f,+0.5,+1,5,5,5.5,f,+2.5,+1
sigma+,sigma-,101,124,-3.560859,2.191920e-02,5,5,4.5,e,+0.5,-1,5,5,5.5,e,+2.5,-1
sigma+,sigma-,110,135,-3.559866,4.035263e-04,5,5,4.5,f,-0.5,+1,5,5,5.5,f,+1.5,+1
sigma+,sigma-,100,123,-3.556580,1.716522e-02,5,5,4.5,e,-0.5,-1,5,5,5.5,e,+1.5,-1
sigma+,sigma-,109,134,-3.555896,2.773166e-04,5,5,4.5,f,-1.5,+1,5,5,5.5,f,+0.5,+1
sigma+,sigma-,99,122,-3.552296,1.179858e-02,5,5,4.5,e,-1.5,-1,5,5,5.5,e,+0.5,-1
sigma+,sigma-,108,133,-3.551921,1.621270e-04,5,5,4.5,f,-2.5,+1,5,5,5.5,f,-0.5,+1
sigma+,sigma-,98,121,-3.548007,6.898999e-03,5,5,4.5,e,-2.5,-1,5,5,5.5,e,-0.5,-1
sigma+,sigma-,107,132,-3.547942,7.428009e-05,5,5,4.5,f,-3.5,+1,5,5,5.5,f,-1.5,+1
sigma+,sigma-,106,131,-3.543959,2.093785e-05,5,5,4.5,f,-4.5,+1,5,5,5.5,f,-2.5,+1
sigma+,sigma-,97,120,-3.543713,3.161405e-03,5,5,4.5,e,-3.5,-1,5,5,5.5,e,-1.5,-1
sigma+,sigma-,96,119,-3.539414,8.912864e-04,5,5,4.5,e,-4.5,-1,5,5,5.5,e,-2.5,-1
sigma+,sigma-,128,130,0.015651,1.697801e-03,5,5,5.5,f,-5.5,+1,5,5,5.5,f,-3.5,+1
sigma+,sigma-,129,131,0.015656,4.169403e-03,5,5,5.5,f,-4.5,+1,5,5,5.5,f,-2.5,+1
sigma+,sigma-,130,132,0.015660,6.674353e-03,5,5,5.5,f,-3.5,+1,5,5,5.5,f,-1.5,+1
sigma+,sigma-,131,133,0.015665,8.656214e-03,5,5,5.5,f,-2.5,+1,5,5,5.5,f,-0.5,+1
sigma+,sigma-,132,134,0.015669,9.743035e-03,5,5,5.5,f,-1.5,+1,5,5,5.5,f,+0.5,+1
sigma+,sigma-,133,135,0.015674,9.747814e-03,5,5,5.5,f,-0.5,+1,5,5,5.5,f,+1.5,+1
sigma+,sigma-,134,136,0.015678,8.668959e-03,5,5,5.5,f,+0.5,+1,5,5,5.5,f,+2.5,+1
sigma+,sigma-,135,137,0.015682,6.690740e-03,5,5,5.5,f,+1.5,+1,5,5,5.5,f,+3.5,+1
sigma+,sigma-,136,138,0.015687,4.183742e-03,5,5,5.5,f,+2.5,+1,5,5,5.5,f,+4.5,+1
sigma+,sigma-,137,139,0.015691,1.705311e-03,5,5,5.5,f,+3.5,+1,5,5,5.5,f,+5.5,+1
sigma+,sigma-,116,118,0.018787,7.267420e-02,5,5,5.5,e,-5.5,-1,5,5,5.5,e,-3.5,-1
sigma+,sigma-,117,119,0.018792,1.784786e-01,5,5,5.5,e,-4.5,-1,5,5,5.5,e,-2.5,-1
sigma+,sigma-,118,120,0.018797,2.857196e-01,5,5,5.5,e,-3.5,-1,5,5,5.5,e,-1.5,-1
sigma+,sigma-,119,121,0.018802,3.705760e-01,5,5,5.5,e,-2.5,-1,5,5,5.5,e,-0.5,-1
sigma+,sigma-,120,122,0.018808,4.171208e-01,5,5,5.5,e,-1.5,-1,5,5,5.5,e,+0.5,-1
sigma+,sigma-,121,123,0.018813,4.173429e-01,5,5,5.5,e,-0.5,-1,5,5,5.5,e,+1.5,-1
sigma+,sigma-,122,124,0.018818,3.711682e-01,5,5,5.5,e,+0.5,-1,5,5,5.5,e,+2.5,-1
sigma+,sigma-,123,125,0.018823,2.864810e-01,5,5,5.5,e,+1.5,-1,5,5,5.5,e,+3.5,-1
sigma+,sigma-,124,126,0.018828,1.791449e-01,5,5,5.5,e,+2.5,-1,5,5,5.5,e,+4.5,-1
sigma+,sigma-,125,127,0.018833,7.302321e-02,5,5,5.5,e,+3.5,-1,5,5,5.5,e,+5.5,-1
sigma+,sigma-,86,88,0.020426,3.086636e-03,4,4,4.5,f,-4.5,-1,4,4,4.5,f,-2.5,-1
sigma+,sigma-,87,89,0.020433,7.207346e-03,4,4,4.5,f,-3.5,-1,4,4,4.5,f,-1.5,-1
sigma+,sigma-,88,90,0.020440,1.081879e-02,4,4,4.5,f,-2.5,-1,4,4,4.5,f,-0.5,-1
sigma+,sigma-,89,91,0.020447,1.288872e-02,4,4,4.5,f,-1.5,-1,4,4,4.5,f,+0.5,-1
sigma+,sigma-,90,92,0.020454,1.289791e-02,4,4,4.5,f,-0.5,-1,4,4,4.5,f,+1.5,-1
sigma+,sigma-,91,93,0.020461,1.084193e-02,4,4,4.5,f,+0.5,-1,4,4,4.5,f,+2.5,-1
sigma+,sigma-,92,94,0.020468,7.233059e-03,4,4,4.5,f,+1.5,-1,4,4,4.5,f,+3.5,-1
sigma+,sigma-,93,95,0.020475,3.102064e-03,4,4,4.5,f,+2.5,-1,4,4,4.5,f,+4.5,-1
sigma+,sigma-,76,78,0.023492,9.460170e-02,4,4,4.5,e,-4.5,+1,4,4,4.5,e,-2.5,+1
sigma+,sigma-,77,79,0.023500,2.209087e-01,4,4,4.5,e,-3.5,+1,4,4,4.5,e,-1.5,+1
sigma+,sigma-,78,80,0.023508,3.316192e-01,4,4,4.5,e,-2.5,+1,4,4,4.5,e,-0.5,+1
sigma+,sigma-,79,81,0.023516,3.950885e-01,4,4,4.5,e,-1.5,+1,4,4,4.5,e,+0.5,+1
sigma+,sigma-,80,82,0.023524,3.953912e-01,4,4,4.5,e,-0.5,+1,4,4,4.5,e,+1.5,+1
sigma+,sigma-,81,83,0.023532,3.323820e-01,4,4,4.5,e,+0.5,+1,4,4,4.5,e,+2.5,+1
sigma+,sigma-,82,84,0.023540,2.217563e-01,4,4,4.5,e,+1.5,+1,4,4,4.5,e,+3.5,+1
sigma+,sigma-,83,85,0.023548,9.511025e-02,4,4,4.5,e,+2.5,+1,4,4,4.5,e,+4.5,+1
sigma+,sigma-,113,115,0.023596,2.319915e-03,5,5,4.5,f,+2.5,+1,5,5,4.5,f,+4.5,+1
sigma+,sigma-,112,114,0.023600,5.415005e-03,5,5,4.5,f,+1.5,+1,5,5,4.5,f,+3.5,+1
sigma+,sigma-,111,113,0.023605,8.125325e-03,5,5,4.5,f,+0.5,+1,5,5,4.5,f,+2.5,+1
sigma+,sigma-,110,112,0.023609,9.676370e-03,5,5,4.5,f,-0.5,+1,5,5,4.5,f,+1.5,+1
sigma+,sigma-,109,111,0.023613,9.679746e-03,5,5,4.5,f,-1.5,+1,5,5,4.5,f,+0.5,+1
sigma+,sigma-,108,110,0.023618,8.133833e-03,5,5,4.5,f,-2.5,+1,5,5,4.5,f,-0.5,+1
sigma+,sigma-,107,109,0.023622,5.424459e-03,5,5,4.5,f,-3.5,+1,5,5,4.5,f,-1.5,+1
sigma+,sigma-,106,108,0.023627,2.325587e-03,5,5,4.5,f,-4.5,+1,5,5,4.5,f,-2.5,+1
sigma+,sigma-,103,105,0.027360,9.936325e-02,5,5,4.5,e,+2.5,-1,5,5,4.5,e,+4.5,-1
sigma+,sigma-,102,104,0.027365,2.319324e-01,5,5,4.5,e,+1.5,-1,5,5,4.5,e,+3.5,-1
sigma+,sigma-,101,103,0.027370,3.480263e-01,5,5,4.5,e,+0.5,-1,5,5,4.5,e,+2.5,-1
sigma+,sigma-,100,102,0.027375,4.144696e-01,5,5,4.5,e,-0.5,-1,5,5,4.5,e,+1.5,-1
sigma+,sigma-,99,101,0.027380,4.146227e-01,5,5,4.5,e,-1.5,-1,5,5,4.5,e,+0.5,-1
sigma+,sigma-,98,100,0.027386,3.484122e-01,5,5,4.5,e,-2.5,-1,5,5,4.5,e,-0.5,-1
sigma+,sigma-,97,99,0.027391,2.323612e-01,5,5,4.5,e,-3.5,-1,5,5,4.5,e,-1.5,-1
sigma+,sigma-,96,98,0.027396,9.962057e-02,5,5,4.5,e,-4.5,-1,5,5,4.5,e,-2.5,-1
sigma+,sigma-,52,54,0.029747,7.131660e-03,3,3,3.5,f,-3.5,+1,3,3,3.5,f,-1.5,+1
sigma+,sigma-,53,55,0.029761,1.530117e-02,3,3,3.5,f,-2.5,+1,3,3,3.5,f,-0.5,+1
sigma+,sigma-,54,56,0.029775,2.042683e-02,3,3,3.5,f,-1.5,+1,3,3,3.5,f,+0.5,+1
sigma+,sigma-,55,57,0.029789,2.045201e-02,3,3,3.5,f,-0.5,+1,3,3,3.5,f,+1.5,+1
sigma+,sigma-,56,58,0.029802,1.535781e-02,3,3,3.5,f,+0.5,+1,3,3,3.5,f,+2.5,+1
sigma+,sigma-,57,59,0.029816,7.175719e-03,3,3,3.5,f,+1.5,+1,3,3,3.5,f,+3.5,+1
sigma+,sigma-,73,75,0.031551,4.449006e-03,4,4,3.5,f,+1.5,-1,4,4,3.5,f,+3.5,-1
sigma+,sigma-,72,74,0.031558,9.538000e-03,4,4,3.5,f,+0.5,-1,4,4,3.5,f,+2.5,-1
sigma+,sigma-,71,73,0.031565,1.272324e-02,4,4,3.5,f,-0.5,-1,4,4,3.5,f,+1.5,-1
sigma+,sigma-,70,72,0.031572,1.272918e-02,4,4,3.5,f,-1.5,-1,4,4,3.5,f,+0.5,-1
sigma+,sigma-,69,71,0.031579,9.551351e-03,4,4,3.5,f,-2.5,-1,4,4,3.5,f,-0.5,-1
sigma+,sigma-,68,70,0.031586,4.459391e-03,4,4,3.5,f,-3.5,-1,4,4,3.5,f,-1.5,-1
sigma+,sigma-,44,46,0.032702,1.233703e-01,3,3,3.5,e,-3.5,-1,3,3,3.5,e,-1.5,-1
sigma+,sigma-,45,47,0.032718,2.647143e-01,3,3,3.5,e,-2.5,-1,3,3,3.5,e,-0.5,-1
sigma+,sigma-,46,48,0.032733,3.534164e-01,3,3,3.5,e,-1.5,-1,3,3,3.5,e,+0.5,-1
sigma+,sigma-,47,49,0.032749,3.538784e-01,3,3,3.5,e,-0.5,-1,3,3,3.5,e,+1.5,-1
sigma+,sigma-,48,50,0.032764,2.657538e-01,3,3,3.5,e,+0.5,-1,3,3,3.5,e,+2.5,-1
sigma+,sigma-,49,51,0.032780,1.241788e-01,3,3,3.5,e,+1.5,-1,3,3,3.5,e,+3.5,-1
sigma+,sigma-,65,67,0.035385,1.364819e-01,4,4,3.5,e,+1.5,+1,4,4,3.5,e,+3.5,+1
sigma+,sigma-,64,66,0.035393,2.926031e-01,4,4,3.5,e,+0.5,+1,4,4,3.5,e,+2.5,+1
sigma+,sigma-,63,65,0.035401,3.903275e-01,4,4,3.5,e,-0.5,+1,4,4,3.5,e,+1.5,+1
sigma+,sigma-,62,64,0.035409,3.905183e-01,4,4,3.5,e,-1.5,+1,4,4,3.5,e,+0.5,+1
sigma+,sigma-,61,63,0.035417,2.930324e-01,4,4,3.5,e,-2.5,+1,4,4,3.5,e,-0.5,+1
sigma+,sigma-,60,62,0.035425,1.368158e-01,4,4,3.5,e,-3.5,+1,4,4,3.5,e,-1.5,+1
sigma+,sigma-,41,43,0.047689,1.101174e-02,3,3,2.5,f,+0.5,+1,3,3,2.5,f,+2.5,+1
sigma+,sigma-,40,42,0.047703,1.983503e-02,3,3,2.5,f,-0.5,+1,3,3,2.5,f,+1.5,+1
sigma+,sigma-,39,41,0.047717,1.984899e-02,3,3,2.5,f,-1.5,+1,3,3,2.5,f,+0.5,+1
sigma+,sigma-,38,40,0.047731,1.103502e-02,3,3,2.5,f,-2.5,+1,3,3,2.5,f,-0.5,+1
sigma+,sigma-,26,28,0.051610,2.560759e-02,2,2,2.5,f,-2.5,-1,2,2,2.5,f,-0.5,-1
sigma+,sigma-,35,37,0.051633,1.907884e-01,3,3,2.5,e,+0.5,-1,3,3,2.5,e,+2.5,-1
sigma+,sigma-,34,36,0.051648,3.436679e-01,3,3,2.5,e,-0.5,-1,3,3,2.5,e,+1.5,-1
sigma+,sigma-,27,29,0.051653,4.623425e-02,2,2,2.5,f,-1.5,-1,2,2,2.5,f,+0.5,-1
sigma+,sigma-,33,35,0.051664,3.439180e-01,3,3,2.5,e,-1.5,-1,3,3,2.5,e,+0.5,-1
sigma+,sigma-,32,34,0.051679,1.912052e-01,3,3,2.5,e,-2.5,-1,3,3,2.5,e,-0.5,-1
sigma+,sigma-,28,30,0.051696,4.637408e-02,2,2,2.5,f,-0.5,-1,2,2,2.5,f,+1.5,-1
sigma+,sigma-,29,31,0.051738,2.584065e-02,2,2,2.5,f,+0.5,-1,2,2,2.5,f,+2.5,-1
sigma+,sigma-,20,22,0.054367,1.449564e-01,2,2,2.5,e,-2.5,+1,2,2,2.5,e,-0.5,+1
sigma+,sigma-,21,23,0.054413,2.617499e-01,2,2,2.5,e,-1.5,+1,2,2,2.5,e,+0.5,+1
sigma+,sigma-,22,24,0.054459,2.625736e-01,2,2,2.5,e,-0.5,+1,2,2,2.5,e,+1.5,+1
sigma+,sigma-,23,25,0.054505,1.463294e-01,2,2,2.5,e,+0.5,+1,2,2,2.5,e,+2.5,+1
sigma+,sigma-,17,19,0.089473,4.188404e-02,2,2,1.5,f,-0.5,-1,2,2,1.5,f,+1.5,-1
sigma+,sigma-,16,18,0.089516,4.193975e-02,2,2,1.5,f,-1.5,-1,2,2,1.5,f,+0.5,-1
sigma+,sigma-,13,15,0.093614,2.378484e-01,2,2,1.5,e,-0.5,+1,2,2,1.5,e,+1.5,+1
sigma+,sigma-,12,14,0.093660,2.381690e-01,2,2,1.5,e,-1.5,+1,2,2,1.5,e,+0.5,+1
sigma+,sigma-,8,10,0.123810,2.356746e-01,1,1,1.5,f,-1.5,+1,1,1,1.5,f,+0.5,+1
sigma+,sigma-,9,11,0.124174,2.403542e-01,1,1,1.5,f,-0.5,+1,1,1,1.5,f,+1.5,+1
sigma+,sigma-,4,6,0.126106,4.149370e-02,1,1,1.5,e,-1.5,-1,1,1,1.5,e,+0.5,-1
sigma+,sigma-,5,7,0.126481,4.233228e-02,1,1,1.5,e,-0.5,-1,1,1,1.5,e,+1.5,-1
sigma+,sigma-,128,107,3.579254,3.847359e-04,5,5,5.5,f,-5.5,+1,5,5,4.5,f,-3.5,+1
sigma+,sigma-,116,97,3.581297,1.638080e-02,5,5,5.5,e,-5.5,-1,5,5,4.5,e,-3.5,-1
sigma+,sigma-,129,108,3.583242,5.583606e-04,5,5,5.5,f,-4.5,+1,5,5,4.5,f,-2.5,+1
sigma+,sigma-,117,98,3.585602,2.376886e-02,5,5,5.5,e,-4.5,-1,5,5,4.5,e,-2.5,-1
sigma+,sigma-,130,109,3.587225,5.849665e-04,5,5,5.5,f,-3.5,+1,5,5,4.5,f,-1.5,+1
sigma+,sigma-,118,99,3.589901,2.489695e-02,5,5,5.5,e,-3.5,-1,5,5,4.5,e,-1.5,-1
sigma+,sigma-,131,110,3.591204,5.188091e-04,5,5,5.5,f,-2.5,+1,5,5,4.5,f,-0.5,+1
sigma+,sigma-,119,100,3.594195,2.207723e-02,5,5,5.5,e,-2.5,-1,5,5,4.5,e,-0.5,-1
sigma+,sigma-,132,111,3.595178,4.044165e-04,5,5,5.5,f,-1.5,+1,5,5,4.5,f,+0.5,+1
sigma+,sigma-,120,101,3.598484,1.720632e-02,5,5,5.5,e,-1.5,-1,5,5,4.5,e,+0.5,-1
sigma+,sigma-,133,112,3.599148,2.766976e-04,5,5,5.5,f,-0.5,+1,5,5,4.5,f,+1.5,+1
sigma+,sigma-,121,102,3.602768,1.177029e-02,5,5,5.5,e,-0.5,-1,5,5,4.5,e,+1.5,-1
sigma+,sigma-,134,113,3.603114,1.610489e-04,5,5,5.5,f,+0.5,+1,5,5,4.5,f,+2.5,+1
sigma+,sigma-,122,103,3.607047,6.849560e-03,5,5,5.5,e,+0.5,-1,5,5,4.5,e,+2.5,-1
sigma+,sigma-,135,114,3.607075,7.345941e-05,5,5,5.5,f,+1.5,+1,5,5,4.5,f,+3.5,+1
sigma+,sigma-,136,115,3.611032,2.061483e-05,5,5,5.5,f,+2.5,+1,5,5,4.5,f,+4.5,+1
sigma+,sigma-,123,104,3.611320,3.123745e-03,5,5,5.5,e,+1.5,-1,5,5,4.5,e,+3.5,-1
sigma+,sigma-,124,105,3.615589,8.764591e-04,5,5,5.5,e,+2.5,-1,5,5,4.5,e,+4.5,-1
sigma+,sigma-,86,69,4.442038,8.976912e-04,4,4,4.5,f,-4.5,-1,4,4,3.5,f,-2.5,-1
sigma+,sigma-,76,61,4.444151,2.738487e-02,4,4,4.5,e,-4.5,+1,4,4,3.5,e,-2.5,+1
sigma+,sigma-,87,70,4.447618,1.193891e-03,4,4,4.5,f,-3.5,-1,4,4,3.5,f,-1.5,-1
sigma+,sigma-,77,62,4.450118,3.641429e-02,4,4,4.5,e,-3.5,+1,4,4,3.5,e,-1.5,+1
sigma+,sigma-,88,71,4.453191,1.116445e-03,4,4,4.5,f,-2.5,-1,4,4,3.5,f,-0.5,-1
sigma+,sigma-,78,63,4.456076,3.404621e-02,4,4,4.5,e,-2.5,+1,4,4,3.5,e,-0.5,+1
sigma+,sigma-,89,72,4.458756,8.484817e-04,4,4,4.5,f,-1.5,-1,4,4,3.5,f,+0.5,-1
sigma+,sigma-,79,64,4.462027,2.587011e-02,4,4,4.5,e,-1.5,+1,4,4,3.5,e,+0.5,+1
sigma+,sigma-,90,73,4.464315,5.289683e-04,4,4,4.5,f,-0.5,-1,4,4,3.5,f,+1.5,-1
sigma+,sigma-,80,65,4.467969,1.612539e-02,4,4,4.5,e,-0.5,+1,4,4,3.5,e,+1.5,+1
sigma+,sigma-,91,74,4.469867,2.532683e-04,4,4,4.5,f,+0.5,-1,4,4,3.5,f,+2.5,-1
sigma+,sigma-,81,66,4.473904,7.719454e-03,4,4,4.5,e,+0.5,+1,4,4,3.5,e,+2.5,+1
sigma+,sigma-,92,75,4.475412,7.368519e-05,4,4,4.5,f,+1.5,-1,4,4,3.5,f,+3.5,-1
sigma+,sigma-,82,67,4.479830,2.245492e-03,4,4,4.5,e,+1.5,+1,4,4,3.5,e,+3.5,+1
sigma+,sigma-,52,39,5.812554,2.898781e-03,3,3,3.5,f,-3.5,+1,3,3,2.5,f,-1.5,+1
sigma+,sigma-,44,33,5.814777,4.996585e-02,3,3,3.5,e,-3.5,-1,3,3,2.5,e,-1.5,-1
sigma+,sigma-,53,40,5.821546,3.302540e-03,3,3,3.5,f,-2.5,+1,3,3,2.5,f,-0.5,+1
sigma+,sigma-,45,34,5.824266,5.691583e-02,3,3,3.5,e,-2.5,-1,3,3,2.5,e,-0.5,-1
sigma+,sigma-,54,41,5.830524,2.469189e-03,3,3,3.5,f,-1.5,+1,3,3,2.5,f,+0.5,+1
sigma+,sigma-,46,35,5.833739,4.254680e-02,3,3,3.5,e,-1.5,-1,3,3,2.5,e,+0.5,-1
sigma+,sigma-,55,42,5.839488,1.312811e-03,3,3,3.5,f,-0.5,+1,3,3,2.5,f,+1.5,+1
sigma+,sigma-,47,36,5.843196,2.261741e-02,3,3,3.5,e,-0.5,-1,3,3,2.5,e,+1.5,-1
sigma+,sigma-,56,43,5.848438,4.089834e-04,3,3,3.5,f,+0.5,+1,3,3,2.5,f,+2.5,+1
sigma+,sigma-,48,37,5.852638,7.044898e-03,3,3,3.5,e,+0.5,-1,3,3,2.5,e,+2.5,-1
sigma+,sigma-,26,17,8.371943,1.732415e-02,2,2,2.5,f,-2.5,-1,2,2,1.5,f,-0.5,-1
sigma+,sigma-,20,13,8.374364,9.788673e-02,2,2,2.5,e,-2.5,+1,2,2,1.5,e,-0.5,+1
sigma+,sigma-,27,18,8.390896,1.379577e-02,2,2,2.5,f,-1.5,-1,2,2,1.5,f,+0.5,-1
sigma+,sigma-,21,14,8.394011,7.793845e-02,2,2,2.5,e,-1.5,+1,2,2,1.5,e,+0.5,+1
sigma+,sigma-,28,19,8.409806,5.149795e-03,2,2,2.5,f,-0.5,-1,2,2,1.5,f,+1.5,-1
sigma+,sigma-,22,15,8.413611,2.908913e-02,2,2,2.5,e,-0.5,+1,2,2,1.5,e,+1.5,+1
sigma+,sigma-,8,3,15.208773,4.782641e-01,1,1,1.5,f,-1.5,+1,1,1,0.5,f,+0.5,+1
sigma+,sigma-,4,1,15.211653,8.456762e-02,1,1,1.5,e,-1.5,-1,1,1,0.5,e,+0.5,-1
sigma+,sigma-,3,25,29073.263110,2.212308e-03,1,1,0.5,f,+0.5,+1,2,2,2.5,e,+2.5,+1
sigma+,sigma-,2,24,29073.371833,4.442662e-04,1,1,0.5,f,-0.5,+1,2,2,2.5,e,+1.5,+1
sigma+,sigma-,2,15,29081.730986,4.080398e-03,1,1,0.5,f,-0.5,+1,2,2,1.5,e,+1.5,+1
sigma+,sigma-,10,25,29088.348072,4.530237e-03,1,1,1.5,f,+0.5,+1,2,2,2.5,e,+2.5,+1
sigma+,sigma-,9,24,29088.382805,3.602688e-03,1,1,1.5,f,-0.5,+1,2,2,2.5,e,+1.5,+1
sigma+,sigma-,8,23,29088.417378,1.342889e-03,1,1,1.5,f,-1.5,+1,2,2,2.5,e,+0.5,+1
sigma+,sigma-,1,31,29094.418499,2.177458e-01,1,1,0.5,e,+0.5,-1,2,2,2.5,f,+2.5,-1
sigma+,sigma-,0,30,29094.530908,4.370538e-02,1,1,0.5,e,-0.5,-1,2,2,2.5,f,+1.5,-1
sigma+,sigma-,9,15,29096.741957,1.987007e-03,1,1,1.5,f,-0.5,+1,2,2,1.5,e,+1.5,+1
sigma+,sigma-,8,14,29096.756975,2.003481e-03,1,1,1.5,f,-1.5,+1,2,2,1.5,e,+0.5,+1
sigma+,sigma-,0,19,29102.889019,3.972358e-01,1,1,0.5,e,-0.5,-1,2,2,1.5,f,+1.5,-1
sigma+,sigma-,6,31,29109.504046,4.421166e-01,1,1,1.5,e,+0.5,-1,2,2,2.5,f,+2.5,-1
sigma+,sigma-,5,30,29109.541314,3.516280e-01,1,1,1.5,e,-0.5,-1,2,2,2.5,f,+1.5,-1
sigma+,sigma-,4,29,29109.578414,1.310805e-01,1,1,1.5,e,-1.5,-1,2,2,2.5,f,+0.5,-1
sigma+,sigma-,5,19,29117.899424,1.973017e-01,1,1,1.5,e,-0.5,-1,2,2,1.5,f,+1.5,-1
sigma+,sigma-,4,18,29117.917657,1.989883e-01,1,1,1.5,e,-1.5,-1,2,2,1.5,f,+0.5,-1
sigma+,sigma-,19,51,43614.277530,7.169894e-04,2,2,1.5,f,+1.5,-1,3,3,3.5,e,+3.5,-1
sigma+,sigma-,18,50,43614.305862,3.085058e-04,2,2,1.5,f,+0.5,-1,3,3,3.5,e,+2.5,-1
sigma+,sigma-,17,49,43614.334223,1.032459e-04,2,2,1.5,f,-0.5,-1,3,3,3.5,e,+1.5,-1
sigma+,sigma-,16,48,43614.362613,2.073182e-05,2,2,1.5,f,-1.5,-1,3,3,3.5,e,+0.5,-1
sigma+,sigma-,18,37,43620.125735,3.300101e-03,2,2,1.5,f,+0.5,-1,3,3,2.5,e,+2.5,-1
sigma+,sigma-,17,36,43620.144670,2.642954e-03,2,2,1.5,f,-0.5,-1,3,3,2.5,e,+1.5,-1
sigma+,sigma-,16,35,43620.163618,9.921927e-04,2,2,1.5,f,-1.5,-1,3,3,2.5,e,+0.5,-1
sigma+,sigma-,30,51,43622.635640,2.885127e-03,2,2,2.5,f,+1.5,-1,3,3,3.5,e,+3.5,-1
sigma+,sigma-,29,50,43622.645105,3.291446e-03,2,2,2.5,f,+0.5,-1,3,3,3.5,e,+2.5,-1
sigma+,sigma-,28,49,43622.654556,2.464182e-03,2,2,2.5,f,-0.5,-1,3,3,3.5,e,+1.5,-1
sigma+,sigma-,27,48,43622.663994,1.311871e-03,2,2,2.5,f,-1.5,-1,3,3,3.5,e,+0.5,-1
sigma+,sigma-,26,47,43622.673417,4.092187e-04,2,2,2.5,f,-2.5,-1,3,3,3.5,e,-0.5,-1
sigma+,sigma-,26,34,43628.464965,3.158906e-04,2,2,2.5,f,-2.5,-1,3,3,2.5,e,-0.5,-1
sigma+,sigma-,29,37,43628.464979,3.122228e-04,2,2,2.5,f,+0.5,-1,3,3,2.5,e,+2.5,-1
sigma+,sigma-,27,35,43628.464999,5.663835e-04,2,2,2.5,f,-1.5,-1,3,3,2.5,e,+0.5,-1
sigma+,sigma-,28,36,43628.465003,5.641829e-04,2,2,2.5,f,-0.5,-1,3,3,2.5,e,+1.5,-1
sigma+,sigma-,15,59,43661.879236,7.011205e-02,2,2,1.5,e,+1.5,+1,3,3,3.5,f,+3.5,+1
sigma+,sigma-,14,58,43661.911120,3.013599e-02,2,2,1.5,e,+0.5,+1,3,3,3.5,f,+2.5,+1
sigma+,sigma-,13,57,43661.943034,1.007478e-02,2,2,1.5,e,-0.5,+1,3,3,3.5,f,+1.5,+1
sigma+,sigma-,12,56,43661.974978,2.020872e-03,2,2,1.5,e,-1.5,+1,3,3,3.5,f,+0.5,+1
sigma+,sigma-,14,43,43667.729756,3.232800e-01,2,2,1.5,e,+0.5,+1,3,3,2.5,f,+2.5,+1
sigma+,sigma-,13,42,43667.752733,2.589049e-01,2,2,1.5,e,-0.5,+1,3,3,2.5,f,+1.5,+1
sigma+,sigma-,12,41,43667.775727,9.719540e-02,2,2,1.5,e,-1.5,+1,3,3,2.5,f,+0.5,+1
sigma+,sigma-,24,59,43670.238388,2.834885e-01,2,2,2.5,e,+1.5,+1,3,3,3.5,f,+3.5,+1
sigma+,sigma-,23,58,43670.250718,3.234265e-01,2,2,2.5,e,+0.5,+1,3,3,3.5,f,+2.5,+1
sigma+,sigma-,22,57,43670.263031,2.421476e-01,2,2,2.5,e,-0.5,+1,3,3,3.5,f,+1.5,+1
sigma+,sigma-,21,56,43670.275329,1.289191e-01,2,2,2.5,e,-1.5,+1,3,3,3.5,f,+0.5,+1
sigma+,sigma-,20,55,43670.287609,4.021620e-02,2,2,2.5,e,-2.5,+1,3,3,3.5,f,-0.5,+1
sigma+,sigma-,23,43,43676.069354,3.014323e-02,2,2,2.5,e,+0.5,+1,3,3,2.5,f,+2.5,+1
sigma+,sigma-,22,42,43676.072731,5.448666e-02,2,2,2.5,e,-0.5,+1,3,3,2.5,f,+1.5,+1
sigma+,sigma-,21,41,43676.076078,5.471753e-02,2,2,2.5,e,-1.5,+1,3,3,2.5,f,+0.5,+1
sigma+,sigma-,20,40,43676.079394,3.052804e-02,2,2,2.5,e,-2.5,+1,3,3,2.5,f,-0.5,+1
sigma+,sigma-,43,85,58146.052242,1.893357e-03,3,3,2.5,f,+2.5,+1,4,4,4.5,e,+4.5,+1
sigma+,sigma-,42,84,58146.064307,1.056177e-03,3,3,2.5,f,+1.5,+1,4,4,4.5,e,+3.5,+1
sigma+,sigma-,41,83,58146.076383,5.302569e-04,3,3,2.5,f,+0.5,+1,4,4,4.5,e,+2.5,+1
sigma+,sigma-,40,82,58146.088471,2.281877e-04,3,3,2.5,f,-0.5,+1,4,4,4.5,e,+1.5,+1
sigma+,sigma-,39,81,58146.100569,7.637593e-05,3,3,2.5,f,-1.5,+1,4,4,4.5,e,+0.5,+1
sigma+,sigma-,38,80,58146.112678,1.533823e-05,3,3,2.5,f,-2.5,+1,4,4,4.5,e,-0.5,+1
sigma+,sigma-,42,67,58150.520598,1.324928e-02,3,3,2.5,f,+1.5,+1,4,4,3.5,e,+3.5,+1
sigma+,sigma-,41,66,58150.526755,1.515119e-02,3,3,2.5,f,+0.5,+1,4,4,3.5,e,+2.5,+1
sigma+,sigma-,40,65,58150.532916,1.137029e-02,3,3,2.5,f,-0.5,+1,4,4,3.5,e,+1.5,+1
sigma+,sigma-,39,64,58150.539080,6.067851e-03,3,3,2.5,f,-1.5,+1,4,4,3.5,e,+0.5,+1
sigma+,sigma-,38,63,58150.545246,1.897364e-03,3,3,2.5,f,-2.5,+1,4,4,3.5,e,-0.5,+1
sigma+,sigma-,58,85,58151.870878,1.145677e-02,3,3,3.5,f,+2.5,+1,4,4,4.5,e,+4.5,+1
sigma+,sigma-,57,84,58151.874007,1.526169e-02,3,3,3.5,f,+1.5,+1,4,4,4.5,e,+3.5,+1
sigma+,sigma-,56,83,58151.877133,1.429464e-02,3,3,3.5,f,+0.5,+1,4,4,4.5,e,+2.5,+1
sigma+,sigma-,55,82,58151.880256,1.088107e-02,3,3,3.5,f,-0.5,+1,4,4,4.5,e,+1.5,+1
sigma+,sigma-,54,81,58151.883376,6.794343e-03,3,3,3.5,f,-1.5,+1,4,4,4.5,e,+0.5,+1
sigma+,sigma-,53,80,58151.886493,3.258236e-03,3,3,3.5,f,-2.5,+1,4,4,4.5,e,-0.5,+1
sigma+,sigma-,52,79,58151.889607,9.494263e-04,3,3,3.5,f,-3.5,+1,4,4,4.5,e,-1.5,+1
sigma+,sigma-,52,62,58156.316225,4.842038e-04,3,3,3.5,f,-3.5,+1,4,4,3.5,e,-1.5,+1
sigma+,sigma-,53,63,58156.319061,1.034987e-03,3,3,3.5,f,-2.5,+1,4,4,3.5,e,-0.5,+1
sigma+,sigma-,54,64,58156.321887,1.376546e-03,3,3,3.5,f,-1.5,+1,4,4,3.5,e,+0.5,+1
sigma+,sigma-,55,65,58156.324701,1.373130e-03,3,3,3.5,f,-0.5,+1,4,4,3.5,e,+1.5,+1
sigma+,sigma-,56,66,58156.327505,1.027301e-03,3,3,3.5,f,+0.5,+1,4,4,3.5,e,+2.5,+1
sigma+,sigma-,57,67,58156.330297,4.782256e-04,3,3,3.5,f,+1.5,+1,4,4,3.5,e,+3.5,+1
sigma+,sigma-,37,95,58230.680397,3.273026e-02,3,3,2.5,e,+2.5,-1,4,4,4.5,f,+4.5,-1
sigma+,sigma-,36,94,58230.695970,1.823281e-02,3,3,2.5,e,+1.5,-1,4,4,4.5,f,+3.5,-1
sigma+,sigma-,35,93,58230.711555,9.141169e-03,3,3,2.5,e,+0.5,-1,4,4,4.5,f,+2.5,-1
sigma+,sigma-,34,92,58230.727150,3.928302e-03,3,3,2.5,e,-0.5,-1,4,4,4.5,f,+1.5,-1
sigma+,sigma-,33,91,58230.742757,1.313001e-03,3,3,2.5,e,-1.5,-1,4,4,4.5,f,+0.5,-1
sigma+,sigma-,32,90,58230.758375,2.633166e-04,3,3,2.5,e,-2.5,-1,4,4,4.5,f,-0.5,-1
sigma+,sigma-,36,75,58235.150914,2.291831e-01,3,3,2.5,e,+1.5,-1,4,4,3.5,f,+3.5,-1
sigma+,sigma-,35,74,58235.160961,2.620854e-01,3,3,2.5,e,+0.5,-1,4,4,3.5,f,+2.5,-1
sigma+,sigma-,34,73,58235.171011,1.966860e-01,3,3,2.5,e,-0.5,-1,4,4,3.5,f,+1.5,-1
sigma+,sigma-,33,72,58235.181066,1.049646e-01,3,3,2.5,e,-1.5,-1,4,4,3.5,f,+0.5,-1
sigma+,sigma-,32,71,58235.191126,3.282195e-02,3,3,2.5,e,-2.5,-1,4,4,3.5,f,-0.5,-1
sigma+,sigma-,50,95,58236.500271,1.983978e-01,3,3,3.5,e,+2.5,-1,4,4,4.5,f,+4.5,-1
sigma+,sigma-,49,94,58236.506417,2.642955e-01,3,3,3.5,e,+1.5,-1,4,4,4.5,f,+3.5,-1
sigma+,sigma-,48,93,58236.512560,2.475559e-01,3,3,3.5,e,+0.5,-1,4,4,4.5,f,+2.5,-1
sigma+,sigma-,47,92,58236.518698,1.884450e-01,3,3,3.5,e,-0.5,-1,4,4,4.5,f,+1.5,-1
sigma+,sigma-,46,91,58236.524832,1.176721e-01,3,3,3.5,e,-1.5,-1,4,4,4.5,f,+0.5,-1
sigma+,sigma-,45,90,58236.530962,5.643149e-02,3,3,3.5,e,-2.5,-1,4,4,4.5,f,-0.5,-1
sigma+,sigma-,44,89,58236.537087,1.644423e-02,3,3,3.5,e,-3.5,-1,4,4,4.5,f,-1.5,-1
sigma+,sigma-,49,75,58240.961361,8.206716e-03,3,3,3.5,e,+1.5,-1,4,4,3.5,f,+3.5,-1
sigma+,sigma-,48,74,58240.961966,1.763726e-02,3,3,3.5,e,+0.5,-1,4,4,3.5,f,+2.5,-1
sigma+,sigma-,47,73,58240.962559,2.358537e-02,3,3,3.5,e,-0.5,-1,4,4,3.5,f,+1.5,-1
sigma+,sigma-,46,72,58240.963141,2.365483e-02,3,3,3.5,e,-1.5,-1,4,4,3.5,f,+0.5,-1
sigma+,sigma-,45,71,58240.963712,1.779355e-02,3,3,3.5,e,-2.5,-1,4,4,3.5,f,-0.5,-1
sigma+,sigma-,44,70,58240.964272,8.328279e-03,3,3,3.5,e,-3.5,-1,4,4,3.5,f,-1.5,-1
sigma+,sigma-,75,127,72671.157719,2.171553e-03,4,4,3.5,f,+3.5,-1,5,5,5.5,e,+5.5,-1
sigma+,sigma-,74,126,72671.164075,1.387862e-03,4,4,3.5,f,+2.5,-1,5,5,5.5,e,+4.5,-1
sigma+,sigma-,73,125,72671.170437,8.363157e-04,4,4,3.5,f,+1.5,-1,5,5,5.5,e,+3.5,-1
sigma+,sigma-,72,124,72671.176805,4.666305e-04,4,4,3.5,f,+0.5,-1,5,5,5.5,e,+2.5,-1
sigma+,sigma-,71,123,72671.183179,2.343263e-04,4,4,3.5,f,-0.5,-1,5,5,5.5,e,+1.5,-1
sigma+,sigma-,70,122,72671.189560,1.008613e-04,4,4,3.5,f,-1.5,-1,5,5,5.5,e,+0.5,-1
sigma+,sigma-,69,121,72671.195946,3.376652e-05,4,4,3.5,f,-2.5,-1,5,5,5.5,e,-0.5,-1
sigma+,sigma-,68,120,72671.202338,6.782688e-06,4,4,3.5,f,-3.5,-1,5,5,5.5,e,-1.5,-1
sigma+,sigma-,74,105,72674.760836,2.006454e-02,4,4,3.5,f,+2.5,-1,5,5,4.5,e,+4.5,-1
sigma+,sigma-,73,104,72674.762935,2.676382e-02,4,4,3.5,f,+1.5,-1,5,5,4.5,e,+3.5,-1
sigma+,sigma-,72,103,72674.765034,2.510153e-02,4,4,3.5,f,+0.5,-1,5,5,4.5,e,+2.5,-1
sigma+,sigma-,71,102,72674.767135,1.913297e-02,4,4,3.5,f,-0.5,-1,5,5,4.5,e,+1.5,-1
sigma+,sigma-,70,101,72674.769236,1.196312e-02,4,4,3.5,f,-1.5,-1,5,5,4.5,e,+0.5,-1
sigma+,sigma-,69,100,72674.771339,5.744713e-03,4,4,3.5,f,-2.5,-1,5,5,4.5,e,-0.5,-1
sigma+,sigma-,68,99,72674.773442,1.676249e-03,4,4,3.5,f,-3.5,-1,5,5,4.5,e,-1.5,-1
sigma+,sigma-,94,127,72675.612663,1.753706e-02,4,4,4.5,f,+3.5,-1,5,5,5.5,e,+5.5,-1
sigma+,sigma-,93,126,72675.613481,2.549319e-02,4,4,4.5,f,+2.5,-1,5,5,5.5,e,+4.5,-1
sigma+,sigma-,92,125,72675.614298,2.675177e-02,4,4,4.5,f,+1.5,-1,5,5,5.5,e,+3.5,-1
sigma+,sigma-,91,124,72675.615114,2.376501e-02,4,4,4.5,f,+0.5,-1,5,5,5.5,e,+2.5,-1
sigma+,sigma-,90,123,72675.615930,1.855517e-02,4,4,4.5,f,-0.5,-1,5,5,5.5,e,+1.5,-1
sigma+,sigma-,89,122,72675.616744,1.271581e-02,4,4,4.5,f,-1.5,-1,5,5,5.5,e,+0.5,-1
sigma+,sigma-,88,121,72675.617557,7.413031e-03,4,4,4.5,f,-2.5,-1,5,5,5.5,e,-0.5,-1
sigma+,sigma-,87,120,72675.618370,3.386738e-03,4,4,4.5,f,-3.5,-1,5,5,5.5,e,-1.5,-1
sigma+,sigma-,86,119,72675.619181,9.519340e-04,4,4,4.5,f,-4.5,-1,5,5,5.5,e,-2.5,-1
sigma+,sigma-,86,98,72679.185991,3.637815e-04,4,4,4.5,f,-4.5,-1,5,5,4.5,e,-2.5,-1
sigma+,sigma-,87,99,72679.189474,8.472592e-04,4,4,4.5,f,-3.5,-1,5,5,4.5,e,-1.5,-1
sigma+,sigma-,88,100,72679.192950,1.268554e-03,4,4,4.5,f,-2.5,-1,5,5,4.5,e,-0.5,-1
sigma+,sigma-,89,101,72679.196421,1.507416e-03,4,4,4.5,f,-1.5,-1,5,5,4.5,e,+0.5,-1
sigma+,sigma-,90,102,72679.199885,1.504662e-03,4,4,4.5,f,-0.5,-1,5,5,4.5,e,+1.5,-1
sigma+,sigma-,91,103,72679.203344,1.261614e-03,4,4,4.5,f,+0.5,-1,5,5,4.5,e,+2.5,-1
sigma+,sigma-,92,104,72679.206796,8.395483e-04,4,4,4.5,f,+1.5,-1,5,5,4.5,e,+3.5,-1
sigma+,sigma-,93,105,72679.210242,3.591548e-04,4,4,4.5,f,+2.5,-1,5,5,4.5,e,+4.5,-1
sigma+,sigma-,1,50,72717.011865,1.803066e-08,1,1,0.5,e,+0.5,-1,3,3,3.5,e,+2.5,-1
sigma+,sigma-,0,49,72717.133769,6.145991e-09,1,1,0.5,e,-0.5,-1,3,3,3.5,e,+1.5,-1
sigma+,sigma-,1,37,72722.831739,4.686568e-02,1,1,0.5,e,+0.5,-1,3,3,2.5,e,+2.5,-1
sigma+,sigma-,0,36,72722.944216,9.399826e-03,1,1,0.5,e,-0.5,-1,3,3,2.5,e,+1.5,-1
sigma+,sigma-,7,51,72732.050473,6.003303e-02,1,1,1.5,e,+1.5,-1,3,3,3.5,e,+3.5,-1
sigma+,sigma-,6,50,72732.097413,2.567251e-02,1,1,1.5,e,+0.5,-1,3,3,3.5,e,+2.5,-1
sigma+,sigma-,5,49,72732.144174,8.538774e-03,1,1,1.5,e,-0.5,-1,3,3,3.5,e,+1.5,-1
sigma+,sigma-,4,48,72732.190755,1.703992e-03,1,1,1.5,e,-1.5,-1,3,3,3.5,e,+0.5,-1
sigma+,sigma-,6,37,72737.917287,7.517776e-03,1,1,1.5,e,+0.5,-1,3,3,2.5,e,+2.5,-1
sigma+,sigma-,5,36,72737.954621,6.059351e-03,1,1,1.5,e,-0.5,-1,3,3,2.5,e,+1.5,-1
sigma+,sigma-,4,35,72737.991760,2.289466e-03,1,1,1.5,e,-1.5,-1,3,3,2.5,e,+0.5,-1
sigma+,sigma-,3,58,72743.459323,1.228046e-07,1,1,0.5,f,+0.5,+1,3,3,3.5,f,+2.5,+1
sigma+,sigma-,2,57,72743.580405,4.179075e-08,1,1,0.5,f,-0.5,+1,3,3,3.5,f,+1.5,+1
sigma+,sigma-,3,43,72749.277959,2.651744e-01,1,1,0.5,f,+0.5,+1,3,3,2.5,f,+2.5,+1
sigma+,sigma-,2,42,72749.390105,5.318544e-02,1,1,0.5,f,-0.5,+1,3,3,2.5,f,+1.5,+1
sigma+,sigma-,11,59,72758.497020,3.398798e-01,1,1,1.5,f,+1.5,+1,3,3,3.5,f,+3.5,+1
sigma+,sigma-,10,58,72758.544285,1.453639e-01,1,1,1.5,f,+0.5,+1,3,3,3.5,f,+2.5,+1
sigma+,sigma-,9,57,72758.591377,4.835460e-02,1,1,1.5,f,-0.5,+1,3,3,3.5,f,+1.5,+1
sigma+,sigma-,8,56,72758.638293,9.650826e-03,1,1,1.5,f,-1.5,+1,3,3,3.5,f,+0.5,+1
sigma+,sigma-,10,43,72764.362921,4.279437e-02,1,1,1.5,f,+0.5,+1,3,3,2.5,f,+2.5,+1
sigma+,sigma-,9,42,72764.401077,3.449025e-02,1,1,1.5,f,-0.5,+1,3,3,2.5,f,+1.5,+1
sigma+,sigma-,8,41,72764.439042,1.303096e-02,1,1,1.5,f,-1.5,+1,3,3,2.5,f,+0.5,+1
sigma+,sigma-,67,139,72803.392367,1.850982e-02,4,4,3.5,e,+3.5,+1,5,5,5.5,f,+5.5,+1
sigma+,sigma-,66,138,72803.402211,1.180922e-02,4,4,3.5,e,+2.5,+1,5,5,5.5,f,+4.5,+1
sigma+,sigma-,65,137,72803.412061,7.103746e-03,4,4,3.5,e,+1.5,+1,5,5,5.5,f,+3.5,+1
sigma+,sigma-,64,136,72803.421917,3.956684e-03,4,4,3.5,e,+0.5,+1,5,5,5.5,f,+2.5,+1
sigma+,sigma-,63,135,72803.431780,1.983441e-03,4,4,3.5,e,-0.5,+1,5,5,5.5,f,+1.5,+1
sigma+,sigma-,62,134,72803.441648,8.522399e-04,4,4,3.5,e,-1.5,+1,5,5,5.5,f,+0.5,+1
sigma+,sigma-,61,133,72803.451523,2.848141e-04,4,4,3.5,e,-2.5,+1,5,5,5.5,f,-0.5,+1
sigma+,sigma-,60,132,72803.461404,5.711020e-05,4,4,3.5,e,-3.5,+1,5,5,5.5,f,-1.5,+1
sigma+,sigma-,66,115,72806.997556,1.711472e-01,4,4,3.5,e,+2.5,+1,5,5,4.5,f,+4.5,+1
sigma+,sigma-,65,114,72807.003454,2.282940e-01,4,4,3.5,e,+1.5,+1,5,5,4.5,f,+3.5,+1
sigma+,sigma-,64,113,72807.009353,2.141176e-01,4,4,3.5,e,+0.5,+1,5,5,4.5,f,+2.5,+1
sigma+,sigma-,63,112,72807.015254,1.632075e-01,4,4,3.5,e,-0.5,+1,5,5,4.5,f,+1.5,+1
sigma+,sigma-,62,111,72807.021157,1.020489e-01,4,4,3.5,e,-1.5,+1,5,5,4.5,f,+0.5,+1
sigma+,sigma-,61,110,72807.027062,4.900472e-02,4,4,3.5,e,-2.5,+1,5,5,4.5,f,-0.5,+1
sigma+,sigma-,60,109,72807.032969,1.429927e-02,4,4,3.5,e,-3.5,+1,5,5,4.5,f,-1.5,+1
sigma+,sigma-,84,139,72807.848658,1.496809e-01,4,4,4.5,e,+3.5,+1,5,5,5.5,f,+5.5,+1
sigma+,sigma-,83,138,72807.852583,2.175922e-01,4,4,4.5,e,+2.5,+1,5,5,5.5,f,+4.5,+1
sigma+,sigma-,82,137,72807.856506,2.283397e-01,4,4,4.5,e,+1.5,+1,5,5,5.5,f,+3.5,+1
sigma+,sigma-,81,136,72807.860428,2.028508e-01,4,4,4.5,e,+0.5,+1,5,5,5.5,f,+2.5,+1
sigma+,sigma-,80,135,72807.864348,1.583848e-01,4,4,4.5,e,-0.5,+1,5,5,5.5,f,+1.5,+1
sigma+,sigma-,79,134,72807.868266,1.085432e-01,4,4,4.5,e,-1.5,+1,5,5,5.5,f,+0.5,+1
sigma+,sigma-,78,133,72807.872182,6.327969e-02,4,4,4.5,e,-2.5,+1,5,5,5.5,f,-0.5,+1
sigma+,sigma-,77,132,72807.876097,2.891080e-02,4,4,4.5,e,-3.5,+1,5,5,5.5,f,-1.5,+1
sigma+,sigma-,76,131,72807.880010,8.126350e-03,4,4,4.5,e,-4.5,+1,5,5,5.5,f,-2.5,+1
sigma+,sigma-,76,108,72811.447595,3.090223e-03,4,4,4.5,e,-4.5,+1,5,5,4.5,f,-2.5,+1
sigma+,sigma-,77,109,72811.447662,7.193045e-03,4,4,4.5,e,-3.5,+1,5,5,4.5,f,-1.5,+1
sigma+,sigma-,78,110,72811.447721,1.076349e-02,4,4,4.5,e,-2.5,+1,5,5,4.5,f,-0.5,+1
sigma+,sigma-,79,111,72811.447775,1.278280e-02,4,4,4.5,e,-1.5,+1,5,5,4.5,f,+0.5,+1
sigma+,sigma-,80,112,72811.447823,1.275209e-02,4,4,4.5,e,-0.5,+1,5,5,4.5,f,+1.5,+1
sigma+,sigma-,81,113,72811.447864,1.068609e-02,4,4,4.5,e,+0.5,+1,5,5,4.5,f,+2.5,+1
sigma+,sigma-,82,114,72811.447899,7.107040e-03,4,4,4.5,e,+1.5,+1,5,5,4.5,f,+3.5,+1
sigma+,sigma-,83,115,72811.447928,3.038618e-03,4,4,4.5,e,+2.5,+1,5,5,4.5,f,+4.5,+1
sigma+,sigma-,15,84,101813.723427,1.387428e-10,2,2,1.5,e,+1.5,+1,4,4,4.5,e,+3.5,+1
sigma+,sigma-,14,83,101813.758450,1.000814e-10,2,2,1.5,e,+0.5,+1,4,4,4.5,e,+2.5,+1
sigma+,sigma-,13,82,101813.793501,4.120191e-11,2,2,1.5,e,-0.5,+1,4,4,4.5,e,+1.5,+1
sigma+,sigma-,12,81,101813.828579,8.783657e-12,2,2,1.5,e,-1.5,+1,4,4,4.5,e,+0.5,+1
sigma+,sigma-,15,67,101818.179717,7.513869e-02,2,2,1.5,e,+1.5,+1,4,4,3.5,e,+3.5,+1
sigma+,sigma-,14,66,101818.208822,3.223570e-02,2,2,1.5,e,+0.5,+1,4,4,3.5,e,+2.5,+1
sigma+,sigma-,13,65,101818.237946,1.075645e-02,2,2,1.5,e,-0.5,+1,4,4,3.5,e,+1.5,+1
sigma+,sigma-,12,64,101818.267090,2.153548e-03,2,2,1.5,e,-1.5,+1,4,4,3.5,e,+0.5,+1
sigma+,sigma-,25,85,101822.067091,8.337921e-02,2,2,2.5,e,+2.5,+1,4,4,4.5,e,+4.5,+1
sigma+,sigma-,24,84,101822.082579,4.627226e-02,2,2,2.5,e,+1.5,+1,4,4,4.5,e,+3.5,+1
sigma+,sigma-,23,83,101822.098048,2.311127e-02,2,2,2.5,e,+0.5,+1,4,4,4.5,e,+2.5,+1
sigma+,sigma-,22,82,101822.113498,9.894133e-03,2,2,2.5,e,-0.5,+1,4,4,4.5,e,+1.5,+1
sigma+,sigma-,21,81,101822.128929,3.294465e-03,2,2,2.5,e,-1.5,+1,4,4,4.5,e,+0.5,+1
sigma+,sigma-,20,80,101822.144341,6.581741e-04,2,2,2.5,e,-2.5,+1,4,4,4.5,e,-0.5,+1
sigma+,sigma-,24,67,101826.538869,3.662895e-03,2,2,2.5,e,+1.5,+1,4,4,3.5,e,+3.5,+1
sigma+,sigma-,23,66,101826.548420,4.201244e-03,2,2,2.5,e,+0.5,+1,4,4,3.5,e,+2.5,+1
sigma+,sigma-,22,65,101826.557944,3.162338e-03,2,2,2.5,e,-0.5,+1,4,4,3.5,e,+1.5,+1
sigma+,sigma-,21,64,101826.567440,1.692714e-03,2,2,2.5,e,-1.5,+1,4,4,3.5,e,+0.5,+1
sigma+,sigma-,20,63,101826.576910,5.309067e-04,2,2,2.5,e,-2.5,+1,4,4,3.5,e,-0.5,+1
sigma+,sigma-,19,94,101850.751168,6.437007e-11,2,2,1.5,f,+1.5,-1,4,4,4.5,f,+3.5,-1
sigma+,sigma-,18,93,101850.785657,5.588677e-11,2,2,1.5,f,+0.5,-1,4,4,4.5,f,+2.5,-1
sigma+,sigma-,17,92,101850.820172,2.748890e-11,2,2,1.5,f,-0.5,-1,4,4,4.5,f,+1.5,-1
sigma+,sigma-,16,91,101850.854712,6.957947e-12,2,2,1.5,f,-1.5,-1,4,4,4.5,f,+0.5,-1
sigma+,sigma-,19,75,101855.206111,4.253861e-01,2,2,1.5,f,+1.5,-1,4,4,3.5,f,+3.5,-1
sigma+,sigma-,18,74,101855.235063,1.824933e-01,2,2,1.5,f,+0.5,-1,4,4,3.5,f,+2.5,-1
sigma+,sigma-,17,73,101855.264033,6.089315e-02,2,2,1.5,f,-0.5,-1,4,4,3.5,f,+1.5,-1
sigma+,sigma-,16,72,101855.293021,1.219113e-02,2,2,1.5,f,-1.5,-1,4,4,3.5,f,+0.5,-1
sigma+,sigma-,31,95,101859.093637,4.721285e-01,2,2,2.5,f,+2.5,-1,4,4,4.5,f,+4.5,-1
sigma+,sigma-,30,94,101859.109278,2.620325e-01,2,2,2.5,f,+1.5,-1,4,4,4.5,f,+3.5,-1
sigma+,sigma-,29,93,101859.124901,1.308852e-01,2,2,2.5,f,+0.5,-1,4,4,4.5,f,+2.5,-1
sigma+,sigma-,28,92,101859.140506,5.603726e-02,2,2,2.5,f,-0.5,-1,4,4,4.5,f,+1.5,-1
sigma+,sigma-,27,91,101859.156092,1.866022e-02,2,2,2.5,f,-1.5,-1,4,4,4.5,f,+0.5,-1
sigma+,sigma-,26,90,101859.171661,3.728258e-03,2,2,2.5,f,-2.5,-1,4,4,4.5,f,-0.5,-1
sigma+,sigma-,30,75,101863.564222,2.085284e-02,2,2,2.5,f,+1.5,-1,4,4,3.5,f,+3.5,-1
sigma+,sigma-,29,74,101863.574307,2.391587e-02,2,2,2.5,f,+0.5,-1,4,4,3.5,f,+2.5,-1
sigma+,sigma-,28,73,101863.584367,1.800046e-02,2,2,2.5,f,-0.5,-1,4,4,3.5,f,+1.5,-1
sigma+,sigma-,27,72,101863.594401,9.634420e-03,2,2,2.5,f,-1.5,-1,4,4,3.5,f,+0.5,-1
sigma+,sigma-,26,71,101863.604411,3.021524e-03,2,2,2.5,f,-2.5,-1,4,4,3.5,f,-0.5,-1
sigma+,sigma-,37,126,130906.273403,5.527626e-09,3,3,2.5,e,+2.5,-1,5,5,5.5,e,+4.5,-1
sigma+,sigma-,36,125,130906.289801,5.533813e-09,3,3,2.5,e,+1.5,-1,5,5,5.5,e,+3.5,-1
sigma+,sigma-,35,124,130906.306208,3.693314e-09,3,3,2.5,e,+0.5,-1,5,5,5.5,e,+2.5,-1
sigma+,sigma-,34,123,130906.322626,1.848699e-09,3,3,2.5,e,-0.5,-1,5,5,5.5,e,+1.5,-1
sigma+,sigma-,33,122,130906.339054,6.609750e-10,3,3,2.5,e,-1.5,-1,5,5,5.5,e,+0.5,-1
sigma+,sigma-,32,121,130906.355492,1.323393e-10,3,3,2.5,e,-2.5,-1,5,5,5.5,e,-0.5,-1
sigma+,sigma-,37,105,130909.870164,9.011145e-02,3,3,2.5,e,+2.5,-1,5,5,4.5,e,+4.5,-1
sigma+,sigma-,36,104,130909.882298,5.009131e-02,3,3,2.5,e,+1.5,-1,5,5,4.5,e,+3.5,-1
sigma+,sigma-,35,103,130909.894437,2.506042e-02,3,3,2.5,e,+0.5,-1,5,5,4.5,e,+2.5,-1
sigma+,sigma-,34,102,130909.906581,1.074654e-02,3,3,2.5,e,-0.5,-1,5,5,4.5,e,+1.5,-1
sigma+,sigma-,33,101,130909.918731,3.584311e-03,3,3,2.5,e,-1.5,-1,5,5,4.5,e,+0.5,-1
sigma+,sigma-,32,100,130909.930885,7.172905e-04,3,3,2.5,e,-2.5,-1,5,5,4.5,e,-0.5,-1
sigma+,sigma-,51,127,130912.086301,9.550568e-02,3,3,3.5,e,+3.5,-1,5,5,5.5,e,+5.5,-1
sigma+,sigma-,50,126,130912.093277,6.073492e-02,3,3,3.5,e,+2.5,-1,5,5,5.5,e,+4.5,-1
sigma+,sigma-,49,125,130912.100248,3.641601e-02,3,3,3.5,e,+1.5,-1,5,5,5.5,e,+3.5,-1
sigma+,sigma-,48,124,130912.107213,2.021722e-02,3,3,3.5,e,+0.5,-1,5,5,5.5,e,+2.5,-1
sigma+,sigma-,47,123,130912.114173,1.010163e-02,3,3,3.5,e,-0.5,-1,5,5,5.5,e,+1.5,-1
sigma+,sigma-,46,122,130912.121129,4.326270e-03,3,3,3.5,e,-1.5,-1,5,5,5.5,e,+0.5,-1
sigma+,sigma-,45,121,130912.128079,1.441086e-03,3,3,3.5,e,-2.5,-1,5,5,5.5,e,-0.5,-1
sigma+,sigma-,44,120,130912.135023,2.880159e-04,3,3,3.5,e,-3.5,-1,5,5,5.5,e,-1.5,-1
sigma+,sigma-,11,67,130914.797501,2.425484e-10,1,1,1.5,f,+1.5,+1,4,4,3.5,e,+3.5,+1
sigma+,sigma-,10,66,130914.841987,1.048912e-10,1,1,1.5,f,+0.5,+1,4,4,3.5,e,+2.5,+1
sigma+,sigma-,9,65,130914.886290,3.528168e-11,1,1,1.5,f,-0.5,+1,4,4,3.5,e,+1.5,+1
sigma+,sigma-,8,64,130914.930405,7.120736e-12,1,1,1.5,f,-1.5,+1,4,4,3.5,e,+0.5,+1
sigma+,sigma-,50,105,130915.690038,1.965120e-03,3,3,3.5,e,+2.5,-1,5,5,4.5,e,+4.5,-1
sigma+,sigma-,49,104,130915.692745,2.626386e-03,3,3,3.5,e,+1.5,-1,5,5,4.5,e,+3.5,-1
sigma+,sigma-,48,103,130915.695442,2.468109e-03,3,3,3.5,e,+0.5,-1,5,5,4.5,e,+2.5,-1
sigma+,sigma-,47,102,130915.698129,1.884966e-03,3,3,3.5,e,-0.5,-1,5,5,4.5,e,+1.5,-1
sigma+,sigma-,46,101,130915.700805,1.180934e-03,3,3,3.5,e,-1.5,-1,5,5,4.5,e,+0.5,-1
sigma+,sigma-,45,100,130915.703472,5.682153e-04,3,3,3.5,e,-2.5,-1,5,5,4.5,e,-0.5,-1
sigma+,sigma-,44,99,130915.706127,1.661306e-04,3,3,3.5,e,-3.5,-1,5,5,4.5,e,-1.5,-1
sigma+,sigma-,43,138,130953.881277,1.959022e-08,3,3,2.5,f,+2.5,+1,5,5,5.5,f,+4.5,+1
sigma+,sigma-,42,137,130953.897274,1.959588e-08,3,3,2.5,f,+1.5,+1,5,5,5.5,f,+3.5,+1
sigma+,sigma-,41,136,130953.913280,1.306754e-08,3,3,2.5,f,+0.5,+1,5,5,5.5,f,+2.5,+1
sigma+,sigma-,40,135,130953.929295,6.535508e-09,3,3,2.5,f,-0.5,+1,5,5,5.5,f,+1.5,+1
sigma+,sigma-,39,134,130953.945319,2.334703e-09,3,3,2.5,f,-1.5,+1,5,5,5.5,f,+0.5,+1
sigma+,sigma-,38,133,130953.961352,4.670535e-10,3,3,2.5,f,-2.5,+1,5,5,5.5,f,-0.5,+1
sigma+,sigma-,43,115,130957.476622,5.102341e-01,3,3,2.5,f,+2.5,+1,5,5,4.5,f,+4.5,+1
sigma+,sigma-,42,114,130957.488666,2.836233e-01,3,3,2.5,f,+1.5,+1,5,5,4.5,f,+3.5,+1
sigma+,sigma-,41,113,130957.500715,1.418919e-01,3,3,2.5,f,+0.5,+1,5,5,4.5,f,+2.5,+1
sigma+,sigma-,40,112,130957.512769,6.084541e-02,3,3,2.5,f,-0.5,+1,5,5,4.5,f,+1.5,+1
sigma+,sigma-,39,111,130957.524828,2.029338e-02,3,3,2.5,f,-1.5,+1,5,5,4.5,f,+0.5,+1
sigma+,sigma-,38,110,130957.536891,4.061003e-03,3,3,2.5,f,-2.5,+1,5,5,4.5,f,-0.5,+1
sigma+,sigma-,1,74,130957.941067,1.570837e-12,1,1,0.5,e,+0.5,-1,4,4,3.5,f,+2.5,-1
sigma+,sigma-,59,139,130959.692848,5.408297e-01,3,3,3.5,f,+3.5,+1,5,5,5.5,f,+5.5,+1
sigma+,sigma-,58,138,130959.699913,3.439479e-01,3,3,3.5,f,+2.5,+1,5,5,5.5,f,+4.5,+1
sigma+,sigma-,57,137,130959.706973,2.062384e-01,3,3,3.5,f,+1.5,+1,5,5,5.5,f,+3.5,+1
sigma+,sigma-,56,136,130959.714029,1.145043e-01,3,3,3.5,f,+0.5,+1,5,5,5.5,f,+2.5,+1
sigma+,sigma-,55,135,130959.721080,5.721569e-02,3,3,3.5,f,-0.5,+1,5,5,5.5,f,+1.5,+1
sigma+,sigma-,54,134,130959.728126,2.450534e-02,3,3,3.5,f,-1.5,+1,5,5,5.5,f,+0.5,+1
sigma+,sigma-,53,133,130959.735167,8.163207e-03,3,3,3.5,f,-2.5,+1,5,5,5.5,f,-0.5,+1
sigma+,sigma-,52,132,130959.742204,1.631590e-03,3,3,3.5,f,-3.5,+1,5,5,5.5,f,-1.5,+1
sigma+,sigma-,58,115,130963.295258,1.118775e-02,3,3,3.5,f,+2.5,+1,5,5,4.5,f,+4.5,+1
sigma+,sigma-,57,114,130963.298366,1.495127e-02,3,3,3.5,f,+1.5,+1,5,5,4.5,f,+3.5,+1
sigma+,sigma-,56,113,130963.301465,1.404913e-02,3,3,3.5,f,+0.5,+1,5,5,4.5,f,+2.5,+1
sigma+,sigma-,55,112,130963.304554,1.072886e-02,3,3,3.5,f,-0.5,+1,5,5,4.5,f,+1.5,+1
sigma+,sigma-,54,111,130963.307635,6.721103e-03,3,3,3.5,f,-1.5,+1,5,5,4.5,f,+0.5,+1
sigma+,sigma-,53,110,130963.310706,3.233644e-03,3,3,3.5,f,-2.5,+1,5,5,4.5,f,-0.5,+1
sigma+,sigma-,52,109,130963.313768,9.453508e-04,3,3,3.5,f,-3.5,+1,5,5,4.5,f,-1.5,+1
sigma+,sigma-,7,75,130972.979055,2.359228e-08,1,1,1.5,e,+1.5,-1,4,4,3.5,f,+3.5,-1
sigma+,sigma-,6,74,130973.026615,1.019563e-08,1,1,1.5,e,+0.5,-1,4,4,3.5,f,+2.5,-1
sigma+,sigma-,5,73,130973.073985,3.427120e-09,1,1,1.5,e,-0.5,-1,4,4,3.5,f,+1.5,-1
sigma+,sigma-,4,72,130973.121162,6.912122e-10,1,1,1.5,e,-1.5,-1,4,4,3.5,f,+0.5,-1
sigma+,sigma-,31,105,174538.283405,7.769603e-10,2,2,2.5,f,+2.5,-1,5,5,4.5,e,+4.5,-1
sigma+,sigma-,30,104,174538.295606,4.335153e-10,2,2,2.5,f,+1.5,-1,5,5,4.5,e,+3.5,-1
sigma+,sigma-,29,103,174538.307783,2.176987e-10,2,2,2.5,f,+0.5,-1,5,5,4.5,e,+2.5,-1
sigma+,sigma-,28,102,174538.319936,9.370520e-11,2,2,2.5,f,-0.5,-1,5,5,4.5,e,+1.5,-1
sigma+,sigma-,27,101,174538.332066,3.137115e-11,2,2,2.5,f,-1.5,-1,5,5,4.5,e,+0.5,-1
sigma+,sigma-,26,100,174538.344171,6.301614e-12,2,2,2.5,f,-2.5,-1,5,5,4.5,e,-0.5,-1
sigma+,sigma-,25,115,174633.491471,1.338049e-08,2,2,2.5,e,+2.5,+1,5,5,4.5,f,+4.5,+1
sigma+,sigma-,24,114,174633.506938,7.464019e-09,2,2,2.5,e,+1.5,+1,5,5,4.5,f,+3.5,+1
sigma+,sigma-,23,113,174633.522380,3.747312e-09,2,2,2.5,e,+0.5,+1,5,5,4.5,f,+2.5,+1
sigma+,sigma-,22,112,174633.537797,1.612590e-09,2,2,2.5,e,-0.5,+1,5,5,4.5,f,+1.5,+1
sigma+,sigma-,21,111,174633.553189,5.397438e-10,2,2,2.5,e,-1.5,+1,5,5,4.5,f,+0.5,+1
sigma+,sigma-,20,110,174633.568555,1.083943e-10,2,2,2.5,e,-2.5,+1,5,5,4.5,f,-0.5,+1
sigma-,sigma+,110,20,-174633.568555,1.083943e-10,5,5,4.5,f,-0.5,+1,2,2,2.5,e,-2.5,+1
sigma-,sigma+,111,21,-174633.553189,5.397438e-10,5,5,4.5,f,+0.5,+1,2,2,2.5,e,-1.5,+1
sigma-,sigma+,112,22,-174633.537797,1.612590e-09,5,5,4.5,f,+1.5,+1,2,2,2.5,e,-0.5,+1
sigma-,sigma+,113,23,-174633.522380,3.747312e-09,5,5,4.5,f,+2.5,+1,2,2,2.5,e,+0.5,+1
sigma-,sigma+,114,24,-174633.506938,7.464019e-09,5,5,4.5,f,+3.5,+1,2,2,2.5,e,+1.5,+1
sigma-,sigma+,115,25,-174633.491471,1.338049e-08,5,5,4.5,f,+4.5,+1,2,2,2.5,e,+2.5,+1
sigma-,sigma+,100,26,-174538.344171,6.301614e-12,5,5,4.5,e,-0.5,-1,2,2,2.5,f,-2.5,-1
sigma-,sigma+,101,27,-174538.332066,3.137115e-11,5,5,4.5,e,+0.5,-1,2,2,2.5,f,-1.5,-1
sigma-,sigma+,102,28,-174538.319936,9.370520e-11,5,5,4.5,e,+1.5,-1,2,2,2.5,f,-0.5,-1
sigma-,sigma+,103,29,-174538.307783,2.176987e-10,5,5,4.5,e,+2.5,-1,2,2,2.5,f,+0.5,-1
sigma-,sigma+,104,30,-174538.295606,4.335153e-10,5,5,4.5,e,+3.5,-1,2,2,2.5,f,+1.5,-1
sigma-,sigma+,105,31,-174538.283405,7.769603e-10,5,5,4.5,e,+4.5,-1,2,2,2.5,f,+2.5,-1
sigma-,sigma+,72,4,-130973.121162,6.912122e-10,4,4,3.5,f,+0.5,-1,1,1,1.5,e,-1.5,-1
sigma-,sigma+,73,5,-130973.073985,3.427120e-09,4,4,3.5,f,+1.5,-1,1,1,1.5,e,-0.5,-1
sigma-,sigma+,74,6,-130973.026615,1.019563e-08,4,4,3.5,f,+2.5,-1,1,1,1.5,e,+0.5,-1
sigma-,sigma+,75,7,-130972.979055,2.359228e-08,4,4,3.5,f,+3.5,-1,1,1,1.5,e,+1.5,-1
sigma-,sigma+,109,52,-130963.313768,9.453508e-04,5,5,4.5,f,-1.5,+1,3,3,3.5,f,-3.5,+1
sigma-,sigma+,110,53,-130963.310706,3.233644e-03,5,5,4.5,f,-0.5,+1,3,3,3.5,f,-2.5,+1
sigma-,sigma+,111,54,-130963.307635,6.721103e-03,5,5,4.5,f,+0.5,+1,3,3,3.5,f,-1.5,+1
sigma-,sigma+,112,55,-130963.304554,1.072886e-02,5,5,4.5,f,+1.5,+1,3,3,3.5,f,-0.5,+1
sigma-,sigma+,113,56,-130963.301465,1.404913e-02,5,5,4.5,f,+2.5,+1,3,3,3.5,f,+0.5,+1
sigma-,sigma+,114,57,-130963.298366,1.495127e-02,5,5,4.5,f,+3.5,+1,3,3,3.5,f,+1.5,+1
sigma-,sigma+,115,58,-130963.295258,1.118775e-02,5,5,4.5,f,+4.5,+1,3,3,3.5,f,+2.5,+1
sigma-,sigma+,132,52,-130959.742204,1.631590e-03,5,5,5.5,f,-1.5,+1,3,3,3.5,f,-3.5,+1
sigma-,sigma+,133,53,-130959.735167,8.163207e-03,5,5,5.5,f,-0.5,+1,3,3,3.5,f,-2.5,+1
sigma-,sigma+,134,54,-130959.728126,2.450534e-02,5,5,5.5,f,+0.5,+1,3,3,3.5,f,-1.5,+1
sigma-,sigma+,135,55,-130959.721080,5.721569e-02,5,5,5.5,f,+1.5,+1,3,3,3.5,f,-0.5,+1
sigma-,sigma+,136,56,-130959.714029,1.145043e-01,5,5,5.5,f,+2.5,+1,3,3,3.5,f,+0.5,+1
sigma-,sigma+,137,57,-130959.706973,2.062384e-01,5,5,5.5,f,+3.5,+1,3,3,3.5,f,+1.5,+1
sigma-,sigma+,138,58,-130959.699913,3.439479e-01,5,5,5.5,f,+4.5,+1,3,3,3.5,f,+2.5,+1
sigma-,sigma+,139,59,-130959.692848,5.408297e-01,5,5,5.5,f,+5.5,+1,3,3,3.5,f,+3.5,+1
sigma-,sigma+,74,1,-130957.941067,1.570837e-12,4,4,3.5,f,+2.5,-1,1,1,0.5,e,+0.5,-1
sigma-,sigma+,110,38,-130957.536891,4.061003e-03,5,5,4.5,f,-0.5,+1,3,3,2.5,f,-2.5,+1
sigma-,sigma+,111,39,-130957.524828,2.029338e-02,5,5,4.5,f,+0.5,+1,3,3,2.5,f,-1.5,+1
sigma-,sigma+,112,40,-130957.512769,6.084541e-02,5,5,4.5,f,+1.5,+1,3,3,2.5,f,-0.5,+1
sigma-,sigma+,113,41,-130957.500715,1.418919e-01,5,5,4.5,f,+2.5,+1,3,3,2.5,f,+0.5,+1
sigma-,sigma+,114,42,-130957.488666,2.836233e-01,5,5,4.5,f,+3.5,+1,3,3,2.5,f,+1.5,+1
sigma-,sigma+,115,43,-130957.476622,5.102341e-01,5,5,4.5,f,+4.5,+1,3,3,2.5,f,+2.5,+1
sigma-,sigma+,133,38,-130953.961352,4.670535e-10,5,5,5.5,f,-0.5,+1,3,3,2.5,f,-2.5,+1
sigma-,sigma+,134,39,-130953.945319,2.334703e-09,5,5,5.5,f,+0.5,+1,3,3,2.5,f,-1.5,+1
sigma-,sigma+,135,40,-130953.929295,6.535508e-09,5,5,5.5,f,+1.5,+1,3,3,2.5,f,-0.5,+1
sigma-,sigma+,136,41,-130953.913280,1.306754e-08,5,5,5.5,f,+2.5,+1,3,3,2.5,f,+0.5,+1
sigma-,sigma+,137,42,-130953.897274,1.959588e-08,5,5,5.5,f,+3.5,+1,3,3,2.5,f,+1.5,+1
sigma-,sigma+,138,43,-130953.881277,1.959022e-08,5,5,5.5,f,+4.5,+1,3,3,2.5,f,+2.5,+1
sigma-,sigma+,99,44,-130915.706127,1.661306e-04,5,5,4.5,e,-1.5,-1,3,3,3.5,e,-3.5,-1
sigma-,sigma+,100,45,-130915.703472,5.682153e-04,5,5,4.5,e,-0.5,-1,3,3,3.5,e,-2.5,-1
sigma-,sigma+,101,46,-130915.700805,1.180934e-03,5,5,4.5,e,+0.5,-1,3,3,3.5,e,-1.5,-1
sigma-,sigma+,102,47,-130915.698129,1.884966e-03,5,5,4.5,e,+1.5,-1,3,3,3.5,e,-0.5,-1
sigma-,sigma+,103,48,-130915.695442,2.468109e-03,5,5,4.5,e,+2.5,-1,3,3,3.5,e,+0.5,-1
sigma-,sigma+,104,49,-130915.692745,2.626386e-03,5,5,4.5,e,+3.5,-1,3,3,3.5,e,+1.5,-1
sigma-,sigma+,105,50,-130915.690038,1.965120e-03,5,5,4.5,e,+4.5,-1,3,3,3.5,e,+2.5,-1
sigma-,sigma+,64,8,-130914.930405,7.120736e-12,4,4,3.5,e,+0.5,+1,1,1,1.5,f,-1.5,+1
sigma-,sigma+,65,9,-130914.886290,3.528168e-11,4,4,3.5,e,+1.5,+1,1,1,1.5,f,-0.5,+1
sigma-,sigma+,66,10,-130914.841987,1.048912e-10,4,4,3.5,e,+2.5,+1,1,1,1.5,f,+0.5,+1
sigma-,sigma+,67,11,-130914.797501,2.425484e-10,4,4,3.5,e,+3.5,+1,1,1,1.5,f,+1.5,+1
sigma-,sigma+,120,44,-130912.135023,2.880159e-04,5,5,5.5,e,-1.5,-1,3,3,3.5,e,-3.5,-1
sigma-,sigma+,121,45,-130912.128079,1.441086e-03,5,5,5.5,e,-0.5,-1,3,3,3.5,e,-2.5,-1
sigma-,sigma+,122,46,-130912.121129,4.326270e-03,5,5,5.5,e,+0.5,-1,3,3,3.5,e,-1.5,-1
sigma-,sigma+,123,47,-130912.114173,1.010163e-02,5,5,5.5,e,+1.5,-1,3,3,3.5,e,-0.5,-1
sigma-,sigma+,124,48,-130912.107213,2.021722e-02,5,5,5.5,e,+2.5,-1,3,3,3.5,e,+0.5,-1
sigma-,sigma+,125,49,-130912.100248,3.641601e-02,5,5,5.5,e,+3.5,-1,3,3,3.5,e,+1.5,-1
sigma-,sigma+,126,50,-130912.093277,6.073492e-02,5,5,5.5,e,+4.5,-1,3,3,3.5,e,+2.5,-1
sigma-,sigma+,127,51,-130912.086301,9.550568e-02,5,5,5.5,e,+5.5,-1,3,3,3.5,e,+3.5,-1
sigma-,sigma+,100,32,-130909.930885,7.172905e-04,5,5,4.5,e,-0.5,-1,3,3,2.5,e,-2.5,-1
sigma-,sigma+,101,33,-130909.918731,3.584311e-03,5,5,4.5,e,+0.5,-1,3,3,2.5,e,-1.5,-1
sigma-,sigma+,102,34,-130909.906581,1.074654e-02,5,5,4.5,e,+1.5,-1,3,3,2.5,e,-0.5,-1
sigma-,sigma+,103,35,-130909.894437,2.506042e-02,5,5,4.5,e,+2.5,-1,3,3,2.5,e,+0.5,-1
sigma-,sigma+,104,36,-130909.882298,5.009131e-02,5,5,4.5,e,+3.5,-1,3,3,2.5,e,+1.5,-1
sigma-,sigma+,105,37,-130909.870164,9.011145e-02,5,5,4.5,e,+4.5,-1,3,3,2.5,e,+2.5,-1
sigma-,sigma+,121,32,-130906.355492,1.323393e-10,5,5,5.5,e,-0.5,-1,3,3,2.5,e,-2.5,-1
sigma-,sigma+,122,33,-130906.339054,6.609750e-10,5,5,5.5,e,+0.5,-1,3,3,2.5,e,-1.5,-1
sigma-,sigma+,123,34,-130906.322626,1.848699e-09,5,5,5.5,e,+1.5,-1,3,3,2.5,e,-0.5,-1
sigma-,sigma+,124,35,-130906.306208,3.693314e-09,5,5,5.5,e,+2.5,-1,3,3,2.5,e,+0.5,-1
sigma-,sigma+,125,36,-130906.289801,5.533813e-09,5,5,5.5,e,+3.5,-1,3,3,2.5,e,+1.5,-1
sigma-,sigma+,126,37,-130906.273403,5.527626e-09,5,5,5.5,e,+4.5,-1,3,3,2.5,e,+2.5,-1
sigma-,sigma+,71,26,-101863.604411,3.021524e-03,4,4,3.5,f,-0.5,-1,2,2,2.5,f,-2.5,-1
sigma-,sigma+,72,27,-101863.594401,9.634420e-03,4,4,3.5,f,+0.5,-1,2,2,2.5,f,-1.5,-1
sigma-,sigma+,73,28,-101863.584367,1.800046e-02,4,4,3.5,f,+1.5,-1,2,2,2.5,f,-0.5,-1
sigma-,sigma+,74,29,-101863.574307,2.391587e-02,4,4,3.5,f,+2.5,-1,2,2,2.5,f,+0.5,-1
sigma-,sigma+,75,30,-101863.564222,2.085284e-02,4,4,3.5,f,+3.5,-1,2,2,2.5,f,+1.5,-1
sigma-,sigma+,90,26,-101859.171661,3.728258e-03,4,4,4.5,f,-0.5,-1,2,2,2.5,f,-2.5,-1
sigma-,sigma+,91,27,-101859.156092,1.866022e-02,4,4,4.5,f,+0.5,-1,2,2,2.5,f,-1.5,-1
sigma-,sigma+,92,28,-101859.140506,5.603726e-02,4,4,4.5,f,+1.5,-1,2,2,2.5,f,-0.5,-1
sigma-,sigma+,93,29,-101859.124901,1.308852e-01,4,4,4.5,f,+2.5,-1,2,2,2.5,f,+0.5,-1
sigma-,sigma+,94,30,-101859.109278,2.620325e-01,4,4,4.5,f,+3.5,-1,2,2,2.5,f,+1.5,-1
sigma-,sigma+,95,31,-101859.093637,4.721285e-01,4,4,4.5,f,+4.5,-1,2,2,2.5,f,+2.5,-1
sigma-,sigma+,72,16,-101855.293021,1.219113e-02,4,4,3.5,f,+0.5,-1,2,2,1.5,f,-1.5,-1
sigma-,sigma+,73,17,-101855.264033,6.089315e-02,4,4,3.5,f,+1.5,-1,2,2,1.5,f,-0.5,-1
sigma-,sigma+,74,18,-101855.235063,1.824933e-01,4,4,3.5,f,+2.5,-1,2,2,1.5,f,+0.5,-1
sigma-,sigma+,75,19,-101855.206111,4.253861e-01,4,4,3.5,f,+3.5,-1,2,2,1.5,f,+1.5,-1
sigma-,sigma+,91,16,-101850.854712,6.957947e-12,4,4,4.5,f,+0.5,-1,2,2,1.5,f,-1.5,-1
sigma-,sigma+,92,17,-101850.820172,2.748890e-11,4,4,4.5,f,+1.5,-1,2,2,1.5,f,-0.5,-1
sigma-,sigma+,93,18,-101850.785657,5.588677e-11,4,4,4.5,f,+2.5,-1,2,2,1.5,f,+0.5,-1
sigma-,sigma+,94,19,-101850.751168,6.437007e-11,4,4,4.5,f,+3.5,-1,2,2,1.5,f,+1.5,-1
sigma-,sigma+,63,20,-101826.576910,5.309067e-04,4,4,3.5,e,-0.5,+1,2,2,2.5,e,-2.5,+1
sigma-,sigma+,64,21,-101826.567440,1.692714e-03,4,4,3.5,e,+0.5,+1,2,2,2.5,e,-1.5,+1
sigma-,sigma+,65,22,-101826.557944,3.162338e-03,4,4,3.5,e,+1.5,+1,2,2,2.5,e,-0.5,+1
sigma-,sigma+,66,23,-101826.548420,4.201244e-03,4,4,3.5,e,+2.5,+1,2,2,2.5,e,+0.5,+1
sigma-,sigma+,67,24,-101826.538869,3.662895e-03,4,4,3.5,e,+3.5,+1,2,2,2.5,e,+1.5,+1
sigma-,sigma+,80,20,-101822.144341,6.581741e-04,4,4,4.5,e,-0.5,+1,2,2,2.5,e,-2.5,+1
sigma-,sigma+,81,21,-101822.128929,3.294465e-03,4,4,4.5,e,+0.5,+1,2,2,2.5,e,-1.5,+1
sigma-,sigma+,82,22,-101822.113498,9.894133e-03,4,4,4.5,e,+1.5,+1,2,2,2.5,e,-0.5,+1
sigma-,sigma+,83,23,-101822.098048,2.311127e-02,4,4,4.5,e,+2.5,+1,2,2,2.5,e,+0.5,+1
sigma-,sigma+,84,24,-101822.082579,4.627226e-02,4,4,4.5,e,+3.5,+1,2,2,2.5,e,+1.5,+1
sigma-,sigma+,85,25,-101822.067091,8.337921e-02,4,4,4.5,e,+4.5,+1,2,2,2.5,e,+2.5,+1
sigma-,sigma+,64,12,-101818.267090,2.153548e-03,4,4,3.5,e,+0.5,+1,2,2,1.5,e,-1.5,+1
sigma-,sigma+,65,13,-101818.237946,1.075645e-02,4,4,3.5,e,+1.5,+1,2,2,1.5,e,-0.5,+1
sigma-,sigma+,66,14,-101818.208822,3.223570e-02,4,4,3.5,e,+2.5,+1,2,2,1.5,e,+0.5,+1
sigma-,sigma+,67,15,-101818.179717,7.513869e-02,4,4,3.5,e,+3.5,+1,2,2,1.5,e,+1.5,+1
sigma-,sigma+,81,12,-101813.828579,8.783657e-12,4,4,4.5,e,+0.5,+1,2,2,1.5,e,-1.5,+1
sigma-,sigma+,82,13,-101813.793501,4.120191e-11,4,4,4.5,e,+1.5,+1,2,2,1.5,e,-0.5,+1
sigma-,sigma+,83,14,-101813.758450,1.000814e-10,4,4,4.5,e,+2.5,+1,2,2,1.5,e,+0.5,+1
sigma-,sigma+,84,15,-101813.723427,1.387428e-10,4,4,4.5,e,+3.5,+1,2,2,1.5,e,+1.5,+1
sigma-,sigma+,115,83,-72811.447928,3.038618e-03,5,5,4.5,f,+4.5,+1,4,4,4.5,e,+2.5,+1
sigma-,sigma+,114,82,-72811.447899,7.107040e-03,5,5,4.5,f,+3.5,+1,4,4,4.5,e,+1.5,+1
sigma-,sigma+,113,81,-72811.447864,1.068609e-02,5,5,4.5,f,+2.5,+1,4,4,4.5,e,+0.5,+1
sigma-,sigma+,112,80,-72811.447823,1.275209e-02,5,5,4.5,f,+1.5,+1,4,4,4.5,e,-0.5,+1
sigma-,sigma+,111,79,-72811.447775,1.278280e-02,5,5,4.5,f,+0.5,+1,4,4,4.5,e,-1.5,+1
sigma-,sigma+,110,78,-72811.447721,1.076349e-02,5,5,4.5,f,-0.5,+1,4,4,4.5,e,-2.5,+1
sigma-,sigma+,109,77,-72811.447662,7.193045e-03,5,5,4.5,f,-1.5,+1,4,4,4.5,e,-3.5,+1
sigma-,sigma+,108,76,-72811.447595,3.090223e-03,5,5,4.5,f,-2.5,+1,4,4,4.5,e,-4.5,+1
sigma-,sigma+,131,76,-72807.880010,8.126350e-03,5,5,5.5,f,-2.5,+1,4,4,4.5,e,-4.5,+1
sigma-,sigma+,132,77,-72807.876097,2.891080e-02,5,5,5.5,f,-1.5,+1,4,4,4.5,e,-3.5,+1
sigma-,sigma+,133,78,-72807.872182,6.327969e-02,5,5,5.5,f,-0.5,+1,4,4,4.5,e,-2.5,+1
sigma-,sigma+,134,79,-72807.868266,1.085432e-01,5,5,5.5,f,+0.5,+1,4,4,4.5,e,-1.5,+1
sigma-,sigma+,135,80,-72807.864348,1.583848e-01,5,5,5.5,f,+1.5,+1,4,4,4.5,e,-0.5,+1
sigma-,sigma+,136,81,-72807.860428,2.028508e-01,5,5,5.5,f,+2.5,+1,4,4,4.5,e,+0.5,+1
sigma-,sigma+,137,82,-72807.856506,2.283397e-01,5,5,5.5,f,+3.5,+1,4,4,4.5,e,+1.5,+1
sigma-,sigma+,138,83,-72807.852583,2.175922e-01,5,5,5.5,f,+4.5,+1,4,4,4.5,e,+2.5,+1
sigma-,sigma+,139,84,-72807.848658,1.496809e-01,5,5,5.5,f,+5.5,+1,4,4,4.5,e,+3.5,+1
sigma-,sigma+,109,60,-72807.032969,1.429927e-02,5,5,4.5,f,-1.5,+1,4,4,3.5,e,-3.5,+1
sigma-,sigma+,110,61,-72807.027062,4.900472e-02,5,5,4.5,f,-0.5,+1,4,4,3.5,e,-2.5,+1
sigma-,sigma+,111,62,-72807.021157,1.020489e-01,5,5,4.5,f,+0.5,+1,4,4,3.5,e,-1.5,+1
sigma-,sigma+,112,63,-72807.015254,1.632075e-01,5,5,4.5,f,+1.5,+1,4,4,3.5,e,-0.5,+1
sigma-,sigma+,113,64,-72807.009353,2.141176e-01,5,5,4.5,f,+2.5,+1,4,4,3.5,e,+0.5,+1
sigma-,sigma+,114,65,-72807.003454,2.282940e-01,5,5,4.5,f,+3.5,+1,4,4,3.5,e,+1.5,+1
sigma-,sigma+,115,66,-72806.997556,1.711472e-01,5,5,4.5,f,+4.5,+1,4,4,3.5,e,+2.5,+1
sigma-,sigma+,132,60,-72803.461404,5.711020e-05,5,5,5.5,f,-1.5,+1,4,4,3.5,e,-3.5,+1
sigma-,sigma+,133,61,-72803.451523,2.848141e-04,5,5,5.5,f,-0.5,+1,4,4,3.5,e,-2.5,+1
sigma-,sigma+,134,62,-72803.441648,8.522399e-04,5,5,5.5,f,+0.5,+1,4,4,3.5,e,-1.5,+1
sigma-,sigma+,135,63,-72803.431780,1.983441e-03,5,5,5.5,f,+1.5,+1,4,4,3.5,e,-0.5,+1
sigma-,sigma+,136,64,-72803.421917,3.956684e-03,5,5,5.5,f,+2.5,+1,4,4,3.5,e,+0.5,+1
sigma-,sigma+,137,65,-72803.412061,7.103746e-03,5,5,5.5,f,+3.5,+1,4,4,3.5,e,+1.5,+1
sigma-,sigma+,138,66,-72803.402211,1.180922e-02,5,5,5.5,f,+4.5,+1,4,4,3.5,e,+2.5,+1
sigma-,sigma+,139,67,-72803.392367,1.850982e-02,5,5,5.5,f,+5.5,+1,4,4,3.5,e,+3.5,+1
sigma-,sigma+,41,8,-72764.439042,1.303096e-02,3,3,2.5,f,+0.5,+1,1,1,1.5,f,-1.5,+1
sigma-,sigma+,42,9,-72764.401077,3.449025e-02,3,3,2.5,f,+1.5,+1,1,1,1.5,f,-0.5,+1
sigma-,sigma+,43,10,-72764.362921,4.279437e-02,3,3,2.5,f,+2.5,+1,1,1,1.5,f,+0.5,+1
sigma-,sigma+,56,8,-72758.638293,9.650826e-03,3,3,3.5,f,+0.5,+1,1,1,1.5,f,-1.5,+1
sigma-,sigma+,57,9,-72758.591377,4.835460e-02,3,3,3.5,f,+1.5,+1,1,1,1.5,f,-0.5,+1
sigma-,sigma+,58,10,-72758.544285,1.453639e-01,3,3,3.5,f,+2.5,+1,1,1,1.5,f,+0.5,+1
sigma-,sigma+,59,11,-72758.497020,3.398798e-01,3,3,3.5,f,+3.5,+1,1,1,1.5,f,+1.5,+1
sigma-,sigma+,42,2,-72749.390105,5.318544e-02,3,3,2.5,f,+1.5,+1,1,1,0.5,f,-0.5,+1
sigma-,sigma+,43,3,-72749.277959,2.651744e-01,3,3,2.5,f,+2.5,+1,1,1,0.5,f,+0.5,+1
sigma-,sigma+,57,2,-72743.580405,4.179075e-08,3,3,3.5,f,+1.5,+1,1,1,0.5,f,-0.5,+1
sigma-,sigma+,58,3,-72743.459323,1.228046e-07,3,3,3.5,f,+2.5,+1,1,1,0.5,f,+0.5,+1
sigma-,sigma+,35,4,-72737.991760,2.289466e-03,3,3,2.5,e,+0.5,-1,1,1,1.5,e,-1.5,-1
sigma-,sigma+,36,5,-72737.954621,6.059351e-03,3,3,2.5,e,+1.5,-1,1,1,1.5,e,-0.5,-1
sigma-,sigma+,37,6,-72737.917287,7.517776e-03,3,3,2.5,e,+2.5,-1,1,1,1.5,e,+0.5,-1
sigma-,sigma+,48,4,-72732.190755,1.703992e-03,3,3,3.5,e,+0.5,-1,1,1,1.5,e,-1.5,-1
sigma-,sigma+,49,5,-72732.144174,8.538774e-03,3,3,3.5,e,+1.5,-1,1,1,1.5,e,-0.5,-1
sigma-,sigma+,50,6,-72732.097413,2.567251e-02,3,3,3.5,e,+2.5,-1,1,1,1.5,e,+0.5,-1
sigma-,sigma+,51,7,-72732.050473,6.003303e-02,3,3,3.5,e,+3.5,-1,1,1,1.5,e,+1.5,-1
sigma-,sigma+,36,0,-72722.944216,9.399826e-03,3,3,2.5,e,+1.5,-1,1,1,0.5,e,-0.5,-1
sigma-,sigma+,37,1,-72722.831739,4.686568e-02,3,3,2.5,e,+2.5,-1,1,1,0.5,e,+0.5,-1
sigma-,sigma+,49,0,-72717.133769,6.145991e-09,3,3,3.5,e,+1.5,-1,1,1,0.5,e,-0.5,-1
sigma-,sigma+,50,1,-72717.011865,1.803066e-08,3,3,3.5,e,+2.5,-1,1,1,0.5,e,+0.5,-1
sigma-,sigma+,105,93,-72679.210242,3.591548e-04,5,5,4.5,e,+4.5,-1,4,4,4.5,f,+2.5,-1
sigma-,sigma+,104,92,-72679.206796,8.395483e-04,5,5,4.5,e,+3.5,-1,4,4,4.5,f,+1.5,-1
sigma-,sigma+,103,91,-72679.203344,1.261614e-03,5,5,4.5,e,+2.5,-1,4,4,4.5,f,+0.5,-1
sigma-,sigma+,102,90,-72679.199885,1.504662e-03,5,5,4.5,e,+1.5,-1,4,4,4.5,f,-0.5,-1
sigma-,sigma+,101,89,-72679.196421,1.507416e-03,5,5,4.5,e,+0.5,-1,4,4,4.5,f,-1.5,-1
sigma-,sigma+,100,88,-72679.192950,1.268554e-03,5,5,4.5,e,-0.5,-1,4,4,4.5,f,-2.5,-1
sigma-,sigma+,99,87,-72679.189474,8.472592e-04,5,5,4.5,e,-1.5,-1,4,4,4.5,f,-3.5,-1
sigma-,sigma+,98,86,-72679.185991,3.637815e-04,5,5,4.5,e,-2.5,-1,4,4,4.5,f,-4.5,-1
sigma-,sigma+,119,86,-72675.619181,9.519340e-04,5,5,5.5,e,-2.5,-1,4,4,4.5,f,-4.5,-1
sigma-,sigma+,120,87,-72675.618370,3.386738e-03,5,5,5.5,e,-1.5,-1,4,4,4.5,f,-3.5,-1
sigma-,sigma+,121,88,-72675.617557,7.413031e-03,5,5,5.5,e,-0.5,-1,4,4,4.5,f,-2.5,-1
sigma-,sigma+,122,89,-72675.616744,1.271581e-02,5,5,5.5,e,+0.5,-1,4,4,4.5,f,-1.5,-1
sigma-,sigma+,123,90,-72675.615930,1.855517e-02,5,5,5.5,e,+1.5,-1,4,4,4.5,f,-0.5,-1
sigma-,sigma+,124,91,-72675.615114,2.376501e-02,5,5,5.5,e,+2.5,-1,4,4,4.5,f,+0.5,-1
sigma-,sigma+,125,92,-72675.614298,2.675177e-02,5,5,5.5,e,+3.5,-1,4,4,4.5,f,+1.5,-1
sigma-,sigma+,126,93,-72675.613481,2.549319e-02,5,5,5.5,e,+4.5,-1,4,4,4.5,f,+2.5,-1
sigma-,sigma+,127,94,-72675.612663,1.753706e-02,5,5,5.5,e,+5.5,-1,4,4,4.5,f,+3.5,-1
sigma-,sigma+,99,68,-72674.773442,1.676249e-03,5,5,4.5,e,-1.5,-1,4,4,3.5,f,-3.5,-1
sigma-,sigma+,100,69,-72674.771339,5.744713e-03,5,5,4.5,e,-0.5,-1,4,4,3.5,f,-2.5,-1
sigma-,sigma+,101,70,-72674.769236,1.196312e-02,5,5,4.5,e,+0.5,-1,4,4,3.5,f,-1.5,-1
sigma-,sigma+,102,71,-72674.767135,1.913297e-02,5,5,4.5,e,+1.5,-1,4,4,3.5,f,-0.5,-1
sigma-,sigma+,103,72,-72674.765034,2.510153e-02,5,5,4.5,e,+2.5,-1,4,4,3.5,f,+0.5,-1
sigma-,sigma+,104,73,-72674.762935,2.676382e-02,5,5,4.5,e,+3.5,-1,4,4,3.5,f,+1.5,-1
sigma-,sigma+,105,74,-72674.760836,2.006454e-02,5,5,4.5,e,+4.5,-1,4,4,3.5,f,+2.5,-1
sigma-,sigma+,120,68,-72671.202338,6.782688e-06,5,5,5.5,e,-1.5,-1,4,4,3.5,f,-3.5,-1
sigma-,sigma+,121,69,-72671.195946,3.376652e-05,5,5,5.5,e,-0.5,-1,4,4,3.5,f,-2.5,-1
sigma-,sigma+,122,70,-72671.189560,1.008613e-04,5,5,5.5,e,+0.5,-1,4,4,3.5,f,-1.5,-1
sigma-,sigma+,123,71,-72671.183179,2.343263e-04,5,5,5.5,e,+1.5,-1,4,4,3.5,f,-0.5,-1
sigma-,sigma+,124,72,-72671.176805,4.666305e-04,5,5,5.5,e,+2.5,-1,4,4,3.5,f,+0.5,-1
sigma-,sigma+,125,73,-72671.170437,8.363157e-04,5,5,5.5,e,+3.5,-1,4,4,3.5,f,+1.5,-1
sigma-,sigma+,126,74,-72671.164075,1.387862e-03,5,5,5.5,e,+4.5,-1,4,4,3.5,f,+2.5,-1
sigma-,sigma+,127,75,-72671.157719,2.171553e-03,5,5,5.5,e,+5.5,-1,4,4,3.5,f,+3.5,-1
sigma-,sigma+,70,44,-58240.964272,8.328279e-03,4,4,3.5,f,-1.5,-1,3,3,3.5,e,-3.5,-1
sigma-,sigma+,71,45,-58240.963712,1.779355e-02,4,4,3.5,f,-0.5,-1,3,3,3.5,e,-2.5,-1
sigma-,sigma+,72,46,-58240.963141,2.365483e-02,4,4,3.5,f,+0.5,-1,3,3,3.5,e,-1.5,-1
sigma-,sigma+,73,47,-58240.962559,2.358537e-02,4,4,3.5,f,+1.5,-1,3,3,3.5,e,-0.5,-1
sigma-,sigma+,74,48,-58240.961966,1.763726e-02,4,4,3.5,f,+2.5,-1,3,3,3.5,e,+0.5,-1
sigma-,sigma+,75,49,-58240.961361,8.206716e-03,4,4,3.5,f,+3.5,-1,3,3,3.5,e,+1.5,-1
sigma-,sigma+,89,44,-58236.537087,1.644423e-02,4,4,4.5,f,-1.5,-1,3,3,3.5,e,-3.5,-1
sigma-,sigma+,90,45,-58236.530962,5.643149e-02,4,4,4.5,f,-0.5,-1,3,3,3.5,e,-2.5,-1
sigma-,sigma+,91,46,-58236.524832,1.176721e-01,4,4,4.5,f,+0.5,-1,3,3,3.5,e,-1.5,-1
sigma-,sigma+,92,47,-58236.518698,1.884450e-01,4,4,4.5,f,+1.5,-1,3,3,3.5,e,-0.5,-1
sigma-,sigma+,93,48,-58236.512560,2.475559e-01,4,4,4.5,f,+2.5,-1,3,3,3.5,e,+0.5,-1
sigma-,sigma+,94,49,-58236.506417,2.642955e-01,4,4,4.5,f,+3.5,-1,3,3,3.5,e,+1.5,-1
sigma-,sigma+,95,50,-58236.500271,1.983978e-01,4,4,4.5,f,+4.5,-1,3,3,3.5,e,+2.5,-1
sigma-,sigma+,71,32,-58235.191126,3.282195e-02,4,4,3.5,f,-0.5,-1,3,3,2.5,e,-2.5,-1
sigma-,sigma+,72,33,-58235.181066,1.049646e-01,4,4,3.5,f,+0.5,-1,3,3,2.5,e,-1.5,-1
sigma-,sigma+,73,34,-58235.171011,1.966860e-01,4,4,3.5,f,+1.5,-1,3,3,2.5,e,-0.5,-1
sigma-,sigma+,74,35,-58235.160961,2.620854e-01,4,4,3.5,f,+2.5,-1,3,3,2.5,e,+0.5,-1
sigma-,sigma+,75,36,-58235.150914,2.291831e-01,4,4,3.5,f,+3.5,-1,3,3,2.5,e,+1.5,-1
sigma-,sigma+,90,32,-58230.758375,2.633166e-04,4,4,4.5,f,-0.5,-1,3,3,2.5,e,-2.5,-1
sigma-,sigma+,91,33,-58230.742757,1.313001e-03,4,4,4.5,f,+0.5,-1,3,3,2.5,e,-1.5,-1
sigma-,sigma+,92,34,-58230.727150,3.928302e-03,4,4,4.5,f,+1.5,-1,3,3,2.5,e,-0.5,-1
sigma-,sigma+,93,35,-58230.711555,9.141169e-03,4,4,4.5,f,+2.5,-1,3,3,2.5,e,+0.5,-1
sigma-,sigma+,94,36,-58230.695970,1.823281e-02,4,4,4.5,f,+3.5,-1,3,3,2.5,e,+1.5,-1
sigma-,sigma+,95,37,-58230.680397,3.273026e-02,4,4,4.5,f,+4.5,-1,3,3,2.5,e,+2.5,-1
sigma-,sigma+,67,57,-58156.330297,4.782256e-04,4,4,3.5,e,+3.5,+1,3,3,3.5,f,+1.5,+1
sigma-,sigma+,66,56,-58156.327505,1.027301e-03,4,4,3.5,e,+2.5,+1,3,3,3.5,f,+0.5,+1
sigma-,sigma+,65,55,-58156.324701,1.373130e-03,4,4,3.5,e,+1.5,+1,3,3,3.5,f,-0.5,+1
sigma-,sigma+,64,54,-58156.321887,1.376546e-03,4,4,3.5,e,+0.5,+1,3,3,3.5,f,-1.5,+1
sigma-,sigma+,63,53,-58156.319061,1.034987e-03,4,4,3.5,e,-0.5,+1,3,3,3.5,f,-2.5,+1
sigma-,sigma+,62,52,-58156.316225,4.842038e-04,4,4,3.5,e,-1.5,+1,3,3,3.5,f,-3.5,+1
sigma-,sigma+,79,52,-58151.889607,9.494263e-04,4,4,4.5,e,-1.5,+1,3,3,3.5,f,-3.5,+1
sigma-,sigma+,80,53,-58151.886493,3.258236e-03,4,4,4.5,e,-0.5,+1,3,3,3.5,f,-2.5,+1
sigma-,sigma+,81,54,-58151.883376,6.794343e-03,4,4,4.5,e,+0.5,+1,3,3,3.5,f,-1.5,+1
sigma-,sigma+,82,55,-58151.880256,1.088107e-02,4,4,4.5,e,+1.5,+1,3,3,3.5,f,-0.5,+1
sigma-,sigma+,83,56,-58151.877133,1.429464e-02,4,4,4.5,e,+2.5,+1,3,3,3.5,f,+0.5,+1
sigma-,sigma+,84,57,-58151.874007,1.526169e-02,4,4,4.5,e,+3.5,+1,3,3,3.5,f,+1.5,+1
sigma-,sigma+,85,58,-58151.870878,1.145677e-02,4,4,4.5,e,+4.5,+1,3,3,3.5,f,+2.5,+1
sigma-,sigma+,63,38,-58150.545246,1.897364e-03,4,4,3.5,e,-0.5,+1,3,3,2.5,f,-2.5,+1
sigma-,sigma+,64,39,-58150.539080,6.067851e-03,4,4,3.5,e,+0.5,+1,3,3,2.5,f,-1.5,+1
sigma-,sigma+,65,40,-58150.532916,1.137029e-02,4,4,3.5,e,+1.5,+1,3,3,2.5,f,-0.5,+1
sigma-,sigma+,66,41,-58150.526755,1.515119e-02,4,4,3.5,e,+2.5,+1,3,3,2.5,f,+0.5,+1
sigma-,sigma+,67,42,-58150.520598,1.324928e-02,4,4,3.5,e,+3.5,+1,3,3,2.5,f,+1.5,+1
sigma-,sigma+,80,38,-58146.112678,1.533823e-05,4,4,4.5,e,-0.5,+1,3,3,2.5,f,-2.5,+1
sigma-,sigma+,81,39,-58146.100569,7.637593e-05,4,4,4.5,e,+0.5,+1,3,3,2.5,f,-1.5,+1
sigma-,sigma+,82,40,-58146.088471,2.281877e-04,4,4,4.5,e,+1.5,+1,3,3,2.5,f,-0.5,+1
sigma-,sigma+,83,41,-58146.076383,5.302569e-04,4,4,4.5,e,+2.5,+1,3,3,2.5,f,+0.5,+1
sigma-,sigma+,84,42,-58146.064307,1.056177e-03,4,4,4.5,e,+3.5,+1,3,3,2.5,f,+1.5,+1
sigma-,sigma+,85,43,-58146.052242,1.893357e-03,4,4,4.5,e,+4.5,+1,3,3,2.5,f,+2.5,+1
sigma-,sigma+,40,20,-43676.079394,3.052804e-02,3,3,2.5,f,-0.5,+1,2,2,2.5,e,-2.5,+1
sigma-,sigma+,41,21,-43676.076078,5.471753e-02,3,3,2.5,f,+0.5,+1,2,2,2.5,e,-1.5,+1
sigma-,sigma+,42,22,-43676.072731,5.448666e-02,3,3,2.5,f,+1.5,+1,2,2,2.5,e,-0.5,+1
sigma-,sigma+,43,23,-43676.069354,3.014323e-02,3,3,2.5,f,+2.5,+1,2,2,2.5,e,+0.5,+1
sigma-,sigma+,55,20,-43670.287609,4.021620e-02,3,3,3.5,f,-0.5,+1,2,2,2.5,e,-2.5,+1
sigma-,sigma+,56,21,-43670.275329,1.289191e-01,3,3,3.5,f,+0.5,+1,2,2,2.5,e,-1.5,+1
sigma-,sigma+,57,22,-43670.263031,2.421476e-01,3,3,3.5,f,+1.5,+1,2,2,2.5,e,-0.5,+1
sigma-,sigma+,58,23,-43670.250718,3.234265e-01,3,3,3.5,f,+2.5,+1,2,2,2.5,e,+0.5,+1
sigma-,sigma+,59,24,-43670.238388,2.834885e-01,3,3,3.5,f,+3.5,+1,2,2,2.5,e,+1.5,+1
sigma-,sigma+,41,12,-43667.775727,9.719540e-02,3,3,2.5,f,+0.5,+1,2,2,1.5,e,-1.5,+1
sigma-,sigma+,42,13,-43667.752733,2.589049e-01,3,3,2.5,f,+1.5,+1,2,2,1.5,e,-0.5,+1
sigma-,sigma+,43,14,-43667.729756,3.232800e-01,3,3,2.5,f,+2.5,+1,2,2,1.5,e,+0.5,+1
sigma-,sigma+,56,12,-43661.974978,2.020872e-03,3,3,3.5,f,+0.5,+1,2,2,1.5,e,-1.5,+1
sigma-,sigma+,57,13,-43661.943034,1.007478e-02,3,3,3.5,f,+1.5,+1,2,2,1.5,e,-0.5,+1
sigma-,sigma+,58,14,-43661.911120,3.013599e-02,3,3,3.5,f,+2.5,+1,2,2,1.5,e,+0.5,+1
sigma-,sigma+,59,15,-43661.879236,7.011205e-02,3,3,3.5,f,+3.5,+1,2,2,1.5,e,+1.5,+1
sigma-,sigma+,36,28,-43628.465003,5.641829e-04,3,3,2.5,e,+1.5,-1,2,2,2.5,f,-0.5,-1
sigma-,sigma+,35,27,-43628.464999,5.663835e-04,3,3,2.5,e,+0.5,-1,2,2,2.5,f,-1.5,-1
sigma-,sigma+,37,29,-43628.464979,3.122228e-04,3,3,2.5,e,+2.5,-1,2,2,2.5,f,+0.5,-1
sigma-,sigma+,34,26,-43628.464965,3.158906e-04,3,3,2.5,e,-0.5,-1,2,2,2.5,f,-2.5,-1
sigma-,sigma+,47,26,-43622.673417,4.092187e-04,3,3,3.5,e,-0.5,-1,2,2,2.5,f,-2.5,-1
sigma-,sigma+,48,27,-43622.663994,1.311871e-03,3,3,3.5,e,+0.5,-1,2,2,2.5,f,-1.5,-1
sigma-,sigma+,49,28,-43622.654556,2.464182e-03,3,3,3.5,e,+1.5,-1,2,2,2.5,f,-0.5,-1
sigma-,sigma+,50,29,-43622.645105,3.291446e-03,3,3,3.5,e,+2.5,-1,2,2,2.5,f,+0.5,-1
sigma-,sigma+,51,30,-43622.635640,2.885127e-03,3,3,3.5,e,+3.5,-1,2,2,2.5,f,+1.5,-1
sigma-,sigma+,35,16,-43620.163618,9.921927e-04,3,3,2.5,e,+0.5,-1,2,2,1.5,f,-1.5,-1
sigma-,sigma+,36,17,-43620.144670,2.642954e-03,3,3,2.5,e,+1.5,-1,2,2,1.5,f,-0.5,-1
sigma-,sigma+,37,18,-43620.125735,3.300101e-03,3,3,2.5,e,+2.5,-1,2,2,1.5,f,+0.5,-1
sigma-,sigma+,48,16,-43614.362613,2.073182e-05,3,3,3.5,e,+0.5,-1,2,2,1.5,f,-1.5,-1
sigma-,sigma+,49,17,-43614.334223,1.032459e-04,3,3,3.5,e,+1.5,-1,2,2,1.5,f,-0.5,-1
sigma-,sigma+,50,18,-43614.305862,3.085058e-04,3,3,3.5,e,+2.5,-1,2,2,1.5,f,+0.5,-1
sigma-,sigma+,51,19,-43614.277530,7.169894e-04,3,3,3.5,e,+3.5,-1,2,2,1.5,f,+1.5,-1
sigma-,sigma+,18,4,-29117.917657,1.989883e-01,2,2,1.5,f,+0.5,-1,1,1,1.5,e,-1.5,-1
sigma-,sigma+,19,5,-29117.899424,1.973017e-01,2,2,1.5,f,+1.5,-1,1,1,1.5,e,-0.5,-1
sigma-,sigma+,29,4,-29109.578414,1.310805e-01,2,2,2.5,f,+0.5,-1,1,1,1.5,e,-1.5,-1
sigma-,sigma+,30,5,-29109.541314,3.516280e-01,2,2,2.5,f,+1.5,-1,1,1,1.5,e,-0.5,-1
sigma-,sigma+,31,6,-29109.504046,4.421166e-01,2,2,2.5,f,+2.5,-1,1,1,1.5,e,+0.5,-1
sigma-,sigma+,19,0,-29102.889019,3.972358e-01,2,2,1.5,f,+1.5,-1,1,1,0.5,e,-0.5,-1
sigma-,sigma+,14,8,-29096.756975,2.003481e-03,2,2,1.5,e,+0.5,+1,1,1,1.5,f,-1.5,+1
sigma-,sigma+,15,9,-29096.741957,1.987007e-03,2,2,1.5,e,+1.5,+1,1,1,1.5,f,-0.5,+1
sigma-,sigma+,30,0,-29094.530908,4.370538e-02,2,2,2.5,f,+1.5,-1,1,1,0.5,e,-0.5,-1
sigma-,sigma+,31,1,-29094.418499,2.177458e-01,2,2,2.5,f,+2.5,-1,1,1,0.5,e,+0.5,-1
sigma-,sigma+,23,8,-29088.417378,1.342889e-03,2,2,2.5,e,+0.5,+1,1,1,1.5,f,-1.5,+1
sigma-,sigma+,24,9,-29088.382805,3.602688e-03,2,2,2.5,e,+1.5,+1,1,1,1.5,f,-0.5,+1
sigma-,sigma+,25,10,-29088.348072,4.530237e-03,2,2,2.5,e,+2.5,+1,1,1,1.5,f,+0.5,+1
sigma-,sigma+,15,2,-29081.730986,4.080398e-03,2,2,1.5,e,+1.5,+1,1,1,0.5,f,-0.5,+1
sigma-,sigma+,24,2,-29073.371833,4.442662e-04,2,2,2.5,e,+1.5,+1,1,1,0.5,f,-0.5,+1
sigma-,sigma+,25,3,-29073.263110,2.212308e-03,2,2,2.5,e,+2.5,+1,1,1,0.5,f,+0.5,+1
sigma-,sigma+,1,4,-15.211653,8.456762e-02,1,1,0.5,e,+0.5,-1,1,1,1.5,e,-1.5,-1
sigma-,sigma+,3,8,-15.208773,4.782641e-01,1,1,0.5,f,+0.5,+1,1,1,1.5,f,-1.5,+1
sigma-,sigma+,15,22,-8.413611,2.908913e-02,2,2,1.5,e,+1.5,+1,2,2,2.5,e,-0.5,+1
sigma-,sigma+,19,28,-8.409806,5.149795e-03,2,2,1.5,f,+1.5,-1,2,2,2.5,f,-0.5,-1
sigma-,sigma+,14,21,-8.394011,7.793845e-02,2,2,1.5,e,+0.5,+1,2,2,2.5,e,-1.5,+1
sigma-,sigma+,18,27,-8.390896,1.379577e-02,2,2,1.5,f,+0.5,-1,2,2,2.5,f,-1.5,-1
sigma-,sigma+,13,20,-8.374364,9.788673e-02,2,2,1.5,e,-0.5,+1,2,2,2.5,e,-2.5,+1
sigma-,sigma+,17,26,-8.371943,1.732415e-02,2,2,1.5,f,-0.5,-1,2,2,2.5,f,-2.5,-1
sigma-,sigma+,37,48,-5.852638,7.044898e-03,3,3,2.5,e,+2.5,-1,3,3,3.5,e,+0.5,-1
sigma-,sigma+,43,56,-5.848438,4.089834e-04,3,3,2.5,f,+2.5,+1,3,3,3.5,f,+0.5,+1
sigma-,sigma+,36,47,-5.843196,2.261741e-02,3,3,2.5,e,+1.5,-1,3,3,3.5,e,-0.5,-1
sigma-,sigma+,42,55,-5.839488,1.312811e-03,3,3,2.5,f,+1.5,+1,3,3,3.5,f,-0.5,+1
sigma-,sigma+,35,46,-5.833739,4.254680e-02,3,3,2.5,e,+0.5,-1,3,3,3.5,e,-1.5,-1
sigma-,sigma+,41,54,-5.830524,2.469189e-03,3,3,2.5,f,+0.5,+1,3,3,3.5,f,-1.5,+1
sigma-,sigma+,34,45,-5.824266,5.691583e-02,3,3,2.5,e,-0.5,-1,3,3,3.5,e,-2.5,-1
sigma-,sigma+,40,53,-5.821546,3.302540e-03,3,3,2.5,f,-0.5,+1,3,3,3.5,f,-2.5,+1
sigma-,sigma+,33,44,-5.814777,4.996585e-02,3,3,2.5,e,-1.5,-1,3,3,3.5,e,-3.5,-1
sigma-,sigma+,39,52,-5.812554,2.898781e-03,3,3,2.5,f,-1.5,+1,3,3,3.5,f,-3.5,+1
sigma-,sigma+,67,82,-4.479830,2.245492e-03,4,4,3.5,e,+3.5,+1,4,4,4.5,e,+1.5,+1
sigma-,sigma+,75,92,-4.475412,7.368519e-05,4,4,3.5,f,+3.5,-1,4,4,4.5,f,+1.5,-1
sigma-,sigma+,66,81,-4.473904,7.719454e-03,4,4,3.5,e,+2.5,+1,4,4,4.5,e,+0.5,+1
sigma-,sigma+,74,91,-4.469867,2.532683e-04,4,4,3.5,f,+2.5,-1,4,4,4.5,f,+0.5,-1
sigma-,sigma+,65,80,-4.467969,1.612539e-02,4,4,3.5,e,+1.5,+1,4,4,4.5,e,-0.5,+1
sigma-,sigma+,73,90,-4.464315,5.289683e-04,4,4,3.5,f,+1.5,-1,4,4,4.5,f,-0.5,-1
sigma-,sigma+,64,79,-4.462027,2.587011e-02,4,4,3.5,e,+0.5,+1,4,4,4.5,e,-1.5,+1
sigma-,sigma+,72,89,-4.458756,8.484817e-04,4,4,3.5,f,+0.5,-1,4,4,4.5,f,-1.5,-1
sigma-,sigma+,63,78,-4.456076,3.404621e-02,4,4,3.5,e,-0.5,+1,4,4,4.5,e,-2.5,+1
sigma-,sigma+,71,88,-4.453191,1.116445e-03,4,4,3.5,f,-0.5,-1,4,4,4.5,f,-2.5,-1
sigma-,sigma+,62,77,-4.450118,3.641429e-02,4,4,3.5,e,-1.5,+1,4,4,4.5,e,-3.5,+1
sigma-,sigma+,70,87,-4.447618,1.193891e-03,4,4,3.5,f,-1.5,-1,4,4,4.5,f,-3.5,-1
sigma-,sigma+,61,76,-4.444151,2.738487e-02,4,4,3.5,e,-2.5,+1,4,4,4.5,e,-4.5,+1
sigma-,sigma+,69,86,-4.442038,8.976912e-04,4,4,3.5,f,-2.5,-1,4,4,4.5,f,-4.5,-1
sigma-,sigma+,105,124,-3.615589,8.764591e-04,5,5,4.5,e,+4.5,-1,5,5,5.5,e,+2.5,-1
sigma-,sigma+,104,123,-3.611320,3.123745e-03,5,5,4.5,e,+3.5,-1,5,5,5.5,e,+1.5,-1
sigma-,sigma+,115,136,-3.611032,2.061483e-05,5,5,4.5,f,+4.5,+1,5,5,5.5,f,+2.5,+1
sigma-,sigma+,114,135,-3.607075,7.345941e-05,5,5,4.5,f,+3.5,+1,5,5,5.5,f,+1.5,+1
sigma-,sigma+,103,122,-3.607047,6.849560e-03,5,5,4.5,e,+2.5,-1,5,5,5.5,e,+0.5,-1
sigma-,sigma+,113,134,-3.603114,1.610489e-04,5,5,4.5,f,+2.5,+1,5,5,5.5,f,+0.5,+1
sigma-,sigma+,102,121,-3.602768,1.177029e-02,5,5,4.5,e,+1.5,-1,5,5,5.5,e,-0.5,-1
sigma-,sigma+,112,133,-3.599148,2.766976e-04,5,5,4.5,f,+1.5,+1,5,5,5.5,f,-0.5,+1
sigma-,sigma+,101,120,-3.598484,1.720632e-02,5,5,4.5,e,+0.5,-1,5,5,5.5,e,-1.5,-1
sigma-,sigma+,111,132,-3.595178,4.044165e-04,5,5,4.5,f,+0.5,+1,5,5,5.5,f,-1.5,+1
sigma-,sigma+,100,119,-3.594195,2.207723e-02,5,5,4.5,e,-0.5,-1,5,5,5.5,e,-2.5,-1
sigma-,sigma+,110,131,-3.591204,5.188091e-04,5,5,4.5,f,-0.5,+1,5,5,5.5,f,-2.5,+1
sigma-,sigma+,99,118,-3.589901,2.489695e-02,5,5,4.5,e,-1.5,-1,5,5,5.5,e,-3.5,-1
sigma-,sigma+,109,130,-3.587225,5.849665e-04,5,5,4.5,f,-1.5,+1,5,5,5.5,f,-3.5,+1
sigma-,sigma+,98,117,-3.585602,2.376886e-02,5,5,4.5,e,-2.5,-1,5,5,5.5,e,-4.5,-1
sigma-,sigma+,108,129,-3.583242,5.583606e-04,5,5,4.5,f,-2.5,+1,5,5,5.5,f,-4.5,+1
sigma-,sigma+,97,116,-3.581297,1.638080e-02,5,5,4.5,e,-3.5,-1,5,5,5.5,e,-5.5,-1
sigma-,sigma+,107,128,-3.579254,3.847359e-04,5,5,4.5,f,-3.5,+1,5,5,5.5,f,-5.5,+1
sigma-,sigma+,7,5,-0.126481,4.233228e-02,1,1,1.5,e,+1.5,-1,1,1,1.5,e,-0.5,-1
sigma-,sigma+,6,4,-0.126106,4.149370e-02,1,1,1.5,e,+0.5,-1,1,1,1.5,e,-1.5,-1
sigma-,sigma+,11,9,-0.124174,2.403542e-01,1,1,1.5,f,+1.5,+1,1,1,1.5,f,-0.5,+1
sigma-,sigma+,10,8,-0.123810,2.356746e-01,1,1,1.5,f,+0.5,+1,1,1,1.5,f,-1.5,+1
sigma-,sigma+,14,12,-0.093660,2.381690e-01,2,2,1.5,e,+0.5,+1,2,2,1.5,e,-1.5,+1
sigma-,sigma+,15,13,-0.093614,2.378484e-01,2,2,1.5,e,+1.5,+1,2,2,1.5,e,-0.5,+1
sigma-,sigma+,18,16,-0.089516,4.193975e-02,2,2,1.5,f,+0.5,-1,2,2,1.5,f,-1.5,-1
sigma-,sigma+,19,17,-0.089473,4.188404e-02,2,2,1.5,f,+1.5,-1,2,2,1.5,f,-0.5,-1
sigma-,sigma+,25,23,-0.054505,1.463294e-01,2,2,2.5,e,+2.5,+1,2,2,2.5,e,+0.5,+1
sigma-,sigma+,24,22,-0.054459,2.625736e-01,2,2,2.5,e,+1.5,+1,2,2,2.5,e,-0.5,+1
sigma-,sigma+,23,21,-0.054413,2.617499e-01,2,2,2.5,e,+0.5,+1,2,2,2.5,e,-1.5,+1
sigma-,sigma+,22,20,-0.054367,1.449564e-01,2,2,2.5,e,-0.5,+1,2,2,2.5,e,-2.5,+1
sigma-,sigma+,31,29,-0.051738,2.584065e-02,2,2,2.5,f,+2.5,-1,2,2,2.5,f,+0.5,-1
sigma-,sigma+,30,28,-0.051696,4.637408e-02,2,2,2.5,f,+1.5,-1,2,2,2.5,f,-0.5,-1
sigma-,sigma+,34,32,-0.051679,1.912052e-01,3,3,2.5,e,-0.5,-1,3,3,2.5,e,-2.5,-1
sigma-,sigma+,35,33,-0.051664,3.439180e-01,3,3,2.5,e,+0.5,-1,3,3,2.5,e,-1.5,-1
sigma-,sigma+,29,27,-0.051653,4.623425e-02,2,2,2.5,f,+0.5,-1,2,2,2.5,f,-1.5,-1
sigma-,sigma+,36,34,-0.051648,3.436679e-01,3,3,2.5,e,+1.5,-1,3,3,2.5,e,-0.5,-1
sigma-,sigma+,37,35,-0.051633,1.907884e-01,3,3,2.5,e,+2.5,-1,3,3,2.5,e,+0.5,-1
sigma-,sigma+,28,26,-0.051610,2.560759e-02,2,2,2.5,f,-0.5,-1,2,2,2.5,f,-2.5,-1
sigma-,sigma+,40,38,-0.047731,1.103502e-02,3,3,2.5,f,-0.5,+1,3,3,2.5,f,-2.5,+1
sigma-,sigma+,41,39,-0.047717,1.984899e-02,3,3,2.5,f,+0.5,+1,3,3,2.5,f,-1.5,+1
sigma-,sigma+,42,40,-0.047703,1.983503e-02,3,3,2.5,f,+1.5,+1,3,3,2.5,f,-0.5,+1
sigma-,sigma+,43,41,-0.047689,1.101174e-02,3,3,2.5,f,+2.5,+1,3,3,2.5,f,+0.5,+1
sigma-,sigma+,62,60,-0.035425,1.368158e-01,4,4,3.5,e,-1.5,+1,4,4,3.5,e,-3.5,+1
sigma-,sigma+,63,61,-0.035417,2.930324e-01,4,4,3.5,e,-0.5,+1,4,4,3.5,e,-2.5,+1
sigma-,sigma+,64,62,-0.035409,3.905183e-01,4,4,3.5,e,+0.5,+1,4,4,3.5,e,-1.5,+1
sigma-,sigma+,65,63,-0.035401,3.903275e-01,4,4,3.5,e,+1.5,+1,4,4,3.5,e,-0.5,+1
sigma-,sigma+,66,64,-0.035393,2.926031e-01,4,4,3.5,e,+2.5,+1,4,4,3.5,e,+0.5,+1
sigma-,sigma+,67,65,-0.035385,1.364819e-01,4,4,3.5,e,+3.5,+1,4,4,3.5,e,+1.5,+1
sigma-,sigma+,51,49,-0.032780,1.241788e-01,3,3,3.5,e,+3.5,-1,3,3,3.5,e,+1.5,-1
sigma-,sigma+,50,48,-0.032764,2.657538e-01,3,3,3.5,e,+2.5,-1,3,3,3.5,e,+0.5,-1
sigma-,sigma+,49,47,-0.032749,3.538784e-01,3,3,3.5,e,+1.5,-1,3,3,3.5,e,-0.5,-1
sigma-,sigma+,48,46,-0.032733,3.534164e-01,3,3,3.5,e,+0.5,-1,3,3,3.5,e,-1.5,-1
sigma-,sigma+,47,45,-0.032718,2.647143e-01,3,3,3.5,e,-0.5,-1,3,3,3.5,e,-2.5,-1
sigma-,sigma+,46,44,-0.032702,1.233703e-01,3,3,3.5,e,-1.5,-1,3,3,3.5,e,-3.5,-1
sigma-,sigma+,70,68,-0.031586,4.459391e-03,4,4,3.5,f,-1.5,-1,4,4,3.5,f,-3.5,-1
sigma-,sigma+,71,69,-0.031579,9.551351e-03,4,4,3.5,f,-0.5,-1,4,4,3.5,f,-2.5,-1
sigma-,sigma+,72,70,-0.031572,1.272918e-02,4,4,3.5,f,+0.5,-1,4,4,3.5,f,-1.5,-1
sigma-,sigma+,73,71,-0.031565,1.272324e-02,4,4,3.5,f,+1.5,-1,4,4,3.5,f,-0.5,-1
sigma-,sigma+,74,72,-0.031558,9.538000e-03,4,4,3.5,f,+2.5,-1,4,4,3.5,f,+0.5,-1
sigma-,sigma+,75,73,-0.031551,4.449006e-03,4,4,3.5,f,+3.5,-1,4,4,3.5,f,+1.5,-1
sigma-,sigma+,59,57,-0.029816,7.175719e-03,3,3,3.5,f,+3.5,+1,3,3,3.5,f,+1.5,+1
sigma-,sigma+,58,56,-0.029802,1.535781e-02,3,3,3.5,f,+2.5,+1,3,3,3.5,f,+0.5,+1
sigma-,sigma+,57,55,-0.029789,2.045201e-02,3,3,3.5,f,+1.5,+1,3,3,3.5,f,-0.5,+1
sigma-,sigma+,56,54,-0.029775,2.042683e-02,3,3,3.5,f,+0.5,+1,3,3,3.5,f,-1.5,+1
sigma-,sigma+,55,53,-0.029761,1.530117e-02,3,3,3.5,f,-0.5,+1,3,3,3.5,f,-2.5,+1
sigma-,sigma+,54,52,-0.029747,7.131660e-03,3,3,3.5,f,-1.5,+1,3,3,3.5,f,-3.5,+1
sigma-,sigma+,98,96,-0.027396,9.962057e-02,5,5,4.5,e,-2.5,-1,5,5,4.5,e,-4.5,-1
sigma-,sigma+,99,97,-0.027391,2.323612e-01,5,5,4.5,e,-1.5,-1,5,5,4.5,e,-3.5,-1
sigma-,sigma+,100,98,-0.027386,3.484122e-01,5,5,4.5,e,-0.5,-1,5,5,4.5,e,-2.5,-1
sigma-,sigma+,101,99,-0.027380,4.146227e-01,5,5,4.5,e,+0.5,-1,5,5,4.5,e,-1.5,-1
sigma-,sigma+,102,100,-0.027375,4.144696e-01,5,5,4.5,e,+1.5,-1,5,5,4.5,e,-0.5,-1
sigma-,sigma+,103,101,-0.027370,3.480263e-01,5,5,4.5,e,+2.5,-1,5,5,4.5,e,+0.5,-1
sigma-,sigma+,104,102,-0.027365,2.319324e-01,5,5,4.5,e,+3.5,-1,5,5,4.5,e,+1.5,-1
sigma-,sigma+,105,103,-0.027360,9.936325e-02,5,5,4.5,e,+4.5,-1,5,5,4.5,e,+2.5,-1
sigma-,sigma+,108,106,-0.023627,2.325587e-03,5,5,4.5,f,-2.5,+1,5,5,4.5,f,-4.5,+1
sigma-,sigma+,109,107,-0.023622,5.424459e-03,5,5,4.5,f,-1.5,+1,5,5,4.5,f,-3.5,+1
sigma-,sigma+,110,108,-0.023618,8.133833e-03,5,5,4.5,f,-0.5,+1,5,5,4.5,f,-2.5,+1
sigma-,sigma+,111,109,-0.023613,9.679746e-03,5,5,4.5,f,+0.5,+1,5,5,4.5,f,-1.5,+1
sigma-,sigma+,112,110,-0.023609,9.676370e-03,5,5,4.5,f,+1.5,+1,5,5,4.5,f,-0.5,+1
sigma-,sigma+,113,111,-0.023605,8.125325e-03,5,5,4.5,f,+2.5,+1,5,5,4.5,f,+0.5,+1
sigma-,sigma+,114,112,-0.023600,5.415005e-03,5,5,4.5,f,+3.5,+1,5,5,4.5,f,+1.5,+1
sigma-,sigma+,115,113,-0.023596,2.319915e-03,5,5,4.5,f,+4.5,+1,5,5,4.5,f,+2.5,+1
sigma-,sigma+,85,83,-0.023548,9.511025e-02,4,4,4.5,e,+4.5,+1,4,4,4.5,e,+2.5,+1
sigma-,sigma+,84,82,-0.023540,2.217563e-01,4,4,4.5,e,+3.5,+1,4,4,4.5,e,+1.5,+1
sigma-,sigma+,83,81,-0.023532,3.323820e-01,4,4,4.5,e,+2.5,+1,4,4,4.5,e,+0.5,+1
sigma-,sigma+,82,80,-0.023524,3.953912e-01,4,4,4.5,e,+1.5,+1,4,4,4.5,e,-0.5,+1
sigma-,sigma+,81,79,-0.023516,3.950885e-01,4,4,4.5,e,+0.5,+1,4,4,4.5,e,-1.5,+1
sigma-,sigma+,80,78,-0.023508,3.316192e-01,4,4,4.5,e,-0.5,+1,4,4,4.5,e,-2.5,+1
sigma-,sigma+,79,77,-0.023500,2.209087e-01,4,4,4.5,e,-1.5,+1,4,4,4.5,e,-3.5,+1
sigma-,sigma+,78,76,-0.023492,9.460170e-02,4,4,4.5,e,-2.5,+1,4,4,4.5,e,-4.5,+1
sigma-,sigma+,95,93,-0.020475,3.102064e-03,4,4,4.5,f,+4.5,-1,4,4,4.5,f,+2.5,-1
sigma-,sigma+,94,92,-0.020468,7.233059e-03,4,4,4.5,f,+3.5,-1,4,4,4.5,f,+1.5,-1
sigma-,sigma+,93,91,-0.020461,1.084193e-02,4,4,4.5,f,+2.5,-1,4,4,4.5,f,+0.5,-1
sigma-,sigma+,92,90,-0.020454,1.289791e-02,4,4,4.5,f,+1.5,-1,4,4,4.5,f,-0.5,-1
sigma-,sigma+,91,89,-0.020447,1.288872e-02,4,4,4.5,f,+0.5,-1,4,4,4.5,f,-1.5,-1
sigma-,sigma+,90,88,-0.020440,1.081879e-02,4,4,4.5,f,-0.5,-1,4,4,4.5,f,-2.5,-1
sigma-,sigma+,89,87,-0.020433,7.207346e-03,4,4,4.5,f,-1.5,-1,4,4,4.5,f,-3.5,-1
sigma-,sigma+,88,86,-0.020426,3.086636e-03,4,4,4.5,f,-2.5,-1,4,4,4.5,f,-4.5,-1
sigma-,sigma+,127,125,-0.018833,7.302321e-02,5,5,5.5,e,+5.5,-1,5,5,5.5,e,+3.5,-1
sigma-,sigma+,126,124,-0.018828,1.791449e-01,5,5,5.5,e,+4.5,-1,5,5,5.5,e,+2.5,-1
sigma-,sigma+,125,123,-0.018823,2.864810e-01,5,5,5.5,e,+3.5,-1,5,5,5.5,e,+1.5,-1
sigma-,sigma+,124,122,-0.018818,3.711682e-01,5,5,5.5,e,+2.5,-1,5,5,5.5,e,+0.5,-1
sigma-,sigma+,123,121,-0.018813,4.173429e-01,5,5,5.5,e,+1.5,-1,5,5,5.5,e,-0.5,-1
sigma-,sigma+,122,120,-0.018808,4.171208e-01,5,5,5.5,e,+0.5,-1,5,5,5.5,e,-1.5,-1
sigma-,sigma+,121,119,-0.018802,3.705760e-01,5,5,5.5,e,-0.5,-1,5,5,5.5,e,-2.5,-1
sigma-,sigma+,120,118,-0.018797,2.857196e-01,5,5,5.5,e,-1.5,-1,5,5,5.5,e,-3.5,-1
sigma-,sigma+,119,117,-0.018792,1.784786e-01,5,5,5.5,e,-2.5,-1,5,5,5.5,e,-4.5,-1
sigma-,sigma+,118,116,-0.018787,7.267420e-02,5,5,5.5,e,-3.5,-1,5,5,5.5,e,-5.5,-1
sigma-,sigma+,139,137,-0.015691,1.705311e-03,5,5,5.5,f,+5.5,+1,5,5,5.5,f,+3.5,+1
sigma-,sigma+,138,136,-0.015687,4.183742e-03,5,5,5.5,f,+4.5,+1,5,5,5.5,f,+2.5,+1
sigma-,sigma+,137,135,-0.015682,6.690740e-03,5,5,5.5,f,+3.5,+1,5,5,5.5,f,+1.5,+1
sigma-,sigma+,136,134,-0.015678,8.668959e-03,5,5,5.5,f,+2.5,+1,5,5,5.5,f,+0.5,+1
sigma-,sigma+,135,133,-0.015674,9.747814e-03,5,5,5.5,f,+1.5,+1,5,5,5.5,f,-0.5,+1
sigma-,sigma+,134,132,-0.015669,9.743035e-03,5,5,5.5,f,+0.5,+1,5,5,5.5,f,-1.5,+1
sigma-,sigma+,133,131,-0.015665,8.656214e-03,5,5,5.5,f,-0.5,+1,5,5,5.5,f,-2.5,+1
sigma-,sigma+,132,130,-0.015660,6.674353e-03,5,5,5.5,f,-1.5,+1,5,5,5.5,f,-3.5,+1
sigma-,sigma+,131,129,-0.015656,4.169403e-03,5,5,5.5,f,-2.5,+1,5,5,5.5,f,-4.5,+1
sigma-,sigma+,130,128,-0.015651,1.697801e-03,5,5,5.5,f,-3.5,+1,5,5,5.5,f,-5.5,+1
sigma-,sigma+,119,96,3.539414,8.912864e-04,5,5,5.5,e,-2.5,-1,5,5,4.5,e,-4.5,-1
sigma-,sigma+,120,97,3.543713,3.161405e-03,5,5,5.5,e,-1.5,-1,5,5,4.5,e,-3.5,-1
sigma-,sigma+,131,106,3.543959,2.093785e-05,5,5,5.5,f,-2.5,+1,5,5,4.5,f,-4.5,+1
sigma-,sigma+,132,107,3.547942,7.428009e-05,5,5,5.5,f,-1.5,+1,5,5,4.5,f,-3.5,+1
sigma-,sigma+,121,98,3.548007,6.898999e-03,5,5,5.5,e,-0.5,-1,5,5,4.5,e,-2.5,-1
sigma-,sigma+,133,108,3.551921,1.621270e-04,5,5,5.5,f,-0.5,+1,5,5,4.5,f,-2.5,+1
sigma-,sigma+,122,99,3.552296,1.179858e-02,5,5,5.5,e,+0.5,-1,5,5,4.5,e,-1.5,-1
sigma-,sigma+,134,109,3.555896,2.773166e-04,5,5,5.5,f,+0.5,+1,5,5,4.5,f,-1.5,+1
sigma-,sigma+,123,100,3.556580,1.716522e-02,5,5,5.5,e,+1.5,-1,5,5,4.5,e,-0.5,-1
sigma-,sigma+,135,110,3.559866,4.035263e-04,5,5,5.5,f,+1.5,+1,5,5,4.5,f,-0.5,+1
sigma-,sigma+,124,101,3.560859,2.191920e-02,5,5,5.5,e,+2.5,-1,5,5,4.5,e,+0.5,-1
sigma-,sigma+,136,111,3.563831,5.153748e-04,5,5,5.5,f,+2.5,+1,5,5,4.5,f,+0.5,+1
sigma-,sigma+,125,102,3.565133,2.460056e-02,5,5,5.5,e,+3.5,-1,5,5,4.5,e,+1.5,-1
sigma-,sigma+,137,112,3.567792,5.785211e-04,5,5,5.5,f,+3.5,+1,5,5,4.5,f,+1.5,+1
sigma-,sigma+,126,103,3.569401,2.337362e-02,5,5,5.5,e,+4.5,-1,5,5,4.5,e,+2.5,-1
sigma-,sigma+,138,113,3.571749,5.497630e-04,5,5,5.5,f,+4.5,+1,5,5,4.5,f,+2.5,+1
sigma-,sigma+,127,104,3.573664,1.603140e-02,5,5,5.5,e,+5.5,-1,5,5,4.5,e,+3.5,-1
sigma-,sigma+,139,114,3.575702,3.771342e-04,5,5,5.5,f,+5.5,+1,5,5,4.5,f,+3.5,+1
sigma-,sigma+,79,60,4.391193,2.275812e-03,4,4,4.5,e,-1.5,+1,4,4,3.5,e,-3.5,+1
sigma-,sigma+,89,68,4.395598,7.461685e-05,4,4,4.5,f,-1.5,-1,4,4,3.5,f,-3.5,-1
sigma-,sigma+,80,61,4.397152,7.781841e-03,4,4,4.5,e,-0.5,+1,4,4,3.5,e,-2.5,+1
sigma-,sigma+,90,69,4.401171,2.551866e-04,4,4,4.5,f,-0.5,-1,4,4,3.5,f,-2.5,-1
sigma-,sigma+,81,62,4.403102,1.616877e-02,4,4,4.5,e,+0.5,+1,4,4,3.5,e,-1.5,+1
sigma-,sigma+,91,70,4.406737,5.303068e-04,4,4,4.5,f,+0.5,-1,4,4,3.5,f,-1.5,-1
sigma-,sigma+,82,63,4.409044,2.580096e-02,4,4,4.5,e,+1.5,+1,4,4,3.5,e,-0.5,+1
sigma-,sigma+,92,71,4.412296,8.463703e-04,4,4,4.5,f,+1.5,-1,4,4,3.5,f,-0.5,-1
sigma-,sigma+,83,64,4.414979,3.377359e-02,4,4,4.5,e,+2.5,+1,4,4,3.5,e,+0.5,+1
sigma-,sigma+,93,72,4.417848,1.108092e-03,4,4,4.5,f,+2.5,-1,4,4,3.5,f,+0.5,-1
sigma-,sigma+,84,65,4.420906,3.592950e-02,4,4,4.5,e,+3.5,+1,4,4,3.5,e,+1.5,+1
sigma-,sigma+,94,73,4.423393,1.179025e-03,4,4,4.5,f,+3.5,-1,4,4,3.5,f,+1.5,-1
sigma-,sigma+,85,66,4.426824,2.687575e-02,4,4,4.5,e,+4.5,+1,4,4,3.5,e,+2.5,+1
sigma-,sigma+,95,74,4.428931,8.820753e-04,4,4,4.5,f,+4.5,-1,4,4,3.5,f,+2.5,-1
sigma-,sigma+,47,32,5.739868,7.114324e-03,3,3,3.5,e,-0.5,-1,3,3,2.5,e,-2.5,-1
sigma-,sigma+,55,38,5.744054,4.128159e-04,3,3,3.5,f,-0.5,+1,3,3,2.5,f,-2.5,+1
sigma-,sigma+,48,33,5.749341,2.269156e-02,3,3,3.5,e,+0.5,-1,3,3,2.5,e,-1.5,-1
sigma-,sigma+,56,39,5.753032,1.316918e-03,3,3,3.5,f,+0.5,+1,3,3,2.5,f,-1.5,+1
sigma-,sigma+,49,34,5.758799,4.240830e-02,3,3,3.5,e,+1.5,-1,3,3,2.5,e,-0.5,-1
sigma-,sigma+,57,40,5.761996,2.461594e-03,3,3,3.5,f,+1.5,+1,3,3,2.5,f,-0.5,+1
sigma-,sigma+,50,35,5.768241,5.636110e-02,3,3,3.5,e,+2.5,-1,3,3,2.5,e,+0.5,-1
sigma-,sigma+,58,41,5.770947,3.272018e-03,3,3,3.5,f,+2.5,+1,3,3,2.5,f,+0.5,+1
sigma-,sigma+,51,36,5.777667,4.915662e-02,3,3,3.5,e,+3.5,-1,3,3,2.5,e,+1.5,-1
sigma-,sigma+,59,42,5.779883,2.854226e-03,3,3,3.5,f,+3.5,+1,3,3,2.5,f,+1.5,+1
sigma-,sigma+,23,12,8.245937,2.922673e-02,2,2,2.5,e,+0.5,+1,2,2,1.5,e,-1.5,+1
sigma-,sigma+,29,16,8.249728,5.173491e-03,2,2,2.5,f,+0.5,-1,2,2,1.5,f,-1.5,-1
sigma-,sigma+,24,13,8.265538,7.757267e-02,2,2,2.5,e,+1.5,+1,2,2,1.5,e,-0.5,+1
sigma-,sigma+,30,17,8.268638,1.373335e-02,2,2,2.5,f,+1.5,-1,2,2,1.5,f,-0.5,-1
sigma-,sigma+,25,14,8.285093,9.651350e-02,2,2,2.5,e,+2.5,+1,2,2,1.5,e,+0.5,+1
sigma-,sigma+,31,18,8.287505,1.708911e-02,2,2,2.5,f,+2.5,-1,2,2,1.5,f,+0.5,-1
sigma-,sigma+,7,0,14.883925,8.372904e-02,1,1,1.5,e,+1.5,-1,1,1,0.5,e,-0.5,-1
sigma-,sigma+,11,2,14.886798,4.735845e-01,1,1,1.5,f,+1.5,+1,1,1,0.5,f,-0.5,+1
sigma-,sigma+,3,21,29073.154192,4.494050e-04,1,1,0.5,f,+0.5,+1,2,2,2.5,e,-1.5,+1
sigma-,sigma+,2,20,29073.263007,2.256540e-03,1,1,0.5,f,-0.5,+1,2,2,2.5,e,-2.5,+1
sigma-,sigma+,3,12,29081.454542,4.053947e-03,1,1,0.5,f,+0.5,+1,2,2,1.5,e,-1.5,+1
sigma-,sigma+,11,22,29088.204172,1.362161e-03,1,1,1.5,f,+1.5,+1,2,2,2.5,e,-0.5,+1
sigma-,sigma+,10,21,29088.239154,3.610816e-03,1,1,1.5,f,+0.5,+1,2,2,2.5,e,-1.5,+1
sigma-,sigma+,9,20,29088.273979,4.486315e-03,1,1,1.5,f,-0.5,+1,2,2,2.5,e,-2.5,+1
sigma-,sigma+,1,27,29094.315108,4.426179e-02,1,1,0.5,e,+0.5,-1,2,2,2.5,f,-1.5,-1
sigma-,sigma+,0,26,29094.427603,2.221372e-01,1,1,0.5,e,-0.5,-1,2,2,2.5,f,-2.5,-1
sigma-,sigma+,11,13,29096.524170,1.985001e-03,1,1,1.5,f,+1.5,+1,2,2,1.5,e,-0.5,+1
sigma-,sigma+,10,12,29096.539505,2.001297e-03,1,1,1.5,f,+0.5,+1,2,2,1.5,e,-1.5,+1
sigma-,sigma+,1,16,29102.616488,3.944788e-01,1,1,0.5,e,+0.5,-1,2,2,1.5,f,-1.5,-1
sigma-,sigma+,7,28,29109.363137,1.328793e-01,1,1,1.5,e,+1.5,-1,2,2,2.5,f,-0.5,-1
sigma-,sigma+,6,27,29109.400655,3.522688e-01,1,1,1.5,e,+0.5,-1,2,2,2.5,f,-1.5,-1
sigma-,sigma+,5,26,29109.438009,4.377226e-01,1,1,1.5,e,-0.5,-1,2,2,2.5,f,-2.5,-1
sigma-,sigma+,7,17,29117.683471,1.971858e-01,1,1,1.5,e,+1.5,-1,2,2,1.5,f,-0.5,-1
sigma-,sigma+,6,16,29117.702035,1.988550e-01,1,1,1.5,e,+0.5,-1,2,2,1.5,f,-1.5,-1
sigma-,sigma+,19,47,43614.212001,2.060656e-05,2,2,1.5,f,+1.5,-1,3,3,3.5,e,-0.5,-1
sigma-,sigma+,18,46,43614.240364,1.034509e-04,2,2,1.5,f,+0.5,-1,3,3,3.5,e,-1.5,-1
sigma-,sigma+,17,45,43614.268756,3.116146e-04,2,2,1.5,f,-0.5,-1,3,3,3.5,e,-2.5,-1
sigma-,sigma+,16,44,43614.297178,7.300638e-04,2,2,1.5,f,-1.5,-1,3,3,3.5,e,-3.5,-1
sigma-,sigma+,19,34,43620.003549,9.868513e-04,2,2,1.5,f,+1.5,-1,3,3,2.5,e,-0.5,-1
sigma-,sigma+,18,33,43620.022439,2.634442e-03,2,2,1.5,f,+0.5,-1,3,3,2.5,e,-1.5,-1
sigma-,sigma+,17,32,43620.041342,3.296624e-03,2,2,1.5,f,-0.5,-1,3,3,2.5,e,-2.5,-1
sigma-,sigma+,31,48,43622.560603,4.132075e-04,2,2,2.5,f,+2.5,-1,3,3,3.5,e,+0.5,-1
sigma-,sigma+,30,47,43622.570112,1.319924e-03,2,2,2.5,f,+1.5,-1,3,3,3.5,e,-0.5,-1
sigma-,sigma+,29,46,43622.579607,2.470448e-03,2,2,2.5,f,+0.5,-1,3,3,3.5,e,-1.5,-1
sigma-,sigma+,28,45,43622.589089,3.288023e-03,2,2,2.5,f,-0.5,-1,3,3,3.5,e,-2.5,-1
sigma-,sigma+,27,44,43622.598558,2.871826e-03,2,2,2.5,f,-1.5,-1,3,3,3.5,e,-3.5,-1
sigma-,sigma+,31,35,43628.361608,3.117681e-04,2,2,2.5,f,+2.5,-1,3,3,2.5,e,+0.5,-1
sigma-,sigma+,30,34,43628.361660,5.633515e-04,2,2,2.5,f,+1.5,-1,3,3,2.5,e,-0.5,-1
sigma-,sigma+,28,32,43628.361676,3.154139e-04,2,2,2.5,f,-0.5,-1,3,3,2.5,e,-2.5,-1
sigma-,sigma+,29,33,43628.361682,5.655389e-04,2,2,2.5,f,+0.5,-1,3,3,2.5,e,-1.5,-1
sigma-,sigma+,15,55,43661.819631,2.022996e-03,2,2,1.5,e,+1.5,+1,3,3,3.5,f,-0.5,+1
sigma-,sigma+,14,54,43661.851543,1.014536e-02,2,2,1.5,e,+0.5,+1,3,3,3.5,f,-1.5,+1
sigma-,sigma+,13,53,43661.883484,3.052764e-02,2,2,1.5,e,-0.5,+1,3,3,3.5,f,-2.5,+1
sigma-,sigma+,12,52,43661.915456,7.144579e-02,2,2,1.5,e,-1.5,+1,3,3,3.5,f,-3.5,+1
sigma-,sigma+,15,40,43667.611416,9.665851e-02,2,2,1.5,e,+1.5,+1,3,3,2.5,f,-0.5,+1
sigma-,sigma+,14,39,43667.634350,2.580330e-01,2,2,1.5,e,+0.5,+1,3,3,2.5,f,-1.5,+1
sigma-,sigma+,13,38,43667.657299,3.228898e-01,2,2,1.5,e,-0.5,+1,3,3,2.5,f,-2.5,+1
sigma-,sigma+,25,56,43670.166410,4.059092e-02,2,2,2.5,e,+2.5,+1,3,3,3.5,f,+0.5,+1
sigma-,sigma+,24,55,43670.178783,1.296663e-01,2,2,2.5,e,+1.5,+1,3,3,3.5,f,-0.5,+1
sigma-,sigma+,23,54,43670.191141,2.427013e-01,2,2,2.5,e,+0.5,+1,3,3,3.5,f,-1.5,+1
sigma-,sigma+,22,53,43670.203482,3.230350e-01,2,2,2.5,e,-0.5,+1,3,3,3.5,f,-2.5,+1
sigma-,sigma+,21,52,43670.215807,2.821573e-01,2,2,2.5,e,-1.5,+1,3,3,3.5,f,-3.5,+1
sigma-,sigma+,25,41,43675.967159,3.015194e-02,2,2,2.5,e,+2.5,+1,3,3,2.5,f,+0.5,+1
sigma-,sigma+,24,40,43675.970568,5.450150e-02,2,2,2.5,e,+1.5,+1,3,3,2.5,f,-0.5,+1
sigma-,sigma+,23,39,43675.973948,5.473152e-02,2,2,2.5,e,+0.5,+1,3,3,2.5,f,-1.5,+1
sigma-,sigma+,22,38,43675.977297,3.053532e-02,2,2,2.5,e,-0.5,+1,3,3,2.5,f,-2.5,+1
sigma-,sigma+,43,81,58146.005162,1.499287e-05,3,3,2.5,f,+2.5,+1,4,4,4.5,e,+0.5,+1
sigma-,sigma+,42,80,58146.017244,7.527557e-05,3,3,2.5,f,+1.5,+1,4,4,4.5,e,-0.5,+1
sigma-,sigma+,41,79,58146.029336,2.267659e-04,3,3,2.5,f,+0.5,+1,4,4,4.5,e,-1.5,+1
sigma-,sigma+,40,78,58146.041439,5.313249e-04,3,3,2.5,f,-0.5,+1,4,4,4.5,e,-2.5,+1
sigma-,sigma+,39,77,58146.053553,1.067085e-03,3,3,2.5,f,-1.5,+1,4,4,4.5,e,-3.5,+1
sigma-,sigma+,38,76,58146.065678,1.928782e-03,3,3,2.5,f,-2.5,+1,4,4,4.5,e,-4.5,+1
sigma-,sigma+,43,64,58150.443673,1.888685e-03,3,3,2.5,f,+2.5,+1,4,4,3.5,e,+0.5,+1
sigma-,sigma+,42,63,58150.449812,6.047422e-03,3,3,2.5,f,+1.5,+1,4,4,3.5,e,-0.5,+1
sigma-,sigma+,41,62,58150.455954,1.134575e-02,3,3,2.5,f,+0.5,+1,4,4,3.5,e,-1.5,+1
sigma-,sigma+,40,61,58150.462098,1.513683e-02,3,3,2.5,f,-0.5,+1,4,4,3.5,e,-2.5,+1
sigma-,sigma+,39,60,58150.468246,1.325277e-02,3,3,2.5,f,-1.5,+1,4,4,3.5,e,-3.5,+1
sigma-,sigma+,59,82,58151.820651,9.570580e-04,3,3,3.5,f,+3.5,+1,4,4,4.5,e,+1.5,+1
sigma-,sigma+,58,81,58151.823798,3.278343e-03,3,3,3.5,f,+2.5,+1,4,4,4.5,e,+0.5,+1
sigma-,sigma+,57,80,58151.826943,6.823610e-03,3,3,3.5,f,+1.5,+1,4,4,4.5,e,-0.5,+1
sigma-,sigma+,56,79,58151.830085,1.090770e-02,3,3,3.5,f,+0.5,+1,4,4,4.5,e,-1.5,+1
sigma-,sigma+,55,78,58151.833224,1.430309e-02,3,3,3.5,f,-0.5,+1,4,4,4.5,e,-2.5,+1
sigma-,sigma+,54,77,58151.836360,1.524242e-02,3,3,3.5,f,-1.5,+1,4,4,4.5,e,-3.5,+1
sigma-,sigma+,53,76,58151.839493,1.142111e-02,3,3,3.5,f,-2.5,+1,4,4,4.5,e,-4.5,+1
sigma-,sigma+,54,60,58156.251053,4.823964e-04,3,3,3.5,f,-1.5,+1,4,4,3.5,e,-3.5,+1
sigma-,sigma+,55,61,58156.253883,1.031137e-03,3,3,3.5,f,-0.5,+1,4,4,3.5,e,-2.5,+1
sigma-,sigma+,56,62,58156.256703,1.371445e-03,3,3,3.5,f,+0.5,+1,4,4,3.5,e,-1.5,+1
sigma-,sigma+,57,63,58156.259511,1.368059e-03,3,3,3.5,f,+1.5,+1,4,4,3.5,e,-0.5,+1
sigma-,sigma+,58,64,58156.262309,1.023521e-03,3,3,3.5,f,+2.5,+1,4,4,3.5,e,+0.5,+1
sigma-,sigma+,59,65,58156.265096,4.764719e-04,3,3,3.5,f,+3.5,+1,4,4,3.5,e,+1.5,+1
sigma-,sigma+,37,91,58230.639461,2.612588e-04,3,3,2.5,e,+2.5,-1,4,4,4.5,f,+0.5,-1
sigma-,sigma+,36,90,58230.655048,1.309908e-03,3,3,2.5,e,+1.5,-1,4,4,4.5,f,-0.5,-1
sigma-,sigma+,35,89,58230.670646,3.940614e-03,3,3,2.5,e,+0.5,-1,4,4,4.5,f,-1.5,-1
sigma-,sigma+,34,88,58230.686256,9.220282e-03,3,3,2.5,e,-0.5,-1,4,4,4.5,f,-2.5,-1
sigma-,sigma+,33,87,58230.701876,1.849181e-02,3,3,2.5,e,-1.5,-1,4,4,4.5,f,-3.5,-1
sigma-,sigma+,32,86,58230.717509,3.337790e-02,3,3,2.5,e,-2.5,-1,4,4,4.5,f,-4.5,-1
sigma-,sigma+,37,72,58235.077770,3.266157e-02,3,3,2.5,e,+2.5,-1,4,4,3.5,f,+0.5,-1
sigma-,sigma+,36,71,58235.087798,1.045810e-01,3,3,2.5,e,+1.5,-1,4,4,3.5,f,-0.5,-1
sigma-,sigma+,35,70,58235.097831,1.962100e-01,3,3,2.5,e,+0.5,-1,4,4,3.5,f,-1.5,-1
sigma-,sigma+,34,69,58235.107867,2.617749e-01,3,3,2.5,e,-0.5,-1,4,4,3.5,f,-2.5,-1
sigma-,sigma+,33,68,58235.117908,2.291951e-01,3,3,2.5,e,-1.5,-1,4,4,3.5,f,-3.5,-1
sigma-,sigma+,51,92,58236.453170,1.656821e-02,3,3,3.5,e,+3.5,-1,4,4,4.5,f,+1.5,-1
sigma-,sigma+,50,91,58236.459334,5.675497e-02,3,3,3.5,e,+2.5,-1,4,4,4.5,f,+0.5,-1
sigma-,sigma+,49,90,58236.465495,1.181343e-01,3,3,3.5,e,+1.5,-1,4,4,4.5,f,-0.5,-1
sigma-,sigma+,48,89,58236.471651,1.888458e-01,3,3,3.5,e,+0.5,-1,4,4,4.5,f,-1.5,-1
sigma-,sigma+,47,88,58236.477803,2.476375e-01,3,3,3.5,e,-0.5,-1,4,4,4.5,f,-2.5,-1
sigma-,sigma+,46,87,58236.483951,2.639083e-01,3,3,3.5,e,-1.5,-1,4,4,4.5,f,-3.5,-1
sigma-,sigma+,45,86,58236.490095,1.977517e-01,3,3,3.5,e,-2.5,-1,4,4,4.5,f,-4.5,-1
sigma-,sigma+,51,73,58240.897031,8.203813e-03,3,3,3.5,e,+3.5,-1,4,4,3.5,f,+1.5,-1
sigma-,sigma+,50,72,58240.897643,1.763086e-02,3,3,3.5,e,+2.5,-1,4,4,3.5,f,+0.5,-1
sigma-,sigma+,49,71,58240.898245,2.357659e-02,3,3,3.5,e,+1.5,-1,4,4,3.5,f,-0.5,-1
sigma-,sigma+,48,70,58240.898836,2.364581e-02,3,3,3.5,e,+0.5,-1,4,4,3.5,f,-1.5,-1
sigma-,sigma+,47,69,58240.899415,1.778660e-02,3,3,3.5,e,-0.5,-1,4,4,3.5,f,-2.5,-1
sigma-,sigma+,46,68,58240.899983,8.324947e-03,3,3,3.5,e,-1.5,-1,4,4,3.5,f,-3.5,-1
sigma-,sigma+,75,123,72671.120063,6.511190e-06,4,4,3.5,f,+3.5,-1,5,5,5.5,e,+1.5,-1
sigma-,sigma+,74,122,72671.126429,3.269811e-05,4,4,3.5,f,+2.5,-1,5,5,5.5,e,+0.5,-1
sigma-,sigma+,73,121,72671.132802,9.852324e-05,4,4,3.5,f,+1.5,-1,5,5,5.5,e,-0.5,-1
sigma-,sigma+,72,120,72671.139180,2.308941e-04,4,4,3.5,f,+0.5,-1,5,5,5.5,e,-1.5,-1
sigma-,sigma+,71,119,72671.145564,4.638128e-04,4,4,3.5,f,-0.5,-1,5,5,5.5,e,-2.5,-1
sigma-,sigma+,70,118,72671.151955,8.385284e-04,4,4,3.5,f,-1.5,-1,5,5,5.5,e,-3.5,-1
sigma-,sigma+,69,117,72671.158351,1.403691e-03,4,4,3.5,f,-2.5,-1,5,5,5.5,e,-4.5,-1
sigma-,sigma+,68,116,72671.164754,2.215511e-03,4,4,3.5,f,-3.5,-1,5,5,5.5,e,-5.5,-1
sigma-,sigma+,75,102,72674.704019,1.669100e-03,4,4,3.5,f,+3.5,-1,5,5,4.5,e,+1.5,-1
sigma-,sigma+,74,101,72674.706106,5.724987e-03,4,4,3.5,f,+2.5,-1,5,5,4.5,e,+0.5,-1
sigma-,sigma+,73,100,72674.708195,1.193199e-02,4,4,3.5,f,+1.5,-1,5,5,4.5,e,-0.5,-1
sigma-,sigma+,72,99,72674.710284,1.909912e-02,4,4,3.5,f,+0.5,-1,5,5,4.5,e,-1.5,-1
sigma-,sigma+,71,98,72674.712374,2.507804e-02,4,4,3.5,f,-0.5,-1,5,5,4.5,e,-2.5,-1
sigma-,sigma+,70,97,72674.714465,2.676109e-02,4,4,3.5,f,-1.5,-1,5,5,4.5,e,-3.5,-1
sigma-,sigma+,69,96,72674.716557,2.007924e-02,4,4,3.5,f,-2.5,-1,5,5,4.5,e,-4.5,-1
sigma-,sigma+,95,124,72675.574178,9.587787e-04,4,4,4.5,f,+4.5,-1,5,5,5.5,e,+2.5,-1
sigma-,sigma+,94,123,72675.575007,3.406963e-03,4,4,4.5,f,+3.5,-1,5,5,5.5,e,+1.5,-1
sigma-,sigma+,93,122,72675.575835,7.448279e-03,4,4,4.5,f,+2.5,-1,5,5,5.5,e,+0.5,-1
sigma-,sigma+,92,121,72675.576663,1.276082e-02,4,4,4.5,f,+1.5,-1,5,5,5.5,e,-0.5,-1
sigma-,sigma+,91,120,72675.577489,1.859833e-02,4,4,4.5,f,+0.5,-1,5,5,5.5,e,-1.5,-1
sigma-,sigma+,90,119,72675.578314,2.379147e-02,4,4,4.5,f,-0.5,-1,5,5,5.5,e,-2.5,-1
sigma-,sigma+,89,118,72675.579139,2.674916e-02,4,4,4.5,f,-1.5,-1,5,5,5.5,e,-3.5,-1
sigma-,sigma+,88,117,72675.579963,2.545987e-02,4,4,4.5,f,-2.5,-1,5,5,5.5,e,-4.5,-1
sigma-,sigma+,87,116,72675.580785,1.749295e-02,4,4,4.5,f,-3.5,-1,5,5,5.5,e,-5.5,-1
sigma-,sigma+,88,96,72679.138169,3.614362e-04,4,4,4.5,f,-2.5,-1,5,5,4.5,e,-4.5,-1
sigma-,sigma+,89,97,72679.141650,8.418099e-04,4,4,4.5,f,-1.5,-1,5,5,4.5,e,-3.5,-1
sigma-,sigma+,90,98,72679.145124,1.260414e-03,4,4,4.5,f,-0.5,-1,5,5,4.5,e,-2.5,-1
sigma-,sigma+,91,99,72679.148593,1.497767e-03,4,4,4.5,f,+0.5,-1,5,5,4.5,e,-1.5,-1
sigma-,sigma+,92,100,72679.152056,1.495053e-03,4,4,4.5,f,+1.5,-1,5,5,4.5,e,-0.5,-1
sigma-,sigma+,93,101,72679.155512,1.253576e-03,4,4,4.5,f,+2.5,-1,5,5,4.5,e,+0.5,-1
sigma-,sigma+,94,102,72679.158963,8.342120e-04,4,4,4.5,f,+3.5,-1,5,5,4.5,e,+1.5,-1
sigma-,sigma+,95,103,72679.162407,3.568773e-04,4,4,4.5,f,+4.5,-1,5,5,4.5,e,+2.5,-1
sigma-,sigma+,1,46,72716.946368,5.923620e-09,1,1,0.5,e,+0.5,-1,3,3,3.5,e,-1.5,-1
sigma-,sigma+,0,45,72717.068302,1.817447e-08,1,1,0.5,e,-0.5,-1,3,3,3.5,e,-2.5,-1
sigma-,sigma+,1,33,72722.728443,9.293907e-03,1,1,0.5,e,+0.5,-1,3,3,2.5,e,-1.5,-1
sigma-,sigma+,0,32,72722.840888,4.660003e-02,1,1,0.5,e,-0.5,-1,3,3,2.5,e,-2.5,-1
sigma-,sigma+,7,47,72731.984945,1.726499e-03,1,1,1.5,e,+1.5,-1,3,3,3.5,e,-0.5,-1
sigma-,sigma+,6,46,72732.031915,8.613803e-03,1,1,1.5,e,+0.5,-1,3,3,3.5,e,-1.5,-1
sigma-,sigma+,5,45,72732.078708,2.578508e-02,1,1,1.5,e,-0.5,-1,3,3,3.5,e,-2.5,-1
sigma-,sigma+,4,44,72732.125319,6.003318e-02,1,1,1.5,e,-1.5,-1,3,3,3.5,e,-3.5,-1
sigma-,sigma+,7,34,72737.776492,2.267280e-03,1,1,1.5,e,+1.5,-1,3,3,2.5,e,-0.5,-1
sigma-,sigma+,6,33,72737.813990,6.091389e-03,1,1,1.5,e,+0.5,-1,3,3,2.5,e,-1.5,-1
sigma-,sigma+,5,32,72737.851294,7.671821e-03,1,1,1.5,e,-0.5,-1,3,3,2.5,e,-2.5,-1
sigma-,sigma+,3,54,72743.399745,4.048628e-08,1,1,0.5,f,+0.5,+1,3,3,3.5,f,-1.5,+1
sigma-,sigma+,2,53,72743.520856,1.240093e-07,1,1,0.5,f,-0.5,+1,3,3,3.5,f,-2.5,+1
sigma-,sigma+,3,39,72749.182552,5.258960e-02,1,1,0.5,f,+0.5,+1,3,3,2.5,f,-1.5,+1
sigma-,sigma+,2,38,72749.294671,2.636846e-01,1,1,0.5,f,-0.5,+1,3,3,2.5,f,-2.5,+1
sigma-,sigma+,11,55,72758.437415,9.770916e-03,1,1,1.5,f,+1.5,+1,3,3,3.5,f,-0.5,+1
sigma-,sigma+,10,54,72758.484708,4.875473e-02,1,1,1.5,f,+0.5,+1,3,3,3.5,f,-1.5,+1
sigma-,sigma+,9,53,72758.531828,1.459634e-01,1,1,1.5,f,-0.5,+1,3,3,3.5,f,-2.5,+1
sigma-,sigma+,8,52,72758.578771,3.398763e-01,1,1,1.5,f,-1.5,+1,3,3,3.5,f,-3.5,+1
sigma-,sigma+,11,40,72764.229200,1.291023e-02,1,1,1.5,f,+1.5,+1,3,3,2.5,f,-0.5,+1
sigma-,sigma+,10,39,72764.267515,3.468310e-02,1,1,1.5,f,+0.5,+1,3,3,2.5,f,-1.5,+1
sigma-,sigma+,9,38,72764.305643,4.367894e-02,1,1,1.5,f,-0.5,+1,3,3,2.5,f,-2.5,+1
sigma-,sigma+,67,135,72803.360994,5.626417e-05,4,4,3.5,e,+3.5,+1,5,5,5.5,f,+1.5,+1
sigma-,sigma+,66,134,72803.370846,2.820563e-04,4,4,3.5,e,+2.5,+1,5,5,5.5,f,+0.5,+1
sigma-,sigma+,65,133,72803.380705,8.483842e-04,4,4,3.5,e,+1.5,+1,5,5,5.5,f,-0.5,+1
sigma-,sigma+,64,132,72803.390570,1.984752e-03,4,4,3.5,e,+0.5,+1,5,5,5.5,f,-1.5,+1
sigma-,sigma+,63,131,72803.400441,3.979925e-03,4,4,3.5,e,-0.5,+1,5,5,5.5,f,-2.5,+1
sigma-,sigma+,62,130,72803.410319,7.182695e-03,4,4,3.5,e,-1.5,+1,5,5,5.5,f,-3.5,+1
sigma-,sigma+,61,129,72803.420202,1.200267e-02,4,4,3.5,e,-2.5,+1,5,5,5.5,f,-4.5,+1
sigma-,sigma+,60,128,72803.430092,1.891105e-02,4,4,3.5,e,-3.5,+1,5,5,5.5,f,-5.5,+1
sigma-,sigma+,67,112,72806.944468,1.423301e-02,4,4,3.5,e,+3.5,+1,5,5,4.5,f,+1.5,+1
sigma-,sigma+,66,111,72806.950355,4.881961e-02,4,4,3.5,e,+2.5,+1,5,5,4.5,f,+0.5,+1
sigma-,sigma+,65,110,72806.956244,1.017508e-01,4,4,3.5,e,+1.5,+1,5,5,4.5,f,-0.5,+1
sigma-,sigma+,64,109,72806.962135,1.628709e-01,4,4,3.5,e,+0.5,+1,5,5,4.5,f,-1.5,+1
sigma-,sigma+,63,108,72806.968027,2.138598e-01,4,4,3.5,e,-0.5,+1,5,5,4.5,f,-2.5,+1
sigma-,sigma+,62,107,72806.973921,2.282153e-01,4,4,3.5,e,-1.5,+1,5,5,4.5,f,-3.5,+1
sigma-,sigma+,61,106,72806.979817,1.712354e-01,4,4,3.5,e,-2.5,+1,5,5,4.5,f,-4.5,+1
sigma-,sigma+,85,136,72807.813349,8.180570e-03,4,4,4.5,e,+4.5,+1,5,5,5.5,f,+2.5,+1
sigma-,sigma+,84,135,72807.817284,2.906978e-02,4,4,4.5,e,+3.5,+1,5,5,5.5,f,+1.5,+1
sigma-,sigma+,83,134,72807.821218,6.355352e-02,4,4,4.5,e,+2.5,+1,5,5,5.5,f,+0.5,+1
sigma-,sigma+,82,133,72807.825151,1.088859e-01,4,4,4.5,e,+1.5,+1,5,5,5.5,f,-0.5,+1
sigma-,sigma+,81,132,72807.829081,1.586997e-01,4,4,4.5,e,+0.5,+1,5,5,5.5,f,-1.5,+1
sigma-,sigma+,80,131,72807.833010,2.030173e-01,4,4,4.5,e,-0.5,+1,5,5,5.5,f,-2.5,+1
sigma-,sigma+,79,130,72807.836937,2.282608e-01,4,4,4.5,e,-1.5,+1,5,5,5.5,f,-3.5,+1
sigma-,sigma+,78,129,72807.840862,2.172636e-01,4,4,4.5,e,-2.5,+1,5,5,5.5,f,-4.5,+1
sigma-,sigma+,77,128,72807.844785,1.492806e-01,4,4,4.5,e,-3.5,+1,5,5,5.5,f,-5.5,+1
sigma-,sigma+,78,106,72811.400477,3.087191e-03,4,4,4.5,e,-2.5,+1,5,5,4.5,f,-4.5,+1
sigma-,sigma+,79,107,72811.400539,7.186044e-03,4,4,4.5,e,-1.5,+1,5,5,4.5,f,-3.5,+1
sigma-,sigma+,80,108,72811.400596,1.075310e-02,4,4,4.5,e,-0.5,+1,5,5,4.5,f,-2.5,+1
sigma-,sigma+,81,109,72811.400646,1.277056e-02,4,4,4.5,e,+0.5,+1,5,5,4.5,f,-1.5,+1
sigma-,sigma+,82,110,72811.400690,1.273998e-02,4,4,4.5,e,+1.5,+1,5,5,4.5,f,-0.5,+1
sigma-,sigma+,83,111,72811.400727,1.067602e-02,4,4,4.5,e,+2.5,+1,5,5,4.5,f,+0.5,+1
sigma-,sigma+,84,112,72811.400759,7.100400e-03,4,4,4.5,e,+3.5,+1,5,5,4.5,f,+1.5,+1
sigma-,sigma+,85,113,72811.400784,3.035803e-03,4,4,4.5,e,+4.5,+1,5,5,4.5,f,+2.5,+1
sigma-,sigma+,15,80,101813.676363,1.244075e-11,2,2,1.5,e,+1.5,+1,4,4,4.5,e,-0.5,+1
sigma-,sigma+,14,79,101813.711402,5.412025e-11,2,2,1.5,e,+0.5,+1,4,4,4.5,e,-1.5,+1
sigma-,sigma+,13,78,101813.746469,1.219564e-10,2,2,1.5,e,-0.5,+1,4,4,4.5,e,-2.5,+1
sigma-,sigma+,12,77,101813.781563,1.568766e-10,2,2,1.5,e,-1.5,+1,4,4,4.5,e,-3.5,+1
sigma-,sigma+,15,63,101818.108931,2.135737e-03,2,2,1.5,e,+1.5,+1,4,4,3.5,e,-0.5,+1
sigma-,sigma+,14,62,101818.138020,1.068962e-02,2,2,1.5,e,+0.5,+1,4,4,3.5,e,-1.5,+1
sigma-,sigma+,13,61,101818.167128,3.210192e-02,2,2,1.5,e,-0.5,+1,4,4,3.5,e,-2.5,+1
sigma-,sigma+,12,60,101818.196256,7.498214e-02,2,2,1.5,e,-1.5,+1,4,4,3.5,e,-3.5,+1
sigma-,sigma+,25,81,101822.020011,6.653000e-04,2,2,2.5,e,+2.5,+1,4,4,4.5,e,+0.5,+1
sigma-,sigma+,24,80,101822.035515,3.322970e-03,2,2,2.5,e,+1.5,+1,4,4,4.5,e,-0.5,+1
sigma-,sigma+,23,79,101822.051000,9.958276e-03,2,2,2.5,e,+0.5,+1,4,4,4.5,e,-1.5,+1
sigma-,sigma+,22,78,101822.066466,2.321107e-02,2,2,2.5,e,-0.5,+1,4,4,4.5,e,-2.5,+1
sigma-,sigma+,21,77,101822.081914,4.637212e-02,2,2,2.5,e,-1.5,+1,4,4,4.5,e,-3.5,+1
sigma-,sigma+,20,76,101822.097341,8.337941e-02,2,2,2.5,e,-2.5,+1,4,4,4.5,e,-4.5,+1
sigma-,sigma+,25,64,101826.458522,5.238553e-04,2,2,2.5,e,+2.5,+1,4,4,3.5,e,+0.5,+1
sigma-,sigma+,24,63,101826.468084,1.682378e-03,2,2,2.5,e,+1.5,+1,4,4,3.5,e,-0.5,+1
sigma-,sigma+,23,62,101826.477618,3.165882e-03,2,2,2.5,e,+0.5,+1,4,4,3.5,e,-1.5,+1
sigma-,sigma+,22,61,101826.487126,4.236536e-03,2,2,2.5,e,-0.5,+1,4,4,3.5,e,-2.5,+1
sigma-,sigma+,21,60,101826.496607,3.720524e-03,2,2,2.5,e,-1.5,+1,4,4,3.5,e,-3.5,+1
sigma-,sigma+,19,90,101850.710245,1.903984e-12,2,2,1.5,f,+1.5,-1,4,4,4.5,f,-0.5,-1
sigma-,sigma+,18,89,101850.744749,1.066918e-11,2,2,1.5,f,+0.5,-1,4,4,4.5,f,-1.5,-1
sigma-,sigma+,17,88,101850.779277,3.039493e-11,2,2,1.5,f,-0.5,-1,4,4,4.5,f,-2.5,-1
sigma-,sigma+,16,87,101850.813831,4.868047e-11,2,2,1.5,f,-1.5,-1,4,4,4.5,f,-3.5,-1
sigma-,sigma+,19,71,101855.142995,1.209267e-02,2,2,1.5,f,+1.5,-1,4,4,3.5,f,-0.5,-1
sigma-,sigma+,18,70,101855.171933,6.052396e-02,2,2,1.5,f,+0.5,-1,4,4,3.5,f,-1.5,-1
sigma-,sigma+,17,69,101855.200889,1.817549e-01,2,2,1.5,f,-0.5,-1,4,4,3.5,f,-2.5,-1
sigma-,sigma+,16,68,101855.229863,4.245248e-01,2,2,1.5,f,-1.5,-1,4,4,3.5,f,-3.5,-1
sigma-,sigma+,31,91,101859.052701,3.765794e-03,2,2,2.5,f,+2.5,-1,4,4,4.5,f,+0.5,-1
sigma-,sigma+,30,90,101859.068356,1.881035e-02,2,2,2.5,f,+1.5,-1,4,4,4.5,f,-0.5,-1
sigma-,sigma+,29,89,101859.083992,5.637499e-02,2,2,2.5,f,+0.5,-1,4,4,4.5,f,-1.5,-1
sigma-,sigma+,28,88,101859.099611,1.314103e-01,2,2,2.5,f,-0.5,-1,4,4,4.5,f,-2.5,-1
sigma-,sigma+,27,87,101859.115212,2.625571e-01,2,2,2.5,f,-1.5,-1,4,4,4.5,f,-3.5,-1
sigma-,sigma+,26,86,101859.130794,4.721264e-01,2,2,2.5,f,-2.5,-1,4,4,4.5,f,-4.5,-1
sigma-,sigma+,31,72,101863.491010,2.983824e-03,2,2,2.5,f,+2.5,-1,4,4,3.5,f,+0.5,-1
sigma-,sigma+,30,71,101863.501106,9.581935e-03,2,2,2.5,f,+1.5,-1,4,4,3.5,f,-0.5,-1
sigma-,sigma+,29,70,101863.511177,1.802983e-02,2,2,2.5,f,+0.5,-1,4,4,3.5,f,-1.5,-1
sigma-,sigma+,28,69,101863.521222,2.412540e-02,2,2,2.5,f,-0.5,-1,4,4,3.5,f,-2.5,-1
sigma-,sigma+,27,68,101863.531243,2.118527e-02,2,2,2.5,f,-1.5,-1,4,4,3.5,f,-3.5,-1
sigma-,sigma+,37,122,130906.235757,1.370845e-10,3,3,2.5,e,+2.5,-1,5,5,5.5,e,+0.5,-1
sigma-,sigma+,36,121,130906.252165,6.862767e-10,3,3,2.5,e,+1.5,-1,5,5,5.5,e,-0.5,-1
sigma-,sigma+,35,120,130906.268582,1.923958e-09,3,3,2.5,e,+0.5,-1,5,5,5.5,e,-1.5,-1
sigma-,sigma+,34,119,130906.285011,3.852665e-09,3,3,2.5,e,-0.5,-1,5,5,5.5,e,-2.5,-1
sigma-,sigma+,33,118,130906.301449,5.786095e-09,3,3,2.5,e,-1.5,-1,5,5,5.5,e,-3.5,-1
sigma-,sigma+,32,117,130906.317898,5.793165e-09,3,3,2.5,e,-2.5,-1,5,5,5.5,e,-4.5,-1
sigma-,sigma+,37,101,130909.815434,7.122405e-04,3,3,2.5,e,+2.5,-1,5,5,4.5,e,+0.5,-1
sigma-,sigma+,36,100,130909.827558,3.563266e-03,3,3,2.5,e,+1.5,-1,5,5,4.5,e,-0.5,-1
sigma-,sigma+,35,99,130909.839686,1.069602e-02,3,3,2.5,e,+0.5,-1,5,5,4.5,e,-1.5,-1
sigma-,sigma+,34,98,130909.851820,2.497197e-02,3,3,2.5,e,-0.5,-1,5,5,4.5,e,-2.5,-1
sigma-,sigma+,33,97,130909.863959,4.997326e-02,3,3,2.5,e,-1.5,-1,5,5,4.5,e,-3.5,-1
sigma-,sigma+,32,96,130909.876104,9.000492e-02,3,3,2.5,e,-2.5,-1,5,5,4.5,e,-4.5,-1
sigma-,sigma+,51,123,130912.048645,2.907996e-04,3,3,3.5,e,+3.5,-1,5,5,5.5,e,+1.5,-1
sigma-,sigma+,50,122,130912.055631,1.453017e-03,3,3,3.5,e,+2.5,-1,5,5,5.5,e,+0.5,-1
sigma-,sigma+,49,121,130912.062612,4.356098e-03,3,3,3.5,e,+1.5,-1,5,5,5.5,e,-0.5,-1
sigma-,sigma+,48,120,130912.069588,1.015731e-02,3,3,3.5,e,+0.5,-1,5,5,5.5,e,-1.5,-1
sigma-,sigma+,47,119,130912.076558,2.030075e-02,3,3,3.5,e,-0.5,-1,5,5,5.5,e,-2.5,-1
sigma-,sigma+,46,118,130912.083524,3.651628e-02,3,3,3.5,e,-1.5,-1,5,5,5.5,e,-3.5,-1
sigma-,sigma+,45,117,130912.090484,6.081854e-02,3,3,3.5,e,-2.5,-1,5,5,5.5,e,-4.5,-1
sigma-,sigma+,44,116,130912.097439,9.550586e-02,3,3,3.5,e,-3.5,-1,5,5,5.5,e,-5.5,-1
sigma-,sigma+,11,63,130914.726715,6.803646e-12,1,1,1.5,f,+1.5,+1,4,4,3.5,e,-0.5,+1
sigma-,sigma+,10,62,130914.771186,3.432859e-11,1,1,1.5,f,+0.5,+1,4,4,3.5,e,-1.5,+1
sigma-,sigma+,9,61,130914.815472,1.039287e-10,1,1,1.5,f,-0.5,+1,4,4,3.5,e,-2.5,+1
sigma-,sigma+,8,60,130914.859571,2.447285e-10,1,1,1.5,f,-1.5,+1,4,4,3.5,e,-3.5,+1
sigma-,sigma+,51,102,130915.632601,1.633703e-04,3,3,3.5,e,+3.5,-1,5,5,4.5,e,+1.5,-1
sigma-,sigma+,50,101,130915.635308,5.614563e-04,3,3,3.5,e,+2.5,-1,5,5,4.5,e,+0.5,-1
sigma-,sigma+,49,100,130915.638005,1.172488e-03,3,3,3.5,e,+1.5,-1,5,5,4.5,e,-0.5,-1
sigma-,sigma+,48,99,130915.640692,1.880466e-03,3,3,3.5,e,+0.5,-1,5,5,4.5,e,-1.5,-1
sigma-,sigma+,47,98,130915.643368,2.474036e-03,3,3,3.5,e,-0.5,-1,5,5,4.5,e,-2.5,-1
sigma-,sigma+,46,97,130915.646034,2.645330e-03,3,3,3.5,e,-1.5,-1,5,5,4.5,e,-3.5,-1
sigma-,sigma+,45,96,130915.648690,1.988795e-03,3,3,3.5,e,-2.5,-1,5,5,4.5,e,-4.5,-1
sigma-,sigma+,43,134,130953.849913,4.870979e-10,3,3,2.5,f,+2.5,+1,5,5,5.5,f,+0.5,+1
sigma-,sigma+,42,133,130953.865918,2.436536e-09,3,3,2.5,f,+1.5,+1,5,5,5.5,f,-0.5,+1
sigma-,sigma+,41,132,130953.881933,6.825160e-09,3,3,2.5,f,+0.5,+1,5,5,5.5,f,-1.5,+1
sigma-,sigma+,40,131,130953.897957,1.365590e-08,3,3,2.5,f,-0.5,+1,5,5,5.5,f,-2.5,+1
sigma-,sigma+,39,130,130953.913990,2.049199e-08,3,3,2.5,f,-1.5,+1,5,5,5.5,f,-3.5,+1
sigma-,sigma+,38,129,130953.930032,2.049992e-08,3,3,2.5,f,-2.5,+1,5,5,5.5,f,-4.5,+1
sigma-,sigma+,43,111,130957.429422,4.033564e-03,3,3,2.5,f,+2.5,+1,5,5,4.5,f,+0.5,+1
sigma-,sigma+,42,110,130957.441457,2.017906e-02,3,3,2.5,f,+1.5,+1,5,5,4.5,f,-0.5,+1
sigma-,sigma+,41,109,130957.453497,6.057104e-02,3,3,2.5,f,+0.5,+1,5,5,4.5,f,-1.5,+1
sigma-,sigma+,40,108,130957.465542,1.414118e-01,3,3,2.5,f,-0.5,+1,5,5,4.5,f,-2.5,+1
sigma-,sigma+,39,107,130957.477592,2.829831e-01,3,3,2.5,f,-1.5,+1,5,5,4.5,f,-3.5,+1
sigma-,sigma+,38,106,130957.489647,5.096581e-01,3,3,2.5,f,-2.5,+1,5,5,4.5,f,-4.5,+1
sigma-,sigma+,0,69,130958.000435,1.571514e-12,1,1,0.5,e,-0.5,-1,4,4,3.5,f,-2.5,-1
sigma-,sigma+,59,135,130959.661475,1.646125e-03,3,3,3.5,f,+3.5,+1,5,5,5.5,f,+1.5,+1
sigma-,sigma+,58,134,130959.668549,8.225499e-03,3,3,3.5,f,+2.5,+1,5,5,5.5,f,+0.5,+1
sigma-,sigma+,57,133,130959.675618,2.466106e-02,3,3,3.5,f,+1.5,+1,5,5,5.5,f,-0.5,+1
sigma-,sigma+,56,132,130959.682682,5.750634e-02,3,3,3.5,f,+0.5,+1,5,5,5.5,f,-1.5,+1
sigma-,sigma+,55,131,130959.689742,1.149402e-01,3,3,3.5,f,-0.5,+1,5,5,5.5,f,-2.5,+1
sigma-,sigma+,54,130,130959.696796,2.067613e-01,3,3,3.5,f,-1.5,+1,5,5,5.5,f,-3.5,+1
sigma-,sigma+,53,129,130959.703847,3.443832e-01,3,3,3.5,f,-2.5,+1,5,5,5.5,f,-4.5,+1
sigma-,sigma+,52,128,130959.710892,5.408284e-01,3,3,3.5,f,-3.5,+1,5,5,5.5,f,-5.5,+1
sigma-,sigma+,59,112,130963.244949,9.307622e-04,3,3,3.5,f,+3.5,+1,5,5,4.5,f,+1.5,+1
sigma-,sigma+,58,111,130963.248057,3.198512e-03,3,3,3.5,f,+2.5,+1,5,5,4.5,f,+0.5,+1
sigma-,sigma+,57,110,130963.251157,6.678921e-03,3,3,3.5,f,+1.5,+1,5,5,4.5,f,-0.5,+1
sigma-,sigma+,56,109,130963.254247,1.071098e-02,3,3,3.5,f,+0.5,+1,5,5,4.5,f,-1.5,+1
sigma-,sigma+,55,108,130963.257327,1.409078e-02,3,3,3.5,f,-0.5,+1,5,5,4.5,f,-2.5,+1
sigma-,sigma+,54,107,130963.260399,1.506516e-02,3,3,3.5,f,-1.5,+1,5,5,4.5,f,-3.5,+1
sigma-,sigma+,53,106,130963.263461,1.132527e-02,3,3,3.5,f,-2.5,+1,5,5,4.5,f,-4.5,+1
sigma-,sigma+,7,71,130972.915939,6.627698e-10,1,1,1.5,e,+1.5,-1,4,4,3.5,f,-0.5,-1
sigma-,sigma+,6,70,130972.963484,3.341771e-09,1,1,1.5,e,+0.5,-1,4,4,3.5,f,-1.5,-1
sigma-,sigma+,5,69,130973.010841,1.011014e-08,1,1,1.5,e,-0.5,-1,4,4,3.5,f,-2.5,-1
sigma-,sigma+,4,68,130973.058004,2.379079e-08,1,1,1.5,e,-1.5,-1,4,4,3.5,f,-3.5,-1
sigma-,sigma+,31,101,174538.228675,6.077069e-12,2,2,2.5,f,+2.5,-1,5,5,4.5,e,+0.5,-1
sigma-,sigma+,30,100,174538.240865,3.051755e-11,2,2,2.5,f,+1.5,-1,5,5,4.5,e,-0.5,-1
sigma-,sigma+,29,99,174538.253032,9.195169e-11,2,2,2.5,f,+0.5,-1,5,5,4.5,e,-1.5,-1
sigma-,sigma+,28,98,174538.265176,2.154907e-10,2,2,2.5,f,-0.5,-1,5,5,4.5,e,-2.5,-1
sigma-,sigma+,27,97,174538.277294,4.328665e-10,2,2,2.5,f,-1.5,-1,5,5,4.5,e,-3.5,-1
sigma-,sigma+,26,96,174538.289389,7.825736e-10,2,2,2.5,f,-2.5,-1,5,5,4.5,e,-4.5,-1
sigma-,sigma+,25,111,174633.444270,1.047445e-10,2,2,2.5,e,+2.5,+1,5,5,4.5,f,+0.5,+1
sigma-,sigma+,24,110,174633.459729,5.258732e-10,2,2,2.5,e,+1.5,+1,5,5,4.5,f,-0.5,+1
sigma-,sigma+,23,109,174633.475162,1.584113e-09,2,2,2.5,e,+0.5,+1,5,5,4.5,f,-1.5,+1
sigma-,sigma+,22,108,174633.490570,3.711509e-09,2,2,2.5,e,-0.5,+1,5,5,4.5,f,-2.5,+1
sigma-,sigma+,21,107,174633.505953,7.453703e-09,2,2,2.5,e,-1.5,+1,5,5,4.5,f,-3.5,+1
sigma-,sigma+,20,106,174633.521310,1.347225e-08,2,2,2.5,e,-2.5,+1,5,5,4.5,f,-4.5,+1
sigma+,sigma+,108,20,-174633.544937,3.768026e-10,5,5,4.5,f,-2.5,+1,2,2,2.5,e,-2.5,+1
sigma+,sigma+,109,21,-174633.529575,8.041090e-10,5,5,4.5,f,-1.5,+1,2,2,2.5,e,-1.5,+1
sigma+,sigma+,110,22,-174633.514188,1.067740e-09,5,5,4.5,f,-0.5,+1,2,2,2.5,e,-0.5,+1
sigma+,sigma+,111,23,-174633.498775,1.063362e-09,5,5,4.5,f,+0.5,+1,2,2,2.5,e,+0.5,+1
sigma+,sigma+,112,24,-174633.483338,7.942587e-10,5,5,4.5,f,+1.5,+1,2,2,2.5,e,+1.5,+1
sigma+,sigma+,113,25,-174633.467875,3.691409e-10,5,5,4.5,f,+2.5,+1,2,2,2.5,e,+2.5,+1
sigma+,sigma+,98,26,-174538.316785,2.189677e-11,5,5,4.5,e,-2.5,-1,2,2,2.5,f,-2.5,-1
sigma+,sigma+,99,27,-174538.304685,4.671735e-11,5,5,4.5,e,-1.5,-1,2,2,2.5,f,-1.5,-1
sigma+,sigma+,100,28,-174538.292561,6.201908e-11,5,5,4.5,e,-0.5,-1,2,2,2.5,f,-0.5,-1
sigma+,sigma+,101,29,-174538.280413,6.175000e-11,5,5,4.5,e,+0.5,-1,2,2,2.5,f,+0.5,-1
sigma+,sigma+,102,30,-174538.268241,4.611191e-11,5,5,4.5,e,+1.5,-1,2,2,2.5,f,+1.5,-1
sigma+,sigma+,103,31,-174538.256045,2.142585e-11,5,5,4.5,e,+2.5,-1,2,2,2.5,f,+2.5,-1
sigma+,sigma+,70,4,-130973.089590,1.142448e-09,4,4,3.5,f,-1.5,-1,1,1,1.5,e,-1.5,-1
sigma+,sigma+,71,5,-130973.042420,2.039132e-09,4,4,3.5,f,-0.5,-1,1,1,1.5,e,-0.5,-1
sigma+,sigma+,72,6,-130972.995056,2.022077e-09,4,4,3.5,f,+0.5,-1,1,1,1.5,e,+0.5,-1
sigma+,sigma+,73,7,-130972.947504,1.114019e-09,4,4,3.5,f,+1.5,-1,1,1,1.5,e,+1.5,-1
sigma+,sigma+,107,52,-130963.290146,2.210748e-03,5,5,4.5,f,-3.5,+1,3,3,3.5,f,-3.5,+1
sigma+,sigma+,108,53,-130963.287088,1.970760e-03,5,5,4.5,f,-2.5,+1,3,3,3.5,f,-2.5,+1
sigma+,sigma+,109,54,-130963.284021,9.116610e-04,5,5,4.5,f,-1.5,+1,3,3,3.5,f,-1.5,+1
sigma+,sigma+,110,55,-130963.280945,1.132800e-04,5,5,4.5,f,-0.5,+1,3,3,3.5,f,-0.5,+1
sigma+,sigma+,111,56,-130963.277860,1.100671e-04,5,5,4.5,f,+0.5,+1,3,3,3.5,f,+0.5,+1
sigma+,sigma+,112,57,-130963.274766,8.974045e-04,5,5,4.5,f,+1.5,+1,3,3,3.5,f,+1.5,+1
sigma+,sigma+,113,58,-130963.271662,1.937807e-03,5,5,4.5,f,+2.5,+1,3,3,3.5,f,+2.5,+1
sigma+,sigma+,114,59,-130963.268550,2.167019e-03,5,5,4.5,f,+3.5,+1,3,3,3.5,f,+3.5,+1
sigma+,sigma+,130,52,-130959.726543,9.811318e-03,5,5,5.5,f,-3.5,+1,3,3,3.5,f,-3.5,+1
sigma+,sigma+,131,53,-130959.719502,2.290776e-02,5,5,5.5,f,-2.5,+1,3,3,3.5,f,-2.5,+1
sigma+,sigma+,132,54,-130959.712457,3.438359e-02,5,5,5.5,f,-1.5,+1,3,3,3.5,f,-1.5,+1
sigma+,sigma+,133,55,-130959.705406,4.095890e-02,5,5,5.5,f,-0.5,+1,3,3,3.5,f,-0.5,+1
sigma+,sigma+,134,56,-130959.698351,4.098486e-02,5,5,5.5,f,+0.5,+1,3,3,3.5,f,+0.5,+1
sigma+,sigma+,135,57,-130959.691291,3.444902e-02,5,5,5.5,f,+1.5,+1,3,3,3.5,f,+1.5,+1
sigma+,sigma+,136,58,-130959.684226,2.298046e-02,5,5,5.5,f,+2.5,+1,3,3,3.5,f,+2.5,+1
sigma+,sigma+,137,59,-130959.677157,9.854938e-03,5,5,5.5,f,+3.5,+1,3,3,3.5,f,+3.5,+1
sigma+,sigma+,108,38,-130957.513273,1.418534e-02,5,5,4.5,f,-2.5,+1,3,3,2.5,f,-2.5,+1
sigma+,sigma+,109,39,-130957.501214,3.037985e-02,5,5,4.5,f,-1.5,+1,3,3,2.5,f,-1.5,+1
sigma+,sigma+,110,40,-130957.489160,4.048349e-02,5,5,4.5,f,-0.5,+1,3,3,2.5,f,-0.5,+1
sigma+,sigma+,111,41,-130957.477111,4.046062e-02,5,5,4.5,f,+0.5,+1,3,3,2.5,f,+0.5,+1
sigma+,sigma+,112,42,-130957.465066,3.032840e-02,5,5,4.5,f,+1.5,+1,3,3,2.5,f,+1.5,+1
sigma+,sigma+,113,43,-130957.453026,1.414532e-02,5,5,4.5,f,+2.5,+1,3,3,2.5,f,+2.5,+1
sigma+,sigma+,131,38,-130953.945688,1.336946e-09,5,5,5.5,f,-2.5,+1,3,3,2.5,f,-2.5,+1
sigma+,sigma+,132,39,-130953.929650,3.341314e-09,5,5,5.5,f,-1.5,+1,3,3,2.5,f,-1.5,+1
sigma+,sigma+,133,40,-130953.913621,4.771749e-09,5,5,5.5,f,-0.5,+1,3,3,2.5,f,-0.5,+1
sigma+,sigma+,134,41,-130953.897602,4.770139e-09,5,5,5.5,f,+0.5,+1,3,3,2.5,f,+0.5,+1
sigma+,sigma+,135,42,-130953.881592,3.337933e-09,5,5,5.5,f,+1.5,+1,3,3,2.5,f,+1.5,+1
sigma+,sigma+,136,43,-130953.865590,1.334693e-09,5,5,5.5,f,+2.5,+1,3,3,2.5,f,+2.5,+1
sigma+,sigma+,97,44,-130915.678737,3.885838e-04,5,5,4.5,e,-3.5,-1,3,3,3.5,e,-3.5,-1
sigma+,sigma+,98,45,-130915.676086,3.464445e-04,5,5,4.5,e,-2.5,-1,3,3,3.5,e,-2.5,-1
sigma+,sigma+,99,46,-130915.673425,1.603277e-04,5,5,4.5,e,-1.5,-1,3,3,3.5,e,-1.5,-1
sigma+,sigma+,100,47,-130915.670754,1.996830e-05,5,5,4.5,e,-0.5,-1,3,3,3.5,e,-0.5,-1
sigma+,sigma+,101,48,-130915.668072,1.925909e-05,5,5,4.5,e,+0.5,-1,3,3,3.5,e,+0.5,-1
sigma+,sigma+,102,49,-130915.665380,1.573986e-04,5,5,4.5,e,+1.5,-1,3,3,3.5,e,+1.5,-1
sigma+,sigma+,103,50,-130915.662678,3.400178e-04,5,5,4.5,e,+2.5,-1,3,3,3.5,e,+2.5,-1
sigma+,sigma+,104,51,-130915.659966,3.802865e-04,5,5,4.5,e,+3.5,-1,3,3,3.5,e,+3.5,-1
sigma+,sigma+,62,8,-130914.894996,1.176069e-11,4,4,3.5,e,-1.5,+1,1,1,1.5,f,-1.5,+1
sigma+,sigma+,63,9,-130914.850889,2.097714e-11,4,4,3.5,e,-0.5,+1,1,1,1.5,f,-0.5,+1
sigma+,sigma+,64,10,-130914.806594,2.078747e-11,4,4,3.5,e,+0.5,+1,1,1,1.5,f,+0.5,+1
sigma+,sigma+,65,11,-130914.762116,1.144454e-11,4,4,3.5,e,+1.5,+1,1,1,1.5,f,+1.5,+1
sigma+,sigma+,118,44,-130912.116226,1.732268e-03,5,5,5.5,e,-3.5,-1,3,3,3.5,e,-3.5,-1
sigma+,sigma+,119,45,-130912.109276,4.044770e-03,5,5,5.5,e,-2.5,-1,3,3,3.5,e,-2.5,-1
sigma+,sigma+,120,46,-130912.102321,6.071360e-03,5,5,5.5,e,-1.5,-1,3,3,3.5,e,-1.5,-1
sigma+,sigma+,121,47,-130912.095361,7.232797e-03,5,5,5.5,e,-0.5,-1,3,3,3.5,e,-0.5,-1
sigma+,sigma+,122,48,-130912.088395,7.237767e-03,5,5,5.5,e,+0.5,-1,3,3,3.5,e,+0.5,-1
sigma+,sigma+,123,49,-130912.081425,6.083884e-03,5,5,5.5,e,+1.5,-1,3,3,3.5,e,+1.5,-1
sigma+,sigma+,124,50,-130912.074449,4.058687e-03,5,5,5.5,e,+2.5,-1,3,3,3.5,e,+2.5,-1
sigma+,sigma+,125,51,-130912.067468,1.740617e-03,5,5,5.5,e,+3.5,-1,3,3,3.5,e,+3.5,-1
sigma+,sigma+,98,32,-130909.903500,2.505327e-03,5,5,4.5,e,-2.5,-1,3,3,2.5,e,-2.5,-1
sigma+,sigma+,99,33,-130909.891350,5.365373e-03,5,5,4.5,e,-1.5,-1,3,3,2.5,e,-1.5,-1
sigma+,sigma+,100,34,-130909.879206,7.149605e-03,5,5,4.5,e,-0.5,-1,3,3,2.5,e,-0.5,-1
sigma+,sigma+,101,35,-130909.867067,7.145400e-03,5,5,4.5,e,+0.5,-1,3,3,2.5,e,+0.5,-1
sigma+,sigma+,102,36,-130909.854933,5.355913e-03,5,5,4.5,e,+1.5,-1,3,3,2.5,e,+1.5,-1
sigma+,sigma+,103,37,-130909.842804,2.497969e-03,5,5,4.5,e,+2.5,-1,3,3,2.5,e,+2.5,-1
sigma+,sigma+,119,32,-130906.336690,3.783123e-10,5,5,5.5,e,-2.5,-1,3,3,2.5,e,-2.5,-1
sigma+,sigma+,120,33,-130906.320246,9.446876e-10,5,5,5.5,e,-1.5,-1,3,3,2.5,e,-1.5,-1
sigma+,sigma+,121,34,-130906.303813,1.347985e-09,5,5,5.5,e,-0.5,-1,3,3,2.5,e,-0.5,-1
sigma+,sigma+,122,35,-130906.287390,1.346409e-09,5,5,5.5,e,+0.5,-1,3,3,2.5,e,+0.5,-1
sigma+,sigma+,123,36,-130906.270978,9.413789e-10,5,5,5.5,e,+1.5,-1,3,3,2.5,e,+1.5,-1
sigma+,sigma+,124,37,-130906.254575,3.761066e-10,5,5,5.5,e,+2.5,-1,3,3,2.5,e,+2.5,-1
sigma+,sigma+,69,26,-101863.572832,3.786418e-03,4,4,3.5,f,-2.5,-1,2,2,2.5,f,-2.5,-1
sigma+,sigma+,70,27,-101863.562829,2.263599e-03,4,4,3.5,f,-1.5,-1,2,2,2.5,f,-1.5,-1
sigma+,sigma+,71,28,-101863.552802,3.006504e-04,4,4,3.5,f,-0.5,-1,2,2,2.5,f,-0.5,-1
sigma+,sigma+,72,29,-101863.542749,2.998535e-04,4,4,3.5,f,+0.5,-1,2,2,2.5,f,+0.5,-1
sigma+,sigma+,73,30,-101863.532671,2.240310e-03,4,4,3.5,f,+1.5,-1,2,2,2.5,f,+1.5,-1
sigma+,sigma+,74,31,-101863.522568,3.720532e-03,4,4,3.5,f,+2.5,-1,2,2,2.5,f,+2.5,-1
sigma+,sigma+,88,26,-101859.151220,1.308164e-02,4,4,4.5,f,-2.5,-1,2,2,2.5,f,-2.5,-1
sigma+,sigma+,89,27,-101859.135645,2.806046e-02,4,4,4.5,f,-1.5,-1,2,2,2.5,f,-1.5,-1
sigma+,sigma+,90,28,-101859.120051,3.745164e-02,4,4,4.5,f,-0.5,-1,2,2,2.5,f,-0.5,-1
sigma+,sigma+,91,29,-101859.104439,3.748919e-02,4,4,4.5,f,+0.5,-1,2,2,2.5,f,+0.5,-1
sigma+,sigma+,92,30,-101859.088810,2.814495e-02,4,4,4.5,f,+1.5,-1,2,2,2.5,f,+1.5,-1
sigma+,sigma+,93,31,-101859.073162,1.314736e-02,4,4,4.5,f,+2.5,-1,2,2,2.5,f,+2.5,-1
sigma+,sigma+,70,16,-101855.261449,2.026701e-02,4,4,3.5,f,-1.5,-1,2,2,1.5,f,-1.5,-1
sigma+,sigma+,71,17,-101855.232468,3.644344e-02,4,4,3.5,f,-0.5,-1,2,2,1.5,f,-0.5,-1
sigma+,sigma+,72,18,-101855.203505,3.640651e-02,4,4,3.5,f,+0.5,-1,2,2,1.5,f,+0.5,-1
sigma+,sigma+,73,19,-101855.174560,2.020547e-02,4,4,3.5,f,+1.5,-1,2,2,1.5,f,+1.5,-1
sigma+,sigma+,89,16,-101850.834265,7.612091e-12,4,4,4.5,f,-1.5,-1,2,2,1.5,f,-1.5,-1
sigma+,sigma+,90,17,-101850.799718,1.307840e-11,4,4,4.5,f,-0.5,-1,2,2,1.5,f,-0.5,-1
sigma+,sigma+,91,18,-101850.765196,1.111533e-11,4,4,4.5,f,+0.5,-1,2,2,1.5,f,+0.5,-1
sigma+,sigma+,92,19,-101850.730699,4.664842e-12,4,4,4.5,f,+1.5,-1,2,2,1.5,f,+1.5,-1
sigma+,sigma+,61,20,-101826.541493,6.654421e-04,4,4,3.5,e,-2.5,+1,2,2,2.5,e,-2.5,+1
sigma+,sigma+,62,21,-101826.532031,3.978953e-04,4,4,3.5,e,-1.5,+1,2,2,2.5,e,-1.5,+1
sigma+,sigma+,63,22,-101826.522543,5.291837e-05,4,4,3.5,e,-0.5,+1,2,2,2.5,e,-0.5,+1
sigma+,sigma+,64,23,-101826.513027,5.255247e-05,4,4,3.5,e,+0.5,+1,2,2,2.5,e,+0.5,+1
sigma+,sigma+,65,24,-101826.503484,3.931597e-04,4,4,3.5,e,+1.5,+1,2,2,2.5,e,+1.5,+1
sigma+,sigma+,66,25,-101826.493915,6.530639e-04,4,4,3.5,e,+2.5,+1,2,2,2.5,e,+2.5,+1
sigma+,sigma+,78,20,-101822.120833,2.309827e-03,4,4,4.5,e,-2.5,+1,2,2,2.5,e,-2.5,+1
sigma+,sigma+,79,21,-101822.105414,4.955015e-03,4,4,4.5,e,-1.5,+1,2,2,2.5,e,-1.5,+1
sigma+,sigma+,80,22,-101822.089974,6.613840e-03,4,4,4.5,e,-0.5,+1,2,2,2.5,e,-0.5,+1
sigma+,sigma+,81,23,-101822.074516,6.620964e-03,4,4,4.5,e,+0.5,+1,2,2,2.5,e,+0.5,+1
sigma+,sigma+,82,24,-101822.059039,4.971045e-03,4,4,4.5,e,+1.5,+1,2,2,2.5,e,+1.5,+1
sigma+,sigma+,83,25,-101822.043543,2.322295e-03,4,4,4.5,e,+2.5,+1,2,2,2.5,e,+2.5,+1
sigma+,sigma+,62,12,-101818.231681,3.579912e-03,4,4,3.5,e,-1.5,+1,2,2,1.5,e,-1.5,+1
sigma+,sigma+,63,13,-101818.202545,6.437126e-03,4,4,3.5,e,-0.5,+1,2,2,1.5,e,-0.5,+1
sigma+,sigma+,64,14,-101818.173429,6.430457e-03,4,4,3.5,e,+0.5,+1,2,2,1.5,e,+0.5,+1
sigma+,sigma+,65,15,-101818.144332,3.568798e-03,4,4,3.5,e,+1.5,+1,2,2,1.5,e,+1.5,+1
sigma+,sigma+,79,12,-101813.805063,1.492931e-11,4,4,4.5,e,-1.5,+1,2,2,1.5,e,-1.5,+1
sigma+,sigma+,80,13,-101813.769977,3.103196e-11,4,4,4.5,e,-0.5,+1,2,2,1.5,e,-0.5,+1
sigma+,sigma+,81,14,-101813.734918,3.221377e-11,4,4,4.5,e,+0.5,+1,2,2,1.5,e,+0.5,+1
sigma+,sigma+,82,15,-101813.699887,1.670174e-11,4,4,4.5,e,+1.5,+1,2,2,1.5,e,+1.5,+1
sigma+,sigma+,115,85,-72811.424380,3.029165e-03,5,5,4.5,f,+4.5,+1,4,4,4.5,e,+4.5,+1
sigma+,sigma+,114,84,-72811.424359,3.372412e-04,5,5,4.5,f,+3.5,+1,4,4,4.5,e,+3.5,+1
sigma+,sigma+,113,83,-72811.424332,8.465294e-05,5,5,4.5,f,+2.5,+1,4,4,4.5,e,+2.5,+1
sigma+,sigma+,112,82,-72811.424299,7.630975e-04,5,5,4.5,f,+1.5,+1,4,4,4.5,e,+1.5,+1
sigma+,sigma+,111,81,-72811.424259,1.359672e-03,5,5,4.5,f,+0.5,+1,4,4,4.5,e,+0.5,+1
sigma+,sigma+,110,80,-72811.424213,1.362810e-03,5,5,4.5,f,-0.5,+1,4,4,4.5,e,-0.5,+1
sigma+,sigma+,109,79,-72811.424162,7.683208e-04,5,5,4.5,f,-1.5,+1,4,4,4.5,e,-1.5,+1
sigma+,sigma+,108,78,-72811.424104,8.551139e-05,5,5,4.5,f,-2.5,+1,4,4,4.5,e,-2.5,+1
sigma+,sigma+,107,77,-72811.424039,3.434205e-04,5,5,4.5,f,-3.5,+1,4,4,4.5,e,-3.5,+1
sigma+,sigma+,106,76,-72811.423969,3.097144e-03,5,5,4.5,f,-4.5,+1,4,4,4.5,e,-4.5,+1
sigma+,sigma+,129,76,-72807.864354,3.054176e-02,5,5,5.5,f,-4.5,+1,4,4,4.5,e,-4.5,+1
sigma+,sigma+,130,77,-72807.860437,3.329067e-02,5,5,5.5,f,-3.5,+1,4,4,4.5,e,-3.5,+1
sigma+,sigma+,131,78,-72807.856518,2.267772e-02,5,5,5.5,f,-2.5,+1,4,4,4.5,e,-2.5,+1
sigma+,sigma+,132,79,-72807.852597,9.547551e-03,5,5,5.5,f,-1.5,+1,4,4,4.5,e,-1.5,+1
sigma+,sigma+,133,80,-72807.848674,1.147617e-03,5,5,5.5,f,-0.5,+1,4,4,4.5,e,-0.5,+1
sigma+,sigma+,134,81,-72807.844750,1.117393e-03,5,5,5.5,f,+0.5,+1,4,4,4.5,e,+0.5,+1
sigma+,sigma+,135,82,-72807.840824,9.477712e-03,5,5,5.5,f,+1.5,+1,4,4,4.5,e,+1.5,+1
sigma+,sigma+,136,83,-72807.836896,2.262020e-02,5,5,5.5,f,+2.5,+1,4,4,4.5,e,+2.5,+1
sigma+,sigma+,137,84,-72807.832967,3.329682e-02,5,5,5.5,f,+3.5,+1,4,4,4.5,e,+3.5,+1
sigma+,sigma+,138,85,-72807.829035,3.060953e-02,5,5,5.5,f,+4.5,+1,4,4,4.5,e,+4.5,+1
sigma+,sigma+,107,60,-72807.009346,3.328409e-02,5,5,4.5,f,-3.5,+1,4,4,3.5,e,-3.5,+1
sigma+,sigma+,108,61,-72807.003444,2.968607e-02,5,5,4.5,f,-2.5,+1,4,4,3.5,e,-2.5,+1
sigma+,sigma+,109,62,-72806.997544,1.371400e-02,5,5,4.5,f,-1.5,+1,4,4,3.5,e,-1.5,+1
sigma+,sigma+,110,63,-72806.991645,1.679760e-03,5,5,4.5,f,-0.5,+1,4,4,3.5,e,-0.5,+1
sigma+,sigma+,111,64,-72806.985748,1.716950e-03,5,5,4.5,f,+0.5,+1,4,4,3.5,e,+0.5,+1
sigma+,sigma+,112,65,-72806.979853,1.379864e-02,5,5,4.5,f,+1.5,+1,4,4,3.5,e,+1.5,+1
sigma+,sigma+,113,66,-72806.973960,2.975490e-02,5,5,4.5,f,+2.5,+1,4,4,3.5,e,+2.5,+1
sigma+,sigma+,114,67,-72806.968069,3.329009e-02,5,5,4.5,f,+3.5,+1,4,4,3.5,e,+3.5,+1
sigma+,sigma+,130,60,-72803.445744,3.432657e-04,5,5,5.5,f,-3.5,+1,4,4,3.5,e,-3.5,+1
sigma+,sigma+,131,61,-72803.435858,7.988669e-04,5,5,5.5,f,-2.5,+1,4,4,3.5,e,-2.5,+1
sigma+,sigma+,132,62,-72803.425979,1.195183e-03,5,5,5.5,f,-1.5,+1,4,4,3.5,e,-1.5,+1
sigma+,sigma+,133,63,-72803.416106,1.419141e-03,5,5,5.5,f,-0.5,+1,4,4,3.5,e,-0.5,+1
sigma+,sigma+,134,64,-72803.406239,1.415459e-03,5,5,5.5,f,+0.5,+1,4,4,3.5,e,+0.5,+1
sigma+,sigma+,135,65,-72803.396379,1.185905e-03,5,5,5.5,f,+1.5,+1,4,4,3.5,e,+1.5,+1
sigma+,sigma+,136,66,-72803.386524,7.885572e-04,5,5,5.5,f,+2.5,+1,4,4,3.5,e,+2.5,+1
sigma+,sigma+,137,67,-72803.376676,3.370797e-04,5,5,5.5,f,+3.5,+1,4,4,3.5,e,+3.5,+1
sigma+,sigma+,39,8,-72764.391325,6.535688e-03,3,3,2.5,f,-1.5,+1,1,1,1.5,f,-1.5,+1
sigma+,sigma+,40,9,-72764.353374,1.073726e-03,3,3,2.5,f,-0.5,+1,1,1,1.5,f,-0.5,+1
sigma+,sigma+,41,10,-72764.315232,1.087896e-03,3,3,2.5,f,+0.5,+1,1,1,1.5,f,+0.5,+1
sigma+,sigma+,42,11,-72764.276903,6.435323e-03,3,3,2.5,f,+1.5,+1,1,1,1.5,f,+1.5,+1
sigma+,sigma+,54,8,-72758.608518,1.613441e-02,3,3,3.5,f,-1.5,+1,1,1,1.5,f,-1.5,+1
sigma+,sigma+,55,9,-72758.561589,2.910230e-02,3,3,3.5,f,-0.5,+1,1,1,1.5,f,-0.5,+1
sigma+,sigma+,56,10,-72758.514483,2.916240e-02,3,3,3.5,f,+0.5,+1,1,1,1.5,f,+0.5,+1
sigma+,sigma+,57,11,-72758.467203,1.623458e-02,3,3,3.5,f,+1.5,+1,1,1,1.5,f,+1.5,+1
sigma+,sigma+,40,2,-72749.342402,2.648058e-02,3,3,2.5,f,-0.5,+1,1,1,0.5,f,-0.5,+1
sigma+,sigma+,41,3,-72749.230270,2.640611e-02,3,3,2.5,f,+0.5,+1,1,1,0.5,f,+0.5,+1
sigma+,sigma+,55,2,-72743.550617,2.493866e-08,3,3,3.5,f,-0.5,+1,1,1,0.5,f,-0.5,+1
sigma+,sigma+,56,3,-72743.429520,2.442684e-08,3,3,3.5,f,+0.5,+1,1,1,0.5,f,+0.5,+1
sigma+,sigma+,33,4,-72737.940096,1.148526e-03,3,3,2.5,e,-1.5,-1,1,1,1.5,e,-1.5,-1
sigma+,sigma+,34,5,-72737.902973,1.888002e-04,3,3,2.5,e,-0.5,-1,1,1,1.5,e,-0.5,-1
sigma+,sigma+,35,6,-72737.865654,1.909021e-04,3,3,2.5,e,+0.5,-1,1,1,1.5,e,+0.5,-1
sigma+,sigma+,36,7,-72737.828140,1.129930e-03,3,3,2.5,e,+1.5,-1,1,1,1.5,e,+1.5,-1
sigma+,sigma+,46,4,-72732.158021,2.849309e-03,3,3,3.5,e,-1.5,-1,1,1,1.5,e,-1.5,-1
sigma+,sigma+,47,5,-72732.111426,5.140058e-03,3,3,3.5,e,-0.5,-1,1,1,1.5,e,-0.5,-1
sigma+,sigma+,48,6,-72732.064649,5.151309e-03,3,3,3.5,e,+0.5,-1,1,1,1.5,e,+0.5,-1
sigma+,sigma+,49,7,-72732.017693,2.868061e-03,3,3,3.5,e,+1.5,-1,1,1,1.5,e,+1.5,-1
sigma+,sigma+,34,0,-72722.892568,4.679957e-03,3,3,2.5,e,-0.5,-1,1,1,0.5,e,-0.5,-1
sigma+,sigma+,35,1,-72722.780106,4.666760e-03,3,3,2.5,e,+0.5,-1,1,1,0.5,e,+0.5,-1
sigma+,sigma+,47,0,-72717.101020,3.661336e-09,3,3,3.5,e,-0.5,-1,1,1,0.5,e,-0.5,-1
sigma+,sigma+,48,1,-72716.979101,3.580241e-09,3,3,3.5,e,+0.5,-1,1,1,0.5,e,+0.5,-1
sigma+,sigma+,105,95,-72679.189767,3.560426e-04,5,5,4.5,e,+4.5,-1,4,4,4.5,f,+4.5,-1
sigma+,sigma+,104,94,-72679.186328,3.943340e-05,5,5,4.5,e,+3.5,-1,4,4,4.5,f,+3.5,-1
sigma+,sigma+,103,93,-72679.182882,1.008792e-05,5,5,4.5,e,+2.5,-1,4,4,4.5,f,+2.5,-1
sigma+,sigma+,102,92,-72679.179431,9.005472e-05,5,5,4.5,e,+1.5,-1,4,4,4.5,f,+1.5,-1
sigma+,sigma+,101,91,-72679.175973,1.600880e-04,5,5,4.5,e,+0.5,-1,4,4,4.5,f,+0.5,-1
sigma+,sigma+,100,90,-72679.172510,1.601791e-04,5,5,4.5,e,-0.5,-1,4,4,4.5,f,-0.5,-1
sigma+,sigma+,99,89,-72679.169040,9.009576e-05,5,5,4.5,e,-1.5,-1,4,4,4.5,f,-1.5,-1
sigma+,sigma+,98,88,-72679.165565,9.928475e-06,5,5,4.5,e,-2.5,-1,4,4,4.5,f,-2.5,-1
sigma+,sigma+,97,87,-72679.162083,4.064541e-05,5,5,4.5,e,-3.5,-1,4,4,4.5,f,-3.5,-1
sigma+,sigma+,96,86,-72679.158595,3.646547e-04,5,5,4.5,e,-4.5,-1,4,4,4.5,f,-4.5,-1
sigma+,sigma+,117,86,-72675.600389,3.578313e-03,5,5,5.5,e,-4.5,-1,4,4,4.5,f,-4.5,-1
sigma+,sigma+,118,87,-72675.599572,3.900479e-03,5,5,5.5,e,-3.5,-1,4,4,4.5,f,-3.5,-1
sigma+,sigma+,119,88,-72675.598755,2.657092e-03,5,5,5.5,e,-2.5,-1,4,4,4.5,f,-2.5,-1
sigma+,sigma+,120,89,-72675.597936,1.118700e-03,5,5,5.5,e,-1.5,-1,4,4,4.5,f,-1.5,-1
sigma+,sigma+,121,90,-72675.597117,1.344781e-04,5,5,5.5,e,-0.5,-1,4,4,4.5,f,-0.5,-1
sigma+,sigma+,122,91,-72675.596297,1.309181e-04,5,5,5.5,e,+0.5,-1,4,4,4.5,f,+0.5,-1
sigma+,sigma+,123,92,-72675.595475,1.110531e-03,5,5,5.5,e,+1.5,-1,4,4,4.5,f,+1.5,-1
sigma+,sigma+,124,93,-72675.594653,2.650561e-03,5,5,5.5,e,+2.5,-1,4,4,4.5,f,+2.5,-1
sigma+,sigma+,125,94,-72675.593830,3.901716e-03,5,5,5.5,e,+3.5,-1,4,4,4.5,f,+3.5,-1
sigma+,sigma+,126,95,-72675.593006,3.586906e-03,5,5,5.5,e,+4.5,-1,4,4,4.5,f,+4.5,-1
sigma+,sigma+,97,68,-72674.746051,3.902249e-03,5,5,4.5,e,-3.5,-1,4,4,3.5,f,-3.5,-1
sigma+,sigma+,98,69,-72674.743953,3.480434e-03,5,5,4.5,e,-2.5,-1,4,4,3.5,f,-2.5,-1
sigma+,sigma+,99,70,-72674.741856,1.607841e-03,5,5,4.5,e,-1.5,-1,4,4,3.5,f,-1.5,-1
sigma+,sigma+,100,71,-72674.739760,1.969223e-04,5,5,4.5,e,-0.5,-1,4,4,3.5,f,-0.5,-1
sigma+,sigma+,101,72,-72674.737664,2.013359e-04,5,5,4.5,e,+0.5,-1,4,4,3.5,f,+0.5,-1
sigma+,sigma+,102,73,-72674.735570,1.617964e-03,5,5,4.5,e,+1.5,-1,4,4,3.5,f,+1.5,-1
sigma+,sigma+,103,74,-72674.733476,3.488904e-03,5,5,4.5,e,+2.5,-1,4,4,3.5,f,+2.5,-1
sigma+,sigma+,104,75,-72674.731384,3.903443e-03,5,5,4.5,e,+3.5,-1,4,4,3.5,f,+3.5,-1
sigma+,sigma+,118,68,-72671.183541,4.049144e-05,5,5,5.5,e,-3.5,-1,4,4,3.5,f,-3.5,-1
sigma+,sigma+,119,69,-72671.177143,9.406832e-05,5,5,5.5,e,-2.5,-1,4,4,3.5,f,-2.5,-1
sigma+,sigma+,120,70,-72671.170752,1.404885e-04,5,5,5.5,e,-1.5,-1,4,4,3.5,f,-1.5,-1
sigma+,sigma+,121,71,-72671.164367,1.665213e-04,5,5,5.5,e,-0.5,-1,4,4,3.5,f,-0.5,-1
sigma+,sigma+,122,72,-72671.157988,1.657987e-04,5,5,5.5,e,+0.5,-1,4,4,3.5,f,+0.5,-1
sigma+,sigma+,123,73,-72671.151614,1.386673e-04,5,5,5.5,e,+1.5,-1,4,4,3.5,f,+1.5,-1
sigma+,sigma+,124,74,-72671.145247,9.204472e-05,5,5,5.5,e,+2.5,-1,4,4,3.5,f,+2.5,-1
sigma+,sigma+,125,75,-72671.138886,3.927723e-05,5,5,5.5,e,+3.5,-1,4,4,3.5,f,+3.5,-1
sigma+,sigma+,68,44,-58240.932686,4.870435e-03,4,4,3.5,f,-3.5,-1,3,3,3.5,e,-3.5,-1
sigma+,sigma+,69,45,-58240.932133,9.900068e-05,4,4,3.5,f,-2.5,-1,3,3,3.5,e,-2.5,-1
sigma+,sigma+,70,46,-58240.931569,8.897448e-04,4,4,3.5,f,-1.5,-1,3,3,3.5,e,-1.5,-1
sigma+,sigma+,71,47,-58240.930994,2.463741e-03,4,4,3.5,f,-0.5,-1,3,3,3.5,e,-0.5,-1
sigma+,sigma+,72,48,-58240.930408,2.456275e-03,4,4,3.5,f,+0.5,-1,3,3,3.5,e,+0.5,-1
sigma+,sigma+,73,49,-58240.929810,8.815050e-04,4,4,3.5,f,+1.5,-1,3,3,3.5,e,+1.5,-1
sigma+,sigma+,74,50,-58240.929202,9.779992e-05,4,4,3.5,f,+2.5,-1,3,3,3.5,e,+2.5,-1
sigma+,sigma+,75,51,-58240.928582,4.773717e-03,4,4,3.5,f,+3.5,-1,3,3,3.5,e,+3.5,-1
sigma+,sigma+,87,44,-58236.516654,3.846639e-02,4,4,4.5,f,-3.5,-1,3,3,3.5,e,-3.5,-1
sigma+,sigma+,88,45,-58236.510521,3.440224e-02,4,4,4.5,f,-2.5,-1,3,3,3.5,e,-2.5,-1
sigma+,sigma+,89,46,-58236.504385,1.596585e-02,4,4,4.5,f,-1.5,-1,3,3,3.5,e,-1.5,-1
sigma+,sigma+,90,47,-58236.498244,1.990275e-03,4,4,4.5,f,-0.5,-1,3,3,3.5,e,-0.5,-1
sigma+,sigma+,91,48,-58236.492099,1.940035e-03,4,4,4.5,f,+0.5,-1,3,3,3.5,e,+0.5,-1
sigma+,sigma+,92,49,-58236.485949,1.586831e-02,4,4,4.5,f,+1.5,-1,3,3,3.5,e,+1.5,-1
sigma+,sigma+,93,50,-58236.479796,3.437459e-02,4,4,4.5,f,+2.5,-1,3,3,3.5,e,+2.5,-1
sigma+,sigma+,94,51,-58236.473638,3.856282e-02,4,4,4.5,f,+3.5,-1,3,3,3.5,e,+3.5,-1
sigma+,sigma+,69,32,-58235.159547,4.090582e-02,4,4,3.5,f,-2.5,-1,3,3,2.5,e,-2.5,-1
sigma+,sigma+,70,33,-58235.149494,2.449462e-02,4,4,3.5,f,-1.5,-1,3,3,2.5,e,-1.5,-1
sigma+,sigma+,71,34,-58235.139446,3.241604e-03,4,4,3.5,f,-0.5,-1,3,3,2.5,e,-0.5,-1
sigma+,sigma+,72,35,-58235.129403,3.306735e-03,4,4,3.5,f,+0.5,-1,3,3,2.5,e,+0.5,-1
sigma+,sigma+,73,36,-58235.119363,2.461692e-02,4,4,3.5,f,+1.5,-1,3,3,2.5,e,+1.5,-1
sigma+,sigma+,74,37,-58235.109328,4.094709e-02,4,4,3.5,f,+2.5,-1,3,3,2.5,e,+2.5,-1
sigma+,sigma+,88,32,-58230.737935,9.244154e-04,4,4,4.5,f,-2.5,-1,3,3,2.5,e,-2.5,-1
sigma+,sigma+,89,33,-58230.722310,1.975446e-03,4,4,4.5,f,-1.5,-1,3,3,2.5,e,-1.5,-1
sigma+,sigma+,90,34,-58230.706696,2.626701e-03,4,4,4.5,f,-0.5,-1,3,3,2.5,e,-0.5,-1
sigma+,sigma+,91,35,-58230.691093,2.619503e-03,4,4,4.5,f,+0.5,-1,3,3,2.5,e,+0.5,-1
sigma+,sigma+,92,36,-58230.675502,1.959251e-03,4,4,4.5,f,+1.5,-1,3,3,2.5,e,+1.5,-1
sigma+,sigma+,93,37,-58230.659922,9.118190e-04,4,4,4.5,f,+2.5,-1,3,3,2.5,e,+2.5,-1
sigma+,sigma+,67,59,-58156.300481,2.772169e-04,4,4,3.5,e,+3.5,+1,3,3,3.5,f,+3.5,+1
sigma+,sigma+,66,58,-58156.297702,5.625755e-06,4,4,3.5,e,+2.5,+1,3,3,3.5,f,+2.5,+1
sigma+,sigma+,65,57,-58156.294912,5.137466e-05,4,4,3.5,e,+1.5,+1,3,3,3.5,f,+1.5,+1
sigma+,sigma+,64,56,-58156.292112,1.428302e-04,4,4,3.5,e,+0.5,+1,3,3,3.5,f,+0.5,+1
sigma+,sigma+,63,55,-58156.289300,1.430693e-04,4,4,3.5,e,-0.5,+1,3,3,3.5,f,-0.5,+1
sigma+,sigma+,62,54,-58156.286478,5.155004e-05,4,4,3.5,e,-1.5,+1,3,3,3.5,f,-1.5,+1
sigma+,sigma+,61,53,-58156.283644,5.811723e-06,4,4,3.5,e,-2.5,+1,3,3,3.5,f,-2.5,+1
sigma+,sigma+,60,52,-58156.280800,2.832057e-04,4,4,3.5,e,-3.5,+1,3,3,3.5,f,-3.5,+1
sigma+,sigma+,77,52,-58151.866107,2.221248e-03,4,4,4.5,e,-3.5,+1,3,3,3.5,f,-3.5,+1
sigma+,sigma+,78,53,-58151.862985,1.986630e-03,4,4,4.5,e,-2.5,+1,3,3,3.5,f,-2.5,+1
sigma+,sigma+,79,54,-58151.859860,9.220174e-04,4,4,4.5,e,-1.5,+1,3,3,3.5,f,-1.5,+1
sigma+,sigma+,80,55,-58151.856732,1.149455e-04,4,4,4.5,e,-0.5,+1,3,3,3.5,f,-0.5,+1
sigma+,sigma+,81,56,-58151.853601,1.120322e-04,4,4,4.5,e,+0.5,+1,3,3,3.5,f,+0.5,+1
sigma+,sigma+,82,57,-58151.850467,9.164233e-04,4,4,4.5,e,+1.5,+1,3,3,3.5,f,+1.5,+1
sigma+,sigma+,83,58,-58151.847330,1.985269e-03,4,4,4.5,e,+2.5,+1,3,3,3.5,f,+2.5,+1
sigma+,sigma+,84,59,-58151.844190,2.227228e-03,4,4,4.5,e,+3.5,+1,3,3,3.5,f,+3.5,+1
sigma+,sigma+,61,38,-58150.509829,2.364903e-03,4,4,3.5,e,-2.5,+1,3,3,2.5,f,-2.5,+1
sigma+,sigma+,62,39,-58150.503671,1.416107e-03,4,4,3.5,e,-1.5,+1,3,3,2.5,f,-1.5,+1
sigma+,sigma+,63,40,-58150.497515,1.873911e-04,4,4,3.5,e,-0.5,+1,3,3,2.5,f,-0.5,+1
sigma+,sigma+,64,41,-58150.491362,1.912140e-04,4,4,3.5,e,+0.5,+1,3,3,2.5,f,+0.5,+1
sigma+,sigma+,65,42,-58150.485213,1.423371e-03,4,4,3.5,e,+1.5,+1,3,3,2.5,f,+1.5,+1
sigma+,sigma+,66,43,-58150.479066,2.367578e-03,4,4,3.5,e,+2.5,+1,3,3,2.5,f,+2.5,+1
sigma+,sigma+,78,38,-58146.089170,5.363290e-05,4,4,4.5,e,-2.5,+1,3,3,2.5,f,-2.5,+1
sigma+,sigma+,79,39,-58146.077053,1.144522e-04,4,4,4.5,e,-1.5,+1,3,3,2.5,f,-1.5,+1
sigma+,sigma+,80,40,-58146.064947,1.519728e-04,4,4,4.5,e,-0.5,+1,3,3,2.5,f,-0.5,+1
sigma+,sigma+,81,41,-58146.052852,1.513463e-04,4,4,4.5,e,+0.5,+1,3,3,2.5,f,+0.5,+1
sigma+,sigma+,82,42,-58146.040767,1.130426e-04,4,4,4.5,e,+1.5,+1,3,3,2.5,f,+1.5,+1
sigma+,sigma+,83,43,-58146.028694,5.253646e-05,4,4,4.5,e,+2.5,+1,3,3,2.5,f,+2.5,+1
sigma+,sigma+,38,20,-43676.031663,8.506427e-03,3,3,2.5,f,-2.5,+1,2,2,2.5,e,-2.5,+1
sigma+,sigma+,39,21,-43676.028361,3.405447e-04,3,3,2.5,f,-1.5,+1,2,2,2.5,e,-1.5,+1
sigma+,sigma+,40,22,-43676.025028,5.406683e-03,3,3,2.5,f,-0.5,+1,2,2,2.5,e,-0.5,+1
sigma+,sigma+,41,23,-43676.021665,5.380513e-03,3,3,2.5,f,+0.5,+1,2,2,2.5,e,+0.5,+1
sigma+,sigma+,42,24,-43676.018272,3.337194e-04,3,3,2.5,f,+1.5,+1,2,2,2.5,e,+1.5,+1
sigma+,sigma+,43,25,-43676.014849,8.349909e-03,3,3,2.5,f,+2.5,+1,2,2,2.5,e,+2.5,+1
sigma+,sigma+,53,20,-43670.257849,5.042620e-02,3,3,3.5,f,-2.5,+1,2,2,2.5,e,-2.5,+1
sigma+,sigma+,54,21,-43670.245554,3.036632e-02,3,3,3.5,f,-1.5,+1,2,2,2.5,e,-1.5,+1
sigma+,sigma+,55,22,-43670.233243,4.094139e-03,3,3,3.5,f,-0.5,+1,2,2,2.5,e,-0.5,+1
sigma+,sigma+,56,23,-43670.220915,3.987129e-03,3,3,3.5,f,+0.5,+1,2,2,2.5,e,+0.5,+1
sigma+,sigma+,57,24,-43670.208572,3.024001e-02,3,3,3.5,f,+1.5,+1,2,2,2.5,e,+1.5,+1
sigma+,sigma+,58,25,-43670.196213,5.058234e-02,3,3,3.5,f,+2.5,+1,2,2,2.5,e,+2.5,+1
sigma+,sigma+,39,12,-43667.728010,4.838083e-02,3,3,2.5,f,-1.5,+1,2,2,1.5,e,-1.5,+1
sigma+,sigma+,40,13,-43667.705030,8.001427e-03,3,3,2.5,f,-0.5,+1,2,2,1.5,e,-0.5,+1
sigma+,sigma+,41,14,-43667.682067,8.152926e-03,3,3,2.5,f,+0.5,+1,2,2,1.5,e,+0.5,+1
sigma+,sigma+,42,15,-43667.659119,4.854390e-02,3,3,2.5,f,+1.5,+1,2,2,1.5,e,+1.5,+1
sigma+,sigma+,54,12,-43661.945203,3.385191e-03,3,3,3.5,f,-1.5,+1,2,2,1.5,e,-1.5,+1
sigma+,sigma+,55,13,-43661.913245,6.075273e-03,3,3,3.5,f,-0.5,+1,2,2,1.5,e,-0.5,+1
sigma+,sigma+,56,14,-43661.881317,6.057282e-03,3,3,3.5,f,+0.5,+1,2,2,1.5,e,+0.5,+1
sigma+,sigma+,57,15,-43661.849420,3.355207e-03,3,3,3.5,f,+1.5,+1,2,2,1.5,e,+1.5,+1
sigma+,sigma+,34,28,-43628.413355,5.589821e-05,3,3,2.5,e,-0.5,-1,2,2,2.5,f,-0.5,-1
sigma+,sigma+,35,29,-43628.413346,5.568152e-05,3,3,2.5,e,+0.5,-1,2,2,2.5,f,+0.5,-1
sigma+,sigma+,33,27,-43628.413335,3.507368e-06,3,3,2.5,e,-1.5,-1,2,2,2.5,f,-1.5,-1
sigma+,sigma+,36,30,-43628.413308,3.466741e-06,3,3,2.5,e,+1.5,-1,2,2,2.5,f,+1.5,-1
sigma+,sigma+,32,26,-43628.413285,8.802582e-05,3,3,2.5,e,-2.5,-1,2,2,2.5,f,-2.5,-1
sigma+,sigma+,37,31,-43628.413240,8.633267e-05,3,3,2.5,e,+2.5,-1,2,2,2.5,f,+2.5,-1
sigma+,sigma+,45,26,-43622.640699,5.131658e-04,3,3,3.5,e,-2.5,-1,2,2,2.5,f,-2.5,-1
sigma+,sigma+,46,27,-43622.631260,3.090387e-04,3,3,3.5,e,-1.5,-1,2,2,2.5,f,-1.5,-1
sigma+,sigma+,47,28,-43622.621807,4.166806e-05,3,3,3.5,e,-0.5,-1,2,2,2.5,f,-0.5,-1
sigma+,sigma+,48,29,-43622.612341,4.058032e-05,3,3,3.5,e,+0.5,-1,2,2,2.5,f,+0.5,-1
sigma+,sigma+,49,30,-43622.602861,3.077915e-04,3,3,3.5,e,+1.5,-1,2,2,2.5,f,+1.5,-1
sigma+,sigma+,50,31,-43622.593367,5.148632e-04,3,3,3.5,e,+2.5,-1,2,2,2.5,f,+2.5,-1
sigma+,sigma+,33,16,-43620.111955,4.938797e-04,3,3,2.5,e,-1.5,-1,2,2,1.5,f,-1.5,-1
sigma+,sigma+,34,17,-43620.093022,8.166638e-05,3,3,2.5,e,-0.5,-1,2,2,1.5,f,-0.5,-1
sigma+,sigma+,35,18,-43620.074103,8.325285e-05,3,3,2.5,e,+0.5,-1,2,2,1.5,f,+0.5,-1
sigma+,sigma+,36,19,-43620.055197,4.956201e-04,3,3,2.5,e,+1.5,-1,2,2,1.5,f,+1.5,-1
sigma+,sigma+,46,16,-43614.329880,3.465974e-05,3,3,3.5,e,-1.5,-1,2,2,1.5,f,-1.5,-1
sigma+,sigma+,47,17,-43614.301474,6.213658e-05,3,3,3.5,e,-0.5,-1,2,2,1.5,f,-0.5,-1
sigma+,sigma+,48,18,-43614.273097,6.188719e-05,3,3,3.5,e,+0.5,-1,2,2,1.5,f,+0.5,-1
sigma+,sigma+,49,19,-43614.244750,3.424406e-05,3,3,3.5,e,+1.5,-1,2,2,1.5,f,+1.5,-1
sigma+,sigma+,16,4,-29117.828141,1.665820e-02,2,2,1.5,f,-1.5,-1,1,1,1.5,e,-1.5,-1
sigma+,sigma+,17,5,-29117.809952,1.659694e-02,2,2,1.5,f,-0.5,-1,1,1,1.5,e,-0.5,-1
sigma+,sigma+,18,6,-29117.791551,1.641731e-02,2,2,1.5,f,+0.5,-1,1,1,1.5,e,+0.5,-1
sigma+,sigma+,19,7,-29117.772943,1.635810e-02,2,2,1.5,f,+1.5,-1,1,1,1.5,e,+1.5,-1
sigma+,sigma+,27,4,-29109.526761,6.583845e-02,2,2,2.5,f,-1.5,-1,1,1,1.5,e,-1.5,-1
sigma+,sigma+,28,5,-29109.489618,1.118426e-02,2,2,2.5,f,-0.5,-1,1,1,1.5,e,-0.5,-1
sigma+,sigma+,29,6,-29109.452308,1.081470e-02,2,2,2.5,f,+0.5,-1,1,1,1.5,e,+0.5,-1
sigma+,sigma+,30,7,-29109.414833,6.613835e-02,2,2,2.5,f,+1.5,-1,1,1,1.5,e,+1.5,-1
sigma+,sigma+,17,0,-29102.799546,3.267267e-02,2,2,1.5,f,-0.5,-1,1,1,0.5,e,-0.5,-1
sigma+,sigma+,18,1,-29102.706004,3.330210e-02,2,2,1.5,f,+0.5,-1,1,1,0.5,e,+0.5,-1
sigma+,sigma+,12,8,-29096.663315,1.677784e-04,2,2,1.5,e,-1.5,+1,1,1,1.5,f,-1.5,+1
sigma+,sigma+,13,9,-29096.648343,1.670233e-04,2,2,1.5,e,-0.5,+1,1,1,1.5,f,-0.5,+1
sigma+,sigma+,14,10,-29096.633165,1.653469e-04,2,2,1.5,e,+0.5,+1,1,1,1.5,f,+0.5,+1
sigma+,sigma+,15,11,-29096.617783,1.646149e-04,2,2,1.5,e,+1.5,+1,1,1,1.5,f,+1.5,+1
sigma+,sigma+,28,0,-29094.479212,2.203265e-02,2,2,2.5,f,-0.5,-1,1,1,0.5,e,-0.5,-1
sigma+,sigma+,29,1,-29094.366760,2.195220e-02,2,2,2.5,f,+0.5,-1,1,1,0.5,e,+0.5,-1
sigma+,sigma+,21,8,-29088.362964,6.746746e-04,2,2,2.5,e,-1.5,+1,1,1,1.5,f,-1.5,+1
sigma+,sigma+,22,9,-29088.328346,1.146411e-04,2,2,2.5,e,-0.5,+1,1,1,1.5,f,-0.5,+1
sigma+,sigma+,23,10,-29088.293567,1.108035e-04,2,2,2.5,e,+0.5,+1,1,1,1.5,f,+0.5,+1
sigma+,sigma+,24,11,-29088.258631,6.778160e-04,2,2,2.5,e,+1.5,+1,1,1,1.5,f,+1.5,+1
sigma+,sigma+,13,2,-29081.637372,3.357147e-04,2,2,1.5,e,-0.5,+1,1,1,0.5,f,-0.5,+1
sigma+,sigma+,14,3,-29081.548203,3.421328e-04,2,2,1.5,e,+0.5,+1,1,1,0.5,f,+0.5,+1
sigma+,sigma+,22,2,-29073.317374,2.238884e-04,2,2,2.5,e,-0.5,+1,1,1,0.5,f,-0.5,+1
sigma+,sigma+,23,3,-29073.208605,2.229617e-04,2,2,2.5,e,+0.5,+1,1,1,0.5,f,+0.5,+1
sigma+,sigma+,1,6,-15.085548,6.977449e-03,1,1,0.5,e,+0.5,-1,1,1,1.5,e,+0.5,-1
sigma+,sigma+,3,10,-15.084962,3.946488e-02,1,1,0.5,f,+0.5,+1,1,1,1.5,f,+0.5,+1
sigma+,sigma+,2,9,-15.010972,3.985487e-02,1,1,0.5,f,-0.5,+1,1,1,1.5,f,-0.5,+1
sigma+,sigma+,0,5,-15.010406,7.047096e-03,1,1,0.5,e,-0.5,-1,1,1,1.5,e,-0.5,-1
sigma+,sigma+,15,24,-8.359152,1.447708e-02,2,2,1.5,e,+1.5,+1,2,2,2.5,e,+1.5,+1
sigma+,sigma+,19,30,-8.358110,2.563391e-03,2,2,1.5,f,+1.5,-1,2,2,2.5,f,+1.5,-1
sigma+,sigma+,14,23,-8.339598,2.424212e-03,2,2,1.5,e,+0.5,+1,2,2,2.5,e,+0.5,+1
sigma+,sigma+,18,29,-8.339243,4.291951e-04,2,2,1.5,f,+0.5,-1,2,2,2.5,f,+0.5,-1
sigma+,sigma+,17,28,-8.320333,4.311028e-04,2,2,1.5,f,-0.5,-1,2,2,2.5,f,-0.5,-1
sigma+,sigma+,13,22,-8.319998,2.435591e-03,2,2,1.5,e,-0.5,+1,2,2,2.5,e,-0.5,+1
sigma+,sigma+,16,27,-8.301380,2.598611e-03,2,2,1.5,f,-1.5,-1,2,2,2.5,f,-1.5,-1
sigma+,sigma+,12,21,-8.300351,1.468303e-02,2,2,1.5,e,-1.5,+1,2,2,2.5,e,-1.5,+1
sigma+,sigma+,37,50,-5.819874,8.778006e-03,3,3,2.5,e,+2.5,-1,3,3,3.5,e,+2.5,-1
sigma+,sigma+,43,58,-5.818636,5.096887e-04,3,3,2.5,f,+2.5,+1,3,3,3.5,f,+2.5,+1
sigma+,sigma+,36,49,-5.810447,5.283938e-03,3,3,2.5,e,+1.5,-1,3,3,3.5,e,+1.5,-1
sigma+,sigma+,42,57,-5.809699,3.067611e-04,3,3,2.5,f,+1.5,+1,3,3,3.5,f,+1.5,+1
sigma+,sigma+,35,48,-5.801005,7.068312e-04,3,3,2.5,e,+0.5,-1,3,3,3.5,e,+0.5,-1
sigma+,sigma+,41,56,-5.800749,4.103056e-05,3,3,2.5,f,+0.5,+1,3,3,3.5,f,+0.5,+1
sigma+,sigma+,40,55,-5.791785,4.115081e-05,3,3,2.5,f,-0.5,+1,3,3,3.5,f,-0.5,+1
sigma+,sigma+,34,47,-5.791548,7.091191e-04,3,3,2.5,e,-0.5,-1,3,3,3.5,e,-0.5,-1
sigma+,sigma+,39,54,-5.782807,3.096110e-04,3,3,2.5,f,-1.5,+1,3,3,3.5,f,-1.5,+1
sigma+,sigma+,33,46,-5.782075,5.335916e-03,3,3,2.5,e,-1.5,-1,3,3,3.5,e,-1.5,-1
sigma+,sigma+,38,53,-5.773815,5.176376e-04,3,3,2.5,f,-2.5,+1,3,3,3.5,f,-2.5,+1
sigma+,sigma+,32,45,-5.772586,8.922506e-03,3,3,2.5,e,-2.5,-1,3,3,3.5,e,-2.5,-1
sigma+,sigma+,67,84,-4.456291,5.225865e-03,4,4,3.5,e,+3.5,+1,4,4,4.5,e,+3.5,+1
sigma+,sigma+,75,94,-4.454944,1.715164e-04,4,4,3.5,f,+3.5,-1,4,4,4.5,f,+3.5,-1
sigma+,sigma+,66,83,-4.450372,4.678384e-03,4,4,3.5,e,+2.5,+1,4,4,4.5,e,+2.5,+1
sigma+,sigma+,74,93,-4.449406,1.535224e-04,4,4,3.5,f,+2.5,-1,4,4,4.5,f,+2.5,-1
sigma+,sigma+,65,82,-4.444445,2.171212e-03,4,4,3.5,e,+1.5,+1,4,4,4.5,e,+1.5,+1
sigma+,sigma+,73,92,-4.443861,7.123761e-05,4,4,3.5,f,+1.5,-1,4,4,4.5,f,+1.5,-1
sigma+,sigma+,64,81,-4.438511,2.687721e-04,4,4,3.5,e,+0.5,+1,4,4,4.5,e,+0.5,+1
sigma+,sigma+,72,91,-4.438309,8.817429e-06,4,4,3.5,f,+0.5,-1,4,4,4.5,f,+0.5,-1
sigma+,sigma+,71,90,-4.432750,8.837719e-06,4,4,3.5,f,-0.5,-1,4,4,4.5,f,-0.5,-1
sigma+,sigma+,63,80,-4.432568,2.694837e-04,4,4,3.5,e,-0.5,+1,4,4,4.5,e,-0.5,+1
sigma+,sigma+,70,89,-4.427184,7.177089e-05,4,4,3.5,f,-1.5,-1,4,4,4.5,f,-1.5,-1
sigma+,sigma+,62,79,-4.426618,2.188722e-03,4,4,3.5,e,-1.5,+1,4,4,4.5,e,-1.5,+1
sigma+,sigma+,69,88,-4.421612,1.554543e-04,4,4,3.5,f,-2.5,-1,4,4,4.5,f,-2.5,-1
sigma+,sigma+,61,78,-4.420660,4.741498e-03,4,4,3.5,e,-2.5,+1,4,4,4.5,e,-2.5,+1
sigma+,sigma+,68,87,-4.416032,1.745507e-04,4,4,3.5,f,-3.5,-1,4,4,4.5,f,-3.5,-1
sigma+,sigma+,60,77,-4.414693,5.324859e-03,4,4,3.5,e,-3.5,+1,4,4,4.5,e,-3.5,+1
sigma+,sigma+,105,126,-3.596761,3.279166e-03,5,5,4.5,e,+4.5,-1,5,5,5.5,e,+4.5,-1
sigma+,sigma+,115,138,-3.595345,7.714183e-05,5,5,4.5,f,+4.5,+1,5,5,5.5,f,+4.5,+1
sigma+,sigma+,104,125,-3.592498,3.579134e-03,5,5,4.5,e,+3.5,-1,5,5,5.5,e,+3.5,-1
sigma+,sigma+,114,137,-3.591393,8.418415e-05,5,5,4.5,f,+3.5,+1,5,5,5.5,f,+3.5,+1
sigma+,sigma+,103,124,-3.588229,2.440587e-03,5,5,4.5,e,+2.5,-1,5,5,5.5,e,+2.5,-1
sigma+,sigma+,113,136,-3.587436,5.739489e-05,5,5,4.5,f,+2.5,+1,5,5,5.5,f,+2.5,+1
sigma+,sigma+,102,123,-3.583955,1.027496e-03,5,5,4.5,e,+1.5,-1,5,5,5.5,e,+1.5,-1
sigma+,sigma+,112,135,-3.583475,2.415955e-05,5,5,4.5,f,+1.5,+1,5,5,5.5,f,+1.5,+1
sigma+,sigma+,101,122,-3.579677,1.226153e-04,5,5,4.5,e,+0.5,-1,5,5,5.5,e,+0.5,-1
sigma+,sigma+,111,134,-3.579509,2.882739e-06,5,5,4.5,f,+0.5,+1,5,5,5.5,f,+0.5,+1
sigma+,sigma+,110,133,-3.575539,2.888460e-06,5,5,4.5,f,-0.5,+1,5,5,5.5,f,-0.5,+1
sigma+,sigma+,100,121,-3.575393,1.229047e-04,5,5,4.5,e,-0.5,-1,5,5,5.5,e,-0.5,-1
sigma+,sigma+,109,132,-3.571565,2.431900e-05,5,5,4.5,f,-1.5,+1,5,5,5.5,f,-1.5,+1
sigma+,sigma+,99,120,-3.571104,1.034895e-03,5,5,4.5,e,-1.5,-1,5,5,5.5,e,-1.5,-1
sigma+,sigma+,108,131,-3.567586,5.803250e-05,5,5,4.5,f,-2.5,+1,5,5,5.5,f,-2.5,+1
sigma+,sigma+,98,119,-3.566810,2.469982e-03,5,5,4.5,e,-2.5,-1,5,5,5.5,e,-2.5,-1
sigma+,sigma+,107,130,-3.563603,8.549913e-05,5,5,4.5,f,-3.5,+1,5,5,5.5,f,-3.5,+1
sigma+,sigma+,97,118,-3.562511,3.639652e-03,5,5,4.5,e,-3.5,-1,5,5,5.5,e,-3.5,-1
sigma+,sigma+,106,129,-3.559615,7.869590e-05,5,5,4.5,f,-4.5,+1,5,5,5.5,f,-4.5,+1
sigma+,sigma+,96,117,-3.558206,3.350635e-03,5,5,4.5,e,-4.5,-1,5,5,5.5,e,-4.5,-1
sigma+,sigma+,0,0,0.000000,3.533155e-07,1,1,0.5,e,-0.5,-1,1,1,0.5,e,-0.5,-1
sigma+,sigma+,1,1,0.000000,3.480865e-07,1,1,0.5,e,+0.5,-1,1,1,0.5,e,+0.5,-1
sigma+,sigma+,2,2,0.000000,1.930740e-06,1,1,0.5,f,-0.5,+1,1,1,0.5,f,-0.5,+1
sigma+,sigma+,3,3,0.000000,1.902470e-06,1,1,0.5,f,+0.5,+1,1,1,0.5,f,+0.5,+1
sigma+,sigma+,4,4,0.000000,3.492447e-03,1,1,1.5,e,-1.5,-1,1,1,1.5,e,-1.5,-1
sigma+,sigma+,5,5,0.000000,3.422884e-03,1,1,1.5,e,-0.5,-1,1,1,1.5,e,-0.5,-1
sigma+,sigma+,6,6,0.000000,3.562528e-03,1,1,1.5,e,+0.5,-1,1,1,1.5,e,+0.5,-1
sigma+,sigma+,7,7,0.000000,3.492789e-03,1,1,1.5,e,+1.5,-1,1,1,1.5,e,+1.5,-1
sigma+,sigma+,8,8,0.000000,1.983385e-02,1,1,1.5,f,-1.5,+1,1,1,1.5,f,-1.5,+1
sigma+,sigma+,9,9,0.000000,1.944432e-02,1,1,1.5,f,-0.5,+1,1,1,1.5,f,-0.5,+1
sigma+,sigma+,10,10,0.000000,2.022426e-02,1,1,1.5,f,+0.5,+1,1,1,1.5,f,+0.5,+1
sigma+,sigma+,11,11,0.000000,1.983377e-02,1,1,1.5,f,+1.5,+1,1,1,1.5,f,+1.5,+1
sigma+,sigma+,12,12,0.000000,1.967285e-02,2,2,1.5,e,-1.5,+1,2,2,1.5,e,-1.5,+1
sigma+,sigma+,13,13,0.000000,1.991423e-02,2,2,1.5,e,-0.5,+1,2,2,1.5,e,-0.5,+1
sigma+,sigma+,14,14,0.000000,1.975384e-02,2,2,1.5,e,+0.5,+1,2,2,1.5,e,+0.5,+1
sigma+,sigma+,15,15,0.000000,1.999372e-02,2,2,1.5,e,+1.5,+1,2,2,1.5,e,+1.5,+1
sigma+,sigma+,16,16,0.000000,3.465193e-03,2,2,1.5,f,-1.5,-1,2,2,1.5,f,-1.5,-1
sigma+,sigma+,17,17,0.000000,3.506409e-03,2,2,1.5,f,-0.5,-1,2,2,1.5,f,-0.5,-1
sigma+,sigma+,18,18,0.000000,3.478900e-03,2,2,1.5,f,+0.5,-1,2,2,1.5,f,+0.5,-1
sigma+,sigma+,19,19,0.000000,3.519870e-03,2,2,1.5,f,+1.5,-1,2,2,1.5,f,+1.5,-1
sigma+,sigma+,20,20,0.000000,4.045640e-02,2,2,2.5,e,-2.5,+1,2,2,2.5,e,-2.5,+1
sigma+,sigma+,21,21,0.000000,1.572620e-03,2,2,2.5,e,-1.5,+1,2,2,2.5,e,-1.5,+1
sigma+,sigma+,22,22,0.000000,2.580072e-02,2,2,2.5,e,-0.5,+1,2,2,2.5,e,-0.5,+1
sigma+,sigma+,23,23,0.000000,2.598369e-02,2,2,2.5,e,+0.5,+1,2,2,2.5,e,+0.5,+1
sigma+,sigma+,24,24,0.000000,1.664077e-03,2,2,2.5,e,+1.5,+1,2,2,2.5,e,+1.5,+1
sigma+,sigma+,25,25,0.000000,4.045700e-02,2,2,2.5,e,+2.5,+1,2,2,2.5,e,+2.5,+1
sigma+,sigma+,26,26,0.000000,7.145632e-03,2,2,2.5,f,-2.5,-1,2,2,2.5,f,-2.5,-1
sigma+,sigma+,27,27,0.000000,2.780720e-04,2,2,2.5,f,-1.5,-1,2,2,2.5,f,-1.5,-1
sigma+,sigma+,28,28,0.000000,4.557665e-03,2,2,2.5,f,-0.5,-1,2,2,2.5,f,-0.5,-1
sigma+,sigma+,29,29,0.000000,4.588735e-03,2,2,2.5,f,+0.5,-1,2,2,2.5,f,+0.5,-1
sigma+,sigma+,30,30,0.000000,2.936052e-04,2,2,2.5,f,+1.5,-1,2,2,2.5,f,+1.5,-1
sigma+,sigma+,31,31,0.000000,7.145658e-03,2,2,2.5,f,+2.5,-1,2,2,2.5,f,+2.5,-1
sigma+,sigma+,32,32,0.000000,5.287965e-02,3,3,2.5,e,-2.5,-1,3,3,2.5,e,-2.5,-1
sigma+,sigma+,33,33,0.000000,2.157159e-03,3,3,2.5,e,-1.5,-1,3,3,2.5,e,-1.5,-1
sigma+,sigma+,34,34,0.000000,3.401031e-02,3,3,2.5,e,-0.5,-1,3,3,2.5,e,-0.5,-1
sigma+,sigma+,35,35,0.000000,3.389919e-02,3,3,2.5,e,+0.5,-1,3,3,2.5,e,+0.5,-1
sigma+,sigma+,36,36,0.000000,2.087712e-03,3,3,2.5,e,+1.5,-1,3,3,2.5,e,+1.5,-1
sigma+,sigma+,37,37,0.000000,5.322682e-02,3,3,2.5,e,+2.5,-1,3,3,2.5,e,+2.5,-1
sigma+,sigma+,38,38,0.000000,3.052440e-03,3,3,2.5,f,-2.5,+1,3,3,2.5,f,-2.5,+1
sigma+,sigma+,39,39,0.000000,1.244153e-04,3,3,2.5,f,-1.5,+1,3,3,2.5,f,-1.5,+1
sigma+,sigma+,40,40,0.000000,1.962777e-03,3,3,2.5,f,-0.5,+1,3,3,2.5,f,-0.5,+1
sigma+,sigma+,41,41,0.000000,1.956622e-03,3,3,2.5,f,+0.5,+1,3,3,2.5,f,+0.5,+1
sigma+,sigma+,42,42,0.000000,1.205748e-04,3,3,2.5,f,+1.5,+1,3,3,2.5,f,+1.5,+1
sigma+,sigma+,43,43,0.000000,3.071510e-03,3,3,2.5,f,+2.5,+1,3,3,2.5,f,+2.5,+1
sigma+,sigma+,44,44,0.000000,7.220244e-02,3,3,3.5,e,-3.5,-1,3,3,3.5,e,-3.5,-1
sigma+,sigma+,45,45,0.000000,1.502696e-03,3,3,3.5,e,-2.5,-1,3,3,3.5,e,-2.5,-1
sigma+,sigma+,46,46,0.000000,1.317496e-02,3,3,3.5,e,-1.5,-1,3,3,3.5,e,-1.5,-1
sigma+,sigma+,47,47,0.000000,3.678032e-02,3,3,3.5,e,-0.5,-1,3,3,3.5,e,-0.5,-1
sigma+,sigma+,48,48,0.000000,3.689578e-02,3,3,3.5,e,+0.5,-1,3,3,3.5,e,+0.5,-1
sigma+,sigma+,49,49,0.000000,1.334812e-02,3,3,3.5,e,+1.5,-1,3,3,3.5,e,+1.5,-1
sigma+,sigma+,50,50,0.000000,1.444988e-03,3,3,3.5,e,+2.5,-1,3,3,3.5,e,+2.5,-1
sigma+,sigma+,51,51,0.000000,7.220290e-02,3,3,3.5,e,+3.5,-1,3,3,3.5,e,+3.5,-1
sigma+,sigma+,52,52,0.000000,4.173017e-03,3,3,3.5,f,-3.5,+1,3,3,3.5,f,-3.5,+1
sigma+,sigma+,53,53,0.000000,8.675260e-05,3,3,3.5,f,-2.5,+1,3,3,3.5,f,-2.5,+1
sigma+,sigma+,54,54,0.000000,7.617478e-04,3,3,3.5,f,-1.5,+1,3,3,3.5,f,-1.5,+1
sigma+,sigma+,55,55,0.000000,2.125950e-03,3,3,3.5,f,-0.5,+1,3,3,3.5,f,-0.5,+1
sigma+,sigma+,56,56,0.000000,2.132241e-03,3,3,3.5,f,+0.5,+1,3,3,3.5,f,+0.5,+1
sigma+,sigma+,57,57,0.000000,7.711838e-04,3,3,3.5,f,+1.5,+1,3,3,3.5,f,+1.5,+1
sigma+,sigma+,58,58,0.000000,8.360814e-05,3,3,3.5,f,+2.5,+1,3,3,3.5,f,+2.5,+1
sigma+,sigma+,59,59,0.000000,4.173045e-03,3,3,3.5,f,+3.5,+1,3,3,3.5,f,+3.5,+1
sigma+,sigma+,60,60,0.000000,7.955431e-02,4,4,3.5,e,-3.5,+1,4,4,3.5,e,-3.5,+1
sigma+,sigma+,61,61,0.000000,1.598925e-03,4,4,3.5,e,-2.5,+1,4,4,3.5,e,-2.5,+1
sigma+,sigma+,62,62,0.000000,1.470543e-02,4,4,3.5,e,-1.5,+1,4,4,3.5,e,-1.5,+1
sigma+,sigma+,63,63,0.000000,4.070868e-02,4,4,3.5,e,-0.5,+1,4,4,3.5,e,-0.5,+1
sigma+,sigma+,64,64,0.000000,4.062921e-02,4,4,3.5,e,+0.5,+1,4,4,3.5,e,+0.5,+1
sigma+,sigma+,65,65,0.000000,1.457670e-02,4,4,3.5,e,+1.5,+1,4,4,3.5,e,+1.5,+1
sigma+,sigma+,66,66,0.000000,1.654545e-03,4,4,3.5,e,+2.5,+1,4,4,3.5,e,+2.5,+1
sigma+,sigma+,67,67,0.000000,7.986572e-02,4,4,3.5,e,+3.5,+1,4,4,3.5,e,+3.5,+1
sigma+,sigma+,68,68,0.000000,2.593458e-03,4,4,3.5,f,-3.5,-1,4,4,3.5,f,-3.5,-1
sigma+,sigma+,69,69,0.000000,5.216735e-05,4,4,3.5,f,-2.5,-1,4,4,3.5,f,-2.5,-1
sigma+,sigma+,70,70,0.000000,4.792280e-04,4,4,3.5,f,-1.5,-1,4,4,3.5,f,-1.5,-1
sigma+,sigma+,71,71,0.000000,1.326873e-03,4,4,3.5,f,-0.5,-1,4,4,3.5,f,-0.5,-1
sigma+,sigma+,72,72,0.000000,1.324415e-03,4,4,3.5,f,+0.5,-1,4,4,3.5,f,+0.5,-1
sigma+,sigma+,73,73,0.000000,4.752497e-04,4,4,3.5,f,+1.5,-1,4,4,3.5,f,+1.5,-1
sigma+,sigma+,74,74,0.000000,5.388300e-05,4,4,3.5,f,+2.5,-1,4,4,3.5,f,+2.5,-1
sigma+,sigma+,75,75,0.000000,2.603003e-03,4,4,3.5,f,+3.5,-1,4,4,3.5,f,+3.5,-1
sigma+,sigma+,76,76,0.000000,9.485709e-02,4,4,4.5,e,-4.5,+1,4,4,4.5,e,-4.5,+1
sigma+,sigma+,77,77,0.000000,1.059663e-02,4,4,4.5,e,-3.5,+1,4,4,4.5,e,-3.5,+1
sigma+,sigma+,78,78,0.000000,2.599565e-03,4,4,4.5,e,-2.5,+1,4,4,4.5,e,-2.5,+1
sigma+,sigma+,79,79,0.000000,2.363244e-02,4,4,4.5,e,-1.5,+1,4,4,4.5,e,-1.5,+1
sigma+,sigma+,80,80,0.000000,4.211840e-02,4,4,4.5,e,-0.5,+1,4,4,4.5,e,-0.5,+1
sigma+,sigma+,81,81,0.000000,4.219910e-02,4,4,4.5,e,+0.5,+1,4,4,4.5,e,+0.5,+1
sigma+,sigma+,82,82,0.000000,2.379584e-02,4,4,4.5,e,+1.5,+1,4,4,4.5,e,+1.5,+1
sigma+,sigma+,83,83,0.000000,2.670163e-03,4,4,4.5,e,+2.5,+1,4,4,4.5,e,+2.5,+1
sigma+,sigma+,84,84,0.000000,1.048370e-02,4,4,4.5,e,+3.5,+1,4,4,4.5,e,+3.5,+1
sigma+,sigma+,85,85,0.000000,9.485743e-02,4,4,4.5,e,+4.5,+1,4,4,4.5,e,+4.5,+1
sigma+,sigma+,86,86,0.000000,3.094375e-03,4,4,4.5,f,-4.5,-1,4,4,4.5,f,-4.5,-1
sigma+,sigma+,87,87,0.000000,3.455457e-04,4,4,4.5,f,-3.5,-1,4,4,4.5,f,-3.5,-1
sigma+,sigma+,88,88,0.000000,8.488307e-05,4,4,4.5,f,-2.5,-1,4,4,4.5,f,-2.5,-1
sigma+,sigma+,89,89,0.000000,7.711139e-04,4,4,4.5,f,-1.5,-1,4,4,4.5,f,-1.5,-1
sigma+,sigma+,90,90,0.000000,1.374058e-03,4,4,4.5,f,-0.5,-1,4,4,4.5,f,-0.5,-1
sigma+,sigma+,91,91,0.000000,1.376506e-03,4,4,4.5,f,+0.5,-1,4,4,4.5,f,+0.5,-1
sigma+,sigma+,92,92,0.000000,7.760693e-04,4,4,4.5,f,+1.5,-1,4,4,4.5,f,+1.5,-1
sigma+,sigma+,93,93,0.000000,8.702379e-05,4,4,4.5,f,+2.5,-1,4,4,4.5,f,+2.5,-1
sigma+,sigma+,94,94,0.000000,3.421228e-04,4,4,4.5,f,+3.5,-1,4,4,4.5,f,+3.5,-1
sigma+,sigma+,95,95,0.000000,3.094398e-03,4,4,4.5,f,+4.5,-1,4,4,4.5,f,+4.5,-1
sigma+,sigma+,96,96,0.000000,9.935195e-02,5,5,4.5,e,-4.5,-1,5,5,4.5,e,-4.5,-1
sigma+,sigma+,97,97,0.000000,1.098992e-02,5,5,4.5,e,-3.5,-1,5,5,4.5,e,-3.5,-1
sigma+,sigma+,98,98,0.000000,2.794478e-03,5,5,4.5,e,-2.5,-1,5,5,4.5,e,-2.5,-1
sigma+,sigma+,99,99,0.000000,2.493722e-02,5,5,4.5,e,-1.5,-1,5,5,4.5,e,-1.5,-1
sigma+,sigma+,100,100,0.000000,4.424878e-02,5,5,4.5,e,-0.5,-1,5,5,4.5,e,-0.5,-1
sigma+,sigma+,101,101,0.000000,4.418753e-02,5,5,4.5,e,+0.5,-1,5,5,4.5,e,+0.5,-1
sigma+,sigma+,102,102,0.000000,2.480860e-02,5,5,4.5,e,+1.5,-1,5,5,4.5,e,+1.5,-1
sigma+,sigma+,103,103,0.000000,2.733231e-03,5,5,4.5,e,+2.5,-1,5,5,4.5,e,+2.5,-1
sigma+,sigma+,104,104,0.000000,1.111852e-02,5,5,4.5,e,+3.5,-1,5,5,4.5,e,+3.5,-1
sigma+,sigma+,105,105,0.000000,9.962746e-02,5,5,4.5,e,+4.5,-1,5,5,4.5,e,+4.5,-1
sigma+,sigma+,106,106,0.000000,2.319708e-03,5,5,4.5,f,-4.5,+1,5,5,4.5,f,-4.5,+1
sigma+,sigma+,107,107,0.000000,2.566671e-04,5,5,4.5,f,-3.5,+1,5,5,4.5,f,-3.5,+1
sigma+,sigma+,108,108,0.000000,6.519625e-05,5,5,4.5,f,-2.5,+1,5,5,4.5,f,-2.5,+1
sigma+,sigma+,109,109,0.000000,5.820976e-04,5,5,4.5,f,-1.5,+1,5,5,4.5,f,-1.5,+1
sigma+,sigma+,110,110,0.000000,1.032996e-03,5,5,4.5,f,-0.5,+1,5,5,4.5,f,-0.5,+1
sigma+,sigma+,111,111,0.000000,1.031652e-03,5,5,4.5,f,+0.5,+1,5,5,4.5,f,+0.5,+1
sigma+,sigma+,112,112,0.000000,5.792750e-04,5,5,4.5,f,+1.5,+1,5,5,4.5,f,+1.5,+1
sigma+,sigma+,113,113,0.000000,6.385320e-05,5,5,4.5,f,+2.5,+1,5,5,4.5,f,+2.5,+1
sigma+,sigma+,114,114,0.000000,2.594823e-04,5,5,4.5,f,+3.5,+1,5,5,4.5,f,+3.5,+1
sigma+,sigma+,115,115,0.000000,2.325705e-03,5,5,4.5,f,+4.5,+1,5,5,4.5,f,+4.5,+1
sigma+,sigma+,116,116,0.000000,1.112982e-01,5,5,5.5,e,-5.5,-1,5,5,5.5,e,-5.5,-1
sigma+,sigma+,117,117,0.000000,2.306216e-02,5,5,5.5,e,-4.5,-1,5,5,5.5,e,-4.5,-1
sigma+,sigma+,118,118,0.000000,4.061043e-05,5,5,5.5,e,-3.5,-1,5,5,5.5,e,-3.5,-1
sigma+,sigma+,119,119,0.000000,1.057303e-02,5,5,5.5,e,-2.5,-1,5,5,5.5,e,-2.5,-1
sigma+,sigma+,120,120,0.000000,3.087108e-02,5,5,5.5,e,-1.5,-1,5,5,5.5,e,-1.5,-1
sigma+,sigma+,121,121,0.000000,4.504036e-02,5,5,5.5,e,-0.5,-1,5,5,5.5,e,-0.5,-1
sigma+,sigma+,122,122,0.000000,4.510203e-02,5,5,5.5,e,+0.5,-1,5,5,5.5,e,+0.5,-1
sigma+,sigma+,123,123,0.000000,3.101416e-02,5,5,5.5,e,+1.5,-1,5,5,5.5,e,+1.5,-1
sigma+,sigma+,124,124,0.000000,1.069285e-02,5,5,5.5,e,+2.5,-1,5,5,5.5,e,+2.5,-1
sigma+,sigma+,125,125,0.000000,3.320789e-05,5,5,5.5,e,+3.5,-1,5,5,5.5,e,+3.5,-1
sigma+,sigma+,126,126,0.000000,2.293005e-02,5,5,5.5,e,+4.5,-1,5,5,5.5,e,+4.5,-1
sigma+,sigma+,127,127,0.000000,1.112984e-01,5,5,5.5,e,+5.5,-1,5,5,5.5,e,+5.5,-1
sigma+,sigma+,128,128,0.000000,2.599625e-03,5,5,5.5,f,-5.5,+1,5,5,5.5,f,-5.5,+1
sigma+,sigma+,129,129,0.000000,5.385454e-04,5,5,5.5,f,-4.5,+1,5,5,5.5,f,-4.5,+1
sigma+,sigma+,130,130,0.000000,9.412749e-07,5,5,5.5,f,-3.5,+1,5,5,5.5,f,-3.5,+1
sigma+,sigma+,131,131,0.000000,2.470694e-04,5,5,5.5,f,-2.5,+1,5,5,5.5,f,-2.5,+1
sigma+,sigma+,132,132,0.000000,7.211992e-04,5,5,5.5,f,-1.5,+1,5,5,5.5,f,-1.5,+1
sigma+,sigma+,133,133,0.000000,1.052080e-03,5,5,5.5,f,-0.5,+1,5,5,5.5,f,-0.5,+1
sigma+,sigma+,134,134,0.000000,1.053407e-03,5,5,5.5,f,+0.5,+1,5,5,5.5,f,+0.5,+1
sigma+,sigma+,135,135,0.000000,7.242768e-04,5,5,5.5,f,+1.5,+1,5,5,5.5,f,+1.5,+1
sigma+,sigma+,136,136,0.000000,2.496464e-04,5,5,5.5,f,+2.5,+1,5,5,5.5,f,+2.5,+1
sigma+,sigma+,137,137,0.000000,7.821109e-07,5,5,5.5,f,+3.5,+1,5,5,5.5,f,+3.5,+1
sigma+,sigma+,138,138,0.000000,5.357067e-04,5,5,5.5,f,+4.5,+1,5,5,5.5,f,+4.5,+1
sigma+,sigma+,139,139,0.000000,2.599642e-03,5,5,5.5,f,+5.5,+1,5,5,5.5,f,+5.5,+1
sigma+,sigma+,117,96,3.558206,3.350635e-03,5,5,5.5,e,-4.5,-1,5,5,4.5,e,-4.5,-1
sigma+,sigma+,129,106,3.559615,7.869590e-05,5,5,5.5,f,-4.5,+1,5,5,4.5,f,-4.5,+1
sigma+,sigma+,118,97,3.562511,3.639652e-03,5,5,5.5,e,-3.5,-1,5,5,4.5,e,-3.5,-1
sigma+,sigma+,130,107,3.563603,8.549913e-05,5,5,5.5,f,-3.5,+1,5,5,4.5,f,-3.5,+1
sigma+,sigma+,119,98,3.566810,2.469982e-03,5,5,5.5,e,-2.5,-1,5,5,4.5,e,-2.5,-1
sigma+,sigma+,131,108,3.567586,5.803250e-05,5,5,5.5,f,-2.5,+1,5,5,4.5,f,-2.5,+1
sigma+,sigma+,120,99,3.571104,1.034895e-03,5,5,5.5,e,-1.5,-1,5,5,4.5,e,-1.5,-1
sigma+,sigma+,132,109,3.571565,2.431900e-05,5,5,5.5,f,-1.5,+1,5,5,4.5,f,-1.5,+1
sigma+,sigma+,121,100,3.575393,1.229047e-04,5,5,5.5,e,-0.5,-1,5,5,4.5,e,-0.5,-1
sigma+,sigma+,133,110,3.575539,2.888460e-06,5,5,5.5,f,-0.5,+1,5,5,4.5,f,-0.5,+1
sigma+,sigma+,134,111,3.579509,2.882739e-06,5,5,5.5,f,+0.5,+1,5,5,4.5,f,+0.5,+1
sigma+,sigma+,122,101,3.579677,1.226153e-04,5,5,5.5,e,+0.5,-1,5,5,4.5,e,+0.5,-1
sigma+,sigma+,135,112,3.583475,2.415955e-05,5,5,5.5,f,+1.5,+1,5,5,4.5,f,+1.5,+1
sigma+,sigma+,123,102,3.583955,1.027496e-03,5,5,5.5,e,+1.5,-1,5,5,4.5,e,+1.5,-1
sigma+,sigma+,136,113,3.587436,5.739489e-05,5,5,5.5,f,+2.5,+1,5,5,4.5,f,+2.5,+1
sigma+,sigma+,124,103,3.588229,2.440587e-03,5,5,5.5,e,+2.5,-1,5,5,4.5,e,+2.5,-1
sigma+,sigma+,137,114,3.591393,8.418415e-05,5,5,5.5,f,+3.5,+1,5,5,4.5,f,+3.5,+1
sigma+,sigma+,125,104,3.592498,3.579134e-03,5,5,5.5,e,+3.5,-1,5,5,4.5,e,+3.5,-1
sigma+,sigma+,138,115,3.595345,7.714183e-05,5,5,5.5,f,+4.5,+1,5,5,4.5,f,+4.5,+1
sigma+,sigma+,126,105,3.596761,3.279166e-03,5,5,5.5,e,+4.5,-1,5,5,4.5,e,+4.5,-1
sigma+,sigma+,77,60,4.414693,5.324859e-03,4,4,4.5,e,-3.5,+1,4,4,3.5,e,-3.5,+1
sigma+,sigma+,87,68,4.416032,1.745507e-04,4,4,4.5,f,-3.5,-1,4,4,3.5,f,-3.5,-1
sigma+,sigma+,78,61,4.420660,4.741498e-03,4,4,4.5,e,-2.5,+1,4,4,3.5,e,-2.5,+1
sigma+,sigma+,88,69,4.421612,1.554543e-04,4,4,4.5,f,-2.5,-1,4,4,3.5,f,-2.5,-1
sigma+,sigma+,79,62,4.426618,2.188722e-03,4,4,4.5,e,-1.5,+1,4,4,3.5,e,-1.5,+1
sigma+,sigma+,89,70,4.427184,7.177089e-05,4,4,4.5,f,-1.5,-1,4,4,3.5,f,-1.5,-1
sigma+,sigma+,80,63,4.432568,2.694837e-04,4,4,4.5,e,-0.5,+1,4,4,3.5,e,-0.5,+1
sigma+,sigma+,90,71,4.432750,8.837719e-06,4,4,4.5,f,-0.5,-1,4,4,3.5,f,-0.5,-1
sigma+,sigma+,91,72,4.438309,8.817429e-06,4,4,4.5,f,+0.5,-1,4,4,3.5,f,+0.5,-1
sigma+,sigma+,81,64,4.438511,2.687721e-04,4,4,4.5,e,+0.5,+1,4,4,3.5,e,+0.5,+1
sigma+,sigma+,92,73,4.443861,7.123761e-05,4,4,4.5,f,+1.5,-1,4,4,3.5,f,+1.5,-1
sigma+,sigma+,82,65,4.444445,2.171212e-03,4,4,4.5,e,+1.5,+1,4,4,3.5,e,+1.5,+1
sigma+,sigma+,93,74,4.449406,1.535224e-04,4,4,4.5,f,+2.5,-1,4,4,3.5,f,+2.5,-1
sigma+,sigma+,83,66,4.450372,4.678384e-03,4,4,4.5,e,+2.5,+1,4,4,3.5,e,+2.5,+1
sigma+,sigma+,94,75,4.454944,1.715164e-04,4,4,4.5,f,+3.5,-1,4,4,3.5,f,+3.5,-1
sigma+,sigma+,84,67,4.456291,5.225865e-03,4,4,4.5,e,+3.5,+1,4,4,3.5,e,+3.5,+1
sigma+,sigma+,45,32,5.772586,8.922506e-03,3,3,3.5,e,-2.5,-1,3,3,2.5,e,-2.5,-1
sigma+,sigma+,53,38,5.773815,5.176376e-04,3,3,3.5,f,-2.5,+1,3,3,2.5,f,-2.5,+1
sigma+,sigma+,46,33,5.782075,5.335916e-03,3,3,3.5,e,-1.5,-1,3,3,2.5,e,-1.5,-1
sigma+,sigma+,54,39,5.782807,3.096110e-04,3,3,3.5,f,-1.5,+1,3,3,2.5,f,-1.5,+1
sigma+,sigma+,47,34,5.791548,7.091191e-04,3,3,3.5,e,-0.5,-1,3,3,2.5,e,-0.5,-1
sigma+,sigma+,55,40,5.791785,4.115081e-05,3,3,3.5,f,-0.5,+1,3,3,2.5,f,-0.5,+1
sigma+,sigma+,56,41,5.800749,4.103056e-05,3,3,3.5,f,+0.5,+1,3,3,2.5,f,+0.5,+1
sigma+,sigma+,48,35,5.801005,7.068312e-04,3,3,3.5,e,+0.5,-1,3,3,2.5,e,+0.5,-1
sigma+,sigma+,57,42,5.809699,3.067611e-04,3,3,3.5,f,+1.5,+1,3,3,2.5,f,+1.5,+1
sigma+,sigma+,49,36,5.810447,5.283938e-03,3,3,3.5,e,+1.5,-1,3,3,2.5,e,+1.5,-1
sigma+,sigma+,58,43,5.818636,5.096887e-04,3,3,3.5,f,+2.5,+1,3,3,2.5,f,+2.5,+1
sigma+,sigma+,50,37,5.819874,8.778006e-03,3,3,3.5,e,+2.5,-1,3,3,2.5,e,+2.5,-1
sigma+,sigma+,21,12,8.300351,1.468303e-02,2,2,2.5,e,-1.5,+1,2,2,1.5,e,-1.5,+1
sigma+,sigma+,27,16,8.301380,2.598611e-03,2,2,2.5,f,-1.5,-1,2,2,1.5,f,-1.5,-1
sigma+,sigma+,22,13,8.319998,2.435591e-03,2,2,2.5,e,-0.5,+1,2,2,1.5,e,-0.5,+1
sigma+,sigma+,28,17,8.320333,4.311028e-04,2,2,2.5,f,-0.5,-1,2,2,1.5,f,-0.5,-1
sigma+,sigma+,29,18,8.339243,4.291951e-04,2,2,2.5,f,+0.5,-1,2,2,1.5,f,+0.5,-1
sigma+,sigma+,23,14,8.339598,2.424212e-03,2,2,2.5,e,+0.5,+1,2,2,1.5,e,+0.5,+1
sigma+,sigma+,30,19,8.358110,2.563391e-03,2,2,2.5,f,+1.5,-1,2,2,1.5,f,+1.5,-1
sigma+,sigma+,24,15,8.359152,1.447708e-02,2,2,2.5,e,+1.5,+1,2,2,1.5,e,+1.5,+1
sigma+,sigma+,5,0,15.010406,7.047096e-03,1,1,1.5,e,-0.5,-1,1,1,0.5,e,-0.5,-1
sigma+,sigma+,9,2,15.010972,3.985487e-02,1,1,1.5,f,-0.5,+1,1,1,0.5,f,-0.5,+1
sigma+,sigma+,10,3,15.084962,3.946488e-02,1,1,1.5,f,+0.5,+1,1,1,0.5,f,+0.5,+1
sigma+,sigma+,6,1,15.085548,6.977449e-03,1,1,1.5,e,+0.5,-1,1,1,0.5,e,+0.5,-1
sigma+,sigma+,3,23,29073.208605,2.229617e-04,1,1,0.5,f,+0.5,+1,2,2,2.5,e,+0.5,+1
sigma+,sigma+,2,22,29073.317374,2.238884e-04,1,1,0.5,f,-0.5,+1,2,2,2.5,e,-0.5,+1
sigma+,sigma+,3,14,29081.548203,3.421328e-04,1,1,0.5,f,+0.5,+1,2,2,1.5,e,+0.5,+1
sigma+,sigma+,2,13,29081.637372,3.357147e-04,1,1,0.5,f,-0.5,+1,2,2,1.5,e,-0.5,+1
sigma+,sigma+,11,24,29088.258631,6.778160e-04,1,1,1.5,f,+1.5,+1,2,2,2.5,e,+1.5,+1
sigma+,sigma+,10,23,29088.293567,1.108035e-04,1,1,1.5,f,+0.5,+1,2,2,2.5,e,+0.5,+1
sigma+,sigma+,9,22,29088.328346,1.146411e-04,1,1,1.5,f,-0.5,+1,2,2,2.5,e,-0.5,+1
sigma+,sigma+,8,21,29088.362964,6.746746e-04,1,1,1.5,f,-1.5,+1,2,2,2.5,e,-1.5,+1
sigma+,sigma+,1,29,29094.366760,2.195220e-02,1,1,0.5,e,+0.5,-1,2,2,2.5,f,+0.5,-1
sigma+,sigma+,0,28,29094.479212,2.203265e-02,1,1,0.5,e,-0.5,-1,2,2,2.5,f,-0.5,-1
sigma+,sigma+,11,15,29096.617783,1.646149e-04,1,1,1.5,f,+1.5,+1,2,2,1.5,e,+1.5,+1
sigma+,sigma+,10,14,29096.633165,1.653469e-04,1,1,1.5,f,+0.5,+1,2,2,1.5,e,+0.5,+1
sigma+,sigma+,9,13,29096.648343,1.670233e-04,1,1,1.5,f,-0.5,+1,2,2,1.5,e,-0.5,+1
sigma+,sigma+,8,12,29096.663315,1.677784e-04,1,1,1.5,f,-1.5,+1,2,2,1.5,e,-1.5,+1
sigma+,sigma+,1,18,29102.706004,3.330210e-02,1,1,0.5,e,+0.5,-1,2,2,1.5,f,+0.5,-1
sigma+,sigma+,0,17,29102.799546,3.267267e-02,1,1,0.5,e,-0.5,-1,2,2,1.5,f,-0.5,-1
sigma+,sigma+,7,30,29109.414833,6.613835e-02,1,1,1.5,e,+1.5,-1,2,2,2.5,f,+1.5,-1
sigma+,sigma+,6,29,29109.452308,1.081470e-02,1,1,1.5,e,+0.5,-1,2,2,2.5,f,+0.5,-1
sigma+,sigma+,5,28,29109.489618,1.118426e-02,1,1,1.5,e,-0.5,-1,2,2,2.5,f,-0.5,-1
sigma+,sigma+,4,27,29109.526761,6.583845e-02,1,1,1.5,e,-1.5,-1,2,2,2.5,f,-1.5,-1
sigma+,sigma+,7,19,29117.772943,1.635810e-02,1,1,1.5,e,+1.5,-1,2,2,1.5,f,+1.5,-1
sigma+,sigma+,6,18,29117.791551,1.641731e-02,1,1,1.5,e,+0.5,-1,2,2,1.5,f,+0.5,-1
sigma+,sigma+,5,17,29117.809952,1.659694e-02,1,1,1.5,e,-0.5,-1,2,2,1.5,f,-0.5,-1
sigma+,sigma+,4,16,29117.828141,1.665820e-02,1,1,1.5,e,-1.5,-1,2,2,1.5,f,-1.5,-1
sigma+,sigma+,19,49,43614.244750,3.424406e-05,2,2,1.5,f,+1.5,-1,3,3,3.5,e,+1.5,-1
sigma+,sigma+,18,48,43614.273097,6.188719e-05,2,2,1.5,f,+0.5,-1,3,3,3.5,e,+0.5,-1
sigma+,sigma+,17,47,43614.301474,6.213658e-05,2,2,1.5,f,-0.5,-1,3,3,3.5,e,-0.5,-1
sigma+,sigma+,16,46,43614.329880,3.465974e-05,2,2,1.5,f,-1.5,-1,3,3,3.5,e,-1.5,-1
sigma+,sigma+,19,36,43620.055197,4.956201e-04,2,2,1.5,f,+1.5,-1,3,3,2.5,e,+1.5,-1
sigma+,sigma+,18,35,43620.074103,8.325285e-05,2,2,1.5,f,+0.5,-1,3,3,2.5,e,+0.5,-1
sigma+,sigma+,17,34,43620.093022,8.166638e-05,2,2,1.5,f,-0.5,-1,3,3,2.5,e,-0.5,-1
sigma+,sigma+,16,33,43620.111955,4.938797e-04,2,2,1.5,f,-1.5,-1,3,3,2.5,e,-1.5,-1
sigma+,sigma+,31,50,43622.593367,5.148632e-04,2,2,2.5,f,+2.5,-1,3,3,3.5,e,+2.5,-1
sigma+,sigma+,30,49,43622.602861,3.077915e-04,2,2,2.5,f,+1.5,-1,3,3,3.5,e,+1.5,-1
sigma+,sigma+,29,48,43622.612341,4.058032e-05,2,2,2.5,f,+0.5,-1,3,3,3.5,e,+0.5,-1
sigma+,sigma+,28,47,43622.621807,4.166806e-05,2,2,2.5,f,-0.5,-1,3,3,3.5,e,-0.5,-1
sigma+,sigma+,27,46,43622.631260,3.090387e-04,2,2,2.5,f,-1.5,-1,3,3,3.5,e,-1.5,-1
sigma+,sigma+,26,45,43622.640699,5.131658e-04,2,2,2.5,f,-2.5,-1,3,3,3.5,e,-2.5,-1
sigma+,sigma+,31,37,43628.413240,8.633267e-05,2,2,2.5,f,+2.5,-1,3,3,2.5,e,+2.5,-1
sigma+,sigma+,26,32,43628.413285,8.802582e-05,2,2,2.5,f,-2.5,-1,3,3,2.5,e,-2.5,-1
sigma+,sigma+,30,36,43628.413308,3.466741e-06,2,2,2.5,f,+1.5,-1,3,3,2.5,e,+1.5,-1
sigma+,sigma+,27,33,43628.413335,3.507368e-06,2,2,2.5,f,-1.5,-1,3,3,2.5,e,-1.5,-1
sigma+,sigma+,29,35,43628.413346,5.568152e-05,2,2,2.5,f,+0.5,-1,3,3,2.5,e,+0.5,-1
sigma+,sigma+,28,34,43628.413355,5.589821e-05,2,2,2.5,f,-0.5,-1,3,3,2.5,e,-0.5,-1
sigma+,sigma+,15,57,43661.849420,3.355207e-03,2,2,1.5,e,+1.5,+1,3,3,3.5,f,+1.5,+1
sigma+,sigma+,14,56,43661.881317,6.057282e-03,2,2,1.5,e,+0.5,+1,3,3,3.5,f,+0.5,+1
sigma+,sigma+,13,55,43661.913245,6.075273e-03,2,2,1.5,e,-0.5,+1,3,3,3.5,f,-0.5,+1
sigma+,sigma+,12,54,43661.945203,3.385191e-03,2,2,1.5,e,-1.5,+1,3,3,3.5,f,-1.5,+1
sigma+,sigma+,15,42,43667.659119,4.854390e-02,2,2,1.5,e,+1.5,+1,3,3,2.5,f,+1.5,+1
sigma+,sigma+,14,41,43667.682067,8.152926e-03,2,2,1.5,e,+0.5,+1,3,3,2.5,f,+0.5,+1
sigma+,sigma+,13,40,43667.705030,8.001427e-03,2,2,1.5,e,-0.5,+1,3,3,2.5,f,-0.5,+1
sigma+,sigma+,12,39,43667.728010,4.838083e-02,2,2,1.5,e,-1.5,+1,3,3,2.5,f,-1.5,+1
sigma+,sigma+,25,58,43670.196213,5.058234e-02,2,2,2.5,e,+2.5,+1,3,3,3.5,f,+2.5,+1
sigma+,sigma+,24,57,43670.208572,3.024001e-02,2,2,2.5,e,+1.5,+1,3,3,3.5,f,+1.5,+1
sigma+,sigma+,23,56,43670.220915,3.987129e-03,2,2,2.5,e,+0.5,+1,3,3,3.5,f,+0.5,+1
sigma+,sigma+,22,55,43670.233243,4.094139e-03,2,2,2.5,e,-0.5,+1,3,3,3.5,f,-0.5,+1
sigma+,sigma+,21,54,43670.245554,3.036632e-02,2,2,2.5,e,-1.5,+1,3,3,3.5,f,-1.5,+1
sigma+,sigma+,20,53,43670.257849,5.042620e-02,2,2,2.5,e,-2.5,+1,3,3,3.5,f,-2.5,+1
sigma+,sigma+,25,43,43676.014849,8.349909e-03,2,2,2.5,e,+2.5,+1,3,3,2.5,f,+2.5,+1
sigma+,sigma+,24,42,43676.018272,3.337194e-04,2,2,2.5,e,+1.5,+1,3,3,2.5,f,+1.5,+1
sigma+,sigma+,23,41,43676.021665,5.380513e-03,2,2,2.5,e,+0.5,+1,3,3,2.5,f,+0.5,+1
sigma+,sigma+,22,40,43676.025028,5.406683e-03,2,2,2.5,e,-0.5,+1,3,3,2.5,f,-0.5,+1
sigma+,sigma+,21,39,43676.028361,3.405447e-04,2,2,2.5,e,-1.5,+1,3,3,2.5,f,-1.5,+1
sigma+,sigma+,20,38,43676.031663,8.506427e-03,2,2,2.5,e,-2.5,+1,3,3,2.5,f,-2.5,+1
sigma+,sigma+,43,83,58146.028694,5.253646e-05,3,3,2.5,f,+2.5,+1,4,4,4.5,e,+2.5,+1
sigma+,sigma+,42,82,58146.040767,1.130426e-04,3,3,2.5,f,+1.5,+1,4,4,4.5,e,+1.5,+1
sigma+,sigma+,41,81,58146.052852,1.513463e-04,3,3,2.5,f,+0.5,+1,4,4,4.5,e,+0.5,+1
sigma+,sigma+,40,80,58146.064947,1.519728e-04,3,3,2.5,f,-0.5,+1,4,4,4.5,e,-0.5,+1
sigma+,sigma+,39,79,58146.077053,1.144522e-04,3,3,2.5,f,-1.5,+1,4,4,4.5,e,-1.5,+1
sigma+,sigma+,38,78,58146.089170,5.363290e-05,3,3,2.5,f,-2.5,+1,4,4,4.5,e,-2.5,+1
sigma+,sigma+,43,66,58150.479066,2.367578e-03,3,3,2.5,f,+2.5,+1,4,4,3.5,e,+2.5,+1
sigma+,sigma+,42,65,58150.485213,1.423371e-03,3,3,2.5,f,+1.5,+1,4,4,3.5,e,+1.5,+1
sigma+,sigma+,41,64,58150.491362,1.912140e-04,3,3,2.5,f,+0.5,+1,4,4,3.5,e,+0.5,+1
sigma+,sigma+,40,63,58150.497515,1.873911e-04,3,3,2.5,f,-0.5,+1,4,4,3.5,e,-0.5,+1
sigma+,sigma+,39,62,58150.503671,1.416107e-03,3,3,2.5,f,-1.5,+1,4,4,3.5,e,-1.5,+1
sigma+,sigma+,38,61,58150.509829,2.364903e-03,3,3,2.5,f,-2.5,+1,4,4,3.5,e,-2.5,+1
sigma+,sigma+,59,84,58151.844190,2.227228e-03,3,3,3.5,f,+3.5,+1,4,4,4.5,e,+3.5,+1
sigma+,sigma+,58,83,58151.847330,1.985269e-03,3,3,3.5,f,+2.5,+1,4,4,4.5,e,+2.5,+1
sigma+,sigma+,57,82,58151.850467,9.164233e-04,3,3,3.5,f,+1.5,+1,4,4,4.5,e,+1.5,+1
sigma+,sigma+,56,81,58151.853601,1.120322e-04,3,3,3.5,f,+0.5,+1,4,4,4.5,e,+0.5,+1
sigma+,sigma+,55,80,58151.856732,1.149455e-04,3,3,3.5,f,-0.5,+1,4,4,4.5,e,-0.5,+1
sigma+,sigma+,54,79,58151.859860,9.220174e-04,3,3,3.5,f,-1.5,+1,4,4,4.5,e,-1.5,+1
sigma+,sigma+,53,78,58151.862985,1.986630e-03,3,3,3.5,f,-2.5,+1,4,4,4.5,e,-2.5,+1
sigma+,sigma+,52,77,58151.866107,2.221248e-03,3,3,3.5,f,-3.5,+1,4,4,4.5,e,-3.5,+1
sigma+,sigma+,52,60,58156.280800,2.832057e-04,3,3,3.5,f,-3.5,+1,4,4,3.5,e,-3.5,+1
sigma+,sigma+,53,61,58156.283644,5.811723e-06,3,3,3.5,f,-2.5,+1,4,4,3.5,e,-2.5,+1
sigma+,sigma+,54,62,58156.286478,5.155004e-05,3,3,3.5,f,-1.5,+1,4,4,3.5,e,-1.5,+1
sigma+,sigma+,55,63,58156.289300,1.430693e-04,3,3,3.5,f,-0.5,+1,4,4,3.5,e,-0.5,+1
sigma+,sigma+,56,64,58156.292112,1.428302e-04,3,3,3.5,f,+0.5,+1,4,4,3.5,e,+0.5,+1
sigma+,sigma+,57,65,58156.294912,5.137466e-05,3,3,3.5,f,+1.5,+1,4,4,3.5,e,+1.5,+1
sigma+,sigma+,58,66,58156.297702,5.625755e-06,3,3,3.5,f,+2.5,+1,4,4,3.5,e,+2.5,+1
sigma+,sigma+,59,67,58156.300481,2.772169e-04,3,3,3.5,f,+3.5,+1,4,4,3.5,e,+3.5,+1
sigma+,sigma+,37,93,58230.659922,9.118190e-04,3,3,2.5,e,+2.5,-1,4,4,4.5,f,+2.5,-1
sigma+,sigma+,36,92,58230.675502,1.959251e-03,3,3,2.5,e,+1.5,-1,4,4,4.5,f,+1.5,-1
sigma+,sigma+,35,91,58230.691093,2.619503e-03,3,3,2.5,e,+0.5,-1,4,4,4.5,f,+0.5,-1
sigma+,sigma+,34,90,58230.706696,2.626701e-03,3,3,2.5,e,-0.5,-1,4,4,4.5,f,-0.5,-1
sigma+,sigma+,33,89,58230.722310,1.975446e-03,3,3,2.5,e,-1.5,-1,4,4,4.5,f,-1.5,-1
sigma+,sigma+,32,88,58230.737935,9.244154e-04,3,3,2.5,e,-2.5,-1,4,4,4.5,f,-2.5,-1
sigma+,sigma+,37,74,58235.109328,4.094709e-02,3,3,2.5,e,+2.5,-1,4,4,3.5,f,+2.5,-1
sigma+,sigma+,36,73,58235.119363,2.461692e-02,3,3,2.5,e,+1.5,-1,4,4,3.5,f,+1.5,-1
sigma+,sigma+,35,72,58235.129403,3.306735e-03,3,3,2.5,e,+0.5,-1,4,4,3.5,f,+0.5,-1
sigma+,sigma+,34,71,58235.139446,3.241604e-03,3,3,2.5,e,-0.5,-1,4,4,3.5,f,-0.5,-1
sigma+,sigma+,33,70,58235.149494,2.449462e-02,3,3,2.5,e,-1.5,-1,4,4,3.5,f,-1.5,-1
sigma+,sigma+,32,69,58235.159547,4.090582e-02,3,3,2.5,e,-2.5,-1,4,4,3.5,f,-2.5,-1
sigma+,sigma+,51,94,58236.473638,3.856282e-02,3,3,3.5,e,+3.5,-1,4,4,4.5,f,+3.5,-1
sigma+,sigma+,50,93,58236.479796,3.437459e-02,3,3,3.5,e,+2.5,-1,4,4,4.5,f,+2.5,-1
sigma+,sigma+,49,92,58236.485949,1.586831e-02,3,3,3.5,e,+1.5,-1,4,4,4.5,f,+1.5,-1
sigma+,sigma+,48,91,58236.492099,1.940035e-03,3,3,3.5,e,+0.5,-1,4,4,4.5,f,+0.5,-1
sigma+,sigma+,47,90,58236.498244,1.990275e-03,3,3,3.5,e,-0.5,-1,4,4,4.5,f,-0.5,-1
sigma+,sigma+,46,89,58236.504385,1.596585e-02,3,3,3.5,e,-1.5,-1,4,4,4.5,f,-1.5,-1
sigma+,sigma+,45,88,58236.510521,3.440224e-02,3,3,3.5,e,-2.5,-1,4,4,4.5,f,-2.5,-1
sigma+,sigma+,44,87,58236.516654,3.846639e-02,3,3,3.5,e,-3.5,-1,4,4,4.5,f,-3.5,-1
sigma+,sigma+,51,75,58240.928582,4.773717e-03,3,3,3.5,e,+3.5,-1,4,4,3.5,f,+3.5,-1
sigma+,sigma+,50,74,58240.929202,9.779992e-05,3,3,3.5,e,+2.5,-1,4,4,3.5,f,+2.5,-1
sigma+,sigma+,49,73,58240.929810,8.815050e-04,3,3,3.5,e,+1.5,-1,4,4,3.5,f,+1.5,-1
sigma+,sigma+,48,72,58240.930408,2.456275e-03,3,3,3.5,e,+0.5,-1,4,4,3.5,f,+0.5,-1
sigma+,sigma+,47,71,58240.930994,2.463741e-03,3,3,3.5,e,-0.5,-1,4,4,3.5,f,-0.5,-1
sigma+,sigma+,46,70,58240.931569,8.897448e-04,3,3,3.5,e,-1.5,-1,4,4,3.5,f,-1.5,-1
sigma+,sigma+,45,69,58240.932133,9.900068e-05,3,3,3.5,e,-2.5,-1,4,4,3.5,f,-2.5,-1
sigma+,sigma+,44,68,58240.932686,4.870435e-03,3,3,3.5,e,-3.5,-1,4,4,3.5,f,-3.5,-1
sigma+,sigma+,75,125,72671.138886,3.927723e-05,4,4,3.5,f,+3.5,-1,5,5,5.5,e,+3.5,-1
sigma+,sigma+,74,124,72671.145247,9.204472e-05,4,4,3.5,f,+2.5,-1,5,5,5.5,e,+2.5,-1
sigma+,sigma+,73,123,72671.151614,1.386673e-04,4,4,3.5,f,+1.5,-1,5,5,5.5,e,+1.5,-1
sigma+,sigma+,72,122,72671.157988,1.657987e-04,4,4,3.5,f,+0.5,-1,5,5,5.5,e,+0.5,-1
sigma+,sigma+,71,121,72671.164367,1.665213e-04,4,4,3.5,f,-0.5,-1,5,5,5.5,e,-0.5,-1
sigma+,sigma+,70,120,72671.170752,1.404885e-04,4,4,3.5,f,-1.5,-1,5,5,5.5,e,-1.5,-1
sigma+,sigma+,69,119,72671.177143,9.406832e-05,4,4,3.5,f,-2.5,-1,5,5,5.5,e,-2.5,-1
sigma+,sigma+,68,118,72671.183541,4.049144e-05,4,4,3.5,f,-3.5,-1,5,5,5.5,e,-3.5,-1
sigma+,sigma+,75,104,72674.731384,3.903443e-03,4,4,3.5,f,+3.5,-1,5,5,4.5,e,+3.5,-1
sigma+,sigma+,74,103,72674.733476,3.488904e-03,4,4,3.5,f,+2.5,-1,5,5,4.5,e,+2.5,-1
sigma+,sigma+,73,102,72674.735570,1.617964e-03,4,4,3.5,f,+1.5,-1,5,5,4.5,e,+1.5,-1
sigma+,sigma+,72,101,72674.737664,2.013359e-04,4,4,3.5,f,+0.5,-1,5,5,4.5,e,+0.5,-1
sigma+,sigma+,71,100,72674.739760,1.969223e-04,4,4,3.5,f,-0.5,-1,5,5,4.5,e,-0.5,-1
sigma+,sigma+,70,99,72674.741856,1.607841e-03,4,4,3.5,f,-1.5,-1,5,5,4.5,e,-1.5,-1
sigma+,sigma+,69,98,72674.743953,3.480434e-03,4,4,3.5,f,-2.5,-1,5,5,4.5,e,-2.5,-1
sigma+,sigma+,68,97,72674.746051,3.902249e-03,4,4,3.5,f,-3.5,-1,5,5,4.5,e,-3.5,-1
sigma+,sigma+,95,126,72675.593006,3.586906e-03,4,4,4.5,f,+4.5,-1,5,5,5.5,e,+4.5,-1
sigma+,sigma+,94,125,72675.593830,3.901716e-03,4,4,4.5,f,+3.5,-1,5,5,5.5,e,+3.5,-1
sigma+,sigma+,93,124,72675.594653,2.650561e-03,4,4,4.5,f,+2.5,-1,5,5,5.5,e,+2.5,-1
sigma+,sigma+,92,123,72675.595475,1.110531e-03,4,4,4.5,f,+1.5,-1,5,5,5.5,e,+1.5,-1
sigma+,sigma+,91,122,72675.596297,1.309181e-04,4,4,4.5,f,+0.5,-1,5,5,5.5,e,+0.5,-1
sigma+,sigma+,90,121,72675.597117,1.344781e-04,4,4,4.5,f,-0.5,-1,5,5,5.5,e,-0.5,-1
sigma+,sigma+,89,120,72675.597936,1.118700e-03,4,4,4.5,f,-1.5,-1,5,5,5.5,e,-1.5,-1
sigma+,sigma+,88,119,72675.598755,2.657092e-03,4,4,4.5,f,-2.5,-1,5,5,5.5,e,-2.5,-1
sigma+,sigma+,87,118,72675.599572,3.900479e-03,4,4,4.5,f,-3.5,-1,5,5,5.5,e,-3.5,-1
sigma+,sigma+,86,117,72675.600389,3.578313e-03,4,4,4.5,f,-4.5,-1,5,5,5.5,e,-4.5,-1
sigma+,sigma+,86,96,72679.158595,3.646547e-04,4,4,4.5,f,-4.5,-1,5,5,4.5,e,-4.5,-1
sigma+,sigma+,87,97,72679.162083,4.064541e-05,4,4,4.5,f,-3.5,-1,5,5,4.5,e,-3.5,-1
sigma+,sigma+,88,98,72679.165565,9.928475e-06,4,4,4.5,f,-2.5,-1,5,5,4.5,e,-2.5,-1
sigma+,sigma+,89,99,72679.169040,9.009576e-05,4,4,4.5,f,-1.5,-1,5,5,4.5,e,-1.5,-1
sigma+,sigma+,90,100,72679.172510,1.601791e-04,4,4,4.5,f,-0.5,-1,5,5,4.5,e,-0.5,-1
sigma+,sigma+,91,101,72679.175973,1.600880e-04,4,4,4.5,f,+0.5,-1,5,5,4.5,e,+0.5,-1
sigma+,sigma+,92,102,72679.179431,9.005472e-05,4,4,4.5,f,+1.5,-1,5,5,4.5,e,+1.5,-1
sigma+,sigma+,93,103,72679.182882,1.008792e-05,4,4,4.5,f,+2.5,-1,5,5,4.5,e,+2.5,-1
sigma+,sigma+,94,104,72679.186328,3.943340e-05,4,4,4.5,f,+3.5,-1,5,5,4.5,e,+3.5,-1
sigma+,sigma+,95,105,72679.189767,3.560426e-04,4,4,4.5,f,+4.5,-1,5,5,4.5,e,+4.5,-1
sigma+,sigma+,1,48,72716.979101,3.580241e-09,1,1,0.5,e,+0.5,-1,3,3,3.5,e,+0.5,-1
sigma+,sigma+,0,47,72717.101020,3.661336e-09,1,1,0.5,e,-0.5,-1,3,3,3.5,e,-0.5,-1
sigma+,sigma+,1,35,72722.780106,4.666760e-03,1,1,0.5,e,+0.5,-1,3,3,2.5,e,+0.5,-1
sigma+,sigma+,0,34,72722.892568,4.679957e-03,1,1,0.5,e,-0.5,-1,3,3,2.5,e,-0.5,-1
sigma+,sigma+,7,49,72732.017693,2.868061e-03,1,1,1.5,e,+1.5,-1,3,3,3.5,e,+1.5,-1
sigma+,sigma+,6,48,72732.064649,5.151309e-03,1,1,1.5,e,+0.5,-1,3,3,3.5,e,+0.5,-1
sigma+,sigma+,5,47,72732.111426,5.140058e-03,1,1,1.5,e,-0.5,-1,3,3,3.5,e,-0.5,-1
sigma+,sigma+,4,46,72732.158021,2.849309e-03,1,1,1.5,e,-1.5,-1,3,3,3.5,e,-1.5,-1
sigma+,sigma+,7,36,72737.828140,1.129930e-03,1,1,1.5,e,+1.5,-1,3,3,2.5,e,+1.5,-1
sigma+,sigma+,6,35,72737.865654,1.909021e-04,1,1,1.5,e,+0.5,-1,3,3,2.5,e,+0.5,-1
sigma+,sigma+,5,34,72737.902973,1.888002e-04,1,1,1.5,e,-0.5,-1,3,3,2.5,e,-0.5,-1
sigma+,sigma+,4,33,72737.940096,1.148526e-03,1,1,1.5,e,-1.5,-1,3,3,2.5,e,-1.5,-1
sigma+,sigma+,3,56,72743.429520,2.442684e-08,1,1,0.5,f,+0.5,+1,3,3,3.5,f,+0.5,+1
sigma+,sigma+,2,55,72743.550617,2.493866e-08,1,1,0.5,f,-0.5,+1,3,3,3.5,f,-0.5,+1
sigma+,sigma+,3,41,72749.230270,2.640611e-02,1,1,0.5,f,+0.5,+1,3,3,2.5,f,+0.5,+1
sigma+,sigma+,2,40,72749.342402,2.648058e-02,1,1,0.5,f,-0.5,+1,3,3,2.5,f,-0.5,+1
sigma+,sigma+,11,57,72758.467203,1.623458e-02,1,1,1.5,f,+1.5,+1,3,3,3.5,f,+1.5,+1
sigma+,sigma+,10,56,72758.514483,2.916240e-02,1,1,1.5,f,+0.5,+1,3,3,3.5,f,+0.5,+1
sigma+,sigma+,9,55,72758.561589,2.910230e-02,1,1,1.5,f,-0.5,+1,3,3,3.5,f,-0.5,+1
sigma+,sigma+,8,54,72758.608518,1.613441e-02,1,1,1.5,f,-1.5,+1,3,3,3.5,f,-1.5,+1
sigma+,sigma+,11,42,72764.276903,6.435323e-03,1,1,1.5,f,+1.5,+1,3,3,2.5,f,+1.5,+1
sigma+,sigma+,10,41,72764.315232,1.087896e-03,1,1,1.5,f,+0.5,+1,3,3,2.5,f,+0.5,+1
sigma+,sigma+,9,40,72764.353374,1.073726e-03,1,1,1.5,f,-0.5,+1,3,3,2.5,f,-0.5,+1
sigma+,sigma+,8,39,72764.391325,6.535688e-03,1,1,1.5,f,-1.5,+1,3,3,2.5,f,-1.5,+1
sigma+,sigma+,67,137,72803.376676,3.370797e-04,4,4,3.5,e,+3.5,+1,5,5,5.5,f,+3.5,+1
sigma+,sigma+,66,136,72803.386524,7.885572e-04,4,4,3.5,e,+2.5,+1,5,5,5.5,f,+2.5,+1
sigma+,sigma+,65,135,72803.396379,1.185905e-03,4,4,3.5,e,+1.5,+1,5,5,5.5,f,+1.5,+1
sigma+,sigma+,64,134,72803.406239,1.415459e-03,4,4,3.5,e,+0.5,+1,5,5,5.5,f,+0.5,+1
sigma+,sigma+,63,133,72803.416106,1.419141e-03,4,4,3.5,e,-0.5,+1,5,5,5.5,f,-0.5,+1
sigma+,sigma+,62,132,72803.425979,1.195183e-03,4,4,3.5,e,-1.5,+1,5,5,5.5,f,-1.5,+1
sigma+,sigma+,61,131,72803.435858,7.988669e-04,4,4,3.5,e,-2.5,+1,5,5,5.5,f,-2.5,+1
sigma+,sigma+,60,130,72803.445744,3.432657e-04,4,4,3.5,e,-3.5,+1,5,5,5.5,f,-3.5,+1
sigma+,sigma+,67,114,72806.968069,3.329009e-02,4,4,3.5,e,+3.5,+1,5,5,4.5,f,+3.5,+1
sigma+,sigma+,66,113,72806.973960,2.975490e-02,4,4,3.5,e,+2.5,+1,5,5,4.5,f,+2.5,+1
sigma+,sigma+,65,112,72806.979853,1.379864e-02,4,4,3.5,e,+1.5,+1,5,5,4.5,f,+1.5,+1
sigma+,sigma+,64,111,72806.985748,1.716950e-03,4,4,3.5,e,+0.5,+1,5,5,4.5,f,+0.5,+1
sigma+,sigma+,63,110,72806.991645,1.679760e-03,4,4,3.5,e,-0.5,+1,5,5,4.5,f,-0.5,+1
sigma+,sigma+,62,109,72806.997544,1.371400e-02,4,4,3.5,e,-1.5,+1,5,5,4.5,f,-1.5,+1
sigma+,sigma+,61,108,72807.003444,2.968607e-02,4,4,3.5,e,-2.5,+1,5,5,4.5,f,-2.5,+1
sigma+,sigma+,60,107,72807.009346,3.328409e-02,4,4,3.5,e,-3.5,+1,5,5,4.5,f,-3.5,+1
sigma+,sigma+,85,138,72807.829035,3.060953e-02,4,4,4.5,e,+4.5,+1,5,5,5.5,f,+4.5,+1
sigma+,sigma+,84,137,72807.832967,3.329682e-02,4,4,4.5,e,+3.5,+1,5,5,5.5,f,+3.5,+1
sigma+,sigma+,83,136,72807.836896,2.262020e-02,4,4,4.5,e,+2.5,+1,5,5,5.5,f,+2.5,+1
sigma+,sigma+,82,135,72807.840824,9.477712e-03,4,4,4.5,e,+1.5,+1,5,5,5.5,f,+1.5,+1
sigma+,sigma+,81,134,72807.844750,1.117393e-03,4,4,4.5,e,+0.5,+1,5,5,5.5,f,+0.5,+1
sigma+,sigma+,80,133,72807.848674,1.147617e-03,4,4,4.5,e,-0.5,+1,5,5,5.5,f,-0.5,+1
sigma+,sigma+,79,132,72807.852597,9.547551e-03,4,4,4.5,e,-1.5,+1,5,5,5.5,f,-1.5,+1
sigma+,sigma+,78,131,72807.856518,2.267772e-02,4,4,4.5,e,-2.5,+1,5,5,5.5,f,-2.5,+1
sigma+,sigma+,77,130,72807.860437,3.329067e-02,4,4,4.5,e,-3.5,+1,5,5,5.5,f,-3.5,+1
sigma+,sigma+,76,129,72807.864354,3.054176e-02,4,4,4.5,e,-4.5,+1,5,5,5.5,f,-4.5,+1
sigma+,sigma+,76,106,72811.423969,3.097144e-03,4,4,4.5,e,-4.5,+1,5,5,4.5,f,-4.5,+1
sigma+,sigma+,77,107,72811.424039,3.434205e-04,4,4,4.5,e,-3.5,+1,5,5,4.5,f,-3.5,+1
sigma+,sigma+,78,108,72811.424104,8.551139e-05,4,4,4.5,e,-2.5,+1,5,5,4.5,f,-2.5,+1
sigma+,sigma+,79,109,72811.424162,7.683208e-04,4,4,4.5,e,-1.5,+1,5,5,4.5,f,-1.5,+1
sigma+,sigma+,80,110,72811.424213,1.362810e-03,4,4,4.5,e,-0.5,+1,5,5,4.5,f,-0.5,+1
sigma+,sigma+,81,111,72811.424259,1.359672e-03,4,4,4.5,e,+0.5,+1,5,5,4.5,f,+0.5,+1
sigma+,sigma+,82,112,72811.424299,7.630975e-04,4,4,4.5,e,+1.5,+1,5,5,4.5,f,+1.5,+1
sigma+,sigma+,83,113,72811.424332,8.465294e-05,4,4,4.5,e,+2.5,+1,5,5,4.5,f,+2.5,+1
sigma+,sigma+,84,114,72811.424359,3.372412e-04,4,4,4.5,e,+3.5,+1,5,5,4.5,f,+3.5,+1
sigma+,sigma+,85,115,72811.424380,3.029165e-03,4,4,4.5,e,+4.5,+1,5,5,4.5,f,+4.5,+1
sigma+,sigma+,15,82,101813.699887,1.670174e-11,2,2,1.5,e,+1.5,+1,4,4,4.5,e,+1.5,+1
sigma+,sigma+,14,81,101813.734918,3.221377e-11,2,2,1.5,e,+0.5,+1,4,4,4.5,e,+0.5,+1
sigma+,sigma+,13,80,101813.769977,3.103196e-11,2,2,1.5,e,-0.5,+1,4,4,4.5,e,-0.5,+1
sigma+,sigma+,12,79,101813.805063,1.492931e-11,2,2,1.5,e,-1.5,+1,4,4,4.5,e,-1.5,+1
sigma+,sigma+,15,65,101818.144332,3.568798e-03,2,2,1.5,e,+1.5,+1,4,4,3.5,e,+1.5,+1
sigma+,sigma+,14,64,101818.173429,6.430457e-03,2,2,1.5,e,+0.5,+1,4,4,3.5,e,+0.5,+1
sigma+,sigma+,13,63,101818.202545,6.437126e-03,2,2,1.5,e,-0.5,+1,4,4,3.5,e,-0.5,+1
sigma+,sigma+,12,62,101818.231681,3.579912e-03,2,2,1.5,e,-1.5,+1,4,4,3.5,e,-1.5,+1
sigma+,sigma+,25,83,101822.043543,2.322295e-03,2,2,2.5,e,+2.5,+1,4,4,4.5,e,+2.5,+1
sigma+,sigma+,24,82,101822.059039,4.971045e-03,2,2,2.5,e,+1.5,+1,4,4,4.5,e,+1.5,+1
sigma+,sigma+,23,81,101822.074516,6.620964e-03,2,2,2.5,e,+0.5,+1,4,4,4.5,e,+0.5,+1
sigma+,sigma+,22,80,101822.089974,6.613840e-03,2,2,2.5,e,-0.5,+1,4,4,4.5,e,-0.5,+1
sigma+,sigma+,21,79,101822.105414,4.955015e-03,2,2,2.5,e,-1.5,+1,4,4,4.5,e,-1.5,+1
sigma+,sigma+,20,78,101822.120833,2.309827e-03,2,2,2.5,e,-2.5,+1,4,4,4.5,e,-2.5,+1
sigma+,sigma+,25,66,101826.493915,6.530639e-04,2,2,2.5,e,+2.5,+1,4,4,3.5,e,+2.5,+1
sigma+,sigma+,24,65,101826.503484,3.931597e-04,2,2,2.5,e,+1.5,+1,4,4,3.5,e,+1.5,+1
sigma+,sigma+,23,64,101826.513027,5.255247e-05,2,2,2.5,e,+0.5,+1,4,4,3.5,e,+0.5,+1
sigma+,sigma+,22,63,101826.522543,5.291837e-05,2,2,2.5,e,-0.5,+1,4,4,3.5,e,-0.5,+1
sigma+,sigma+,21,62,101826.532031,3.978953e-04,2,2,2.5,e,-1.5,+1,4,4,3.5,e,-1.5,+1
sigma+,sigma+,20,61,101826.541493,6.654421e-04,2,2,2.5,e,-2.5,+1,4,4,3.5,e,-2.5,+1
sigma+,sigma+,19,92,101850.730699,4.664842e-12,2,2,1.5,f,+1.5,-1,4,4,4.5,f,+1.5,-1
sigma+,sigma+,18,91,101850.765196,1.111533e-11,2,2,1.5,f,+0.5,-1,4,4,4.5,f,+0.5,-1
sigma+,sigma+,17,90,101850.799718,1.307840e-11,2,2,1.5,f,-0.5,-1,4,4,4.5,f,-0.5,-1
sigma+,sigma+,16,89,101850.834265,7.612091e-12,2,2,1.5,f,-1.5,-1,4,4,4.5,f,-1.5,-1
sigma+,sigma+,19,73,101855.174560,2.020547e-02,2,2,1.5,f,+1.5,-1,4,4,3.5,f,+1.5,-1
sigma+,sigma+,18,72,101855.203505,3.640651e-02,2,2,1.5,f,+0.5,-1,4,4,3.5,f,+0.5,-1
sigma+,sigma+,17,71,101855.232468,3.644344e-02,2,2,1.5,f,-0.5,-1,4,4,3.5,f,-0.5,-1
sigma+,sigma+,16,70,101855.261449,2.026701e-02,2,2,1.5,f,-1.5,-1,4,4,3.5,f,-1.5,-1
sigma+,sigma+,31,93,101859.073162,1.314736e-02,2,2,2.5,f,+2.5,-1,4,4,4.5,f,+2.5,-1
sigma+,sigma+,30,92,101859.088810,2.814495e-02,2,2,2.5,f,+1.5,-1,4,4,4.5,f,+1.5,-1
sigma+,sigma+,29,91,101859.104439,3.748919e-02,2,2,2.5,f,+0.5,-1,4,4,4.5,f,+0.5,-1
sigma+,sigma+,28,90,101859.120051,3.745164e-02,2,2,2.5,f,-0.5,-1,4,4,4.5,f,-0.5,-1
sigma+,sigma+,27,89,101859.135645,2.806046e-02,2,2,2.5,f,-1.5,-1,4,4,4.5,f,-1.5,-1
sigma+,sigma+,26,88,101859.151220,1.308164e-02,2,2,2.5,f,-2.5,-1,4,4,4.5,f,-2.5,-1
sigma+,sigma+,31,74,101863.522568,3.720532e-03,2,2,2.5,f,+2.5,-1,4,4,3.5,f,+2.5,-1
sigma+,sigma+,30,73,101863.532671,2.240310e-03,2,2,2.5,f,+1.5,-1,4,4,3.5,f,+1.5,-1
sigma+,sigma+,29,72,101863.542749,2.998535e-04,2,2,2.5,f,+0.5,-1,4,4,3.5,f,+0.5,-1
sigma+,sigma+,28,71,101863.552802,3.006504e-04,2,2,2.5,f,-0.5,-1,4,4,3.5,f,-0.5,-1
sigma+,sigma+,27,70,101863.562829,2.263599e-03,2,2,2.5,f,-1.5,-1,4,4,3.5,f,-1.5,-1
sigma+,sigma+,26,69,101863.572832,3.786418e-03,2,2,2.5,f,-2.5,-1,4,4,3.5,f,-2.5,-1
sigma+,sigma+,37,124,130906.254575,3.761066e-10,3,3,2.5,e,+2.5,-1,5,5,5.5,e,+2.5,-1
sigma+,sigma+,36,123,130906.270978,9.413789e-10,3,3,2.5,e,+1.5,-1,5,5,5.5,e,+1.5,-1
sigma+,sigma+,35,122,130906.287390,1.346409e-09,3,3,2.5,e,+0.5,-1,5,5,5.5,e,+0.5,-1
sigma+,sigma+,34,121,130906.303813,1.347985e-09,3,3,2.5,e,-0.5,-1,5,5,5.5,e,-0.5,-1
sigma+,sigma+,33,120,130906.320246,9.446876e-10,3,3,2.5,e,-1.5,-1,5,5,5.5,e,-1.5,-1
sigma+,sigma+,32,119,130906.336690,3.783123e-10,3,3,2.5,e,-2.5,-1,5,5,5.5,e,-2.5,-1
sigma+,sigma+,37,103,130909.842804,2.497969e-03,3,3,2.5,e,+2.5,-1,5,5,4.5,e,+2.5,-1
sigma+,sigma+,36,102,130909.854933,5.355913e-03,3,3,2.5,e,+1.5,-1,5,5,4.5,e,+1.5,-1
sigma+,sigma+,35,101,130909.867067,7.145400e-03,3,3,2.5,e,+0.5,-1,5,5,4.5,e,+0.5,-1
sigma+,sigma+,34,100,130909.879206,7.149605e-03,3,3,2.5,e,-0.5,-1,5,5,4.5,e,-0.5,-1
sigma+,sigma+,33,99,130909.891350,5.365373e-03,3,3,2.5,e,-1.5,-1,5,5,4.5,e,-1.5,-1
sigma+,sigma+,32,98,130909.903500,2.505327e-03,3,3,2.5,e,-2.5,-1,5,5,4.5,e,-2.5,-1
sigma+,sigma+,51,125,130912.067468,1.740617e-03,3,3,3.5,e,+3.5,-1,5,5,5.5,e,+3.5,-1
sigma+,sigma+,50,124,130912.074449,4.058687e-03,3,3,3.5,e,+2.5,-1,5,5,5.5,e,+2.5,-1
sigma+,sigma+,49,123,130912.081425,6.083884e-03,3,3,3.5,e,+1.5,-1,5,5,5.5,e,+1.5,-1
sigma+,sigma+,48,122,130912.088395,7.237767e-03,3,3,3.5,e,+0.5,-1,5,5,5.5,e,+0.5,-1
sigma+,sigma+,47,121,130912.095361,7.232797e-03,3,3,3.5,e,-0.5,-1,5,5,5.5,e,-0.5,-1
sigma+,sigma+,46,120,130912.102321,6.071360e-03,3,3,3.5,e,-1.5,-1,5,5,5.5,e,-1.5,-1
sigma+,sigma+,45,119,130912.109276,4.044770e-03,3,3,3.5,e,-2.5,-1,5,5,5.5,e,-2.5,-1
sigma+,sigma+,44,118,130912.116226,1.732268e-03,3,3,3.5,e,-3.5,-1,5,5,5.5,e,-3.5,-1
sigma+,sigma+,11,65,130914.762116,1.144454e-11,1,1,1.5,f,+1.5,+1,4,4,3.5,e,+1.5,+1
sigma+,sigma+,10,64,130914.806594,2.078747e-11,1,1,1.5,f,+0.5,+1,4,4,3.5,e,+0.5,+1
sigma+,sigma+,9,63,130914.850889,2.097714e-11,1,1,1.5,f,-0.5,+1,4,4,3.5,e,-0.5,+1
sigma+,sigma+,8,62,130914.894996,1.176069e-11,1,1,1.5,f,-1.5,+1,4,4,3.5,e,-1.5,+1
sigma+,sigma+,51,104,130915.659966,3.802865e-04,3,3,3.5,e,+3.5,-1,5,5,4.5,e,+3.5,-1
sigma+,sigma+,50,103,130915.662678,3.400178e-04,3,3,3.5,e,+2.5,-1,5,5,4.5,e,+2.5,-1
sigma+,sigma+,49,102,130915.665380,1.573986e-04,3,3,3.5,e,+1.5,-1,5,5,4.5,e,+1.5,-1
sigma+,sigma+,48,101,130915.668072,1.925909e-05,3,3,3.5,e,+0.5,-1,5,5,4.5,e,+0.5,-1
sigma+,sigma+,47,100,130915.670754,1.996830e-05,3,3,3.5,e,-0.5,-1,5,5,4.5,e,-0.5,-1
sigma+,sigma+,46,99,130915.673425,1.603277e-04,3,3,3.5,e,-1.5,-1,5,5,4.5,e,-1.5,-1
sigma+,sigma+,45,98,130915.676086,3.464445e-04,3,3,3.5,e,-2.5,-1,5,5,4.5,e,-2.5,-1
sigma+,sigma+,44,97,130915.678737,3.885838e-04,3,3,3.5,e,-3.5,-1,5,5,4.5,e,-3.5,-1
sigma+,sigma+,43,136,130953.865590,1.334693e-09,3,3,2.5,f,+2.5,+1,5,5,5.5,f,+2.5,+1
sigma+,sigma+,42,135,130953.881592,3.337933e-09,3,3,2.5,f,+1.5,+1,5,5,5.5,f,+1.5,+1
sigma+,sigma+,41,134,130953.897602,4.770139e-09,3,3,2.5,f,+0.5,+1,5,5,5.5,f,+0.5,+1
sigma+,sigma+,40,133,130953.913621,4.771749e-09,3,3,2.5,f,-0.5,+1,5,5,5.5,f,-0.5,+1
sigma+,sigma+,39,132,130953.929650,3.341314e-09,3,3,2.5,f,-1.5,+1,5,5,5.5,f,-1.5,+1
sigma+,sigma+,38,131,130953.945688,1.336946e-09,3,3,2.5,f,-2.5,+1,5,5,5.5,f,-2.5,+1
sigma+,sigma+,43,113,130957.453026,1.414532e-02,3,3,2.5,f,+2.5,+1,5,5,4.5,f,+2.5,+1
sigma+,sigma+,42,112,130957.465066,3.032840e-02,3,3,2.5,f,+1.5,+1,5,5,4.5,f,+1.5,+1
sigma+,sigma+,41,111,130957.477111,4.046062e-02,3,3,2.5,f,+0.5,+1,5,5,4.5,f,+0.5,+1
sigma+,sigma+,40,110,130957.489160,4.048349e-02,3,3,2.5,f,-0.5,+1,5,5,4.5,f,-0.5,+1
sigma+,sigma+,39,109,130957.501214,3.037985e-02,3,3,2.5,f,-1.5,+1,5,5,4.5,f,-1.5,+1
sigma+,sigma+,38,108,130957.513273,1.418534e-02,3,3,2.5,f,-2.5,+1,5,5,4.5,f,-2.5,+1
sigma+,sigma+,59,137,130959.677157,9.854938e-03,3,3,3.5,f,+3.5,+1,5,5,5.5,f,+3.5,+1
sigma+,sigma+,58,136,130959.684226,2.298046e-02,3,3,3.5,f,+2.5,+1,5,5,5.5,f,+2.5,+1
sigma+,sigma+,57,135,130959.691291,3.444902e-02,3,3,3.5,f,+1.5,+1,5,5,5.5,f,+1.5,+1
sigma+,sigma+,56,134,130959.698351,4.098486e-02,3,3,3.5,f,+0.5,+1,5,5,5.5,f,+0.5,+1
sigma+,sigma+,55,133,130959.705406,4.095890e-02,3,3,3.5,f,-0.5,+1,5,5,5.5,f,-0.5,+1
sigma+,sigma+,54,132,130959.712457,3.438359e-02,3,3,3.5,f,-1.5,+1,5,5,5.5,f,-1.5,+1
sigma+,sigma+,53,131,130959.719502,2.290776e-02,3,3,3.5,f,-2.5,+1,5,5,5.5,f,-2.5,+1
sigma+,sigma+,52,130,130959.726543,9.811318e-03,3,3,3.5,f,-3.5,+1,5,5,5.5,f,-3.5,+1
sigma+,sigma+,59,114,130963.268550,2.167019e-03,3,3,3.5,f,+3.5,+1,5,5,4.5,f,+3.5,+1
sigma+,sigma+,58,113,130963.271662,1.937807e-03,3,3,3.5,f,+2.5,+1,5,5,4.5,f,+2.5,+1
sigma+,sigma+,57,112,130963.274766,8.974045e-04,3,3,3.5,f,+1.5,+1,5,5,4.5,f,+1.5,+1
sigma+,sigma+,56,111,130963.277860,1.100671e-04,3,3,3.5,f,+0.5,+1,5,5,4.5,f,+0.5,+1
sigma+,sigma+,55,110,130963.280945,1.132800e-04,3,3,3.5,f,-0.5,+1,5,5,4.5,f,-0.5,+1
sigma+,sigma+,54,109,130963.284021,9.116610e-04,3,3,3.5,f,-1.5,+1,5,5,4.5,f,-1.5,+1
sigma+,sigma+,53,108,130963.287088,1.970760e-03,3,3,3.5,f,-2.5,+1,5,5,4.5,f,-2.5,+1
sigma+,sigma+,52,107,130963.290146,2.210748e-03,3,3,3.5,f,-3.5,+1,5,5,4.5,f,-3.5,+1
sigma+,sigma+,7,73,130972.947504,1.114019e-09,1,1,1.5,e,+1.5,-1,4,4,3.5,f,+1.5,-1
sigma+,sigma+,6,72,130972.995056,2.022077e-09,1,1,1.5,e,+0.5,-1,4,4,3.5,f,+0.5,-1
sigma+,sigma+,5,71,130973.042420,2.039132e-09,1,1,1.5,e,-0.5,-1,4,4,3.5,f,-0.5,-1
sigma+,sigma+,4,70,130973.089590,1.142448e-09,1,1,1.5,e,-1.5,-1,4,4,3.5,f,-1.5,-1
sigma+,sigma+,31,103,174538.256045,2.142585e-11,2,2,2.5,f,+2.5,-1,5,5,4.5,e,+2.5,-1
sigma+,sigma+,30,102,174538.268241,4.611191e-11,2,2,2.5,f,+1.5,-1,5,5,4.5,e,+1.5,-1
sigma+,sigma+,29,101,174538.280413,6.175000e-11,2,2,2.5,f,+0.5,-1,5,5,4.5,e,+0.5,-1
sigma+,sigma+,28,100,174538.292561,6.201908e-11,2,2,2.5,f,-0.5,-1,5,5,4.5,e,-0.5,-1
sigma+,sigma+,27,99,174538.304685,4.671735e-11,2,2,2.5,f,-1.5,-1,5,5,4.5,e,-1.5,-1
sigma+,sigma+,26,98,174538.316785,2.189677e-11,2,2,2.5,f,-2.5,-1,5,5,4.5,e,-2.5,-1
sigma+,sigma+,25,113,174633.467875,3.691409e-10,2,2,2.5,e,+2.5,+1,5,5,4.5,f,+2.5,+1
sigma+,sigma+,24,112,174633.483338,7.942587e-10,2,2,2.5,e,+1.5,+1,5,5,4.5,f,+1.5,+1
sigma+,sigma+,23,111,174633.498775,1.063362e-09,2,2,2.5,e,+0.5,+1,5,5,4.5,f,+0.5,+1
sigma+,sigma+,22,110,174633.514188,1.067740e-09,2,2,2.5,e,-0.5,+1,5,5,4.5,f,-0.5,+1
sigma+,sigma+,21,109,174633.529575,8.041090e-10,2,2,2.5,e,-1.5,+1,5,5,4.5,f,-1.5,+1
sigma+,sigma+,20,108,174633.544937,3.768026e-10,2,2,2.5,e,-2.5,+1,5,5,4.5,f,-2.5,+1
sigma+,pi,107,20,-174633.533125,3.004123e-09,5,5,4.5,f,-3.5,+1,2,2,2.5,e,-2.5,+1
sigma+,pi,108,21,-174633.517765,3.739675e-09,5,5,4.5,f,-2.5,+1,2,2,2.5,e,-1.5,+1
sigma+,pi,109,22,-174633.502380,3.192252e-09,5,5,4.5,f,-1.5,+1,2,2,2.5,e,-0.5,+1
sigma+,pi,110,23,-174633.486970,2.119434e-09,5,5,4.5,f,-0.5,+1,2,2,2.5,e,+0.5,+1
sigma+,pi,111,24,-174633.471534,1.055378e-09,5,5,4.5,f,+0.5,+1,2,2,2.5,e,+1.5,+1
sigma+,pi,112,25,-174633.456074,3.153195e-10,5,5,4.5,f,+1.5,+1,2,2,2.5,e,+2.5,+1
sigma+,pi,97,26,-174538.303088,1.745394e-10,5,5,4.5,e,-3.5,-1,2,2,2.5,f,-2.5,-1
sigma+,pi,98,27,-174538.290991,2.172234e-10,5,5,4.5,e,-2.5,-1,2,2,2.5,f,-1.5,-1
sigma+,pi,99,28,-174538.278870,1.853815e-10,5,5,4.5,e,-1.5,-1,2,2,2.5,f,-0.5,-1
sigma+,pi,100,29,-174538.266724,1.230509e-10,5,5,4.5,e,-0.5,-1,2,2,2.5,f,+0.5,-1
sigma+,pi,101,30,-174538.254554,6.125873e-11,5,5,4.5,e,+0.5,-1,2,2,2.5,f,+1.5,-1
sigma+,pi,102,31,-174538.242361,1.829808e-11,5,5,4.5,e,+1.5,-1,2,2,2.5,f,+2.5,-1
sigma+,pi,69,4,-130973.073799,6.826013e-09,4,4,3.5,f,-2.5,-1,1,1,1.5,e,-1.5,-1
sigma+,pi,70,5,-130973.026632,6.768586e-09,4,4,3.5,f,-1.5,-1,1,1,1.5,e,-0.5,-1
sigma+,pi,71,6,-130972.979272,4.027130e-09,4,4,3.5,f,-0.5,-1,1,1,1.5,e,+0.5,-1
sigma+,pi,72,7,-130972.931723,1.331178e-09,4,4,3.5,f,+0.5,-1,1,1,1.5,e,+1.5,-1
sigma+,pi,106,52,-130963.278331,9.959513e-03,5,5,4.5,f,-4.5,+1,3,3,3.5,f,-3.5,+1
sigma+,pi,107,53,-130963.275276,1.424845e-03,5,5,4.5,f,-3.5,+1,3,3,3.5,f,-2.5,+1
sigma+,pi,108,54,-130963.272211,1.153459e-04,5,5,4.5,f,-2.5,+1,3,3,3.5,f,-1.5,+1
sigma+,pi,109,55,-130963.269137,2.088172e-03,5,5,4.5,f,-1.5,+1,3,3,3.5,f,-0.5,+1
sigma+,pi,110,56,-130963.266054,4.508004e-03,5,5,4.5,f,-0.5,+1,3,3,3.5,f,+0.5,+1
sigma+,pi,111,57,-130963.262962,5.634184e-03,5,5,4.5,f,+0.5,+1,3,3,3.5,f,+1.5,+1
sigma+,pi,112,58,-130963.259861,4.808061e-03,5,5,4.5,f,+1.5,+1,3,3,3.5,f,+2.5,+1
sigma+,pi,113,59,-130963.256751,2.440569e-03,5,5,4.5,f,+2.5,+1,3,3,3.5,f,+3.5,+1
sigma+,pi,129,52,-130959.718717,9.822262e-02,5,5,5.5,f,-4.5,+1,3,3,3.5,f,-3.5,+1
sigma+,pi,130,53,-130959.711673,1.375997e-01,5,5,5.5,f,-3.5,+1,3,3,3.5,f,-2.5,+1
sigma+,pi,131,54,-130959.704625,1.376874e-01,5,5,5.5,f,-2.5,+1,3,3,3.5,f,-1.5,+1
sigma+,pi,132,55,-130959.697573,1.148123e-01,5,5,5.5,f,-1.5,+1,3,3,3.5,f,-0.5,+1
sigma+,pi,133,56,-130959.690515,8.206067e-02,5,5,5.5,f,-0.5,+1,3,3,3.5,f,+0.5,+1
sigma+,pi,134,57,-130959.683453,4.926742e-02,5,5,5.5,f,+0.5,+1,3,3,3.5,f,+1.5,+1
sigma+,pi,135,58,-130959.676386,2.300589e-02,5,5,5.5,f,+1.5,+1,3,3,3.5,f,+2.5,+1
sigma+,pi,136,59,-130959.669315,6.577218e-03,5,5,5.5,f,+2.5,+1,3,3,3.5,f,+3.5,+1
sigma+,pi,70,0,-130958.016226,1.048934e-12,4,4,3.5,f,-1.5,-1,1,1,0.5,e,-0.5,-1
sigma+,pi,107,38,-130957.501461,1.133700e-01,5,5,4.5,f,-3.5,+1,3,3,2.5,f,-2.5,+1
sigma+,pi,108,39,-130957.489404,1.416321e-01,5,5,4.5,f,-2.5,+1,3,3,2.5,f,-1.5,+1
sigma+,pi,109,40,-130957.477352,1.213303e-01,5,5,4.5,f,-1.5,+1,3,3,2.5,f,-0.5,+1
sigma+,pi,110,41,-130957.465305,8.084132e-02,5,5,4.5,f,-0.5,+1,3,3,2.5,f,+0.5,+1
sigma+,pi,111,42,-130957.453263,4.039799e-02,5,5,4.5,f,+0.5,+1,3,3,2.5,f,+1.5,+1
sigma+,pi,112,43,-130957.441225,1.211263e-02,5,5,4.5,f,+1.5,+1,3,3,2.5,f,+2.5,+1
sigma+,pi,130,38,-130953.937859,8.110431e-09,5,5,5.5,f,-3.5,+1,3,3,2.5,f,-2.5,+1
sigma+,pi,131,39,-130953.921819,1.351264e-08,5,5,5.5,f,-2.5,+1,3,3,2.5,f,-1.5,+1
sigma+,pi,132,40,-130953.905788,1.350775e-08,5,5,5.5,f,-1.5,+1,3,3,2.5,f,-0.5,+1
sigma+,pi,133,41,-130953.889766,9.644796e-09,5,5,5.5,f,-0.5,+1,3,3,2.5,f,+0.5,+1
sigma+,pi,134,42,-130953.873754,4.820547e-09,5,5,5.5,f,+0.5,+1,3,3,2.5,f,+1.5,+1
sigma+,pi,135,43,-130953.857750,1.349220e-09,5,5,5.5,f,+1.5,+1,3,3,2.5,f,+2.5,+1
sigma+,pi,96,44,-130915.665037,1.750766e-03,5,5,4.5,e,-4.5,-1,3,3,3.5,e,-3.5,-1
sigma+,pi,97,45,-130915.662389,2.507121e-04,5,5,4.5,e,-3.5,-1,3,3,3.5,e,-2.5,-1
sigma+,pi,98,46,-130915.659731,2.014456e-05,5,5,4.5,e,-2.5,-1,3,3,3.5,e,-1.5,-1
sigma+,pi,99,47,-130915.657062,3.662929e-04,5,5,4.5,e,-1.5,-1,3,3,3.5,e,-0.5,-1
sigma+,pi,100,48,-130915.654383,7.910890e-04,5,5,4.5,e,-0.5,-1,3,3,3.5,e,+0.5,-1
sigma+,pi,101,49,-130915.651694,9.888255e-04,5,5,4.5,e,+0.5,-1,3,3,3.5,e,+1.5,-1
sigma+,pi,102,50,-130915.648994,8.438554e-04,5,5,4.5,e,+1.5,-1,3,3,3.5,e,+2.5,-1
sigma+,pi,103,51,-130915.646284,4.283338e-04,5,5,4.5,e,+2.5,-1,3,3,3.5,e,+3.5,-1
sigma+,pi,61,8,-130914.877285,7.024309e-11,4,4,3.5,e,-2.5,+1,1,1,1.5,f,-1.5,+1
sigma+,pi,62,9,-130914.833182,6.960460e-11,4,4,3.5,e,-1.5,+1,1,1,1.5,f,-0.5,+1
sigma+,pi,63,10,-130914.788892,4.138451e-11,4,4,3.5,e,-0.5,+1,1,1,1.5,f,+0.5,+1
sigma+,pi,64,11,-130914.744417,1.367033e-11,4,4,3.5,e,+0.5,+1,1,1,1.5,f,+1.5,+1
sigma+,pi,117,44,-130912.106831,1.734365e-02,5,5,5.5,e,-4.5,-1,3,3,3.5,e,-3.5,-1
sigma+,pi,118,45,-130912.099879,2.429797e-02,5,5,5.5,e,-3.5,-1,3,3,3.5,e,-2.5,-1
sigma+,pi,119,46,-130912.092921,2.431476e-02,5,5,5.5,e,-2.5,-1,3,3,3.5,e,-1.5,-1
sigma+,pi,120,47,-130912.085958,2.027625e-02,5,5,5.5,e,-1.5,-1,3,3,3.5,e,-0.5,-1
sigma+,pi,121,48,-130912.078990,1.449296e-02,5,5,5.5,e,-0.5,-1,3,3,3.5,e,+0.5,-1
sigma+,pi,122,49,-130912.072017,8.701711e-03,5,5,5.5,e,+0.5,-1,3,3,3.5,e,+1.5,-1
sigma+,pi,123,50,-130912.065039,4.063558e-03,5,5,5.5,e,+1.5,-1,3,3,3.5,e,+2.5,-1
sigma+,pi,124,51,-130912.058055,1.161802e-03,5,5,5.5,e,+2.5,-1,3,3,3.5,e,+3.5,-1
sigma+,pi,97,32,-130909.889803,2.002185e-02,5,5,4.5,e,-3.5,-1,3,3,2.5,e,-2.5,-1
sigma+,pi,98,33,-130909.877656,2.501252e-02,5,5,4.5,e,-2.5,-1,3,3,2.5,e,-1.5,-1
sigma+,pi,99,34,-130909.865514,2.142668e-02,5,5,4.5,e,-1.5,-1,3,3,2.5,e,-0.5,-1
sigma+,pi,100,35,-130909.853378,1.427608e-02,5,5,4.5,e,-0.5,-1,3,3,2.5,e,+0.5,-1
sigma+,pi,101,36,-130909.841247,7.133875e-03,5,5,4.5,e,+0.5,-1,3,3,2.5,e,+1.5,-1
sigma+,pi,102,37,-130909.829121,2.138919e-03,5,5,4.5,e,+1.5,-1,3,3,2.5,e,+2.5,-1
sigma+,pi,118,32,-130906.327292,2.293467e-09,5,5,5.5,e,-3.5,-1,3,3,2.5,e,-2.5,-1
sigma+,pi,119,33,-130906.310846,3.817902e-09,5,5,5.5,e,-2.5,-1,3,3,2.5,e,-1.5,-1
sigma+,pi,120,34,-130906.294410,3.813342e-09,5,5,5.5,e,-1.5,-1,3,3,2.5,e,-0.5,-1
sigma+,pi,121,35,-130906.277985,2.720545e-09,5,5,5.5,e,-0.5,-1,3,3,2.5,e,+0.5,-1
sigma+,pi,122,36,-130906.261570,1.358630e-09,5,5,5.5,e,+0.5,-1,3,3,2.5,e,+1.5,-1
sigma+,pi,123,37,-130906.245165,3.799550e-10,5,5,5.5,e,+1.5,-1,3,3,2.5,e,+2.5,-1
sigma+,pi,68,26,-101863.557037,1.326920e-02,4,4,3.5,f,-3.5,-1,2,2,2.5,f,-2.5,-1
sigma+,pi,69,27,-101863.547038,3.775610e-04,4,4,3.5,f,-2.5,-1,2,2,2.5,f,-1.5,-1
sigma+,pi,70,28,-101863.537014,2.259320e-03,4,4,3.5,f,-1.5,-1,2,2,2.5,f,-0.5,-1
sigma+,pi,71,29,-101863.526964,7.353343e-03,4,4,3.5,f,-0.5,-1,2,2,2.5,f,+0.5,-1
sigma+,pi,72,30,-101863.516890,9.046778e-03,4,4,3.5,f,+0.5,-1,2,2,2.5,f,+1.5,-1
sigma+,pi,73,31,-101863.506791,5.587721e-03,4,4,3.5,f,+1.5,-1,2,2,2.5,f,+2.5,-1
sigma+,pi,87,26,-101859.141005,1.047848e-01,4,4,4.5,f,-3.5,-1,2,2,2.5,f,-2.5,-1
sigma+,pi,88,27,-101859.125426,1.311134e-01,4,4,4.5,f,-2.5,-1,2,2,2.5,f,-1.5,-1
sigma+,pi,89,28,-101859.109829,1.124959e-01,4,4,4.5,f,-1.5,-1,2,2,2.5,f,-0.5,-1
sigma+,pi,90,29,-101859.094214,7.507234e-02,4,4,4.5,f,-0.5,-1,2,2,2.5,f,+0.5,-1
sigma+,pi,91,30,-101859.078581,3.757357e-02,4,4,4.5,f,+0.5,-1,2,2,2.5,f,+1.5,-1
sigma+,pi,92,31,-101859.062930,1.128325e-02,4,4,4.5,f,+1.5,-1,2,2,2.5,f,+2.5,-1
sigma+,pi,69,16,-101855.245658,1.214474e-01,4,4,3.5,f,-2.5,-1,2,2,1.5,f,-1.5,-1
sigma+,pi,70,17,-101855.216680,1.213240e-01,4,4,3.5,f,-1.5,-1,2,2,1.5,f,-0.5,-1
sigma+,pi,71,18,-101855.187721,7.272089e-02,4,4,3.5,f,-0.5,-1,2,2,1.5,f,+0.5,-1
sigma+,pi,72,19,-101855.158780,2.421595e-02,4,4,3.5,f,+0.5,-1,2,2,1.5,f,+1.5,-1
sigma+,pi,88,16,-101850.824046,2.967880e-11,4,4,4.5,f,-2.5,-1,2,2,1.5,f,-1.5,-1
sigma+,pi,89,17,-101850.789496,3.232028e-11,4,4,4.5,f,-1.5,-1,2,2,1.5,f,-0.5,-1
sigma+,pi,90,18,-101850.754971,1.801322e-11,4,4,4.5,f,-0.5,-1,2,2,1.5,f,+0.5,-1
sigma+,pi,91,19,-101850.720470,4.942555e-12,4,4,4.5,f,+0.5,-1,2,2,1.5,f,+1.5,-1
sigma+,pi,60,20,-101826.523778,2.332232e-03,4,4,3.5,e,-3.5,+1,2,2,2.5,e,-2.5,+1
sigma+,pi,61,21,-101826.514321,6.652409e-05,4,4,3.5,e,-2.5,+1,2,2,2.5,e,-1.5,+1
sigma+,pi,62,22,-101826.504836,3.963723e-04,4,4,3.5,e,-1.5,+1,2,2,2.5,e,-0.5,+1
sigma+,pi,63,23,-101826.495325,1.290741e-03,4,4,3.5,e,-0.5,+1,2,2,2.5,e,+0.5,+1
sigma+,pi,64,24,-101826.485786,1.588134e-03,4,4,3.5,e,+0.5,+1,2,2,2.5,e,+1.5,+1
sigma+,pi,65,25,-101826.476220,9.809097e-04,4,4,3.5,e,+1.5,+1,2,2,2.5,e,+2.5,+1
sigma+,pi,77,20,-101822.109085,1.850364e-02,4,4,4.5,e,-3.5,+1,2,2,2.5,e,-2.5,+1
sigma+,pi,78,21,-101822.093662,2.315467e-02,4,4,4.5,e,-2.5,+1,2,2,2.5,e,-1.5,+1
sigma+,pi,79,22,-101822.078218,1.986831e-02,4,4,4.5,e,-1.5,+1,2,2,2.5,e,-0.5,+1
sigma+,pi,80,23,-101822.062756,1.325978e-02,4,4,4.5,e,-0.5,+1,2,2,2.5,e,+0.5,+1
sigma+,pi,81,24,-101822.047275,6.636982e-03,4,4,4.5,e,+0.5,+1,2,2,2.5,e,+1.5,+1
sigma+,pi,82,25,-101822.031775,1.993214e-03,4,4,4.5,e,+1.5,+1,2,2,2.5,e,+2.5,+1
sigma+,pi,61,12,-101818.213970,2.145147e-02,4,4,3.5,e,-2.5,+1,2,2,1.5,e,-1.5,+1
sigma+,pi,62,13,-101818.184839,2.142918e-02,4,4,3.5,e,-1.5,+1,2,2,1.5,e,-0.5,+1
sigma+,pi,63,14,-101818.155727,1.284423e-02,4,4,3.5,e,-0.5,+1,2,2,1.5,e,+0.5,+1
sigma+,pi,64,15,-101818.126634,4.277016e-03,4,4,3.5,e,+0.5,+1,2,2,1.5,e,+1.5,+1
sigma+,pi,78,12,-101813.793311,7.398043e-11,4,4,4.5,e,-2.5,+1,2,2,1.5,e,-1.5,+1
sigma+,pi,79,13,-101813.758221,9.872065e-11,4,4,4.5,e,-1.5,+1,2,2,1.5,e,-0.5,+1
sigma+,pi,80,14,-101813.723158,6.823140e-11,4,4,4.5,e,-0.5,+1,2,2,1.5,e,+0.5,+1
sigma+,pi,81,15,-101813.688123,2.355452e-11,4,4,4.5,e,+0.5,+1,2,2,1.5,e,+1.5,+1
sigma+,pi,114,85,-72811.412583,6.064957e-03,5,5,4.5,f,+3.5,+1,4,4,4.5,e,+4.5,+1
sigma+,pi,113,84,-72811.412560,6.079076e-03,5,5,4.5,f,+2.5,+1,4,4,4.5,e,+3.5,+1
sigma+,pi,112,83,-72811.412531,3.554228e-03,5,5,4.5,f,+1.5,+1,4,4,4.5,e,+2.5,+1
sigma+,pi,111,82,-72811.412495,1.017615e-03,5,5,4.5,f,+0.5,+1,4,4,4.5,e,+1.5,+1
sigma+,pi,110,81,-72811.412454,9.752201e-11,5,5,4.5,f,-0.5,+1,4,4,4.5,e,+0.5,+1
sigma+,pi,109,80,-72811.412406,1.023751e-03,5,5,4.5,f,-1.5,+1,4,4,4.5,e,-0.5,+1
sigma+,pi,108,79,-72811.412352,3.590686e-03,5,5,4.5,f,-2.5,+1,4,4,4.5,e,-1.5,+1
sigma+,pi,107,78,-72811.412291,6.169737e-03,5,5,4.5,f,-3.5,+1,4,4,4.5,e,-2.5,+1
sigma+,pi,106,77,-72811.412225,6.184400e-03,5,5,4.5,f,-4.5,+1,4,4,4.5,e,-3.5,+1
sigma+,pi,128,76,-72807.856529,1.681675e-01,5,5,5.5,f,-5.5,+1,4,4,4.5,e,-4.5,+1
sigma+,pi,129,77,-72807.852610,4.256931e-02,5,5,5.5,f,-4.5,+1,4,4,4.5,e,-3.5,+1
sigma+,pi,130,78,-72807.848689,1.385493e-03,5,5,5.5,f,-3.5,+1,4,4,4.5,e,-2.5,+1
sigma+,pi,131,79,-72807.844766,9.442545e-03,5,5,5.5,f,-2.5,+1,4,4,4.5,e,-1.5,+1
sigma+,pi,132,80,-72807.840841,3.873143e-02,5,5,5.5,f,-1.5,+1,4,4,4.5,e,-0.5,+1
sigma+,pi,133,81,-72807.836914,6.842936e-02,5,5,5.5,f,-0.5,+1,4,4,4.5,e,+0.5,+1
sigma+,pi,134,82,-72807.832986,8.492141e-02,5,5,5.5,f,+0.5,+1,4,4,4.5,e,+1.5,+1
sigma+,pi,135,83,-72807.829056,8.182194e-02,5,5,5.5,f,+1.5,+1,4,4,4.5,e,+2.5,+1
sigma+,pi,136,84,-72807.825124,5.999572e-02,5,5,5.5,f,+2.5,+1,4,4,4.5,e,+3.5,+1
sigma+,pi,137,85,-72807.821191,2.757895e-02,5,5,5.5,f,+3.5,+1,4,4,4.5,e,+4.5,+1
sigma+,pi,106,60,-72806.997532,1.495964e-01,5,5,4.5,f,-4.5,+1,4,4,3.5,e,-3.5,+1
sigma+,pi,107,61,-72806.991632,2.129322e-02,5,5,4.5,f,-3.5,+1,4,4,3.5,e,-2.5,+1
sigma+,pi,108,62,-72806.985734,1.813760e-03,5,5,4.5,f,-2.5,+1,4,4,3.5,e,-1.5,+1
sigma+,pi,109,63,-72806.979837,3.194428e-02,5,5,4.5,f,-1.5,+1,4,4,3.5,e,-0.5,+1
sigma+,pi,110,64,-72806.973943,6.886718e-02,5,5,4.5,f,-0.5,+1,4,4,3.5,e,+0.5,+1
sigma+,pi,111,65,-72806.968050,8.612515e-02,5,5,4.5,f,+0.5,+1,4,4,3.5,e,+1.5,+1
sigma+,pi,112,66,-72806.962159,7.358579e-02,5,5,4.5,f,+1.5,+1,4,4,3.5,e,+2.5,+1
sigma+,pi,113,67,-72806.956270,3.740651e-02,5,5,4.5,f,+2.5,+1,4,4,3.5,e,+3.5,+1
sigma+,pi,129,60,-72803.437917,3.435556e-03,5,5,5.5,f,-4.5,+1,4,4,3.5,e,-3.5,+1
sigma+,pi,130,61,-72803.428029,4.797192e-03,5,5,5.5,f,-3.5,+1,4,4,3.5,e,-2.5,+1
sigma+,pi,131,62,-72803.418148,4.784656e-03,5,5,5.5,f,-2.5,+1,4,4,3.5,e,-1.5,+1
sigma+,pi,132,63,-72803.408273,3.976807e-03,5,5,5.5,f,-1.5,+1,4,4,3.5,e,-0.5,+1
sigma+,pi,133,64,-72803.398404,2.833173e-03,5,5,5.5,f,-0.5,+1,4,4,3.5,e,+0.5,+1
sigma+,pi,134,65,-72803.388541,1.695479e-03,5,5,5.5,f,+0.5,+1,4,4,3.5,e,+1.5,+1
sigma+,pi,135,66,-72803.378684,7.891670e-04,5,5,5.5,f,+1.5,+1,4,4,3.5,e,+2.5,+1
sigma+,pi,136,67,-72803.368834,2.248910e-04,5,5,5.5,f,+2.5,+1,4,4,3.5,e,+3.5,+1
sigma+,pi,38,8,-72764.367456,1.636466e-02,3,3,2.5,f,-2.5,+1,1,1,1.5,f,-1.5,+1
sigma+,pi,39,9,-72764.329512,1.105272e-03,3,3,2.5,f,-1.5,+1,1,1,1.5,f,-0.5,+1
sigma+,pi,40,10,-72764.291377,1.354564e-02,3,3,2.5,f,-0.5,+1,1,1,1.5,f,+0.5,+1
sigma+,pi,41,11,-72764.253055,1.450169e-02,3,3,2.5,f,+0.5,+1,1,1,1.5,f,+1.5,+1
sigma+,pi,53,8,-72758.593641,9.695665e-02,3,3,3.5,f,-2.5,+1,1,1,1.5,f,-1.5,+1
sigma+,pi,54,9,-72758.546705,9.715794e-02,3,3,3.5,f,-1.5,+1,1,1,1.5,f,-0.5,+1
sigma+,pi,55,10,-72758.499592,5.841503e-02,3,3,3.5,f,-0.5,+1,1,1,1.5,f,+0.5,+1
sigma+,pi,56,11,-72758.452306,1.951159e-02,3,3,3.5,f,+0.5,+1,1,1,1.5,f,+1.5,+1
sigma+,pi,39,2,-72749.318540,1.056981e-01,3,3,2.5,f,-1.5,+1,1,1,0.5,f,-0.5,+1
sigma+,pi,40,3,-72749.206414,5.270091e-02,3,3,2.5,f,-0.5,+1,1,1,0.5,f,+0.5,+1
sigma+,pi,54,2,-72743.535733,8.290129e-08,3,3,3.5,f,-1.5,+1,1,1,0.5,f,-0.5,+1
sigma+,pi,55,3,-72743.414629,4.871885e-08,3,3,3.5,f,-0.5,+1,1,1,0.5,f,+0.5,+1
sigma+,pi,32,4,-72737.914252,2.876092e-03,3,3,2.5,e,-2.5,-1,1,1,1.5,e,-1.5,-1
sigma+,pi,33,5,-72737.877138,1.938573e-04,3,3,2.5,e,-1.5,-1,1,1,1.5,e,-0.5,-1
sigma+,pi,34,6,-72737.839826,2.378457e-03,3,3,2.5,e,-0.5,-1,1,1,1.5,e,+0.5,-1
sigma+,pi,35,7,-72737.802320,2.546506e-03,3,3,2.5,e,+0.5,-1,1,1,1.5,e,+1.5,-1
sigma+,pi,45,4,-72732.141666,1.712403e-02,3,3,3.5,e,-2.5,-1,1,1,1.5,e,-1.5,-1
sigma+,pi,46,5,-72732.095063,1.716172e-02,3,3,3.5,e,-1.5,-1,1,1,1.5,e,-0.5,-1
sigma+,pi,47,6,-72732.048278,1.031955e-02,3,3,3.5,e,-0.5,-1,1,1,1.5,e,+0.5,-1
sigma+,pi,48,7,-72732.001315,3.447321e-03,3,3,3.5,e,+0.5,-1,1,1,1.5,e,+1.5,-1
sigma+,pi,33,0,-72722.866732,1.867992e-02,3,3,2.5,e,-1.5,-1,1,1,0.5,e,-0.5,-1
sigma+,pi,34,1,-72722.754278,9.313713e-03,3,3,2.5,e,-0.5,-1,1,1,0.5,e,+0.5,-1
sigma+,pi,46,0,-72717.084657,1.216046e-08,3,3,3.5,e,-1.5,-1,1,1,0.5,e,-0.5,-1
sigma+,pi,47,1,-72716.962731,7.134459e-09,3,3,3.5,e,-0.5,-1,1,1,0.5,e,+0.5,-1
sigma+,pi,104,95,-72679.176088,7.129184e-04,5,5,4.5,e,+3.5,-1,4,4,4.5,f,+4.5,-1
sigma+,pi,103,94,-72679.172646,7.137525e-04,5,5,4.5,e,+2.5,-1,4,4,4.5,f,+3.5,-1
sigma+,pi,102,93,-72679.169198,4.165823e-04,5,5,4.5,e,+1.5,-1,4,4,4.5,f,+2.5,-1
sigma+,pi,101,92,-72679.165745,1.187887e-04,5,5,4.5,e,+0.5,-1,4,4,4.5,f,+1.5,-1
sigma+,pi,100,91,-72679.162284,1.778411e-09,5,5,4.5,e,-0.5,-1,4,4,4.5,f,+0.5,-1
sigma+,pi,99,90,-72679.158818,1.210343e-04,5,5,4.5,e,-1.5,-1,4,4,4.5,f,-0.5,-1
sigma+,pi,98,89,-72679.155346,4.228001e-04,5,5,4.5,e,-2.5,-1,4,4,4.5,f,-1.5,-1
sigma+,pi,97,88,-72679.151868,7.252168e-04,5,5,4.5,e,-3.5,-1,4,4,4.5,f,-2.5,-1
sigma+,pi,96,87,-72679.148384,7.260930e-04,5,5,4.5,e,-4.5,-1,4,4,4.5,f,-3.5,-1
sigma+,pi,116,86,-72675.590997,1.970439e-02,5,5,5.5,e,-5.5,-1,4,4,4.5,f,-4.5,-1
sigma+,pi,117,87,-72675.590178,4.988067e-03,5,5,5.5,e,-4.5,-1,4,4,4.5,f,-3.5,-1
sigma+,pi,118,88,-72675.589357,1.623650e-04,5,5,5.5,e,-3.5,-1,4,4,4.5,f,-2.5,-1
sigma+,pi,119,89,-72675.588536,1.106408e-03,5,5,5.5,e,-2.5,-1,4,4,4.5,f,-1.5,-1
sigma+,pi,120,90,-72675.587714,4.538472e-03,5,5,5.5,e,-1.5,-1,4,4,4.5,f,-0.5,-1
sigma+,pi,121,91,-72675.586892,8.018645e-03,5,5,5.5,e,-0.5,-1,4,4,4.5,f,+0.5,-1
sigma+,pi,122,92,-72675.586068,9.951454e-03,5,5,5.5,e,+0.5,-1,4,4,4.5,f,+1.5,-1
sigma+,pi,123,93,-72675.585243,9.588469e-03,5,5,5.5,e,+1.5,-1,4,4,4.5,f,+2.5,-1
sigma+,pi,124,94,-72675.584417,7.030879e-03,5,5,5.5,e,+2.5,-1,4,4,4.5,f,+3.5,-1
sigma+,pi,125,95,-72675.583591,3.232040e-03,5,5,5.5,e,+3.5,-1,4,4,4.5,f,+4.5,-1
sigma+,pi,96,68,-72674.732352,1.753988e-02,5,5,4.5,e,-4.5,-1,4,4,3.5,f,-3.5,-1
sigma+,pi,97,69,-72674.730256,2.496526e-03,5,5,4.5,e,-3.5,-1,4,4,3.5,f,-2.5,-1
sigma+,pi,98,70,-72674.728162,2.127114e-04,5,5,4.5,e,-2.5,-1,4,4,3.5,f,-1.5,-1
sigma+,pi,99,71,-72674.726068,3.745790e-03,5,5,4.5,e,-1.5,-1,4,4,3.5,f,-0.5,-1
sigma+,pi,100,72,-72674.723975,8.075336e-03,5,5,4.5,e,-0.5,-1,4,4,3.5,f,+0.5,-1
sigma+,pi,101,73,-72674.721884,1.009906e-02,5,5,4.5,e,+0.5,-1,4,4,3.5,f,+1.5,-1
sigma+,pi,102,74,-72674.719793,8.628765e-03,5,5,4.5,e,+1.5,-1,4,4,3.5,f,+2.5,-1
sigma+,pi,103,75,-72674.717703,4.386380e-03,5,5,4.5,e,+2.5,-1,4,4,3.5,f,+3.5,-1
sigma+,pi,117,68,-72671.174146,4.038732e-04,5,5,5.5,e,-4.5,-1,4,4,3.5,f,-3.5,-1
sigma+,pi,118,69,-72671.167746,5.629515e-04,5,5,5.5,e,-3.5,-1,4,4,3.5,f,-2.5,-1
sigma+,pi,119,70,-72671.161352,5.604946e-04,5,5,5.5,e,-2.5,-1,4,4,3.5,f,-1.5,-1
sigma+,pi,120,71,-72671.154964,4.650431e-04,5,5,5.5,e,-1.5,-1,4,4,3.5,f,-0.5,-1
sigma+,pi,121,72,-72671.148582,3.307278e-04,5,5,5.5,e,-0.5,-1,4,4,3.5,f,+0.5,-1
sigma+,pi,122,73,-72671.142207,1.975742e-04,5,5,5.5,e,+0.5,-1,4,4,3.5,f,+1.5,-1
sigma+,pi,123,74,-72671.135837,9.180105e-05,5,5,5.5,e,+1.5,-1,4,4,3.5,f,+2.5,-1
sigma+,pi,124,75,-72671.129473,2.611517e-05,5,5,5.5,e,+2.5,-1,4,4,3.5,f,+3.5,-1
sigma+,pi,68,45,-58240.916338,1.250581e-02,4,4,3.5,f,-3.5,-1,3,3,3.5,e,-2.5,-1
sigma+,pi,69,46,-58240.915778,9.499527e-03,4,4,3.5,f,-2.5,-1,3,3,3.5,e,-1.5,-1
sigma+,pi,70,47,-58240.915206,2.959342e-03,4,4,3.5,f,-1.5,-1,3,3,3.5,e,-0.5,-1
sigma+,pi,71,48,-58240.914623,9.704373e-11,4,4,3.5,f,-0.5,-1,3,3,3.5,e,+0.5,-1
sigma+,pi,72,49,-58240.914029,2.944095e-03,4,4,3.5,f,+0.5,-1,3,3,3.5,e,+1.5,-1
sigma+,pi,73,50,-58240.913424,9.391996e-03,4,4,3.5,f,+1.5,-1,3,3,3.5,e,+2.5,-1
sigma+,pi,74,51,-58240.912808,1.229047e-02,4,4,3.5,f,+2.5,-1,3,3,3.5,e,+3.5,-1
sigma+,pi,86,44,-58236.506442,1.733172e-01,4,4,4.5,f,-4.5,-1,3,3,3.5,e,-3.5,-1
sigma+,pi,87,45,-58236.500306,2.487631e-02,4,4,4.5,f,-3.5,-1,3,3,3.5,e,-2.5,-1
sigma+,pi,88,46,-58236.494166,2.020247e-03,4,4,4.5,f,-2.5,-1,3,3,3.5,e,-1.5,-1
sigma+,pi,89,47,-58236.488022,3.669301e-02,4,4,4.5,f,-1.5,-1,3,3,3.5,e,-0.5,-1
sigma+,pi,90,48,-58236.481873,7.946917e-02,4,4,4.5,f,-0.5,-1,3,3,3.5,e,+0.5,-1
sigma+,pi,91,49,-58236.475720,9.964063e-02,4,4,4.5,f,+0.5,-1,3,3,3.5,e,+1.5,-1
sigma+,pi,92,50,-58236.469563,8.530237e-02,4,4,4.5,f,+1.5,-1,3,3,3.5,e,+2.5,-1
sigma+,pi,93,51,-58236.463402,4.343726e-02,4,4,4.5,f,+2.5,-1,3,3,3.5,e,+3.5,-1
sigma+,pi,68,32,-58235.143752,1.429575e-01,4,4,3.5,f,-3.5,-1,3,3,2.5,e,-2.5,-1
sigma+,pi,69,33,-58235.133703,4.031622e-03,4,4,3.5,f,-2.5,-1,3,3,2.5,e,-1.5,-1
sigma+,pi,70,34,-58235.123659,2.467878e-02,4,4,3.5,f,-1.5,-1,3,3,2.5,e,-0.5,-1
sigma+,pi,71,35,-58235.113618,8.033142e-02,4,4,3.5,f,-0.5,-1,3,3,2.5,e,+0.5,-1
sigma+,pi,72,36,-58235.103582,9.904431e-02,4,4,3.5,f,+0.5,-1,3,3,2.5,e,+1.5,-1
sigma+,pi,73,37,-58235.093551,6.133054e-02,4,4,3.5,f,+1.5,-1,3,3,2.5,e,+2.5,-1
sigma+,pi,87,32,-58230.727720,7.406377e-03,4,4,4.5,f,-3.5,-1,3,3,2.5,e,-2.5,-1
sigma+,pi,88,33,-58230.712091,9.232402e-03,4,4,4.5,f,-2.5,-1,3,3,2.5,e,-1.5,-1
sigma+,pi,89,34,-58230.696474,7.891663e-03,4,4,4.5,f,-1.5,-1,3,3,2.5,e,-0.5,-1
sigma+,pi,90,35,-58230.680868,5.246621e-03,4,4,4.5,f,-0.5,-1,3,3,2.5,e,+0.5,-1
sigma+,pi,91,36,-58230.665273,2.616097e-03,4,4,4.5,f,+0.5,-1,3,3,2.5,e,+1.5,-1
sigma+,pi,92,37,-58230.649690,7.826741e-04,4,4,4.5,f,+1.5,-1,3,3,2.5,e,+2.5,-1
sigma+,pi,66,59,-58156.282791,7.137738e-04,4,4,3.5,e,+2.5,+1,3,3,3.5,f,+3.5,+1
sigma+,pi,65,58,-58156.280008,5.448873e-04,4,4,3.5,e,+1.5,+1,3,3,3.5,f,+2.5,+1
sigma+,pi,64,57,-58156.277214,1.704373e-04,4,4,3.5,e,+0.5,+1,3,3,3.5,f,+1.5,+1
sigma+,pi,63,56,-58156.274409,4.227578e-10,4,4,3.5,e,-0.5,+1,3,3,3.5,f,+0.5,+1
sigma+,pi,62,55,-58156.271594,1.723281e-04,4,4,3.5,e,-1.5,+1,3,3,3.5,f,-0.5,+1
sigma+,pi,61,54,-58156.268767,5.519842e-04,4,4,3.5,e,-2.5,+1,3,3,3.5,f,-1.5,+1
sigma+,pi,60,53,-58156.265930,7.259220e-04,4,4,3.5,e,-3.5,+1,3,3,3.5,f,-2.5,+1
sigma+,pi,76,52,-58151.854363,1.000902e-02,4,4,4.5,e,-4.5,+1,3,3,3.5,f,-3.5,+1
sigma+,pi,77,53,-58151.851237,1.436670e-03,4,4,4.5,e,-3.5,+1,3,3,3.5,f,-2.5,+1
sigma+,pi,78,54,-58151.848108,1.166616e-04,4,4,4.5,e,-2.5,+1,3,3,3.5,f,-1.5,+1
sigma+,pi,79,55,-58151.844976,2.119122e-03,4,4,4.5,e,-1.5,+1,3,3,3.5,f,-0.5,+1
sigma+,pi,80,56,-58151.841841,4.589738e-03,4,4,4.5,e,-0.5,+1,3,3,3.5,f,+0.5,+1
sigma+,pi,81,57,-58151.838703,5.754926e-03,4,4,4.5,e,+0.5,+1,3,3,3.5,f,+1.5,+1
sigma+,pi,82,58,-58151.835562,4.926943e-03,4,4,4.5,e,+1.5,+1,3,3,3.5,f,+2.5,+1
sigma+,pi,83,59,-58151.832419,2.508948e-03,4,4,4.5,e,+2.5,+1,3,3,3.5,f,+3.5,+1
sigma+,pi,60,38,-58150.492115,8.265256e-03,4,4,3.5,e,-3.5,+1,3,3,2.5,f,-2.5,+1
sigma+,pi,61,39,-58150.485960,2.330548e-04,4,4,3.5,e,-2.5,+1,3,3,2.5,f,-1.5,+1
sigma+,pi,62,40,-58150.479809,1.427035e-03,4,4,3.5,e,-1.5,+1,3,3,2.5,f,-0.5,+1
sigma+,pi,63,41,-58150.473660,4.644980e-03,4,4,3.5,e,-0.5,+1,3,3,2.5,f,+0.5,+1
sigma+,pi,64,42,-58150.467514,5.727016e-03,4,4,3.5,e,+0.5,+1,3,3,2.5,f,+1.5,+1
sigma+,pi,65,43,-58150.461372,3.546326e-03,4,4,3.5,e,+1.5,+1,3,3,2.5,f,+2.5,+1
sigma+,pi,77,38,-58146.077422,4.288455e-04,4,4,4.5,e,-3.5,+1,3,3,2.5,f,-2.5,+1
sigma+,pi,78,39,-58146.065301,5.338323e-04,4,4,4.5,e,-2.5,+1,3,3,2.5,f,-1.5,+1
sigma+,pi,79,40,-58146.053191,4.556749e-04,4,4,4.5,e,-1.5,+1,3,3,2.5,f,-0.5,+1
sigma+,pi,80,41,-58146.041092,3.025269e-04,4,4,4.5,e,-0.5,+1,3,3,2.5,f,+0.5,+1
sigma+,pi,81,42,-58146.029004,1.506389e-04,4,4,4.5,e,+0.5,+1,3,3,2.5,f,+1.5,+1
sigma+,pi,82,43,-58146.016926,4.500542e-05,4,4,4.5,e,+1.5,+1,3,3,2.5,f,+2.5,+1
sigma+,pi,38,21,-43676.004492,3.057946e-02,3,3,2.5,f,-2.5,+1,2,2,2.5,e,-1.5,+1
sigma+,pi,39,22,-43676.001166,1.217236e-02,3,3,2.5,f,-1.5,+1,2,2,2.5,e,-0.5,+1
sigma+,pi,40,23,-43675.997810,5.326542e-09,3,3,2.5,f,-0.5,+1,2,2,2.5,e,+0.5,+1
sigma+,pi,41,24,-43675.994423,1.210036e-02,3,3,2.5,f,+0.5,+1,2,2,2.5,e,+1.5,+1
sigma+,pi,42,25,-43675.991008,3.010570e-02,3,3,2.5,f,+1.5,+1,2,2,2.5,e,+2.5,+1
sigma+,pi,52,20,-43670.242979,1.767665e-01,3,3,3.5,f,-3.5,+1,2,2,2.5,e,-2.5,+1
sigma+,pi,53,21,-43670.230677,5.145824e-03,3,3,3.5,f,-2.5,+1,2,2,2.5,e,-1.5,+1
sigma+,pi,54,22,-43670.218359,3.006640e-02,3,3,3.5,f,-1.5,+1,2,2,2.5,e,-0.5,+1
sigma+,pi,55,23,-43670.206025,9.878994e-02,3,3,3.5,f,-0.5,+1,2,2,2.5,e,+0.5,+1
sigma+,pi,56,24,-43670.193674,1.223231e-01,3,3,3.5,f,+0.5,+1,2,2,2.5,e,+1.5,+1
sigma+,pi,57,25,-43670.181308,7.599047e-02,3,3,3.5,f,+1.5,+1,2,2,2.5,e,+2.5,+1
sigma+,pi,38,12,-43667.704141,1.206810e-01,3,3,2.5,f,-2.5,+1,2,2,1.5,e,-1.5,+1
sigma+,pi,39,13,-43667.681168,8.197808e-03,3,3,2.5,f,-1.5,+1,2,2,1.5,e,-0.5,+1
sigma+,pi,40,14,-43667.658212,1.011521e-01,3,3,2.5,f,-0.5,+1,2,2,1.5,e,+0.5,+1
sigma+,pi,41,15,-43667.635271,1.089823e-01,3,3,2.5,f,+0.5,+1,2,2,1.5,e,+1.5,+1
sigma+,pi,53,12,-43661.930326,2.036218e-02,3,3,3.5,f,-2.5,+1,2,2,1.5,e,-1.5,+1
sigma+,pi,54,13,-43661.898361,2.030140e-02,3,3,3.5,f,-1.5,+1,2,2,1.5,e,-0.5,+1
sigma+,pi,55,14,-43661.866427,1.214454e-02,3,3,3.5,f,-0.5,+1,2,2,1.5,e,+0.5,+1
sigma+,pi,56,15,-43661.834522,4.036133e-03,3,3,3.5,f,+0.5,+1,2,2,1.5,e,+1.5,+1
sigma+,pi,33,28,-43628.387519,1.259698e-04,3,3,2.5,e,-1.5,-1,2,2,2.5,f,-0.5,-1
sigma+,pi,32,27,-43628.387492,3.161550e-04,3,3,2.5,e,-2.5,-1,2,2,2.5,f,-1.5,-1
sigma+,pi,35,30,-43628.387487,1.249924e-04,3,3,2.5,e,+0.5,-1,2,2,2.5,f,+1.5,-1
sigma+,pi,36,31,-43628.387428,3.112816e-04,3,3,2.5,e,+1.5,-1,2,2,2.5,f,+2.5,-1
sigma+,pi,44,26,-43622.624352,1.798976e-03,3,3,3.5,e,-3.5,-1,2,2,2.5,f,-2.5,-1
sigma+,pi,45,27,-43622.614905,5.237240e-05,3,3,3.5,e,-2.5,-1,2,2,2.5,f,-1.5,-1
sigma+,pi,46,28,-43622.605445,3.060145e-04,3,3,3.5,e,-1.5,-1,2,2,2.5,f,-0.5,-1
sigma+,pi,47,29,-43622.595970,1.005524e-03,3,3,3.5,e,-0.5,-1,2,2,2.5,f,+0.5,-1
sigma+,pi,48,30,-43622.586482,1.245106e-03,3,3,3.5,e,+0.5,-1,2,2,2.5,f,+1.5,-1
sigma+,pi,49,31,-43622.576981,7.735263e-04,3,3,3.5,e,+1.5,-1,2,2,2.5,f,+2.5,-1
sigma+,pi,32,16,-43620.086111,1.231928e-03,3,3,2.5,e,-2.5,-1,2,2,1.5,f,-1.5,-1
sigma+,pi,33,17,-43620.067186,8.372473e-05,3,3,2.5,e,-1.5,-1,2,2,1.5,f,-0.5,-1
sigma+,pi,34,18,-43620.048275,1.032769e-03,3,3,2.5,e,-0.5,-1,2,2,1.5,f,+0.5,-1
sigma+,pi,35,19,-43620.029377,1.112676e-03,3,3,2.5,e,+0.5,-1,2,2,1.5,f,+1.5,-1
sigma+,pi,45,16,-43614.313525,2.082752e-04,3,3,3.5,e,-2.5,-1,2,2,1.5,f,-1.5,-1
sigma+,pi,46,17,-43614.285111,2.074336e-04,3,3,3.5,e,-1.5,-1,2,2,1.5,f,-0.5,-1
sigma+,pi,47,18,-43614.256727,1.239584e-04,3,3,3.5,e,-0.5,-1,2,2,1.5,f,+0.5,-1
sigma+,pi,48,19,-43614.228372,4.115323e-05,3,3,3.5,e,+0.5,-1,2,2,1.5,f,+1.5,-1
sigma+,pi,16,5,-29117.765183,9.968812e-02,2,2,1.5,f,-1.5,-1,1,1,1.5,e,-0.5,-1
sigma+,pi,17,6,-29117.746804,1.063284e-07,2,2,1.5,f,-0.5,-1,1,1,1.5,e,+0.5,-1
sigma+,pi,18,7,-29117.728218,9.836999e-02,2,2,1.5,f,+0.5,-1,1,1,1.5,e,+1.5,-1
sigma+,pi,26,4,-29109.500967,1.649727e-01,2,2,2.5,f,-2.5,-1,1,1,1.5,e,-1.5,-1
sigma+,pi,27,5,-29109.463802,1.063013e-02,2,2,2.5,f,-1.5,-1,1,1,1.5,e,-0.5,-1
sigma+,pi,28,6,-29109.426471,1.369302e-01,2,2,2.5,f,-0.5,-1,1,1,1.5,e,+0.5,-1
sigma+,pi,29,7,-29109.388974,1.491491e-01,2,2,2.5,f,+0.5,-1,1,1,1.5,e,+1.5,-1
sigma+,pi,16,0,-29102.754777,4.868668e-02,2,2,1.5,f,-1.5,-1,1,1,0.5,e,-0.5,-1
sigma+,pi,17,1,-29102.661257,1.488941e-01,2,2,1.5,f,-0.5,-1,1,1,0.5,e,+0.5,-1
sigma+,pi,12,9,-29096.601502,1.003656e-03,2,2,1.5,e,-1.5,+1,1,1,1.5,f,-0.5,+1
sigma+,pi,13,10,-29096.586347,6.421082e-10,2,2,1.5,e,-0.5,+1,1,1,1.5,f,+0.5,+1
sigma+,pi,14,11,-29096.570988,9.900865e-04,2,2,1.5,e,+0.5,+1,1,1,1.5,f,+1.5,+1
sigma+,pi,27,0,-29094.453397,8.849218e-02,2,2,2.5,f,-1.5,-1,1,1,0.5,e,-0.5,-1
sigma+,pi,28,1,-29094.340923,4.408283e-02,2,2,2.5,f,-0.5,-1,1,1,0.5,e,+0.5,-1
sigma+,pi,20,8,-29088.335793,1.690767e-03,2,2,2.5,e,-2.5,+1,1,1,1.5,f,-1.5,+1
sigma+,pi,21,9,-29088.301151,1.088961e-04,2,2,2.5,e,-1.5,+1,1,1,1.5,f,-0.5,+1
sigma+,pi,22,10,-29088.266349,1.403324e-03,2,2,2.5,e,-0.5,+1,1,1,1.5,f,+0.5,+1
sigma+,pi,23,11,-29088.231390,1.528746e-03,2,2,2.5,e,+0.5,+1,1,1,1.5,f,+1.5,+1
sigma+,pi,12,2,-29081.590530,5.003362e-04,2,2,1.5,e,-1.5,+1,1,1,0.5,f,-0.5,+1
sigma+,pi,13,3,-29081.501384,1.529911e-03,2,2,1.5,e,-0.5,+1,1,1,0.5,f,+0.5,+1
sigma+,pi,21,2,-29073.290179,8.990797e-04,2,2,2.5,e,-1.5,+1,1,1,0.5,f,-0.5,+1
sigma+,pi,22,3,-29073.181387,4.476617e-04,2,2,2.5,e,-0.5,+1,1,1,0.5,f,+0.5,+1
sigma+,pi,3,11,-15.022785,5.890876e-02,1,1,0.5,f,+0.5,+1,1,1,1.5,f,+1.5,+1
sigma+,pi,1,7,-15.022214,1.041456e-02,1,1,0.5,e,+0.5,-1,1,1,1.5,e,+1.5,-1
sigma+,pi,2,10,-14.948975,1.784663e-01,1,1,0.5,f,-0.5,+1,1,1,1.5,f,+0.5,+1
sigma+,pi,0,6,-14.947258,3.155438e-02,1,1,0.5,e,-0.5,-1,1,1,1.5,e,+0.5,-1
sigma+,pi,19,31,-8.332231,6.394078e-03,2,2,1.5,f,+1.5,-1,2,2,2.5,f,+2.5,-1
sigma+,pi,15,25,-8.331888,3.610824e-02,2,2,1.5,e,+1.5,+1,2,2,2.5,e,+2.5,+1
sigma+,pi,18,30,-8.313385,4.281698e-04,2,2,1.5,f,+0.5,-1,2,2,2.5,f,+1.5,-1
sigma+,pi,14,24,-8.312357,2.418535e-03,2,2,1.5,e,+0.5,+1,2,2,2.5,e,+1.5,+1
sigma+,pi,17,29,-8.294496,5.376777e-03,2,2,1.5,f,-0.5,-1,2,2,2.5,f,+0.5,-1
sigma+,pi,13,23,-8.292779,3.037357e-02,2,2,1.5,e,-0.5,+1,2,2,2.5,e,+0.5,+1
sigma+,pi,16,28,-8.275565,5.833530e-03,2,2,1.5,f,-1.5,-1,2,2,2.5,f,-0.5,-1
sigma+,pi,12,22,-8.273156,3.295848e-02,2,2,1.5,e,-1.5,+1,2,2,2.5,e,-0.5,+1
sigma+,pi,43,59,-5.803724,1.781189e-03,3,3,2.5,f,+2.5,+1,3,3,3.5,f,+3.5,+1
sigma+,pi,37,51,-5.803480,3.067332e-02,3,3,2.5,e,+2.5,-1,3,3,3.5,e,+3.5,-1
sigma+,pi,42,58,-5.794795,5.105127e-05,3,3,2.5,f,+1.5,+1,3,3,3.5,f,+2.5,+1
sigma+,pi,36,50,-5.794061,8.792029e-04,3,3,2.5,e,+1.5,-1,3,3,3.5,e,+2.5,-1
sigma+,pi,41,57,-5.785851,3.072187e-04,3,3,2.5,f,+0.5,+1,3,3,3.5,f,+1.5,+1
sigma+,pi,35,49,-5.784627,5.292552e-03,3,3,2.5,e,+0.5,-1,3,3,3.5,e,+1.5,-1
sigma+,pi,40,56,-5.776894,1.006706e-03,3,3,2.5,f,-0.5,+1,3,3,3.5,f,+0.5,+1
sigma+,pi,34,48,-5.775177,1.734532e-02,3,3,2.5,e,-0.5,-1,3,3,3.5,e,+0.5,-1
sigma+,pi,39,55,-5.767923,1.246842e-03,3,3,2.5,f,-1.5,+1,3,3,3.5,f,-0.5,+1
sigma+,pi,33,47,-5.765712,2.148622e-02,3,3,2.5,e,-1.5,-1,3,3,3.5,e,-0.5,-1
sigma+,pi,38,54,-5.758938,7.752468e-04,3,3,2.5,f,-2.5,+1,3,3,3.5,f,-1.5,+1
sigma+,pi,32,46,-5.756231,1.336163e-02,3,3,2.5,e,-2.5,-1,3,3,3.5,e,-1.5,-1
sigma+,pi,75,95,-4.444705,7.708720e-04,4,4,3.5,f,+3.5,-1,4,4,4.5,f,+4.5,-1
sigma+,pi,67,85,-4.444515,2.348518e-02,4,4,3.5,e,+3.5,+1,4,4,4.5,e,+4.5,+1
sigma+,pi,74,94,-4.439170,1.104004e-04,4,4,3.5,f,+2.5,-1,4,4,4.5,f,+3.5,-1
sigma+,pi,66,84,-4.438600,3.363906e-03,4,4,3.5,e,+2.5,+1,4,4,4.5,e,+3.5,+1
sigma+,pi,73,93,-4.433629,9.221853e-06,4,4,3.5,f,+1.5,-1,4,4,4.5,f,+2.5,-1
sigma+,pi,65,83,-4.432677,2.810905e-04,4,4,3.5,e,+1.5,+1,4,4,4.5,e,+2.5,+1
sigma+,pi,72,92,-4.428080,1.650996e-04,4,4,3.5,f,+0.5,-1,4,4,4.5,f,+1.5,-1
sigma+,pi,64,82,-4.426747,5.032679e-03,4,4,3.5,e,+0.5,+1,4,4,4.5,e,+1.5,+1
sigma+,pi,71,91,-4.422525,3.575117e-04,4,4,3.5,f,-0.5,-1,4,4,4.5,f,+0.5,-1
sigma+,pi,63,81,-4.420808,1.089965e-02,4,4,3.5,e,-0.5,+1,4,4,4.5,e,+0.5,+1
sigma+,pi,70,90,-4.416963,4.486774e-04,4,4,3.5,f,-1.5,-1,4,4,4.5,f,-0.5,-1
sigma+,pi,62,80,-4.414862,1.368135e-02,4,4,3.5,e,-1.5,+1,4,4,4.5,e,-0.5,+1
sigma+,pi,69,89,-4.411393,3.845992e-04,4,4,3.5,f,-2.5,-1,4,4,4.5,f,-1.5,-1
sigma+,pi,61,79,-4.408908,1.172944e-02,4,4,3.5,e,-2.5,+1,4,4,4.5,e,-1.5,+1
sigma+,pi,68,88,-4.405817,1.961207e-04,4,4,3.5,f,-3.5,-1,4,4,4.5,f,-2.5,-1
sigma+,pi,60,78,-4.402945,5.982285e-03,4,4,3.5,e,-3.5,+1,4,4,4.5,e,-2.5,+1
sigma+,pi,115,139,-3.587498,4.238178e-04,5,5,4.5,f,+4.5,+1,5,5,5.5,f,+5.5,+1
sigma+,pi,105,127,-3.587343,1.801404e-02,5,5,4.5,e,+4.5,-1,5,5,5.5,e,+5.5,-1
sigma+,pi,114,138,-3.583548,1.072605e-04,5,5,4.5,f,+3.5,+1,5,5,5.5,f,+4.5,+1
sigma+,pi,104,126,-3.583082,4.559744e-03,5,5,4.5,e,+3.5,-1,5,5,5.5,e,+4.5,-1
sigma+,pi,113,137,-3.579593,3.440108e-06,5,5,4.5,f,+2.5,+1,5,5,5.5,f,+3.5,+1
sigma+,pi,103,125,-3.578816,1.462483e-04,5,5,4.5,e,+2.5,-1,5,5,5.5,e,+3.5,-1
sigma+,pi,112,136,-3.575634,2.413132e-05,5,5,4.5,f,+1.5,+1,5,5,5.5,f,+2.5,+1
sigma+,pi,102,124,-3.574545,1.026293e-03,5,5,4.5,e,+1.5,-1,5,5,5.5,e,+2.5,-1
sigma+,pi,111,135,-3.571671,9.875556e-05,5,5,4.5,f,+0.5,+1,5,5,5.5,f,+1.5,+1
sigma+,pi,101,123,-3.570269,4.200627e-03,5,5,4.5,e,+0.5,-1,5,5,5.5,e,+1.5,-1
sigma+,pi,110,134,-3.567703,1.745765e-04,5,5,4.5,f,-0.5,+1,5,5,5.5,f,+0.5,+1
sigma+,pi,100,122,-3.565988,7.426960e-03,5,5,4.5,e,-0.5,-1,5,5,5.5,e,+0.5,-1
sigma+,pi,109,133,-3.563731,2.168981e-04,5,5,4.5,f,-1.5,+1,5,5,5.5,f,-0.5,+1
sigma+,pi,99,121,-3.561701,9.229033e-03,5,5,4.5,e,-1.5,-1,5,5,5.5,e,-0.5,-1
sigma+,pi,108,132,-3.559755,2.092655e-04,5,5,4.5,f,-2.5,+1,5,5,5.5,f,-1.5,+1
sigma+,pi,98,120,-3.557410,8.905826e-03,5,5,4.5,e,-2.5,-1,5,5,5.5,e,-1.5,-1
sigma+,pi,107,131,-3.555774,1.536682e-04,5,5,4.5,f,-3.5,+1,5,5,5.5,f,-2.5,+1
sigma+,pi,97,119,-3.553113,6.540899e-03,5,5,4.5,e,-3.5,-1,5,5,5.5,e,-2.5,-1
sigma+,pi,106,130,-3.551788,7.074644e-05,5,5,4.5,f,-4.5,+1,5,5,5.5,f,-3.5,+1
sigma+,pi,96,118,-3.548811,3.011865e-03,5,5,4.5,e,-4.5,-1,5,5,5.5,e,-3.5,-1
sigma+,pi,128,129,0.007825,4.249208e-03,5,5,5.5,f,-5.5,+1,5,5,5.5,f,-4.5,+1
sigma+,pi,129,130,0.007827,4.948664e-03,5,5,5.5,f,-4.5,+1,5,5,5.5,f,-3.5,+1
sigma+,pi,130,131,0.007829,3.761867e-03,5,5,5.5,f,-3.5,+1,5,5,5.5,f,-2.5,+1
sigma+,pi,131,132,0.007831,1.984764e-03,5,5,5.5,f,-2.5,+1,5,5,5.5,f,-1.5,+1
sigma+,pi,132,133,0.007833,5.448035e-04,5,5,5.5,f,-1.5,+1,5,5,5.5,f,-0.5,+1
sigma+,pi,133,134,0.007836,6.315245e-09,5,5,5.5,f,-0.5,+1,5,5,5.5,f,+0.5,+1
sigma+,pi,134,135,0.007838,5.380416e-04,5,5,5.5,f,+0.5,+1,5,5,5.5,f,+1.5,+1
sigma+,pi,135,136,0.007840,1.975312e-03,5,5,5.5,f,+1.5,+1,5,5,5.5,f,+2.5,+1
sigma+,pi,136,137,0.007842,3.756050e-03,5,5,5.5,f,+2.5,+1,5,5,5.5,f,+3.5,+1
sigma+,pi,137,138,0.007844,4.951416e-03,5,5,5.5,f,+3.5,+1,5,5,5.5,f,+4.5,+1
sigma+,pi,138,139,0.007847,4.258611e-03,5,5,5.5,f,+4.5,+1,5,5,5.5,f,+5.5,+1
sigma+,pi,116,117,0.009392,1.819045e-01,5,5,5.5,e,-5.5,-1,5,5,5.5,e,-4.5,-1
sigma+,pi,117,118,0.009395,2.118628e-01,5,5,5.5,e,-4.5,-1,5,5,5.5,e,-3.5,-1
sigma+,pi,118,119,0.009397,1.610682e-01,5,5,5.5,e,-3.5,-1,5,5,5.5,e,-2.5,-1
sigma+,pi,119,120,0.009400,8.499153e-02,5,5,5.5,e,-2.5,-1,5,5,5.5,e,-1.5,-1
sigma+,pi,120,121,0.009403,2.333730e-02,5,5,5.5,e,-1.5,-1,5,5,5.5,e,-0.5,-1
sigma+,pi,121,122,0.009405,3.190277e-07,5,5,5.5,e,-0.5,-1,5,5,5.5,e,+0.5,-1
sigma+,pi,122,123,0.009408,2.302280e-02,5,5,5.5,e,+0.5,-1,5,5,5.5,e,+1.5,-1
sigma+,pi,123,124,0.009410,8.455183e-02,5,5,5.5,e,+1.5,-1,5,5,5.5,e,+2.5,-1
sigma+,pi,124,125,0.009413,1.607972e-01,5,5,5.5,e,+2.5,-1,5,5,5.5,e,+3.5,-1
sigma+,pi,125,126,0.009415,2.119900e-01,5,5,5.5,e,+3.5,-1,5,5,5.5,e,+4.5,-1
sigma+,pi,126,127,0.009418,1.823410e-01,5,5,5.5,e,+4.5,-1,5,5,5.5,e,+5.5,-1
sigma+,pi,86,87,0.010211,6.180996e-03,4,4,4.5,f,-4.5,-1,4,4,4.5,f,-3.5,-1
sigma+,pi,87,88,0.010215,6.188763e-03,4,4,4.5,f,-3.5,-1,4,4,4.5,f,-2.5,-1
sigma+,pi,88,89,0.010218,3.616563e-03,4,4,4.5,f,-2.5,-1,4,4,4.5,f,-1.5,-1
sigma+,pi,89,90,0.010222,1.037353e-03,4,4,4.5,f,-1.5,-1,4,4,4.5,f,-0.5,-1
sigma+,pi,90,91,0.010225,1.101319e-08,4,4,4.5,f,-0.5,-1,4,4,4.5,f,+0.5,-1
sigma+,pi,91,92,0.010229,1.025612e-03,4,4,4.5,f,+0.5,-1,4,4,4.5,f,+1.5,-1
sigma+,pi,92,93,0.010232,3.603732e-03,4,4,4.5,f,+1.5,-1,4,4,4.5,f,+2.5,-1
sigma+,pi,93,94,0.010236,6.188793e-03,4,4,4.5,f,+2.5,-1,4,4,4.5,f,+3.5,-1
sigma+,pi,94,95,0.010239,6.196447e-03,4,4,4.5,f,+3.5,-1,4,4,4.5,f,+4.5,-1
sigma+,pi,76,77,0.011744,1.894583e-01,4,4,4.5,e,-4.5,+1,4,4,4.5,e,-3.5,+1
sigma+,pi,77,78,0.011748,1.897145e-01,4,4,4.5,e,-3.5,+1,4,4,4.5,e,-2.5,+1
sigma+,pi,78,79,0.011752,1.108796e-01,4,4,4.5,e,-2.5,+1,4,4,4.5,e,-1.5,+1
sigma+,pi,79,80,0.011756,3.181342e-02,4,4,4.5,e,-1.5,+1,4,4,4.5,e,-0.5,+1
sigma+,pi,80,81,0.011760,3.908018e-07,4,4,4.5,e,-0.5,+1,4,4,4.5,e,+0.5,+1
sigma+,pi,81,82,0.011764,3.142618e-02,4,4,4.5,e,+0.5,+1,4,4,4.5,e,+1.5,+1
sigma+,pi,82,83,0.011768,1.104562e-01,4,4,4.5,e,+1.5,+1,4,4,4.5,e,+2.5,+1
sigma+,pi,83,84,0.011772,1.897149e-01,4,4,4.5,e,+2.5,+1,4,4,4.5,e,+3.5,+1
sigma+,pi,84,85,0.011776,1.899672e-01,4,4,4.5,e,+3.5,+1,4,4,4.5,e,+4.5,+1
sigma+,pi,114,115,0.011797,4.645620e-03,5,5,4.5,f,+3.5,+1,5,5,4.5,f,+4.5,+1
sigma+,pi,113,114,0.011799,4.649437e-03,5,5,4.5,f,+2.5,+1,5,5,4.5,f,+3.5,+1
sigma+,pi,112,113,0.011801,2.715696e-03,5,5,4.5,f,+1.5,+1,5,5,4.5,f,+2.5,+1
sigma+,pi,111,112,0.011803,7.784014e-04,5,5,4.5,f,+0.5,+1,5,5,4.5,f,+1.5,+1
sigma+,pi,110,111,0.011806,6.599877e-09,5,5,4.5,f,-0.5,+1,5,5,4.5,f,+0.5,+1
sigma+,pi,109,110,0.011808,7.700823e-04,5,5,4.5,f,-1.5,+1,5,5,4.5,f,-0.5,+1
sigma+,pi,108,109,0.011810,2.703973e-03,5,5,4.5,f,-2.5,+1,5,5,4.5,f,-1.5,+1
sigma+,pi,107,108,0.011812,4.641442e-03,5,5,4.5,f,-3.5,+1,5,5,4.5,f,-2.5,+1
sigma+,pi,106,107,0.011815,4.645295e-03,5,5,4.5,f,-4.5,+1,5,5,4.5,f,-3.5,+1
sigma+,pi,104,105,0.013679,1.989907e-01,5,5,4.5,e,+3.5,-1,5,5,4.5,e,+4.5,-1
sigma+,pi,103,104,0.013681,1.991644e-01,5,5,4.5,e,+2.5,-1,5,5,4.5,e,+3.5,-1
sigma+,pi,102,103,0.013684,1.163398e-01,5,5,4.5,e,+1.5,-1,5,5,4.5,e,+2.5,-1
sigma+,pi,101,102,0.013686,3.335339e-02,5,5,4.5,e,+0.5,-1,5,5,4.5,e,+1.5,-1
sigma+,pi,100,101,0.013689,3.207324e-07,5,5,4.5,e,-0.5,-1,5,5,4.5,e,+0.5,-1
sigma+,pi,99,100,0.013691,3.297370e-02,5,5,4.5,e,-1.5,-1,5,5,4.5,e,-0.5,-1
sigma+,pi,98,99,0.013694,1.158039e-01,5,5,4.5,e,-2.5,-1,5,5,4.5,e,-1.5,-1
sigma+,pi,97,98,0.013697,1.987971e-01,5,5,4.5,e,-3.5,-1,5,5,4.5,e,-2.5,-1
sigma+,pi,96,97,0.013699,1.989725e-01,5,5,4.5,e,-4.5,-1,5,5,4.5,e,-3.5,-1
sigma+,pi,52,53,0.014870,1.071401e-02,3,3,3.5,f,-3.5,+1,3,3,3.5,f,-2.5,+1
sigma+,pi,53,54,0.014877,8.182049e-03,3,3,3.5,f,-2.5,+1,3,3,3.5,f,-1.5,+1
sigma+,pi,54,55,0.014884,2.568331e-03,3,3,3.5,f,-1.5,+1,3,3,3.5,f,-0.5,+1
sigma+,pi,55,56,0.014891,2.844707e-08,3,3,3.5,f,-0.5,+1,3,3,3.5,f,+0.5,+1
sigma+,pi,56,57,0.014898,2.541607e-03,3,3,3.5,f,+0.5,+1,3,3,3.5,f,+1.5,+1
sigma+,pi,57,58,0.014905,8.169501e-03,3,3,3.5,f,+1.5,+1,3,3,3.5,f,+2.5,+1
sigma+,pi,58,59,0.014912,1.074710e-02,3,3,3.5,f,+2.5,+1,3,3,3.5,f,+3.5,+1
sigma+,pi,74,75,0.015774,6.683472e-03,4,4,3.5,f,+2.5,-1,4,4,3.5,f,+3.5,-1
sigma+,pi,73,74,0.015777,5.098939e-03,4,4,3.5,f,+1.5,-1,4,4,3.5,f,+2.5,-1
sigma+,pi,72,73,0.015781,1.598302e-03,4,4,3.5,f,+0.5,-1,4,4,3.5,f,+1.5,-1
sigma+,pi,71,72,0.015784,1.148387e-08,4,4,3.5,f,-0.5,-1,4,4,3.5,f,+0.5,-1
sigma+,pi,70,71,0.015788,1.583232e-03,4,4,3.5,f,-1.5,-1,4,4,3.5,f,-0.5,-1
sigma+,pi,69,70,0.015791,5.081947e-03,4,4,3.5,f,-2.5,-1,4,4,3.5,f,-1.5,-1
sigma+,pi,68,69,0.015795,6.678989e-03,4,4,3.5,f,-3.5,-1,4,4,3.5,f,-2.5,-1
sigma+,pi,44,45,0.016347,1.853587e-01,3,3,3.5,e,-3.5,-1,3,3,3.5,e,-2.5,-1
sigma+,pi,45,46,0.016355,1.415742e-01,3,3,3.5,e,-2.5,-1,3,3,3.5,e,-1.5,-1
sigma+,pi,46,47,0.016363,4.445194e-02,3,3,3.5,e,-1.5,-1,3,3,3.5,e,-0.5,-1
sigma+,pi,47,48,0.016371,5.537280e-07,3,3,3.5,e,-0.5,-1,3,3,3.5,e,+0.5,-1
sigma+,pi,48,49,0.016378,4.396149e-02,3,3,3.5,e,+0.5,-1,3,3,3.5,e,+1.5,-1
sigma+,pi,49,50,0.016386,1.413439e-01,3,3,3.5,e,+1.5,-1,3,3,3.5,e,+2.5,-1
sigma+,pi,50,51,0.016394,1.859656e-01,3,3,3.5,e,+2.5,-1,3,3,3.5,e,+3.5,-1
sigma+,pi,66,67,0.017690,2.050460e-01,4,4,3.5,e,+2.5,+1,4,4,3.5,e,+3.5,+1
sigma+,pi,65,66,0.017694,1.564442e-01,4,4,3.5,e,+1.5,+1,4,4,3.5,e,+2.5,+1
sigma+,pi,64,65,0.017698,4.904687e-02,4,4,3.5,e,+0.5,+1,4,4,3.5,e,+1.5,+1
sigma+,pi,63,64,0.017702,3.929887e-07,4,4,3.5,e,-0.5,+1,4,4,3.5,e,+0.5,+1
sigma+,pi,62,63,0.017706,4.855820e-02,4,4,3.5,e,-1.5,+1,4,4,3.5,e,-0.5,+1
sigma+,pi,61,62,0.017710,1.558912e-01,4,4,3.5,e,-2.5,+1,4,4,3.5,e,-1.5,+1
sigma+,pi,60,61,0.017714,2.048960e-01,4,4,3.5,e,-3.5,+1,4,4,3.5,e,-2.5,+1
sigma+,pi,42,43,0.023841,1.103459e-02,3,3,2.5,f,+1.5,+1,3,3,2.5,f,+2.5,+1
sigma+,pi,41,42,0.023848,4.427681e-03,3,3,2.5,f,+0.5,+1,3,3,2.5,f,+1.5,+1
sigma+,pi,40,41,0.023855,2.945795e-08,3,3,2.5,f,-0.5,+1,3,3,2.5,f,+0.5,+1
sigma+,pi,39,40,0.023862,4.390908e-03,3,3,2.5,f,-1.5,+1,3,3,2.5,f,-0.5,+1
sigma+,pi,38,39,0.023869,1.101190e-02,3,3,2.5,f,-2.5,+1,3,3,2.5,f,-1.5,+1
sigma+,pi,26,27,0.025794,2.566573e-02,2,2,2.5,f,-2.5,-1,2,2,2.5,f,-1.5,-1
sigma+,pi,36,37,0.025813,1.912025e-01,3,3,2.5,e,+1.5,-1,3,3,2.5,e,+2.5,-1
sigma+,pi,27,28,0.025816,1.033656e-02,2,2,2.5,f,-1.5,-1,2,2,2.5,f,-0.5,-1
sigma+,pi,35,36,0.025820,7.673095e-02,3,3,2.5,e,+0.5,-1,3,3,2.5,e,+1.5,-1
sigma+,pi,34,35,0.025828,5.567266e-07,3,3,2.5,e,-0.5,-1,3,3,2.5,e,+0.5,-1
sigma+,pi,33,34,0.025836,7.606432e-02,3,3,2.5,e,-1.5,-1,3,3,2.5,e,-0.5,-1
sigma+,pi,28,29,0.025837,1.648748e-07,2,2,2.5,f,-0.5,-1,2,2,2.5,f,+0.5,-1
sigma+,pi,32,33,0.025844,1.907860e-01,3,3,2.5,e,-2.5,-1,3,3,2.5,e,-1.5,-1
sigma+,pi,29,30,0.025859,1.024338e-02,2,2,2.5,f,+0.5,-1,2,2,2.5,f,+1.5,-1
sigma+,pi,30,31,0.025880,2.578231e-02,2,2,2.5,f,+1.5,-1,2,2,2.5,f,+2.5,-1
sigma+,pi,20,21,0.027172,1.452985e-01,2,2,2.5,e,-2.5,+1,2,2,2.5,e,-1.5,+1
sigma+,pi,21,22,0.027195,5.853328e-02,2,2,2.5,e,-1.5,+1,2,2,2.5,e,-0.5,+1
sigma+,pi,22,23,0.027218,1.009282e-06,2,2,2.5,e,-0.5,+1,2,2,2.5,e,+0.5,+1
sigma+,pi,23,24,0.027241,5.798493e-02,2,2,2.5,e,+0.5,+1,2,2,2.5,e,+1.5,+1
sigma+,pi,24,25,0.027264,1.459861e-01,2,2,2.5,e,+1.5,+1,2,2,2.5,e,+2.5,+1
sigma+,pi,18,19,0.044726,2.103062e-02,2,2,1.5,f,+0.5,-1,2,2,1.5,f,+1.5,-1
sigma+,pi,17,18,0.044747,1.684317e-07,2,2,1.5,f,-0.5,-1,2,2,1.5,f,+0.5,-1
sigma+,pi,16,17,0.044769,2.088052e-02,2,2,1.5,f,-1.5,-1,2,2,1.5,f,-0.5,-1
sigma+,pi,14,15,0.046795,1.194433e-01,2,2,1.5,e,+0.5,+1,2,2,1.5,e,+1.5,+1
sigma+,pi,13,14,0.046819,1.013529e-06,2,2,1.5,e,-0.5,+1,2,2,1.5,e,+0.5,+1
sigma+,pi,12,13,0.046842,1.185608e-01,2,2,1.5,e,-1.5,+1,2,2,1.5,e,-0.5,+1
sigma+,pi,8,9,0.061813,1.184159e-01,1,1,1.5,f,-1.5,+1,1,1,1.5,f,-0.5,+1
sigma+,pi,9,10,0.061997,8.626983e-06,1,1,1.5,f,-0.5,+1,1,1,1.5,f,+0.5,+1
sigma+,pi,10,11,0.062177,1.195855e-01,1,1,1.5,f,+0.5,+1,1,1,1.5,f,+1.5,+1
sigma+,pi,4,5,0.062958,2.084998e-02,1,1,1.5,e,-1.5,-1,1,1,1.5,e,-0.5,-1
sigma+,pi,5,6,0.063147,1.567845e-06,1,1,1.5,e,-0.5,-1,1,1,1.5,e,+0.5,-1
sigma+,pi,6,7,0.063334,2.106065e-02,1,1,1.5,e,+0.5,-1,1,1,1.5,e,+1.5,-1
sigma+,pi,2,3,0.135987,8.624502e-06,1,1,0.5,f,-0.5,+1,1,1,0.5,f,+0.5,+1
sigma+,pi,0,1,0.138289,1.578113e-06,1,1,0.5,e,-0.5,-1,1,1,0.5,e,+0.5,-1
sigma+,pi,128,106,3.567439,4.333073e-04,5,5,5.5,f,-5.5,+1,5,5,4.5,f,-4.5,+1
sigma+,pi,116,96,3.567598,1.845074e-02,5,5,5.5,e,-5.5,-1,5,5,4.5,e,-4.5,-1
sigma+,pi,129,107,3.571429,1.091730e-04,5,5,5.5,f,-4.5,+1,5,5,4.5,f,-3.5,+1
sigma+,pi,117,97,3.571905,4.647928e-03,5,5,5.5,e,-4.5,-1,5,5,4.5,e,-3.5,-1
sigma+,pi,130,108,3.575415,3.484951e-06,5,5,5.5,f,-3.5,+1,5,5,4.5,f,-2.5,+1
sigma+,pi,118,98,3.576207,1.483569e-04,5,5,5.5,e,-3.5,-1,5,5,4.5,e,-2.5,-1
sigma+,pi,131,109,3.579396,2.434916e-05,5,5,5.5,f,-2.5,+1,5,5,4.5,f,-1.5,+1
sigma+,pi,119,99,3.580504,1.036194e-03,5,5,5.5,e,-2.5,-1,5,5,4.5,e,-1.5,-1
sigma+,pi,132,110,3.583372,9.919907e-05,5,5,5.5,f,-1.5,+1,5,5,4.5,f,-0.5,+1
sigma+,pi,120,100,3.584795,4.220832e-03,5,5,5.5,e,-1.5,-1,5,5,4.5,e,-0.5,-1
sigma+,pi,133,111,3.587345,1.745808e-04,5,5,5.5,f,-0.5,+1,5,5,4.5,f,+0.5,+1
sigma+,pi,121,101,3.589082,7.426984e-03,5,5,5.5,e,-0.5,-1,5,5,4.5,e,+0.5,-1
sigma+,pi,134,112,3.591312,2.159411e-04,5,5,5.5,f,+0.5,+1,5,5,4.5,f,+1.5,+1
sigma+,pi,122,102,3.593363,9.184929e-03,5,5,5.5,e,+0.5,-1,5,5,4.5,e,+1.5,-1
sigma+,pi,135,113,3.595276,2.074186e-04,5,5,5.5,f,+1.5,+1,5,5,4.5,f,+2.5,+1
sigma+,pi,123,103,3.597639,8.820888e-03,5,5,5.5,e,+1.5,-1,5,5,4.5,e,+2.5,-1
sigma+,pi,136,114,3.599235,1.516370e-04,5,5,5.5,f,+2.5,+1,5,5,4.5,f,+3.5,+1
sigma+,pi,124,104,3.601910,6.447541e-03,5,5,5.5,e,+2.5,-1,5,5,4.5,e,+3.5,-1
sigma+,pi,137,115,3.603189,6.950201e-05,5,5,5.5,f,+3.5,+1,5,5,4.5,f,+4.5,+1
sigma+,pi,125,105,3.606176,2.954682e-03,5,5,5.5,e,+3.5,-1,5,5,4.5,e,+4.5,-1
sigma+,pi,86,68,4.426243,7.864619e-04,4,4,4.5,f,-4.5,-1,4,4,3.5,f,-3.5,-1
sigma+,pi,76,60,4.426437,2.399420e-02,4,4,4.5,e,-4.5,+1,4,4,3.5,e,-3.5,+1
sigma+,pi,87,69,4.431827,1.120624e-04,4,4,4.5,f,-3.5,-1,4,4,3.5,f,-2.5,-1
sigma+,pi,77,61,4.432407,3.418394e-03,4,4,4.5,e,-3.5,+1,4,4,3.5,e,-2.5,+1
sigma+,pi,88,70,4.437403,9.317757e-06,4,4,4.5,f,-2.5,-1,4,4,3.5,f,-1.5,-1
sigma+,pi,78,62,4.438370,2.841373e-04,4,4,4.5,e,-2.5,+1,4,4,3.5,e,-1.5,+1
sigma+,pi,89,71,4.442972,1.659393e-04,4,4,4.5,f,-1.5,-1,4,4,3.5,f,-0.5,-1
sigma+,pi,79,63,4.444324,5.059787e-03,4,4,4.5,e,-1.5,+1,4,4,3.5,e,-0.5,+1
sigma+,pi,90,72,4.448535,3.575211e-04,4,4,4.5,f,-0.5,-1,4,4,3.5,f,+0.5,-1
sigma+,pi,80,64,4.450271,1.089969e-02,4,4,4.5,e,-0.5,+1,4,4,3.5,e,+0.5,+1
sigma+,pi,91,73,4.454090,4.464381e-04,4,4,4.5,f,+0.5,-1,4,4,3.5,f,+1.5,-1
sigma+,pi,81,65,4.456209,1.360820e-02,4,4,4.5,e,+0.5,+1,4,4,3.5,e,+1.5,+1
sigma+,pi,92,74,4.459638,3.807618e-04,4,4,4.5,f,+1.5,-1,4,4,3.5,f,+2.5,-1
sigma+,pi,82,66,4.462140,1.160431e-02,4,4,4.5,e,+1.5,+1,4,4,3.5,e,+2.5,+1
sigma+,pi,93,75,4.465180,1.931911e-04,4,4,4.5,f,+2.5,-1,4,4,3.5,f,+3.5,-1
sigma+,pi,83,67,4.468062,5.886805e-03,4,4,4.5,e,+2.5,+1,4,4,3.5,e,+3.5,+1
sigma+,pi,52,38,5.788685,1.814537e-03,3,3,3.5,f,-3.5,+1,3,3,2.5,f,-2.5,+1
sigma+,pi,44,32,5.788934,3.128008e-02,3,3,3.5,e,-3.5,-1,3,3,2.5,e,-2.5,-1
sigma+,pi,53,39,5.797684,5.167448e-05,3,3,3.5,f,-2.5,+1,3,3,2.5,f,-1.5,+1
sigma+,pi,45,33,5.798430,8.907171e-04,3,3,3.5,e,-2.5,-1,3,3,2.5,e,-1.5,-1
sigma+,pi,54,40,5.806669,3.091546e-04,3,3,3.5,f,-1.5,+1,3,3,2.5,f,-0.5,+1
sigma+,pi,46,34,5.807911,5.327323e-03,3,3,3.5,e,-1.5,-1,3,3,2.5,e,-0.5,-1
sigma+,pi,55,41,5.815640,1.006734e-03,3,3,3.5,f,-0.5,+1,3,3,2.5,f,+0.5,+1
sigma+,pi,47,35,5.817376,1.734540e-02,3,3,3.5,e,-0.5,-1,3,3,2.5,e,+0.5,-1
sigma+,pi,56,42,5.824597,1.239147e-03,3,3,3.5,f,+0.5,+1,3,3,2.5,f,+1.5,+1
sigma+,pi,48,36,5.826825,2.134633e-02,3,3,3.5,e,+0.5,-1,3,3,2.5,e,+1.5,-1
sigma+,pi,57,43,5.833541,7.656921e-04,3,3,3.5,f,+1.5,+1,3,3,2.5,f,+2.5,+1
sigma+,pi,49,37,5.836260,1.318817e-02,3,3,3.5,e,+1.5,-1,3,3,2.5,e,+2.5,-1
sigma+,pi,26,16,8.327174,6.511343e-03,2,2,2.5,f,-2.5,-1,2,2,1.5,f,-1.5,-1
sigma+,pi,20,12,8.327522,3.679457e-02,2,2,2.5,e,-2.5,+1,2,2,1.5,e,-1.5,+1
sigma+,pi,27,17,8.346149,4.321719e-04,2,2,2.5,f,-1.5,-1,2,2,1.5,f,-0.5,-1
sigma+,pi,21,13,8.347193,2.441532e-03,2,2,2.5,e,-1.5,+1,2,2,1.5,e,-0.5,+1
sigma+,pi,28,18,8.365081,5.376908e-03,2,2,2.5,f,-0.5,-1,2,2,1.5,f,+0.5,-1
sigma+,pi,22,14,8.366816,3.037372e-02,2,2,2.5,e,-0.5,+1,2,2,1.5,e,+0.5,+1
sigma+,pi,29,19,8.383969,5.780580e-03,2,2,2.5,f,+0.5,-1,2,2,1.5,f,+1.5,-1
sigma+,pi,23,15,8.386393,3.264939e-02,2,2,2.5,e,+0.5,+1,2,2,1.5,e,+1.5,+1
sigma+,pi,8,2,15.072785,6.007878e-02,1,1,1.5,f,-1.5,+1,1,1,0.5,f,-0.5,+1
sigma+,pi,4,0,15.073364,1.062369e-02,1,1,1.5,e,-1.5,-1,1,1,0.5,e,-0.5,-1
sigma+,pi,9,3,15.146959,1.784661e-01,1,1,1.5,f,-0.5,+1,1,1,0.5,f,+0.5,+1
sigma+,pi,5,1,15.148695,3.155490e-02,1,1,1.5,e,-0.5,-1,1,1,0.5,e,+0.5,-1
sigma+,pi,3,24,29073.235846,8.883800e-04,1,1,0.5,f,+0.5,+1,2,2,2.5,e,+1.5,+1
sigma+,pi,2,23,29073.344592,4.460190e-04,1,1,0.5,f,-0.5,+1,2,2,2.5,e,+0.5,+1
sigma+,pi,3,15,29081.594998,5.164299e-04,1,1,0.5,f,+0.5,+1,2,2,1.5,e,+1.5,+1
sigma+,pi,2,14,29081.684190,1.520430e-03,1,1,0.5,f,-0.5,+1,2,2,1.5,e,+0.5,+1
sigma+,pi,11,25,29088.285895,1.690502e-03,1,1,1.5,f,+1.5,+1,2,2,2.5,e,+2.5,+1
sigma+,pi,10,24,29088.320809,1.165531e-04,1,1,1.5,f,+0.5,+1,2,2,2.5,e,+1.5,+1
sigma+,pi,9,23,29088.355564,1.414437e-03,1,1,1.5,f,-0.5,+1,2,2,2.5,e,+0.5,+1
sigma+,pi,8,22,29088.390159,1.514371e-03,1,1,1.5,f,-1.5,+1,2,2,2.5,e,-0.5,+1
sigma+,pi,1,30,29094.392619,8.745304e-02,1,1,0.5,e,+0.5,-1,2,2,2.5,f,+1.5,-1
sigma+,pi,0,29,29094.505050,4.388506e-02,1,1,0.5,e,-0.5,-1,2,2,2.5,f,+0.5,-1
sigma+,pi,10,15,29096.679961,9.905934e-04,1,1,1.5,f,+0.5,+1,2,2,1.5,e,+1.5,+1
sigma+,pi,9,14,29096.695162,6.675582e-10,1,1,1.5,f,-0.5,+1,2,2,1.5,e,+0.5,+1
sigma+,pi,8,13,29096.710157,1.004197e-03,1,1,1.5,f,-1.5,+1,2,2,1.5,e,-0.5,+1
sigma+,pi,1,19,29102.750729,5.027521e-02,1,1,0.5,e,+0.5,-1,2,2,1.5,f,+1.5,-1
sigma+,pi,0,18,29102.844293,1.479948e-01,1,1,0.5,e,-0.5,-1,2,2,1.5,f,+0.5,-1
sigma+,pi,7,31,29109.440713,1.649731e-01,1,1,1.5,e,+1.5,-1,2,2,2.5,f,+2.5,-1
sigma+,pi,6,30,29109.478166,1.136921e-02,1,1,1.5,e,+0.5,-1,2,2,2.5,f,+1.5,-1
sigma+,pi,5,29,29109.515455,1.380286e-01,1,1,1.5,e,-0.5,-1,2,2,2.5,f,+0.5,-1
sigma+,pi,4,28,29109.552577,1.477999e-01,1,1,1.5,e,-1.5,-1,2,2,2.5,f,-0.5,-1
sigma+,pi,6,19,29117.836277,9.839956e-02,1,1,1.5,e,+0.5,-1,2,2,1.5,f,+1.5,-1
sigma+,pi,5,18,29117.854699,1.096236e-07,1,1,1.5,e,-0.5,-1,2,2,1.5,f,+0.5,-1
sigma+,pi,4,17,29117.872910,9.972090e-02,1,1,1.5,e,-1.5,-1,2,2,1.5,f,-0.5,-1
sigma+,pi,19,50,43614.261136,2.051604e-04,2,2,1.5,f,+1.5,-1,3,3,3.5,e,+2.5,-1
sigma+,pi,18,49,43614.289476,2.059817e-04,2,2,1.5,f,+0.5,-1,3,3,3.5,e,+1.5,-1
sigma+,pi,17,48,43614.317845,1.240848e-04,2,2,1.5,f,-0.5,-1,3,3,3.5,e,+0.5,-1
sigma+,pi,16,47,43614.346243,4.152788e-05,2,2,1.5,f,-1.5,-1,3,3,3.5,e,-0.5,-1
sigma+,pi,19,37,43620.081010,1.241793e-03,2,2,1.5,f,+1.5,-1,3,3,2.5,e,+2.5,-1
sigma+,pi,18,36,43620.099923,8.120932e-05,2,2,1.5,f,+0.5,-1,3,3,2.5,e,+1.5,-1
sigma+,pi,17,35,43620.118850,1.028707e-03,2,2,1.5,f,-0.5,-1,3,3,2.5,e,+0.5,-1
sigma+,pi,16,34,43620.137791,1.113723e-03,2,2,1.5,f,-1.5,-1,3,3,2.5,e,-0.5,-1
sigma+,pi,31,51,43622.609760,1.799162e-03,2,2,2.5,f,+2.5,-1,3,3,3.5,e,+3.5,-1
sigma+,pi,30,50,43622.619247,5.045149e-05,2,2,2.5,f,+1.5,-1,3,3,3.5,e,+2.5,-1
sigma+,pi,29,49,43622.628719,3.108060e-04,2,2,2.5,f,+0.5,-1,3,3,3.5,e,+1.5,-1
sigma+,pi,28,48,43622.638178,1.009440e-03,2,2,2.5,f,-0.5,-1,3,3,3.5,e,+0.5,-1
sigma+,pi,27,47,43622.647623,1.242750e-03,2,2,2.5,f,-1.5,-1,3,3,3.5,e,-0.5,-1
sigma+,pi,26,46,43622.657054,7.685138e-04,2,2,2.5,f,-2.5,-1,3,3,3.5,e,-1.5,-1
sigma+,pi,30,37,43628.439120,3.115117e-04,2,2,2.5,f,+1.5,-1,3,3,2.5,e,+2.5,-1
sigma+,pi,26,33,43628.439129,3.163905e-04,2,2,2.5,f,-2.5,-1,3,3,2.5,e,-1.5,-1
sigma+,pi,29,36,43628.439166,1.250877e-04,2,2,2.5,f,+0.5,-1,3,3,2.5,e,+1.5,-1
sigma+,pi,27,34,43628.439171,1.260607e-04,2,2,2.5,f,-1.5,-1,3,3,2.5,e,-0.5,-1
sigma+,pi,15,58,43661.864325,2.008169e-02,2,2,1.5,e,+1.5,+1,3,3,3.5,f,+2.5,+1
sigma+,pi,14,57,43661.896215,2.014086e-02,2,2,1.5,e,+0.5,+1,3,3,3.5,f,+1.5,+1
sigma+,pi,13,56,43661.928136,1.212018e-02,2,2,1.5,e,-0.5,+1,3,3,3.5,f,+0.5,+1
sigma+,pi,12,55,43661.960087,4.051999e-03,2,2,1.5,e,-1.5,+1,3,3,3.5,f,-0.5,+1
sigma+,pi,15,43,43667.682961,1.216280e-01,2,2,1.5,e,+1.5,+1,3,3,2.5,f,+2.5,+1
sigma+,pi,14,42,43667.705915,7.957938e-03,2,2,1.5,e,+0.5,+1,3,3,2.5,f,+1.5,+1
sigma+,pi,13,41,43667.728885,1.007761e-01,2,2,1.5,e,-0.5,+1,3,3,2.5,f,+0.5,+1
sigma+,pi,12,40,43667.751872,1.091009e-01,2,2,1.5,e,-1.5,+1,3,3,2.5,f,-0.5,+1
sigma+,pi,25,59,43670.211124,1.767665e-01,2,2,2.5,e,+2.5,+1,3,3,3.5,f,+3.5,+1
sigma+,pi,24,58,43670.223477,4.957052e-03,2,2,2.5,e,+1.5,+1,3,3,3.5,f,+2.5,+1
sigma+,pi,23,57,43670.235813,3.053899e-02,2,2,2.5,e,+0.5,+1,3,3,3.5,f,+1.5,+1
sigma+,pi,22,56,43670.248134,9.918927e-02,2,2,2.5,e,-0.5,+1,3,3,3.5,f,+0.5,+1
sigma+,pi,21,55,43670.260438,1.221201e-01,2,2,2.5,e,-1.5,+1,3,3,3.5,f,-0.5,+1
sigma+,pi,20,54,43670.272725,7.552206e-02,2,2,2.5,e,-2.5,+1,3,3,3.5,f,-1.5,+1
sigma+,pi,24,43,43676.042113,3.010168e-02,2,2,2.5,e,+1.5,+1,3,3,2.5,f,+2.5,+1
sigma+,pi,23,42,43676.045513,1.209902e-02,2,2,2.5,e,+0.5,+1,3,3,2.5,f,+1.5,+1
sigma+,pi,22,41,43676.048883,5.586519e-09,2,2,2.5,e,-0.5,+1,3,3,2.5,f,+0.5,+1
sigma+,pi,21,40,43676.052223,1.217049e-02,2,2,2.5,e,-1.5,+1,3,3,2.5,f,-0.5,+1
sigma+,pi,20,39,43676.055532,3.057548e-02,2,2,2.5,e,-2.5,+1,3,3,2.5,f,-1.5,+1
sigma+,pi,43,84,58146.040466,4.205235e-04,3,3,2.5,f,+2.5,+1,4,4,4.5,e,+3.5,+1
sigma+,pi,42,83,58146.052535,5.278160e-04,3,3,2.5,f,+1.5,+1,4,4,4.5,e,+2.5,+1
sigma+,pi,41,82,58146.064616,4.542773e-04,3,3,2.5,f,+0.5,+1,4,4,4.5,e,+1.5,+1
sigma+,pi,40,81,58146.076707,3.041012e-04,3,3,2.5,f,-0.5,+1,4,4,4.5,e,+0.5,+1
sigma+,pi,39,80,58146.088809,1.526791e-04,3,3,2.5,f,-1.5,+1,4,4,4.5,e,-0.5,+1
sigma+,pi,38,79,58146.100922,4.599337e-05,3,3,2.5,f,-2.5,+1,4,4,4.5,e,-1.5,+1
sigma+,pi,43,67,58150.496757,8.298285e-03,3,3,2.5,f,+2.5,+1,4,4,3.5,e,+3.5,+1
sigma+,pi,42,66,58150.502907,2.401916e-04,3,3,2.5,f,+1.5,+1,4,4,3.5,e,+2.5,+1
sigma+,pi,41,65,58150.509061,1.412512e-03,3,3,2.5,f,+0.5,+1,4,4,3.5,e,+1.5,+1
sigma+,pi,40,64,58150.515218,4.630723e-03,3,3,2.5,f,-0.5,+1,4,4,3.5,e,+0.5,+1
sigma+,pi,39,63,58150.521377,5.725633e-03,3,3,2.5,f,-1.5,+1,4,4,3.5,e,-0.5,+1
sigma+,pi,38,62,58150.527540,3.552456e-03,3,3,2.5,f,-2.5,+1,4,4,3.5,e,-1.5,+1
sigma+,pi,59,85,58151.855966,1.000932e-02,3,3,3.5,f,+3.5,+1,4,4,4.5,e,+4.5,+1
sigma+,pi,58,84,58151.859102,1.423195e-03,3,3,3.5,f,+2.5,+1,4,4,4.5,e,+3.5,+1
sigma+,pi,57,83,58151.862235,1.216567e-04,3,3,3.5,f,+1.5,+1,4,4,4.5,e,+2.5,+1
sigma+,pi,56,82,58151.865365,2.136459e-03,3,3,3.5,f,+0.5,+1,4,4,4.5,e,+1.5,+1
sigma+,pi,55,81,58151.868492,4.602366e-03,3,3,3.5,f,-0.5,+1,4,4,4.5,e,+0.5,+1
sigma+,pi,54,80,58151.871616,5.752220e-03,3,3,3.5,f,-1.5,+1,4,4,4.5,e,-0.5,+1
sigma+,pi,53,79,58151.874737,4.911956e-03,3,3,3.5,f,-2.5,+1,4,4,4.5,e,-1.5,+1
sigma+,pi,52,78,58151.877855,2.495567e-03,3,3,3.5,f,-3.5,+1,4,4,4.5,e,-2.5,+1
sigma+,pi,52,61,58156.298514,7.272725e-04,3,3,3.5,f,-3.5,+1,4,4,3.5,e,-2.5,+1
sigma+,pi,53,62,58156.301355,5.530034e-04,3,3,3.5,f,-2.5,+1,4,4,3.5,e,-1.5,+1
sigma+,pi,54,63,58156.304184,1.726414e-04,3,3,3.5,f,-1.5,+1,4,4,3.5,e,-0.5,+1
sigma+,pi,55,64,58156.307003,4.115238e-10,3,3,3.5,f,-0.5,+1,4,4,3.5,e,+0.5,+1
sigma+,pi,56,65,58156.309810,1.707598e-04,3,3,3.5,f,+0.5,+1,4,4,3.5,e,+1.5,+1
sigma+,pi,57,66,58156.312607,5.459026e-04,3,3,3.5,f,+1.5,+1,4,4,3.5,e,+2.5,+1
sigma+,pi,58,67,58156.315393,7.150940e-04,3,3,3.5,f,+2.5,+1,4,4,3.5,e,+3.5,+1
sigma+,pi,37,94,58230.670158,7.284030e-03,3,3,2.5,e,+2.5,-1,4,4,4.5,f,+3.5,-1
sigma+,pi,36,93,58230.685735,9.129860e-03,3,3,2.5,e,+1.5,-1,4,4,4.5,f,+2.5,-1
sigma+,pi,35,92,58230.701322,7.846960e-03,3,3,2.5,e,+0.5,-1,4,4,4.5,f,+1.5,-1
sigma+,pi,34,91,58230.716921,5.245610e-03,3,3,2.5,e,-0.5,-1,4,4,4.5,f,+0.5,-1
sigma+,pi,33,90,58230.732532,2.629986e-03,3,3,2.5,e,-1.5,-1,4,4,4.5,f,-0.5,-1
sigma+,pi,32,89,58230.748153,7.911592e-04,3,3,2.5,e,-2.5,-1,4,4,4.5,f,-1.5,-1
sigma+,pi,37,75,58235.125102,1.435250e-01,3,3,2.5,e,+2.5,-1,4,4,3.5,f,+3.5,-1
sigma+,pi,36,74,58235.135140,4.153634e-03,3,3,2.5,e,+1.5,-1,4,4,3.5,f,+2.5,-1
sigma+,pi,35,73,58235.145183,2.443390e-02,3,3,2.5,e,+0.5,-1,4,4,3.5,f,+1.5,-1
sigma+,pi,34,72,58235.155231,8.010085e-02,3,3,2.5,e,-0.5,-1,4,4,3.5,f,+0.5,-1
sigma+,pi,33,71,58235.165282,9.904049e-02,3,3,2.5,e,-1.5,-1,4,4,3.5,f,-0.5,-1
sigma+,pi,32,70,58235.175338,6.144995e-02,3,3,2.5,e,-2.5,-1,4,4,3.5,f,-1.5,-1
sigma+,pi,51,95,58236.483877,1.733171e-01,3,3,3.5,e,+3.5,-1,4,4,4.5,f,+4.5,-1
sigma+,pi,50,94,58236.490031,2.464462e-02,3,3,3.5,e,+2.5,-1,4,4,4.5,f,+3.5,-1
sigma+,pi,49,93,58236.496182,2.106442e-03,3,3,3.5,e,+1.5,-1,4,4,4.5,f,+2.5,-1
sigma+,pi,48,92,58236.502327,3.699600e-02,3,3,3.5,e,+0.5,-1,4,4,4.5,f,+1.5,-1
sigma+,pi,47,91,58236.508469,7.969992e-02,3,3,3.5,e,-0.5,-1,4,4,4.5,f,+0.5,-1
sigma+,pi,46,90,58236.514607,9.961540e-02,3,3,3.5,e,-1.5,-1,4,4,4.5,f,-0.5,-1
sigma+,pi,45,89,58236.520740,8.506664e-02,3,3,3.5,e,-2.5,-1,4,4,4.5,f,-1.5,-1
sigma+,pi,44,88,58236.526869,4.322028e-02,3,3,3.5,e,-3.5,-1,4,4,4.5,f,-2.5,-1
sigma+,pi,50,75,58240.944975,1.229278e-02,3,3,3.5,e,+2.5,-1,4,4,3.5,f,+3.5,-1
sigma+,pi,49,74,58240.945587,9.393870e-03,3,3,3.5,e,+1.5,-1,4,4,3.5,f,+2.5,-1
sigma+,pi,48,73,58240.946188,2.944756e-03,3,3,3.5,e,+0.5,-1,4,4,3.5,f,+1.5,-1
sigma+,pi,47,72,58240.946778,1.210336e-10,3,3,3.5,e,-0.5,-1,4,4,3.5,f,+0.5,-1
sigma+,pi,46,71,58240.947357,2.959791e-03,3,3,3.5,e,-1.5,-1,4,4,3.5,f,-0.5,-1
sigma+,pi,45,70,58240.947924,9.501210e-03,3,3,3.5,e,-2.5,-1,4,4,3.5,f,-1.5,-1
sigma+,pi,44,69,58240.948480,1.250817e-02,3,3,3.5,e,-3.5,-1,4,4,3.5,f,-2.5,-1
sigma+,pi,75,126,72671.148302,3.938057e-04,4,4,3.5,f,+3.5,-1,5,5,5.5,e,+4.5,-1
sigma+,pi,74,125,72671.154660,5.537144e-04,4,4,3.5,f,+2.5,-1,5,5,5.5,e,+3.5,-1
sigma+,pi,73,124,72671.161025,5.561145e-04,4,4,3.5,f,+1.5,-1,5,5,5.5,e,+2.5,-1
sigma+,pi,72,123,72671.167395,4.654401e-04,4,4,3.5,f,+0.5,-1,5,5,5.5,e,+1.5,-1
sigma+,pi,71,122,72671.173772,3.339021e-04,4,4,3.5,f,-0.5,-1,5,5,5.5,e,+0.5,-1
sigma+,pi,70,121,72671.180154,2.012131e-04,4,4,3.5,f,-1.5,-1,5,5,5.5,e,-0.5,-1
sigma+,pi,69,120,72671.186543,9.430866e-05,4,4,3.5,f,-2.5,-1,5,5,5.5,e,-1.5,-1
sigma+,pi,68,119,72671.192938,2.706291e-05,4,4,3.5,f,-3.5,-1,5,5,5.5,e,-2.5,-1
sigma+,pi,75,105,72674.745062,1.758547e-02,4,4,3.5,f,+3.5,-1,5,5,4.5,e,+4.5,-1
sigma+,pi,74,104,72674.747158,2.521321e-03,4,4,3.5,f,+2.5,-1,5,5,4.5,e,+3.5,-1
sigma+,pi,73,103,72674.749254,2.055086e-04,4,4,3.5,f,+1.5,-1,5,5,4.5,e,+2.5,-1
sigma+,pi,72,102,72674.751351,3.721466e-03,4,4,3.5,f,+0.5,-1,5,5,4.5,e,+1.5,-1
sigma+,pi,71,101,72674.753449,8.053807e-03,4,4,3.5,f,-0.5,-1,5,5,4.5,e,+0.5,-1
sigma+,pi,70,100,72674.755547,1.009222e-02,4,4,3.5,f,-1.5,-1,5,5,4.5,e,-0.5,-1
sigma+,pi,69,99,72674.757647,8.635414e-03,4,4,3.5,f,-2.5,-1,5,5,4.5,e,-1.5,-1
sigma+,pi,68,98,72674.759748,4.395092e-03,4,4,3.5,f,-3.5,-1,5,5,4.5,e,-2.5,-1
sigma+,pi,95,127,72675.602424,1.970470e-02,4,4,4.5,f,+4.5,-1,5,5,5.5,e,+5.5,-1
sigma+,pi,94,126,72675.603245,4.963918e-03,4,4,4.5,f,+3.5,-1,5,5,5.5,e,+4.5,-1
sigma+,pi,93,125,72675.604066,1.561570e-04,4,4,4.5,f,+2.5,-1,5,5,5.5,e,+3.5,-1
sigma+,pi,92,124,72675.604886,1.122763e-03,4,4,4.5,f,+1.5,-1,5,5,5.5,e,+2.5,-1
sigma+,pi,91,123,72675.605704,4.564073e-03,4,4,4.5,f,+0.5,-1,5,5,5.5,e,+1.5,-1
sigma+,pi,90,122,72675.606522,8.036924e-03,4,4,4.5,f,-0.5,-1,5,5,5.5,e,+0.5,-1
sigma+,pi,89,121,72675.607339,9.952141e-03,4,4,4.5,f,-1.5,-1,5,5,5.5,e,-0.5,-1
sigma+,pi,88,120,72675.608155,9.572002e-03,4,4,4.5,f,-2.5,-1,5,5,5.5,e,-1.5,-1
sigma+,pi,87,119,72675.608970,7.007674e-03,4,4,4.5,f,-3.5,-1,5,5,5.5,e,-2.5,-1
sigma+,pi,86,118,72675.609784,3.216623e-03,4,4,4.5,f,-4.5,-1,5,5,5.5,e,-3.5,-1
sigma+,pi,86,97,72679.172294,7.284346e-04,4,4,4.5,f,-4.5,-1,5,5,4.5,e,-3.5,-1
sigma+,pi,87,98,72679.175780,7.275456e-04,4,4,4.5,f,-3.5,-1,5,5,4.5,e,-2.5,-1
sigma+,pi,88,99,72679.179259,4.241495e-04,4,4,4.5,f,-2.5,-1,5,5,4.5,e,-1.5,-1
sigma+,pi,89,100,72679.182732,1.214154e-04,4,4,4.5,f,-1.5,-1,5,5,4.5,e,-0.5,-1
sigma+,pi,90,101,72679.186199,1.750483e-09,4,4,4.5,f,-0.5,-1,5,5,4.5,e,+0.5,-1
sigma+,pi,91,102,72679.189660,1.191779e-04,4,4,4.5,f,+0.5,-1,5,5,4.5,e,+1.5,-1
sigma+,pi,92,103,72679.193115,4.179291e-04,4,4,4.5,f,+1.5,-1,5,5,4.5,e,+2.5,-1
sigma+,pi,93,104,72679.196564,7.160460e-04,4,4,4.5,f,+2.5,-1,5,5,4.5,e,+3.5,-1
sigma+,pi,94,105,72679.200006,7.151996e-04,4,4,4.5,f,+3.5,-1,5,5,4.5,e,+4.5,-1
sigma+,pi,1,49,72716.995480,1.197736e-08,1,1,0.5,e,+0.5,-1,3,3,3.5,e,+1.5,-1
sigma+,pi,0,48,72717.117390,7.348977e-09,1,1,0.5,e,-0.5,-1,3,3,3.5,e,+0.5,-1
sigma+,pi,1,36,72722.805927,1.870666e-02,1,1,0.5,e,+0.5,-1,3,3,2.5,e,+1.5,-1
sigma+,pi,0,35,72722.918396,9.379870e-03,1,1,0.5,e,-0.5,-1,3,3,2.5,e,+0.5,-1
sigma+,pi,7,50,72732.034079,1.718026e-02,1,1,1.5,e,+1.5,-1,3,3,3.5,e,+2.5,-1
sigma+,pi,6,49,72732.081027,1.714295e-02,1,1,1.5,e,+0.5,-1,3,3,3.5,e,+1.5,-1
sigma+,pi,5,48,72732.127796,1.026328e-02,1,1,1.5,e,-0.5,-1,3,3,3.5,e,+0.5,-1
sigma+,pi,4,47,72732.174384,3.413564e-03,1,1,1.5,e,-1.5,-1,3,3,3.5,e,-0.5,-1
sigma+,pi,7,37,72737.853953,2.820219e-03,1,1,1.5,e,+1.5,-1,3,3,2.5,e,+2.5,-1
sigma+,pi,6,36,72737.891474,1.859288e-04,1,1,1.5,e,+0.5,-1,3,3,2.5,e,+1.5,-1
sigma+,pi,5,35,72737.928801,2.367880e-03,1,1,1.5,e,-0.5,-1,3,3,2.5,e,+0.5,-1
sigma+,pi,4,34,72737.965932,2.579906e-03,1,1,1.5,e,-1.5,-1,3,3,2.5,e,-0.5,-1
sigma+,pi,3,57,72743.444418,8.164668e-08,1,1,0.5,f,+0.5,+1,3,3,3.5,f,+1.5,+1
sigma+,pi,2,56,72743.565508,5.001337e-08,1,1,0.5,f,-0.5,+1,3,3,3.5,f,+0.5,+1
sigma+,pi,3,42,72749.254118,1.058471e-01,1,1,0.5,f,+0.5,+1,3,3,2.5,f,+1.5,+1
sigma+,pi,2,41,72749.366257,5.307330e-02,1,1,0.5,f,-0.5,+1,3,3,2.5,f,+0.5,+1
sigma+,pi,11,58,72758.482108,9.725765e-02,1,1,1.5,f,+1.5,+1,3,3,3.5,f,+2.5,+1
sigma+,pi,10,57,72758.529381,9.705829e-02,1,1,1.5,f,+0.5,+1,3,3,3.5,f,+1.5,+1
sigma+,pi,9,56,72758.576479,5.811485e-02,1,1,1.5,f,-0.5,+1,3,3,3.5,f,+0.5,+1
sigma+,pi,8,55,72758.623402,1.933141e-02,1,1,1.5,f,-1.5,+1,3,3,3.5,f,-0.5,+1
sigma+,pi,11,43,72764.300744,1.606374e-02,1,1,1.5,f,+1.5,+1,3,3,2.5,f,+2.5,+1
sigma+,pi,10,42,72764.339080,1.056870e-03,1,1,1.5,f,+0.5,+1,3,3,2.5,f,+1.5,+1
sigma+,pi,9,41,72764.377229,1.347495e-02,1,1,1.5,f,-0.5,+1,3,3,2.5,f,+0.5,+1
sigma+,pi,8,40,72764.415187,1.468251e-02,1,1,1.5,f,-1.5,+1,3,3,2.5,f,-0.5,+1
sigma+,pi,67,138,72803.384521,3.368150e-03,4,4,3.5,e,+3.5,+1,5,5,5.5,f,+4.5,+1
sigma+,pi,66,137,72803.394367,4.727572e-03,4,4,3.5,e,+2.5,+1,5,5,5.5,f,+3.5,+1
sigma+,pi,65,136,72803.404219,4.739781e-03,4,4,3.5,e,+1.5,+1,5,5,5.5,f,+2.5,+1
sigma+,pi,64,135,72803.414077,3.960031e-03,4,4,3.5,e,+0.5,+1,5,5,5.5,f,+1.5,+1
sigma+,pi,63,134,72803.423942,2.835918e-03,4,4,3.5,e,-0.5,+1,5,5,5.5,f,+0.5,+1
sigma+,pi,62,133,72803.433812,1.705963e-03,4,4,3.5,e,-1.5,+1,5,5,5.5,f,-0.5,+1
sigma+,pi,61,132,72803.443689,7.981827e-04,4,4,3.5,e,-2.5,+1,5,5,5.5,f,-1.5,+1
sigma+,pi,60,131,72803.453573,2.286450e-04,4,4,3.5,e,-3.5,+1,5,5,5.5,f,-2.5,+1
sigma+,pi,67,115,72806.979865,1.499848e-01,4,4,3.5,e,+3.5,+1,5,5,4.5,f,+4.5,+1
sigma+,pi,66,114,72806.985759,2.150361e-02,4,4,3.5,e,+2.5,+1,5,5,4.5,f,+3.5,+1
sigma+,pi,65,113,72806.991655,1.753190e-03,4,4,3.5,e,+1.5,+1,5,5,4.5,f,+2.5,+1
sigma+,pi,64,112,72806.997552,3.174332e-02,4,4,3.5,e,+0.5,+1,5,5,4.5,f,+1.5,+1
sigma+,pi,63,111,72807.003451,6.869701e-02,4,4,3.5,e,-0.5,+1,5,5,4.5,f,+0.5,+1
sigma+,pi,62,110,72807.009351,8.608476e-02,4,4,3.5,e,-1.5,+1,5,5,4.5,f,-0.5,+1
sigma+,pi,61,109,72807.015254,7.365918e-02,4,4,3.5,e,-2.5,+1,5,5,4.5,f,-1.5,+1
sigma+,pi,60,108,72807.021159,3.749010e-02,4,4,3.5,e,-3.5,+1,5,5,4.5,f,-2.5,+1
sigma+,pi,85,139,72807.836882,1.681674e-01,4,4,4.5,e,+4.5,+1,5,5,5.5,f,+5.5,+1
sigma+,pi,84,138,72807.840811,4.236535e-02,4,4,4.5,e,+3.5,+1,5,5,5.5,f,+4.5,+1
sigma+,pi,83,137,72807.844738,1.332905e-03,4,4,4.5,e,+2.5,+1,5,5,5.5,f,+3.5,+1
sigma+,pi,82,136,72807.848664,9.582219e-03,4,4,4.5,e,+1.5,+1,5,5,5.5,f,+2.5,+1
sigma+,pi,81,135,72807.852588,3.895381e-02,4,4,4.5,e,+0.5,+1,5,5,5.5,f,+1.5,+1
sigma+,pi,80,134,72807.856510,6.859614e-02,4,4,4.5,e,-0.5,+1,5,5,5.5,f,+0.5,+1
sigma+,pi,79,133,72807.860430,8.494492e-02,4,4,4.5,e,-1.5,+1,5,5,5.5,f,-0.5,+1
sigma+,pi,78,132,72807.864349,8.170230e-02,4,4,4.5,e,-2.5,+1,5,5,5.5,f,-1.5,+1
sigma+,pi,77,131,72807.868266,5.981578e-02,4,4,4.5,e,-3.5,+1,5,5,5.5,f,-2.5,+1
sigma+,pi,76,130,72807.872181,2.745695e-02,4,4,4.5,e,-4.5,+1,5,5,5.5,f,-3.5,+1
sigma+,pi,76,107,72811.435783,6.187356e-03,4,4,4.5,e,-4.5,+1,5,5,4.5,f,-3.5,+1
sigma+,pi,77,108,72811.435852,6.172630e-03,4,4,4.5,e,-3.5,+1,5,5,4.5,f,-2.5,+1
sigma+,pi,78,109,72811.435914,3.592321e-03,4,4,4.5,e,-2.5,+1,5,5,4.5,f,-1.5,+1
sigma+,pi,79,110,72811.435969,1.024182e-03,4,4,4.5,e,-1.5,+1,5,5,4.5,f,-0.5,+1
sigma+,pi,80,111,72811.436019,7.936926e-11,4,4,4.5,e,-0.5,+1,5,5,4.5,f,+0.5,+1
sigma+,pi,81,112,72811.436063,1.018157e-03,4,4,4.5,e,+0.5,+1,5,5,4.5,f,+1.5,+1
sigma+,pi,82,113,72811.436100,3.556002e-03,4,4,4.5,e,+1.5,+1,5,5,4.5,f,+2.5,+1
sigma+,pi,83,114,72811.436131,6.082026e-03,4,4,4.5,e,+2.5,+1,5,5,4.5,f,+3.5,+1
sigma+,pi,84,115,72811.436156,6.067846e-03,4,4,4.5,e,+3.5,+1,5,5,4.5,f,+4.5,+1
sigma+,pi,15,83,101813.711655,7.358551e-11,2,2,1.5,e,+1.5,+1,4,4,4.5,e,+2.5,+1
sigma+,pi,14,82,101813.746682,9.112099e-11,2,2,1.5,e,+0.5,+1,4,4,4.5,e,+1.5,+1
sigma+,pi,13,81,101813.781737,5.843842e-11,2,2,1.5,e,-0.5,+1,4,4,4.5,e,+0.5,+1
sigma+,pi,12,80,101813.816819,1.871593e-11,2,2,1.5,e,-1.5,+1,4,4,4.5,e,-0.5,+1
sigma+,pi,15,66,101818.162027,2.144049e-02,2,2,1.5,e,+1.5,+1,4,4,3.5,e,+2.5,+1
sigma+,pi,14,65,101818.191128,2.146266e-02,2,2,1.5,e,+0.5,+1,4,4,3.5,e,+1.5,+1
sigma+,pi,13,64,101818.220248,1.289099e-02,2,2,1.5,e,-0.5,+1,4,4,3.5,e,+0.5,+1
sigma+,pi,12,63,101818.249387,4.301495e-03,2,2,1.5,e,-1.5,+1,4,4,3.5,e,-0.5,+1
sigma+,pi,25,84,101822.055315,1.855349e-02,2,2,2.5,e,+2.5,+1,4,4,4.5,e,+3.5,+1
sigma+,pi,24,83,101822.070807,2.316711e-02,2,2,2.5,e,+1.5,+1,4,4,4.5,e,+2.5,+1
sigma+,pi,23,82,101822.086280,1.983622e-02,2,2,2.5,e,+0.5,+1,4,4,4.5,e,+1.5,+1
sigma+,pi,22,81,101822.101734,1.320989e-02,2,2,2.5,e,-0.5,+1,4,4,4.5,e,+0.5,+1
sigma+,pi,21,80,101822.117169,6.597790e-03,2,2,2.5,e,-1.5,+1,4,4,4.5,e,-0.5,+1
sigma+,pi,20,79,101822.132585,1.977182e-03,2,2,2.5,e,-2.5,+1,4,4,4.5,e,-1.5,+1
sigma+,pi,25,67,101826.511605,2.282670e-03,2,2,2.5,e,+2.5,+1,4,4,3.5,e,+3.5,+1
sigma+,pi,24,66,101826.521179,6.532345e-05,2,2,2.5,e,+1.5,+1,4,4,3.5,e,+2.5,+1
sigma+,pi,23,65,101826.530726,3.946574e-04,2,2,2.5,e,+0.5,+1,4,4,3.5,e,+1.5,+1
sigma+,pi,22,64,101826.540245,1.293276e-03,2,2,2.5,e,-0.5,+1,4,4,3.5,e,+0.5,+1
sigma+,pi,21,63,101826.549738,1.602409e-03,2,2,2.5,e,-1.5,+1,4,4,3.5,e,-0.5,+1
sigma+,pi,20,62,101826.559203,9.968039e-04,2,2,2.5,e,-2.5,+1,4,4,3.5,e,-1.5,+1
sigma+,pi,19,93,101850.740932,2.673316e-11,2,2,1.5,f,+1.5,-1,4,4,4.5,f,+2.5,-1
sigma+,pi,18,92,101850.775425,4.030944e-11,2,2,1.5,f,+0.5,-1,4,4,4.5,f,+1.5,-1
sigma+,pi,17,91,101850.809943,3.119345e-11,2,2,1.5,f,-0.5,-1,4,4,4.5,f,+0.5,-1
sigma+,pi,16,90,101850.844487,1.196208e-11,2,2,1.5,f,-1.5,-1,4,4,4.5,f,-0.5,-1
sigma+,pi,19,74,101855.190338,1.213858e-01,2,2,1.5,f,+1.5,-1,4,4,3.5,f,+2.5,-1
sigma+,pi,18,73,101855.219286,1.215086e-01,2,2,1.5,f,+0.5,-1,4,4,3.5,f,+1.5,-1
sigma+,pi,17,72,101855.248252,7.297932e-02,2,2,1.5,f,-0.5,-1,4,4,3.5,f,+0.5,-1
sigma+,pi,16,71,101855.277237,2.435133e-02,2,2,1.5,f,-1.5,-1,4,4,3.5,f,-0.5,-1
sigma+,pi,31,94,101859.083398,1.050479e-01,2,2,2.5,f,+2.5,-1,4,4,4.5,f,+3.5,-1
sigma+,pi,30,93,101859.099042,1.311794e-01,2,2,2.5,f,+1.5,-1,4,4,4.5,f,+2.5,-1
sigma+,pi,29,92,101859.114668,1.123272e-01,2,2,2.5,f,+0.5,-1,4,4,4.5,f,+1.5,-1
sigma+,pi,28,91,101859.130277,7.480964e-02,2,2,2.5,f,-0.5,-1,4,4,4.5,f,+0.5,-1
sigma+,pi,27,90,101859.145867,3.736711e-02,2,2,2.5,f,-1.5,-1,4,4,4.5,f,-0.5,-1
sigma+,pi,26,89,101859.161439,1.119878e-02,2,2,2.5,f,-2.5,-1,4,4,4.5,f,-1.5,-1
sigma+,pi,31,75,101863.538342,1.300577e-02,2,2,2.5,f,+2.5,-1,4,4,3.5,f,+3.5,-1
sigma+,pi,30,74,101863.548448,3.730988e-04,2,2,2.5,f,+1.5,-1,4,4,3.5,f,+2.5,-1
sigma+,pi,29,73,101863.558529,2.244501e-03,2,2,2.5,f,+0.5,-1,4,4,3.5,f,+1.5,-1
sigma+,pi,28,72,101863.568586,7.358984e-03,2,2,2.5,f,-0.5,-1,4,4,3.5,f,+0.5,-1
sigma+,pi,27,71,101863.578617,9.118795e-03,2,2,2.5,f,-1.5,-1,4,4,3.5,f,-0.5,-1
sigma+,pi,26,70,101863.588623,5.672478e-03,2,2,2.5,f,-2.5,-1,4,4,3.5,f,-1.5,-1
sigma+,pi,37,125,130906.263988,2.233747e-09,3,3,2.5,e,+2.5,-1,5,5,5.5,e,+3.5,-1
sigma+,pi,36,124,130906.280388,3.727198e-09,3,3,2.5,e,+1.5,-1,5,5,5.5,e,+2.5,-1
sigma+,pi,35,123,130906.296798,3.731464e-09,3,3,2.5,e,+0.5,-1,5,5,5.5,e,+1.5,-1
sigma+,pi,34,122,130906.313218,2.668365e-09,3,3,2.5,e,-0.5,-1,5,5,5.5,e,+0.5,-1
sigma+,pi,33,121,130906.329649,1.335692e-09,3,3,2.5,e,-1.5,-1,5,5,5.5,e,-0.5,-1
sigma+,pi,32,120,130906.346090,3.744142e-10,3,3,2.5,e,-2.5,-1,5,5,5.5,e,-1.5,-1
sigma+,pi,37,104,130909.856486,2.000426e-02,3,3,2.5,e,+2.5,-1,5,5,4.5,e,+3.5,-1
sigma+,pi,36,103,130909.868617,2.501996e-02,3,3,2.5,e,+1.5,-1,5,5,4.5,e,+2.5,-1
sigma+,pi,35,102,130909.880753,2.145828e-02,3,3,2.5,e,+0.5,-1,5,5,4.5,e,+1.5,-1
sigma+,pi,34,101,130909.892895,1.431397e-02,3,3,2.5,e,-0.5,-1,5,5,4.5,e,+0.5,-1
sigma+,pi,33,100,130909.905042,7.161226e-03,3,3,2.5,e,-1.5,-1,5,5,4.5,e,-0.5,-1
sigma+,pi,32,99,130909.917194,2.149647e-03,3,3,2.5,e,-2.5,-1,5,5,4.5,e,-1.5,-1
sigma+,pi,51,126,130912.076883,1.738538e-02,3,3,3.5,e,+3.5,-1,5,5,5.5,e,+4.5,-1
sigma+,pi,50,125,130912.083862,2.432299e-02,3,3,3.5,e,+2.5,-1,5,5,5.5,e,+3.5,-1
sigma+,pi,49,124,130912.090835,2.430639e-02,3,3,3.5,e,+1.5,-1,5,5,5.5,e,+2.5,-1
sigma+,pi,48,123,130912.097803,2.024144e-02,3,3,3.5,e,+0.5,-1,5,5,5.5,e,+1.5,-1
sigma+,pi,47,122,130912.104766,1.444822e-02,3,3,3.5,e,-0.5,-1,5,5,5.5,e,+0.5,-1
sigma+,pi,46,121,130912.111724,8.662937e-03,3,3,3.5,e,-1.5,-1,5,5,5.5,e,-0.5,-1
sigma+,pi,45,120,130912.118676,4.039898e-03,3,3,3.5,e,-2.5,-1,5,5,5.5,e,-1.5,-1
sigma+,pi,44,119,130912.125624,1.153452e-03,3,3,3.5,e,-3.5,-1,5,5,5.5,e,-2.5,-1
sigma+,pi,11,66,130914.779810,6.898320e-11,1,1,1.5,f,+1.5,+1,4,4,3.5,e,+2.5,+1
sigma+,pi,10,65,130914.824293,6.960933e-11,1,1,1.5,f,+0.5,+1,4,4,3.5,e,+1.5,+1
sigma+,pi,9,64,130914.868591,4.214603e-11,1,1,1.5,f,-0.5,+1,4,4,3.5,e,+0.5,+1
sigma+,pi,8,63,130914.912702,1.417711e-11,1,1,1.5,f,-1.5,+1,4,4,3.5,e,-0.5,+1
sigma+,pi,51,105,130915.673644,1.709251e-03,3,3,3.5,e,+3.5,-1,5,5,4.5,e,+4.5,-1
sigma+,pi,50,104,130915.676359,2.435805e-04,3,3,3.5,e,+2.5,-1,5,5,4.5,e,+3.5,-1
sigma+,pi,49,103,130915.679064,2.103963e-05,3,3,3.5,e,+1.5,-1,5,5,4.5,e,+2.5,-1
sigma+,pi,48,102,130915.681758,3.691369e-04,3,3,3.5,e,+0.5,-1,5,5,4.5,e,+1.5,-1
sigma+,pi,47,101,130915.684443,7.974590e-04,3,3,3.5,e,-0.5,-1,5,5,4.5,e,+0.5,-1
sigma+,pi,46,100,130915.687117,9.998391e-04,3,3,3.5,e,-1.5,-1,5,5,4.5,e,-0.5,-1
sigma+,pi,45,99,130915.689780,8.565642e-04,3,3,3.5,e,-2.5,-1,5,5,4.5,e,-1.5,-1
sigma+,pi,44,98,130915.692433,4.366238e-04,3,3,3.5,e,-3.5,-1,5,5,4.5,e,-2.5,-1
sigma+,pi,43,137,130953.873433,7.921749e-09,3,3,2.5,f,+2.5,+1,5,5,5.5,f,+3.5,+1
sigma+,pi,42,136,130953.889432,1.320720e-08,3,3,2.5,f,+1.5,+1,5,5,5.5,f,+2.5,+1
sigma+,pi,41,135,130953.905440,1.321134e-08,3,3,2.5,f,+0.5,+1,5,5,5.5,f,+1.5,+1
sigma+,pi,40,134,130953.921457,9.439516e-09,3,3,2.5,f,-0.5,+1,5,5,5.5,f,+0.5,+1
sigma+,pi,39,133,130953.937483,4.721127e-09,3,3,2.5,f,-1.5,+1,5,5,5.5,f,-0.5,+1
sigma+,pi,38,132,130953.953519,1.322284e-09,3,3,2.5,f,-2.5,+1,5,5,5.5,f,-1.5,+1
sigma+,pi,43,114,130957.464825,1.132740e-01,3,3,2.5,f,+2.5,+1,5,5,4.5,f,+3.5,+1
sigma+,pi,42,113,130957.476867,1.416721e-01,3,3,2.5,f,+1.5,+1,5,5,4.5,f,+2.5,+1
sigma+,pi,41,112,130957.488914,1.215018e-01,3,3,2.5,f,+0.5,+1,5,5,4.5,f,+1.5,+1
sigma+,pi,40,111,130957.500966,8.104710e-02,3,3,2.5,f,-0.5,+1,5,5,4.5,f,+0.5,+1
sigma+,pi,39,110,130957.513022,4.054661e-02,3,3,2.5,f,-1.5,+1,5,5,4.5,f,-0.5,+1
sigma+,pi,38,109,130957.525083,1.217094e-02,3,3,2.5,f,-2.5,+1,5,5,4.5,f,-1.5,+1
sigma+,pi,1,73,130957.925290,1.045977e-12,1,1,0.5,e,+0.5,-1,4,4,3.5,f,+1.5,-1
sigma+,pi,59,138,130959.685002,9.844085e-02,3,3,3.5,f,+3.5,+1,5,5,5.5,f,+4.5,+1
sigma+,pi,58,137,130959.692069,1.377307e-01,3,3,3.5,f,+2.5,+1,5,5,5.5,f,+3.5,+1
sigma+,pi,57,136,130959.699131,1.376439e-01,3,3,3.5,f,+1.5,+1,5,5,5.5,f,+2.5,+1
sigma+,pi,56,135,130959.706189,1.146307e-01,3,3,3.5,f,+0.5,+1,5,5,5.5,f,+1.5,+1
sigma+,pi,55,134,130959.713242,8.182710e-02,3,3,3.5,f,-0.5,+1,5,5,5.5,f,+0.5,+1
sigma+,pi,54,133,130959.720290,4.906496e-02,3,3,3.5,f,-1.5,+1,5,5,5.5,f,-0.5,+1
sigma+,pi,53,132,130959.727334,2.288233e-02,3,3,3.5,f,-2.5,+1,5,5,5.5,f,-1.5,+1
sigma+,pi,52,131,130959.734372,6.533607e-03,3,3,3.5,f,-3.5,+1,5,5,5.5,f,-2.5,+1
sigma+,pi,59,115,130963.280346,9.740928e-03,3,3,3.5,f,+3.5,+1,5,5,4.5,f,+4.5,+1
sigma+,pi,58,114,130963.283461,1.389494e-03,3,3,3.5,f,+2.5,+1,5,5,4.5,f,+3.5,+1
sigma+,pi,57,113,130963.286567,1.191473e-04,3,3,3.5,f,+1.5,+1,5,5,4.5,f,+2.5,+1
sigma+,pi,56,112,130963.289663,2.099269e-03,3,3,3.5,f,+0.5,+1,5,5,4.5,f,+1.5,+1
sigma+,pi,55,111,130963.292751,4.536951e-03,3,3,3.5,f,-0.5,+1,5,5,4.5,f,+0.5,+1
sigma+,pi,54,110,130963.295829,5.688941e-03,3,3,3.5,f,-1.5,+1,5,5,4.5,f,-0.5,+1
sigma+,pi,53,109,130963.298898,4.873808e-03,3,3,3.5,f,-2.5,+1,5,5,4.5,f,-1.5,+1
sigma+,pi,52,108,130963.301958,2.484314e-03,3,3,3.5,f,-3.5,+1,5,5,4.5,f,-2.5,+1
sigma+,pi,7,74,130972.963281,6.712368e-09,1,1,1.5,e,+1.5,-1,4,4,3.5,f,+2.5,-1
sigma+,pi,6,73,130973.010837,6.768658e-09,1,1,1.5,e,+0.5,-1,4,4,3.5,f,+1.5,-1
sigma+,pi,5,72,130973.058204,4.095396e-09,1,1,1.5,e,-0.5,-1,4,4,3.5,f,+0.5,-1
sigma+,pi,4,71,130973.105378,1.376678e-09,1,1,1.5,e,-1.5,-1,4,4,3.5,f,-0.5,-1
sigma+,pi,31,104,174538.269726,1.720321e-10,2,2,2.5,f,+2.5,-1,5,5,4.5,e,+3.5,-1
sigma+,pi,30,103,174538.281924,2.159730e-10,2,2,2.5,f,+1.5,-1,5,5,4.5,e,+2.5,-1
sigma+,pi,29,102,174538.294099,1.859242e-10,2,2,2.5,f,+0.5,-1,5,5,4.5,e,+1.5,-1
sigma+,pi,28,101,174538.306250,1.244890e-10,2,2,2.5,f,-0.5,-1,5,5,4.5,e,+0.5,-1
sigma+,pi,27,100,174538.318377,6.251596e-11,2,2,2.5,f,-1.5,-1,5,5,4.5,e,-0.5,-1
sigma+,pi,26,99,174538.330479,1.883672e-11,2,2,2.5,f,-2.5,-1,5,5,4.5,e,-1.5,-1
sigma+,pi,25,114,174633.479674,2.963280e-09,2,2,2.5,e,+2.5,+1,5,5,4.5,f,+3.5,+1
sigma+,pi,24,113,174633.495139,3.719270e-09,2,2,2.5,e,+1.5,+1,5,5,4.5,f,+2.5,+1
sigma+,pi,23,112,174633.510579,3.201030e-09,2,2,2.5,e,+0.5,+1,5,5,4.5,f,+1.5,+1
sigma+,pi,22,111,174633.525994,2.142797e-09,2,2,2.5,e,-0.5,+1,5,5,4.5,f,+0.5,+1
sigma+,pi,21,110,174633.541383,1.075815e-09,2,2,2.5,e,-1.5,+1,5,5,4.5,f,-0.5,+1
sigma+,pi,20,109,174633.556747,3.240778e-10,2,2,2.5,e,-2.5,+1,5,5,4.5,f,-1.5,+1
sigma-,pi,109,20,-174633.556747,3.240778e-10,5,5,4.5,f,-1.5,+1,2,2,2.5,e,-2.5,+1
sigma-,pi,110,21,-174633.541383,1.075815e-09,5,5,4.5,f,-0.5,+1,2,2,2.5,e,-1.5,+1
sigma-,pi,111,22,-174633.525994,2.142797e-09,5,5,4.5,f,+0.5,+1,2,2,2.5,e,-0.5,+1
sigma-,pi,112,23,-174633.510579,3.201030e-09,5,5,4.5,f,+1.5,+1,2,2,2.5,e,+0.5,+1
sigma-,pi,113,24,-174633.495139,3.719270e-09,5,5,4.5,f,+2.5,+1,2,2,2.5,e,+1.5,+1
sigma-,pi,114,25,-174633.479674,2.963280e-09,5,5,4.5,f,+3.5,+1,2,2,2.5,e,+2.5,+1
sigma-,pi,99,26,-174538.330479,1.883672e-11,5,5,4.5,e,-1.5,-1,2,2,2.5,f,-2.5,-1
sigma-,pi,100,27,-174538.318377,6.251596e-11,5,5,4.5,e,-0.5,-1,2,2,2.5,f,-1.5,-1
sigma-,pi,101,28,-174538.306250,1.244890e-10,5,5,4.5,e,+0.5,-1,2,2,2.5,f,-0.5,-1
sigma-,pi,102,29,-174538.294099,1.859242e-10,5,5,4.5,e,+1.5,-1,2,2,2.5,f,+0.5,-1
sigma-,pi,103,30,-174538.281924,2.159730e-10,5,5,4.5,e,+2.5,-1,2,2,2.5,f,+1.5,-1
sigma-,pi,104,31,-174538.269726,1.720321e-10,5,5,4.5,e,+3.5,-1,2,2,2.5,f,+2.5,-1
sigma-,pi,71,4,-130973.105378,1.376678e-09,4,4,3.5,f,-0.5,-1,1,1,1.5,e,-1.5,-1
sigma-,pi,72,5,-130973.058204,4.095396e-09,4,4,3.5,f,+0.5,-1,1,1,1.5,e,-0.5,-1
sigma-,pi,73,6,-130973.010837,6.768658e-09,4,4,3.5,f,+1.5,-1,1,1,1.5,e,+0.5,-1
sigma-,pi,74,7,-130972.963281,6.712368e-09,4,4,3.5,f,+2.5,-1,1,1,1.5,e,+1.5,-1
sigma-,pi,108,52,-130963.301958,2.484314e-03,5,5,4.5,f,-2.5,+1,3,3,3.5,f,-3.5,+1
sigma-,pi,109,53,-130963.298898,4.873808e-03,5,5,4.5,f,-1.5,+1,3,3,3.5,f,-2.5,+1
sigma-,pi,110,54,-130963.295829,5.688941e-03,5,5,4.5,f,-0.5,+1,3,3,3.5,f,-1.5,+1
sigma-,pi,111,55,-130963.292751,4.536951e-03,5,5,4.5,f,+0.5,+1,3,3,3.5,f,-0.5,+1
sigma-,pi,112,56,-130963.289663,2.099269e-03,5,5,4.5,f,+1.5,+1,3,3,3.5,f,+0.5,+1
sigma-,pi,113,57,-130963.286567,1.191473e-04,5,5,4.5,f,+2.5,+1,3,3,3.5,f,+1.5,+1
sigma-,pi,114,58,-130963.283461,1.389494e-03,5,5,4.5,f,+3.5,+1,3,3,3.5,f,+2.5,+1
sigma-,pi,115,59,-130963.280346,9.740928e-03,5,5,4.5,f,+4.5,+1,3,3,3.5,f,+3.5,+1
sigma-,pi,131,52,-130959.734372,6.533607e-03,5,5,5.5,f,-2.5,+1,3,3,3.5,f,-3.5,+1
sigma-,pi,132,53,-130959.727334,2.288233e-02,5,5,5.5,f,-1.5,+1,3,3,3.5,f,-2.5,+1
sigma-,pi,133,54,-130959.720290,4.906496e-02,5,5,5.5,f,-0.5,+1,3,3,3.5,f,-1.5,+1
sigma-,pi,134,55,-130959.713242,8.182710e-02,5,5,5.5,f,+0.5,+1,3,3,3.5,f,-0.5,+1
sigma-,pi,135,56,-130959.706189,1.146307e-01,5,5,5.5,f,+1.5,+1,3,3,3.5,f,+0.5,+1
sigma-,pi,136,57,-130959.699131,1.376439e-01,5,5,5.5,f,+2.5,+1,3,3,3.5,f,+1.5,+1
sigma-,pi,137,58,-130959.692069,1.377307e-01,5,5,5.5,f,+3.5,+1,3,3,3.5,f,+2.5,+1
sigma-,pi,138,59,-130959.685002,9.844085e-02,5,5,5.5,f,+4.5,+1,3,3,3.5,f,+3.5,+1
sigma-,pi,73,1,-130957.925290,1.045977e-12,4,4,3.5,f,+1.5,-1,1,1,0.5,e,+0.5,-1
sigma-,pi,109,38,-130957.525083,1.217094e-02,5,5,4.5,f,-1.5,+1,3,3,2.5,f,-2.5,+1
sigma-,pi,110,39,-130957.513022,4.054661e-02,5,5,4.5,f,-0.5,+1,3,3,2.5,f,-1.5,+1
sigma-,pi,111,40,-130957.500966,8.104710e-02,5,5,4.5,f,+0.5,+1,3,3,2.5,f,-0.5,+1
sigma-,pi,112,41,-130957.488914,1.215018e-01,5,5,4.5,f,+1.5,+1,3,3,2.5,f,+0.5,+1
sigma-,pi,113,42,-130957.476867,1.416721e-01,5,5,4.5,f,+2.5,+1,3,3,2.5,f,+1.5,+1
sigma-,pi,114,43,-130957.464825,1.132740e-01,5,5,4.5,f,+3.5,+1,3,3,2.5,f,+2.5,+1
sigma-,pi,132,38,-130953.953519,1.322284e-09,5,5,5.5,f,-1.5,+1,3,3,2.5,f,-2.5,+1
sigma-,pi,133,39,-130953.937483,4.721127e-09,5,5,5.5,f,-0.5,+1,3,3,2.5,f,-1.5,+1
sigma-,pi,134,40,-130953.921457,9.439516e-09,5,5,5.5,f,+0.5,+1,3,3,2.5,f,-0.5,+1
sigma-,pi,135,41,-130953.905440,1.321134e-08,5,5,5.5,f,+1.5,+1,3,3,2.5,f,+0.5,+1
sigma-,pi,136,42,-130953.889432,1.320720e-08,5,5,5.5,f,+2.5,+1,3,3,2.5,f,+1.5,+1
sigma-,pi,137,43,-130953.873433,7.921749e-09,5,5,5.5,f,+3.5,+1,3,3,2.5,f,+2.5,+1
sigma-,pi,98,44,-130915.692433,4.366238e-04,5,5,4.5,e,-2.5,-1,3,3,3.5,e,-3.5,-1
sigma-,pi,99,45,-130915.689780,8.565642e-04,5,5,4.5,e,-1.5,-1,3,3,3.5,e,-2.5,-1
sigma-,pi,100,46,-130915.687117,9.998391e-04,5,5,4.5,e,-0.5,-1,3,3,3.5,e,-1.5,-1
sigma-,pi,101,47,-130915.684443,7.974590e-04,5,5,4.5,e,+0.5,-1,3,3,3.5,e,-0.5,-1
sigma-,pi,102,48,-130915.681758,3.691369e-04,5,5,4.5,e,+1.5,-1,3,3,3.5,e,+0.5,-1
sigma-,pi,103,49,-130915.679064,2.103963e-05,5,5,4.5,e,+2.5,-1,3,3,3.5,e,+1.5,-1
sigma-,pi,104,50,-130915.676359,2.435805e-04,5,5,4.5,e,+3.5,-1,3,3,3.5,e,+2.5,-1
sigma-,pi,105,51,-130915.673644,1.709251e-03,5,5,4.5,e,+4.5,-1,3,3,3.5,e,+3.5,-1
sigma-,pi,63,8,-130914.912702,1.417711e-11,4,4,3.5,e,-0.5,+1,1,1,1.5,f,-1.5,+1
sigma-,pi,64,9,-130914.868591,4.214603e-11,4,4,3.5,e,+0.5,+1,1,1,1.5,f,-0.5,+1
sigma-,pi,65,10,-130914.824293,6.960933e-11,4,4,3.5,e,+1.5,+1,1,1,1.5,f,+0.5,+1
sigma-,pi,66,11,-130914.779810,6.898320e-11,4,4,3.5,e,+2.5,+1,1,1,1.5,f,+1.5,+1
sigma-,pi,119,44,-130912.125624,1.153452e-03,5,5,5.5,e,-2.5,-1,3,3,3.5,e,-3.5,-1
sigma-,pi,120,45,-130912.118676,4.039898e-03,5,5,5.5,e,-1.5,-1,3,3,3.5,e,-2.5,-1
sigma-,pi,121,46,-130912.111724,8.662937e-03,5,5,5.5,e,-0.5,-1,3,3,3.5,e,-1.5,-1
sigma-,pi,122,47,-130912.104766,1.444822e-02,5,5,5.5,e,+0.5,-1,3,3,3.5,e,-0.5,-1
sigma-,pi,123,48,-130912.097803,2.024144e-02,5,5,5.5,e,+1.5,-1,3,3,3.5,e,+0.5,-1
sigma-,pi,124,49,-130912.090835,2.430639e-02,5,5,5.5,e,+2.5,-1,3,3,3.5,e,+1.5,-1
sigma-,pi,125,50,-130912.083862,2.432299e-02,5,5,5.5,e,+3.5,-1,3,3,3.5,e,+2.5,-1
sigma-,pi,126,51,-130912.076883,1.738538e-02,5,5,5.5,e,+4.5,-1,3,3,3.5,e,+3.5,-1
sigma-,pi,99,32,-130909.917194,2.149647e-03,5,5,4.5,e,-1.5,-1,3,3,2.5,e,-2.5,-1
sigma-,pi,100,33,-130909.905042,7.161226e-03,5,5,4.5,e,-0.5,-1,3,3,2.5,e,-1.5,-1
sigma-,pi,101,34,-130909.892895,1.431397e-02,5,5,4.5,e,+0.5,-1,3,3,2.5,e,-0.5,-1
sigma-,pi,102,35,-130909.880753,2.145828e-02,5,5,4.5,e,+1.5,-1,3,3,2.5,e,+0.5,-1
sigma-,pi,103,36,-130909.868617,2.501996e-02,5,5,4.5,e,+2.5,-1,3,3,2.5,e,+1.5,-1
sigma-,pi,104,37,-130909.856486,2.000426e-02,5,5,4.5,e,+3.5,-1,3,3,2.5,e,+2.5,-1
sigma-,pi,120,32,-130906.346090,3.744142e-10,5,5,5.5,e,-1.5,-1,3,3,2.5,e,-2.5,-1
sigma-,pi,121,33,-130906.329649,1.335692e-09,5,5,5.5,e,-0.5,-1,3,3,2.5,e,-1.5,-1
sigma-,pi,122,34,-130906.313218,2.668365e-09,5,5,5.5,e,+0.5,-1,3,3,2.5,e,-0.5,-1
sigma-,pi,123,35,-130906.296798,3.731464e-09,5,5,5.5,e,+1.5,-1,3,3,2.5,e,+0.5,-1
sigma-,pi,124,36,-130906.280388,3.727198e-09,5,5,5.5,e,+2.5,-1,3,3,2.5,e,+1.5,-1
sigma-,pi,125,37,-130906.263988,2.233747e-09,5,5,5.5,e,+3.5,-1,3,3,2.5,e,+2.5,-1
sigma-,pi,70,26,-101863.588623,5.672478e-03,4,4,3.5,f,-1.5,-1,2,2,2.5,f,-2.5,-1
sigma-,pi,71,27,-101863.578617,9.118795e-03,4,4,3.5,f,-0.5,-1,2,2,2.5,f,-1.5,-1
sigma-,pi,72,28,-101863.568586,7.358984e-03,4,4,3.5,f,+0.5,-1,2,2,2.5,f,-0.5,-1
sigma-,pi,73,29,-101863.558529,2.244501e-03,4,4,3.5,f,+1.5,-1,2,2,2.5,f,+0.5,-1
sigma-,pi,74,30,-101863.548448,3.730988e-04,4,4,3.5,f,+2.5,-1,2,2,2.5,f,+1.5,-1
sigma-,pi,75,31,-101863.538342,1.300577e-02,4,4,3.5,f,+3.5,-1,2,2,2.5,f,+2.5,-1
sigma-,pi,89,26,-101859.161439,1.119878e-02,4,4,4.5,f,-1.5,-1,2,2,2.5,f,-2.5,-1
sigma-,pi,90,27,-101859.145867,3.736711e-02,4,4,4.5,f,-0.5,-1,2,2,2.5,f,-1.5,-1
sigma-,pi,91,28,-101859.130277,7.480964e-02,4,4,4.5,f,+0.5,-1,2,2,2.5,f,-0.5,-1
sigma-,pi,92,29,-101859.114668,1.123272e-01,4,4,4.5,f,+1.5,-1,2,2,2.5,f,+0.5,-1
sigma-,pi,93,30,-101859.099042,1.311794e-01,4,4,4.5,f,+2.5,-1,2,2,2.5,f,+1.5,-1
sigma-,pi,94,31,-101859.083398,1.050479e-01,4,4,4.5,f,+3.5,-1,2,2,2.5,f,+2.5,-1
sigma-,pi,71,16,-101855.277237,2.435133e-02,4,4,3.5,f,-0.5,-1,2,2,1.5,f,-1.5,-1
sigma-,pi,72,17,-101855.248252,7.297932e-02,4,4,3.5,f,+0.5,-1,2,2,1.5,f,-0.5,-1
sigma-,pi,73,18,-101855.219286,1.215086e-01,4,4,3.5,f,+1.5,-1,2,2,1.5,f,+0.5,-1
sigma-,pi,74,19,-101855.190338,1.213858e-01,4,4,3.5,f,+2.5,-1,2,2,1.5,f,+1.5,-1
sigma-,pi,90,16,-101850.844487,1.196208e-11,4,4,4.5,f,-0.5,-1,2,2,1.5,f,-1.5,-1
sigma-,pi,91,17,-101850.809943,3.119345e-11,4,4,4.5,f,+0.5,-1,2,2,1.5,f,-0.5,-1
sigma-,pi,92,18,-101850.775425,4.030944e-11,4,4,4.5,f,+1.5,-1,2,2,1.5,f,+0.5,-1
sigma-,pi,93,19,-101850.740932,2.673316e-11,4,4,4.5,f,+2.5,-1,2,2,1.5,f,+1.5,-1
sigma-,pi,62,20,-101826.559203,9.968039e-04,4,4,3.5,e,-1.5,+1,2,2,2.5,e,-2.5,+1
sigma-,pi,63,21,-101826.549738,1.602409e-03,4,4,3.5,e,-0.5,+1,2,2,2.5,e,-1.5,+1
sigma-,pi,64,22,-101826.540245,1.293276e-03,4,4,3.5,e,+0.5,+1,2,2,2.5,e,-0.5,+1
sigma-,pi,65,23,-101826.530726,3.946574e-04,4,4,3.5,e,+1.5,+1,2,2,2.5,e,+0.5,+1
sigma-,pi,66,24,-101826.521179,6.532345e-05,4,4,3.5,e,+2.5,+1,2,2,2.5,e,+1.5,+1
sigma-,pi,67,25,-101826.511605,2.282670e-03,4,4,3.5,e,+3.5,+1,2,2,2.5,e,+2.5,+1
sigma-,pi,79,20,-101822.132585,1.977182e-03,4,4,4.5,e,-1.5,+1,2,2,2.5,e,-2.5,+1
sigma-,pi,80,21,-101822.117169,6.597790e-03,4,4,4.5,e,-0.5,+1,2,2,2.5,e,-1.5,+1
sigma-,pi,81,22,-101822.101734,1.320989e-02,4,4,4.5,e,+0.5,+1,2,2,2.5,e,-0.5,+1
sigma-,pi,82,23,-101822.086280,1.983622e-02,4,4,4.5,e,+1.5,+1,2,2,2.5,e,+0.5,+1
sigma-,pi,83,24,-101822.070807,2.316711e-02,4,4,4.5,e,+2.5,+1,2,2,2.5,e,+1.5,+1
sigma-,pi,84,25,-101822.055315,1.855349e-02,4,4,4.5,e,+3.5,+1,2,2,2.5,e,+2.5,+1
sigma-,pi,63,12,-101818.249387,4.301495e-03,4,4,3.5,e,-0.5,+1,2,2,1.5,e,-1.5,+1
sigma-,pi,64,13,-101818.220248,1.289099e-02,4,4,3.5,e,+0.5,+1,2,2,1.5,e,-0.5,+1
sigma-,pi,65,14,-101818.191128,2.146266e-02,4,4,3.5,e,+1.5,+1,2,2,1.5,e,+0.5,+1
sigma-,pi,66,15,-101818.162027,2.144049e-02,4,4,3.5,e,+2.5,+1,2,2,1.5,e,+1.5,+1
sigma-,pi,80,12,-101813.816819,1.871593e-11,4,4,4.5,e,-0.5,+1,2,2,1.5,e,-1.5,+1
sigma-,pi,81,13,-101813.781737,5.843842e-11,4,4,4.5,e,+0.5,+1,2,2,1.5,e,-0.5,+1
sigma-,pi,82,14,-101813.746682,9.112099e-11,4,4,4.5,e,+1.5,+1,2,2,1.5,e,+0.5,+1
sigma-,pi,83,15,-101813.711655,7.358551e-11,4,4,4.5,e,+2.5,+1,2,2,1.5,e,+1.5,+1
sigma-,pi,115,84,-72811.436156,6.067846e-03,5,5,4.5,f,+4.5,+1,4,4,4.5,e,+3.5,+1
sigma-,pi,114,83,-72811.436131,6.082026e-03,5,5,4.5,f,+3.5,+1,4,4,4.5,e,+2.5,+1
sigma-,pi,113,82,-72811.436100,3.556002e-03,5,5,4.5,f,+2.5,+1,4,4,4.5,e,+1.5,+1
sigma-,pi,112,81,-72811.436063,1.018157e-03,5,5,4.5,f,+1.5,+1,4,4,4.5,e,+0.5,+1
sigma-,pi,111,80,-72811.436019,7.936926e-11,5,5,4.5,f,+0.5,+1,4,4,4.5,e,-0.5,+1
sigma-,pi,110,79,-72811.435969,1.024182e-03,5,5,4.5,f,-0.5,+1,4,4,4.5,e,-1.5,+1
sigma-,pi,109,78,-72811.435914,3.592321e-03,5,5,4.5,f,-1.5,+1,4,4,4.5,e,-2.5,+1
sigma-,pi,108,77,-72811.435852,6.172630e-03,5,5,4.5,f,-2.5,+1,4,4,4.5,e,-3.5,+1
sigma-,pi,107,76,-72811.435783,6.187356e-03,5,5,4.5,f,-3.5,+1,4,4,4.5,e,-4.5,+1
sigma-,pi,130,76,-72807.872181,2.745695e-02,5,5,5.5,f,-3.5,+1,4,4,4.5,e,-4.5,+1
sigma-,pi,131,77,-72807.868266,5.981578e-02,5,5,5.5,f,-2.5,+1,4,4,4.5,e,-3.5,+1
sigma-,pi,132,78,-72807.864349,8.170230e-02,5,5,5.5,f,-1.5,+1,4,4,4.5,e,-2.5,+1
sigma-,pi,133,79,-72807.860430,8.494492e-02,5,5,5.5,f,-0.5,+1,4,4,4.5,e,-1.5,+1
sigma-,pi,134,80,-72807.856510,6.859614e-02,5,5,5.5,f,+0.5,+1,4,4,4.5,e,-0.5,+1
sigma-,pi,135,81,-72807.852588,3.895381e-02,5,5,5.5,f,+1.5,+1,4,4,4.5,e,+0.5,+1
sigma-,pi,136,82,-72807.848664,9.582219e-03,5,5,5.5,f,+2.5,+1,4,4,4.5,e,+1.5,+1
sigma-,pi,137,83,-72807.844738,1.332905e-03,5,5,5.5,f,+3.5,+1,4,4,4.5,e,+2.5,+1
sigma-,pi,138,84,-72807.840811,4.236535e-02,5,5,5.5,f,+4.5,+1,4,4,4.5,e,+3.5,+1
sigma-,pi,139,85,-72807.836882,1.681674e-01,5,5,5.5,f,+5.5,+1,4,4,4.5,e,+4.5,+1
sigma-,pi,108,60,-72807.021159,3.749010e-02,5,5,4.5,f,-2.5,+1,4,4,3.5,e,-3.5,+1
sigma-,pi,109,61,-72807.015254,7.365918e-02,5,5,4.5,f,-1.5,+1,4,4,3.5,e,-2.5,+1
sigma-,pi,110,62,-72807.009351,8.608476e-02,5,5,4.5,f,-0.5,+1,4,4,3.5,e,-1.5,+1
sigma-,pi,111,63,-72807.003451,6.869701e-02,5,5,4.5,f,+0.5,+1,4,4,3.5,e,-0.5,+1
sigma-,pi,112,64,-72806.997552,3.174332e-02,5,5,4.5,f,+1.5,+1,4,4,3.5,e,+0.5,+1
sigma-,pi,113,65,-72806.991655,1.753190e-03,5,5,4.5,f,+2.5,+1,4,4,3.5,e,+1.5,+1
sigma-,pi,114,66,-72806.985759,2.150361e-02,5,5,4.5,f,+3.5,+1,4,4,3.5,e,+2.5,+1
sigma-,pi,115,67,-72806.979865,1.499848e-01,5,5,4.5,f,+4.5,+1,4,4,3.5,e,+3.5,+1
sigma-,pi,131,60,-72803.453573,2.286450e-04,5,5,5.5,f,-2.5,+1,4,4,3.5,e,-3.5,+1
sigma-,pi,132,61,-72803.443689,7.981827e-04,5,5,5.5,f,-1.5,+1,4,4,3.5,e,-2.5,+1
sigma-,pi,133,62,-72803.433812,1.705963e-03,5,5,5.5,f,-0.5,+1,4,4,3.5,e,-1.5,+1
sigma-,pi,134,63,-72803.423942,2.835918e-03,5,5,5.5,f,+0.5,+1,4,4,3.5,e,-0.5,+1
sigma-,pi,135,64,-72803.414077,3.960031e-03,5,5,5.5,f,+1.5,+1,4,4,3.5,e,+0.5,+1
sigma-,pi,136,65,-72803.404219,4.739781e-03,5,5,5.5,f,+2.5,+1,4,4,3.5,e,+1.5,+1
sigma-,pi,137,66,-72803.394367,4.727572e-03,5,5,5.5,f,+3.5,+1,4,4,3.5,e,+2.5,+1
sigma-,pi,138,67,-72803.384521,3.368150e-03,5,5,5.5,f,+4.5,+1,4,4,3.5,e,+3.5,+1
sigma-,pi,40,8,-72764.415187,1.468251e-02,3,3,2.5,f,-0.5,+1,1,1,1.5,f,-1.5,+1
sigma-,pi,41,9,-72764.377229,1.347495e-02,3,3,2.5,f,+0.5,+1,1,1,1.5,f,-0.5,+1
sigma-,pi,42,10,-72764.339080,1.056870e-03,3,3,2.5,f,+1.5,+1,1,1,1.5,f,+0.5,+1
sigma-,pi,43,11,-72764.300744,1.606374e-02,3,3,2.5,f,+2.5,+1,1,1,1.5,f,+1.5,+1
sigma-,pi,55,8,-72758.623402,1.933141e-02,3,3,3.5,f,-0.5,+1,1,1,1.5,f,-1.5,+1
sigma-,pi,56,9,-72758.576479,5.811485e-02,3,3,3.5,f,+0.5,+1,1,1,1.5,f,-0.5,+1
sigma-,pi,57,10,-72758.529381,9.705829e-02,3,3,3.5,f,+1.5,+1,1,1,1.5,f,+0.5,+1
sigma-,pi,58,11,-72758.482108,9.725765e-02,3,3,3.5,f,+2.5,+1,1,1,1.5,f,+1.5,+1
sigma-,pi,41,2,-72749.366257,5.307330e-02,3,3,2.5,f,+0.5,+1,1,1,0.5,f,-0.5,+1
sigma-,pi,42,3,-72749.254118,1.058471e-01,3,3,2.5,f,+1.5,+1,1,1,0.5,f,+0.5,+1
sigma-,pi,56,2,-72743.565508,5.001337e-08,3,3,3.5,f,+0.5,+1,1,1,0.5,f,-0.5,+1
sigma-,pi,57,3,-72743.444418,8.164668e-08,3,3,3.5,f,+1.5,+1,1,1,0.5,f,+0.5,+1
sigma-,pi,34,4,-72737.965932,2.579906e-03,3,3,2.5,e,-0.5,-1,1,1,1.5,e,-1.5,-1
sigma-,pi,35,5,-72737.928801,2.367880e-03,3,3,2.5,e,+0.5,-1,1,1,1.5,e,-0.5,-1
sigma-,pi,36,6,-72737.891474,1.859288e-04,3,3,2.5,e,+1.5,-1,1,1,1.5,e,+0.5,-1
sigma-,pi,37,7,-72737.853953,2.820219e-03,3,3,2.5,e,+2.5,-1,1,1,1.5,e,+1.5,-1
sigma-,pi,47,4,-72732.174384,3.413564e-03,3,3,3.5,e,-0.5,-1,1,1,1.5,e,-1.5,-1
sigma-,pi,48,5,-72732.127796,1.026328e-02,3,3,3.5,e,+0.5,-1,1,1,1.5,e,-0.5,-1
sigma-,pi,49,6,-72732.081027,1.714295e-02,3,3,3.5,e,+1.5,-1,1,1,1.5,e,+0.5,-1
sigma-,pi,50,7,-72732.034079,1.718026e-02,3,3,3.5,e,+2.5,-1,1,1,1.5,e,+1.5,-1
sigma-,pi,35,0,-72722.918396,9.379870e-03,3,3,2.5,e,+0.5,-1,1,1,0.5,e,-0.5,-1
sigma-,pi,36,1,-72722.805927,1.870666e-02,3,3,2.5,e,+1.5,-1,1,1,0.5,e,+0.5,-1
sigma-,pi,48,0,-72717.117390,7.348977e-09,3,3,3.5,e,+0.5,-1,1,1,0.5,e,-0.5,-1
sigma-,pi,49,1,-72716.995480,1.197736e-08,3,3,3.5,e,+1.5,-1,1,1,0.5,e,+0.5,-1
sigma-,pi,105,94,-72679.200006,7.151996e-04,5,5,4.5,e,+4.5,-1,4,4,4.5,f,+3.5,-1
sigma-,pi,104,93,-72679.196564,7.160460e-04,5,5,4.5,e,+3.5,-1,4,4,4.5,f,+2.5,-1
sigma-,pi,103,92,-72679.193115,4.179291e-04,5,5,4.5,e,+2.5,-1,4,4,4.5,f,+1.5,-1
sigma-,pi,102,91,-72679.189660,1.191779e-04,5,5,4.5,e,+1.5,-1,4,4,4.5,f,+0.5,-1
sigma-,pi,101,90,-72679.186199,1.750483e-09,5,5,4.5,e,+0.5,-1,4,4,4.5,f,-0.5,-1
sigma-,pi,100,89,-72679.182732,1.214154e-04,5,5,4.5,e,-0.5,-1,4,4,4.5,f,-1.5,-1
sigma-,pi,99,88,-72679.179259,4.241495e-04,5,5,4.5,e,-1.5,-1,4,4,4.5,f,-2.5,-1
sigma-,pi,98,87,-72679.175780,7.275456e-04,5,5,4.5,e,-2.5,-1,4,4,4.5,f,-3.5,-1
sigma-,pi,97,86,-72679.172294,7.284346e-04,5,5,4.5,e,-3.5,-1,4,4,4.5,f,-4.5,-1
sigma-,pi,118,86,-72675.609784,3.216623e-03,5,5,5.5,e,-3.5,-1,4,4,4.5,f,-4.5,-1
sigma-,pi,119,87,-72675.608970,7.007674e-03,5,5,5.5,e,-2.5,-1,4,4,4.5,f,-3.5,-1
sigma-,pi,120,88,-72675.608155,9.572002e-03,5,5,5.5,e,-1.5,-1,4,4,4.5,f,-2.5,-1
sigma-,pi,121,89,-72675.607339,9.952141e-03,5,5,5.5,e,-0.5,-1,4,4,4.5,f,-1.5,-1
sigma-,pi,122,90,-72675.606522,8.036924e-03,5,5,5.5,e,+0.5,-1,4,4,4.5,f,-0.5,-1
sigma-,pi,123,91,-72675.605704,4.564073e-03,5,5,5.5,e,+1.5,-1,4,4,4.5,f,+0.5,-1
sigma-,pi,124,92,-72675.604886,1.122763e-03,5,5,5.5,e,+2.5,-1,4,4,4.5,f,+1.5,-1
sigma-,pi,125,93,-72675.604066,1.561570e-04,5,5,5.5,e,+3.5,-1,4,4,4.5,f,+2.5,-1
sigma-,pi,126,94,-72675.603245,4.963918e-03,5,5,5.5,e,+4.5,-1,4,4,4.5,f,+3.5,-1
sigma-,pi,127,95,-72675.602424,1.970470e-02,5,5,5.5,e,+5.5,-1,4,4,4.5,f,+4.5,-1
sigma-,pi,98,68,-72674.759748,4.395092e-03,5,5,4.5,e,-2.5,-1,4,4,3.5,f,-3.5,-1
sigma-,pi,99,69,-72674.757647,8.635414e-03,5,5,4.5,e,-1.5,-1,4,4,3.5,f,-2.5,-1
sigma-,pi,100,70,-72674.755547,1.009222e-02,5,5,4.5,e,-0.5,-1,4,4,3.5,f,-1.5,-1
sigma-,pi,101,71,-72674.753449,8.053807e-03,5,5,4.5,e,+0.5,-1,4,4,3.5,f,-0.5,-1
sigma-,pi,102,72,-72674.751351,3.721466e-03,5,5,4.5,e,+1.5,-1,4,4,3.5,f,+0.5,-1
sigma-,pi,103,73,-72674.749254,2.055086e-04,5,5,4.5,e,+2.5,-1,4,4,3.5,f,+1.5,-1
sigma-,pi,104,74,-72674.747158,2.521321e-03,5,5,4.5,e,+3.5,-1,4,4,3.5,f,+2.5,-1
sigma-,pi,105,75,-72674.745062,1.758547e-02,5,5,4.5,e,+4.5,-1,4,4,3.5,f,+3.5,-1
sigma-,pi,119,68,-72671.192938,2.706291e-05,5,5,5.5,e,-2.5,-1,4,4,3.5,f,-3.5,-1
sigma-,pi,120,69,-72671.186543,9.430866e-05,5,5,5.5,e,-1.5,-1,4,4,3.5,f,-2.5,-1
sigma-,pi,121,70,-72671.180154,2.012131e-04,5,5,5.5,e,-0.5,-1,4,4,3.5,f,-1.5,-1
sigma-,pi,122,71,-72671.173772,3.339021e-04,5,5,5.5,e,+0.5,-1,4,4,3.5,f,-0.5,-1
sigma-,pi,123,72,-72671.167395,4.654401e-04,5,5,5.5,e,+1.5,-1,4,4,3.5,f,+0.5,-1
sigma-,pi,124,73,-72671.161025,5.561145e-04,5,5,5.5,e,+2.5,-1,4,4,3.5,f,+1.5,-1
sigma-,pi,125,74,-72671.154660,5.537144e-04,5,5,5.5,e,+3.5,-1,4,4,3.5,f,+2.5,-1
sigma-,pi,126,75,-72671.148302,3.938057e-04,5,5,5.5,e,+4.5,-1,4,4,3.5,f,+3.5,-1
sigma-,pi,69,44,-58240.948480,1.250817e-02,4,4,3.5,f,-2.5,-1,3,3,3.5,e,-3.5,-1
sigma-,pi,70,45,-58240.947924,9.501210e-03,4,4,3.5,f,-1.5,-1,3,3,3.5,e,-2.5,-1
sigma-,pi,71,46,-58240.947357,2.959791e-03,4,4,3.5,f,-0.5,-1,3,3,3.5,e,-1.5,-1
sigma-,pi,72,47,-58240.946778,1.210336e-10,4,4,3.5,f,+0.5,-1,3,3,3.5,e,-0.5,-1
sigma-,pi,73,48,-58240.946188,2.944756e-03,4,4,3.5,f,+1.5,-1,3,3,3.5,e,+0.5,-1
sigma-,pi,74,49,-58240.945587,9.393870e-03,4,4,3.5,f,+2.5,-1,3,3,3.5,e,+1.5,-1
sigma-,pi,75,50,-58240.944975,1.229278e-02,4,4,3.5,f,+3.5,-1,3,3,3.5,e,+2.5,-1
sigma-,pi,88,44,-58236.526869,4.322028e-02,4,4,4.5,f,-2.5,-1,3,3,3.5,e,-3.5,-1
sigma-,pi,89,45,-58236.520740,8.506664e-02,4,4,4.5,f,-1.5,-1,3,3,3.5,e,-2.5,-1
sigma-,pi,90,46,-58236.514607,9.961540e-02,4,4,4.5,f,-0.5,-1,3,3,3.5,e,-1.5,-1
sigma-,pi,91,47,-58236.508469,7.969992e-02,4,4,4.5,f,+0.5,-1,3,3,3.5,e,-0.5,-1
sigma-,pi,92,48,-58236.502327,3.699600e-02,4,4,4.5,f,+1.5,-1,3,3,3.5,e,+0.5,-1
sigma-,pi,93,49,-58236.496182,2.106442e-03,4,4,4.5,f,+2.5,-1,3,3,3.5,e,+1.5,-1
sigma-,pi,94,50,-58236.490031,2.464462e-02,4,4,4.5,f,+3.5,-1,3,3,3.5,e,+2.5,-1
sigma-,pi,95,51,-58236.483877,1.733171e-01,4,4,4.5,f,+4.5,-1,3,3,3.5,e,+3.5,-1
sigma-,pi,70,32,-58235.175338,6.144995e-02,4,4,3.5,f,-1.5,-1,3,3,2.5,e,-2.5,-1
sigma-,pi,71,33,-58235.165282,9.904049e-02,4,4,3.5,f,-0.5,-1,3,3,2.5,e,-1.5,-1
sigma-,pi,72,34,-58235.155231,8.010085e-02,4,4,3.5,f,+0.5,-1,3,3,2.5,e,-0.5,-1
sigma-,pi,73,35,-58235.145183,2.443390e-02,4,4,3.5,f,+1.5,-1,3,3,2.5,e,+0.5,-1
sigma-,pi,74,36,-58235.135140,4.153634e-03,4,4,3.5,f,+2.5,-1,3,3,2.5,e,+1.5,-1
sigma-,pi,75,37,-58235.125102,1.435250e-01,4,4,3.5,f,+3.5,-1,3,3,2.5,e,+2.5,-1
sigma-,pi,89,32,-58230.748153,7.911592e-04,4,4,4.5,f,-1.5,-1,3,3,2.5,e,-2.5,-1
sigma-,pi,90,33,-58230.732532,2.629986e-03,4,4,4.5,f,-0.5,-1,3,3,2.5,e,-1.5,-1
sigma-,pi,91,34,-58230.716921,5.245610e-03,4,4,4.5,f,+0.5,-1,3,3,2.5,e,-0.5,-1
sigma-,pi,92,35,-58230.701322,7.846960e-03,4,4,4.5,f,+1.5,-1,3,3,2.5,e,+0.5,-1
sigma-,pi,93,36,-58230.685735,9.129860e-03,4,4,4.5,f,+2.5,-1,3,3,2.5,e,+1.5,-1
sigma-,pi,94,37,-58230.670158,7.284030e-03,4,4,4.5,f,+3.5,-1,3,3,2.5,e,+2.5,-1
sigma-,pi,67,58,-58156.315393,7.150940e-04,4,4,3.5,e,+3.5,+1,3,3,3.5,f,+2.5,+1
sigma-,pi,66,57,-58156.312607,5.459026e-04,4,4,3.5,e,+2.5,+1,3,3,3.5,f,+1.5,+1
sigma-,pi,65,56,-58156.309810,1.707598e-04,4,4,3.5,e,+1.5,+1,3,3,3.5,f,+0.5,+1
sigma-,pi,64,55,-58156.307003,4.115238e-10,4,4,3.5,e,+0.5,+1,3,3,3.5,f,-0.5,+1
sigma-,pi,63,54,-58156.304184,1.726414e-04,4,4,3.5,e,-0.5,+1,3,3,3.5,f,-1.5,+1
sigma-,pi,62,53,-58156.301355,5.530034e-04,4,4,3.5,e,-1.5,+1,3,3,3.5,f,-2.5,+1
sigma-,pi,61,52,-58156.298514,7.272725e-04,4,4,3.5,e,-2.5,+1,3,3,3.5,f,-3.5,+1
sigma-,pi,78,52,-58151.877855,2.495567e-03,4,4,4.5,e,-2.5,+1,3,3,3.5,f,-3.5,+1
sigma-,pi,79,53,-58151.874737,4.911956e-03,4,4,4.5,e,-1.5,+1,3,3,3.5,f,-2.5,+1
sigma-,pi,80,54,-58151.871616,5.752220e-03,4,4,4.5,e,-0.5,+1,3,3,3.5,f,-1.5,+1
sigma-,pi,81,55,-58151.868492,4.602366e-03,4,4,4.5,e,+0.5,+1,3,3,3.5,f,-0.5,+1
sigma-,pi,82,56,-58151.865365,2.136459e-03,4,4,4.5,e,+1.5,+1,3,3,3.5,f,+0.5,+1
sigma-,pi,83,57,-58151.862235,1.216567e-04,4,4,4.5,e,+2.5,+1,3,3,3.5,f,+1.5,+1
sigma-,pi,84,58,-58151.859102,1.423195e-03,4,4,4.5,e,+3.5,+1,3,3,3.5,f,+2.5,+1
sigma-,pi,85,59,-58151.855966,1.000932e-02,4,4,4.5,e,+4.5,+1,3,3,3.5,f,+3.5,+1
sigma-,pi,62,38,-58150.527540,3.552456e-03,4,4,3.5,e,-1.5,+1,3,3,2.5,f,-2.5,+1
sigma-,pi,63,39,-58150.521377,5.725633e-03,4,4,3.5,e,-0.5,+1,3,3,2.5,f,-1.5,+1
sigma-,pi,64,40,-58150.515218,4.630723e-03,4,4,3.5,e,+0.5,+1,3,3,2.5,f,-0.5,+1
sigma-,pi,65,41,-58150.509061,1.412512e-03,4,4,3.5,e,+1.5,+1,3,3,2.5,f,+0.5,+1
sigma-,pi,66,42,-58150.502907,2.401916e-04,4,4,3.5,e,+2.5,+1,3,3,2.5,f,+1.5,+1
sigma-,pi,67,43,-58150.496757,8.298285e-03,4,4,3.5,e,+3.5,+1,3,3,2.5,f,+2.5,+1
sigma-,pi,79,38,-58146.100922,4.599337e-05,4,4,4.5,e,-1.5,+1,3,3,2.5,f,-2.5,+1
sigma-,pi,80,39,-58146.088809,1.526791e-04,4,4,4.5,e,-0.5,+1,3,3,2.5,f,-1.5,+1
sigma-,pi,81,40,-58146.076707,3.041012e-04,4,4,4.5,e,+0.5,+1,3,3,2.5,f,-0.5,+1
sigma-,pi,82,41,-58146.064616,4.542773e-04,4,4,4.5,e,+1.5,+1,3,3,2.5,f,+0.5,+1
sigma-,pi,83,42,-58146.052535,5.278160e-04,4,4,4.5,e,+2.5,+1,3,3,2.5,f,+1.5,+1
sigma-,pi,84,43,-58146.040466,4.205235e-04,4,4,4.5,e,+3.5,+1,3,3,2.5,f,+2.5,+1
sigma-,pi,39,20,-43676.055532,3.057548e-02,3,3,2.5,f,-1.5,+1,2,2,2.5,e,-2.5,+1
sigma-,pi,40,21,-43676.052223,1.217049e-02,3,3,2.5,f,-0.5,+1,2,2,2.5,e,-1.5,+1
sigma-,pi,41,22,-43676.048883,5.586519e-09,3,3,2.5,f,+0.5,+1,2,2,2.5,e,-0.5,+1
sigma-,pi,42,23,-43676.045513,1.209902e-02,3,3,2.5,f,+1.5,+1,2,2,2.5,e,+0.5,+1
sigma-,pi,43,24,-43676.042113,3.010168e-02,3,3,2.5,f,+2.5,+1,2,2,2.5,e,+1.5,+1
sigma-,pi,54,20,-43670.272725,7.552206e-02,3,3,3.5,f,-1.5,+1,2,2,2.5,e,-2.5,+1
sigma-,pi,55,21,-43670.260438,1.221201e-01,3,3,3.5,f,-0.5,+1,2,2,2.5,e,-1.5,+1
sigma-,pi,56,22,-43670.248134,9.918927e-02,3,3,3.5,f,+0.5,+1,2,2,2.5,e,-0.5,+1
sigma-,pi,57,23,-43670.235813,3.053899e-02,3,3,3.5,f,+1.5,+1,2,2,2.5,e,+0.5,+1
sigma-,pi,58,24,-43670.223477,4.957052e-03,3,3,3.5,f,+2.5,+1,2,2,2.5,e,+1.5,+1
sigma-,pi,59,25,-43670.211124,1.767665e-01,3,3,3.5,f,+3.5,+1,2,2,2.5,e,+2.5,+1
sigma-,pi,40,12,-43667.751872,1.091009e-01,3,3,2.5,f,-0.5,+1,2,2,1.5,e,-1.5,+1
sigma-,pi,41,13,-43667.728885,1.007761e-01,3,3,2.5,f,+0.5,+1,2,2,1.5,e,-0.5,+1
sigma-,pi,42,14,-43667.705915,7.957938e-03,3,3,2.5,f,+1.5,+1,2,2,1.5,e,+0.5,+1
sigma-,pi,43,15,-43667.682961,1.216280e-01,3,3,2.5,f,+2.5,+1,2,2,1.5,e,+1.5,+1
sigma-,pi,55,12,-43661.960087,4.051999e-03,3,3,3.5,f,-0.5,+1,2,2,1.5,e,-1.5,+1
sigma-,pi,56,13,-43661.928136,1.212018e-02,3,3,3.5,f,+0.5,+1,2,2,1.5,e,-0.5,+1
sigma-,pi,57,14,-43661.896215,2.014086e-02,3,3,3.5,f,+1.5,+1,2,2,1.5,e,+0.5,+1
sigma-,pi,58,15,-43661.864325,2.008169e-02,3,3,3.5,f,+2.5,+1,2,2,1.5,e,+1.5,+1
sigma-,pi,34,27,-43628.439171,1.260607e-04,3,3,2.5,e,-0.5,-1,2,2,2.5,f,-1.5,-1
sigma-,pi,36,29,-43628.439166,1.250877e-04,3,3,2.5,e,+1.5,-1,2,2,2.5,f,+0.5,-1
sigma-,pi,33,26,-43628.439129,3.163905e-04,3,3,2.5,e,-1.5,-1,2,2,2.5,f,-2.5,-1
sigma-,pi,37,30,-43628.439120,3.115117e-04,3,3,2.5,e,+2.5,-1,2,2,2.5,f,+1.5,-1
sigma-,pi,46,26,-43622.657054,7.685138e-04,3,3,3.5,e,-1.5,-1,2,2,2.5,f,-2.5,-1
sigma-,pi,47,27,-43622.647623,1.242750e-03,3,3,3.5,e,-0.5,-1,2,2,2.5,f,-1.5,-1
sigma-,pi,48,28,-43622.638178,1.009440e-03,3,3,3.5,e,+0.5,-1,2,2,2.5,f,-0.5,-1
sigma-,pi,49,29,-43622.628719,3.108060e-04,3,3,3.5,e,+1.5,-1,2,2,2.5,f,+0.5,-1
sigma-,pi,50,30,-43622.619247,5.045149e-05,3,3,3.5,e,+2.5,-1,2,2,2.5,f,+1.5,-1
sigma-,pi,51,31,-43622.609760,1.799162e-03,3,3,3.5,e,+3.5,-1,2,2,2.5,f,+2.5,-1
sigma-,pi,34,16,-43620.137791,1.113723e-03,3,3,2.5,e,-0.5,-1,2,2,1.5,f,-1.5,-1
sigma-,pi,35,17,-43620.118850,1.028707e-03,3,3,2.5,e,+0.5,-1,2,2,1.5,f,-0.5,-1
sigma-,pi,36,18,-43620.099923,8.120932e-05,3,3,2.5,e,+1.5,-1,2,2,1.5,f,+0.5,-1
sigma-,pi,37,19,-43620.081010,1.241793e-03,3,3,2.5,e,+2.5,-1,2,2,1.5,f,+1.5,-1
sigma-,pi,47,16,-43614.346243,4.152788e-05,3,3,3.5,e,-0.5,-1,2,2,1.5,f,-1.5,-1
sigma-,pi,48,17,-43614.317845,1.240848e-04,3,3,3.5,e,+0.5,-1,2,2,1.5,f,-0.5,-1
sigma-,pi,49,18,-43614.289476,2.059817e-04,3,3,3.5,e,+1.5,-1,2,2,1.5,f,+0.5,-1
sigma-,pi,50,19,-43614.261136,2.051604e-04,3,3,3.5,e,+2.5,-1,2,2,1.5,f,+1.5,-1
sigma-,pi,17,4,-29117.872910,9.972090e-02,2,2,1.5,f,-0.5,-1,1,1,1.5,e,-1.5,-1
sigma-,pi,18,5,-29117.854699,1.096236e-07,2,2,1.5,f,+0.5,-1,1,1,1.5,e,-0.5,-1
sigma-,pi,19,6,-29117.836277,9.839956e-02,2,2,1.5,f,+1.5,-1,1,1,1.5,e,+0.5,-1
sigma-,pi,28,4,-29109.552577,1.477999e-01,2,2,2.5,f,-0.5,-1,1,1,1.5,e,-1.5,-1
sigma-,pi,29,5,-29109.515455,1.380286e-01,2,2,2.5,f,+0.5,-1,1,1,1.5,e,-0.5,-1
sigma-,pi,30,6,-29109.478166,1.136921e-02,2,2,2.5,f,+1.5,-1,1,1,1.5,e,+0.5,-1
sigma-,pi,31,7,-29109.440713,1.649731e-01,2,2,2.5,f,+2.5,-1,1,1,1.5,e,+1.5,-1
sigma-,pi,18,0,-29102.844293,1.479948e-01,2,2,1.5,f,+0.5,-1,1,1,0.5,e,-0.5,-1
sigma-,pi,19,1,-29102.750729,5.027521e-02,2,2,1.5,f,+1.5,-1,1,1,0.5,e,+0.5,-1
sigma-,pi,13,8,-29096.710157,1.004197e-03,2,2,1.5,e,-0.5,+1,1,1,1.5,f,-1.5,+1
sigma-,pi,14,9,-29096.695162,6.675582e-10,2,2,1.5,e,+0.5,+1,1,1,1.5,f,-0.5,+1
sigma-,pi,15,10,-29096.679961,9.905934e-04,2,2,1.5,e,+1.5,+1,1,1,1.5,f,+0.5,+1
sigma-,pi,29,0,-29094.505050,4.388506e-02,2,2,2.5,f,+0.5,-1,1,1,0.5,e,-0.5,-1
sigma-,pi,30,1,-29094.392619,8.745304e-02,2,2,2.5,f,+1.5,-1,1,1,0.5,e,+0.5,-1
sigma-,pi,22,8,-29088.390159,1.514371e-03,2,2,2.5,e,-0.5,+1,1,1,1.5,f,-1.5,+1
sigma-,pi,23,9,-29088.355564,1.414437e-03,2,2,2.5,e,+0.5,+1,1,1,1.5,f,-0.5,+1
sigma-,pi,24,10,-29088.320809,1.165531e-04,2,2,2.5,e,+1.5,+1,1,1,1.5,f,+0.5,+1
sigma-,pi,25,11,-29088.285895,1.690502e-03,2,2,2.5,e,+2.5,+1,1,1,1.5,f,+1.5,+1
sigma-,pi,14,2,-29081.684190,1.520430e-03,2,2,1.5,e,+0.5,+1,1,1,0.5,f,-0.5,+1
sigma-,pi,15,3,-29081.594998,5.164299e-04,2,2,1.5,e,+1.5,+1,1,1,0.5,f,+0.5,+1
sigma-,pi,23,2,-29073.344592,4.460190e-04,2,2,2.5,e,+0.5,+1,1,1,0.5,f,-0.5,+1
sigma-,pi,24,3,-29073.235846,8.883800e-04,2,2,2.5,e,+1.5,+1,1,1,0.5,f,+0.5,+1
sigma-,pi,1,5,-15.148695,3.155490e-02,1,1,0.5,e,+0.5,-1,1,1,1.5,e,-0.5,-1
sigma-,pi,3,9,-15.146959,1.784661e-01,1,1,0.5,f,+0.5,+1,1,1,1.5,f,-0.5,+1
sigma-,pi,0,4,-15.073364,1.062369e-02,1,1,0.5,e,-0.5,-1,1,1,1.5,e,-1.5,-1
sigma-,pi,2,8,-15.072785,6.007878e-02,1,1,0.5,f,-0.5,+1,1,1,1.5,f,-1.5,+1
sigma-,pi,15,23,-8.386393,3.264939e-02,2,2,1.5,e,+1.5,+1,2,2,2.5,e,+0.5,+1
sigma-,pi,19,29,-8.383969,5.780580e-03,2,2,1.5,f,+1.5,-1,2,2,2.5,f,+0.5,-1
sigma-,pi,14,22,-8.366816,3.037372e-02,2,2,1.5,e,+0.5,+1,2,2,2.5,e,-0.5,+1
sigma-,pi,18,28,-8.365081,5.376908e-03,2,2,1.5,f,+0.5,-1,2,2,2.5,f,-0.5,-1
sigma-,pi,13,21,-8.347193,2.441532e-03,2,2,1.5,e,-0.5,+1,2,2,2.5,e,-1.5,+1
sigma-,pi,17,27,-8.346149,4.321719e-04,2,2,1.5,f,-0.5,-1,2,2,2.5,f,-1.5,-1
sigma-,pi,12,20,-8.327522,3.679457e-02,2,2,1.5,e,-1.5,+1,2,2,2.5,e,-2.5,+1
sigma-,pi,16,26,-8.327174,6.511343e-03,2,2,1.5,f,-1.5,-1,2,2,2.5,f,-2.5,-1
sigma-,pi,37,49,-5.836260,1.318817e-02,3,3,2.5,e,+2.5,-1,3,3,3.5,e,+1.5,-1
sigma-,pi,43,57,-5.833541,7.656921e-04,3,3,2.5,f,+2.5,+1,3,3,3.5,f,+1.5,+1
sigma-,pi,36,48,-5.826825,2.134633e-02,3,3,2.5,e,+1.5,-1,3,3,3.5,e,+0.5,-1
sigma-,pi,42,56,-5.824597,1.239147e-03,3,3,2.5,f,+1.5,+1,3,3,3.5,f,+0.5,+1
sigma-,pi,35,47,-5.817376,1.734540e-02,3,3,2.5,e,+0.5,-1,3,3,3.5,e,-0.5,-1
sigma-,pi,41,55,-5.815640,1.006734e-03,3,3,2.5,f,+0.5,+1,3,3,3.5,f,-0.5,+1
sigma-,pi,34,46,-5.807911,5.327323e-03,3,3,2.5,e,-0.5,-1,3,3,3.5,e,-1.5,-1
sigma-,pi,40,54,-5.806669,3.091546e-04,3,3,2.5,f,-0.5,+1,3,3,3.5,f,-1.5,+1
sigma-,pi,33,45,-5.798430,8.907171e-04,3,3,2.5,e,-1.5,-1,3,3,3.5,e,-2.5,-1
sigma-,pi,39,53,-5.797684,5.167448e-05,3,3,2.5,f,-1.5,+1,3,3,3.5,f,-2.5,+1
sigma-,pi,32,44,-5.788934,3.128008e-02,3,3,2.5,e,-2.5,-1,3,3,3.5,e,-3.5,-1
sigma-,pi,38,52,-5.788685,1.814537e-03,3,3,2.5,f,-2.5,+1,3,3,3.5,f,-3.5,+1
sigma-,pi,67,83,-4.468062,5.886805e-03,4,4,3.5,e,+3.5,+1,4,4,4.5,e,+2.5,+1
sigma-,pi,75,93,-4.465180,1.931911e-04,4,4,3.5,f,+3.5,-1,4,4,4.5,f,+2.5,-1
sigma-,pi,66,82,-4.462140,1.160431e-02,4,4,3.5,e,+2.5,+1,4,4,4.5,e,+1.5,+1
sigma-,pi,74,92,-4.459638,3.807618e-04,4,4,3.5,f,+2.5,-1,4,4,4.5,f,+1.5,-1
sigma-,pi,65,81,-4.456209,1.360820e-02,4,4,3.5,e,+1.5,+1,4,4,4.5,e,+0.5,+1
sigma-,pi,73,91,-4.454090,4.464381e-04,4,4,3.5,f,+1.5,-1,4,4,4.5,f,+0.5,-1
sigma-,pi,64,80,-4.450271,1.089969e-02,4,4,3.5,e,+0.5,+1,4,4,4.5,e,-0.5,+1
sigma-,pi,72,90,-4.448535,3.575211e-04,4,4,3.5,f,+0.5,-1,4,4,4.5,f,-0.5,-1
sigma-,pi,63,79,-4.444324,5.059787e-03,4,4,3.5,e,-0.5,+1,4,4,4.5,e,-1.5,+1
sigma-,pi,71,89,-4.442972,1.659393e-04,4,4,3.5,f,-0.5,-1,4,4,4.5,f,-1.5,-1
sigma-,pi,62,78,-4.438370,2.841373e-04,4,4,3.5,e,-1.5,+1,4,4,4.5,e,-2.5,+1
sigma-,pi,70,88,-4.437403,9.317757e-06,4,4,3.5,f,-1.5,-1,4,4,4.5,f,-2.5,-1
sigma-,pi,61,77,-4.432407,3.418394e-03,4,4,3.5,e,-2.5,+1,4,4,4.5,e,-3.5,+1
sigma-,pi,69,87,-4.431827,1.120624e-04,4,4,3.5,f,-2.5,-1,4,4,4.5,f,-3.5,-1
sigma-,pi,60,76,-4.426437,2.399420e-02,4,4,3.5,e,-3.5,+1,4,4,4.5,e,-4.5,+1
sigma-,pi,68,86,-4.426243,7.864619e-04,4,4,3.5,f,-3.5,-1,4,4,4.5,f,-4.5,-1
sigma-,pi,105,125,-3.606176,2.954682e-03,5,5,4.5,e,+4.5,-1,5,5,5.5,e,+3.5,-1
sigma-,pi,115,137,-3.603189,6.950201e-05,5,5,4.5,f,+4.5,+1,5,5,5.5,f,+3.5,+1
sigma-,pi,104,124,-3.601910,6.447541e-03,5,5,4.5,e,+3.5,-1,5,5,5.5,e,+2.5,-1
sigma-,pi,114,136,-3.599235,1.516370e-04,5,5,4.5,f,+3.5,+1,5,5,5.5,f,+2.5,+1
sigma-,pi,103,123,-3.597639,8.820888e-03,5,5,4.5,e,+2.5,-1,5,5,5.5,e,+1.5,-1
sigma-,pi,113,135,-3.595276,2.074186e-04,5,5,4.5,f,+2.5,+1,5,5,5.5,f,+1.5,+1
sigma-,pi,102,122,-3.593363,9.184929e-03,5,5,4.5,e,+1.5,-1,5,5,5.5,e,+0.5,-1
sigma-,pi,112,134,-3.591312,2.159411e-04,5,5,4.5,f,+1.5,+1,5,5,5.5,f,+0.5,+1
sigma-,pi,101,121,-3.589082,7.426984e-03,5,5,4.5,e,+0.5,-1,5,5,5.5,e,-0.5,-1
sigma-,pi,111,133,-3.587345,1.745808e-04,5,5,4.5,f,+0.5,+1,5,5,5.5,f,-0.5,+1
sigma-,pi,100,120,-3.584795,4.220832e-03,5,5,4.5,e,-0.5,-1,5,5,5.5,e,-1.5,-1
sigma-,pi,110,132,-3.583372,9.919907e-05,5,5,4.5,f,-0.5,+1,5,5,5.5,f,-1.5,+1
sigma-,pi,99,119,-3.580504,1.036194e-03,5,5,4.5,e,-1.5,-1,5,5,5.5,e,-2.5,-1
sigma-,pi,109,131,-3.579396,2.434916e-05,5,5,4.5,f,-1.5,+1,5,5,5.5,f,-2.5,+1
sigma-,pi,98,118,-3.576207,1.483569e-04,5,5,4.5,e,-2.5,-1,5,5,5.5,e,-3.5,-1
sigma-,pi,108,130,-3.575415,3.484951e-06,5,5,4.5,f,-2.5,+1,5,5,5.5,f,-3.5,+1
sigma-,pi,97,117,-3.571905,4.647928e-03,5,5,4.5,e,-3.5,-1,5,5,5.5,e,-4.5,-1
sigma-,pi,107,129,-3.571429,1.091730e-04,5,5,4.5,f,-3.5,+1,5,5,5.5,f,-4.5,+1
sigma-,pi,96,116,-3.567598,1.845074e-02,5,5,4.5,e,-4.5,-1,5,5,5.5,e,-5.5,-1
sigma-,pi,106,128,-3.567439,4.333073e-04,5,5,4.5,f,-4.5,+1,5,5,5.5,f,-5.5,+1
sigma-,pi,1,0,-0.138289,1.578113e-06,1,1,0.5,e,+0.5,-1,1,1,0.5,e,-0.5,-1
sigma-,pi,3,2,-0.135987,8.624502e-06,1,1,0.5,f,+0.5,+1,1,1,0.5,f,-0.5,+1
sigma-,pi,7,6,-0.063334,2.106065e-02,1,1,1.5,e,+1.5,-1,1,1,1.5,e,+0.5,-1
sigma-,pi,6,5,-0.063147,1.567845e-06,1,1,1.5,e,+0.5,-1,1,1,1.5,e,-0.5,-1
sigma-,pi,5,4,-0.062958,2.084998e-02,1,1,1.5,e,-0.5,-1,1,1,1.5,e,-1.5,-1
sigma-,pi,11,10,-0.062177,1.195855e-01,1,1,1.5,f,+1.5,+1,1,1,1.5,f,+0.5,+1
sigma-,pi,10,9,-0.061997,8.626983e-06,1,1,1.5,f,+0.5,+1,1,1,1.5,f,-0.5,+1
sigma-,pi,9,8,-0.061813,1.184159e-01,1,1,1.5,f,-0.5,+1,1,1,1.5,f,-1.5,+1
sigma-,pi,13,12,-0.046842,1.185608e-01,2,2,1.5,e,-0.5,+1,2,2,1.5,e,-1.5,+1
sigma-,pi,14,13,-0.046819,1.013529e-06,2,2,1.5,e,+0.5,+1,2,2,1.5,e,-0.5,+1
sigma-,pi,15,14,-0.046795,1.194433e-01,2,2,1.5,e,+1.5,+1,2,2,1.5,e,+0.5,+1
sigma-,pi,17,16,-0.044769,2.088052e-02,2,2,1.5,f,-0.5,-1,2,2,1.5,f,-1.5,-1
sigma-,pi,18,17,-0.044747,1.684317e-07,2,2,1.5,f,+0.5,-1,2,2,1.5,f,-0.5,-1
sigma-,pi,19,18,-0.044726,2.103062e-02,2,2,1.5,f,+1.5,-1,2,2,1.5,f,+0.5,-1
sigma-,pi,25,24,-0.027264,1.459861e-01,2,2,2.5,e,+2.5,+1,2,2,2.5,e,+1.5,+1
sigma-,pi,24,23,-0.027241,5.798493e-02,2,2,2.5,e,+1.5,+1,2,2,2.5,e,+0.5,+1
sigma-,pi,23,22,-0.027218,1.009282e-06,2,2,2.5,e,+0.5,+1,2,2,2.5,e,-0.5,+1
sigma-,pi,22,21,-0.027195,5.853328e-02,2,2,2.5,e,-0.5,+1,2,2,2.5,e,-1.5,+1
sigma-,pi,21,20,-0.027172,1.452985e-01,2,2,2.5,e,-1.5,+1,2,2,2.5,e,-2.5,+1
sigma-,pi,31,30,-0.025880,2.578231e-02,2,2,2.5,f,+2.5,-1,2,2,2.5,f,+1.5,-1
sigma-,pi,30,29,-0.025859,1.024338e-02,2,2,2.5,f,+1.5,-1,2,2,2.5,f,+0.5,-1
sigma-,pi,33,32,-0.025844,1.907860e-01,3,3,2.5,e,-1.5,-1,3,3,2.5,e,-2.5,-1
sigma-,pi,29,28,-0.025837,1.648748e-07,2,2,2.5,f,+0.5,-1,2,2,2.5,f,-0.5,-1
sigma-,pi,34,33,-0.025836,7.606432e-02,3,3,2.5,e,-0.5,-1,3,3,2.5,e,-1.5,-1
sigma-,pi,35,34,-0.025828,5.567266e-07,3,3,2.5,e,+0.5,-1,3,3,2.5,e,-0.5,-1
sigma-,pi,36,35,-0.025820,7.673095e-02,3,3,2.5,e,+1.5,-1,3,3,2.5,e,+0.5,-1
sigma-,pi,28,27,-0.025816,1.033656e-02,2,2,2.5,f,-0.5,-1,2,2,2.5,f,-1.5,-1
sigma-,pi,37,36,-0.025813,1.912025e-01,3,3,2.5,e,+2.5,-1,3,3,2.5,e,+1.5,-1
sigma-,pi,27,26,-0.025794,2.566573e-02,2,2,2.5,f,-1.5,-1,2,2,2.5,f,-2.5,-1
sigma-,pi,39,38,-0.023869,1.101190e-02,3,3,2.5,f,-1.5,+1,3,3,2.5,f,-2.5,+1
sigma-,pi,40,39,-0.023862,4.390908e-03,3,3,2.5,f,-0.5,+1,3,3,2.5,f,-1.5,+1
sigma-,pi,41,40,-0.023855,2.945795e-08,3,3,2.5,f,+0.5,+1,3,3,2.5,f,-0.5,+1
sigma-,pi,42,41,-0.023848,4.427681e-03,3,3,2.5,f,+1.5,+1,3,3,2.5,f,+0.5,+1
sigma-,pi,43,42,-0.023841,1.103459e-02,3,3,2.5,f,+2.5,+1,3,3,2.5,f,+1.5,+1
sigma-,pi,61,60,-0.017714,2.048960e-01,4,4,3.5,e,-2.5,+1,4,4,3.5,e,-3.5,+1
sigma-,pi,62,61,-0.017710,1.558912e-01,4,4,3.5,e,-1.5,+1,4,4,3.5,e,-2.5,+1
sigma-,pi,63,62,-0.017706,4.855820e-02,4,4,3.5,e,-0.5,+1,4,4,3.5,e,-1.5,+1
sigma-,pi,64,63,-0.017702,3.929887e-07,4,4,3.5,e,+0.5,+1,4,4,3.5,e,-0.5,+1
sigma-,pi,65,64,-0.017698,4.904687e-02,4,4,3.5,e,+1.5,+1,4,4,3.5,e,+0.5,+1
sigma-,pi,66,65,-0.017694,1.564442e-01,4,4,3.5,e,+2.5,+1,4,4,3.5,e,+1.5,+1
sigma-,pi,67,66,-0.017690,2.050460e-01,4,4,3.5,e,+3.5,+1,4,4,3.5,e,+2.5,+1
sigma-,pi,51,50,-0.016394,1.859656e-01,3,3,3.5,e,+3.5,-1,3,3,3.5,e,+2.5,-1
sigma-,pi,50,49,-0.016386,1.413439e-01,3,3,3.5,e,+2.5,-1,3,3,3.5,e,+1.5,-1
sigma-,pi,49,48,-0.016378,4.396149e-02,3,3,3.5,e,+1.5,-1,3,3,3.5,e,+0.5,-1
sigma-,pi,48,47,-0.016371,5.537280e-07,3,3,3.5,e,+0.5,-1,3,3,3.5,e,-0.5,-1
sigma-,pi,47,46,-0.016363,4.445194e-02,3,3,3.5,e,-0.5,-1,3,3,3.5,e,-1.5,-1
sigma-,pi,46,45,-0.016355,1.415742e-01,3,3,3.5,e,-1.5,-1,3,3,3.5,e,-2.5,-1
sigma-,pi,45,44,-0.016347,1.853587e-01,3,3,3.5,e,-2.5,-1,3,3,3.5,e,-3.5,-1
sigma-,pi,69,68,-0.015795,6.678989e-03,4,4,3.5,f,-2.5,-1,4,4,3.5,f,-3.5,-1
sigma-,pi,70,69,-0.015791,5.081947e-03,4,4,3.5,f,-1.5,-1,4,4,3.5,f,-2.5,-1
sigma-,pi,71,70,-0.015788,1.583232e-03,4,4,3.5,f,-0.5,-1,4,4,3.5,f,-1.5,-1
sigma-,pi,72,71,-0.015784,1.148387e-08,4,4,3.5,f,+0.5,-1,4,4,3.5,f,-0.5,-1
sigma-,pi,73,72,-0.015781,1.598302e-03,4,4,3.5,f,+1.5,-1,4,4,3.5,f,+0.5,-1
sigma-,pi,74,73,-0.015777,5.098939e-03,4,4,3.5,f,+2.5,-1,4,4,3.5,f,+1.5,-1
sigma-,pi,75,74,-0.015774,6.683472e-03,4,4,3.5,f,+3.5,-1,4,4,3.5,f,+2.5,-1
sigma-,pi,59,58,-0.014912,1.074710e-02,3,3,3.5,f,+3.5,+1,3,3,3.5,f,+2.5,+1
sigma-,pi,58,57,-0.014905,8.169501e-03,3,3,3.5,f,+2.5,+1,3,3,3.5,f,+1.5,+1
sigma-,pi,57,56,-0.014898,2.541607e-03,3,3,3.5,f,+1.5,+1,3,3,3.5,f,+0.5,+1
sigma-,pi,56,55,-0.014891,2.844707e-08,3,3,3.5,f,+0.5,+1,3,3,3.5,f,-0.5,+1
sigma-,pi,55,54,-0.014884,2.568331e-03,3,3,3.5,f,-0.5,+1,3,3,3.5,f,-1.5,+1
sigma-,pi,54,53,-0.014877,8.182049e-03,3,3,3.5,f,-1.5,+1,3,3,3.5,f,-2.5,+1
sigma-,pi,53,52,-0.014870,1.071401e-02,3,3,3.5,f,-2.5,+1,3,3,3.5,f,-3.5,+1
sigma-,pi,97,96,-0.013699,1.989725e-01,5,5,4.5,e,-3.5,-1,5,5,4.5,e,-4.5,-1
sigma-,pi,98,97,-0.013697,1.987971e-01,5,5,4.5,e,-2.5,-1,5,5,4.5,e,-3.5,-1
sigma-,pi,99,98,-0.013694,1.158039e-01,5,5,4.5,e,-1.5,-1,5,5,4.5,e,-2.5,-1
sigma-,pi,100,99,-0.013691,3.297370e-02,5,5,4.5,e,-0.5,-1,5,5,4.5,e,-1.5,-1
sigma-,pi,101,100,-0.013689,3.207324e-07,5,5,4.5,e,+0.5,-1,5,5,4.5,e,-0.5,-1
sigma-,pi,102,101,-0.013686,3.335339e-02,5,5,4.5,e,+1.5,-1,5,5,4.5,e,+0.5,-1
sigma-,pi,103,102,-0.013684,1.163398e-01,5,5,4.5,e,+2.5,-1,5,5,4.5,e,+1.5,-1
sigma-,pi,104,103,-0.013681,1.991644e-01,5,5,4.5,e,+3.5,-1,5,5,4.5,e,+2.5,-1
sigma-,pi,105,104,-0.013679,1.989907e-01,5,5,4.5,e,+4.5,-1,5,5,4.5,e,+3.5,-1
sigma-,pi,107,106,-0.011815,4.645295e-03,5,5,4.5,f,-3.5,+1,5,5,4.5,f,-4.5,+1
sigma-,pi,108,107,-0.011812,4.641442e-03,5,5,4.5,f,-2.5,+1,5,5,4.5,f,-3.5,+1
sigma-,pi,109,108,-0.011810,2.703973e-03,5,5,4.5,f,-1.5,+1,5,5,4.5,f,-2.5,+1
sigma-,pi,110,109,-0.011808,7.700823e-04,5,5,4.5,f,-0.5,+1,5,5,4.5,f,-1.5,+1
sigma-,pi,111,110,-0.011806,6.599877e-09,5,5,4.5,f,+0.5,+1,5,5,4.5,f,-0.5,+1
sigma-,pi,112,111,-0.011803,7.784014e-04,5,5,4.5,f,+1.5,+1,5,5,4.5,f,+0.5,+1
sigma-,pi,113,112,-0.011801,2.715696e-03,5,5,4.5,f,+2.5,+1,5,5,4.5,f,+1.5,+1
sigma-,pi,114,113,-0.011799,4.649437e-03,5,5,4.5,f,+3.5,+1,5,5,4.5,f,+2.5,+1
sigma-,pi,115,114,-0.011797,4.645620e-03,5,5,4.5,f,+4.5,+1,5,5,4.5,f,+3.5,+1
sigma-,pi,85,84,-0.011776,1.899672e-01,4,4,4.5,e,+4.5,+1,4,4,4.5,e,+3.5,+1
sigma-,pi,84,83,-0.011772,1.897149e-01,4,4,4.5,e,+3.5,+1,4,4,4.5,e,+2.5,+1
sigma-,pi,83,82,-0.011768,1.104562e-01,4,4,4.5,e,+2.5,+1,4,4,4.5,e,+1.5,+1
sigma-,pi,82,81,-0.011764,3.142618e-02,4,4,4.5,e,+1.5,+1,4,4,4.5,e,+0.5,+1
sigma-,pi,81,80,-0.011760,3.908018e-07,4,4,4.5,e,+0.5,+1,4,4,4.5,e,-0.5,+1
sigma-,pi,80,79,-0.011756,3.181342e-02,4,4,4.5,e,-0.5,+1,4,4,4.5,e,-1.5,+1
sigma-,pi,79,78,-0.011752,1.108796e-01,4,4,4.5,e,-1.5,+1,4,4,4.5,e,-2.5,+1
sigma-,pi,78,77,-0.011748,1.897145e-01,4,4,4.5,e,-2.5,+1,4,4,4.5,e,-3.5,+1
sigma-,pi,77,76,-0.011744,1.894583e-01,4,4,4.5,e,-3.5,+1,4,4,4.5,e,-4.5,+1
sigma-,pi,95,94,-0.010239,6.196447e-03,4,4,4.5,f,+4.5,-1,4,4,4.5,f,+3.5,-1
sigma-,pi,94,93,-0.010236,6.188793e-03,4,4,4.5,f,+3.5,-1,4,4,4.5,f,+2.5,-1
sigma-,pi,93,92,-0.010232,3.603732e-03,4,4,4.5,f,+2.5,-1,4,4,4.5,f,+1.5,-1
sigma-,pi,92,91,-0.010229,1.025612e-03,4,4,4.5,f,+1.5,-1,4,4,4.5,f,+0.5,-1
sigma-,pi,91,90,-0.010225,1.101319e-08,4,4,4.5,f,+0.5,-1,4,4,4.5,f,-0.5,-1
sigma-,pi,90,89,-0.010222,1.037353e-03,4,4,4.5,f,-0.5,-1,4,4,4.5,f,-1.5,-1
sigma-,pi,89,88,-0.010218,3.616563e-03,4,4,4.5,f,-1.5,-1,4,4,4.5,f,-2.5,-1
sigma-,pi,88,87,-0.010215,6.188763e-03,4,4,4.5,f,-2.5,-1,4,4,4.5,f,-3.5,-1
sigma-,pi,87,86,-0.010211,6.180996e-03,4,4,4.5,f,-3.5,-1,4,4,4.5,f,-4.5,-1
sigma-,pi,127,126,-0.009418,1.823410e-01,5,5,5.5,e,+5.5,-1,5,5,5.5,e,+4.5,-1
sigma-,pi,126,125,-0.009415,2.119900e-01,5,5,5.5,e,+4.5,-1,5,5,5.5,e,+3.5,-1
sigma-,pi,125,124,-0.009413,1.607972e-01,5,5,5.5,e,+3.5,-1,5,5,5.5,e,+2.5,-1
sigma-,pi,124,123,-0.009410,8.455183e-02,5,5,5.5,e,+2.5,-1,5,5,5.5,e,+1.5,-1
sigma-,pi,123,122,-0.009408,2.302280e-02,5,5,5.5,e,+1.5,-1,5,5,5.5,e,+0.5,-1
sigma-,pi,122,121,-0.009405,3.190277e-07,5,5,5.5,e,+0.5,-1,5,5,5.5,e,-0.5,-1
sigma-,pi,121,120,-0.009403,2.333730e-02,5,5,5.5,e,-0.5,-1,5,5,5.5,e,-1.5,-1
sigma-,pi,120,119,-0.009400,8.499153e-02,5,5,5.5,e,-1.5,-1,5,5,5.5,e,-2.5,-1
sigma-,pi,119,118,-0.009397,1.610682e-01,5,5,5.5,e,-2.5,-1,5,5,5.5,e,-3.5,-1
sigma-,pi,118,117,-0.009395,2.118628e-01,5,5,5.5,e,-3.5,-1,5,5,5.5,e,-4.5,-1
sigma-,pi,117,116,-0.009392,1.819045e-01,5,5,5.5,e,-4.5,-1,5,5,5.5,e,-5.5,-1
sigma-,pi,139,138,-0.007847,4.258611e-03,5,5,5.5,f,+5.5,+1,5,5,5.5,f,+4.5,+1
sigma-,pi,138,137,-0.007844,4.951416e-03,5,5,5.5,f,+4.5,+1,5,5,5.5,f,+3.5,+1
sigma-,pi,137,136,-0.007842,3.756050e-03,5,5,5.5,f,+3.5,+1,5,5,5.5,f,+2.5,+1
sigma-,pi,136,135,-0.007840,1.975312e-03,5,5,5.5,f,+2.5,+1,5,5,5.5,f,+1.5,+1
sigma-,pi,135,134,-0.007838,5.380416e-04,5,5,5.5,f,+1.5,+1,5,5,5.5,f,+0.5,+1
sigma-,pi,134,133,-0.007836,6.315245e-09,5,5,5.5,f,+0.5,+1,5,5,5.5,f,-0.5,+1
sigma-,pi,133,132,-0.007833,5.448035e-04,5,5,5.5,f,-0.5,+1,5,5,5.5,f,-1.5,+1
sigma-,pi,132,131,-0.007831,1.984764e-03,5,5,5.5,f,-1.5,+1,5,5,5.5,f,-2.5,+1
sigma-,pi,131,130,-0.007829,3.761867e-03,5,5,5.5,f,-2.5,+1,5,5,5.5,f,-3.5,+1
sigma-,pi,130,129,-0.007827,4.948664e-03,5,5,5.5,f,-3.5,+1,5,5,5.5,f,-4.5,+1
sigma-,pi,129,128,-0.007825,4.249208e-03,5,5,5.5,f,-4.5,+1,5,5,5.5,f,-5.5,+1
sigma-,pi,118,96,3.548811,3.011865e-03,5,5,5.5,e,-3.5,-1,5,5,4.5,e,-4.5,-1
sigma-,pi,130,106,3.551788,7.074644e-05,5,5,5.5,f,-3.5,+1,5,5,4.5,f,-4.5,+1
sigma-,pi,119,97,3.553113,6.540899e-03,5,5,5.5,e,-2.5,-1,5,5,4.5,e,-3.5,-1
sigma-,pi,131,107,3.555774,1.536682e-04,5,5,5.5,f,-2.5,+1,5,5,4.5,f,-3.5,+1
sigma-,pi,120,98,3.557410,8.905826e-03,5,5,5.5,e,-1.5,-1,5,5,4.5,e,-2.5,-1
sigma-,pi,132,108,3.559755,2.092655e-04,5,5,5.5,f,-1.5,+1,5,5,4.5,f,-2.5,+1
sigma-,pi,121,99,3.561701,9.229033e-03,5,5,5.5,e,-0.5,-1,5,5,4.5,e,-1.5,-1
sigma-,pi,133,109,3.563731,2.168981e-04,5,5,5.5,f,-0.5,+1,5,5,4.5,f,-1.5,+1
sigma-,pi,122,100,3.565988,7.426960e-03,5,5,5.5,e,+0.5,-1,5,5,4.5,e,-0.5,-1
sigma-,pi,134,110,3.567703,1.745765e-04,5,5,5.5,f,+0.5,+1,5,5,4.5,f,-0.5,+1
sigma-,pi,123,101,3.570269,4.200627e-03,5,5,5.5,e,+1.5,-1,5,5,4.5,e,+0.5,-1
sigma-,pi,135,111,3.571671,9.875556e-05,5,5,5.5,f,+1.5,+1,5,5,4.5,f,+0.5,+1
sigma-,pi,124,102,3.574545,1.026293e-03,5,5,5.5,e,+2.5,-1,5,5,4.5,e,+1.5,-1
sigma-,pi,136,112,3.575634,2.413132e-05,5,5,5.5,f,+2.5,+1,5,5,4.5,f,+1.5,+1
sigma-,pi,125,103,3.578816,1.462483e-04,5,5,5.5,e,+3.5,-1,5,5,4.5,e,+2.5,-1
sigma-,pi,137,113,3.579593,3.440108e-06,5,5,5.5,f,+3.5,+1,5,5,4.5,f,+2.5,+1
sigma-,pi,126,104,3.583082,4.559744e-03,5,5,5.5,e,+4.5,-1,5,5,4.5,e,+3.5,-1
sigma-,pi,138,114,3.583548,1.072605e-04,5,5,5.5,f,+4.5,+1,5,5,4.5,f,+3.5,+1
sigma-,pi,127,105,3.587343,1.801404e-02,5,5,5.5,e,+5.5,-1,5,5,4.5,e,+4.5,-1
sigma-,pi,139,115,3.587498,4.238178e-04,5,5,5.5,f,+5.5,+1,5,5,4.5,f,+4.5,+1
sigma-,pi,78,60,4.402945,5.982285e-03,4,4,4.5,e,-2.5,+1,4,4,3.5,e,-3.5,+1
sigma-,pi,88,68,4.405817,1.961207e-04,4,4,4.5,f,-2.5,-1,4,4,3.5,f,-3.5,-1
sigma-,pi,79,61,4.408908,1.172944e-02,4,4,4.5,e,-1.5,+1,4,4,3.5,e,-2.5,+1
sigma-,pi,89,69,4.411393,3.845992e-04,4,4,4.5,f,-1.5,-1,4,4,3.5,f,-2.5,-1
sigma-,pi,80,62,4.414862,1.368135e-02,4,4,4.5,e,-0.5,+1,4,4,3.5,e,-1.5,+1
sigma-,pi,90,70,4.416963,4.486774e-04,4,4,4.5,f,-0.5,-1,4,4,3.5,f,-1.5,-1
sigma-,pi,81,63,4.420808,1.089965e-02,4,4,4.5,e,+0.5,+1,4,4,3.5,e,-0.5,+1
sigma-,pi,91,71,4.422525,3.575117e-04,4,4,4.5,f,+0.5,-1,4,4,3.5,f,-0.5,-1
sigma-,pi,82,64,4.426747,5.032679e-03,4,4,4.5,e,+1.5,+1,4,4,3.5,e,+0.5,+1
sigma-,pi,92,72,4.428080,1.650996e-04,4,4,4.5,f,+1.5,-1,4,4,3.5,f,+0.5,-1
sigma-,pi,83,65,4.432677,2.810905e-04,4,4,4.5,e,+2.5,+1,4,4,3.5,e,+1.5,+1
sigma-,pi,93,73,4.433629,9.221853e-06,4,4,4.5,f,+2.5,-1,4,4,3.5,f,+1.5,-1
sigma-,pi,84,66,4.438600,3.363906e-03,4,4,4.5,e,+3.5,+1,4,4,3.5,e,+2.5,+1
sigma-,pi,94,74,4.439170,1.104004e-04,4,4,4.5,f,+3.5,-1,4,4,3.5,f,+2.5,-1
sigma-,pi,85,67,4.444515,2.348518e-02,4,4,4.5,e,+4.5,+1,4,4,3.5,e,+3.5,+1
sigma-,pi,95,75,4.444705,7.708720e-04,4,4,4.5,f,+4.5,-1,4,4,3.5,f,+3.5,-1
sigma-,pi,46,32,5.756231,1.336163e-02,3,3,3.5,e,-1.5,-1,3,3,2.5,e,-2.5,-1
sigma-,pi,54,38,5.758938,7.752468e-04,3,3,3.5,f,-1.5,+1,3,3,2.5,f,-2.5,+1
sigma-,pi,47,33,5.765712,2.148622e-02,3,3,3.5,e,-0.5,-1,3,3,2.5,e,-1.5,-1
sigma-,pi,55,39,5.767923,1.246842e-03,3,3,3.5,f,-0.5,+1,3,3,2.5,f,-1.5,+1
sigma-,pi,48,34,5.775177,1.734532e-02,3,3,3.5,e,+0.5,-1,3,3,2.5,e,-0.5,-1
sigma-,pi,56,40,5.776894,1.006706e-03,3,3,3.5,f,+0.5,+1,3,3,2.5,f,-0.5,+1
sigma-,pi,49,35,5.784627,5.292552e-03,3,3,3.5,e,+1.5,-1,3,3,2.5,e,+0.5,-1
sigma-,pi,57,41,5.785851,3.072187e-04,3,3,3.5,f,+1.5,+1,3,3,2.5,f,+0.5,+1
sigma-,pi,50,36,5.794061,8.792029e-04,3,3,3.5,e,+2.5,-1,3,3,2.5,e,+1.5,-1
sigma-,pi,58,42,5.794795,5.105127e-05,3,3,3.5,f,+2.5,+1,3,3,2.5,f,+1.5,+1
sigma-,pi,51,37,5.803480,3.067332e-02,3,3,3.5,e,+3.5,-1,3,3,2.5,e,+2.5,-1
sigma-,pi,59,43,5.803724,1.781189e-03,3,3,3.5,f,+3.5,+1,3,3,2.5,f,+2.5,+1
sigma-,pi,22,12,8.273156,3.295848e-02,2,2,2.5,e,-0.5,+1,2,2,1.5,e,-1.5,+1
sigma-,pi,28,16,8.275565,5.833530e-03,2,2,2.5,f,-0.5,-1,2,2,1.5,f,-1.5,-1
sigma-,pi,23,13,8.292779,3.037357e-02,2,2,2.5,e,+0.5,+1,2,2,1.5,e,-0.5,+1
sigma-,pi,29,17,8.294496,5.376777e-03,2,2,2.5,f,+0.5,-1,2,2,1.5,f,-0.5,-1
sigma-,pi,24,14,8.312357,2.418535e-03,2,2,2.5,e,+1.5,+1,2,2,1.5,e,+0.5,+1
sigma-,pi,30,18,8.313385,4.281698e-04,2,2,2.5,f,+1.5,-1,2,2,1.5,f,+0.5,-1
sigma-,pi,25,15,8.331888,3.610824e-02,2,2,2.5,e,+2.5,+1,2,2,1.5,e,+1.5,+1
sigma-,pi,31,19,8.332231,6.394078e-03,2,2,2.5,f,+2.5,-1,2,2,1.5,f,+1.5,-1
sigma-,pi,6,0,14.947258,3.155438e-02,1,1,1.5,e,+0.5,-1,1,1,0.5,e,-0.5,-1
sigma-,pi,10,2,14.948975,1.784663e-01,1,1,1.5,f,+0.5,+1,1,1,0.5,f,-0.5,+1
sigma-,pi,7,1,15.022214,1.041456e-02,1,1,1.5,e,+1.5,-1,1,1,0.5,e,+0.5,-1
sigma-,pi,11,3,15.022785,5.890876e-02,1,1,1.5,f,+1.5,+1,1,1,0.5,f,+0.5,+1
sigma-,pi,3,22,29073.181387,4.476617e-04,1,1,0.5,f,+0.5,+1,2,2,2.5,e,-0.5,+1
sigma-,pi,2,21,29073.290179,8.990797e-04,1,1,0.5,f,-0.5,+1,2,2,2.5,e,-1.5,+1
sigma-,pi,3,13,29081.501384,1.529911e-03,1,1,0.5,f,+0.5,+1,2,2,1.5,e,-0.5,+1
sigma-,pi,2,12,29081.590530,5.003362e-04,1,1,0.5,f,-0.5,+1,2,2,1.5,e,-1.5,+1
sigma-,pi,11,23,29088.231390,1.528746e-03,1,1,1.5,f,+1.5,+1,2,2,2.5,e,+0.5,+1
sigma-,pi,10,22,29088.266349,1.403324e-03,1,1,1.5,f,+0.5,+1,2,2,2.5,e,-0.5,+1
sigma-,pi,9,21,29088.301151,1.088961e-04,1,1,1.5,f,-0.5,+1,2,2,2.5,e,-1.5,+1
sigma-,pi,8,20,29088.335793,1.690767e-03,1,1,1.5,f,-1.5,+1,2,2,2.5,e,-2.5,+1
sigma-,pi,1,28,29094.340923,4.408283e-02,1,1,0.5,e,+0.5,-1,2,2,2.5,f,-0.5,-1
sigma-,pi,0,27,29094.453397,8.849218e-02,1,1,0.5,e,-0.5,-1,2,2,2.5,f,-1.5,-1
sigma-,pi,11,14,29096.570988,9.900865e-04,1,1,1.5,f,+1.5,+1,2,2,1.5,e,+0.5,+1
sigma-,pi,10,13,29096.586347,6.421082e-10,1,1,1.5,f,+0.5,+1,2,2,1.5,e,-0.5,+1
sigma-,pi,9,12,29096.601502,1.003656e-03,1,1,1.5,f,-0.5,+1,2,2,1.5,e,-1.5,+1
sigma-,pi,1,17,29102.661257,1.488941e-01,1,1,0.5,e,+0.5,-1,2,2,1.5,f,-0.5,-1
sigma-,pi,0,16,29102.754777,4.868668e-02,1,1,0.5,e,-0.5,-1,2,2,1.5,f,-1.5,-1
sigma-,pi,7,29,29109.388974,1.491491e-01,1,1,1.5,e,+1.5,-1,2,2,2.5,f,+0.5,-1
sigma-,pi,6,28,29109.426471,1.369302e-01,1,1,1.5,e,+0.5,-1,2,2,2.5,f,-0.5,-1
sigma-,pi,5,27,29109.463802,1.063013e-02,1,1,1.5,e,-0.5,-1,2,2,2.5,f,-1.5,-1
sigma-,pi,4,26,29109.500967,1.649727e-01,1,1,1.5,e,-1.5,-1,2,2,2.5,f,-2.5,-1
sigma-,pi,7,18,29117.728218,9.836999e-02,1,1,1.5,e,+1.5,-1,2,2,1.5,f,+0.5,-1
sigma-,pi,6,17,29117.746804,1.063284e-07,1,1,1.5,e,+0.5,-1,2,2,1.5,f,-0.5,-1
sigma-,pi,5,16,29117.765183,9.968812e-02,1,1,1.5,e,-0.5,-1,2,2,1.5,f,-1.5,-1
sigma-,pi,19,48,43614.228372,4.115323e-05,2,2,1.5,f,+1.5,-1,3,3,3.5,e,+0.5,-1
sigma-,pi,18,47,43614.256727,1.239584e-04,2,2,1.5,f,+0.5,-1,3,3,3.5,e,-0.5,-1
sigma-,pi,17,46,43614.285111,2.074336e-04,2,2,1.5,f,-0.5,-1,3,3,3.5,e,-1.5,-1
sigma-,pi,16,45,43614.313525,2.082752e-04,2,2,1.5,f,-1.5,-1,3,3,3.5,e,-2.5,-1
sigma-,pi,19,35,43620.029377,1.112676e-03,2,2,1.5,f,+1.5,-1,3,3,2.5,e,+0.5,-1
sigma-,pi,18,34,43620.048275,1.032769e-03,2,2,1.5,f,+0.5,-1,3,3,2.5,e,-0.5,-1
sigma-,pi,17,33,43620.067186,8.372473e-05,2,2,1.5,f,-0.5,-1,3,3,2.5,e,-1.5,-1
sigma-,pi,16,32,43620.086111,1.231928e-03,2,2,1.5,f,-1.5,-1,3,3,2.5,e,-2.5,-1
sigma-,pi,31,49,43622.576981,7.735263e-04,2,2,2.5,f,+2.5,-1,3,3,3.5,e,+1.5,-1
sigma-,pi,30,48,43622.586482,1.245106e-03,2,2,2.5,f,+1.5,-1,3,3,3.5,e,+0.5,-1
sigma-,pi,29,47,43622.595970,1.005524e-03,2,2,2.5,f,+0.5,-1,3,3,3.5,e,-0.5,-1
sigma-,pi,28,46,43622.605445,3.060145e-04,2,2,2.5,f,-0.5,-1,3,3,3.5,e,-1.5,-1
sigma-,pi,27,45,43622.614905,5.237240e-05,2,2,2.5,f,-1.5,-1,3,3,3.5,e,-2.5,-1
sigma-,pi,26,44,43622.624352,1.798976e-03,2,2,2.5,f,-2.5,-1,3,3,3.5,e,-3.5,-1
sigma-,pi,31,36,43628.387428,3.112816e-04,2,2,2.5,f,+2.5,-1,3,3,2.5,e,+1.5,-1
sigma-,pi,30,35,43628.387487,1.249924e-04,2,2,2.5,f,+1.5,-1,3,3,2.5,e,+0.5,-1
sigma-,pi,27,32,43628.387492,3.161550e-04,2,2,2.5,f,-1.5,-1,3,3,2.5,e,-2.5,-1
sigma-,pi,28,33,43628.387519,1.259698e-04,2,2,2.5,f,-0.5,-1,3,3,2.5,e,-1.5,-1
sigma-,pi,15,56,43661.834522,4.036133e-03,2,2,1.5,e,+1.5,+1,3,3,3.5,f,+0.5,+1
sigma-,pi,14,55,43661.866427,1.214454e-02,2,2,1.5,e,+0.5,+1,3,3,3.5,f,-0.5,+1
sigma-,pi,13,54,43661.898361,2.030140e-02,2,2,1.5,e,-0.5,+1,3,3,3.5,f,-1.5,+1
sigma-,pi,12,53,43661.930326,2.036218e-02,2,2,1.5,e,-1.5,+1,3,3,3.5,f,-2.5,+1
sigma-,pi,15,41,43667.635271,1.089823e-01,2,2,1.5,e,+1.5,+1,3,3,2.5,f,+0.5,+1
sigma-,pi,14,40,43667.658212,1.011521e-01,2,2,1.5,e,+0.5,+1,3,3,2.5,f,-0.5,+1
sigma-,pi,13,39,43667.681168,8.197808e-03,2,2,1.5,e,-0.5,+1,3,3,2.5,f,-1.5,+1
sigma-,pi,12,38,43667.704141,1.206810e-01,2,2,1.5,e,-1.5,+1,3,3,2.5,f,-2.5,+1
sigma-,pi,25,57,43670.181308,7.599047e-02,2,2,2.5,e,+2.5,+1,3,3,3.5,f,+1.5,+1
sigma-,pi,24,56,43670.193674,1.223231e-01,2,2,2.5,e,+1.5,+1,3,3,3.5,f,+0.5,+1
sigma-,pi,23,55,43670.206025,9.878994e-02,2,2,2.5,e,+0.5,+1,3,3,3.5,f,-0.5,+1
sigma-,pi,22,54,43670.218359,3.006640e-02,2,2,2.5,e,-0.5,+1,3,3,3.5,f,-1.5,+1
sigma-,pi,21,53,43670.230677,5.145824e-03,2,2,2.5,e,-1.5,+1,3,3,3.5,f,-2.5,+1
sigma-,pi,20,52,43670.242979,1.767665e-01,2,2,2.5,e,-2.5,+1,3,3,3.5,f,-3.5,+1
sigma-,pi,25,42,43675.991008,3.010570e-02,2,2,2.5,e,+2.5,+1,3,3,2.5,f,+1.5,+1
sigma-,pi,24,41,43675.994423,1.210036e-02,2,2,2.5,e,+1.5,+1,3,3,2.5,f,+0.5,+1
sigma-,pi,23,40,43675.997810,5.326542e-09,2,2,2.5,e,+0.5,+1,3,3,2.5,f,-0.5,+1
sigma-,pi,22,39,43676.001166,1.217236e-02,2,2,2.5,e,-0.5,+1,3,3,2.5,f,-1.5,+1
sigma-,pi,21,38,43676.004492,3.057946e-02,2,2,2.5,e,-1.5,+1,3,3,2.5,f,-2.5,+1
sigma-,pi,43,82,58146.016926,4.500542e-05,3,3,2.5,f,+2.5,+1,4,4,4.5,e,+1.5,+1
sigma-,pi,42,81,58146.029004,1.506389e-04,3,3,2.5,f,+1.5,+1,4,4,4.5,e,+0.5,+1
sigma-,pi,41,80,58146.041092,3.025269e-04,3,3,2.5,f,+0.5,+1,4,4,4.5,e,-0.5,+1
sigma-,pi,40,79,58146.053191,4.556749e-04,3,3,2.5,f,-0.5,+1,4,4,4.5,e,-1.5,+1
sigma-,pi,39,78,58146.065301,5.338323e-04,3,3,2.5,f,-1.5,+1,4,4,4.5,e,-2.5,+1
sigma-,pi,38,77,58146.077422,4.288455e-04,3,3,2.5,f,-2.5,+1,4,4,4.5,e,-3.5,+1
sigma-,pi,43,65,58150.461372,3.546326e-03,3,3,2.5,f,+2.5,+1,4,4,3.5,e,+1.5,+1
sigma-,pi,42,64,58150.467514,5.727016e-03,3,3,2.5,f,+1.5,+1,4,4,3.5,e,+0.5,+1
sigma-,pi,41,63,58150.473660,4.644980e-03,3,3,2.5,f,+0.5,+1,4,4,3.5,e,-0.5,+1
sigma-,pi,40,62,58150.479809,1.427035e-03,3,3,2.5,f,-0.5,+1,4,4,3.5,e,-1.5,+1
sigma-,pi,39,61,58150.485960,2.330548e-04,3,3,2.5,f,-1.5,+1,4,4,3.5,e,-2.5,+1
sigma-,pi,38,60,58150.492115,8.265256e-03,3,3,2.5,f,-2.5,+1,4,4,3.5,e,-3.5,+1
sigma-,pi,59,83,58151.832419,2.508948e-03,3,3,3.5,f,+3.5,+1,4,4,4.5,e,+2.5,+1
sigma-,pi,58,82,58151.835562,4.926943e-03,3,3,3.5,f,+2.5,+1,4,4,4.5,e,+1.5,+1
sigma-,pi,57,81,58151.838703,5.754926e-03,3,3,3.5,f,+1.5,+1,4,4,4.5,e,+0.5,+1
sigma-,pi,56,80,58151.841841,4.589738e-03,3,3,3.5,f,+0.5,+1,4,4,4.5,e,-0.5,+1
sigma-,pi,55,79,58151.844976,2.119122e-03,3,3,3.5,f,-0.5,+1,4,4,4.5,e,-1.5,+1
sigma-,pi,54,78,58151.848108,1.166616e-04,3,3,3.5,f,-1.5,+1,4,4,4.5,e,-2.5,+1
sigma-,pi,53,77,58151.851237,1.436670e-03,3,3,3.5,f,-2.5,+1,4,4,4.5,e,-3.5,+1
sigma-,pi,52,76,58151.854363,1.000902e-02,3,3,3.5,f,-3.5,+1,4,4,4.5,e,-4.5,+1
sigma-,pi,53,60,58156.265930,7.259220e-04,3,3,3.5,f,-2.5,+1,4,4,3.5,e,-3.5,+1
sigma-,pi,54,61,58156.268767,5.519842e-04,3,3,3.5,f,-1.5,+1,4,4,3.5,e,-2.5,+1
sigma-,pi,55,62,58156.271594,1.723281e-04,3,3,3.5,f,-0.5,+1,4,4,3.5,e,-1.5,+1
sigma-,pi,56,63,58156.274409,4.227578e-10,3,3,3.5,f,+0.5,+1,4,4,3.5,e,-0.5,+1
sigma-,pi,57,64,58156.277214,1.704373e-04,3,3,3.5,f,+1.5,+1,4,4,3.5,e,+0.5,+1
sigma-,pi,58,65,58156.280008,5.448873e-04,3,3,3.5,f,+2.5,+1,4,4,3.5,e,+1.5,+1
sigma-,pi,59,66,58156.282791,7.137738e-04,3,3,3.5,f,+3.5,+1,4,4,3.5,e,+2.5,+1
sigma-,pi,37,92,58230.649690,7.826741e-04,3,3,2.5,e,+2.5,-1,4,4,4.5,f,+1.5,-1
sigma-,pi,36,91,58230.665273,2.616097e-03,3,3,2.5,e,+1.5,-1,4,4,4.5,f,+0.5,-1
sigma-,pi,35,90,58230.680868,5.246621e-03,3,3,2.5,e,+0.5,-1,4,4,4.5,f,-0.5,-1
sigma-,pi,34,89,58230.696474,7.891663e-03,3,3,2.5,e,-0.5,-1,4,4,4.5,f,-1.5,-1
sigma-,pi,33,88,58230.712091,9.232402e-03,3,3,2.5,e,-1.5,-1,4,4,4.5,f,-2.5,-1
sigma-,pi,32,87,58230.727720,7.406377e-03,3,3,2.5,e,-2.5,-1,4,4,4.5,f,-3.5,-1
sigma-,pi,37,73,58235.093551,6.133054e-02,3,3,2.5,e,+2.5,-1,4,4,3.5,f,+1.5,-1
sigma-,pi,36,72,58235.103582,9.904431e-02,3,3,2.5,e,+1.5,-1,4,4,3.5,f,+0.5,-1
sigma-,pi,35,71,58235.113618,8.033142e-02,3,3,2.5,e,+0.5,-1,4,4,3.5,f,-0.5,-1
sigma-,pi,34,70,58235.123659,2.467878e-02,3,3,2.5,e,-0.5,-1,4,4,3.5,f,-1.5,-1
sigma-,pi,33,69,58235.133703,4.031622e-03,3,3,2.5,e,-1.5,-1,4,4,3.5,f,-2.5,-1
sigma-,pi,32,68,58235.143752,1.429575e-01,3,3,2.5,e,-2.5,-1,4,4,3.5,f,-3.5,-1
sigma-,pi,51,93,58236.463402,4.343726e-02,3,3,3.5,e,+3.5,-1,4,4,4.5,f,+2.5,-1
sigma-,pi,50,92,58236.469563,8.530237e-02,3,3,3.5,e,+2.5,-1,4,4,4.5,f,+1.5,-1
sigma-,pi,49,91,58236.475720,9.964063e-02,3,3,3.5,e,+1.5,-1,4,4,4.5,f,+0.5,-1
sigma-,pi,48,90,58236.481873,7.946917e-02,3,3,3.5,e,+0.5,-1,4,4,4.5,f,-0.5,-1
sigma-,pi,47,89,58236.488022,3.669301e-02,3,3,3.5,e,-0.5,-1,4,4,4.5,f,-1.5,-1
sigma-,pi,46,88,58236.494166,2.020247e-03,3,3,3.5,e,-1.5,-1,4,4,4.5,f,-2.5,-1
sigma-,pi,45,87,58236.500306,2.487631e-02,3,3,3.5,e,-2.5,-1,4,4,4.5,f,-3.5,-1
sigma-,pi,44,86,58236.506442,1.733172e-01,3,3,3.5,e,-3.5,-1,4,4,4.5,f,-4.5,-1
sigma-,pi,51,74,58240.912808,1.229047e-02,3,3,3.5,e,+3.5,-1,4,4,3.5,f,+2.5,-1
sigma-,pi,50,73,58240.913424,9.391996e-03,3,3,3.5,e,+2.5,-1,4,4,3.5,f,+1.5,-1
sigma-,pi,49,72,58240.914029,2.944095e-03,3,3,3.5,e,+1.5,-1,4,4,3.5,f,+0.5,-1
sigma-,pi,48,71,58240.914623,9.704373e-11,3,3,3.5,e,+0.5,-1,4,4,3.5,f,-0.5,-1
sigma-,pi,47,70,58240.915206,2.959342e-03,3,3,3.5,e,-0.5,-1,4,4,3.5,f,-1.5,-1
sigma-,pi,46,69,58240.915778,9.499527e-03,3,3,3.5,e,-1.5,-1,4,4,3.5,f,-2.5,-1
sigma-,pi,45,68,58240.916338,1.250581e-02,3,3,3.5,e,-2.5,-1,4,4,3.5,f,-3.5,-1
sigma-,pi,75,124,72671.129473,2.611517e-05,4,4,3.5,f,+3.5,-1,5,5,5.5,e,+2.5,-1
sigma-,pi,74,123,72671.135837,9.180105e-05,4,4,3.5,f,+2.5,-1,5,5,5.5,e,+1.5,-1
sigma-,pi,73,122,72671.142207,1.975742e-04,4,4,3.5,f,+1.5,-1,5,5,5.5,e,+0.5,-1
sigma-,pi,72,121,72671.148582,3.307278e-04,4,4,3.5,f,+0.5,-1,5,5,5.5,e,-0.5,-1
sigma-,pi,71,120,72671.154964,4.650431e-04,4,4,3.5,f,-0.5,-1,5,5,5.5,e,-1.5,-1
sigma-,pi,70,119,72671.161352,5.604946e-04,4,4,3.5,f,-1.5,-1,5,5,5.5,e,-2.5,-1
sigma-,pi,69,118,72671.167746,5.629515e-04,4,4,3.5,f,-2.5,-1,5,5,5.5,e,-3.5,-1
sigma-,pi,68,117,72671.174146,4.038732e-04,4,4,3.5,f,-3.5,-1,5,5,5.5,e,-4.5,-1
sigma-,pi,75,103,72674.717703,4.386380e-03,4,4,3.5,f,+3.5,-1,5,5,4.5,e,+2.5,-1
sigma-,pi,74,102,72674.719793,8.628765e-03,4,4,3.5,f,+2.5,-1,5,5,4.5,e,+1.5,-1
sigma-,pi,73,101,72674.721884,1.009906e-02,4,4,3.5,f,+1.5,-1,5,5,4.5,e,+0.5,-1
sigma-,pi,72,100,72674.723975,8.075336e-03,4,4,3.5,f,+0.5,-1,5,5,4.5,e,-0.5,-1
sigma-,pi,71,99,72674.726068,3.745790e-03,4,4,3.5,f,-0.5,-1,5,5,4.5,e,-1.5,-1
sigma-,pi,70,98,72674.728162,2.127114e-04,4,4,3.5,f,-1.5,-1,5,5,4.5,e,-2.5,-1
sigma-,pi,69,97,72674.730256,2.496526e-03,4,4,3.5,f,-2.5,-1,5,5,4.5,e,-3.5,-1
sigma-,pi,68,96,72674.732352,1.753988e-02,4,4,3.5,f,-3.5,-1,5,5,4.5,e,-4.5,-1
sigma-,pi,95,125,72675.583591,3.232040e-03,4,4,4.5,f,+4.5,-1,5,5,5.5,e,+3.5,-1
sigma-,pi,94,124,72675.584417,7.030879e-03,4,4,4.5,f,+3.5,-1,5,5,5.5,e,+2.5,-1
sigma-,pi,93,123,72675.585243,9.588469e-03,4,4,4.5,f,+2.5,-1,5,5,5.5,e,+1.5,-1
sigma-,pi,92,122,72675.586068,9.951454e-03,4,4,4.5,f,+1.5,-1,5,5,5.5,e,+0.5,-1
sigma-,pi,91,121,72675.586892,8.018645e-03,4,4,4.5,f,+0.5,-1,5,5,5.5,e,-0.5,-1
sigma-,pi,90,120,72675.587714,4.538472e-03,4,4,4.5,f,-0.5,-1,5,5,5.5,e,-1.5,-1
sigma-,pi,89,119,72675.588536,1.106408e-03,4,4,4.5,f,-1.5,-1,5,5,5.5,e,-2.5,-1
sigma-,pi,88,118,72675.589357,1.623650e-04,4,4,4.5,f,-2.5,-1,5,5,5.5,e,-3.5,-1
sigma-,pi,87,117,72675.590178,4.988067e-03,4,4,4.5,f,-3.5,-1,5,5,5.5,e,-4.5,-1
sigma-,pi,86,116,72675.590997,1.970439e-02,4,4,4.5,f,-4.5,-1,5,5,5.5,e,-5.5,-1
sigma-,pi,87,96,72679.148384,7.260930e-04,4,4,4.5,f,-3.5,-1,5,5,4.5,e,-4.5,-1
sigma-,pi,88,97,72679.151868,7.252168e-04,4,4,4.5,f,-2.5,-1,5,5,4.5,e,-3.5,-1
sigma-,pi,89,98,72679.155346,4.228001e-04,4,4,4.5,f,-1.5,-1,5,5,4.5,e,-2.5,-1
sigma-,pi,90,99,72679.158818,1.210343e-04,4,4,4.5,f,-0.5,-1,5,5,4.5,e,-1.5,-1
sigma-,pi,91,100,72679.162284,1.778411e-09,4,4,4.5,f,+0.5,-1,5,5,4.5,e,-0.5,-1
sigma-,pi,92,101,72679.165745,1.187887e-04,4,4,4.5,f,+1.5,-1,5,5,4.5,e,+0.5,-1
sigma-,pi,93,102,72679.169198,4.165823e-04,4,4,4.5,f,+2.5,-1,5,5,4.5,e,+1.5,-1
sigma-,pi,94,103,72679.172646,7.137525e-04,4,4,4.5,f,+3.5,-1,5,5,4.5,e,+2.5,-1
sigma-,pi,95,104,72679.176088,7.129184e-04,4,4,4.5,f,+4.5,-1,5,5,4.5,e,+3.5,-1
sigma-,pi,1,47,72716.962731,7.134459e-09,1,1,0.5,e,+0.5,-1,3,3,3.5,e,-0.5,-1
sigma-,pi,0,46,72717.084657,1.216046e-08,1,1,0.5,e,-0.5,-1,3,3,3.5,e,-1.5,-1
sigma-,pi,1,34,72722.754278,9.313713e-03,1,1,0.5,e,+0.5,-1,3,3,2.5,e,-0.5,-1
sigma-,pi,0,33,72722.866732,1.867992e-02,1,1,0.5,e,-0.5,-1,3,3,2.5,e,-1.5,-1
sigma-,pi,7,48,72732.001315,3.447321e-03,1,1,1.5,e,+1.5,-1,3,3,3.5,e,+0.5,-1
sigma-,pi,6,47,72732.048278,1.031955e-02,1,1,1.5,e,+0.5,-1,3,3,3.5,e,-0.5,-1
sigma-,pi,5,46,72732.095063,1.716172e-02,1,1,1.5,e,-0.5,-1,3,3,3.5,e,-1.5,-1
sigma-,pi,4,45,72732.141666,1.712403e-02,1,1,1.5,e,-1.5,-1,3,3,3.5,e,-2.5,-1
sigma-,pi,7,35,72737.802320,2.546506e-03,1,1,1.5,e,+1.5,-1,3,3,2.5,e,+0.5,-1
sigma-,pi,6,34,72737.839826,2.378457e-03,1,1,1.5,e,+0.5,-1,3,3,2.5,e,-0.5,-1
sigma-,pi,5,33,72737.877138,1.938573e-04,1,1,1.5,e,-0.5,-1,3,3,2.5,e,-1.5,-1
sigma-,pi,4,32,72737.914252,2.876092e-03,1,1,1.5,e,-1.5,-1,3,3,2.5,e,-2.5,-1
sigma-,pi,3,55,72743.414629,4.871885e-08,1,1,0.5,f,+0.5,+1,3,3,3.5,f,-0.5,+1
sigma-,pi,2,54,72743.535733,8.290129e-08,1,1,0.5,f,-0.5,+1,3,3,3.5,f,-1.5,+1
sigma-,pi,3,40,72749.206414,5.270091e-02,1,1,0.5,f,+0.5,+1,3,3,2.5,f,-0.5,+1
sigma-,pi,2,39,72749.318540,1.056981e-01,1,1,0.5,f,-0.5,+1,3,3,2.5,f,-1.5,+1
sigma-,pi,11,56,72758.452306,1.951159e-02,1,1,1.5,f,+1.5,+1,3,3,3.5,f,+0.5,+1
sigma-,pi,10,55,72758.499592,5.841503e-02,1,1,1.5,f,+0.5,+1,3,3,3.5,f,-0.5,+1
sigma-,pi,9,54,72758.546705,9.715794e-02,1,1,1.5,f,-0.5,+1,3,3,3.5,f,-1.5,+1
sigma-,pi,8,53,72758.593641,9.695665e-02,1,1,1.5,f,-1.5,+1,3,3,3.5,f,-2.5,+1
sigma-,pi,11,41,72764.253055,1.450169e-02,1,1,1.5,f,+1.5,+1,3,3,2.5,f,+0.5,+1
sigma-,pi,10,40,72764.291377,1.354564e-02,1,1,1.5,f,+0.5,+1,3,3,2.5,f,-0.5,+1
sigma-,pi,9,39,72764.329512,1.105272e-03,1,1,1.5,f,-0.5,+1,3,3,2.5,f,-1.5,+1
sigma-,pi,8,38,72764.367456,1.636466e-02,1,1,1.5,f,-1.5,+1,3,3,2.5,f,-2.5,+1
sigma-,pi,67,136,72803.368834,2.248910e-04,4,4,3.5,e,+3.5,+1,5,5,5.5,f,+2.5,+1
sigma-,pi,66,135,72803.378684,7.891670e-04,4,4,3.5,e,+2.5,+1,5,5,5.5,f,+1.5,+1
sigma-,pi,65,134,72803.388541,1.695479e-03,4,4,3.5,e,+1.5,+1,5,5,5.5,f,+0.5,+1
sigma-,pi,64,133,72803.398404,2.833173e-03,4,4,3.5,e,+0.5,+1,5,5,5.5,f,-0.5,+1
sigma-,pi,63,132,72803.408273,3.976807e-03,4,4,3.5,e,-0.5,+1,5,5,5.5,f,-1.5,+1
sigma-,pi,62,131,72803.418148,4.784656e-03,4,4,3.5,e,-1.5,+1,5,5,5.5,f,-2.5,+1
sigma-,pi,61,130,72803.428029,4.797192e-03,4,4,3.5,e,-2.5,+1,5,5,5.5,f,-3.5,+1
sigma-,pi,60,129,72803.437917,3.435556e-03,4,4,3.5,e,-3.5,+1,5,5,5.5,f,-4.5,+1
sigma-,pi,67,113,72806.956270,3.740651e-02,4,4,3.5,e,+3.5,+1,5,5,4.5,f,+2.5,+1
sigma-,pi,66,112,72806.962159,7.358579e-02,4,4,3.5,e,+2.5,+1,5,5,4.5,f,+1.5,+1
sigma-,pi,65,111,72806.968050,8.612515e-02,4,4,3.5,e,+1.5,+1,5,5,4.5,f,+0.5,+1
sigma-,pi,64,110,72806.973943,6.886718e-02,4,4,3.5,e,+0.5,+1,5,5,4.5,f,-0.5,+1
sigma-,pi,63,109,72806.979837,3.194428e-02,4,4,3.5,e,-0.5,+1,5,5,4.5,f,-1.5,+1
sigma-,pi,62,108,72806.985734,1.813760e-03,4,4,3.5,e,-1.5,+1,5,5,4.5,f,-2.5,+1
sigma-,pi,61,107,72806.991632,2.129322e-02,4,4,3.5,e,-2.5,+1,5,5,4.5,f,-3.5,+1
sigma-,pi,60,106,72806.997532,1.495964e-01,4,4,3.5,e,-3.5,+1,5,5,4.5,f,-4.5,+1
sigma-,pi,85,137,72807.821191,2.757895e-02,4,4,4.5,e,+4.5,+1,5,5,5.5,f,+3.5,+1
sigma-,pi,84,136,72807.825124,5.999572e-02,4,4,4.5,e,+3.5,+1,5,5,5.5,f,+2.5,+1
sigma-,pi,83,135,72807.829056,8.182194e-02,4,4,4.5,e,+2.5,+1,5,5,5.5,f,+1.5,+1
sigma-,pi,82,134,72807.832986,8.492141e-02,4,4,4.5,e,+1.5,+1,5,5,5.5,f,+0.5,+1
sigma-,pi,81,133,72807.836914,6.842936e-02,4,4,4.5,e,+0.5,+1,5,5,5.5,f,-0.5,+1
sigma-,pi,80,132,72807.840841,3.873143e-02,4,4,4.5,e,-0.5,+1,5,5,5.5,f,-1.5,+1
sigma-,pi,79,131,72807.844766,9.442545e-03,4,4,4.5,e,-1.5,+1,5,5,5.5,f,-2.5,+1
sigma-,pi,78,130,72807.848689,1.385493e-03,4,4,4.5,e,-2.5,+1,5,5,5.5,f,-3.5,+1
sigma-,pi,77,129,72807.852610,4.256931e-02,4,4,4.5,e,-3.5,+1,5,5,5.5,f,-4.5,+1
sigma-,pi,76,128,72807.856529,1.681675e-01,4,4,4.5,e,-4.5,+1,5,5,5.5,f,-5.5,+1
sigma-,pi,77,106,72811.412225,6.184400e-03,4,4,4.5,e,-3.5,+1,5,5,4.5,f,-4.5,+1
sigma-,pi,78,107,72811.412291,6.169737e-03,4,4,4.5,e,-2.5,+1,5,5,4.5,f,-3.5,+1
sigma-,pi,79,108,72811.412352,3.590686e-03,4,4,4.5,e,-1.5,+1,5,5,4.5,f,-2.5,+1
sigma-,pi,80,109,72811.412406,1.023751e-03,4,4,4.5,e,-0.5,+1,5,5,4.5,f,-1.5,+1
sigma-,pi,81,110,72811.412454,9.752201e-11,4,4,4.5,e,+0.5,+1,5,5,4.5,f,-0.5,+1
sigma-,pi,82,111,72811.412495,1.017615e-03,4,4,4.5,e,+1.5,+1,5,5,4.5,f,+0.5,+1
sigma-,pi,83,112,72811.412531,3.554228e-03,4,4,4.5,e,+2.5,+1,5,5,4.5,f,+1.5,+1
sigma-,pi,84,113,72811.412560,6.079076e-03,4,4,4.5,e,+3.5,+1,5,5,4.5,f,+2.5,+1
sigma-,pi,85,114,72811.412583,6.064957e-03,4,4,4.5,e,+4.5,+1,5,5,4.5,f,+3.5,+1
sigma-,pi,15,81,101813.688123,2.355452e-11,2,2,1.5,e,+1.5,+1,4,4,4.5,e,+0.5,+1
sigma-,pi,14,80,101813.723158,6.823140e-11,2,2,1.5,e,+0.5,+1,4,4,4.5,e,-0.5,+1
sigma-,pi,13,79,101813.758221,9.872065e-11,2,2,1.5,e,-0.5,+1,4,4,4.5,e,-1.5,+1
sigma-,pi,12,78,101813.793311,7.398043e-11,2,2,1.5,e,-1.5,+1,4,4,4.5,e,-2.5,+1
sigma-,pi,15,64,101818.126634,4.277016e-03,2,2,1.5,e,+1.5,+1,4,4,3.5,e,+0.5,+1
sigma-,pi,14,63,101818.155727,1.284423e-02,2,2,1.5,e,+0.5,+1,4,4,3.5,e,-0.5,+1
sigma-,pi,13,62,101818.184839,2.142918e-02,2,2,1.5,e,-0.5,+1,4,4,3.5,e,-1.5,+1
sigma-,pi,12,61,101818.213970,2.145147e-02,2,2,1.5,e,-1.5,+1,4,4,3.5,e,-2.5,+1
sigma-,pi,25,82,101822.031775,1.993214e-03,2,2,2.5,e,+2.5,+1,4,4,4.5,e,+1.5,+1
sigma-,pi,24,81,101822.047275,6.636982e-03,2,2,2.5,e,+1.5,+1,4,4,4.5,e,+0.5,+1
sigma-,pi,23,80,101822.062756,1.325978e-02,2,2,2.5,e,+0.5,+1,4,4,4.5,e,-0.5,+1
sigma-,pi,22,79,101822.078218,1.986831e-02,2,2,2.5,e,-0.5,+1,4,4,4.5,e,-1.5,+1
sigma-,pi,21,78,101822.093662,2.315467e-02,2,2,2.5,e,-1.5,+1,4,4,4.5,e,-2.5,+1
sigma-,pi,20,77,101822.109085,1.850364e-02,2,2,2.5,e,-2.5,+1,4,4,4.5,e,-3.5,+1
sigma-,pi,25,65,101826.476220,9.809097e-04,2,2,2.5,e,+2.5,+1,4,4,3.5,e,+1.5,+1
sigma-,pi,24,64,101826.485786,1.588134e-03,2,2,2.5,e,+1.5,+1,4,4,3.5,e,+0.5,+1
sigma-,pi,23,63,101826.495325,1.290741e-03,2,2,2.5,e,+0.5,+1,4,4,3.5,e,-0.5,+1
sigma-,pi,22,62,101826.504836,3.963723e-04,2,2,2.5,e,-0.5,+1,4,4,3.5,e,-1.5,+1
sigma-,pi,21,61,101826.514321,6.652409e-05,2,2,2.5,e,-1.5,+1,4,4,3.5,e,-2.5,+1
sigma-,pi,20,60,101826.523778,2.332232e-03,2,2,2.5,e,-2.5,+1,4,4,3.5,e,-3.5,+1
sigma-,pi,19,91,101850.720470,4.942555e-12,2,2,1.5,f,+1.5,-1,4,4,4.5,f,+0.5,-1
sigma-,pi,18,90,101850.754971,1.801322e-11,2,2,1.5,f,+0.5,-1,4,4,4.5,f,-0.5,-1
sigma-,pi,17,89,101850.789496,3.232028e-11,2,2,1.5,f,-0.5,-1,4,4,4.5,f,-1.5,-1
sigma-,pi,16,88,101850.824046,2.967880e-11,2,2,1.5,f,-1.5,-1,4,4,4.5,f,-2.5,-1
sigma-,pi,19,72,101855.158780,2.421595e-02,2,2,1.5,f,+1.5,-1,4,4,3.5,f,+0.5,-1
sigma-,pi,18,71,101855.187721,7.272089e-02,2,2,1.5,f,+0.5,-1,4,4,3.5,f,-0.5,-1
sigma-,pi,17,70,101855.216680,1.213240e-01,2,2,1.5,f,-0.5,-1,4,4,3.5,f,-1.5,-1
sigma-,pi,16,69,101855.245658,1.214474e-01,2,2,1.5,f,-1.5,-1,4,4,3.5,f,-2.5,-1
sigma-,pi,31,92,101859.062930,1.128325e-02,2,2,2.5,f,+2.5,-1,4,4,4.5,f,+1.5,-1
sigma-,pi,30,91,101859.078581,3.757357e-02,2,2,2.5,f,+1.5,-1,4,4,4.5,f,+0.5,-1
sigma-,pi,29,90,101859.094214,7.507234e-02,2,2,2.5,f,+0.5,-1,4,4,4.5,f,-0.5,-1
sigma-,pi,28,89,101859.109829,1.124959e-01,2,2,2.5,f,-0.5,-1,4,4,4.5,f,-1.5,-1
sigma-,pi,27,88,101859.125426,1.311134e-01,2,2,2.5,f,-1.5,-1,4,4,4.5,f,-2.5,-1
sigma-,pi,26,87,101859.141005,1.047848e-01,2,2,2.5,f,-2.5,-1,4,4,4.5,f,-3.5,-1
sigma-,pi,31,73,101863.506791,5.587721e-03,2,2,2.5,f,+2.5,-1,4,4,3.5,f,+1.5,-1
sigma-,pi,30,72,101863.516890,9.046778e-03,2,2,2.5,f,+1.5,-1,4,4,3.5,f,+0.5,-1
sigma-,pi,29,71,101863.526964,7.353343e-03,2,2,2.5,f,+0.5,-1,4,4,3.5,f,-0.5,-1
sigma-,pi,28,70,101863.537014,2.259320e-03,2,2,2.5,f,-0.5,-1,4,4,3.5,f,-1.5,-1
sigma-,pi,27,69,101863.547038,3.775610e-04,2,2,2.5,f,-1.5,-1,4,4,3.5,f,-2.5,-1
sigma-,pi,26,68,101863.557037,1.326920e-02,2,2,2.5,f,-2.5,-1,4,4,3.5,f,-3.5,-1
sigma-,pi,37,123,130906.245165,3.799550e-10,3,3,2.5,e,+2.5,-1,5,5,5.5,e,+1.5,-1
sigma-,pi,36,122,130906.261570,1.358630e-09,3,3,2.5,e,+1.5,-1,5,5,5.5,e,+0.5,-1
sigma-,pi,35,121,130906.277985,2.720545e-09,3,3,2.5,e,+0.5,-1,5,5,5.5,e,-0.5,-1
sigma-,pi,34,120,130906.294410,3.813342e-09,3,3,2.5,e,-0.5,-1,5,5,5.5,e,-1.5,-1
sigma-,pi,33,119,130906.310846,3.817902e-09,3,3,2.5,e,-1.5,-1,5,5,5.5,e,-2.5,-1
sigma-,pi,32,118,130906.327292,2.293467e-09,3,3,2.5,e,-2.5,-1,5,5,5.5,e,-3.5,-1
sigma-,pi,37,102,130909.829121,2.138919e-03,3,3,2.5,e,+2.5,-1,5,5,4.5,e,+1.5,-1
sigma-,pi,36,101,130909.841247,7.133875e-03,3,3,2.5,e,+1.5,-1,5,5,4.5,e,+0.5,-1
sigma-,pi,35,100,130909.853378,1.427608e-02,3,3,2.5,e,+0.5,-1,5,5,4.5,e,-0.5,-1
sigma-,pi,34,99,130909.865514,2.142668e-02,3,3,2.5,e,-0.5,-1,5,5,4.5,e,-1.5,-1
sigma-,pi,33,98,130909.877656,2.501252e-02,3,3,2.5,e,-1.5,-1,5,5,4.5,e,-2.5,-1
sigma-,pi,32,97,130909.889803,2.002185e-02,3,3,2.5,e,-2.5,-1,5,5,4.5,e,-3.5,-1
sigma-,pi,51,124,130912.058055,1.161802e-03,3,3,3.5,e,+3.5,-1,5,5,5.5,e,+2.5,-1
sigma-,pi,50,123,130912.065039,4.063558e-03,3,3,3.5,e,+2.5,-1,5,5,5.5,e,+1.5,-1
sigma-,pi,49,122,130912.072017,8.701711e-03,3,3,3.5,e,+1.5,-1,5,5,5.5,e,+0.5,-1
sigma-,pi,48,121,130912.078990,1.449296e-02,3,3,3.5,e,+0.5,-1,5,5,5.5,e,-0.5,-1
sigma-,pi,47,120,130912.085958,2.027625e-02,3,3,3.5,e,-0.5,-1,5,5,5.5,e,-1.5,-1
sigma-,pi,46,119,130912.092921,2.431476e-02,3,3,3.5,e,-1.5,-1,5,5,5.5,e,-2.5,-1
sigma-,pi,45,118,130912.099879,2.429797e-02,3,3,3.5,e,-2.5,-1,5,5,5.5,e,-3.5,-1
sigma-,pi,44,117,130912.106831,1.734365e-02,3,3,3.5,e,-3.5,-1,5,5,5.5,e,-4.5,-1
sigma-,pi,11,64,130914.744417,1.367033e-11,1,1,1.5,f,+1.5,+1,4,4,3.5,e,+0.5,+1
sigma-,pi,10,63,130914.788892,4.138451e-11,1,1,1.5,f,+0.5,+1,4,4,3.5,e,-0.5,+1
sigma-,pi,9,62,130914.833182,6.960460e-11,1,1,1.5,f,-0.5,+1,4,4,3.5,e,-1.5,+1
sigma-,pi,8,61,130914.877285,7.024309e-11,1,1,1.5,f,-1.5,+1,4,4,3.5,e,-2.5,+1
sigma-,pi,51,103,130915.646284,4.283338e-04,3,3,3.5,e,+3.5,-1,5,5,4.5,e,+2.5,-1
sigma-,pi,50,102,130915.648994,8.438554e-04,3,3,3.5,e,+2.5,-1,5,5,4.5,e,+1.5,-1
sigma-,pi,49,101,130915.651694,9.888255e-04,3,3,3.5,e,+1.5,-1,5,5,4.5,e,+0.5,-1
sigma-,pi,48,100,130915.654383,7.910890e-04,3,3,3.5,e,+0.5,-1,5,5,4.5,e,-0.5,-1
sigma-,pi,47,99,130915.657062,3.662929e-04,3,3,3.5,e,-0.5,-1,5,5,4.5,e,-1.5,-1
sigma-,pi,46,98,130915.659731,2.014456e-05,3,3,3.5,e,-1.5,-1,5,5,4.5,e,-2.5,-1
sigma-,pi,45,97,130915.662389,2.507121e-04,3,3,3.5,e,-2.5,-1,5,5,4.5,e,-3.5,-1
sigma-,pi,44,96,130915.665037,1.750766e-03,3,3,3.5,e,-3.5,-1,5,5,4.5,e,-4.5,-1
sigma-,pi,43,135,130953.857750,1.349220e-09,3,3,2.5,f,+2.5,+1,5,5,5.5,f,+1.5,+1
sigma-,pi,42,134,130953.873754,4.820547e-09,3,3,2.5,f,+1.5,+1,5,5,5.5,f,+0.5,+1
sigma-,pi,41,133,130953.889766,9.644796e-09,3,3,2.5,f,+0.5,+1,5,5,5.5,f,-0.5,+1
sigma-,pi,40,132,130953.905788,1.350775e-08,3,3,2.5,f,-0.5,+1,5,5,5.5,f,-1.5,+1
sigma-,pi,39,131,130953.921819,1.351264e-08,3,3,2.5,f,-1.5,+1,5,5,5.5,f,-2.5,+1
sigma-,pi,38,130,130953.937859,8.110431e-09,3,3,2.5,f,-2.5,+1,5,5,5.5,f,-3.5,+1
sigma-,pi,43,112,130957.441225,1.211263e-02,3,3,2.5,f,+2.5,+1,5,5,4.5,f,+1.5,+1
sigma-,pi,42,111,130957.453263,4.039799e-02,3,3,2.5,f,+1.5,+1,5,5,4.5,f,+0.5,+1
sigma-,pi,41,110,130957.465305,8.084132e-02,3,3,2.5,f,+0.5,+1,5,5,4.5,f,-0.5,+1
sigma-,pi,40,109,130957.477352,1.213303e-01,3,3,2.5,f,-0.5,+1,5,5,4.5,f,-1.5,+1
sigma-,pi,39,108,130957.489404,1.416321e-01,3,3,2.5,f,-1.5,+1,5,5,4.5,f,-2.5,+1
sigma-,pi,38,107,130957.501461,1.133700e-01,3,3,2.5,f,-2.5,+1,5,5,4.5,f,-3.5,+1
sigma-,pi,0,70,130958.016226,1.048934e-12,1,1,0.5,e,-0.5,-1,4,4,3.5,f,-1.5,-1
sigma-,pi,59,136,130959.669315,6.577218e-03,3,3,3.5,f,+3.5,+1,5,5,5.5,f,+2.5,+1
sigma-,pi,58,135,130959.676386,2.300589e-02,3,3,3.5,f,+2.5,+1,5,5,5.5,f,+1.5,+1
sigma-,pi,57,134,130959.683453,4.926742e-02,3,3,3.5,f,+1.5,+1,5,5,5.5,f,+0.5,+1
sigma-,pi,56,133,130959.690515,8.206067e-02,3,3,3.5,f,+0.5,+1,5,5,5.5,f,-0.5,+1
sigma-,pi,55,132,130959.697573,1.148123e-01,3,3,3.5,f,-0.5,+1,5,5,5.5,f,-1.5,+1
sigma-,pi,54,131,130959.704625,1.376874e-01,3,3,3.5,f,-1.5,+1,5,5,5.5,f,-2.5,+1
sigma-,pi,53,130,130959.711673,1.375997e-01,3,3,3.5,f,-2.5,+1,5,5,5.5,f,-3.5,+1
sigma-,pi,52,129,130959.718717,9.822262e-02,3,3,3.5,f,-3.5,+1,5,5,5.5,f,-4.5,+1
sigma-,pi,59,113,130963.256751,2.440569e-03,3,3,3.5,f,+3.5,+1,5,5,4.5,f,+2.5,+1
sigma-,pi,58,112,130963.259861,4.808061e-03,3,3,3.5,f,+2.5,+1,5,5,4.5,f,+1.5,+1
sigma-,pi,57,111,130963.262962,5.634184e-03,3,3,3.5,f,+1.5,+1,5,5,4.5,f,+0.5,+1
sigma-,pi,56,110,130963.266054,4.508004e-03,3,3,3.5,f,+0.5,+1,5,5,4.5,f,-0.5,+1
sigma-,pi,55,109,130963.269137,2.088172e-03,3,3,3.5,f,-0.5,+1,5,5,4.5,f,-1.5,+1
sigma-,pi,54,108,130963.272211,1.153459e-04,3,3,3.5,f,-1.5,+1,5,5,4.5,f,-2.5,+1
sigma-,pi,53,107,130963.275276,1.424845e-03,3,3,3.5,f,-2.5,+1,5,5,4.5,f,-3.5,+1
sigma-,pi,52,106,130963.278331,9.959513e-03,3,3,3.5,f,-3.5,+1,5,5,4.5,f,-4.5,+1
sigma-,pi,7,72,130972.931723,1.331178e-09,1,1,1.5,e,+1.5,-1,4,4,3.5,f,+0.5,-1
sigma-,pi,6,71,130972.979272,4.027130e-09,1,1,1.5,e,+0.5,-1,4,4,3.5,f,-0.5,-1
sigma-,pi,5,70,130973.026632,6.768586e-09,1,1,1.5,e,-0.5,-1,4,4,3.5,f,-1.5,-1
sigma-,pi,4,69,130973.073799,6.826013e-09,1,1,1.5,e,-1.5,-1,4,4,3.5,f,-2.5,-1
sigma-,pi,31,102,174538.242361,1.829808e-11,2,2,2.5,f,+2.5,-1,5,5,4.5,e,+1.5,-1
sigma-,pi,30,101,174538.254554,6.125873e-11,2,2,2.5,f,+1.5,-1,5,5,4.5,e,+0.5,-1
sigma-,pi,29,100,174538.266724,1.230509e-10,2,2,2.5,f,+0.5,-1,5,5,4.5,e,-0.5,-1
sigma-,pi,28,99,174538.278870,1.853815e-10,2,2,2.5,f,-0.5,-1,5,5,4.5,e,-1.5,-1
sigma-,pi,27,98,174538.290991,2.172234e-10,2,2,2.5,f,-1.5,-1,5,5,4.5,e,-2.5,-1
sigma-,pi,26,97,174538.303088,1.745394e-10,2,2,2.5,f,-2.5,-1,5,5,4.5,e,-3.5,-1
sigma-,pi,25,112,174633.456074,3.153195e-10,2,2,2.5,e,+2.5,+1,5,5,4.5,f,+1.5,+1
sigma-,pi,24,111,174633.471534,1.055378e-09,2,2,2.5,e,+1.5,+1,5,5,4.5,f,+0.5,+1
sigma-,pi,23,110,174633.486970,2.119434e-09,2,2,2.5,e,+0.5,+1,5,5,4.5,f,-0.5,+1
sigma-,pi,22,109,174633.502380,3.192252e-09,2,2,2.5,e,-0.5,+1,5,5,4.5,f,-1.5,+1
sigma-,pi,21,108,174633.517765,3.739675e-09,2,2,2.5,e,-1.5,+1,5,5,4.5,f,-2.5,+1
sigma-,pi,20,107,174633.533125,3.004123e-09,2,2,2.5,e,-2.5,+1,5,5,4.5,f,-3.5,+1
pi,pi,108,20,-174633.544937,1.507210e-09,5,5,4.5,f,-2.5,+1,2,2,2.5,e,-2.5,+1
pi,pi,109,21,-174633.529575,3.216436e-09,5,5,4.5,f,-1.5,+1,2,2,2.5,e,-1.5,+1
pi,pi,110,22,-174633.514188,4.270960e-09,5,5,4.5,f,-0.5,+1,2,2,2.5,e,-0.5,+1
pi,pi,111,23,-174633.498775,4.253449e-09,5,5,4.5,f,+0.5,+1,2,2,2.5,e,+0.5,+1
pi,pi,112,24,-174633.483338,3.177035e-09,5,5,4.5,f,+1.5,+1,2,2,2.5,e,+1.5,+1
pi,pi,113,25,-174633.467875,1.476563e-09,5,5,4.5,f,+2.5,+1,2,2,2.5,e,+2.5,+1
pi,pi,98,26,-174538.316785,8.758708e-11,5,5,4.5,e,-2.5,-1,2,2,2.5,f,-2.5,-1
pi,pi,99,27,-174538.304685,1.868694e-10,5,5,4.5,e,-1.5,-1,2,2,2.5,f,-1.5,-1
pi,pi,100,28,-174538.292561,2.480763e-10,5,5,4.5,e,-0.5,-1,2,2,2.5,f,-0.5,-1
pi,pi,101,29,-174538.280413,2.470000e-10,5,5,4.5,e,+0.5,-1,2,2,2.5,f,+0.5,-1
pi,pi,102,30,-174538.268241,1.844477e-10,5,5,4.5,e,+1.5,-1,2,2,2.5,f,+1.5,-1
pi,pi,103,31,-174538.256045,8.570341e-11,5,5,4.5,e,+2.5,-1,2,2,2.5,f,+2.5,-1
pi,pi,70,4,-130973.089590,4.569791e-09,4,4,3.5,f,-1.5,-1,1,1,1.5,e,-1.5,-1
pi,pi,71,5,-130973.042420,8.156530e-09,4,4,3.5,f,-0.5,-1,1,1,1.5,e,-0.5,-1
pi,pi,72,6,-130972.995056,8.088307e-09,4,4,3.5,f,+0.5,-1,1,1,1.5,e,+0.5,-1
pi,pi,73,7,-130972.947504,4.456076e-09,4,4,3.5,f,+1.5,-1,1,1,1.5,e,+1.5,-1
pi,pi,107,52,-130963.290146,8.842992e-03,5,5,4.5,f,-3.5,+1,3,3,3.5,f,-3.5,+1
pi,pi,108,53,-130963.287088,7.883039e-03,5,5,4.5,f,-2.5,+1,3,3,3.5,f,-2.5,+1
pi,pi,109,54,-130963.284021,3.646644e-03,5,5,4.5,f,-1.5,+1,3,3,3.5,f,-1.5,+1
pi,pi,110,55,-130963.280945,4.531201e-04,5,5,4.5,f,-0.5,+1,3,3,3.5,f,-0.5,+1
pi,pi,111,56,-130963.277860,4.402684e-04,5,5,4.5,f,+0.5,+1,3,3,3.5,f,+0.5,+1
pi,pi,112,57,-130963.274766,3.589618e-03,5,5,4.5,f,+1.5,+1,3,3,3.5,f,+1.5,+1
pi,pi,113,58,-130963.271662,7.751230e-03,5,5,4.5,f,+2.5,+1,3,3,3.5,f,+2.5,+1
pi,pi,114,59,-130963.268550,8.668075e-03,5,5,4.5,f,+3.5,+1,3,3,3.5,f,+3.5,+1
pi,pi,130,52,-130959.726543,3.924527e-02,5,5,5.5,f,-3.5,+1,3,3,3.5,f,-3.5,+1
pi,pi,131,53,-130959.719502,9.163104e-02,5,5,5.5,f,-2.5,+1,3,3,3.5,f,-2.5,+1
pi,pi,132,54,-130959.712457,1.375344e-01,5,5,5.5,f,-1.5,+1,3,3,3.5,f,-1.5,+1
pi,pi,133,55,-130959.705406,1.638356e-01,5,5,5.5,f,-0.5,+1,3,3,3.5,f,-0.5,+1
pi,pi,134,56,-130959.698351,1.639395e-01,5,5,5.5,f,+0.5,+1,3,3,3.5,f,+0.5,+1
pi,pi,135,57,-130959.691291,1.377961e-01,5,5,5.5,f,+1.5,+1,3,3,3.5,f,+1.5,+1
pi,pi,136,58,-130959.684226,9.192184e-02,5,5,5.5,f,+2.5,+1,3,3,3.5,f,+2.5,+1
pi,pi,137,59,-130959.677157,3.941975e-02,5,5,5.5,f,+3.5,+1,3,3,3.5,f,+3.5,+1
pi,pi,71,0,-130958.032014,1.260231e-12,4,4,3.5,f,-0.5,-1,1,1,0.5,e,-0.5,-1
pi,pi,72,1,-130957.909509,1.253675e-12,4,4,3.5,f,+0.5,-1,1,1,0.5,e,+0.5,-1
pi,pi,108,38,-130957.513273,5.674136e-02,5,5,4.5,f,-2.5,+1,3,3,2.5,f,-2.5,+1
pi,pi,109,39,-130957.501214,1.215194e-01,5,5,4.5,f,-1.5,+1,3,3,2.5,f,-1.5,+1
pi,pi,110,40,-130957.489160,1.619340e-01,5,5,4.5,f,-0.5,+1,3,3,2.5,f,-0.5,+1
pi,pi,111,41,-130957.477111,1.618425e-01,5,5,4.5,f,+0.5,+1,3,3,2.5,f,+0.5,+1
pi,pi,112,42,-130957.465066,1.213136e-01,5,5,4.5,f,+1.5,+1,3,3,2.5,f,+1.5,+1
pi,pi,113,43,-130957.453026,5.658129e-02,5,5,4.5,f,+2.5,+1,3,3,2.5,f,+2.5,+1
pi,pi,131,38,-130953.945688,5.347785e-09,5,5,5.5,f,-2.5,+1,3,3,2.5,f,-2.5,+1
pi,pi,132,39,-130953.929650,1.336526e-08,5,5,5.5,f,-1.5,+1,3,3,2.5,f,-1.5,+1
pi,pi,133,40,-130953.913621,1.908700e-08,5,5,5.5,f,-0.5,+1,3,3,2.5,f,-0.5,+1
pi,pi,134,41,-130953.897602,1.908056e-08,5,5,5.5,f,+0.5,+1,3,3,2.5,f,+0.5,+1
pi,pi,135,42,-130953.881592,1.335173e-08,5,5,5.5,f,+1.5,+1,3,3,2.5,f,+1.5,+1
pi,pi,136,43,-130953.865590,5.338773e-09,5,5,5.5,f,+2.5,+1,3,3,2.5,f,+2.5,+1
pi,pi,97,44,-130915.678737,1.554335e-03,5,5,4.5,e,-3.5,-1,3,3,3.5,e,-3.5,-1
pi,pi,98,45,-130915.676086,1.385778e-03,5,5,4.5,e,-2.5,-1,3,3,3.5,e,-2.5,-1
pi,pi,99,46,-130915.673425,6.413109e-04,5,5,4.5,e,-1.5,-1,3,3,3.5,e,-1.5,-1
pi,pi,100,47,-130915.670754,7.987320e-05,5,5,4.5,e,-0.5,-1,3,3,3.5,e,-0.5,-1
pi,pi,101,48,-130915.668072,7.703635e-05,5,5,4.5,e,+0.5,-1,3,3,3.5,e,+0.5,-1
pi,pi,102,49,-130915.665380,6.295944e-04,5,5,4.5,e,+1.5,-1,3,3,3.5,e,+1.5,-1
pi,pi,103,50,-130915.662678,1.360071e-03,5,5,4.5,e,+2.5,-1,3,3,3.5,e,+2.5,-1
pi,pi,104,51,-130915.659966,1.521146e-03,5,5,4.5,e,+3.5,-1,3,3,3.5,e,+3.5,-1
pi,pi,62,8,-130914.894996,4.704275e-11,4,4,3.5,e,-1.5,+1,1,1,1.5,f,-1.5,+1
pi,pi,63,9,-130914.850889,8.390856e-11,4,4,3.5,e,-0.5,+1,1,1,1.5,f,-0.5,+1
pi,pi,64,10,-130914.806594,8.314987e-11,4,4,3.5,e,+0.5,+1,1,1,1.5,f,+0.5,+1
pi,pi,65,11,-130914.762116,4.577816e-11,4,4,3.5,e,+1.5,+1,1,1,1.5,f,+1.5,+1
pi,pi,118,44,-130912.116226,6.929070e-03,5,5,5.5,e,-3.5,-1,3,3,3.5,e,-3.5,-1
pi,pi,119,45,-130912.109276,1.617908e-02,5,5,5.5,e,-2.5,-1,3,3,3.5,e,-2.5,-1
pi,pi,120,46,-130912.102321,2.428544e-02,5,5,5.5,e,-1.5,-1,3,3,3.5,e,-1.5,-1
pi,pi,121,47,-130912.095361,2.893119e-02,5,5,5.5,e,-0.5,-1,3,3,3.5,e,-0.5,-1
pi,pi,122,48,-130912.088395,2.895107e-02,5,5,5.5,e,+0.5,-1,3,3,3.5,e,+0.5,-1
pi,pi,123,49,-130912.081425,2.433554e-02,5,5,5.5,e,+1.5,-1,3,3,3.5,e,+1.5,-1
pi,pi,124,50,-130912.074449,1.623475e-02,5,5,5.5,e,+2.5,-1,3,3,3.5,e,+2.5,-1
pi,pi,125,51,-130912.067468,6.962470e-03,5,5,5.5,e,+3.5,-1,3,3,3.5,e,+3.5,-1
pi,pi,98,32,-130909.903500,1.002131e-02,5,5,4.5,e,-2.5,-1,3,3,2.5,e,-2.5,-1
pi,pi,99,33,-130909.891350,2.146149e-02,5,5,4.5,e,-1.5,-1,3,3,2.5,e,-1.5,-1
pi,pi,100,34,-130909.879206,2.859842e-02,5,5,4.5,e,-0.5,-1,3,3,2.5,e,-0.5,-1
pi,pi,101,35,-130909.867067,2.858160e-02,5,5,4.5,e,+0.5,-1,3,3,2.5,e,+0.5,-1
pi,pi,102,36,-130909.854933,2.142365e-02,5,5,4.5,e,+1.5,-1,3,3,2.5,e,+1.5,-1
pi,pi,103,37,-130909.842804,9.991875e-03,5,5,4.5,e,+2.5,-1,3,3,2.5,e,+2.5,-1
pi,pi,119,32,-130906.336690,1.513249e-09,5,5,5.5,e,-2.5,-1,3,3,2.5,e,-2.5,-1
pi,pi,120,33,-130906.320246,3.778750e-09,5,5,5.5,e,-1.5,-1,3,3,2.5,e,-1.5,-1
pi,pi,121,34,-130906.303813,5.391940e-09,5,5,5.5,e,-0.5,-1,3,3,2.5,e,-0.5,-1
pi,pi,122,35,-130906.287390,5.385637e-09,5,5,5.5,e,+0.5,-1,3,3,2.5,e,+0.5,-1
pi,pi,123,36,-130906.270978,3.765515e-09,5,5,5.5,e,+1.5,-1,3,3,2.5,e,+1.5,-1
pi,pi,124,37,-130906.254575,1.504427e-09,5,5,5.5,e,+2.5,-1,3,3,2.5,e,+2.5,-1
pi,pi,69,26,-101863.572832,1.514567e-02,4,4,3.5,f,-2.5,-1,2,2,2.5,f,-2.5,-1
pi,pi,70,27,-101863.562829,9.054395e-03,4,4,3.5,f,-1.5,-1,2,2,2.5,f,-1.5,-1
pi,pi,71,28,-101863.552802,1.202601e-03,4,4,3.5,f,-0.5,-1,2,2,2.5,f,-0.5,-1
pi,pi,72,29,-101863.542749,1.199414e-03,4,4,3.5,f,+0.5,-1,2,2,2.5,f,+0.5,-1
pi,pi,73,30,-101863.532671,8.961241e-03,4,4,3.5,f,+1.5,-1,2,2,2.5,f,+1.5,-1
pi,pi,74,31,-101863.522568,1.488213e-02,4,4,3.5,f,+2.5,-1,2,2,2.5,f,+2.5,-1
pi,pi,88,26,-101859.151220,5.232655e-02,4,4,4.5,f,-2.5,-1,2,2,2.5,f,-2.5,-1
pi,pi,89,27,-101859.135645,1.122418e-01,4,4,4.5,f,-1.5,-1,2,2,2.5,f,-1.5,-1
pi,pi,90,28,-101859.120051,1.498066e-01,4,4,4.5,f,-0.5,-1,2,2,2.5,f,-0.5,-1
pi,pi,91,29,-101859.104439,1.499568e-01,4,4,4.5,f,+0.5,-1,2,2,2.5,f,+0.5,-1
pi,pi,92,30,-101859.088810,1.125798e-01,4,4,4.5,f,+1.5,-1,2,2,2.5,f,+1.5,-1
pi,pi,93,31,-101859.073162,5.258943e-02,4,4,4.5,f,+2.5,-1,2,2,2.5,f,+2.5,-1
pi,pi,70,16,-101855.261449,8.106802e-02,4,4,3.5,f,-1.5,-1,2,2,1.5,f,-1.5,-1
pi,pi,71,17,-101855.232468,1.457737e-01,4,4,3.5,f,-0.5,-1,2,2,1.5,f,-0.5,-1
pi,pi,72,18,-101855.203505,1.456261e-01,4,4,3.5,f,+0.5,-1,2,2,1.5,f,+0.5,-1
pi,pi,73,19,-101855.174560,8.082187e-02,4,4,3.5,f,+1.5,-1,2,2,1.5,f,+1.5,-1
pi,pi,89,16,-101850.834265,3.044836e-11,4,4,4.5,f,-1.5,-1,2,2,1.5,f,-1.5,-1
pi,pi,90,17,-101850.799718,5.231362e-11,4,4,4.5,f,-0.5,-1,2,2,1.5,f,-0.5,-1
pi,pi,91,18,-101850.765196,4.446131e-11,4,4,4.5,f,+0.5,-1,2,2,1.5,f,+0.5,-1
pi,pi,92,19,-101850.730699,1.865937e-11,4,4,4.5,f,+1.5,-1,2,2,1.5,f,+1.5,-1
pi,pi,61,20,-101826.541493,2.661769e-03,4,4,3.5,e,-2.5,+1,2,2,2.5,e,-2.5,+1
pi,pi,62,21,-101826.532031,1.591581e-03,4,4,3.5,e,-1.5,+1,2,2,2.5,e,-1.5,+1
pi,pi,63,22,-101826.522543,2.116735e-04,4,4,3.5,e,-0.5,+1,2,2,2.5,e,-0.5,+1
pi,pi,64,23,-101826.513027,2.102099e-04,4,4,3.5,e,+0.5,+1,2,2,2.5,e,+0.5,+1
pi,pi,65,24,-101826.503484,1.572639e-03,4,4,3.5,e,+1.5,+1,2,2,2.5,e,+1.5,+1
pi,pi,66,25,-101826.493915,2.612256e-03,4,4,3.5,e,+2.5,+1,2,2,2.5,e,+2.5,+1
pi,pi,78,20,-101822.120833,9.239308e-03,4,4,4.5,e,-2.5,+1,2,2,2.5,e,-2.5,+1
pi,pi,79,21,-101822.105414,1.982006e-02,4,4,4.5,e,-1.5,+1,2,2,2.5,e,-1.5,+1
pi,pi,80,22,-101822.089974,2.645536e-02,4,4,4.5,e,-0.5,+1,2,2,2.5,e,-0.5,+1
pi,pi,81,23,-101822.074516,2.648386e-02,4,4,4.5,e,+0.5,+1,2,2,2.5,e,+0.5,+1
pi,pi,82,24,-101822.059039,1.988418e-02,4,4,4.5,e,+1.5,+1,2,2,2.5,e,+1.5,+1
pi,pi,83,25,-101822.043543,9.289179e-03,4,4,4.5,e,+2.5,+1,2,2,2.5,e,+2.5,+1
pi,pi,62,12,-101818.231681,1.431965e-02,4,4,3.5,e,-1.5,+1,2,2,1.5,e,-1.5,+1
pi,pi,63,13,-101818.202545,2.574850e-02,4,4,3.5,e,-0.5,+1,2,2,1.5,e,-0.5,+1
pi,pi,64,14,-101818.173429,2.572183e-02,4,4,3.5,e,+0.5,+1,2,2,1.5,e,+0.5,+1
pi,pi,65,15,-101818.144332,1.427519e-02,4,4,3.5,e,+1.5,+1,2,2,1.5,e,+1.5,+1
pi,pi,79,12,-101813.805063,5.971725e-11,4,4,4.5,e,-1.5,+1,2,2,1.5,e,-1.5,+1
pi,pi,80,13,-101813.769977,1.241278e-10,4,4,4.5,e,-0.5,+1,2,2,1.5,e,-0.5,+1
pi,pi,81,14,-101813.734918,1.288551e-10,4,4,4.5,e,+0.5,+1,2,2,1.5,e,+0.5,+1
pi,pi,82,15,-101813.699887,6.680695e-11,4,4,4.5,e,+1.5,+1,2,2,1.5,e,+1.5,+1
pi,pi,115,85,-72811.424380,1.211666e-02,5,5,4.5,f,+4.5,+1,4,4,4.5,e,+4.5,+1
pi,pi,114,84,-72811.424359,1.348965e-03,5,5,4.5,f,+3.5,+1,4,4,4.5,e,+3.5,+1
pi,pi,113,83,-72811.424332,3.386118e-04,5,5,4.5,f,+2.5,+1,4,4,4.5,e,+2.5,+1
pi,pi,112,82,-72811.424299,3.052390e-03,5,5,4.5,f,+1.5,+1,4,4,4.5,e,+1.5,+1
pi,pi,111,81,-72811.424259,5.438686e-03,5,5,4.5,f,+0.5,+1,4,4,4.5,e,+0.5,+1
pi,pi,110,80,-72811.424213,5.451242e-03,5,5,4.5,f,-0.5,+1,4,4,4.5,e,-0.5,+1
pi,pi,109,79,-72811.424162,3.073283e-03,5,5,4.5,f,-1.5,+1,4,4,4.5,e,-1.5,+1
pi,pi,108,78,-72811.424104,3.420455e-04,5,5,4.5,f,-2.5,+1,4,4,4.5,e,-2.5,+1
pi,pi,107,77,-72811.424039,1.373682e-03,5,5,4.5,f,-3.5,+1,4,4,4.5,e,-3.5,+1
pi,pi,106,76,-72811.423969,1.238858e-02,5,5,4.5,f,-4.5,+1,4,4,4.5,e,-4.5,+1
pi,pi,129,76,-72807.864354,1.221670e-01,5,5,5.5,f,-4.5,+1,4,4,4.5,e,-4.5,+1
pi,pi,130,77,-72807.860437,1.331627e-01,5,5,5.5,f,-3.5,+1,4,4,4.5,e,-3.5,+1
pi,pi,131,78,-72807.856518,9.071088e-02,5,5,5.5,f,-2.5,+1,4,4,4.5,e,-2.5,+1
pi,pi,132,79,-72807.852597,3.819020e-02,5,5,5.5,f,-1.5,+1,4,4,4.5,e,-1.5,+1
pi,pi,133,80,-72807.848674,4.590468e-03,5,5,5.5,f,-0.5,+1,4,4,4.5,e,-0.5,+1
pi,pi,134,81,-72807.844750,4.469573e-03,5,5,5.5,f,+0.5,+1,4,4,4.5,e,+0.5,+1
pi,pi,135,82,-72807.840824,3.791085e-02,5,5,5.5,f,+1.5,+1,4,4,4.5,e,+1.5,+1
pi,pi,136,83,-72807.836896,9.048080e-02,5,5,5.5,f,+2.5,+1,4,4,4.5,e,+2.5,+1
pi,pi,137,84,-72807.832967,1.331873e-01,5,5,5.5,f,+3.5,+1,4,4,4.5,e,+3.5,+1
pi,pi,138,85,-72807.829035,1.224381e-01,5,5,5.5,f,+4.5,+1,4,4,4.5,e,+4.5,+1
pi,pi,107,60,-72807.009346,1.331364e-01,5,5,4.5,f,-3.5,+1,4,4,3.5,e,-3.5,+1
pi,pi,108,61,-72807.003444,1.187443e-01,5,5,4.5,f,-2.5,+1,4,4,3.5,e,-2.5,+1
pi,pi,109,62,-72806.997544,5.485600e-02,5,5,4.5,f,-1.5,+1,4,4,3.5,e,-1.5,+1
pi,pi,110,63,-72806.991645,6.719041e-03,5,5,4.5,f,-0.5,+1,4,4,3.5,e,-0.5,+1
pi,pi,111,64,-72806.985748,6.867802e-03,5,5,4.5,f,+0.5,+1,4,4,3.5,e,+0.5,+1
pi,pi,112,65,-72806.979853,5.519457e-02,5,5,4.5,f,+1.5,+1,4,4,3.5,e,+1.5,+1
pi,pi,113,66,-72806.973960,1.190196e-01,5,5,4.5,f,+2.5,+1,4,4,3.5,e,+2.5,+1
pi,pi,114,67,-72806.968069,1.331604e-01,5,5,4.5,f,+3.5,+1,4,4,3.5,e,+3.5,+1
pi,pi,130,60,-72803.445744,1.373063e-03,5,5,5.5,f,-3.5,+1,4,4,3.5,e,-3.5,+1
pi,pi,131,61,-72803.435858,3.195468e-03,5,5,5.5,f,-2.5,+1,4,4,3.5,e,-2.5,+1
pi,pi,132,62,-72803.425979,4.780733e-03,5,5,5.5,f,-1.5,+1,4,4,3.5,e,-1.5,+1
pi,pi,133,63,-72803.416106,5.676563e-03,5,5,5.5,f,-0.5,+1,4,4,3.5,e,-0.5,+1
pi,pi,134,64,-72803.406239,5.661835e-03,5,5,5.5,f,+0.5,+1,4,4,3.5,e,+0.5,+1
pi,pi,135,65,-72803.396379,4.743618e-03,5,5,5.5,f,+1.5,+1,4,4,3.5,e,+1.5,+1
pi,pi,136,66,-72803.386524,3.154229e-03,5,5,5.5,f,+2.5,+1,4,4,3.5,e,+2.5,+1
pi,pi,137,67,-72803.376676,1.348319e-03,5,5,5.5,f,+3.5,+1,4,4,3.5,e,+3.5,+1
pi,pi,39,8,-72764.391325,2.614275e-02,3,3,2.5,f,-1.5,+1,1,1,1.5,f,-1.5,+1
pi,pi,40,9,-72764.353374,4.294904e-03,3,3,2.5,f,-0.5,+1,1,1,1.5,f,-0.5,+1
pi,pi,41,10,-72764.315232,4.351585e-03,3,3,2.5,f,+0.5,+1,1,1,1.5,f,+0.5,+1
pi,pi,42,11,-72764.276903,2.574129e-02,3,3,2.5,f,+1.5,+1,1,1,1.5,f,+1.5,+1
pi,pi,54,8,-72758.608518,6.453766e-02,3,3,3.5,f,-1.5,+1,1,1,1.5,f,-1.5,+1
pi,pi,55,9,-72758.561589,1.164092e-01,3,3,3.5,f,-0.5,+1,1,1,1.5,f,-0.5,+1
pi,pi,56,10,-72758.514483,1.166496e-01,3,3,3.5,f,+0.5,+1,1,1,1.5,f,+0.5,+1
pi,pi,57,11,-72758.467203,6.493830e-02,3,3,3.5,f,+1.5,+1,1,1,1.5,f,+1.5,+1
pi,pi,40,2,-72749.342402,1.059223e-01,3,3,2.5,f,-0.5,+1,1,1,0.5,f,-0.5,+1
pi,pi,41,3,-72749.230270,1.056244e-01,3,3,2.5,f,+0.5,+1,1,1,0.5,f,+0.5,+1
pi,pi,55,2,-72743.550617,9.975465e-08,3,3,3.5,f,-0.5,+1,1,1,0.5,f,-0.5,+1
pi,pi,56,3,-72743.429520,9.770736e-08,3,3,3.5,f,+0.5,+1,1,1,0.5,f,+0.5,+1
pi,pi,33,4,-72737.940096,4.594104e-03,3,3,2.5,e,-1.5,-1,1,1,1.5,e,-1.5,-1
pi,pi,34,5,-72737.902973,7.552009e-04,3,3,2.5,e,-0.5,-1,1,1,1.5,e,-0.5,-1
pi,pi,35,6,-72737.865654,7.636084e-04,3,3,2.5,e,+0.5,-1,1,1,1.5,e,+0.5,-1
pi,pi,36,7,-72737.828140,4.519718e-03,3,3,2.5,e,+1.5,-1,1,1,1.5,e,+1.5,-1
pi,pi,46,4,-72732.158021,1.139724e-02,3,3,3.5,e,-1.5,-1,1,1,1.5,e,-1.5,-1
pi,pi,47,5,-72732.111426,2.056023e-02,3,3,3.5,e,-0.5,-1,1,1,1.5,e,-0.5,-1
pi,pi,48,6,-72732.064649,2.060524e-02,3,3,3.5,e,+0.5,-1,1,1,1.5,e,+0.5,-1
pi,pi,49,7,-72732.017693,1.147224e-02,3,3,3.5,e,+1.5,-1,1,1,1.5,e,+1.5,-1
pi,pi,34,0,-72722.892568,1.871983e-02,3,3,2.5,e,-0.5,-1,1,1,0.5,e,-0.5,-1
pi,pi,35,1,-72722.780106,1.866704e-02,3,3,2.5,e,+0.5,-1,1,1,0.5,e,+0.5,-1
pi,pi,47,0,-72717.101020,1.464534e-08,3,3,3.5,e,-0.5,-1,1,1,0.5,e,-0.5,-1
pi,pi,48,1,-72716.979101,1.432097e-08,3,3,3.5,e,+0.5,-1,1,1,0.5,e,+0.5,-1
pi,pi,105,95,-72679.189767,1.424170e-03,5,5,4.5,e,+4.5,-1,4,4,4.5,f,+4.5,-1
pi,pi,104,94,-72679.186328,1.577336e-04,5,5,4.5,e,+3.5,-1,4,4,4.5,f,+3.5,-1
pi,pi,103,93,-72679.182882,4.035170e-05,5,5,4.5,e,+2.5,-1,4,4,4.5,f,+2.5,-1
pi,pi,102,92,-72679.179431,3.602189e-04,5,5,4.5,e,+1.5,-1,4,4,4.5,f,+1.5,-1
pi,pi,101,91,-72679.175973,6.403520e-04,5,5,4.5,e,+0.5,-1,4,4,4.5,f,+0.5,-1
pi,pi,100,90,-72679.172510,6.407166e-04,5,5,4.5,e,-0.5,-1,4,4,4.5,f,-0.5,-1
pi,pi,99,89,-72679.169040,3.603830e-04,5,5,4.5,e,-1.5,-1,4,4,4.5,f,-1.5,-1
pi,pi,98,88,-72679.165565,3.971390e-05,5,5,4.5,e,-2.5,-1,4,4,4.5,f,-2.5,-1
pi,pi,97,87,-72679.162083,1.625816e-04,5,5,4.5,e,-3.5,-1,4,4,4.5,f,-3.5,-1
pi,pi,96,86,-72679.158595,1.458619e-03,5,5,4.5,e,-4.5,-1,4,4,4.5,f,-4.5,-1
pi,pi,117,86,-72675.600389,1.431325e-02,5,5,5.5,e,-4.5,-1,4,4,4.5,f,-4.5,-1
pi,pi,118,87,-72675.599572,1.560192e-02,5,5,5.5,e,-3.5,-1,4,4,4.5,f,-3.5,-1
pi,pi,119,88,-72675.598755,1.062837e-02,5,5,5.5,e,-2.5,-1,4,4,4.5,f,-2.5,-1
pi,pi,120,89,-72675.597936,4.474800e-03,5,5,5.5,e,-1.5,-1,4,4,4.5,f,-1.5,-1
pi,pi,121,90,-72675.597117,5.379125e-04,5,5,5.5,e,-0.5,-1,4,4,4.5,f,-0.5,-1
pi,pi,122,91,-72675.596297,5.236725e-04,5,5,5.5,e,+0.5,-1,4,4,4.5,f,+0.5,-1
pi,pi,123,92,-72675.595475,4.442123e-03,5,5,5.5,e,+1.5,-1,4,4,4.5,f,+1.5,-1
pi,pi,124,93,-72675.594653,1.060224e-02,5,5,5.5,e,+2.5,-1,4,4,4.5,f,+2.5,-1
pi,pi,125,94,-72675.593830,1.560686e-02,5,5,5.5,e,+3.5,-1,4,4,4.5,f,+3.5,-1
pi,pi,126,95,-72675.593006,1.434762e-02,5,5,5.5,e,+4.5,-1,4,4,4.5,f,+4.5,-1
pi,pi,97,68,-72674.746051,1.560900e-02,5,5,4.5,e,-3.5,-1,4,4,3.5,f,-3.5,-1
pi,pi,98,69,-72674.743953,1.392174e-02,5,5,4.5,e,-2.5,-1,4,4,3.5,f,-2.5,-1
pi,pi,99,70,-72674.741856,6.431365e-03,5,5,4.5,e,-1.5,-1,4,4,3.5,f,-1.5,-1
pi,pi,100,71,-72674.739760,7.876891e-04,5,5,4.5,e,-0.5,-1,4,4,3.5,f,-0.5,-1
pi,pi,101,72,-72674.737664,8.053436e-04,5,5,4.5,e,+0.5,-1,4,4,3.5,f,+0.5,-1
pi,pi,102,73,-72674.735570,6.471855e-03,5,5,4.5,e,+1.5,-1,4,4,3.5,f,+1.5,-1
pi,pi,103,74,-72674.733476,1.395562e-02,5,5,4.5,e,+2.5,-1,4,4,3.5,f,+2.5,-1
pi,pi,104,75,-72674.731384,1.561377e-02,5,5,4.5,e,+3.5,-1,4,4,3.5,f,+3.5,-1
pi,pi,118,68,-72671.183541,1.619658e-04,5,5,5.5,e,-3.5,-1,4,4,3.5,f,-3.5,-1
pi,pi,119,69,-72671.177143,3.762733e-04,5,5,5.5,e,-2.5,-1,4,4,3.5,f,-2.5,-1
pi,pi,120,70,-72671.170752,5.619538e-04,5,5,5.5,e,-1.5,-1,4,4,3.5,f,-1.5,-1
pi,pi,121,71,-72671.164367,6.660854e-04,5,5,5.5,e,-0.5,-1,4,4,3.5,f,-0.5,-1
pi,pi,122,72,-72671.157988,6.631947e-04,5,5,5.5,e,+0.5,-1,4,4,3.5,f,+0.5,-1
pi,pi,123,73,-72671.151614,5.546691e-04,5,5,5.5,e,+1.5,-1,4,4,3.5,f,+1.5,-1
pi,pi,124,74,-72671.145247,3.681789e-04,5,5,5.5,e,+2.5,-1,4,4,3.5,f,+2.5,-1
pi,pi,125,75,-72671.138886,1.571089e-04,5,5,5.5,e,+3.5,-1,4,4,3.5,f,+3.5,-1
pi,pi,68,44,-58240.932686,1.948174e-02,4,4,3.5,f,-3.5,-1,3,3,3.5,e,-3.5,-1
pi,pi,69,45,-58240.932133,3.960027e-04,4,4,3.5,f,-2.5,-1,3,3,3.5,e,-2.5,-1
pi,pi,70,46,-58240.931569,3.558979e-03,4,4,3.5,f,-1.5,-1,3,3,3.5,e,-1.5,-1
pi,pi,71,47,-58240.930994,9.854965e-03,4,4,3.5,f,-0.5,-1,3,3,3.5,e,-0.5,-1
pi,pi,72,48,-58240.930408,9.825098e-03,4,4,3.5,f,+0.5,-1,3,3,3.5,e,+0.5,-1
pi,pi,73,49,-58240.929810,3.526020e-03,4,4,3.5,f,+1.5,-1,3,3,3.5,e,+1.5,-1
pi,pi,74,50,-58240.929202,3.911997e-04,4,4,3.5,f,+2.5,-1,3,3,3.5,e,+2.5,-1
pi,pi,75,51,-58240.928582,1.909487e-02,4,4,3.5,f,+3.5,-1,3,3,3.5,e,+3.5,-1
pi,pi,87,44,-58236.516654,1.538655e-01,4,4,4.5,f,-3.5,-1,3,3,3.5,e,-3.5,-1
pi,pi,88,45,-58236.510521,1.376090e-01,4,4,4.5,f,-2.5,-1,3,3,3.5,e,-2.5,-1
pi,pi,89,46,-58236.504385,6.386341e-02,4,4,4.5,f,-1.5,-1,3,3,3.5,e,-1.5,-1
pi,pi,90,47,-58236.498244,7.961099e-03,4,4,4.5,f,-0.5,-1,3,3,3.5,e,-0.5,-1
pi,pi,91,48,-58236.492099,7.760138e-03,4,4,4.5,f,+0.5,-1,3,3,3.5,e,+0.5,-1
pi,pi,92,49,-58236.485949,6.347323e-02,4,4,4.5,f,+1.5,-1,3,3,3.5,e,+1.5,-1
pi,pi,93,50,-58236.479796,1.374984e-01,4,4,4.5,f,+2.5,-1,3,3,3.5,e,+2.5,-1
pi,pi,94,51,-58236.473638,1.542513e-01,4,4,4.5,f,+3.5,-1,3,3,3.5,e,+3.5,-1
pi,pi,69,32,-58235.159547,1.636233e-01,4,4,3.5,f,-2.5,-1,3,3,2.5,e,-2.5,-1
pi,pi,70,33,-58235.149494,9.797846e-02,4,4,3.5,f,-1.5,-1,3,3,2.5,e,-1.5,-1
pi,pi,71,34,-58235.139446,1.296642e-02,4,4,3.5,f,-0.5,-1,3,3,2.5,e,-0.5,-1
pi,pi,72,35,-58235.129403,1.322694e-02,4,4,3.5,f,+0.5,-1,3,3,2.5,e,+0.5,-1
pi,pi,73,36,-58235.119363,9.846770e-02,4,4,3.5,f,+1.5,-1,3,3,2.5,e,+1.5,-1
pi,pi,74,37,-58235.109328,1.637883e-01,4,4,3.5,f,+2.5,-1,3,3,2.5,e,+2.5,-1
pi,pi,88,32,-58230.737935,3.697662e-03,4,4,4.5,f,-2.5,-1,3,3,2.5,e,-2.5,-1
pi,pi,89,33,-58230.722310,7.901786e-03,4,4,4.5,f,-1.5,-1,3,3,2.5,e,-1.5,-1
pi,pi,90,34,-58230.706696,1.050680e-02,4,4,4.5,f,-0.5,-1,3,3,2.5,e,-0.5,-1
pi,pi,91,35,-58230.691093,1.047801e-02,4,4,4.5,f,+0.5,-1,3,3,2.5,e,+0.5,-1
pi,pi,92,36,-58230.675502,7.837005e-03,4,4,4.5,f,+1.5,-1,3,3,2.5,e,+1.5,-1
pi,pi,93,37,-58230.659922,3.647276e-03,4,4,4.5,f,+2.5,-1,3,3,2.5,e,+2.5,-1
pi,pi,67,59,-58156.300481,1.108868e-03,4,4,3.5,e,+3.5,+1,3,3,3.5,f,+3.5,+1
pi,pi,66,58,-58156.297702,2.250302e-05,4,4,3.5,e,+2.5,+1,3,3,3.5,f,+2.5,+1
pi,pi,65,57,-58156.294912,2.054987e-04,4,4,3.5,e,+1.5,+1,3,3,3.5,f,+1.5,+1
pi,pi,64,56,-58156.292112,5.713207e-04,4,4,3.5,e,+0.5,+1,3,3,3.5,f,+0.5,+1
pi,pi,63,55,-58156.289300,5.722772e-04,4,4,3.5,e,-0.5,+1,3,3,3.5,f,-0.5,+1
pi,pi,62,54,-58156.286478,2.062002e-04,4,4,3.5,e,-1.5,+1,3,3,3.5,f,-1.5,+1
pi,pi,61,53,-58156.283644,2.324689e-05,4,4,3.5,e,-2.5,+1,3,3,3.5,f,-2.5,+1
pi,pi,60,52,-58156.280800,1.132823e-03,4,4,3.5,e,-3.5,+1,3,3,3.5,f,-3.5,+1
pi,pi,77,52,-58151.866107,8.884991e-03,4,4,4.5,e,-3.5,+1,3,3,3.5,f,-3.5,+1
pi,pi,78,53,-58151.862985,7.946520e-03,4,4,4.5,e,-2.5,+1,3,3,3.5,f,-2.5,+1
pi,pi,79,54,-58151.859860,3.688070e-03,4,4,4.5,e,-1.5,+1,3,3,3.5,f,-1.5,+1
pi,pi,80,55,-58151.856732,4.597822e-04,4,4,4.5,e,-0.5,+1,3,3,3.5,f,-0.5,+1
pi,pi,81,56,-58151.853601,4.481287e-04,4,4,4.5,e,+0.5,+1,3,3,3.5,f,+0.5,+1
pi,pi,82,57,-58151.850467,3.665693e-03,4,4,4.5,e,+1.5,+1,3,3,3.5,f,+1.5,+1
pi,pi,83,58,-58151.847330,7.941077e-03,4,4,4.5,e,+2.5,+1,3,3,3.5,f,+2.5,+1
pi,pi,84,59,-58151.844190,8.908913e-03,4,4,4.5,e,+3.5,+1,3,3,3.5,f,+3.5,+1
pi,pi,61,38,-58150.509829,9.459612e-03,4,4,3.5,e,-2.5,+1,3,3,2.5,f,-2.5,+1
pi,pi,62,39,-58150.503671,5.664429e-03,4,4,3.5,e,-1.5,+1,3,3,2.5,f,-1.5,+1
pi,pi,63,40,-58150.497515,7.495643e-04,4,4,3.5,e,-0.5,+1,3,3,2.5,f,-0.5,+1
pi,pi,64,41,-58150.491362,7.648560e-04,4,4,3.5,e,+0.5,+1,3,3,2.5,f,+0.5,+1
pi,pi,65,42,-58150.485213,5.693483e-03,4,4,3.5,e,+1.5,+1,3,3,2.5,f,+1.5,+1
pi,pi,66,43,-58150.479066,9.470312e-03,4,4,3.5,e,+2.5,+1,3,3,2.5,f,+2.5,+1
pi,pi,78,38,-58146.089170,2.145316e-04,4,4,4.5,e,-2.5,+1,3,3,2.5,f,-2.5,+1
pi,pi,79,39,-58146.077053,4.578089e-04,4,4,4.5,e,-1.5,+1,3,3,2.5,f,-1.5,+1
pi,pi,80,40,-58146.064947,6.078912e-04,4,4,4.5,e,-0.5,+1,3,3,2.5,f,-0.5,+1
pi,pi,81,41,-58146.052852,6.053851e-04,4,4,4.5,e,+0.5,+1,3,3,2.5,f,+0.5,+1
pi,pi,82,42,-58146.040767,4.521702e-04,4,4,4.5,e,+1.5,+1,3,3,2.5,f,+1.5,+1
pi,pi,83,43,-58146.028694,2.101458e-04,4,4,4.5,e,+2.5,+1,3,3,2.5,f,+2.5,+1
pi,pi,38,20,-43676.031663,3.402571e-02,3,3,2.5,f,-2.5,+1,2,2,2.5,e,-2.5,+1
pi,pi,39,21,-43676.028361,1.362179e-03,3,3,2.5,f,-1.5,+1,2,2,2.5,e,-1.5,+1
pi,pi,40,22,-43676.025028,2.162673e-02,3,3,2.5,f,-0.5,+1,2,2,2.5,e,-0.5,+1
pi,pi,41,23,-43676.021665,2.152205e-02,3,3,2.5,f,+0.5,+1,2,2,2.5,e,+0.5,+1
pi,pi,42,24,-43676.018272,1.334877e-03,3,3,2.5,f,+1.5,+1,2,2,2.5,e,+1.5,+1
pi,pi,43,25,-43676.014849,3.339963e-02,3,3,2.5,f,+2.5,+1,2,2,2.5,e,+2.5,+1
pi,pi,53,20,-43670.257849,2.017048e-01,3,3,3.5,f,-2.5,+1,2,2,2.5,e,-2.5,+1
pi,pi,54,21,-43670.245554,1.214653e-01,3,3,3.5,f,-1.5,+1,2,2,2.5,e,-1.5,+1
pi,pi,55,22,-43670.233243,1.637656e-02,3,3,3.5,f,-0.5,+1,2,2,2.5,e,-0.5,+1
pi,pi,56,23,-43670.220915,1.594852e-02,3,3,3.5,f,+0.5,+1,2,2,2.5,e,+0.5,+1
pi,pi,57,24,-43670.208572,1.209600e-01,3,3,3.5,f,+1.5,+1,2,2,2.5,e,+1.5,+1
pi,pi,58,25,-43670.196213,2.023294e-01,3,3,3.5,f,+2.5,+1,2,2,2.5,e,+2.5,+1
pi,pi,39,12,-43667.728010,1.935233e-01,3,3,2.5,f,-1.5,+1,2,2,1.5,e,-1.5,+1
pi,pi,40,13,-43667.705030,3.200571e-02,3,3,2.5,f,-0.5,+1,2,2,1.5,e,-0.5,+1
pi,pi,41,14,-43667.682067,3.261171e-02,3,3,2.5,f,+0.5,+1,2,2,1.5,e,+0.5,+1
pi,pi,42,15,-43667.659119,1.941756e-01,3,3,2.5,f,+1.5,+1,2,2,1.5,e,+1.5,+1
pi,pi,54,12,-43661.945203,1.354076e-02,3,3,3.5,f,-1.5,+1,2,2,1.5,e,-1.5,+1
pi,pi,55,13,-43661.913245,2.430109e-02,3,3,3.5,f,-0.5,+1,2,2,1.5,e,-0.5,+1
pi,pi,56,14,-43661.881317,2.422913e-02,3,3,3.5,f,+0.5,+1,2,2,1.5,e,+0.5,+1
pi,pi,57,15,-43661.849420,1.342083e-02,3,3,3.5,f,+1.5,+1,2,2,1.5,e,+1.5,+1
pi,pi,34,28,-43628.413355,2.235928e-04,3,3,2.5,e,-0.5,-1,2,2,2.5,f,-0.5,-1
pi,pi,35,29,-43628.413346,2.227261e-04,3,3,2.5,e,+0.5,-1,2,2,2.5,f,+0.5,-1
pi,pi,33,27,-43628.413335,1.402947e-05,3,3,2.5,e,-1.5,-1,2,2,2.5,f,-1.5,-1
pi,pi,36,30,-43628.413308,1.386696e-05,3,3,2.5,e,+1.5,-1,2,2,2.5,f,+1.5,-1
pi,pi,32,26,-43628.413285,3.521033e-04,3,3,2.5,e,-2.5,-1,2,2,2.5,f,-2.5,-1
pi,pi,37,31,-43628.413240,3.453307e-04,3,3,2.5,e,+2.5,-1,2,2,2.5,f,+2.5,-1
pi,pi,45,26,-43622.640699,2.052663e-03,3,3,3.5,e,-2.5,-1,2,2,2.5,f,-2.5,-1
pi,pi,46,27,-43622.631260,1.236155e-03,3,3,3.5,e,-1.5,-1,2,2,2.5,f,-1.5,-1
pi,pi,47,28,-43622.621807,1.666722e-04,3,3,3.5,e,-0.5,-1,2,2,2.5,f,-0.5,-1
pi,pi,48,29,-43622.612341,1.623213e-04,3,3,3.5,e,+0.5,-1,2,2,2.5,f,+0.5,-1
pi,pi,49,30,-43622.602861,1.231166e-03,3,3,3.5,e,+1.5,-1,2,2,2.5,f,+1.5,-1
pi,pi,50,31,-43622.593367,2.059453e-03,3,3,3.5,e,+2.5,-1,2,2,2.5,f,+2.5,-1
pi,pi,33,16,-43620.111955,1.975519e-03,3,3,2.5,e,-1.5,-1,2,2,1.5,f,-1.5,-1
pi,pi,34,17,-43620.093022,3.266655e-04,3,3,2.5,e,-0.5,-1,2,2,1.5,f,-0.5,-1
pi,pi,35,18,-43620.074103,3.330114e-04,3,3,2.5,e,+0.5,-1,2,2,1.5,f,+0.5,-1
pi,pi,36,19,-43620.055197,1.982480e-03,3,3,2.5,e,+1.5,-1,2,2,1.5,f,+1.5,-1
pi,pi,46,16,-43614.329880,1.386389e-04,3,3,3.5,e,-1.5,-1,2,2,1.5,f,-1.5,-1
pi,pi,47,17,-43614.301474,2.485463e-04,3,3,3.5,e,-0.5,-1,2,2,1.5,f,-0.5,-1
pi,pi,48,18,-43614.273097,2.475487e-04,3,3,3.5,e,+0.5,-1,2,2,1.5,f,+0.5,-1
pi,pi,49,19,-43614.244750,1.369763e-04,3,3,3.5,e,+1.5,-1,2,2,1.5,f,+1.5,-1
pi,pi,16,4,-29117.828141,6.663279e-02,2,2,1.5,f,-1.5,-1,1,1,1.5,e,-1.5,-1
pi,pi,17,5,-29117.809952,6.638774e-02,2,2,1.5,f,-0.5,-1,1,1,1.5,e,-0.5,-1
pi,pi,18,6,-29117.791551,6.566924e-02,2,2,1.5,f,+0.5,-1,1,1,1.5,e,+0.5,-1
pi,pi,19,7,-29117.772943,6.543241e-02,2,2,1.5,f,+1.5,-1,1,1,1.5,e,+1.5,-1
pi,pi,27,4,-29109.526761,2.633538e-01,2,2,2.5,f,-1.5,-1,1,1,1.5,e,-1.5,-1
pi,pi,28,5,-29109.489618,4.473705e-02,2,2,2.5,f,-0.5,-1,1,1,1.5,e,-0.5,-1
pi,pi,29,6,-29109.452308,4.325882e-02,2,2,2.5,f,+0.5,-1,1,1,1.5,e,+0.5,-1
pi,pi,30,7,-29109.414833,2.645534e-01,2,2,2.5,f,+1.5,-1,1,1,1.5,e,+1.5,-1
pi,pi,17,0,-29102.799546,1.306907e-01,2,2,1.5,f,-0.5,-1,1,1,0.5,e,-0.5,-1
pi,pi,18,1,-29102.706004,1.332084e-01,2,2,1.5,f,+0.5,-1,1,1,0.5,e,+0.5,-1
pi,pi,12,8,-29096.663315,6.711134e-04,2,2,1.5,e,-1.5,+1,1,1,1.5,f,-1.5,+1
pi,pi,13,9,-29096.648343,6.680932e-04,2,2,1.5,e,-0.5,+1,1,1,1.5,f,-0.5,+1
pi,pi,14,10,-29096.633165,6.613876e-04,2,2,1.5,e,+0.5,+1,1,1,1.5,f,+0.5,+1
pi,pi,15,11,-29096.617783,6.584596e-04,2,2,1.5,e,+1.5,+1,1,1,1.5,f,+1.5,+1
pi,pi,28,0,-29094.479212,8.813059e-02,2,2,2.5,f,-0.5,-1,1,1,0.5,e,-0.5,-1
pi,pi,29,1,-29094.366760,8.780881e-02,2,2,2.5,f,+0.5,-1,1,1,0.5,e,+0.5,-1
pi,pi,21,8,-29088.362964,2.698698e-03,2,2,2.5,e,-1.5,+1,1,1,1.5,f,-1.5,+1
pi,pi,22,9,-29088.328346,4.585644e-04,2,2,2.5,e,-0.5,+1,1,1,1.5,f,-0.5,+1
pi,pi,23,10,-29088.293567,4.432139e-04,2,2,2.5,e,+0.5,+1,1,1,1.5,f,+0.5,+1
pi,pi,24,11,-29088.258631,2.711264e-03,2,2,2.5,e,+1.5,+1,1,1,1.5,f,+1.5,+1
pi,pi,13,2,-29081.637372,1.342859e-03,2,2,1.5,e,-0.5,+1,1,1,0.5,f,-0.5,+1
pi,pi,14,3,-29081.548203,1.368531e-03,2,2,1.5,e,+0.5,+1,1,1,0.5,f,+0.5,+1
pi,pi,22,2,-29073.317374,8.955537e-04,2,2,2.5,e,-0.5,+1,1,1,0.5,f,-0.5,+1
pi,pi,23,3,-29073.208605,8.918468e-04,2,2,2.5,e,+0.5,+1,1,1,0.5,f,+0.5,+1
pi,pi,1,6,-15.085548,2.790979e-02,1,1,0.5,e,+0.5,-1,1,1,1.5,e,+0.5,-1
pi,pi,3,10,-15.084962,1.578595e-01,1,1,0.5,f,+0.5,+1,1,1,1.5,f,+0.5,+1
pi,pi,2,9,-15.010972,1.594195e-01,1,1,0.5,f,-0.5,+1,1,1,1.5,f,-0.5,+1
pi,pi,0,5,-15.010406,2.818839e-02,1,1,0.5,e,-0.5,-1,1,1,1.5,e,-0.5,-1
pi,pi,15,24,-8.359152,5.790832e-02,2,2,1.5,e,+1.5,+1,2,2,2.5,e,+1.5,+1
pi,pi,19,30,-8.358110,1.025357e-02,2,2,1.5,f,+1.5,-1,2,2,2.5,f,+1.5,-1
pi,pi,14,23,-8.339598,9.696850e-03,2,2,1.5,e,+0.5,+1,2,2,2.5,e,+0.5,+1
pi,pi,18,29,-8.339243,1.716781e-03,2,2,1.5,f,+0.5,-1,2,2,2.5,f,+0.5,-1
pi,pi,17,28,-8.320333,1.724411e-03,2,2,1.5,f,-0.5,-1,2,2,2.5,f,-0.5,-1
pi,pi,13,22,-8.319998,9.742364e-03,2,2,1.5,e,-0.5,+1,2,2,2.5,e,-0.5,+1
pi,pi,16,27,-8.301380,1.039444e-02,2,2,1.5,f,-1.5,-1,2,2,2.5,f,-1.5,-1
pi,pi,12,21,-8.300351,5.873213e-02,2,2,1.5,e,-1.5,+1,2,2,2.5,e,-1.5,+1
pi,pi,37,50,-5.819874,3.511202e-02,3,3,2.5,e,+2.5,-1,3,3,3.5,e,+2.5,-1
pi,pi,43,58,-5.818636,2.038755e-03,3,3,2.5,f,+2.5,+1,3,3,3.5,f,+2.5,+1
pi,pi,36,49,-5.810447,2.113575e-02,3,3,2.5,e,+1.5,-1,3,3,3.5,e,+1.5,-1
pi,pi,42,57,-5.809699,1.227044e-03,3,3,2.5,f,+1.5,+1,3,3,3.5,f,+1.5,+1
pi,pi,35,48,-5.801005,2.827325e-03,3,3,2.5,e,+0.5,-1,3,3,3.5,e,+0.5,-1
pi,pi,41,56,-5.800749,1.641222e-04,3,3,2.5,f,+0.5,+1,3,3,3.5,f,+0.5,+1
pi,pi,40,55,-5.791785,1.646032e-04,3,3,2.5,f,-0.5,+1,3,3,3.5,f,-0.5,+1
pi,pi,34,47,-5.791548,2.836477e-03,3,3,2.5,e,-0.5,-1,3,3,3.5,e,-0.5,-1
pi,pi,39,54,-5.782807,1.238444e-03,3,3,2.5,f,-1.5,+1,3,3,3.5,f,-1.5,+1
pi,pi,33,46,-5.782075,2.134366e-02,3,3,2.5,e,-1.5,-1,3,3,3.5,e,-1.5,-1
pi,pi,38,53,-5.773815,2.070551e-03,3,3,2.5,f,-2.5,+1,3,3,3.5,f,-2.5,+1
pi,pi,32,45,-5.772586,3.569002e-02,3,3,2.5,e,-2.5,-1,3,3,3.5,e,-2.5,-1
pi,pi,67,84,-4.456291,2.090346e-02,4,4,3.5,e,+3.5,+1,4,4,4.5,e,+3.5,+1
pi,pi,75,94,-4.454944,6.860654e-04,4,4,3.5,f,+3.5,-1,4,4,4.5,f,+3.5,-1
pi,pi,66,83,-4.450372,1.871354e-02,4,4,3.5,e,+2.5,+1,4,4,4.5,e,+2.5,+1
pi,pi,74,93,-4.449406,6.140897e-04,4,4,3.5,f,+2.5,-1,4,4,4.5,f,+2.5,-1
pi,pi,65,82,-4.444445,8.684850e-03,4,4,3.5,e,+1.5,+1,4,4,4.5,e,+1.5,+1
pi,pi,73,92,-4.443861,2.849504e-04,4,4,3.5,f,+1.5,-1,4,4,4.5,f,+1.5,-1
pi,pi,64,81,-4.438511,1.075088e-03,4,4,3.5,e,+0.5,+1,4,4,4.5,e,+0.5,+1
pi,pi,72,91,-4.438309,3.526971e-05,4,4,3.5,f,+0.5,-1,4,4,4.5,f,+0.5,-1
pi,pi,71,90,-4.432750,3.535088e-05,4,4,3.5,f,-0.5,-1,4,4,4.5,f,-0.5,-1
pi,pi,63,80,-4.432568,1.077935e-03,4,4,3.5,e,-0.5,+1,4,4,4.5,e,-0.5,+1
pi,pi,70,89,-4.427184,2.870835e-04,4,4,3.5,f,-1.5,-1,4,4,4.5,f,-1.5,-1
pi,pi,62,79,-4.426618,8.754889e-03,4,4,3.5,e,-1.5,+1,4,4,4.5,e,-1.5,+1
pi,pi,69,88,-4.421612,6.218172e-04,4,4,3.5,f,-2.5,-1,4,4,4.5,f,-2.5,-1
pi,pi,61,78,-4.420660,1.896599e-02,4,4,3.5,e,-2.5,+1,4,4,4.5,e,-2.5,+1
pi,pi,68,87,-4.416032,6.982026e-04,4,4,3.5,f,-3.5,-1,4,4,4.5,f,-3.5,-1
pi,pi,60,77,-4.414693,2.129944e-02,4,4,3.5,e,-3.5,+1,4,4,4.5,e,-3.5,+1
pi,pi,105,126,-3.596761,1.311666e-02,5,5,4.5,e,+4.5,-1,5,5,5.5,e,+4.5,-1
pi,pi,115,138,-3.595345,3.085673e-04,5,5,4.5,f,+4.5,+1,5,5,5.5,f,+4.5,+1
pi,pi,104,125,-3.592498,1.431653e-02,5,5,4.5,e,+3.5,-1,5,5,5.5,e,+3.5,-1
pi,pi,114,137,-3.591393,3.367366e-04,5,5,4.5,f,+3.5,+1,5,5,5.5,f,+3.5,+1
pi,pi,103,124,-3.588229,9.762346e-03,5,5,4.5,e,+2.5,-1,5,5,5.5,e,+2.5,-1
pi,pi,113,136,-3.587436,2.295796e-04,5,5,4.5,f,+2.5,+1,5,5,5.5,f,+2.5,+1
pi,pi,102,123,-3.583955,4.109985e-03,5,5,4.5,e,+1.5,-1,5,5,5.5,e,+1.5,-1
pi,pi,112,135,-3.583475,9.663819e-05,5,5,4.5,f,+1.5,+1,5,5,5.5,f,+1.5,+1
pi,pi,101,122,-3.579677,4.904612e-04,5,5,4.5,e,+0.5,-1,5,5,5.5,e,+0.5,-1
pi,pi,111,134,-3.579509,1.153095e-05,5,5,4.5,f,+0.5,+1,5,5,5.5,f,+0.5,+1
pi,pi,110,133,-3.575539,1.155384e-05,5,5,4.5,f,-0.5,+1,5,5,5.5,f,-0.5,+1
pi,pi,100,121,-3.575393,4.916188e-04,5,5,4.5,e,-0.5,-1,5,5,5.5,e,-0.5,-1
pi,pi,109,132,-3.571565,9.727601e-05,5,5,4.5,f,-1.5,+1,5,5,5.5,f,-1.5,+1
pi,pi,99,120,-3.571104,4.139581e-03,5,5,4.5,e,-1.5,-1,5,5,5.5,e,-1.5,-1
pi,pi,108,131,-3.567586,2.321300e-04,5,5,4.5,f,-2.5,+1,5,5,5.5,f,-2.5,+1
pi,pi,98,119,-3.566810,9.879930e-03,5,5,4.5,e,-2.5,-1,5,5,5.5,e,-2.5,-1
pi,pi,107,130,-3.563603,3.419965e-04,5,5,4.5,f,-3.5,+1,5,5,5.5,f,-3.5,+1
pi,pi,97,118,-3.562511,1.455861e-02,5,5,4.5,e,-3.5,-1,5,5,5.5,e,-3.5,-1
pi,pi,106,129,-3.559615,3.147836e-04,5,5,4.5,f,-4.5,+1,5,5,5.5,f,-4.5,+1
pi,pi,96,117,-3.558206,1.340254e-02,5,5,4.5,e,-4.5,-1,5,5,5.5,e,-4.5,-1
pi,pi,0,0,0.000000,1.413262e-06,1,1,0.5,e,-0.5,-1,1,1,0.5,e,-0.5,-1
pi,pi,1,1,0.000000,1.392346e-06,1,1,0.5,e,+0.5,-1,1,1,0.5,e,+0.5,-1
pi,pi,2,2,0.000000,7.722961e-06,1,1,0.5,f,-0.5,+1,1,1,0.5,f,-0.5,+1
pi,pi,3,3,0.000000,7.609880e-06,1,1,0.5,f,+0.5,+1,1,1,0.5,f,+0.5,+1
pi,pi,4,4,0.000000,1.396979e-02,1,1,1.5,e,-1.5,-1,1,1,1.5,e,-1.5,-1
pi,pi,5,5,0.000000,1.369154e-02,1,1,1.5,e,-0.5,-1,1,1,1.5,e,-0.5,-1
pi,pi,6,6,0.000000,1.425011e-02,1,1,1.5,e,+0.5,-1,1,1,1.5,e,+0.5,-1
pi,pi,7,7,0.000000,1.397116e-02,1,1,1.5,e,+1.5,-1,1,1,1.5,e,+1.5,-1
pi,pi,8,8,0.000000,7.933542e-02,1,1,1.5,f,-1.5,+1,1,1,1.5,f,-1.5,+1
pi,pi,9,9,0.000000,7.777730e-02,1,1,1.5,f,-0.5,+1,1,1,1.5,f,-0.5,+1
pi,pi,10,10,0.000000,8.089703e-02,1,1,1.5,f,+0.5,+1,1,1,1.5,f,+0.5,+1
pi,pi,11,11,0.000000,7.933508e-02,1,1,1.5,f,+1.5,+1,1,1,1.5,f,+1.5,+1
pi,pi,12,12,0.000000,7.869141e-02,2,2,1.5,e,-1.5,+1,2,2,1.5,e,-1.5,+1
pi,pi,13,13,0.000000,7.965692e-02,2,2,1.5,e,-0.5,+1,2,2,1.5,e,-0.5,+1
pi,pi,14,14,0.000000,7.901535e-02,2,2,1.5,e,+0.5,+1,2,2,1.5,e,+0.5,+1
pi,pi,15,15,0.000000,7.997489e-02,2,2,1.5,e,+1.5,+1,2,2,1.5,e,+1.5,+1
pi,pi,16,16,0.000000,1.386077e-02,2,2,1.5,f,-1.5,-1,2,2,1.5,f,-1.5,-1
pi,pi,17,17,0.000000,1.402563e-02,2,2,1.5,f,-0.5,-1,2,2,1.5,f,-0.5,-1
pi,pi,18,18,0.000000,1.391560e-02,2,2,1.5,f,+0.5,-1,2,2,1.5,f,+0.5,-1
pi,pi,19,19,0.000000,1.407948e-02,2,2,1.5,f,+1.5,-1,2,2,1.5,f,+1.5,-1
pi,pi,20,20,0.000000,1.618256e-01,2,2,2.5,e,-2.5,+1,2,2,2.5,e,-2.5,+1
pi,pi,21,21,0.000000,6.290481e-03,2,2,2.5,e,-1.5,+1,2,2,2.5,e,-1.5,+1
pi,pi,22,22,0.000000,1.032029e-01,2,2,2.5,e,-0.5,+1,2,2,2.5,e,-0.5,+1
pi,pi,23,23,0.000000,1.039348e-01,2,2,2.5,e,+0.5,+1,2,2,2.5,e,+0.5,+1
pi,pi,24,24,0.000000,6.656308e-03,2,2,2.5,e,+1.5,+1,2,2,2.5,e,+1.5,+1
pi,pi,25,25,0.000000,1.618280e-01,2,2,2.5,e,+2.5,+1,2,2,2.5,e,+2.5,+1
pi,pi,26,26,0.000000,2.858253e-02,2,2,2.5,f,-2.5,-1,2,2,2.5,f,-2.5,-1
pi,pi,27,27,0.000000,1.112288e-03,2,2,2.5,f,-1.5,-1,2,2,2.5,f,-1.5,-1
pi,pi,28,28,0.000000,1.823066e-02,2,2,2.5,f,-0.5,-1,2,2,2.5,f,-0.5,-1
pi,pi,29,29,0.000000,1.835494e-02,2,2,2.5,f,+0.5,-1,2,2,2.5,f,+0.5,-1
pi,pi,30,30,0.000000,1.174421e-03,2,2,2.5,f,+1.5,-1,2,2,2.5,f,+1.5,-1
pi,pi,31,31,0.000000,2.858263e-02,2,2,2.5,f,+2.5,-1,2,2,2.5,f,+2.5,-1
pi,pi,32,32,0.000000,2.115186e-01,3,3,2.5,e,-2.5,-1,3,3,2.5,e,-2.5,-1
pi,pi,33,33,0.000000,8.628637e-03,3,3,2.5,e,-1.5,-1,3,3,2.5,e,-1.5,-1
pi,pi,34,34,0.000000,1.360412e-01,3,3,2.5,e,-0.5,-1,3,3,2.5,e,-0.5,-1
pi,pi,35,35,0.000000,1.355968e-01,3,3,2.5,e,+0.5,-1,3,3,2.5,e,+0.5,-1
pi,pi,36,36,0.000000,8.350848e-03,3,3,2.5,e,+1.5,-1,3,3,2.5,e,+1.5,-1
pi,pi,37,37,0.000000,2.129073e-01,3,3,2.5,e,+2.5,-1,3,3,2.5,e,+2.5,-1
pi,pi,38,38,0.000000,1.220976e-02,3,3,2.5,f,-2.5,+1,3,3,2.5,f,-2.5,+1
pi,pi,39,39,0.000000,4.976612e-04,3,3,2.5,f,-1.5,+1,3,3,2.5,f,-1.5,+1
pi,pi,40,40,0.000000,7.851107e-03,3,3,2.5,f,-0.5,+1,3,3,2.5,f,-0.5,+1
pi,pi,41,41,0.000000,7.826486e-03,3,3,2.5,f,+0.5,+1,3,3,2.5,f,+0.5,+1
pi,pi,42,42,0.000000,4.822991e-04,3,3,2.5,f,+1.5,+1,3,3,2.5,f,+1.5,+1
pi,pi,43,43,0.000000,1.228604e-02,3,3,2.5,f,+2.5,+1,3,3,2.5,f,+2.5,+1
pi,pi,44,44,0.000000,2.888097e-01,3,3,3.5,e,-3.5,-1,3,3,3.5,e,-3.5,-1
pi,pi,45,45,0.000000,6.010784e-03,3,3,3.5,e,-2.5,-1,3,3,3.5,e,-2.5,-1
pi,pi,46,46,0.000000,5.269982e-02,3,3,3.5,e,-1.5,-1,3,3,3.5,e,-1.5,-1
pi,pi,47,47,0.000000,1.471213e-01,3,3,3.5,e,-0.5,-1,3,3,3.5,e,-0.5,-1
pi,pi,48,48,0.000000,1.475831e-01,3,3,3.5,e,+0.5,-1,3,3,3.5,e,+0.5,-1
pi,pi,49,49,0.000000,5.339248e-02,3,3,3.5,e,+1.5,-1,3,3,3.5,e,+1.5,-1
pi,pi,50,50,0.000000,5.779952e-03,3,3,3.5,e,+2.5,-1,3,3,3.5,e,+2.5,-1
pi,pi,51,51,0.000000,2.888116e-01,3,3,3.5,e,+3.5,-1,3,3,3.5,e,+3.5,-1
pi,pi,52,52,0.000000,1.669207e-02,3,3,3.5,f,-3.5,+1,3,3,3.5,f,-3.5,+1
pi,pi,53,53,0.000000,3.470104e-04,3,3,3.5,f,-2.5,+1,3,3,3.5,f,-2.5,+1
pi,pi,54,54,0.000000,3.046991e-03,3,3,3.5,f,-1.5,+1,3,3,3.5,f,-1.5,+1
pi,pi,55,55,0.000000,8.503798e-03,3,3,3.5,f,-0.5,+1,3,3,3.5,f,-0.5,+1
pi,pi,56,56,0.000000,8.528963e-03,3,3,3.5,f,+0.5,+1,3,3,3.5,f,+0.5,+1
pi,pi,57,57,0.000000,3.084735e-03,3,3,3.5,f,+1.5,+1,3,3,3.5,f,+1.5,+1
pi,pi,58,58,0.000000,3.344325e-04,3,3,3.5,f,+2.5,+1,3,3,3.5,f,+2.5,+1
pi,pi,59,59,0.000000,1.669218e-02,3,3,3.5,f,+3.5,+1,3,3,3.5,f,+3.5,+1
pi,pi,60,60,0.000000,3.182172e-01,4,4,3.5,e,-3.5,+1,4,4,3.5,e,-3.5,+1
pi,pi,61,61,0.000000,6.395699e-03,4,4,3.5,e,-2.5,+1,4,4,3.5,e,-2.5,+1
pi,pi,62,62,0.000000,5.882174e-02,4,4,3.5,e,-1.5,+1,4,4,3.5,e,-1.5,+1
pi,pi,63,63,0.000000,1.628347e-01,4,4,3.5,e,-0.5,+1,4,4,3.5,e,-0.5,+1
pi,pi,64,64,0.000000,1.625168e-01,4,4,3.5,e,+0.5,+1,4,4,3.5,e,+0.5,+1
pi,pi,65,65,0.000000,5.830679e-02,4,4,3.5,e,+1.5,+1,4,4,3.5,e,+1.5,+1
pi,pi,66,66,0.000000,6.618181e-03,4,4,3.5,e,+2.5,+1,4,4,3.5,e,+2.5,+1
pi,pi,67,67,0.000000,3.194629e-01,4,4,3.5,e,+3.5,+1,4,4,3.5,e,+3.5,+1
pi,pi,68,68,0.000000,1.037383e-02,4,4,3.5,f,-3.5,-1,4,4,3.5,f,-3.5,-1
pi,pi,69,69,0.000000,2.086694e-04,4,4,3.5,f,-2.5,-1,4,4,3.5,f,-2.5,-1
pi,pi,70,70,0.000000,1.916912e-03,4,4,3.5,f,-1.5,-1,4,4,3.5,f,-1.5,-1
pi,pi,71,71,0.000000,5.307490e-03,4,4,3.5,f,-0.5,-1,4,4,3.5,f,-0.5,-1
pi,pi,72,72,0.000000,5.297661e-03,4,4,3.5,f,+0.5,-1,4,4,3.5,f,+0.5,-1
pi,pi,73,73,0.000000,1.900999e-03,4,4,3.5,f,+1.5,-1,4,4,3.5,f,+1.5,-1
pi,pi,74,74,0.000000,2.155320e-04,4,4,3.5,f,+2.5,-1,4,4,3.5,f,+2.5,-1
pi,pi,75,75,0.000000,1.041201e-02,4,4,3.5,f,+3.5,-1,4,4,3.5,f,+3.5,-1
pi,pi,76,76,0.000000,3.794283e-01,4,4,4.5,e,-4.5,+1,4,4,4.5,e,-4.5,+1
pi,pi,77,77,0.000000,4.238653e-02,4,4,4.5,e,-3.5,+1,4,4,4.5,e,-3.5,+1
pi,pi,78,78,0.000000,1.039826e-02,4,4,4.5,e,-2.5,+1,4,4,4.5,e,-2.5,+1
pi,pi,79,79,0.000000,9.452975e-02,4,4,4.5,e,-1.5,+1,4,4,4.5,e,-1.5,+1
pi,pi,80,80,0.000000,1.684736e-01,4,4,4.5,e,-0.5,+1,4,4,4.5,e,-0.5,+1
pi,pi,81,81,0.000000,1.687964e-01,4,4,4.5,e,+0.5,+1,4,4,4.5,e,+0.5,+1
pi,pi,82,82,0.000000,9.518336e-02,4,4,4.5,e,+1.5,+1,4,4,4.5,e,+1.5,+1
pi,pi,83,83,0.000000,1.068065e-02,4,4,4.5,e,+2.5,+1,4,4,4.5,e,+2.5,+1
pi,pi,84,84,0.000000,4.193482e-02,4,4,4.5,e,+3.5,+1,4,4,4.5,e,+3.5,+1
pi,pi,85,85,0.000000,3.794297e-01,4,4,4.5,e,+4.5,+1,4,4,4.5,e,+4.5,+1
pi,pi,86,86,0.000000,1.237750e-02,4,4,4.5,f,-4.5,-1,4,4,4.5,f,-4.5,-1
pi,pi,87,87,0.000000,1.382183e-03,4,4,4.5,f,-3.5,-1,4,4,4.5,f,-3.5,-1
pi,pi,88,88,0.000000,3.395323e-04,4,4,4.5,f,-2.5,-1,4,4,4.5,f,-2.5,-1
pi,pi,89,89,0.000000,3.084456e-03,4,4,4.5,f,-1.5,-1,4,4,4.5,f,-1.5,-1
pi,pi,90,90,0.000000,5.496234e-03,4,4,4.5,f,-0.5,-1,4,4,4.5,f,-0.5,-1
pi,pi,91,91,0.000000,5.506023e-03,4,4,4.5,f,+0.5,-1,4,4,4.5,f,+0.5,-1
pi,pi,92,92,0.000000,3.104277e-03,4,4,4.5,f,+1.5,-1,4,4,4.5,f,+1.5,-1
pi,pi,93,93,0.000000,3.480952e-04,4,4,4.5,f,+2.5,-1,4,4,4.5,f,+2.5,-1
pi,pi,94,94,0.000000,1.368491e-03,4,4,4.5,f,+3.5,-1,4,4,4.5,f,+3.5,-1
pi,pi,95,95,0.000000,1.237759e-02,4,4,4.5,f,+4.5,-1,4,4,4.5,f,+4.5,-1
pi,pi,96,96,0.000000,3.974078e-01,5,5,4.5,e,-4.5,-1,5,5,4.5,e,-4.5,-1
pi,pi,97,97,0.000000,4.395967e-02,5,5,4.5,e,-3.5,-1,5,5,4.5,e,-3.5,-1
pi,pi,98,98,0.000000,1.117791e-02,5,5,4.5,e,-2.5,-1,5,5,4.5,e,-2.5,-1
pi,pi,99,99,0.000000,9.974887e-02,5,5,4.5,e,-1.5,-1,5,5,4.5,e,-1.5,-1
pi,pi,100,100,0.000000,1.769951e-01,5,5,4.5,e,-0.5,-1,5,5,4.5,e,-0.5,-1
pi,pi,101,101,0.000000,1.767501e-01,5,5,4.5,e,+0.5,-1,5,5,4.5,e,+0.5,-1
pi,pi,102,102,0.000000,9.923439e-02,5,5,4.5,e,+1.5,-1,5,5,4.5,e,+1.5,-1
pi,pi,103,103,0.000000,1.093292e-02,5,5,4.5,e,+2.5,-1,5,5,4.5,e,+2.5,-1
pi,pi,104,104,0.000000,4.447409e-02,5,5,4.5,e,+3.5,-1,5,5,4.5,e,+3.5,-1
pi,pi,105,105,0.000000,3.985098e-01,5,5,4.5,e,+4.5,-1,5,5,4.5,e,+4.5,-1
pi,pi,106,106,0.000000,9.278832e-03,5,5,4.5,f,-4.5,+1,5,5,4.5,f,-4.5,+1
pi,pi,107,107,0.000000,1.026668e-03,5,5,4.5,f,-3.5,+1,5,5,4.5,f,-3.5,+1
pi,pi,108,108,0.000000,2.607850e-04,5,5,4.5,f,-2.5,+1,5,5,4.5,f,-2.5,+1
pi,pi,109,109,0.000000,2.328390e-03,5,5,4.5,f,-1.5,+1,5,5,4.5,f,-1.5,+1
pi,pi,110,110,0.000000,4.131986e-03,5,5,4.5,f,-0.5,+1,5,5,4.5,f,-0.5,+1
pi,pi,111,111,0.000000,4.126608e-03,5,5,4.5,f,+0.5,+1,5,5,4.5,f,+0.5,+1
pi,pi,112,112,0.000000,2.317100e-03,5,5,4.5,f,+1.5,+1,5,5,4.5,f,+1.5,+1
pi,pi,113,113,0.000000,2.554128e-04,5,5,4.5,f,+2.5,+1,5,5,4.5,f,+2.5,+1
pi,pi,114,114,0.000000,1.037929e-03,5,5,4.5,f,+3.5,+1,5,5,4.5,f,+3.5,+1
pi,pi,115,115,0.000000,9.302820e-03,5,5,4.5,f,+4.5,+1,5,5,4.5,f,+4.5,+1
pi,pi,116,116,0.000000,4.451927e-01,5,5,5.5,e,-5.5,-1,5,5,5.5,e,-5.5,-1
pi,pi,117,117,0.000000,9.224863e-02,5,5,5.5,e,-4.5,-1,5,5,5.5,e,-4.5,-1
pi,pi,118,118,0.000000,1.624417e-04,5,5,5.5,e,-3.5,-1,5,5,5.5,e,-3.5,-1
pi,pi,119,119,0.000000,4.229213e-02,5,5,5.5,e,-2.5,-1,5,5,5.5,e,-2.5,-1
pi,pi,120,120,0.000000,1.234843e-01,5,5,5.5,e,-1.5,-1,5,5,5.5,e,-1.5,-1
pi,pi,121,121,0.000000,1.801614e-01,5,5,5.5,e,-0.5,-1,5,5,5.5,e,-0.5,-1
pi,pi,122,122,0.000000,1.804081e-01,5,5,5.5,e,+0.5,-1,5,5,5.5,e,+0.5,-1
pi,pi,123,123,0.000000,1.240566e-01,5,5,5.5,e,+1.5,-1,5,5,5.5,e,+1.5,-1
pi,pi,124,124,0.000000,4.277141e-02,5,5,5.5,e,+2.5,-1,5,5,5.5,e,+2.5,-1
pi,pi,125,125,0.000000,1.328316e-04,5,5,5.5,e,+3.5,-1,5,5,5.5,e,+3.5,-1
pi,pi,126,126,0.000000,9.172019e-02,5,5,5.5,e,+4.5,-1,5,5,5.5,e,+4.5,-1
pi,pi,127,127,0.000000,4.451938e-01,5,5,5.5,e,+5.5,-1,5,5,5.5,e,+5.5,-1
pi,pi,128,128,0.000000,1.039850e-02,5,5,5.5,f,-5.5,+1,5,5,5.5,f,-5.5,+1
pi,pi,129,129,0.000000,2.154181e-03,5,5,5.5,f,-4.5,+1,5,5,5.5,f,-4.5,+1
pi,pi,130,130,0.000000,3.765100e-06,5,5,5.5,f,-3.5,+1,5,5,5.5,f,-3.5,+1
pi,pi,131,131,0.000000,9.882777e-04,5,5,5.5,f,-2.5,+1,5,5,5.5,f,-2.5,+1
pi,pi,132,132,0.000000,2.884797e-03,5,5,5.5,f,-1.5,+1,5,5,5.5,f,-1.5,+1
pi,pi,133,133,0.000000,4.208321e-03,5,5,5.5,f,-0.5,+1,5,5,5.5,f,-0.5,+1
pi,pi,134,134,0.000000,4.213628e-03,5,5,5.5,f,+0.5,+1,5,5,5.5,f,+0.5,+1
pi,pi,135,135,0.000000,2.897107e-03,5,5,5.5,f,+1.5,+1,5,5,5.5,f,+1.5,+1
pi,pi,136,136,0.000000,9.985856e-04,5,5,5.5,f,+2.5,+1,5,5,5.5,f,+2.5,+1
pi,pi,137,137,0.000000,3.128444e-06,5,5,5.5,f,+3.5,+1,5,5,5.5,f,+3.5,+1
pi,pi,138,138,0.000000,2.142827e-03,5,5,5.5,f,+4.5,+1,5,5,5.5,f,+4.5,+1
pi,pi,139,139,0.000000,1.039857e-02,5,5,5.5,f,+5.5,+1,5,5,5.5,f,+5.5,+1
pi,pi,117,96,3.558206,1.340254e-02,5,5,5.5,e,-4.5,-1,5,5,4.5,e,-4.5,-1
pi,pi,129,106,3.559615,3.147836e-04,5,5,5.5,f,-4.5,+1,5,5,4.5,f,-4.5,+1
pi,pi,118,97,3.562511,1.455861e-02,5,5,5.5,e,-3.5,-1,5,5,4.5,e,-3.5,-1
pi,pi,130,107,3.563603,3.419965e-04,5,5,5.5,f,-3.5,+1,5,5,4.5,f,-3.5,+1
pi,pi,119,98,3.566810,9.879930e-03,5,5,5.5,e,-2.5,-1,5,5,4.5,e,-2.5,-1
pi,pi,131,108,3.567586,2.321300e-04,5,5,5.5,f,-2.5,+1,5,5,4.5,f,-2.5,+1
pi,pi,120,99,3.571104,4.139581e-03,5,5,5.5,e,-1.5,-1,5,5,4.5,e,-1.5,-1
pi,pi,132,109,3.571565,9.727601e-05,5,5,5.5,f,-1.5,+1,5,5,4.5,f,-1.5,+1
pi,pi,121,100,3.575393,4.916188e-04,5,5,5.5,e,-0.5,-1,5,5,4.5,e,-0.5,-1
pi,pi,133,110,3.575539,1.155384e-05,5,5,5.5,f,-0.5,+1,5,5,4.5,f,-0.5,+1
pi,pi,134,111,3.579509,1.153095e-05,5,5,5.5,f,+0.5,+1,5,5,4.5,f,+0.5,+1
pi,pi,122,101,3.579677,4.904612e-04,5,5,5.5,e,+0.5,-1,5,5,4.5,e,+0.5,-1
pi,pi,135,112,3.583475,9.663819e-05,5,5,5.5,f,+1.5,+1,5,5,4.5,f,+1.5,+1
pi,pi,123,102,3.583955,4.109985e-03,5,5,5.5,e,+1.5,-1,5,5,4.5,e,+1.5,-1
pi,pi,136,113,3.587436,2.295796e-04,5,5,5.5,f,+2.5,+1,5,5,4.5,f,+2.5,+1
pi,pi,124,103,3.588229,9.762346e-03,5,5,5.5,e,+2.5,-1,5,5,4.5,e,+2.5,-1
pi,pi,137,114,3.591393,3.367366e-04,5,5,5.5,f,+3.5,+1,5,5,4.5,f,+3.5,+1
pi,pi,125,104,3.592498,1.431653e-02,5,5,5.5,e,+3.5,-1,5,5,4.5,e,+3.5,-1
pi,pi,138,115,3.595345,3.085673e-04,5,5,5.5,f,+4.5,+1,5,5,4.5,f,+4.5,+1
pi,pi,126,105,3.596761,1.311666e-02,5,5,5.5,e,+4.5,-1,5,5,4.5,e,+4.5,-1
pi,pi,77,60,4.414693,2.129944e-02,4,4,4.5,e,-3.5,+1,4,4,3.5,e,-3.5,+1
pi,pi,87,68,4.416032,6.982026e-04,4,4,4.5,f,-3.5,-1,4,4,3.5,f,-3.5,-1
pi,pi,78,61,4.420660,1.896599e-02,4,4,4.5,e,-2.5,+1,4,4,3.5,e,-2.5,+1
pi,pi,88,69,4.421612,6.218172e-04,4,4,4.5,f,-2.5,-1,4,4,3.5,f,-2.5,-1
pi,pi,79,62,4.426618,8.754889e-03,4,4,4.5,e,-1.5,+1,4,4,3.5,e,-1.5,+1
pi,pi,89,70,4.427184,2.870835e-04,4,4,4.5,f,-1.5,-1,4,4,3.5,f,-1.5,-1
pi,pi,80,63,4.432568,1.077935e-03,4,4,4.5,e,-0.5,+1,4,4,3.5,e,-0.5,+1
pi,pi,90,71,4.432750,3.535088e-05,4,4,4.5,f,-0.5,-1,4,4,3.5,f,-0.5,-1
pi,pi,91,72,4.438309,3.526971e-05,4,4,4.5,f,+0.5,-1,4,4,3.5,f,+0.5,-1
pi,pi,81,64,4.438511,1.075088e-03,4,4,4.5,e,+0.5,+1,4,4,3.5,e,+0.5,+1
pi,pi,92,73,4.443861,2.849504e-04,4,4,4.5,f,+1.5,-1,4,4,3.5,f,+1.5,-1
pi,pi,82,65,4.444445,8.684850e-03,4,4,4.5,e,+1.5,+1,4,4,3.5,e,+1.5,+1
pi,pi,93,74,4.449406,6.140897e-04,4,4,4.5,f,+2.5,-1,4,4,3.5,f,+2.5,-1
pi,pi,83,66,4.450372,1.871354e-02,4,4,4.5,e,+2.5,+1,4,4,3.5,e,+2.5,+1
pi,pi,94,75,4.454944,6.860654e-04,4,4,4.5,f,+3.5,-1,4,4,3.5,f,+3.5,-1
pi,pi,84,67,4.456291,2.090346e-02,4,4,4.5,e,+3.5,+1,4,4,3.5,e,+3.5,+1
pi,pi,45,32,5.772586,3.569002e-02,3,3,3.5,e,-2.5,-1,3,3,2.5,e,-2.5,-1
pi,pi,53,38,5.773815,2.070551e-03,3,3,3.5,f,-2.5,+1,3,3,2.5,f,-2.5,+1
pi,pi,46,33,5.782075,2.134366e-02,3,3,3.5,e,-1.5,-1,3,3,2.5,e,-1.5,-1
pi,pi,54,39,5.782807,1.238444e-03,3,3,3.5,f,-1.5,+1,3,3,2.5,f,-1.5,+1
pi,pi,47,34,5.791548,2.836477e-03,3,3,3.5,e,-0.5,-1,3,3,2.5,e,-0.5,-1
pi,pi,55,40,5.791785,1.646032e-04,3,3,3.5,f,-0.5,+1,3,3,2.5,f,-0.5,+1
pi,pi,56,41,5.800749,1.641222e-04,3,3,3.5,f,+0.5,+1,3,3,2.5,f,+0.5,+1
pi,pi,48,35,5.801005,2.827325e-03,3,3,3.5,e,+0.5,-1,3,3,2.5,e,+0.5,-1
pi,pi,57,42,5.809699,1.227044e-03,3,3,3.5,f,+1.5,+1,3,3,2.5,f,+1.5,+1
pi,pi,49,36,5.810447,2.113575e-02,3,3,3.5,e,+1.5,-1,3,3,2.5,e,+1.5,-1
pi,pi,58,43,5.818636,2.038755e-03,3,3,3.5,f,+2.5,+1,3,3,2.5,f,+2.5,+1
pi,pi,50,37,5.819874,3.511202e-02,3,3,3.5,e,+2.5,-1,3,3,2.5,e,+2.5,-1
pi,pi,21,12,8.300351,5.873213e-02,2,2,2.5,e,-1.5,+1,2,2,1.5,e,-1.5,+1
pi,pi,27,16,8.301380,1.039444e-02,2,2,2.5,f,-1.5,-1,2,2,1.5,f,-1.5,-1
pi,pi,22,13,8.319998,9.742364e-03,2,2,2.5,e,-0.5,+1,2,2,1.5,e,-0.5,+1
pi,pi,28,17,8.320333,1.724411e-03,2,2,2.5,f,-0.5,-1,2,2,1.5,f,-0.5,-1
pi,pi,29,18,8.339243,1.716781e-03,2,2,2.5,f,+0.5,-1,2,2,1.5,f,+0.5,-1
pi,pi,23,14,8.339598,9.696850e-03,2,2,2.5,e,+0.5,+1,2,2,1.5,e,+0.5,+1
pi,pi,30,19,8.358110,1.025357e-02,2,2,2.5,f,+1.5,-1,2,2,1.5,f,+1.5,-1
pi,pi,24,15,8.359152,5.790832e-02,2,2,2.5,e,+1.5,+1,2,2,1.5,e,+1.5,+1
pi,pi,5,0,15.010406,2.818839e-02,1,1,1.5,e,-0.5,-1,1,1,0.5,e,-0.5,-1
pi,pi,9,2,15.010972,1.594195e-01,1,1,1.5,f,-0.5,+1,1,1,0.5,f,-0.5,+1
pi,pi,10,3,15.084962,1.578595e-01,1,1,1.5,f,+0.5,+1,1,1,0.5,f,+0.5,+1
pi,pi,6,1,15.085548,2.790979e-02,1,1,1.5,e,+0.5,-1,1,1,0.5,e,+0.5,-1
pi,pi,3,23,29073.208605,8.918468e-04,1,1,0.5,f,+0.5,+1,2,2,2.5,e,+0.5,+1
pi,pi,2,22,29073.317374,8.955537e-04,1,1,0.5,f,-0.5,+1,2,2,2.5,e,-0.5,+1
pi,pi,3,14,29081.548203,1.368531e-03,1,1,0.5,f,+0.5,+1,2,2,1.5,e,+0.5,+1
pi,pi,2,13,29081.637372,1.342859e-03,1,1,0.5,f,-0.5,+1,2,2,1.5,e,-0.5,+1
pi,pi,11,24,29088.258631,2.711264e-03,1,1,1.5,f,+1.5,+1,2,2,2.5,e,+1.5,+1
pi,pi,10,23,29088.293567,4.432139e-04,1,1,1.5,f,+0.5,+1,2,2,2.5,e,+0.5,+1
pi,pi,9,22,29088.328346,4.585644e-04,1,1,1.5,f,-0.5,+1,2,2,2.5,e,-0.5,+1
pi,pi,8,21,29088.362964,2.698698e-03,1,1,1.5,f,-1.5,+1,2,2,2.5,e,-1.5,+1
pi,pi,1,29,29094.366760,8.780881e-02,1,1,0.5,e,+0.5,-1,2,2,2.5,f,+0.5,-1
pi,pi,0,28,29094.479212,8.813059e-02,1,1,0.5,e,-0.5,-1,2,2,2.5,f,-0.5,-1
pi,pi,11,15,29096.617783,6.584596e-04,1,1,1.5,f,+1.5,+1,2,2,1.5,e,+1.5,+1
pi,pi,10,14,29096.633165,6.613876e-04,1,1,1.5,f,+0.5,+1,2,2,1.5,e,+0.5,+1
pi,pi,9,13,29096.648343,6.680932e-04,1,1,1.5,f,-0.5,+1,2,2,1.5,e,-0.5,+1
pi,pi,8,12,29096.663315,6.711134e-04,1,1,1.5,f,-1.5,+1,2,2,1.5,e,-1.5,+1
pi,pi,1,18,29102.706004,1.332084e-01,1,1,0.5,e,+0.5,-1,2,2,1.5,f,+0.5,-1
pi,pi,0,17,29102.799546,1.306907e-01,1,1,0.5,e,-0.5,-1,2,2,1.5,f,-0.5,-1
pi,pi,7,30,29109.414833,2.645534e-01,1,1,1.5,e,+1.5,-1,2,2,2.5,f,+1.5,-1
pi,pi,6,29,29109.452308,4.325882e-02,1,1,1.5,e,+0.5,-1,2,2,2.5,f,+0.5,-1
pi,pi,5,28,29109.489618,4.473705e-02,1,1,1.5,e,-0.5,-1,2,2,2.5,f,-0.5,-1
pi,pi,4,27,29109.526761,2.633538e-01,1,1,1.5,e,-1.5,-1,2,2,2.5,f,-1.5,-1
pi,pi,7,19,29117.772943,6.543241e-02,1,1,1.5,e,+1.5,-1,2,2,1.5,f,+1.5,-1
pi,pi,6,18,29117.791551,6.566924e-02,1,1,1.5,e,+0.5,-1,2,2,1.5,f,+0.5,-1
pi,pi,5,17,29117.809952,6.638774e-02,1,1,1.5,e,-0.5,-1,2,2,1.5,f,-0.5,-1
pi,pi,4,16,29117.828141,6.663279e-02,1,1,1.5,e,-1.5,-1,2,2,1.5,f,-1.5,-1
pi,pi,19,49,43614.244750,1.369763e-04,2,2,1.5,f,+1.5,-1,3,3,3.5,e,+1.5,-1
pi,pi,18,48,43614.273097,2.475487e-04,2,2,1.5,f,+0.5,-1,3,3,3.5,e,+0.5,-1
pi,pi,17,47,43614.301474,2.485463e-04,2,2,1.5,f,-0.5,-1,3,3,3.5,e,-0.5,-1
pi,pi,16,46,43614.329880,1.386389e-04,2,2,1.5,f,-1.5,-1,3,3,3.5,e,-1.5,-1
pi,pi,19,36,43620.055197,1.982480e-03,2,2,1.5,f,+1.5,-1,3,3,2.5,e,+1.5,-1
pi,pi,18,35,43620.074103,3.330114e-04,2,2,1.5,f,+0.5,-1,3,3,2.5,e,+0.5,-1
pi,pi,17,34,43620.093022,3.266655e-04,2,2,1.5,f,-0.5,-1,3,3,2.5,e,-0.5,-1
pi,pi,16,33,43620.111955,1.975519e-03,2,2,1.5,f,-1.5,-1,3,3,2.5,e,-1.5,-1
pi,pi,31,50,43622.593367,2.059453e-03,2,2,2.5,f,+2.5,-1,3,3,3.5,e,+2.5,-1
pi,pi,30,49,43622.602861,1.231166e-03,2,2,2.5,f,+1.5,-1,3,3,3.5,e,+1.5,-1
pi,pi,29,48,43622.612341,1.623213e-04,2,2,2.5,f,+0.5,-1,3,3,3.5,e,+0.5,-1
pi,pi,28,47,43622.621807,1.666722e-04,2,2,2.5,f,-0.5,-1,3,3,3.5,e,-0.5,-1
pi,pi,27,46,43622.631260,1.236155e-03,2,2,2.5,f,-1.5,-1,3,3,3.5,e,-1.5,-1
pi,pi,26,45,43622.640699,2.052663e-03,2,2,2.5,f,-2.5,-1,3,3,3.5,e,-2.5,-1
pi,pi,31,37,43628.413240,3.453307e-04,2,2,2.5,f,+2.5,-1,3,3,2.5,e,+2.5,-1
pi,pi,26,32,43628.413285,3.521033e-04,2,2,2.5,f,-2.5,-1,3,3,2.5,e,-2.5,-1
pi,pi,30,36,43628.413308,1.386696e-05,2,2,2.5,f,+1.5,-1,3,3,2.5,e,+1.5,-1
pi,pi,27,33,43628.413335,1.402947e-05,2,2,2.5,f,-1.5,-1,3,3,2.5,e,-1.5,-1
pi,pi,29,35,43628.413346,2.227261e-04,2,2,2.5,f,+0.5,-1,3,3,2.5,e,+0.5,-1
pi,pi,28,34,43628.413355,2.235928e-04,2,2,2.5,f,-0.5,-1,3,3,2.5,e,-0.5,-1
pi,pi,15,57,43661.849420,1.342083e-02,2,2,1.5,e,+1.5,+1,3,3,3.5,f,+1.5,+1
pi,pi,14,56,43661.881317,2.422913e-02,2,2,1.5,e,+0.5,+1,3,3,3.5,f,+0.5,+1
pi,pi,13,55,43661.913245,2.430109e-02,2,2,1.5,e,-0.5,+1,3,3,3.5,f,-0.5,+1
pi,pi,12,54,43661.945203,1.354076e-02,2,2,1.5,e,-1.5,+1,3,3,3.5,f,-1.5,+1
pi,pi,15,42,43667.659119,1.941756e-01,2,2,1.5,e,+1.5,+1,3,3,2.5,f,+1.5,+1
pi,pi,14,41,43667.682067,3.261171e-02,2,2,1.5,e,+0.5,+1,3,3,2.5,f,+0.5,+1
pi,pi,13,40,43667.705030,3.200571e-02,2,2,1.5,e,-0.5,+1,3,3,2.5,f,-0.5,+1
pi,pi,12,39,43667.728010,1.935233e-01,2,2,1.5,e,-1.5,+1,3,3,2.5,f,-1.5,+1
pi,pi,25,58,43670.196213,2.023294e-01,2,2,2.5,e,+2.5,+1,3,3,3.5,f,+2.5,+1
pi,pi,24,57,43670.208572,1.209600e-01,2,2,2.5,e,+1.5,+1,3,3,3.5,f,+1.5,+1
pi,pi,23,56,43670.220915,1.594852e-02,2,2,2.5,e,+0.5,+1,3,3,3.5,f,+0.5,+1
pi,pi,22,55,43670.233243,1.637656e-02,2,2,2.5,e,-0.5,+1,3,3,3.5,f,-0.5,+1
pi,pi,21,54,43670.245554,1.214653e-01,2,2,2.5,e,-1.5,+1,3,3,3.5,f,-1.5,+1
pi,pi,20,53,43670.257849,2.017048e-01,2,2,2.5,e,-2.5,+1,3,3,3.5,f,-2.5,+1
pi,pi,25,43,43676.014849,3.339963e-02,2,2,2.5,e,+2.5,+1,3,3,2.5,f,+2.5,+1
pi,pi,24,42,43676.018272,1.334877e-03,2,2,2.5,e,+1.5,+1,3,3,2.5,f,+1.5,+1
pi,pi,23,41,43676.021665,2.152205e-02,2,2,2.5,e,+0.5,+1,3,3,2.5,f,+0.5,+1
pi,pi,22,40,43676.025028,2.162673e-02,2,2,2.5,e,-0.5,+1,3,3,2.5,f,-0.5,+1
pi,pi,21,39,43676.028361,1.362179e-03,2,2,2.5,e,-1.5,+1,3,3,2.5,f,-1.5,+1
pi,pi,20,38,43676.031663,3.402571e-02,2,2,2.5,e,-2.5,+1,3,3,2.5,f,-2.5,+1
pi,pi,43,83,58146.028694,2.101458e-04,3,3,2.5,f,+2.5,+1,4,4,4.5,e,+2.5,+1
pi,pi,42,82,58146.040767,4.521702e-04,3,3,2.5,f,+1.5,+1,4,4,4.5,e,+1.5,+1
pi,pi,41,81,58146.052852,6.053851e-04,3,3,2.5,f,+0.5,+1,4,4,4.5,e,+0.5,+1
pi,pi,40,80,58146.064947,6.078912e-04,3,3,2.5,f,-0.5,+1,4,4,4.5,e,-0.5,+1
pi,pi,39,79,58146.077053,4.578089e-04,3,3,2.5,f,-1.5,+1,4,4,4.5,e,-1.5,+1
pi,pi,38,78,58146.089170,2.145316e-04,3,3,2.5,f,-2.5,+1,4,4,4.5,e,-2.5,+1
pi,pi,43,66,58150.479066,9.470312e-03,3,3,2.5,f,+2.5,+1,4,4,3.5,e,+2.5,+1
pi,pi,42,65,58150.485213,5.693483e-03,3,3,2.5,f,+1.5,+1,4,4,3.5,e,+1.5,+1
pi,pi,41,64,58150.491362,7.648560e-04,3,3,2.5,f,+0.5,+1,4,4,3.5,e,+0.5,+1
pi,pi,40,63,58150.497515,7.495643e-04,3,3,2.5,f,-0.5,+1,4,4,3.5,e,-0.5,+1
pi,pi,39,62,58150.503671,5.664429e-03,3,3,2.5,f,-1.5,+1,4,4,3.5,e,-1.5,+1
pi,pi,38,61,58150.509829,9.459612e-03,3,3,2.5,f,-2.5,+1,4,4,3.5,e,-2.5,+1
pi,pi,59,84,58151.844190,8.908913e-03,3,3,3.5,f,+3.5,+1,4,4,4.5,e,+3.5,+1
pi,pi,58,83,58151.847330,7.941077e-03,3,3,3.5,f,+2.5,+1,4,4,4.5,e,+2.5,+1
pi,pi,57,82,58151.850467,3.665693e-03,3,3,3.5,f,+1.5,+1,4,4,4.5,e,+1.5,+1
pi,pi,56,81,58151.853601,4.481287e-04,3,3,3.5,f,+0.5,+1,4,4,4.5,e,+0.5,+1
pi,pi,55,80,58151.856732,4.597822e-04,3,3,3.5,f,-0.5,+1,4,4,4.5,e,-0.5,+1
pi,pi,54,79,58151.859860,3.688070e-03,3,3,3.5,f,-1.5,+1,4,4,4.5,e,-1.5,+1
pi,pi,53,78,58151.862985,7.946520e-03,3,3,3.5,f,-2.5,+1,4,4,4.5,e,-2.5,+1
pi,pi,52,77,58151.866107,8.884991e-03,3,3,3.5,f,-3.5,+1,4,4,4.5,e,-3.5,+1
pi,pi,52,60,58156.280800,1.132823e-03,3,3,3.5,f,-3.5,+1,4,4,3.5,e,-3.5,+1
pi,pi,53,61,58156.283644,2.324689e-05,3,3,3.5,f,-2.5,+1,4,4,3.5,e,-2.5,+1
pi,pi,54,62,58156.286478,2.062002e-04,3,3,3.5,f,-1.5,+1,4,4,3.5,e,-1.5,+1
pi,pi,55,63,58156.289300,5.722772e-04,3,3,3.5,f,-0.5,+1,4,4,3.5,e,-0.5,+1
pi,pi,56,64,58156.292112,5.713207e-04,3,3,3.5,f,+0.5,+1,4,4,3.5,e,+0.5,+1
pi,pi,57,65,58156.294912,2.054987e-04,3,3,3.5,f,+1.5,+1,4,4,3.5,e,+1.5,+1
pi,pi,58,66,58156.297702,2.250302e-05,3,3,3.5,f,+2.5,+1,4,4,3.5,e,+2.5,+1
pi,pi,59,67,58156.300481,1.108868e-03,3,3,3.5,f,+3.5,+1,4,4,3.5,e,+3.5,+1
pi,pi,37,93,58230.659922,3.647276e-03,3,3,2.5,e,+2.5,-1,4,4,4.5,f,+2.5,-1
pi,pi,36,92,58230.675502,7.837005e-03,3,3,2.5,e,+1.5,-1,4,4,4.5,f,+1.5,-1
pi,pi,35,91,58230.691093,1.047801e-02,3,3,2.5,e,+0.5,-1,4,4,4.5,f,+0.5,-1
pi,pi,34,90,58230.706696,1.050680e-02,3,3,2.5,e,-0.5,-1,4,4,4.5,f,-0.5,-1
pi,pi,33,89,58230.722310,7.901786e-03,3,3,2.5,e,-1.5,-1,4,4,4.5,f,-1.5,-1
pi,pi,32,88,58230.737935,3.697662e-03,3,3,2.5,e,-2.5,-1,4,4,4.5,f,-2.5,-1
pi,pi,37,74,58235.109328,1.637883e-01,3,3,2.5,e,+2.5,-1,4,4,3.5,f,+2.5,-1
pi,pi,36,73,58235.119363,9.846770e-02,3,3,2.5,e,+1.5,-1,4,4,3.5,f,+1.5,-1
pi,pi,35,72,58235.129403,1.322694e-02,3,3,2.5,e,+0.5,-1,4,4,3.5,f,+0.5,-1
pi,pi,34,71,58235.139446,1.296642e-02,3,3,2.5,e,-0.5,-1,4,4,3.5,f,-0.5,-1
pi,pi,33,70,58235.149494,9.797846e-02,3,3,2.5,e,-1.5,-1,4,4,3.5,f,-1.5,-1
pi,pi,32,69,58235.159547,1.636233e-01,3,3,2.5,e,-2.5,-1,4,4,3.5,f,-2.5,-1
pi,pi,51,94,58236.473638,1.542513e-01,3,3,3.5,e,+3.5,-1,4,4,4.5,f,+3.5,-1
pi,pi,50,93,58236.479796,1.374984e-01,3,3,3.5,e,+2.5,-1,4,4,4.5,f,+2.5,-1
pi,pi,49,92,58236.485949,6.347323e-02,3,3,3.5,e,+1.5,-1,4,4,4.5,f,+1.5,-1
pi,pi,48,91,58236.492099,7.760138e-03,3,3,3.5,e,+0.5,-1,4,4,4.5,f,+0.5,-1
pi,pi,47,90,58236.498244,7.961099e-03,3,3,3.5,e,-0.5,-1,4,4,4.5,f,-0.5,-1
pi,pi,46,89,58236.504385,6.386341e-02,3,3,3.5,e,-1.5,-1,4,4,4.5,f,-1.5,-1
pi,pi,45,88,58236.510521,1.376090e-01,3,3,3.5,e,-2.5,-1,4,4,4.5,f,-2.5,-1
pi,pi,44,87,58236.516654,1.538655e-01,3,3,3.5,e,-3.5,-1,4,4,4.5,f,-3.5,-1
pi,pi,51,75,58240.928582,1.909487e-02,3,3,3.5,e,+3.5,-1,4,4,3.5,f,+3.5,-1
pi,pi,50,74,58240.929202,3.911997e-04,3,3,3.5,e,+2.5,-1,4,4,3.5,f,+2.5,-1
pi,pi,49,73,58240.929810,3.526020e-03,3,3,3.5,e,+1.5,-1,4,4,3.5,f,+1.5,-1
pi,pi,48,72,58240.930408,9.825098e-03,3,3,3.5,e,+0.5,-1,4,4,3.5,f,+0.5,-1
pi,pi,47,71,58240.930994,9.854965e-03,3,3,3.5,e,-0.5,-1,4,4,3.5,f,-0.5,-1
pi,pi,46,70,58240.931569,3.558979e-03,3,3,3.5,e,-1.5,-1,4,4,3.5,f,-1.5,-1
pi,pi,45,69,58240.932133,3.960027e-04,3,3,3.5,e,-2.5,-1,4,4,3.5,f,-2.5,-1
pi,pi,44,68,58240.932686,1.948174e-02,3,3,3.5,e,-3.5,-1,4,4,3.5,f,-3.5,-1
pi,pi,75,125,72671.138886,1.571089e-04,4,4,3.5,f,+3.5,-1,5,5,5.5,e,+3.5,-1
pi,pi,74,124,72671.145247,3.681789e-04,4,4,3.5,f,+2.5,-1,5,5,5.5,e,+2.5,-1
pi,pi,73,123,72671.151614,5.546691e-04,4,4,3.5,f,+1.5,-1,5,5,5.5,e,+1.5,-1
pi,pi,72,122,72671.157988,6.631947e-04,4,4,3.5,f,+0.5,-1,5,5,5.5,e,+0.5,-1
pi,pi,71,121,72671.164367,6.660854e-04,4,4,3.5,f,-0.5,-1,5,5,5.5,e,-0.5,-1
pi,pi,70,120,72671.170752,5.619538e-04,4,4,3.5,f,-1.5,-1,5,5,5.5,e,-1.5,-1
pi,pi,69,119,72671.177143,3.762733e-04,4,4,3.5,f,-2.5,-1,5,5,5.5,e,-2.5,-1
pi,pi,68,118,72671.183541,1.619658e-04,4,4,3.5,f,-3.5,-1,5,5,5.5,e,-3.5,-1
pi,pi,75,104,72674.731384,1.561377e-02,4,4,3.5,f,+3.5,-1,5,5,4.5,e,+3.5,-1
pi,pi,74,103,72674.733476,1.395562e-02,4,4,3.5,f,+2.5,-1,5,5,4.5,e,+2.5,-1
pi,pi,73,102,72674.735570,6.471855e-03,4,4,3.5,f,+1.5,-1,5,5,4.5,e,+1.5,-1
pi,pi,72,101,72674.737664,8.053436e-04,4,4,3.5,f,+0.5,-1,5,5,4.5,e,+0.5,-1
pi,pi,71,100,72674.739760,7.876891e-04,4,4,3.5,f,-0.5,-1,5,5,4.5,e,-0.5,-1
pi,pi,70,99,72674.741856,6.431365e-03,4,4,3.5,f,-1.5,-1,5,5,4.5,e,-1.5,-1
pi,pi,69,98,72674.743953,1.392174e-02,4,4,3.5,f,-2.5,-1,5,5,4.5,e,-2.5,-1
pi,pi,68,97,72674.746051,1.560900e-02,4,4,3.5,f,-3.5,-1,5,5,4.5,e,-3.5,-1
pi,pi,95,126,72675.593006,1.434762e-02,4,4,4.5,f,+4.5,-1,5,5,5.5,e,+4.5,-1
pi,pi,94,125,72675.593830,1.560686e-02,4,4,4.5,f,+3.5,-1,5,5,5.5,e,+3.5,-1
pi,pi,93,124,72675.594653,1.060224e-02,4,4,4.5,f,+2.5,-1,5,5,5.5,e,+2.5,-1
pi,pi,92,123,72675.595475,4.442123e-03,4,4,4.5,f,+1.5,-1,5,5,5.5,e,+1.5,-1
pi,pi,91,122,72675.596297,5.236725e-04,4,4,4.5,f,+0.5,-1,5,5,5.5,e,+0.5,-1
pi,pi,90,121,72675.597117,5.379125e-04,4,4,4.5,f,-0.5,-1,5,5,5.5,e,-0.5,-1
pi,pi,89,120,72675.597936,4.474800e-03,4,4,4.5,f,-1.5,-1,5,5,5.5,e,-1.5,-1
pi,pi,88,119,72675.598755,1.062837e-02,4,4,4.5,f,-2.5,-1,5,5,5.5,e,-2.5,-1
pi,pi,87,118,72675.599572,1.560192e-02,4,4,4.5,f,-3.5,-1,5,5,5.5,e,-3.5,-1
pi,pi,86,117,72675.600389,1.431325e-02,4,4,4.5,f,-4.5,-1,5,5,5.5,e,-4.5,-1
pi,pi,86,96,72679.158595,1.458619e-03,4,4,4.5,f,-4.5,-1,5,5,4.5,e,-4.5,-1
pi,pi,87,97,72679.162083,1.625816e-04,4,4,4.5,f,-3.5,-1,5,5,4.5,e,-3.5,-1
pi,pi,88,98,72679.165565,3.971390e-05,4,4,4.5,f,-2.5,-1,5,5,4.5,e,-2.5,-1
pi,pi,89,99,72679.169040,3.603830e-04,4,4,4.5,f,-1.5,-1,5,5,4.5,e,-1.5,-1
pi,pi,90,100,72679.172510,6.407166e-04,4,4,4.5,f,-0.5,-1,5,5,4.5,e,-0.5,-1
pi,pi,91,101,72679.175973,6.403520e-04,4,4,4.5,f,+0.5,-1,5,5,4.5,e,+0.5,-1
pi,pi,92,102,72679.179431,3.602189e-04,4,4,4.5,f,+1.5,-1,5,5,4.5,e,+1.5,-1
pi,pi,93,103,72679.182882,4.035170e-05,4,4,4.5,f,+2.5,-1,5,5,4.5,e,+2.5,-1
pi,pi,94,104,72679.186328,1.577336e-04,4,4,4.5,f,+3.5,-1,5,5,4.5,e,+3.5,-1
pi,pi,95,105,72679.189767,1.424170e-03,4,4,4.5,f,+4.5,-1,5,5,4.5,e,+4.5,-1
pi,pi,1,48,72716.979101,1.432097e-08,1,1,0.5,e,+0.5,-1,3,3,3.5,e,+0.5,-1
pi,pi,0,47,72717.101020,1.464534e-08,1,1,0.5,e,-0.5,-1,3,3,3.5,e,-0.5,-1
pi,pi,1,35,72722.780106,1.866704e-02,1,1,0.5,e,+0.5,-1,3,3,2.5,e,+0.5,-1
pi,pi,0,34,72722.892568,1.871983e-02,1,1,0.5,e,-0.5,-1,3,3,2.5,e,-0.5,-1
pi,pi,7,49,72732.017693,1.147224e-02,1,1,1.5,e,+1.5,-1,3,3,3.5,e,+1.5,-1
pi,pi,6,48,72732.064649,2.060524e-02,1,1,1.5,e,+0.5,-1,3,3,3.5,e,+0.5,-1
pi,pi,5,47,72732.111426,2.056023e-02,1,1,1.5,e,-0.5,-1,3,3,3.5,e,-0.5,-1
pi,pi,4,46,72732.158021,1.139724e-02,1,1,1.5,e,-1.5,-1,3,3,3.5,e,-1.5,-1
pi,pi,7,36,72737.828140,4.519718e-03,1,1,1.5,e,+1.5,-1,3,3,2.5,e,+1.5,-1
pi,pi,6,35,72737.865654,7.636084e-04,1,1,1.5,e,+0.5,-1,3,3,2.5,e,+0.5,-1
pi,pi,5,34,72737.902973,7.552009e-04,1,1,1.5,e,-0.5,-1,3,3,2.5,e,-0.5,-1
pi,pi,4,33,72737.940096,4.594104e-03,1,1,1.5,e,-1.5,-1,3,3,2.5,e,-1.5,-1
pi,pi,3,56,72743.429520,9.770736e-08,1,1,0.5,f,+0.5,+1,3,3,3.5,f,+0.5,+1
pi,pi,2,55,72743.550617,9.975465e-08,1,1,0.5,f,-0.5,+1,3,3,3.5,f,-0.5,+1
pi,pi,3,41,72749.230270,1.056244e-01,1,1,0.5,f,+0.5,+1,3,3,2.5,f,+0.5,+1
pi,pi,2,40,72749.342402,1.059223e-01,1,1,0.5,f,-0.5,+1,3,3,2.5,f,-0.5,+1
pi,pi,11,57,72758.467203,6.493830e-02,1,1,1.5,f,+1.5,+1,3,3,3.5,f,+1.5,+1
pi,pi,10,56,72758.514483,1.166496e-01,1,1,1.5,f,+0.5,+1,3,3,3.5,f,+0.5,+1
pi,pi,9,55,72758.561589,1.164092e-01,1,1,1.5,f,-0.5,+1,3,3,3.5,f,-0.5,+1
pi,pi,8,54,72758.608518,6.453766e-02,1,1,1.5,f,-1.5,+1,3,3,3.5,f,-1.5,+1
pi,pi,11,42,72764.276903,2.574129e-02,1,1,1.5,f,+1.5,+1,3,3,2.5,f,+1.5,+1
pi,pi,10,41,72764.315232,4.351585e-03,1,1,1.5,f,+0.5,+1,3,3,2.5,f,+0.5,+1
pi,pi,9,40,72764.353374,4.294904e-03,1,1,1.5,f,-0.5,+1,3,3,2.5,f,-0.5,+1
pi,pi,8,39,72764.391325,2.614275e-02,1,1,1.5,f,-1.5,+1,3,3,2.5,f,-1.5,+1
pi,pi,67,137,72803.376676,1.348319e-03,4,4,3.5,e,+3.5,+1,5,5,5.5,f,+3.5,+1
pi,pi,66,136,72803.386524,3.154229e-03,4,4,3.5,e,+2.5,+1,5,5,5.5,f,+2.5,+1
pi,pi,65,135,72803.396379,4.743618e-03,4,4,3.5,e,+1.5,+1,5,5,5.5,f,+1.5,+1
pi,pi,64,134,72803.406239,5.661835e-03,4,4,3.5,e,+0.5,+1,5,5,5.5,f,+0.5,+1
pi,pi,63,133,72803.416106,5.676563e-03,4,4,3.5,e,-0.5,+1,5,5,5.5,f,-0.5,+1
pi,pi,62,132,72803.425979,4.780733e-03,4,4,3.5,e,-1.5,+1,5,5,5.5,f,-1.5,+1
pi,pi,61,131,72803.435858,3.195468e-03,4,4,3.5,e,-2.5,+1,5,5,5.5,f,-2.5,+1
pi,pi,60,130,72803.445744,1.373063e-03,4,4,3.5,e,-3.5,+1,5,5,5.5,f,-3.5,+1
pi,pi,67,114,72806.968069,1.331604e-01,4,4,3.5,e,+3.5,+1,5,5,4.5,f,+3.5,+1
pi,pi,66,113,72806.973960,1.190196e-01,4,4,3.5,e,+2.5,+1,5,5,4.5,f,+2.5,+1
pi,pi,65,112,72806.979853,5.519457e-02,4,4,3.5,e,+1.5,+1,5,5,4.5,f,+1.5,+1
pi,pi,64,111,72806.985748,6.867802e-03,4,4,3.5,e,+0.5,+1,5,5,4.5,f,+0.5,+1
pi,pi,63,110,72806.991645,6.719041e-03,4,4,3.5,e,-0.5,+1,5,5,4.5,f,-0.5,+1
pi,pi,62,109,72806.997544,5.485600e-02,4,4,3.5,e,-1.5,+1,5,5,4.5,f,-1.5,+1
pi,pi,61,108,72807.003444,1.187443e-01,4,4,3.5,e,-2.5,+1,5,5,4.5,f,-2.5,+1
pi,pi,60,107,72807.009346,1.331364e-01,4,4,3.5,e,-3.5,+1,5,5,4.5,f,-3.5,+1
pi,pi,85,138,72807.829035,1.224381e-01,4,4,4.5,e,+4.5,+1,5,5,5.5,f,+4.5,+1
pi,pi,84,137,72807.832967,1.331873e-01,4,4,4.5,e,+3.5,+1,5,5,5.5,f,+3.5,+1
pi,pi,83,136,72807.836896,9.048080e-02,4,4,4.5,e,+2.5,+1,5,5,5.5,f,+2.5,+1
pi,pi,82,135,72807.840824,3.791085e-02,4,4,4.5,e,+1.5,+1,5,5,5.5,f,+1.5,+1
pi,pi,81,134,72807.844750,4.469573e-03,4,4,4.5,e,+0.5,+1,5,5,5.5,f,+0.5,+1
pi,pi,80,133,72807.848674,4.590468e-03,4,4,4.5,e,-0.5,+1,5,5,5.5,f,-0.5,+1
pi,pi,79,132,72807.852597,3.819020e-02,4,4,4.5,e,-1.5,+1,5,5,5.5,f,-1.5,+1
pi,pi,78,131,72807.856518,9.071088e-02,4,4,4.5,e,-2.5,+1,5,5,5.5,f,-2.5,+1
pi,pi,77,130,72807.860437,1.331627e-01,4,4,4.5,e,-3.5,+1,5,5,5.5,f,-3.5,+1
pi,pi,76,129,72807.864354,1.221670e-01,4,4,4.5,e,-4.5,+1,5,5,5.5,f,-4.5,+1
pi,pi,76,106,72811.423969,1.238858e-02,4,4,4.5,e,-4.5,+1,5,5,4.5,f,-4.5,+1
pi,pi,77,107,72811.424039,1.373682e-03,4,4,4.5,e,-3.5,+1,5,5,4.5,f,-3.5,+1
pi,pi,78,108,72811.424104,3.420455e-04,4,4,4.5,e,-2.5,+1,5,5,4.5,f,-2.5,+1
pi,pi,79,109,72811.424162,3.073283e-03,4,4,4.5,e,-1.5,+1,5,5,4.5,f,-1.5,+1
pi,pi,80,110,72811.424213,5.451242e-03,4,4,4.5,e,-0.5,+1,5,5,4.5,f,-0.5,+1
pi,pi,81,111,72811.424259,5.438686e-03,4,4,4.5,e,+0.5,+1,5,5,4.5,f,+0.5,+1
pi,pi,82,112,72811.424299,3.052390e-03,4,4,4.5,e,+1.5,+1,5,5,4.5,f,+1.5,+1
pi,pi,83,113,72811.424332,3.386118e-04,4,4,4.5,e,+2.5,+1,5,5,4.5,f,+2.5,+1
pi,pi,84,114,72811.424359,1.348965e-03,4,4,4.5,e,+3.5,+1,5,5,4.5,f,+3.5,+1
pi,pi,85,115,72811.424380,1.211666e-02,4,4,4.5,e,+4.5,+1,5,5,4.5,f,+4.5,+1
pi,pi,15,82,101813.699887,6.680695e-11,2,2,1.5,e,+1.5,+1,4,4,4.5,e,+1.5,+1
pi,pi,14,81,101813.734918,1.288551e-10,2,2,1.5,e,+0.5,+1,4,4,4.5,e,+0.5,+1
pi,pi,13,80,101813.769977,1.241278e-10,2,2,1.5,e,-0.5,+1,4,4,4.5,e,-0.5,+1
pi,pi,12,79,101813.805063,5.971725e-11,2,2,1.5,e,-1.5,+1,4,4,4.5,e,-1.5,+1
pi,pi,15,65,101818.144332,1.427519e-02,2,2,1.5,e,+1.5,+1,4,4,3.5,e,+1.5,+1
pi,pi,14,64,101818.173429,2.572183e-02,2,2,1.5,e,+0.5,+1,4,4,3.5,e,+0.5,+1
pi,pi,13,63,101818.202545,2.574850e-02,2,2,1.5,e,-0.5,+1,4,4,3.5,e,-0.5,+1
pi,pi,12,62,101818.231681,1.431965e-02,2,2,1.5,e,-1.5,+1,4,4,3.5,e,-1.5,+1
pi,pi,25,83,101822.043543,9.289179e-03,2,2,2.5,e,+2.5,+1,4,4,4.5,e,+2.5,+1
pi,pi,24,82,101822.059039,1.988418e-02,2,2,2.5,e,+1.5,+1,4,4,4.5,e,+1.5,+1
pi,pi,23,81,101822.074516,2.648386e-02,2,2,2.5,e,+0.5,+1,4,4,4.5,e,+0.5,+1
pi,pi,22,80,101822.089974,2.645536e-02,2,2,2.5,e,-0.5,+1,4,4,4.5,e,-0.5,+1
pi,pi,21,79,101822.105414,1.982006e-02,2,2,2.5,e,-1.5,+1,4,4,4.5,e,-1.5,+1
pi,pi,20,78,101822.120833,9.239308e-03,2,2,2.5,e,-2.5,+1,4,4,4.5,e,-2.5,+1
pi,pi,25,66,101826.493915,2.612256e-03,2,2,2.5,e,+2.5,+1,4,4,3.5,e,+2.5,+1
pi,pi,24,65,101826.503484,1.572639e-03,2,2,2.5,e,+1.5,+1,4,4,3.5,e,+1.5,+1
pi,pi,23,64,101826.513027,2.102099e-04,2,2,2.5,e,+0.5,+1,4,4,3.5,e,+0.5,+1
pi,pi,22,63,101826.522543,2.116735e-04,2,2,2.5,e,-0.5,+1,4,4,3.5,e,-0.5,+1
pi,pi,21,62,101826.532031,1.591581e-03,2,2,2.5,e,-1.5,+1,4,4,3.5,e,-1.5,+1
pi,pi,20,61,101826.541493,2.661769e-03,2,2,2.5,e,-2.5,+1,4,4,3.5,e,-2.5,+1
pi,pi,19,92,101850.730699,1.865937e-11,2,2,1.5,f,+1.5,-1,4,4,4.5,f,+1.5,-1
pi,pi,18,91,101850.765196,4.446131e-11,2,2,1.5,f,+0.5,-1,4,4,4.5,f,+0.5,-1
pi,pi,17,90,101850.799718,5.231362e-11,2,2,1.5,f,-0.5,-1,4,4,4.5,f,-0.5,-1
pi,pi,16,89,101850.834265,3.044836e-11,2,2,1.5,f,-1.5,-1,4,4,4.5,f,-1.5,-1
pi,pi,19,73,101855.174560,8.082187e-02,2,2,1.5,f,+1.5,-1,4,4,3.5,f,+1.5,-1
pi,pi,18,72,101855.203505,1.456261e-01,2,2,1.5,f,+0.5,-1,4,4,3.5,f,+0.5,-1
pi,pi,17,71,101855.232468,1.457737e-01,2,2,1.5,f,-0.5,-1,4,4,3.5,f,-0.5,-1
pi,pi,16,70,101855.261449,8.106802e-02,2,2,1.5,f,-1.5,-1,4,4,3.5,f,-1.5,-1
pi,pi,31,93,101859.073162,5.258943e-02,2,2,2.5,f,+2.5,-1,4,4,4.5,f,+2.5,-1
pi,pi,30,92,101859.088810,1.125798e-01,2,2,2.5,f,+1.5,-1,4,4,4.5,f,+1.5,-1
pi,pi,29,91,101859.104439,1.499568e-01,2,2,2.5,f,+0.5,-1,4,4,4.5,f,+0.5,-1
pi,pi,28,90,101859.120051,1.498066e-01,2,2,2.5,f,-0.5,-1,4,4,4.5,f,-0.5,-1
pi,pi,27,89,101859.135645,1.122418e-01,2,2,2.5,f,-1.5,-1,4,4,4.5,f,-1.5,-1
pi,pi,26,88,101859.151220,5.232655e-02,2,2,2.5,f,-2.5,-1,4,4,4.5,f,-2.5,-1
pi,pi,31,74,101863.522568,1.488213e-02,2,2,2.5,f,+2.5,-1,4,4,3.5,f,+2.5,-1
pi,pi,30,73,101863.532671,8.961241e-03,2,2,2.5,f,+1.5,-1,4,4,3.5,f,+1.5,-1
pi,pi,29,72,101863.542749,1.199414e-03,2,2,2.5,f,+0.5,-1,4,4,3.5,f,+0.5,-1
pi,pi,28,71,101863.552802,1.202601e-03,2,2,2.5,f,-0.5,-1,4,4,3.5,f,-0.5,-1
pi,pi,27,70,101863.562829,9.054395e-03,2,2,2.5,f,-1.5,-1,4,4,3.5,f,-1.5,-1
pi,pi,26,69,101863.572832,1.514567e-02,2,2,2.5,f,-2.5,-1,4,4,3.5,f,-2.5,-1
pi,pi,37,124,130906.254575,1.504427e-09,3,3,2.5,e,+2.5,-1,5,5,5.5,e,+2.5,-1
pi,pi,36,123,130906.270978,3.765515e-09,3,3,2.5,e,+1.5,-1,5,5,5.5,e,+1.5,-1
pi,pi,35,122,130906.287390,5.385637e-09,3,3,2.5,e,+0.5,-1,5,5,5.5,e,+0.5,-1
pi,pi,34,121,130906.303813,5.391940e-09,3,3,2.5,e,-0.5,-1,5,5,5.5,e,-0.5,-1
pi,pi,33,120,130906.320246,3.778750e-09,3,3,2.5,e,-1.5,-1,5,5,5.5,e,-1.5,-1
pi,pi,32,119,130906.336690,1.513249e-09,3,3,2.5,e,-2.5,-1,5,5,5.5,e,-2.5,-1
pi,pi,37,103,130909.842804,9.991875e-03,3,3,2.5,e,+2.5,-1,5,5,4.5,e,+2.5,-1
pi,pi,36,102,130909.854933,2.142365e-02,3,3,2.5,e,+1.5,-1,5,5,4.5,e,+1.5,-1
pi,pi,35,101,130909.867067,2.858160e-02,3,3,2.5,e,+0.5,-1,5,5,4.5,e,+0.5,-1
pi,pi,34,100,130909.879206,2.859842e-02,3,3,2.5,e,-0.5,-1,5,5,4.5,e,-0.5,-1
pi,pi,33,99,130909.891350,2.146149e-02,3,3,2.5,e,-1.5,-1,5,5,4.5,e,-1.5,-1
pi,pi,32,98,130909.903500,1.002131e-02,3,3,2.5,e,-2.5,-1,5,5,4.5,e,-2.5,-1
pi,pi,51,125,130912.067468,6.962470e-03,3,3,3.5,e,+3.5,-1,5,5,5.5,e,+3.5,-1
pi,pi,50,124,130912.074449,1.623475e-02,3,3,3.5,e,+2.5,-1,5,5,5.5,e,+2.5,-1
pi,pi,49,123,130912.081425,2.433554e-02,3,3,3.5,e,+1.5,-1,5,5,5.5,e,+1.5,-1
pi,pi,48,122,130912.088395,2.895107e-02,3,3,3.5,e,+0.5,-1,5,5,5.5,e,+0.5,-1
pi,pi,47,121,130912.095361,2.893119e-02,3,3,3.5,e,-0.5,-1,5,5,5.5,e,-0.5,-1
pi,pi,46,120,130912.102321,2.428544e-02,3,3,3.5,e,-1.5,-1,5,5,5.5,e,-1.5,-1
pi,pi,45,119,130912.109276,1.617908e-02,3,3,3.5,e,-2.5,-1,5,5,5.5,e,-2.5,-1
pi,pi,44,118,130912.116226,6.929070e-03,3,3,3.5,e,-3.5,-1,5,5,5.5,e,-3.5,-1
pi,pi,11,65,130914.762116,4.577816e-11,1,1,1.5,f,+1.5,+1,4,4,3.5,e,+1.5,+1
pi,pi,10,64,130914.806594,8.314987e-11,1,1,1.5,f,+0.5,+1,4,4,3.5,e,+0.5,+1
pi,pi,9,63,130914.850889,8.390856e-11,1,1,1.5,f,-0.5,+1,4,4,3.5,e,-0.5,+1
pi,pi,8,62,130914.894996,4.704275e-11,1,1,1.5,f,-1.5,+1,4,4,3.5,e,-1.5,+1
pi,pi,51,104,130915.659966,1.521146e-03,3,3,3.5,e,+3.5,-1,5,5,4.5,e,+3.5,-1
pi,pi,50,103,130915.662678,1.360071e-03,3,3,3.5,e,+2.5,-1,5,5,4.5,e,+2.5,-1
pi,pi,49,102,130915.665380,6.295944e-04,3,3,3.5,e,+1.5,-1,5,5,4.5,e,+1.5,-1
pi,pi,48,101,130915.668072,7.703635e-05,3,3,3.5,e,+0.5,-1,5,5,4.5,e,+0.5,-1
pi,pi,47,100,130915.670754,7.987320e-05,3,3,3.5,e,-0.5,-1,5,5,4.5,e,-0.5,-1
pi,pi,46,99,130915.673425,6.413109e-04,3,3,3.5,e,-1.5,-1,5,5,4.5,e,-1.5,-1
pi,pi,45,98,130915.676086,1.385778e-03,3,3,3.5,e,-2.5,-1,5,5,4.5,e,-2.5,-1
pi,pi,44,97,130915.678737,1.554335e-03,3,3,3.5,e,-3.5,-1,5,5,4.5,e,-3.5,-1
pi,pi,43,136,130953.865590,5.338773e-09,3,3,2.5,f,+2.5,+1,5,5,5.5,f,+2.5,+1
pi,pi,42,135,130953.881592,1.335173e-08,3,3,2.5,f,+1.5,+1,5,5,5.5,f,+1.5,+1
pi,pi,41,134,130953.897602,1.908056e-08,3,3,2.5,f,+0.5,+1,5,5,5.5,f,+0.5,+1
pi,pi,40,133,130953.913621,1.908700e-08,3,3,2.5,f,-0.5,+1,5,5,5.5,f,-0.5,+1
pi,pi,39,132,130953.929650,1.336526e-08,3,3,2.5,f,-1.5,+1,5,5,5.5,f,-1.5,+1
pi,pi,38,131,130953.945688,5.347785e-09,3,3,2.5,f,-2.5,+1,5,5,5.5,f,-2.5,+1
pi,pi,43,113,130957.453026,5.658129e-02,3,3,2.5,f,+2.5,+1,5,5,4.5,f,+2.5,+1
pi,pi,42,112,130957.465066,1.213136e-01,3,3,2.5,f,+1.5,+1,5,5,4.5,f,+1.5,+1
pi,pi,41,111,130957.477111,1.618425e-01,3,3,2.5,f,+0.5,+1,5,5,4.5,f,+0.5,+1
pi,pi,40,110,130957.489160,1.619340e-01,3,3,2.5,f,-0.5,+1,5,5,4.5,f,-0.5,+1
pi,pi,39,109,130957.501214,1.215194e-01,3,3,2.5,f,-1.5,+1,5,5,4.5,f,-1.5,+1
pi,pi,38,108,130957.513273,5.674136e-02,3,3,2.5,f,-2.5,+1,5,5,4.5,f,-2.5,+1
pi,pi,1,72,130957.909509,1.253675e-12,1,1,0.5,e,+0.5,-1,4,4,3.5,f,+0.5,-1
pi,pi,0,71,130958.032014,1.260231e-12,1,1,0.5,e,-0.5,-1,4,4,3.5,f,-0.5,-1
pi,pi,59,137,130959.677157,3.941975e-02,3,3,3.5,f,+3.5,+1,5,5,5.5,f,+3.5,+1
pi,pi,58,136,130959.684226,9.192184e-02,3,3,3.5,f,+2.5,+1,5,5,5.5,f,+2.5,+1
pi,pi,57,135,130959.691291,1.377961e-01,3,3,3.5,f,+1.5,+1,5,5,5.5,f,+1.5,+1
pi,pi,56,134,130959.698351,1.639395e-01,3,3,3.5,f,+0.5,+1,5,5,5.5,f,+0.5,+1
pi,pi,55,133,130959.705406,1.638356e-01,3,3,3.5,f,-0.5,+1,5,5,5.5,f,-0.5,+1
pi,pi,54,132,130959.712457,1.375344e-01,3,3,3.5,f,-1.5,+1,5,5,5.5,f,-1.5,+1
pi,pi,53,131,130959.719502,9.163104e-02,3,3,3.5,f,-2.5,+1,5,5,5.5,f,-2.5,+1
pi,pi,52,130,130959.726543,3.924527e-02,3,3,3.5,f,-3.5,+1,5,5,5.5,f,-3.5,+1
pi,pi,59,114,130963.268550,8.668075e-03,3,3,3.5,f,+3.5,+1,5,5,4.5,f,+3.5,+1
pi,pi,58,113,130963.271662,7.751230e-03,3,3,3.5,f,+2.5,+1,5,5,4.5,f,+2.5,+1
pi,pi,57,112,130963.274766,3.589618e-03,3,3,3.5,f,+1.5,+1,5,5,4.5,f,+1.5,+1
pi,pi,56,111,130963.277860,4.402684e-04,3,3,3.5,f,+0.5,+1,5,5,4.5,f,+0.5,+1
pi,pi,55,110,130963.280945,4.531201e-04,3,3,3.5,f,-0.5,+1,5,5,4.5,f,-0.5,+1
pi,pi,54,109,130963.284021,3.646644e-03,3,3,3.5,f,-1.5,+1,5,5,4.5,f,-1.5,+1
pi,pi,53,108,130963.287088,7.883039e-03,3,3,3.5,f,-2.5,+1,5,5,4.5,f,-2.5,+1
pi,pi,52,107,130963.290146,8.842992e-03,3,3,3.5,f,-3.5,+1,5,5,4.5,f,-3.5,+1
pi,pi,7,73,130972.947504,4.456076e-09,1,1,1.5,e,+1.5,-1,4,4,3.5,f,+1.5,-1
pi,pi,6,72,130972.995056,8.088307e-09,1,1,1.5,e,+0.5,-1,4,4,3.5,f,+0.5,-1
pi,pi,5,71,130973.042420,8.156530e-09,1,1,1.5,e,-0.5,-1,4,4,3.5,f,-0.5,-1
pi,pi,4,70,130973.089590,4.569791e-09,1,1,1.5,e,-1.5,-1,4,4,3.5,f,-1.5,-1
pi,pi,31,103,174538.256045,8.570341e-11,2,2,2.5,f,+2.5,-1,5,5,4.5,e,+2.5,-1
pi,pi,30,102,174538.268241,1.844477e-10,2,2,2.5,f,+1.5,-1,5,5,4.5,e,+1.5,-1
pi,pi,29,101,174538.280413,2.470000e-10,2,2,2.5,f,+0.5,-1,5,5,4.5,e,+0.5,-1
pi,pi,28,100,174538.292561,2.480763e-10,2,2,2.5,f,-0.5,-1,5,5,4.5,e,-0.5,-1
pi,pi,27,99,174538.304685,1.868694e-10,2,2,2.5,f,-1.5,-1,5,5,4.5,e,-1.5,-1
pi,pi,26,98,174538.316785,8.758708e-11,2,2,2.5,f,-2.5,-1,5,5,4.5,e,-2.5,-1
pi,pi,25,113,174633.467875,1.476563e-09,2,2,2.5,e,+2.5,+1,5,5,4.5,f,+2.5,+1
pi,pi,24,112,174633.483338,3.177035e-09,2,2,2.5,e,+1.5,+1,5,5,4.5,f,+1.5,+1
pi,pi,23,111,174633.498775,4.253449e-09,2,2,2.5,e,+0.5,+1,5,5,4.5,f,+0.5,+1
pi,pi,22,110,174633.514188,4.270960e-09,2,2,2.5,e,-0.5,+1,5,5,4.5,f,-0.5,+1
pi,pi,21,109,174633.529575,3.216436e-09,2,2,2.5,e,-1.5,+1,5,5,4.5,f,-1.5,+1
pi,pi,20,108,174633.544937,1.507210e-09,2,2,2.5,e,-2.5,+1,5,5,4.5,f,-2.5,+1
