eps1,eps2,i,j,freq_MHz,strength,a_J,a_F1,a_F,a_ef,a_mF,a_parity,b_J,b_F1,b_F,b_ef,b_mF,b_parity
sigma+,sigma-,106,20,-174633.506384,1.342613e-08,5,5,4.5,f,-4.5,+1,2,2,2.5,e,-2.5,+1
sigma+,sigma-,107,21,-174633.506379,7.458951e-09,5,5,4.5,f,-3.5,+1,2,2,2.5,e,-1.5,+1
sigma+,sigma-,108,22,-174633.506374,3.729470e-09,5,5,4.5,f,-2.5,+1,2,2,2.5,e,-0.5,+1
sigma+,sigma-,109,23,-174633.506369,1.598342e-09,5,5,4.5,f,-1.5,+1,2,2,2.5,e,+0.5,+1
sigma+,sigma-,110,24,-174633.506364,5.327800e-10,5,5,4.5,f,-0.5,+1,2,2,2.5,e,+1.5,+1
sigma+,sigma-,111,25,-174633.506359,1.065559e-10,5,5,4.5,f,+0.5,+1,2,2,2.5,e,+2.5,+1
sigma+,sigma-,96,26,-174538.286385,7.797513e-10,5,5,4.5,e,-4.5,-1,2,2,2.5,f,-2.5,-1
sigma+,sigma-,97,27,-174538.286381,4.331945e-10,5,5,4.5,e,-3.5,-1,2,2,2.5,f,-1.5,-1
sigma+,sigma-,98,28,-174538.286377,2.165970e-10,5,5,4.5,e,-2.5,-1,2,2,2.5,f,-0.5,-1
sigma+,sigma-,99,29,-174538.286373,9.282713e-11,5,5,4.5,e,-1.5,-1,2,2,2.5,f,+0.5,-1
sigma+,sigma-,100,30,-174538.286369,3.094233e-11,5,5,4.5,e,-0.5,-1,2,2,2.5,f,+1.5,-1
sigma+,sigma-,101,31,-174538.286365,6.188458e-12,5,5,4.5,e,+0.5,-1,2,2,2.5,f,+2.5,-1
sigma+,sigma-,68,4,-130973.018529,2.369104e-08,4,4,3.5,f,-3.5,-1,1,1,1.5,e,-1.5,-1
sigma+,sigma-,69,5,-130973.018513,1.015327e-08,4,4,3.5,f,-2.5,-1,1,1,1.5,e,-0.5,-1
sigma+,sigma-,70,6,-130973.018497,3.384415e-09,4,4,3.5,f,-1.5,-1,1,1,1.5,e,+0.5,-1
sigma+,sigma-,71,7,-130973.018481,6.768812e-10,4,4,3.5,f,-0.5,-1,1,1,1.5,e,+1.5,-1
sigma+,sigma-,106,53,-130963.279323,1.125648e-02,5,5,4.5,f,-4.5,+1,3,3,3.5,f,-2.5,+1
sigma+,sigma-,107,54,-130963.279322,1.500863e-02,5,5,4.5,f,-3.5,+1,3,3,3.5,f,-1.5,+1
sigma+,sigma-,108,55,-130963.279321,1.407058e-02,5,5,4.5,f,-2.5,+1,3,3,3.5,f,-0.5,+1
sigma+,sigma-,109,56,-130963.279320,1.072043e-02,5,5,4.5,f,-1.5,+1,3,3,3.5,f,+0.5,+1
sigma+,sigma-,110,57,-130963.279318,6.700266e-03,5,5,4.5,f,-0.5,+1,3,3,3.5,f,+1.5,+1
sigma+,sigma-,111,58,-130963.279317,3.216125e-03,5,5,4.5,f,+0.5,+1,3,3,3.5,f,+2.5,+1
sigma+,sigma-,112,59,-130963.279316,9.380358e-04,5,5,4.5,f,+1.5,+1,3,3,3.5,f,+3.5,+1
sigma+,sigma-,128,52,-130959.701873,5.408290e-01,5,5,5.5,f,-5.5,+1,3,3,3.5,f,-3.5,+1
sigma+,sigma-,129,53,-130959.701871,3.441640e-01,5,5,5.5,f,-4.5,+1,3,3,3.5,f,-2.5,+1
sigma+,sigma-,130,54,-130959.701868,2.064985e-01,5,5,5.5,f,-3.5,+1,3,3,3.5,f,-1.5,+1
sigma+,sigma-,131,55,-130959.701866,1.147214e-01,5,5,5.5,f,-2.5,+1,3,3,3.5,f,-0.5,+1
sigma+,sigma-,132,56,-130959.701864,5.736071e-02,5,5,5.5,f,-1.5,+1,3,3,3.5,f,+0.5,+1
sigma+,sigma-,133,57,-130959.701861,2.458316e-02,5,5,5.5,f,-0.5,+1,3,3,3.5,f,+1.5,+1
sigma+,sigma-,134,58,-130959.701859,8.194390e-03,5,5,5.5,f,+0.5,+1,3,3,3.5,f,+2.5,+1
sigma+,sigma-,135,59,-130959.701857,1.638878e-03,5,5,5.5,f,+1.5,+1,3,3,3.5,f,+3.5,+1
sigma+,sigma-,106,38,-130957.483146,5.099477e-01,5,5,4.5,f,-4.5,+1,3,3,2.5,f,-2.5,+1
sigma+,sigma-,107,39,-130957.483142,2.833042e-01,5,5,4.5,f,-3.5,+1,3,3,2.5,f,-1.5,+1
sigma+,sigma-,108,40,-130957.483138,1.416521e-01,5,5,4.5,f,-2.5,+1,3,3,2.5,f,-0.5,+1
sigma+,sigma-,109,41,-130957.483134,6.070803e-02,5,5,4.5,f,-1.5,+1,3,3,2.5,f,+0.5,+1
sigma+,sigma-,110,42,-130957.483130,2.023600e-02,5,5,4.5,f,-0.5,+1,3,3,2.5,f,+1.5,+1
sigma+,sigma-,111,43,-130957.483126,4.047200e-03,5,5,4.5,f,+0.5,+1,3,3,2.5,f,+2.5,+1
sigma+,sigma-,96,45,-130915.669321,1.976965e-03,5,5,4.5,e,-4.5,-1,3,3,3.5,e,-2.5,-1
sigma+,sigma-,97,46,-130915.669320,2.635951e-03,5,5,4.5,e,-3.5,-1,3,3,3.5,e,-1.5,-1
sigma+,sigma-,98,47,-130915.669319,2.471202e-03,5,5,4.5,e,-2.5,-1,3,3,3.5,e,-0.5,-1
sigma+,sigma-,99,48,-130915.669318,1.882819e-03,5,5,4.5,e,-1.5,-1,3,3,3.5,e,+0.5,-1
sigma+,sigma-,100,49,-130915.669317,1.176761e-03,5,5,4.5,e,-0.5,-1,3,3,3.5,e,+1.5,-1
sigma+,sigma-,101,50,-130915.669317,5.648448e-04,5,5,4.5,e,+0.5,-1,3,3,3.5,e,+2.5,-1
sigma+,sigma-,102,51,-130915.669316,1.647463e-04,5,5,4.5,e,+1.5,-1,3,3,3.5,e,+3.5,-1
sigma+,sigma-,60,8,-130914.828530,2.436326e-10,4,4,3.5,e,-3.5,+1,1,1,1.5,f,-1.5,+1
sigma+,sigma-,61,9,-130914.828515,1.044137e-10,4,4,3.5,e,-2.5,+1,1,1,1.5,f,-0.5,+1
sigma+,sigma-,62,10,-130914.828500,3.480445e-11,4,4,3.5,e,-1.5,+1,1,1,1.5,f,+0.5,+1
sigma+,sigma-,63,11,-130914.828486,6.960869e-12,4,4,3.5,e,-0.5,+1,1,1,1.5,f,+1.5,+1
sigma+,sigma-,116,44,-130912.091872,9.550577e-02,5,5,5.5,e,-5.5,-1,3,3,3.5,e,-3.5,-1
sigma+,sigma-,117,45,-130912.091870,6.077641e-02,5,5,5.5,e,-4.5,-1,3,3,3.5,e,-2.5,-1
sigma+,sigma-,118,46,-130912.091867,3.646586e-02,5,5,5.5,e,-3.5,-1,3,3,3.5,e,-1.5,-1
sigma+,sigma-,119,47,-130912.091865,2.025881e-02,5,5,5.5,e,-2.5,-1,3,3,3.5,e,-0.5,-1
sigma+,sigma-,120,48,-130912.091863,1.012941e-02,5,5,5.5,e,-1.5,-1,3,3,3.5,e,+0.5,-1
sigma+,sigma-,121,49,-130912.091860,4.341176e-03,5,5,5.5,e,-0.5,-1,3,3,3.5,e,+1.5,-1
sigma+,sigma-,122,50,-130912.091858,1.447059e-03,5,5,5.5,e,+0.5,-1,3,3,3.5,e,+2.5,-1
sigma+,sigma-,123,51,-130912.091856,2.894119e-04,5,5,5.5,e,+1.5,-1,3,3,3.5,e,+3.5,-1
sigma+,sigma-,96,32,-130909.873145,9.005850e-02,5,5,4.5,e,-4.5,-1,3,3,2.5,e,-2.5,-1
sigma+,sigma-,97,33,-130909.873141,5.003249e-02,5,5,4.5,e,-3.5,-1,3,3,2.5,e,-1.5,-1
sigma+,sigma-,98,34,-130909.873137,2.501624e-02,5,5,4.5,e,-2.5,-1,3,3,2.5,e,-0.5,-1
sigma+,sigma-,99,35,-130909.873133,1.072124e-02,5,5,4.5,e,-1.5,-1,3,3,2.5,e,+0.5,-1
sigma+,sigma-,100,36,-130909.873129,3.573747e-03,5,5,4.5,e,-0.5,-1,3,3,2.5,e,+1.5,-1
sigma+,sigma-,101,37,-130909.873125,7.147493e-04,5,5,4.5,e,+0.5,-1,3,3,2.5,e,+2.5,-1
sigma+,sigma-,68,27,-101863.547670,2.101865e-02,4,4,3.5,f,-3.5,-1,2,2,2.5,f,-1.5,-1
sigma+,sigma-,69,28,-101863.547667,2.402128e-02,4,4,3.5,f,-2.5,-1,2,2,2.5,f,-0.5,-1
sigma+,sigma-,70,29,-101863.547663,1.801594e-02,4,4,3.5,f,-1.5,-1,2,2,2.5,f,+0.5,-1
sigma+,sigma-,71,30,-101863.547660,9.608491e-03,4,4,3.5,f,-0.5,-1,2,2,2.5,f,+1.5,-1
sigma+,sigma-,72,31,-101863.547657,3.002650e-03,4,4,3.5,f,+0.5,-1,2,2,2.5,f,+2.5,-1
sigma+,sigma-,86,26,-101859.112222,4.721275e-01,4,4,4.5,f,-4.5,-1,2,2,2.5,f,-2.5,-1
sigma+,sigma-,87,27,-101859.112217,2.622931e-01,4,4,4.5,f,-3.5,-1,2,2,2.5,f,-1.5,-1
sigma+,sigma-,88,28,-101859.112212,1.311466e-01,4,4,4.5,f,-2.5,-1,2,2,2.5,f,-0.5,-1
sigma+,sigma-,89,29,-101859.112206,5.620571e-02,4,4,4.5,f,-1.5,-1,2,2,2.5,f,+0.5,-1
sigma+,sigma-,90,30,-101859.112201,1.873524e-02,4,4,4.5,f,-0.5,-1,2,2,2.5,f,+1.5,-1
sigma+,sigma-,91,31,-101859.112196,3.747050e-03,4,4,4.5,f,+0.5,-1,2,2,2.5,f,+2.5,-1
sigma+,sigma-,68,16,-101855.218020,4.249575e-01,4,4,3.5,f,-3.5,-1,2,2,1.5,f,-1.5,-1
sigma+,sigma-,69,17,-101855.218011,1.821246e-01,4,4,3.5,f,-2.5,-1,2,2,1.5,f,-0.5,-1
sigma+,sigma-,70,18,-101855.218001,6.070818e-02,4,4,3.5,f,-1.5,-1,2,2,1.5,f,+0.5,-1
sigma+,sigma-,71,19,-101855.217991,1.214163e-02,4,4,3.5,f,-0.5,-1,2,2,1.5,f,+1.5,-1
sigma+,sigma-,60,21,-101826.517669,3.691652e-03,4,4,3.5,e,-3.5,+1,2,2,2.5,e,-1.5,+1
sigma+,sigma-,61,22,-101826.517666,4.219026e-03,4,4,3.5,e,-2.5,+1,2,2,2.5,e,-0.5,+1
sigma+,sigma-,62,23,-101826.517662,3.164266e-03,4,4,3.5,e,-1.5,+1,2,2,2.5,e,+0.5,+1
sigma+,sigma-,63,24,-101826.517659,1.687606e-03,4,4,3.5,e,-0.5,+1,2,2,2.5,e,+1.5,+1
sigma+,sigma-,64,25,-101826.517656,5.273764e-04,4,4,3.5,e,+0.5,+1,2,2,2.5,e,+2.5,+1
sigma+,sigma-,76,20,-101822.082221,8.337931e-02,4,4,4.5,e,-4.5,+1,2,2,2.5,e,-2.5,+1
sigma+,sigma-,77,21,-101822.082216,4.632186e-02,4,4,4.5,e,-3.5,+1,2,2,2.5,e,-1.5,+1
sigma+,sigma-,78,22,-101822.082211,2.316094e-02,4,4,4.5,e,-2.5,+1,2,2,2.5,e,-0.5,+1
sigma+,sigma-,79,23,-101822.082205,9.926119e-03,4,4,4.5,e,-1.5,+1,2,2,2.5,e,+0.5,+1
sigma+,sigma-,80,24,-101822.082200,3.308707e-03,4,4,4.5,e,-0.5,+1,2,2,2.5,e,+1.5,+1
sigma+,sigma-,81,25,-101822.082195,6.617417e-04,4,4,4.5,e,+0.5,+1,2,2,2.5,e,+2.5,+1
sigma+,sigma-,60,12,-101818.188019,7.506081e-02,4,4,3.5,e,-3.5,+1,2,2,1.5,e,-1.5,+1
sigma+,sigma-,61,13,-101818.188010,3.216891e-02,4,4,3.5,e,-2.5,+1,2,2,1.5,e,-0.5,+1
sigma+,sigma-,62,14,-101818.188000,1.072296e-02,4,4,3.5,e,-1.5,+1,2,2,1.5,e,+0.5,+1
sigma+,sigma-,63,15,-101818.187990,2.144592e-03,4,4,3.5,e,-0.5,+1,2,2,1.5,e,+1.5,+1
sigma+,sigma-,113,85,-72811.424156,3.062891e-03,5,5,4.5,f,+2.5,+1,4,4,4.5,e,+4.5,+1
sigma+,sigma-,112,84,-72811.424156,7.146751e-03,5,5,4.5,f,+1.5,+1,4,4,4.5,e,+3.5,+1
sigma+,sigma-,111,83,-72811.424156,1.072013e-02,5,5,4.5,f,+0.5,+1,4,4,4.5,e,+2.5,+1
sigma+,sigma-,110,82,-72811.424156,1.276208e-02,5,5,4.5,f,-0.5,+1,4,4,4.5,e,+1.5,+1
sigma+,sigma-,109,81,-72811.424156,1.276209e-02,5,5,4.5,f,-1.5,+1,4,4,4.5,e,+0.5,+1
sigma+,sigma-,108,80,-72811.424156,1.072016e-02,5,5,4.5,f,-2.5,+1,4,4,4.5,e,-0.5,+1
sigma+,sigma-,107,79,-72811.424155,7.146779e-03,5,5,4.5,f,-3.5,+1,4,4,4.5,e,-1.5,+1
sigma+,sigma-,106,78,-72811.424155,3.062908e-03,5,5,4.5,f,-4.5,+1,4,4,4.5,e,-2.5,+1
sigma+,sigma-,128,77,-72807.846705,1.494821e-01,5,5,5.5,f,-5.5,+1,4,4,4.5,e,-3.5,+1
sigma+,sigma-,129,78,-72807.846704,2.174286e-01,5,5,5.5,f,-4.5,+1,4,4,4.5,e,-2.5,+1
sigma+,sigma-,130,79,-72807.846702,2.283000e-01,5,5,5.5,f,-3.5,+1,4,4,4.5,e,-1.5,+1
sigma+,sigma-,131,80,-72807.846701,2.029334e-01,5,5,5.5,f,-2.5,+1,4,4,4.5,e,-0.5,+1
sigma+,sigma-,132,81,-72807.846700,1.585418e-01,5,5,5.5,f,-1.5,+1,4,4,4.5,e,+0.5,+1
sigma+,sigma-,133,82,-72807.846698,1.087144e-01,5,5,5.5,f,-0.5,+1,4,4,4.5,e,+1.5,+1
sigma+,sigma-,134,83,-72807.846697,6.341673e-02,5,5,5.5,f,+0.5,+1,4,4,4.5,e,+2.5,+1
sigma+,sigma-,135,84,-72807.846696,2.899051e-02,5,5,5.5,f,+1.5,+1,4,4,4.5,e,+3.5,+1
sigma+,sigma-,136,85,-72807.846694,8.153582e-03,5,5,5.5,f,+2.5,+1,4,4,4.5,e,+4.5,+1
sigma+,sigma-,106,61,-72806.988701,1.711908e-01,5,5,4.5,f,-4.5,+1,4,4,3.5,e,-2.5,+1
sigma+,sigma-,107,62,-72806.988699,2.282544e-01,5,5,4.5,f,-3.5,+1,4,4,3.5,e,-1.5,+1
sigma+,sigma-,108,63,-72806.988697,2.139885e-01,5,5,4.5,f,-2.5,+1,4,4,3.5,e,-0.5,+1
sigma+,sigma-,109,64,-72806.988695,1.630388e-01,5,5,4.5,f,-1.5,+1,4,4,3.5,e,+0.5,+1
sigma+,sigma-,110,65,-72806.988693,1.018992e-01,5,5,4.5,f,-0.5,+1,4,4,3.5,e,+1.5,+1
sigma+,sigma-,111,66,-72806.988691,4.891163e-02,5,5,4.5,f,+0.5,+1,4,4,3.5,e,+2.5,+1
sigma+,sigma-,112,67,-72806.988689,1.426589e-02,5,5,4.5,f,+1.5,+1,4,4,3.5,e,+3.5,+1
sigma+,sigma-,128,60,-72803.411252,1.870909e-02,5,5,5.5,f,-5.5,+1,4,4,3.5,e,-3.5,+1
sigma+,sigma-,129,61,-72803.411249,1.190577e-02,5,5,5.5,f,-4.5,+1,4,4,3.5,e,-2.5,+1
sigma+,sigma-,130,62,-72803.411245,7.143458e-03,5,5,5.5,f,-3.5,+1,4,4,3.5,e,-1.5,+1
sigma+,sigma-,131,63,-72803.411242,3.968584e-03,5,5,5.5,f,-2.5,+1,4,4,3.5,e,-0.5,+1
sigma+,sigma-,132,64,-72803.411239,1.984290e-03,5,5,5.5,f,-1.5,+1,4,4,3.5,e,+0.5,+1
sigma+,sigma-,133,65,-72803.411235,8.504094e-04,5,5,5.5,f,-0.5,+1,4,4,3.5,e,+1.5,+1
sigma+,sigma-,134,66,-72803.411232,2.834696e-04,5,5,5.5,f,+0.5,+1,4,4,3.5,e,+2.5,+1
sigma+,sigma-,135,67,-72803.411229,5.669386e-05,5,5,5.5,f,+1.5,+1,4,4,3.5,e,+3.5,+1
sigma+,sigma-,38,9,-72764.334070,4.323569e-02,3,3,2.5,f,-2.5,+1,1,1,1.5,f,-0.5,+1
sigma+,sigma-,39,10,-72764.334057,3.458846e-02,3,3,2.5,f,-1.5,+1,1,1,1.5,f,+0.5,+1
sigma+,sigma-,40,11,-72764.334044,1.297064e-02,3,3,2.5,f,-0.5,+1,1,1,1.5,f,+1.5,+1
sigma+,sigma-,52,8,-72758.537909,3.398781e-01,3,3,3.5,f,-3.5,+1,1,1,1.5,f,-1.5,+1
sigma+,sigma-,53,9,-72758.537893,1.456621e-01,3,3,3.5,f,-2.5,+1,1,1,1.5,f,-0.5,+1
sigma+,sigma-,54,10,-72758.537877,4.855408e-02,3,3,3.5,f,-1.5,+1,1,1,1.5,f,+0.5,+1
sigma+,sigma-,55,11,-72758.537862,9.710822e-03,3,3,3.5,f,-0.5,+1,1,1,1.5,f,+1.5,+1
sigma+,sigma-,38,2,-72749.286478,2.644321e-01,3,3,2.5,f,-2.5,+1,1,1,0.5,f,-0.5,+1
sigma+,sigma-,39,3,-72749.286441,5.288637e-02,3,3,2.5,f,-1.5,+1,1,1,0.5,f,+0.5,+1
sigma+,sigma-,32,5,-72737.884068,7.594650e-03,3,3,2.5,e,-2.5,-1,1,1,1.5,e,-0.5,-1
sigma+,sigma-,33,6,-72737.884056,6.075705e-03,3,3,2.5,e,-1.5,-1,1,1,1.5,e,+0.5,-1
sigma+,sigma-,34,7,-72737.884044,2.278384e-03,3,3,2.5,e,-0.5,-1,1,1,1.5,e,+1.5,-1
sigma+,sigma-,44,4,-72732.087908,6.003310e-02,3,3,3.5,e,-3.5,-1,1,1,1.5,e,-1.5,-1
sigma+,sigma-,45,5,-72732.087893,2.572849e-02,3,3,3.5,e,-2.5,-1,1,1,1.5,e,-0.5,-1
sigma+,sigma-,46,6,-72732.087877,8.576170e-03,3,3,3.5,e,-1.5,-1,1,1,1.5,e,+0.5,-1
sigma+,sigma-,47,7,-72732.087861,1.715235e-03,3,3,3.5,e,-0.5,-1,1,1,1.5,e,+1.5,-1
sigma+,sigma-,32,0,-72722.836479,4.673333e-02,3,3,2.5,e,-2.5,-1,1,1,0.5,e,-0.5,-1
sigma+,sigma-,33,1,-72722.836442,9.346657e-03,3,3,2.5,e,-1.5,-1,1,1,0.5,e,+0.5,-1
sigma+,sigma-,103,95,-72679.174164,3.603127e-04,5,5,4.5,e,+2.5,-1,4,4,4.5,f,+4.5,-1
sigma+,sigma-,102,94,-72679.174163,8.407302e-04,5,5,4.5,e,+1.5,-1,4,4,4.5,f,+3.5,-1
sigma+,sigma-,101,93,-72679.174162,1.261096e-03,5,5,4.5,e,+0.5,-1,4,4,4.5,f,+2.5,-1
sigma+,sigma-,100,92,-72679.174161,1.501306e-03,5,5,4.5,e,-0.5,-1,4,4,4.5,f,+1.5,-1
sigma+,sigma-,99,91,-72679.174160,1.501307e-03,5,5,4.5,e,-1.5,-1,4,4,4.5,f,+0.5,-1
sigma+,sigma-,98,90,-72679.174159,1.261098e-03,5,5,4.5,e,-2.5,-1,4,4,4.5,f,-0.5,-1
sigma+,sigma-,97,89,-72679.174157,8.407327e-04,5,5,4.5,e,-3.5,-1,4,4,4.5,f,-1.5,-1
sigma+,sigma-,96,88,-72679.174156,3.603142e-04,5,5,4.5,e,-4.5,-1,4,4,4.5,f,-2.5,-1
sigma+,sigma-,116,87,-72675.596705,1.751514e-02,5,5,5.5,e,-5.5,-1,4,4,4.5,f,-3.5,-1
sigma+,sigma-,117,88,-72675.596705,2.547658e-02,5,5,5.5,e,-4.5,-1,4,4,4.5,f,-2.5,-1
sigma+,sigma-,118,89,-72675.596705,2.675041e-02,5,5,5.5,e,-3.5,-1,4,4,4.5,f,-1.5,-1
sigma+,sigma-,119,90,-72675.596704,2.377815e-02,5,5,5.5,e,-2.5,-1,4,4,4.5,f,-0.5,-1
sigma+,sigma-,120,91,-72675.596704,1.857668e-02,5,5,5.5,e,-1.5,-1,4,4,4.5,f,+0.5,-1
sigma+,sigma-,121,92,-72675.596704,1.273830e-02,5,5,5.5,e,-0.5,-1,4,4,4.5,f,+1.5,-1
sigma+,sigma-,122,93,-72675.596703,7.430676e-03,5,5,5.5,e,+0.5,-1,4,4,4.5,f,+2.5,-1
sigma+,sigma-,123,94,-72675.596703,3.396881e-03,5,5,5.5,e,+1.5,-1,4,4,4.5,f,+3.5,-1
sigma+,sigma-,124,95,-72675.596703,9.553730e-04,5,5,5.5,e,+2.5,-1,4,4,4.5,f,+4.5,-1
sigma+,sigma-,96,69,-72674.738701,2.007181e-02,5,5,4.5,e,-4.5,-1,4,4,3.5,f,-2.5,-1
sigma+,sigma-,97,70,-72674.738700,2.676240e-02,5,5,4.5,e,-3.5,-1,4,4,3.5,f,-1.5,-1
sigma+,sigma-,98,71,-72674.738700,2.508975e-02,5,5,4.5,e,-2.5,-1,4,4,3.5,f,-0.5,-1
sigma+,sigma-,99,72,-72674.738699,1.911600e-02,5,5,4.5,e,-1.5,-1,4,4,3.5,f,+0.5,-1
sigma+,sigma-,100,73,-72674.738698,1.194750e-02,5,5,4.5,e,-0.5,-1,4,4,3.5,f,+1.5,-1
sigma+,sigma-,101,74,-72674.738697,5.734798e-03,5,5,4.5,e,+0.5,-1,4,4,3.5,f,+2.5,-1
sigma+,sigma-,102,75,-72674.738697,1.672649e-03,5,5,4.5,e,+1.5,-1,4,4,3.5,f,+3.5,-1
sigma+,sigma-,116,68,-72671.161252,2.193395e-03,5,5,5.5,e,-5.5,-1,4,4,3.5,f,-3.5,-1
sigma+,sigma-,117,69,-72671.161250,1.395795e-03,5,5,5.5,e,-4.5,-1,4,4,3.5,f,-2.5,-1
sigma+,sigma-,118,70,-72671.161247,8.374756e-04,5,5,5.5,e,-3.5,-1,4,4,3.5,f,-1.5,-1
sigma+,sigma-,119,71,-72671.161245,4.652636e-04,5,5,5.5,e,-2.5,-1,4,4,3.5,f,-0.5,-1
sigma+,sigma-,120,72,-72671.161243,2.326314e-04,5,5,5.5,e,-1.5,-1,4,4,3.5,f,+0.5,-1
sigma+,sigma-,121,73,-72671.161241,9.969904e-05,5,5,5.5,e,-0.5,-1,4,4,3.5,f,+1.5,-1
sigma+,sigma-,122,74,-72671.161239,3.323297e-05,5,5,5.5,e,+0.5,-1,4,4,3.5,f,+2.5,-1
sigma+,sigma-,123,75,-72671.161237,6.646584e-06,5,5,5.5,e,+1.5,-1,4,4,3.5,f,+3.5,-1
sigma+,sigma-,68,46,-58240.930609,8.265890e-03,4,4,3.5,f,-3.5,-1,3,3,3.5,e,-1.5,-1
sigma+,sigma-,69,47,-58240.930609,1.771260e-02,4,4,3.5,f,-2.5,-1,3,3,3.5,e,-0.5,-1
sigma+,sigma-,70,48,-58240.930609,2.361678e-02,4,4,3.5,f,-1.5,-1,3,3,3.5,e,+0.5,-1
sigma+,sigma-,71,49,-58240.930609,2.361676e-02,4,4,3.5,f,-0.5,-1,3,3,3.5,e,+1.5,-1
sigma+,sigma-,72,50,-58240.930609,1.771255e-02,4,4,3.5,f,+0.5,-1,3,3,3.5,e,+2.5,-1
sigma+,sigma-,73,51,-58240.930608,8.265850e-03,4,4,3.5,f,+1.5,-1,3,3,3.5,e,+3.5,-1
sigma+,sigma-,86,45,-58236.495158,1.980766e-01,4,4,4.5,f,-4.5,-1,3,3,3.5,e,-2.5,-1
sigma+,sigma-,87,46,-58236.495156,2.641023e-01,4,4,4.5,f,-3.5,-1,3,3,3.5,e,-1.5,-1
sigma+,sigma-,88,47,-58236.495154,2.475959e-01,4,4,4.5,f,-2.5,-1,3,3,3.5,e,-0.5,-1
sigma+,sigma-,89,48,-58236.495152,1.886446e-01,4,4,4.5,f,-1.5,-1,3,3,3.5,e,+0.5,-1
sigma+,sigma-,90,49,-58236.495150,1.179029e-01,4,4,4.5,f,-0.5,-1,3,3,3.5,e,+1.5,-1
sigma+,sigma-,91,50,-58236.495148,5.659341e-02,4,4,4.5,f,+0.5,-1,3,3,3.5,e,+2.5,-1
sigma+,sigma-,92,51,-58236.495146,1.650642e-02,4,4,4.5,f,+1.5,-1,3,3,3.5,e,+3.5,-1
sigma+,sigma-,68,33,-58235.134430,2.291887e-01,4,4,3.5,f,-3.5,-1,3,3,2.5,e,-1.5,-1
sigma+,sigma-,69,34,-58235.134427,2.619298e-01,4,4,3.5,f,-2.5,-1,3,3,2.5,e,-0.5,-1
sigma+,sigma-,70,35,-58235.134424,1.964473e-01,4,4,3.5,f,-1.5,-1,3,3,2.5,e,+0.5,-1
sigma+,sigma-,71,36,-58235.134420,1.047719e-01,4,4,3.5,f,-0.5,-1,3,3,2.5,e,+1.5,-1
sigma+,sigma-,72,37,-58235.134417,3.274121e-02,4,4,3.5,f,+0.5,-1,3,3,2.5,e,+2.5,-1
sigma+,sigma-,86,32,-58230.698982,3.305221e-02,4,4,4.5,f,-4.5,-1,3,3,2.5,e,-2.5,-1
sigma+,sigma-,87,33,-58230.698977,1.836232e-02,4,4,4.5,f,-3.5,-1,3,3,2.5,e,-1.5,-1
sigma+,sigma-,88,34,-58230.698972,9.181152e-03,4,4,4.5,f,-2.5,-1,3,3,2.5,e,-0.5,-1
sigma+,sigma-,89,35,-58230.698967,3.934776e-03,4,4,4.5,f,-1.5,-1,3,3,2.5,e,+0.5,-1
sigma+,sigma-,90,36,-58230.698961,1.311591e-03,4,4,4.5,f,-0.5,-1,3,3,2.5,e,+1.5,-1
sigma+,sigma-,91,37,-58230.698956,2.623179e-04,4,4,4.5,f,+0.5,-1,3,3,2.5,e,+2.5,-1
sigma+,sigma-,65,59,-58156.290616,4.803249e-04,4,4,3.5,e,+1.5,+1,3,3,3.5,f,+3.5,+1
sigma+,sigma-,64,58,-58156.290615,1.029268e-03,4,4,3.5,e,+0.5,+1,3,3,3.5,f,+2.5,+1
sigma+,sigma-,63,57,-58156.290614,1.372359e-03,4,4,3.5,e,-0.5,+1,3,3,3.5,f,+1.5,+1
sigma+,sigma-,62,56,-58156.290613,1.372360e-03,4,4,3.5,e,-1.5,+1,3,3,3.5,f,+0.5,+1
sigma+,sigma-,61,55,-58156.290612,1.029271e-03,4,4,3.5,e,-2.5,+1,3,3,3.5,f,-0.5,+1
sigma+,sigma-,60,54,-58156.290611,4.803269e-04,4,4,3.5,e,-3.5,+1,3,3,3.5,f,-1.5,+1
sigma+,sigma-,76,53,-58151.855159,1.143904e-02,4,4,4.5,e,-4.5,+1,3,3,3.5,f,-2.5,+1
sigma+,sigma-,77,54,-58151.855158,1.525206e-02,4,4,4.5,e,-3.5,+1,3,3,3.5,f,-1.5,+1
sigma+,sigma-,78,55,-58151.855157,1.429881e-02,4,4,4.5,e,-2.5,+1,3,3,3.5,f,-0.5,+1
sigma+,sigma-,79,56,-58151.855156,1.089433e-02,4,4,4.5,e,-1.5,+1,3,3,3.5,f,+0.5,+1
sigma+,sigma-,80,57,-58151.855155,6.808961e-03,4,4,4.5,e,-0.5,+1,3,3,3.5,f,+1.5,+1
sigma+,sigma-,81,58,-58151.855154,3.268302e-03,4,4,4.5,e,+0.5,+1,3,3,3.5,f,+2.5,+1
sigma+,sigma-,82,59,-58151.855153,9.532551e-04,4,4,4.5,e,+1.5,+1,3,3,3.5,f,+3.5,+1
sigma+,sigma-,60,39,-58150.494432,1.325099e-02,4,4,3.5,e,-3.5,+1,3,3,2.5,f,-1.5,+1
sigma+,sigma-,61,40,-58150.494430,1.514398e-02,4,4,3.5,e,-2.5,+1,3,3,2.5,f,-0.5,+1
sigma+,sigma-,62,41,-58150.494428,1.135798e-02,4,4,3.5,e,-1.5,+1,3,3,2.5,f,+0.5,+1
sigma+,sigma-,63,42,-58150.494426,6.057590e-03,4,4,3.5,e,-0.5,+1,3,3,2.5,f,+1.5,+1
sigma+,sigma-,64,43,-58150.494424,1.892996e-03,4,4,3.5,e,+0.5,+1,3,3,2.5,f,+2.5,+1
sigma+,sigma-,76,38,-58146.058983,1.910973e-03,4,4,4.5,e,-4.5,+1,3,3,2.5,f,-2.5,+1
sigma+,sigma-,77,39,-58146.058979,1.061650e-03,4,4,4.5,e,-3.5,+1,3,3,2.5,f,-1.5,+1
sigma+,sigma-,78,40,-58146.058975,5.308244e-04,4,4,4.5,e,-2.5,+1,3,3,2.5,f,-0.5,+1
sigma+,sigma-,79,41,-58146.058971,2.274959e-04,4,4,4.5,e,-1.5,+1,3,3,2.5,f,+0.5,+1
sigma+,sigma-,80,42,-58146.058967,7.583185e-05,4,4,4.5,e,-0.5,+1,3,3,2.5,f,+1.5,+1
sigma+,sigma-,81,43,-58146.058963,1.516635e-05,4,4,4.5,e,+0.5,+1,3,3,2.5,f,+2.5,+1
sigma+,sigma-,38,22,-43676.023220,3.033984e-02,3,3,2.5,f,-2.5,+1,2,2,2.5,e,-0.5,+1
sigma+,sigma-,39,23,-43676.023219,5.461163e-02,3,3,2.5,f,-1.5,+1,2,2,2.5,e,+0.5,+1
sigma+,sigma-,40,24,-43676.023218,5.461155e-02,3,3,2.5,f,-0.5,+1,2,2,2.5,e,+1.5,+1
sigma+,sigma-,41,25,-43676.023216,3.033971e-02,3,3,2.5,f,+0.5,+1,2,2,2.5,e,+2.5,+1
sigma+,sigma-,52,21,-43670.227048,2.828262e-01,3,3,3.5,f,-3.5,+1,2,2,2.5,e,-1.5,+1
sigma+,sigma-,53,22,-43670.227044,3.232302e-01,3,3,3.5,f,-2.5,+1,2,2,2.5,e,-0.5,+1
sigma+,sigma-,54,23,-43670.227039,2.424228e-01,3,3,3.5,f,-1.5,+1,2,2,2.5,e,+0.5,+1
sigma+,sigma-,55,24,-43670.227035,1.292922e-01,3,3,3.5,f,-0.5,+1,2,2,2.5,e,+1.5,+1
sigma+,sigma-,56,25,-43670.227031,4.040384e-02,3,3,3.5,f,+0.5,+1,2,2,2.5,e,+2.5,+1
sigma+,sigma-,38,13,-43667.693564,3.230843e-01,3,3,2.5,f,-2.5,+1,2,2,1.5,e,-0.5,+1
sigma+,sigma-,39,14,-43667.693556,2.584674e-01,3,3,2.5,f,-1.5,+1,2,2,1.5,e,+0.5,+1
sigma+,sigma-,40,15,-43667.693549,9.692523e-02,3,3,2.5,f,-0.5,+1,2,2,1.5,e,+1.5,+1
sigma+,sigma-,52,12,-43661.897398,7.077561e-02,3,3,3.5,f,-3.5,+1,2,2,1.5,e,-1.5,+1
sigma+,sigma-,53,13,-43661.897388,3.033237e-02,3,3,3.5,f,-2.5,+1,2,2,1.5,e,-0.5,+1
sigma+,sigma-,54,14,-43661.897377,1.011078e-02,3,3,3.5,f,-1.5,+1,2,2,1.5,e,+0.5,+1
sigma+,sigma-,55,15,-43661.897366,2.022154e-03,3,3,3.5,f,-0.5,+1,2,2,1.5,e,+1.5,+1
sigma+,sigma-,32,28,-43628.413222,3.138272e-04,3,3,2.5,e,-2.5,-1,2,2,2.5,f,-0.5,-1
sigma+,sigma-,33,29,-43628.413222,5.648883e-04,3,3,2.5,e,-1.5,-1,2,2,2.5,f,+0.5,-1
sigma+,sigma-,34,30,-43628.413222,5.648875e-04,3,3,2.5,e,-0.5,-1,2,2,2.5,f,+1.5,-1
sigma+,sigma-,35,31,-43628.413222,3.138260e-04,3,3,2.5,e,+0.5,-1,2,2,2.5,f,+2.5,-1
sigma+,sigma-,44,27,-43622.617050,2.878508e-03,3,3,3.5,e,-3.5,-1,2,2,2.5,f,-1.5,-1
sigma+,sigma-,45,28,-43622.617047,3.289725e-03,3,3,3.5,e,-2.5,-1,2,2,2.5,f,-0.5,-1
sigma+,sigma-,46,29,-43622.617044,2.467295e-03,3,3,3.5,e,-1.5,-1,2,2,2.5,f,+0.5,-1
sigma+,sigma-,47,30,-43622.617040,1.315892e-03,3,3,3.5,e,-0.5,-1,2,2,2.5,f,+1.5,-1
sigma+,sigma-,48,31,-43622.617037,4.112164e-04,3,3,3.5,e,+0.5,-1,2,2,2.5,f,+2.5,-1
sigma+,sigma-,32,17,-43620.083566,3.298354e-03,3,3,2.5,e,-2.5,-1,2,2,1.5,f,-0.5,-1
sigma+,sigma-,33,18,-43620.083560,2.638682e-03,3,3,2.5,e,-1.5,-1,2,2,1.5,f,+0.5,-1
sigma+,sigma-,34,19,-43620.083554,9.895054e-04,3,3,2.5,e,-0.5,-1,2,2,1.5,f,+1.5,-1
sigma+,sigma-,44,16,-43614.287400,7.234955e-04,3,3,3.5,e,-3.5,-1,2,2,1.5,f,-1.5,-1
sigma+,sigma-,45,17,-43614.287390,3.100691e-04,3,3,3.5,e,-2.5,-1,2,2,1.5,f,-0.5,-1
sigma+,sigma-,46,18,-43614.287381,1.033562e-04,3,3,3.5,e,-1.5,-1,2,2,1.5,f,+0.5,-1
sigma+,sigma-,47,19,-43614.287372,2.067122e-05,3,3,3.5,e,-0.5,-1,2,2,1.5,f,+1.5,-1
sigma+,sigma-,16,6,-29117.800466,1.980888e-01,2,2,1.5,f,-1.5,-1,1,1,1.5,e,+0.5,-1
sigma+,sigma-,17,7,-29117.800460,1.980883e-01,2,2,1.5,f,-0.5,-1,1,1,1.5,e,+1.5,-1
sigma+,sigma-,26,5,-29109.470829,4.399271e-01,2,2,2.5,f,-2.5,-1,1,1,1.5,e,-0.5,-1
sigma+,sigma-,27,6,-29109.470816,3.519423e-01,2,2,2.5,f,-1.5,-1,1,1,1.5,e,+0.5,-1
sigma+,sigma-,28,7,-29109.470804,1.319786e-01,2,2,2.5,f,-0.5,-1,1,1,1.5,e,+1.5,-1
sigma+,sigma-,16,1,-29102.752852,3.958496e-01,2,2,1.5,f,-1.5,-1,1,1,0.5,e,+0.5,-1
sigma+,sigma-,12,10,-29096.640469,1.994261e-03,2,2,1.5,e,-1.5,+1,1,1,1.5,f,+0.5,+1
sigma+,sigma-,13,11,-29096.640464,1.994255e-03,2,2,1.5,e,-0.5,+1,1,1,1.5,f,+1.5,+1
sigma+,sigma-,26,0,-29094.423240,2.199340e-01,2,2,2.5,f,-2.5,-1,1,1,0.5,e,-0.5,-1
sigma+,sigma-,27,1,-29094.423202,4.398675e-02,2,2,2.5,f,-1.5,-1,1,1,0.5,e,+0.5,-1
sigma+,sigma-,20,9,-29088.310832,4.508351e-03,2,2,2.5,e,-2.5,+1,1,1,1.5,f,-0.5,+1
sigma+,sigma-,21,10,-29088.310820,3.606688e-03,2,2,2.5,e,-1.5,+1,1,1,1.5,f,+0.5,+1
sigma+,sigma-,22,11,-29088.310808,1.352511e-03,2,2,2.5,e,-0.5,+1,1,1,1.5,f,+1.5,+1
sigma+,sigma-,12,3,-29081.592853,4.067095e-03,2,2,1.5,e,-1.5,+1,1,1,0.5,f,+0.5,+1
sigma+,sigma-,20,2,-29073.263240,2.234349e-03,2,2,2.5,e,-2.5,+1,1,1,0.5,f,-0.5,+1
sigma+,sigma-,21,3,-29073.263204,4.468692e-04,2,2,2.5,e,-1.5,+1,1,1,0.5,f,+0.5,+1
sigma+,sigma-,2,11,-15.047550,4.759321e-01,1,1,0.5,f,-0.5,+1,1,1,1.5,f,+1.5,+1
sigma+,sigma-,0,7,-15.047547,8.414976e-02,1,1,0.5,e,-0.5,-1,1,1,1.5,e,+1.5,-1
sigma+,sigma-,18,31,-8.329645,1.720639e-02,2,2,1.5,f,+0.5,-1,2,2,2.5,f,+2.5,-1
sigma+,sigma-,14,25,-8.329644,9.719867e-02,2,2,1.5,e,+0.5,+1,2,2,2.5,e,+2.5,+1
sigma+,sigma-,17,30,-8.329639,1.376513e-02,2,2,1.5,f,-0.5,-1,2,2,2.5,f,+1.5,-1
sigma+,sigma-,13,24,-8.329638,7.775906e-02,2,2,1.5,e,-0.5,+1,2,2,2.5,e,+1.5,+1
sigma+,sigma-,16,29,-8.329633,5.161933e-03,2,2,1.5,f,-1.5,-1,2,2,2.5,f,+0.5,-1
sigma+,sigma-,12,23,-8.329631,2.915969e-02,2,2,1.5,e,-1.5,+1,2,2,2.5,e,+0.5,+1
sigma+,sigma-,42,59,-5.796178,2.876418e-03,3,3,2.5,f,+1.5,+1,3,3,3.5,f,+3.5,+1
sigma+,sigma-,36,51,-5.796177,4.955961e-02,3,3,2.5,e,+1.5,-1,3,3,3.5,e,+3.5,-1
sigma+,sigma-,41,58,-5.796175,3.287339e-03,3,3,2.5,f,+0.5,+1,3,3,3.5,f,+2.5,+1
sigma+,sigma-,35,50,-5.796174,5.663962e-02,3,3,2.5,e,+0.5,-1,3,3,3.5,e,+2.5,-1
sigma+,sigma-,40,57,-5.796172,2.465507e-03,3,3,2.5,f,-0.5,+1,3,3,3.5,f,+1.5,+1
sigma+,sigma-,34,49,-5.796171,4.247976e-02,3,3,2.5,e,-0.5,-1,3,3,3.5,e,+1.5,-1
sigma+,sigma-,39,56,-5.796169,1.314938e-03,3,3,2.5,f,-1.5,+1,3,3,3.5,f,+0.5,+1
sigma+,sigma-,33,48,-5.796168,2.265590e-02,3,3,2.5,e,-1.5,-1,3,3,3.5,e,+0.5,-1
sigma+,sigma-,38,55,-5.796166,4.109186e-04,3,3,2.5,f,-2.5,+1,3,3,3.5,f,-0.5,+1
sigma+,sigma-,32,47,-5.796165,7.079976e-03,3,3,2.5,e,-2.5,-1,3,3,3.5,e,-0.5,-1
sigma+,sigma-,74,95,-4.435458,8.898439e-04,4,4,3.5,f,+2.5,-1,4,4,4.5,f,+4.5,-1
sigma+,sigma-,66,85,-4.435457,2.712895e-02,4,4,3.5,e,+2.5,+1,4,4,4.5,e,+4.5,+1
sigma+,sigma-,73,94,-4.435456,1.186460e-03,4,4,3.5,f,+1.5,-1,4,4,4.5,f,+3.5,-1
sigma+,sigma-,65,84,-4.435455,3.617196e-02,4,4,3.5,e,+1.5,+1,4,4,4.5,e,+3.5,+1
sigma+,sigma-,72,93,-4.435454,1.112307e-03,4,4,3.5,f,+0.5,-1,4,4,4.5,f,+2.5,-1
sigma+,sigma-,64,83,-4.435453,3.391124e-02,4,4,3.5,e,+0.5,+1,4,4,4.5,e,+2.5,+1
sigma+,sigma-,71,92,-4.435452,8.474725e-04,4,4,3.5,f,-0.5,-1,4,4,4.5,f,+1.5,-1
sigma+,sigma-,63,82,-4.435451,2.583716e-02,4,4,3.5,e,-0.5,+1,4,4,4.5,e,+1.5,+1
sigma+,sigma-,70,91,-4.435450,5.296707e-04,4,4,3.5,f,-1.5,-1,4,4,4.5,f,+0.5,-1
sigma+,sigma-,62,81,-4.435449,1.614824e-02,4,4,3.5,e,-1.5,+1,4,4,4.5,e,+0.5,+1
sigma+,sigma-,69,90,-4.435448,2.542422e-04,4,4,3.5,f,-2.5,-1,4,4,4.5,f,-0.5,-1
sigma+,sigma-,61,80,-4.435447,7.751162e-03,4,4,3.5,e,-2.5,+1,4,4,4.5,e,-0.5,+1
sigma+,sigma-,68,89,-4.435447,7.415403e-05,4,4,3.5,f,-3.5,-1,4,4,4.5,f,-1.5,-1
sigma+,sigma-,60,79,-4.435445,2.260758e-03,4,4,3.5,e,-3.5,+1,4,4,4.5,e,-1.5,+1
sigma+,sigma-,114,139,-3.577457,3.809117e-04,5,5,4.5,f,+3.5,+1,5,5,5.5,f,+5.5,+1
sigma+,sigma-,104,127,-3.577457,1.620494e-02,5,5,4.5,e,+3.5,-1,5,5,5.5,e,+5.5,-1
sigma+,sigma-,113,138,-3.577456,5.540537e-04,5,5,4.5,f,+2.5,+1,5,5,5.5,f,+4.5,+1
sigma+,sigma-,103,126,-3.577455,2.357084e-02,5,5,4.5,e,+2.5,-1,5,5,5.5,e,+4.5,-1
sigma+,sigma-,112,137,-3.577455,5.817568e-04,5,5,4.5,f,+1.5,+1,5,5,5.5,f,+3.5,+1
sigma+,sigma-,102,125,-3.577454,2.474941e-02,5,5,4.5,e,+1.5,-1,5,5,5.5,e,+3.5,-1
sigma+,sigma-,111,136,-3.577453,5.171176e-04,5,5,4.5,f,+0.5,+1,5,5,5.5,f,+2.5,+1
sigma+,sigma-,101,124,-3.577452,2.199949e-02,5,5,4.5,e,+0.5,-1,5,5,5.5,e,+2.5,-1
sigma+,sigma-,110,135,-3.577452,4.039984e-04,5,5,4.5,f,-0.5,+1,5,5,5.5,f,+1.5,+1
sigma+,sigma-,100,123,-3.577451,1.718711e-02,5,5,4.5,e,-0.5,-1,5,5,5.5,e,+1.5,-1
sigma+,sigma-,109,134,-3.577451,2.770277e-04,5,5,4.5,f,-1.5,+1,5,5,5.5,f,+0.5,+1
sigma+,sigma-,99,122,-3.577449,1.178546e-02,5,5,4.5,e,-1.5,-1,5,5,5.5,e,+0.5,-1
sigma+,sigma-,108,133,-3.577449,1.615996e-04,5,5,4.5,f,-2.5,+1,5,5,5.5,f,-0.5,+1
sigma+,sigma-,107,132,-3.577448,7.387416e-05,5,5,4.5,f,-3.5,+1,5,5,5.5,f,-1.5,+1
sigma+,sigma-,98,121,-3.577448,6.874857e-03,5,5,4.5,e,-2.5,-1,5,5,5.5,e,-0.5,-1
sigma+,sigma-,106,131,-3.577447,2.077712e-05,5,5,4.5,f,-4.5,+1,5,5,5.5,f,-2.5,+1
sigma+,sigma-,97,120,-3.577447,3.142794e-03,5,5,4.5,e,-3.5,-1,5,5,5.5,e,-1.5,-1
sigma+,sigma-,96,119,-3.577445,8.839116e-04,5,5,4.5,e,-4.5,-1,5,5,5.5,e,-2.5,-1
sigma+,sigma-,132,134,0.000005,9.745401e-03,5,5,5.5,f,-1.5,+1,5,5,5.5,f,+0.5,+1
sigma+,sigma-,137,139,0.000005,1.701579e-03,5,5,5.5,f,+3.5,+1,5,5,5.5,f,+5.5,+1
sigma+,sigma-,135,137,0.000005,6.682564e-03,5,5,5.5,f,+1.5,+1,5,5,5.5,f,+3.5,+1
sigma+,sigma-,136,138,0.000005,4.176603e-03,5,5,5.5,f,+2.5,+1,5,5,5.5,f,+4.5,+1
sigma+,sigma-,130,132,0.000005,6.682559e-03,5,5,5.5,f,-3.5,+1,5,5,5.5,f,-1.5,+1
sigma+,sigma-,129,131,0.000005,4.176599e-03,5,5,5.5,f,-4.5,+1,5,5,5.5,f,-2.5,+1
sigma+,sigma-,131,133,0.000005,8.662578e-03,5,5,5.5,f,-2.5,+1,5,5,5.5,f,-0.5,+1
sigma+,sigma-,134,136,0.000005,8.662582e-03,5,5,5.5,f,+0.5,+1,5,5,5.5,f,+2.5,+1
sigma+,sigma-,128,130,0.000005,1.701577e-03,5,5,5.5,f,-5.5,+1,5,5,5.5,f,-3.5,+1
sigma+,sigma-,133,135,0.000005,9.745403e-03,5,5,5.5,f,-0.5,+1,5,5,5.5,f,+1.5,+1
sigma+,sigma-,120,122,0.000006,4.172307e-01,5,5,5.5,e,-1.5,-1,5,5,5.5,e,+0.5,-1
sigma+,sigma-,117,119,0.000006,1.788131e-01,5,5,5.5,e,-4.5,-1,5,5,5.5,e,-2.5,-1
sigma+,sigma-,119,121,0.000006,3.708716e-01,5,5,5.5,e,-2.5,-1,5,5,5.5,e,-0.5,-1
sigma+,sigma-,123,125,0.000006,2.861012e-01,5,5,5.5,e,+1.5,-1,5,5,5.5,e,+3.5,-1
sigma+,sigma-,122,124,0.000006,3.708718e-01,5,5,5.5,e,+0.5,-1,5,5,5.5,e,+2.5,-1
sigma+,sigma-,124,126,0.000006,1.788133e-01,5,5,5.5,e,+2.5,-1,5,5,5.5,e,+4.5,-1
sigma+,sigma-,125,127,0.000006,7.284986e-02,5,5,5.5,e,+3.5,-1,5,5,5.5,e,+5.5,-1
sigma+,sigma-,116,118,0.000006,7.284975e-02,5,5,5.5,e,-5.5,-1,5,5,5.5,e,-3.5,-1
sigma+,sigma-,118,120,0.000006,2.861009e-01,5,5,5.5,e,-3.5,-1,5,5,5.5,e,-1.5,-1
sigma+,sigma-,121,123,0.000006,4.172307e-01,5,5,5.5,e,-0.5,-1,5,5,5.5,e,+1.5,-1
sigma+,sigma-,87,89,0.000007,7.220231e-03,4,4,4.5,f,-3.5,-1,4,4,4.5,f,-1.5,-1
sigma+,sigma-,90,92,0.000007,1.289328e-02,4,4,4.5,f,-0.5,-1,4,4,4.5,f,+1.5,-1
sigma+,sigma-,92,94,0.000007,7.220239e-03,4,4,4.5,f,+1.5,-1,4,4,4.5,f,+3.5,-1
sigma+,sigma-,93,95,0.000007,3.094389e-03,4,4,4.5,f,+2.5,-1,4,4,4.5,f,+4.5,-1
sigma+,sigma-,86,88,0.000007,3.094384e-03,4,4,4.5,f,-4.5,-1,4,4,4.5,f,-2.5,-1
sigma+,sigma-,91,93,0.000007,1.083036e-02,4,4,4.5,f,+0.5,-1,4,4,4.5,f,+2.5,-1
sigma+,sigma-,88,90,0.000007,1.083035e-02,4,4,4.5,f,-2.5,-1,4,4,4.5,f,-0.5,-1
sigma+,sigma-,89,91,0.000007,1.289328e-02,4,4,4.5,f,-1.5,-1,4,4,4.5,f,+0.5,-1
sigma+,sigma-,80,82,0.000008,3.952386e-01,4,4,4.5,e,-0.5,+1,4,4,4.5,e,+1.5,+1
sigma+,sigma-,77,79,0.000008,2.213335e-01,4,4,4.5,e,-3.5,+1,4,4,4.5,e,-1.5,+1
sigma+,sigma-,83,85,0.000008,9.485734e-02,4,4,4.5,e,+2.5,+1,4,4,4.5,e,+4.5,+1
sigma+,sigma-,76,78,0.000008,9.485717e-02,4,4,4.5,e,-4.5,+1,4,4,4.5,e,-2.5,+1
sigma+,sigma-,81,83,0.000008,3.320005e-01,4,4,4.5,e,+0.5,+1,4,4,4.5,e,+2.5,+1
sigma+,sigma-,79,81,0.000008,3.952385e-01,4,4,4.5,e,-1.5,+1,4,4,4.5,e,+0.5,+1
sigma+,sigma-,82,84,0.000008,2.213337e-01,4,4,4.5,e,+1.5,+1,4,4,4.5,e,+3.5,+1
sigma+,sigma-,78,80,0.000008,3.320003e-01,4,4,4.5,e,-2.5,+1,4,4,4.5,e,-0.5,+1
sigma+,sigma-,111,113,0.000008,8.129546e-03,5,5,4.5,f,+0.5,+1,5,5,4.5,f,+2.5,+1
sigma+,sigma-,112,114,0.000008,5.419697e-03,5,5,4.5,f,+1.5,+1,5,5,4.5,f,+3.5,+1
sigma+,sigma-,107,109,0.000008,5.419700e-03,5,5,4.5,f,-3.5,+1,5,5,4.5,f,-1.5,+1
sigma+,sigma-,113,115,0.000008,2.322727e-03,5,5,4.5,f,+2.5,+1,5,5,4.5,f,+4.5,+1
sigma+,sigma-,110,112,0.000008,9.678032e-03,5,5,4.5,f,-0.5,+1,5,5,4.5,f,+1.5,+1
sigma+,sigma-,106,108,0.000008,2.322729e-03,5,5,4.5,f,-4.5,+1,5,5,4.5,f,-2.5,+1
sigma+,sigma-,108,110,0.000008,8.129549e-03,5,5,4.5,f,-2.5,+1,5,5,4.5,f,-0.5,+1
sigma+,sigma-,109,111,0.000008,9.678034e-03,5,5,4.5,f,-1.5,+1,5,5,4.5,f,+0.5,+1
sigma+,sigma-,101,103,0.000009,3.482176e-01,5,5,4.5,e,+0.5,-1,5,5,4.5,e,+2.5,-1
sigma+,sigma-,102,104,0.000009,2.321451e-01,5,5,4.5,e,+1.5,-1,5,5,4.5,e,+3.5,-1
sigma+,sigma-,97,99,0.000009,2.321452e-01,5,5,4.5,e,-3.5,-1,5,5,4.5,e,-1.5,-1
sigma+,sigma-,103,105,0.000009,9.949073e-02,5,5,4.5,e,+2.5,-1,5,5,4.5,e,+4.5,-1
sigma+,sigma-,100,102,0.000009,4.145449e-01,5,5,4.5,e,-0.5,-1,5,5,4.5,e,+1.5,-1
sigma+,sigma-,96,98,0.000009,9.949081e-02,5,5,4.5,e,-4.5,-1,5,5,4.5,e,-2.5,-1
sigma+,sigma-,98,100,0.000009,3.482178e-01,5,5,4.5,e,-2.5,-1,5,5,4.5,e,-0.5,-1
sigma+,sigma-,99,101,0.000009,4.145449e-01,5,5,4.5,e,-1.5,-1,5,5,4.5,e,+0.5,-1
sigma+,sigma-,54,56,0.000010,2.043933e-02,3,3,3.5,f,-1.5,+1,3,3,3.5,f,+0.5,+1
sigma+,sigma-,53,55,0.000010,1.532949e-02,3,3,3.5,f,-2.5,+1,3,3,3.5,f,-0.5,+1
sigma+,sigma-,56,58,0.000010,1.532951e-02,3,3,3.5,f,+0.5,+1,3,3,3.5,f,+2.5,+1
sigma+,sigma-,57,59,0.000010,7.153775e-03,3,3,3.5,f,+1.5,+1,3,3,3.5,f,+3.5,+1
sigma+,sigma-,52,54,0.000010,7.153760e-03,3,3,3.5,f,-3.5,+1,3,3,3.5,f,-1.5,+1
sigma+,sigma-,55,57,0.000010,2.043934e-02,3,3,3.5,f,-0.5,+1,3,3,3.5,f,+1.5,+1
sigma+,sigma-,70,72,0.000011,1.272617e-02,4,4,3.5,f,-1.5,-1,4,4,3.5,f,+0.5,-1
sigma+,sigma-,72,74,0.000011,9.544624e-03,4,4,3.5,f,+0.5,-1,4,4,3.5,f,+2.5,-1
sigma+,sigma-,73,75,0.000011,4.454157e-03,4,4,3.5,f,+1.5,-1,4,4,3.5,f,+3.5,-1
sigma+,sigma-,69,71,0.000011,9.544628e-03,4,4,3.5,f,-2.5,-1,4,4,3.5,f,-0.5,-1
sigma+,sigma-,68,70,0.000011,4.454160e-03,4,4,3.5,f,-3.5,-1,4,4,3.5,f,-1.5,-1
sigma+,sigma-,71,73,0.000011,1.272617e-02,4,4,3.5,f,-0.5,-1,4,4,3.5,f,+1.5,-1
sigma+,sigma-,46,48,0.000011,3.536457e-01,3,3,3.5,e,-1.5,-1,3,3,3.5,e,+0.5,-1
sigma+,sigma-,47,49,0.000011,3.536458e-01,3,3,3.5,e,-0.5,-1,3,3,3.5,e,+1.5,-1
sigma+,sigma-,45,47,0.000011,2.652341e-01,3,3,3.5,e,-2.5,-1,3,3,3.5,e,-0.5,-1
sigma+,sigma-,48,50,0.000011,2.652345e-01,3,3,3.5,e,+0.5,-1,3,3,3.5,e,+2.5,-1
sigma+,sigma-,44,46,0.000011,1.237759e-01,3,3,3.5,e,-3.5,-1,3,3,3.5,e,-1.5,-1
sigma+,sigma-,49,51,0.000011,1.237761e-01,3,3,3.5,e,+1.5,-1,3,3,3.5,e,+3.5,-1
sigma+,sigma-,64,66,0.000012,2.928160e-01,4,4,3.5,e,+0.5,+1,4,4,3.5,e,+2.5,+1
sigma+,sigma-,60,62,0.000012,1.366475e-01,4,4,3.5,e,-3.5,+1,4,4,3.5,e,-1.5,+1
sigma+,sigma-,62,64,0.000012,3.904214e-01,4,4,3.5,e,-1.5,+1,4,4,3.5,e,+0.5,+1
sigma+,sigma-,65,67,0.000012,1.366474e-01,4,4,3.5,e,+1.5,+1,4,4,3.5,e,+3.5,+1
sigma+,sigma-,61,63,0.000012,2.928161e-01,4,4,3.5,e,-2.5,+1,4,4,3.5,e,-0.5,+1
sigma+,sigma-,63,65,0.000012,3.904214e-01,4,4,3.5,e,-0.5,+1,4,4,3.5,e,+1.5,+1
sigma+,sigma-,38,40,0.000016,1.102329e-02,3,3,2.5,f,-2.5,+1,3,3,2.5,f,-0.5,+1
sigma+,sigma-,39,41,0.000016,1.984191e-02,3,3,2.5,f,-1.5,+1,3,3,2.5,f,+0.5,+1
sigma+,sigma-,41,43,0.000016,1.102328e-02,3,3,2.5,f,+0.5,+1,3,3,2.5,f,+2.5,+1
sigma+,sigma-,40,42,0.000016,1.984190e-02,3,3,2.5,f,-0.5,+1,3,3,2.5,f,+1.5,+1
sigma+,sigma-,35,37,0.000017,1.909949e-01,3,3,2.5,e,+0.5,-1,3,3,2.5,e,+2.5,-1
sigma+,sigma-,32,34,0.000017,1.909950e-01,3,3,2.5,e,-2.5,-1,3,3,2.5,e,-0.5,-1
sigma+,sigma-,33,35,0.000017,3.437910e-01,3,3,2.5,e,-1.5,-1,3,3,2.5,e,+0.5,-1
sigma+,sigma-,34,36,0.000017,3.437909e-01,3,3,2.5,e,-0.5,-1,3,3,2.5,e,+1.5,-1
sigma+,sigma-,26,28,0.000017,2.572428e-02,2,2,2.5,f,-2.5,-1,2,2,2.5,f,-0.5,-1
sigma+,sigma-,27,29,0.000017,4.630376e-02,2,2,2.5,f,-1.5,-1,2,2,2.5,f,+0.5,-1
sigma+,sigma-,29,31,0.000017,2.572436e-02,2,2,2.5,f,+0.5,-1,2,2,2.5,f,+2.5,-1
sigma+,sigma-,28,30,0.000017,4.630380e-02,2,2,2.5,f,-0.5,-1,2,2,2.5,f,+1.5,-1
sigma+,sigma-,21,23,0.000018,2.621593e-01,2,2,2.5,e,-1.5,+1,2,2,2.5,e,+0.5,+1
sigma+,sigma-,20,22,0.000018,1.456439e-01,2,2,2.5,e,-2.5,+1,2,2,2.5,e,-0.5,+1
sigma+,sigma-,22,24,0.000018,2.621595e-01,2,2,2.5,e,-0.5,+1,2,2,2.5,e,+1.5,+1
sigma+,sigma-,23,25,0.000018,1.456443e-01,2,2,2.5,e,+0.5,+1,2,2,2.5,e,+2.5,+1
sigma+,sigma-,16,18,0.000030,4.191142e-02,2,2,1.5,f,-1.5,-1,2,2,1.5,f,+0.5,-1
sigma+,sigma-,17,19,0.000030,4.191140e-02,2,2,1.5,f,-0.5,-1,2,2,1.5,f,+1.5,-1
sigma+,sigma-,12,14,0.000031,2.380058e-01,2,2,1.5,e,-1.5,+1,2,2,1.5,e,+0.5,+1
sigma+,sigma-,13,15,0.000031,2.380057e-01,2,2,1.5,e,-0.5,+1,2,2,1.5,e,+1.5,+1
sigma+,sigma-,8,10,0.000041,2.380050e-01,1,1,1.5,f,-1.5,+1,1,1,1.5,f,+0.5,+1
sigma+,sigma-,9,11,0.000041,2.380065e-01,1,1,1.5,f,-0.5,+1,1,1,1.5,f,+1.5,+1
sigma+,sigma-,4,6,0.000042,4.191127e-02,1,1,1.5,e,-1.5,-1,1,1,1.5,e,+0.5,-1
sigma+,sigma-,5,7,0.000042,4.191155e-02,1,1,1.5,e,-0.5,-1,1,1,1.5,e,+1.5,-1
sigma+,sigma-,128,107,3.577458,3.809142e-04,5,5,5.5,f,-5.5,+1,5,5,4.5,f,-3.5,+1
sigma+,sigma-,116,97,3.577459,1.620506e-02,5,5,5.5,e,-5.5,-1,5,5,4.5,e,-3.5,-1
sigma+,sigma-,129,108,3.577460,5.540566e-04,5,5,5.5,f,-4.5,+1,5,5,4.5,f,-2.5,+1
sigma+,sigma-,117,98,3.577461,2.357098e-02,5,5,5.5,e,-4.5,-1,5,5,4.5,e,-2.5,-1
sigma+,sigma-,130,109,3.577461,5.817590e-04,5,5,5.5,f,-3.5,+1,5,5,4.5,f,-1.5,+1
sigma+,sigma-,118,99,3.577462,2.474950e-02,5,5,5.5,e,-3.5,-1,5,5,4.5,e,-1.5,-1
sigma+,sigma-,131,110,3.577462,5.171187e-04,5,5,5.5,f,-2.5,+1,5,5,4.5,f,-0.5,+1
sigma+,sigma-,119,100,3.577463,2.199954e-02,5,5,5.5,e,-2.5,-1,5,5,4.5,e,-0.5,-1
sigma+,sigma-,132,111,3.577464,4.039987e-04,5,5,5.5,f,-1.5,+1,5,5,4.5,f,+0.5,+1
sigma+,sigma-,120,101,3.577465,1.718713e-02,5,5,5.5,e,-1.5,-1,5,5,4.5,e,+0.5,-1
sigma+,sigma-,133,112,3.577465,2.770275e-04,5,5,5.5,f,-0.5,+1,5,5,4.5,f,+1.5,+1
sigma+,sigma-,121,102,3.577466,1.178545e-02,5,5,5.5,e,-0.5,-1,5,5,4.5,e,+1.5,-1
sigma+,sigma-,134,113,3.577466,1.615992e-04,5,5,5.5,f,+0.5,+1,5,5,4.5,f,+2.5,+1
sigma+,sigma-,122,103,3.577468,6.874840e-03,5,5,5.5,e,+0.5,-1,5,5,4.5,e,+2.5,-1
sigma+,sigma-,135,114,3.577468,7.387389e-05,5,5,5.5,f,+1.5,+1,5,5,4.5,f,+3.5,+1
sigma+,sigma-,136,115,3.577469,2.077701e-05,5,5,5.5,f,+2.5,+1,5,5,4.5,f,+4.5,+1
sigma+,sigma-,123,104,3.577469,3.142782e-03,5,5,5.5,e,+1.5,-1,5,5,4.5,e,+3.5,-1
sigma+,sigma-,124,105,3.577471,8.839066e-04,5,5,5.5,e,+2.5,-1,5,5,4.5,e,+4.5,-1
sigma+,sigma-,86,69,4.435462,8.898491e-04,4,4,4.5,f,-4.5,-1,4,4,3.5,f,-2.5,-1
sigma+,sigma-,76,61,4.435463,2.712912e-02,4,4,4.5,e,-4.5,+1,4,4,3.5,e,-2.5,+1
sigma+,sigma-,87,70,4.435464,1.186464e-03,4,4,4.5,f,-3.5,-1,4,4,3.5,f,-1.5,-1
sigma+,sigma-,77,62,4.435465,3.617212e-02,4,4,4.5,e,-3.5,+1,4,4,3.5,e,-1.5,+1
sigma+,sigma-,88,71,4.435466,1.112309e-03,4,4,4.5,f,-2.5,-1,4,4,3.5,f,-0.5,-1
sigma+,sigma-,78,63,4.435467,3.391133e-02,4,4,4.5,e,-2.5,+1,4,4,3.5,e,-0.5,+1
sigma+,sigma-,89,72,4.435468,8.474732e-04,4,4,4.5,f,-1.5,-1,4,4,3.5,f,+0.5,-1
sigma+,sigma-,79,64,4.435469,2.583718e-02,4,4,4.5,e,-1.5,+1,4,4,3.5,e,+0.5,+1
sigma+,sigma-,90,73,4.435470,5.296703e-04,4,4,4.5,f,-0.5,-1,4,4,3.5,f,+1.5,-1
sigma+,sigma-,80,65,4.435471,1.614823e-02,4,4,4.5,e,-0.5,+1,4,4,3.5,e,+1.5,+1
sigma+,sigma-,91,74,4.435471,2.542415e-04,4,4,4.5,f,+0.5,-1,4,4,3.5,f,+2.5,-1
sigma+,sigma-,81,66,4.435473,7.751141e-03,4,4,4.5,e,+0.5,+1,4,4,3.5,e,+2.5,+1
sigma+,sigma-,92,75,4.435473,7.415372e-05,4,4,4.5,f,+1.5,-1,4,4,3.5,f,+3.5,-1
sigma+,sigma-,82,67,4.435475,2.260748e-03,4,4,4.5,e,+1.5,+1,4,4,3.5,e,+3.5,+1
sigma+,sigma-,52,39,5.796189,2.876433e-03,3,3,3.5,f,-3.5,+1,3,3,2.5,f,-1.5,+1
sigma+,sigma-,44,33,5.796190,4.955988e-02,3,3,3.5,e,-3.5,-1,3,3,2.5,e,-1.5,-1
sigma+,sigma-,53,40,5.796192,3.287349e-03,3,3,3.5,f,-2.5,+1,3,3,2.5,f,-0.5,+1
sigma+,sigma-,45,34,5.796193,5.663981e-02,3,3,3.5,e,-2.5,-1,3,3,2.5,e,-0.5,-1
sigma+,sigma-,54,41,5.796195,2.465509e-03,3,3,3.5,f,-1.5,+1,3,3,2.5,f,+0.5,+1
sigma+,sigma-,46,35,5.796196,4.247981e-02,3,3,3.5,e,-1.5,-1,3,3,2.5,e,+0.5,-1
sigma+,sigma-,55,42,5.796198,1.314937e-03,3,3,3.5,f,-0.5,+1,3,3,2.5,f,+1.5,+1
sigma+,sigma-,47,36,5.796199,2.265587e-02,3,3,3.5,e,-0.5,-1,3,3,2.5,e,+1.5,-1
sigma+,sigma-,56,43,5.796201,4.109173e-04,3,3,3.5,f,+0.5,+1,3,3,2.5,f,+2.5,+1
sigma+,sigma-,48,37,5.796202,7.079953e-03,3,3,3.5,e,+0.5,-1,3,3,2.5,e,+2.5,-1
sigma+,sigma-,26,17,8.329673,1.720647e-02,2,2,2.5,f,-2.5,-1,2,2,1.5,f,-0.5,-1
sigma+,sigma-,20,13,8.329674,9.719913e-02,2,2,2.5,e,-2.5,+1,2,2,1.5,e,-0.5,+1
sigma+,sigma-,27,18,8.329680,1.376515e-02,2,2,2.5,f,-1.5,-1,2,2,1.5,f,+0.5,-1
sigma+,sigma-,21,14,8.329680,7.775918e-02,2,2,2.5,e,-1.5,+1,2,2,1.5,e,+0.5,+1
sigma+,sigma-,28,19,8.329686,5.161925e-03,2,2,2.5,f,-0.5,-1,2,2,1.5,f,+1.5,-1
sigma+,sigma-,22,15,8.329687,2.915965e-02,2,2,2.5,e,-0.5,+1,2,2,1.5,e,+1.5,+1
sigma+,sigma-,4,1,15.047656,8.415004e-02,1,1,1.5,e,-1.5,-1,1,1,0.5,e,+0.5,-1
sigma+,sigma-,8,3,15.047657,4.759337e-01,1,1,1.5,f,-1.5,+1,1,1,0.5,f,+0.5,+1
sigma+,sigma-,3,25,29073.263240,2.234334e-03,1,1,0.5,f,+0.5,+1,2,2,2.5,e,+2.5,+1
sigma+,sigma-,2,24,29073.263277,4.468674e-04,1,1,0.5,f,-0.5,+1,2,2,2.5,e,+1.5,+1
sigma+,sigma-,2,15,29081.592946,4.067104e-03,1,1,0.5,f,-0.5,+1,2,2,1.5,e,+1.5,+1
sigma+,sigma-,10,25,29088.310856,4.508366e-03,1,1,1.5,f,+0.5,+1,2,2,2.5,e,+2.5,+1
sigma+,sigma-,9,24,29088.310868,3.606685e-03,1,1,1.5,f,-0.5,+1,2,2,2.5,e,+1.5,+1
sigma+,sigma-,8,23,29088.310879,1.352504e-03,1,1,1.5,f,-1.5,+1,2,2,2.5,e,+0.5,+1
sigma+,sigma-,1,31,29094.423237,2.199326e-01,1,1,0.5,e,+0.5,-1,2,2,2.5,f,+2.5,-1
sigma+,sigma-,0,30,29094.423274,4.398657e-02,1,1,0.5,e,-0.5,-1,2,2,2.5,f,+1.5,-1
sigma+,sigma-,9,15,29096.640537,1.994256e-03,1,1,1.5,f,-0.5,+1,2,2,1.5,e,+1.5,+1
sigma+,sigma-,8,14,29096.640542,1.994261e-03,1,1,1.5,f,-1.5,+1,2,2,1.5,e,+0.5,+1
sigma+,sigma-,0,19,29102.752943,3.958506e-01,1,1,0.5,e,-0.5,-1,2,2,1.5,f,+1.5,-1
sigma+,sigma-,6,31,29109.470851,4.399285e-01,1,1,1.5,e,+0.5,-1,2,2,2.5,f,+2.5,-1
sigma+,sigma-,5,30,29109.470863,3.519421e-01,1,1,1.5,e,-0.5,-1,2,2,2.5,f,+1.5,-1
sigma+,sigma-,4,29,29109.470876,1.319780e-01,1,1,1.5,e,-1.5,-1,2,2,2.5,f,+0.5,-1
sigma+,sigma-,5,19,29117.800532,1.980883e-01,1,1,1.5,e,-0.5,-1,2,2,1.5,f,+1.5,-1
sigma+,sigma-,4,18,29117.800538,1.980889e-01,1,1,1.5,e,-1.5,-1,2,2,1.5,f,+0.5,-1
sigma+,sigma-,19,51,43614.287393,7.234911e-04,2,2,1.5,f,+1.5,-1,3,3,3.5,e,+3.5,-1
sigma+,sigma-,18,50,43614.287403,3.100680e-04,2,2,1.5,f,+0.5,-1,3,3,3.5,e,+2.5,-1
sigma+,sigma-,17,49,43614.287412,1.033562e-04,2,2,1.5,f,-0.5,-1,3,3,3.5,e,+1.5,-1
sigma+,sigma-,16,48,43614.287422,2.067126e-05,2,2,1.5,f,-1.5,-1,3,3,3.5,e,+0.5,-1
sigma+,sigma-,18,37,43620.083594,3.298355e-03,2,2,1.5,f,+0.5,-1,3,3,2.5,e,+2.5,-1
sigma+,sigma-,17,36,43620.083601,2.638685e-03,2,2,1.5,f,-0.5,-1,3,3,2.5,e,+1.5,-1
sigma+,sigma-,16,35,43620.083607,9.895072e-04,2,2,1.5,f,-1.5,-1,3,3,2.5,e,+0.5,-1
sigma+,sigma-,30,51,43622.617062,2.878512e-03,2,2,2.5,f,+1.5,-1,3,3,3.5,e,+3.5,-1
sigma+,sigma-,29,50,43622.617065,3.289726e-03,2,2,2.5,f,+0.5,-1,3,3,3.5,e,+2.5,-1
sigma+,sigma-,28,49,43622.617068,2.467293e-03,2,2,2.5,f,-0.5,-1,3,3,3.5,e,+1.5,-1
sigma+,sigma-,27,48,43622.617072,1.315889e-03,2,2,2.5,f,-1.5,-1,3,3,3.5,e,+0.5,-1
sigma+,sigma-,26,47,43622.617075,4.112151e-04,2,2,2.5,f,-2.5,-1,3,3,3.5,e,-0.5,-1
sigma+,sigma-,29,37,43628.413257,3.138262e-04,2,2,2.5,f,+0.5,-1,3,3,2.5,e,+2.5,-1
sigma+,sigma-,28,36,43628.413257,5.648878e-04,2,2,2.5,f,-0.5,-1,3,3,2.5,e,+1.5,-1
sigma+,sigma-,27,35,43628.413257,5.648885e-04,2,2,2.5,f,-1.5,-1,3,3,2.5,e,+0.5,-1
sigma+,sigma-,26,34,43628.413257,3.138274e-04,2,2,2.5,f,-2.5,-1,3,3,2.5,e,-0.5,-1
sigma+,sigma-,15,59,43661.897386,7.077516e-02,2,2,1.5,e,+1.5,+1,3,3,3.5,f,+3.5,+1
sigma+,sigma-,14,58,43661.897397,3.033224e-02,2,2,1.5,e,+0.5,+1,3,3,3.5,f,+2.5,+1
sigma+,sigma-,13,57,43661.897408,1.011076e-02,2,2,1.5,e,-0.5,+1,3,3,3.5,f,+1.5,+1
sigma+,sigma-,12,56,43661.897418,2.022153e-03,2,2,1.5,e,-1.5,+1,3,3,3.5,f,+0.5,+1
sigma+,sigma-,14,43,43667.693588,3.230845e-01,2,2,1.5,e,+0.5,+1,3,3,2.5,f,+2.5,+1
sigma+,sigma-,13,42,43667.693596,2.584677e-01,2,2,1.5,e,-0.5,+1,3,3,2.5,f,+1.5,+1
sigma+,sigma-,12,41,43667.693604,9.692541e-02,2,2,1.5,e,-1.5,+1,3,3,2.5,f,+0.5,+1
sigma+,sigma-,24,59,43670.227055,2.828267e-01,2,2,2.5,e,+1.5,+1,3,3,3.5,f,+3.5,+1
sigma+,sigma-,23,58,43670.227059,3.232303e-01,2,2,2.5,e,+0.5,+1,3,3,3.5,f,+2.5,+1
sigma+,sigma-,22,57,43670.227063,2.424226e-01,2,2,2.5,e,-0.5,+1,3,3,3.5,f,+1.5,+1
sigma+,sigma-,21,56,43670.227067,1.292920e-01,2,2,2.5,e,-1.5,+1,3,3,3.5,f,+0.5,+1
sigma+,sigma-,20,55,43670.227072,4.040372e-02,2,2,2.5,e,-2.5,+1,3,3,3.5,f,-0.5,+1
sigma+,sigma-,23,43,43676.023251,3.033970e-02,2,2,2.5,e,+0.5,+1,3,3,2.5,f,+2.5,+1
sigma+,sigma-,22,42,43676.023252,5.461155e-02,2,2,2.5,e,-0.5,+1,3,3,2.5,f,+1.5,+1
sigma+,sigma-,21,41,43676.023253,5.461162e-02,2,2,2.5,e,-1.5,+1,3,3,2.5,f,+0.5,+1
sigma+,sigma-,20,40,43676.023254,3.033983e-02,2,2,2.5,e,-2.5,+1,3,3,2.5,f,-0.5,+1
sigma+,sigma-,43,85,58146.058978,1.910961e-03,3,3,2.5,f,+2.5,+1,4,4,4.5,e,+4.5,+1
sigma+,sigma-,42,84,58146.058983,1.061647e-03,3,3,2.5,f,+1.5,+1,4,4,4.5,e,+3.5,+1
sigma+,sigma-,41,83,58146.058987,5.308240e-04,3,3,2.5,f,+0.5,+1,4,4,4.5,e,+2.5,+1
sigma+,sigma-,40,82,58146.058991,2.274963e-04,3,3,2.5,f,-0.5,+1,4,4,4.5,e,+1.5,+1
sigma+,sigma-,39,81,58146.058995,7.583222e-05,3,3,2.5,f,-1.5,+1,4,4,4.5,e,+0.5,+1
sigma+,sigma-,38,80,58146.058999,1.516646e-05,3,3,2.5,f,-2.5,+1,4,4,4.5,e,-0.5,+1
sigma+,sigma-,42,67,58150.494449,1.325098e-02,3,3,2.5,f,+1.5,+1,4,4,3.5,e,+3.5,+1
sigma+,sigma-,41,66,58150.494451,1.514399e-02,3,3,2.5,f,+0.5,+1,4,4,3.5,e,+2.5,+1
sigma+,sigma-,40,65,58150.494453,1.135799e-02,3,3,2.5,f,-0.5,+1,4,4,3.5,e,+1.5,+1
sigma+,sigma-,39,64,58150.494455,6.057597e-03,3,3,2.5,f,-1.5,+1,4,4,3.5,e,+0.5,+1
sigma+,sigma-,38,63,58150.494458,1.892999e-03,3,3,2.5,f,-2.5,+1,4,4,3.5,e,-0.5,+1
sigma+,sigma-,58,85,58151.855170,1.143905e-02,3,3,3.5,f,+2.5,+1,4,4,4.5,e,+4.5,+1
sigma+,sigma-,57,84,58151.855171,1.525206e-02,3,3,3.5,f,+1.5,+1,4,4,4.5,e,+3.5,+1
sigma+,sigma-,56,83,58151.855172,1.429881e-02,3,3,3.5,f,+0.5,+1,4,4,4.5,e,+2.5,+1
sigma+,sigma-,55,82,58151.855173,1.089433e-02,3,3,3.5,f,-0.5,+1,4,4,4.5,e,+1.5,+1
sigma+,sigma-,54,81,58151.855174,6.808951e-03,3,3,3.5,f,-1.5,+1,4,4,4.5,e,+0.5,+1
sigma+,sigma-,53,80,58151.855175,3.268296e-03,3,3,3.5,f,-2.5,+1,4,4,4.5,e,-0.5,+1
sigma+,sigma-,52,79,58151.855176,9.532526e-04,3,3,3.5,f,-3.5,+1,4,4,4.5,e,-1.5,+1
sigma+,sigma-,52,62,58156.290633,4.803275e-04,3,3,3.5,f,-3.5,+1,4,4,3.5,e,-1.5,+1
sigma+,sigma-,53,63,58156.290634,1.029272e-03,3,3,3.5,f,-2.5,+1,4,4,3.5,e,-0.5,+1
sigma+,sigma-,54,64,58156.290635,1.372362e-03,3,3,3.5,f,-1.5,+1,4,4,3.5,e,+0.5,+1
sigma+,sigma-,55,65,58156.290636,1.372361e-03,3,3,3.5,f,-0.5,+1,4,4,3.5,e,+1.5,+1
sigma+,sigma-,56,66,58156.290637,1.029270e-03,3,3,3.5,f,+0.5,+1,4,4,3.5,e,+2.5,+1
sigma+,sigma-,57,67,58156.290638,4.803255e-04,3,3,3.5,f,+1.5,+1,4,4,3.5,e,+3.5,+1
sigma+,sigma-,37,95,58230.698970,3.305199e-02,3,3,2.5,e,+2.5,-1,4,4,4.5,f,+4.5,-1
sigma+,sigma-,36,94,58230.698975,1.836223e-02,3,3,2.5,e,+1.5,-1,4,4,4.5,f,+3.5,-1
sigma+,sigma-,35,93,58230.698980,9.181126e-03,3,3,2.5,e,+0.5,-1,4,4,4.5,f,+2.5,-1
sigma+,sigma-,34,92,58230.698985,3.934772e-03,3,3,2.5,e,-0.5,-1,4,4,4.5,f,+1.5,-1
sigma+,sigma-,33,91,58230.698991,1.311592e-03,3,3,2.5,e,-1.5,-1,4,4,4.5,f,+0.5,-1
sigma+,sigma-,32,90,58230.698996,2.623186e-04,3,3,2.5,e,-2.5,-1,4,4,4.5,f,-0.5,-1
sigma+,sigma-,36,75,58235.134441,2.291886e-01,3,3,2.5,e,+1.5,-1,4,4,3.5,f,+3.5,-1
sigma+,sigma-,35,74,58235.134445,2.619299e-01,3,3,2.5,e,+0.5,-1,4,4,3.5,f,+2.5,-1
sigma+,sigma-,34,73,58235.134448,1.964475e-01,3,3,2.5,e,-0.5,-1,4,4,3.5,f,+1.5,-1
sigma+,sigma-,33,72,58235.134452,1.047720e-01,3,3,2.5,e,-1.5,-1,4,4,3.5,f,+0.5,-1
sigma+,sigma-,32,71,58235.134455,3.274126e-02,3,3,2.5,e,-2.5,-1,4,4,3.5,f,-0.5,-1
sigma+,sigma-,50,95,58236.495161,1.980768e-01,3,3,3.5,e,+2.5,-1,4,4,4.5,f,+4.5,-1
sigma+,sigma-,49,94,58236.495163,2.641024e-01,3,3,3.5,e,+1.5,-1,4,4,4.5,f,+3.5,-1
sigma+,sigma-,48,93,58236.495166,2.475959e-01,3,3,3.5,e,+0.5,-1,4,4,4.5,f,+2.5,-1
sigma+,sigma-,47,92,58236.495168,1.886444e-01,3,3,3.5,e,-0.5,-1,4,4,4.5,f,+1.5,-1
sigma+,sigma-,46,91,58236.495170,1.179027e-01,3,3,3.5,e,-1.5,-1,4,4,4.5,f,+0.5,-1
sigma+,sigma-,45,90,58236.495172,5.659330e-02,3,3,3.5,e,-2.5,-1,4,4,4.5,f,-0.5,-1
sigma+,sigma-,44,89,58236.495174,1.650637e-02,3,3,3.5,e,-3.5,-1,4,4,4.5,f,-1.5,-1
sigma+,sigma-,49,75,58240.930630,8.265851e-03,3,3,3.5,e,+1.5,-1,4,4,3.5,f,+3.5,-1
sigma+,sigma-,48,74,58240.930630,1.771255e-02,3,3,3.5,e,+0.5,-1,4,4,3.5,f,+2.5,-1
sigma+,sigma-,47,73,58240.930630,2.361676e-02,3,3,3.5,e,-0.5,-1,4,4,3.5,f,+1.5,-1
sigma+,sigma-,46,72,58240.930630,2.361679e-02,3,3,3.5,e,-1.5,-1,4,4,3.5,f,+0.5,-1
sigma+,sigma-,45,71,58240.930631,1.771261e-02,3,3,3.5,e,-2.5,-1,4,4,3.5,f,-0.5,-1
sigma+,sigma-,44,70,58240.930631,8.265891e-03,3,3,3.5,e,-3.5,-1,4,4,3.5,f,-1.5,-1
sigma+,sigma-,75,127,72671.161249,2.193380e-03,4,4,3.5,f,+3.5,-1,5,5,5.5,e,+5.5,-1
sigma+,sigma-,74,126,72671.161251,1.395789e-03,4,4,3.5,f,+2.5,-1,5,5,5.5,e,+4.5,-1
sigma+,sigma-,73,125,72671.161254,8.374749e-04,4,4,3.5,f,+1.5,-1,5,5,5.5,e,+3.5,-1
sigma+,sigma-,72,124,72671.161256,4.652645e-04,4,4,3.5,f,+0.5,-1,5,5,5.5,e,+2.5,-1
sigma+,sigma-,71,123,72671.161258,2.326326e-04,4,4,3.5,f,-0.5,-1,5,5,5.5,e,+1.5,-1
sigma+,sigma-,70,122,72671.161260,9.969982e-05,4,4,3.5,f,-1.5,-1,5,5,5.5,e,+0.5,-1
sigma+,sigma-,69,121,72671.161262,3.323332e-05,4,4,3.5,f,-2.5,-1,5,5,5.5,e,-0.5,-1
sigma+,sigma-,68,120,72671.161264,6.646674e-06,4,4,3.5,f,-3.5,-1,5,5,5.5,e,-1.5,-1
sigma+,sigma-,74,105,72674.738716,2.007180e-02,4,4,3.5,f,+2.5,-1,5,5,4.5,e,+4.5,-1
sigma+,sigma-,73,104,72674.738716,2.676241e-02,4,4,3.5,f,+1.5,-1,5,5,4.5,e,+3.5,-1
sigma+,sigma-,72,103,72674.738717,2.508976e-02,4,4,3.5,f,+0.5,-1,5,5,4.5,e,+2.5,-1
sigma+,sigma-,71,102,72674.738718,1.911601e-02,4,4,3.5,f,-0.5,-1,5,5,4.5,e,+1.5,-1
sigma+,sigma-,70,101,72674.738718,1.194751e-02,4,4,3.5,f,-1.5,-1,5,5,4.5,e,+0.5,-1
sigma+,sigma-,69,100,72674.738719,5.734804e-03,4,4,3.5,f,-2.5,-1,5,5,4.5,e,-0.5,-1
sigma+,sigma-,68,99,72674.738720,1.672651e-03,4,4,3.5,f,-3.5,-1,5,5,4.5,e,-1.5,-1
sigma+,sigma-,94,127,72675.596716,1.751516e-02,4,4,4.5,f,+3.5,-1,5,5,5.5,e,+5.5,-1
sigma+,sigma-,93,126,72675.596716,2.547659e-02,4,4,4.5,f,+2.5,-1,5,5,5.5,e,+4.5,-1
sigma+,sigma-,92,125,72675.596716,2.675041e-02,4,4,4.5,f,+1.5,-1,5,5,5.5,e,+3.5,-1
sigma+,sigma-,91,124,72675.596717,2.377814e-02,4,4,4.5,f,+0.5,-1,5,5,5.5,e,+2.5,-1
sigma+,sigma-,90,123,72675.596717,1.857667e-02,4,4,4.5,f,-0.5,-1,5,5,5.5,e,+1.5,-1
sigma+,sigma-,89,122,72675.596717,1.273828e-02,4,4,4.5,f,-1.5,-1,5,5,5.5,e,+0.5,-1
sigma+,sigma-,88,121,72675.596717,7.430664e-03,4,4,4.5,f,-2.5,-1,5,5,5.5,e,-0.5,-1
sigma+,sigma-,87,120,72675.596718,3.396874e-03,4,4,4.5,f,-3.5,-1,5,5,5.5,e,-1.5,-1
sigma+,sigma-,86,119,72675.596718,9.553707e-04,4,4,4.5,f,-4.5,-1,5,5,5.5,e,-2.5,-1
sigma+,sigma-,86,98,72679.174172,3.603150e-04,4,4,4.5,f,-4.5,-1,5,5,4.5,e,-2.5,-1
sigma+,sigma-,87,99,72679.174173,8.407345e-04,4,4,4.5,f,-3.5,-1,5,5,4.5,e,-1.5,-1
sigma+,sigma-,88,100,72679.174174,1.261101e-03,4,4,4.5,f,-2.5,-1,5,5,4.5,e,-0.5,-1
sigma+,sigma-,89,101,72679.174176,1.501310e-03,4,4,4.5,f,-1.5,-1,5,5,4.5,e,+0.5,-1
sigma+,sigma-,90,102,72679.174177,1.501309e-03,4,4,4.5,f,-0.5,-1,5,5,4.5,e,+1.5,-1
sigma+,sigma-,91,103,72679.174178,1.261099e-03,4,4,4.5,f,+0.5,-1,5,5,4.5,e,+2.5,-1
sigma+,sigma-,92,104,72679.174179,8.407320e-04,4,4,4.5,f,+1.5,-1,5,5,4.5,e,+3.5,-1
sigma+,sigma-,93,105,72679.174180,3.603135e-04,4,4,4.5,f,+2.5,-1,5,5,4.5,e,+4.5,-1
sigma+,sigma-,1,37,72722.836476,4.673342e-02,1,1,0.5,e,+0.5,-1,3,3,2.5,e,+2.5,-1
sigma+,sigma-,0,36,72722.836514,9.346692e-03,1,1,0.5,e,-0.5,-1,3,3,2.5,e,+1.5,-1
sigma+,sigma-,7,51,72732.087883,6.003310e-02,1,1,1.5,e,+1.5,-1,3,3,3.5,e,+3.5,-1
sigma+,sigma-,6,50,72732.087899,2.572845e-02,1,1,1.5,e,+0.5,-1,3,3,3.5,e,+2.5,-1
sigma+,sigma-,5,49,72732.087914,8.576145e-03,1,1,1.5,e,-0.5,-1,3,3,3.5,e,+1.5,-1
sigma+,sigma-,4,48,72732.087930,1.715228e-03,1,1,1.5,e,-1.5,-1,3,3,3.5,e,+0.5,-1
sigma+,sigma-,6,37,72737.884090,7.594599e-03,1,1,1.5,e,+0.5,-1,3,3,2.5,e,+2.5,-1
sigma+,sigma-,5,36,72737.884103,6.075694e-03,1,1,1.5,e,-0.5,-1,3,3,2.5,e,+1.5,-1
sigma+,sigma-,4,35,72737.884115,2.278391e-03,1,1,1.5,e,-1.5,-1,3,3,2.5,e,+0.5,-1
sigma+,sigma-,3,43,72749.286473,2.644326e-01,1,1,0.5,f,+0.5,+1,3,3,2.5,f,+2.5,+1
sigma+,sigma-,2,42,72749.286510,5.288656e-02,1,1,0.5,f,-0.5,+1,3,3,2.5,f,+1.5,+1
sigma+,sigma-,11,59,72758.537882,3.398781e-01,1,1,1.5,f,+1.5,+1,3,3,3.5,f,+3.5,+1
sigma+,sigma-,10,58,72758.537897,1.456619e-01,1,1,1.5,f,+0.5,+1,3,3,3.5,f,+2.5,+1
sigma+,sigma-,9,57,72758.537913,4.855394e-02,1,1,1.5,f,-0.5,+1,3,3,3.5,f,+1.5,+1
sigma+,sigma-,8,56,72758.537929,9.710782e-03,1,1,1.5,f,-1.5,+1,3,3,3.5,f,+0.5,+1
sigma+,sigma-,10,43,72764.334089,4.323539e-02,1,1,1.5,f,+0.5,+1,3,3,2.5,f,+2.5,+1
sigma+,sigma-,9,42,72764.334101,3.458840e-02,1,1,1.5,f,-0.5,+1,3,3,2.5,f,+1.5,+1
sigma+,sigma-,8,41,72764.334114,1.297068e-02,1,1,1.5,f,-1.5,+1,3,3,2.5,f,+0.5,+1
sigma+,sigma-,67,139,72803.411239,1.870895e-02,4,4,3.5,e,+3.5,+1,5,5,5.5,f,+5.5,+1
sigma+,sigma-,66,138,72803.411243,1.190571e-02,4,4,3.5,e,+2.5,+1,5,5,5.5,f,+4.5,+1
sigma+,sigma-,65,137,72803.411246,7.143431e-03,4,4,3.5,e,+1.5,+1,5,5,5.5,f,+3.5,+1
sigma+,sigma-,64,136,72803.411249,3.968576e-03,4,4,3.5,e,+0.5,+1,5,5,5.5,f,+2.5,+1
sigma+,sigma-,63,135,72803.411253,1.984290e-03,4,4,3.5,e,-0.5,+1,5,5,5.5,f,+1.5,+1
sigma+,sigma-,62,134,72803.411256,8.504107e-04,4,4,3.5,e,-1.5,+1,5,5,5.5,f,+0.5,+1
sigma+,sigma-,61,133,72803.411259,2.834705e-04,4,4,3.5,e,-2.5,+1,5,5,5.5,f,-0.5,+1
sigma+,sigma-,60,132,72803.411262,5.669415e-05,4,4,3.5,e,-3.5,+1,5,5,5.5,f,-1.5,+1
sigma+,sigma-,66,115,72806.988706,1.711908e-01,4,4,3.5,e,+2.5,+1,5,5,4.5,f,+4.5,+1
sigma+,sigma-,65,114,72806.988708,2.282544e-01,4,4,3.5,e,+1.5,+1,5,5,4.5,f,+3.5,+1
sigma+,sigma-,64,113,72806.988710,2.139886e-01,4,4,3.5,e,+0.5,+1,5,5,4.5,f,+2.5,+1
sigma+,sigma-,63,112,72806.988712,1.630389e-01,4,4,3.5,e,-0.5,+1,5,5,4.5,f,+1.5,+1
sigma+,sigma-,62,111,72806.988714,1.018993e-01,4,4,3.5,e,-1.5,+1,5,5,4.5,f,+0.5,+1
sigma+,sigma-,61,110,72806.988716,4.891169e-02,4,4,3.5,e,-2.5,+1,5,5,4.5,f,-0.5,+1
sigma+,sigma-,60,109,72806.988718,1.426591e-02,4,4,3.5,e,-3.5,+1,5,5,4.5,f,-1.5,+1
sigma+,sigma-,84,139,72807.846706,1.494822e-01,4,4,4.5,e,+3.5,+1,5,5,5.5,f,+5.5,+1
sigma+,sigma-,83,138,72807.846707,2.174287e-01,4,4,4.5,e,+2.5,+1,5,5,5.5,f,+4.5,+1
sigma+,sigma-,82,137,72807.846709,2.283001e-01,4,4,4.5,e,+1.5,+1,5,5,5.5,f,+3.5,+1
sigma+,sigma-,81,136,72807.846710,2.029333e-01,4,4,4.5,e,+0.5,+1,5,5,5.5,f,+2.5,+1
sigma+,sigma-,80,135,72807.846711,1.585416e-01,4,4,4.5,e,-0.5,+1,5,5,5.5,f,+1.5,+1
sigma+,sigma-,79,134,72807.846713,1.087143e-01,4,4,4.5,e,-1.5,+1,5,5,5.5,f,+0.5,+1
sigma+,sigma-,78,133,72807.846714,6.341663e-02,4,4,4.5,e,-2.5,+1,5,5,5.5,f,-0.5,+1
sigma+,sigma-,77,132,72807.846715,2.899046e-02,4,4,4.5,e,-3.5,+1,5,5,5.5,f,-1.5,+1
sigma+,sigma-,76,131,72807.846717,8.153564e-03,4,4,4.5,e,-4.5,+1,5,5,5.5,f,-2.5,+1
sigma+,sigma-,76,108,72811.424171,3.062909e-03,4,4,4.5,e,-4.5,+1,5,5,4.5,f,-2.5,+1
sigma+,sigma-,77,109,72811.424171,7.146782e-03,4,4,4.5,e,-3.5,+1,5,5,4.5,f,-1.5,+1
sigma+,sigma-,78,110,72811.424171,1.072016e-02,4,4,4.5,e,-2.5,+1,5,5,4.5,f,-0.5,+1
sigma+,sigma-,79,111,72811.424171,1.276209e-02,4,4,4.5,e,-1.5,+1,5,5,4.5,f,+0.5,+1
sigma+,sigma-,80,112,72811.424171,1.276208e-02,4,4,4.5,e,-0.5,+1,5,5,4.5,f,+1.5,+1
sigma+,sigma-,81,113,72811.424171,1.072014e-02,4,4,4.5,e,+0.5,+1,5,5,4.5,f,+2.5,+1
sigma+,sigma-,82,114,72811.424171,7.146753e-03,4,4,4.5,e,+1.5,+1,5,5,4.5,f,+3.5,+1
sigma+,sigma-,83,115,72811.424171,3.062892e-03,4,4,4.5,e,+2.5,+1,5,5,4.5,f,+4.5,+1
sigma+,sigma-,15,67,101818.188014,7.506086e-02,2,2,1.5,e,+1.5,+1,4,4,3.5,e,+3.5,+1
sigma+,sigma-,14,66,101818.188024,3.216895e-02,2,2,1.5,e,+0.5,+1,4,4,3.5,e,+2.5,+1
sigma+,sigma-,13,65,101818.188033,1.072299e-02,2,2,1.5,e,-0.5,+1,4,4,3.5,e,+1.5,+1
sigma+,sigma-,12,64,101818.188043,2.144598e-03,2,2,1.5,e,-1.5,+1,4,4,3.5,e,+0.5,+1
sigma+,sigma-,25,85,101822.082211,8.337931e-02,2,2,2.5,e,+2.5,+1,4,4,4.5,e,+4.5,+1
sigma+,sigma-,24,84,101822.082216,4.632182e-02,2,2,2.5,e,+1.5,+1,4,4,4.5,e,+3.5,+1
sigma+,sigma-,23,83,101822.082221,2.316090e-02,2,2,2.5,e,+0.5,+1,4,4,4.5,e,+2.5,+1
sigma+,sigma-,22,82,101822.082226,9.926098e-03,2,2,2.5,e,-0.5,+1,4,4,4.5,e,+1.5,+1
sigma+,sigma-,21,81,101822.082231,3.308698e-03,2,2,2.5,e,-1.5,+1,4,4,4.5,e,+0.5,+1
sigma+,sigma-,20,80,101822.082237,6.617394e-04,2,2,2.5,e,-2.5,+1,4,4,4.5,e,-0.5,+1
sigma+,sigma-,24,67,101826.517683,3.691633e-03,2,2,2.5,e,+1.5,+1,4,4,3.5,e,+3.5,+1
sigma+,sigma-,23,66,101826.517686,4.219014e-03,2,2,2.5,e,+0.5,+1,4,4,3.5,e,+2.5,+1
sigma+,sigma-,22,65,101826.517689,3.164265e-03,2,2,2.5,e,-0.5,+1,4,4,3.5,e,+1.5,+1
sigma+,sigma-,21,64,101826.517692,1.687610e-03,2,2,2.5,e,-1.5,+1,4,4,3.5,e,+0.5,+1
sigma+,sigma-,20,63,101826.517696,5.273787e-04,2,2,2.5,e,-2.5,+1,4,4,3.5,e,-0.5,+1
sigma+,sigma-,19,75,101855.218012,4.249578e-01,2,2,1.5,f,+1.5,-1,4,4,3.5,f,+3.5,-1
sigma+,sigma-,18,74,101855.218022,1.821248e-01,2,2,1.5,f,+0.5,-1,4,4,3.5,f,+2.5,-1
sigma+,sigma-,17,73,101855.218032,6.070830e-02,2,2,1.5,f,-0.5,-1,4,4,3.5,f,+1.5,-1
sigma+,sigma-,16,72,101855.218041,1.214166e-02,2,2,1.5,f,-1.5,-1,4,4,3.5,f,+0.5,-1
sigma+,sigma-,31,95,101859.112210,4.721275e-01,2,2,2.5,f,+2.5,-1,4,4,4.5,f,+4.5,-1
sigma+,sigma-,30,94,101859.112215,2.622930e-01,2,2,2.5,f,+1.5,-1,4,4,4.5,f,+3.5,-1
sigma+,sigma-,29,93,101859.112220,1.311464e-01,2,2,2.5,f,+0.5,-1,4,4,4.5,f,+2.5,-1
sigma+,sigma-,28,92,101859.112225,5.620560e-02,2,2,2.5,f,-0.5,-1,4,4,4.5,f,+1.5,-1
sigma+,sigma-,27,91,101859.112230,1.873519e-02,2,2,2.5,f,-1.5,-1,4,4,4.5,f,+0.5,-1
sigma+,sigma-,26,90,101859.112236,3.747037e-03,2,2,2.5,f,-2.5,-1,4,4,4.5,f,-0.5,-1
sigma+,sigma-,30,75,101863.547681,2.101854e-02,2,2,2.5,f,+1.5,-1,4,4,3.5,f,+3.5,-1
sigma+,sigma-,29,74,101863.547685,2.402121e-02,2,2,2.5,f,+0.5,-1,4,4,3.5,f,+2.5,-1
sigma+,sigma-,28,73,101863.547688,1.801593e-02,2,2,2.5,f,-0.5,-1,4,4,3.5,f,+1.5,-1
sigma+,sigma-,27,72,101863.547691,9.608508e-03,2,2,2.5,f,-1.5,-1,4,4,3.5,f,+0.5,-1
sigma+,sigma-,26,71,101863.547695,3.002662e-03,2,2,2.5,f,-2.5,-1,4,4,3.5,f,-0.5,-1
sigma+,sigma-,37,105,130909.873143,9.005853e-02,3,3,2.5,e,+2.5,-1,5,5,4.5,e,+4.5,-1
sigma+,sigma-,36,104,130909.873147,5.003253e-02,3,3,2.5,e,+1.5,-1,5,5,4.5,e,+3.5,-1
sigma+,sigma-,35,103,130909.873151,2.501627e-02,3,3,2.5,e,+0.5,-1,5,5,4.5,e,+2.5,-1
sigma+,sigma-,34,102,130909.873155,1.072126e-02,3,3,2.5,e,-0.5,-1,5,5,4.5,e,+1.5,-1
sigma+,sigma-,33,101,130909.873159,3.573754e-03,3,3,2.5,e,-1.5,-1,5,5,4.5,e,+0.5,-1
sigma+,sigma-,32,100,130909.873164,7.147510e-04,3,3,2.5,e,-2.5,-1,5,5,4.5,e,-0.5,-1
sigma+,sigma-,51,127,130912.091868,9.550577e-02,3,3,3.5,e,+3.5,-1,5,5,5.5,e,+5.5,-1
sigma+,sigma-,50,126,130912.091871,6.077639e-02,3,3,3.5,e,+2.5,-1,5,5,5.5,e,+4.5,-1
sigma+,sigma-,49,125,130912.091873,3.646582e-02,3,3,3.5,e,+1.5,-1,5,5,5.5,e,+3.5,-1
sigma+,sigma-,48,124,130912.091875,2.025879e-02,3,3,3.5,e,+0.5,-1,5,5,5.5,e,+2.5,-1
sigma+,sigma-,47,123,130912.091878,1.012939e-02,3,3,3.5,e,-0.5,-1,5,5,5.5,e,+1.5,-1
sigma+,sigma-,46,122,130912.091880,4.341166e-03,3,3,3.5,e,-1.5,-1,5,5,5.5,e,+0.5,-1
sigma+,sigma-,45,121,130912.091882,1.447055e-03,3,3,3.5,e,-2.5,-1,5,5,5.5,e,-0.5,-1
sigma+,sigma-,44,120,130912.091885,2.894110e-04,3,3,3.5,e,-3.5,-1,5,5,5.5,e,-1.5,-1
sigma+,sigma-,11,67,130914.828509,2.436319e-10,1,1,1.5,f,+1.5,+1,4,4,3.5,e,+3.5,+1
sigma+,sigma-,10,66,130914.828524,1.044140e-10,1,1,1.5,f,+0.5,+1,4,4,3.5,e,+2.5,+1
sigma+,sigma-,9,65,130914.828539,3.480477e-11,1,1,1.5,f,-0.5,+1,4,4,3.5,e,+1.5,+1
sigma+,sigma-,8,64,130914.828554,6.960974e-12,1,1,1.5,f,-1.5,+1,4,4,3.5,e,+0.5,+1
sigma+,sigma-,50,105,130915.669335,1.976957e-03,3,3,3.5,e,+2.5,-1,5,5,4.5,e,+4.5,-1
sigma+,sigma-,49,104,130915.669336,2.635945e-03,3,3,3.5,e,+1.5,-1,5,5,4.5,e,+3.5,-1
sigma+,sigma-,48,103,130915.669337,2.471200e-03,3,3,3.5,e,+0.5,-1,5,5,4.5,e,+2.5,-1
sigma+,sigma-,47,102,130915.669338,1.882821e-03,3,3,3.5,e,-0.5,-1,5,5,4.5,e,+1.5,-1
sigma+,sigma-,46,101,130915.669338,1.176764e-03,3,3,3.5,e,-1.5,-1,5,5,4.5,e,+0.5,-1
sigma+,sigma-,45,100,130915.669339,5.648471e-04,3,3,3.5,e,-2.5,-1,5,5,4.5,e,-0.5,-1
sigma+,sigma-,44,99,130915.669340,1.647472e-04,3,3,3.5,e,-3.5,-1,5,5,4.5,e,-1.5,-1
sigma+,sigma-,43,115,130957.483142,5.099479e-01,3,3,2.5,f,+2.5,+1,5,5,4.5,f,+4.5,+1
sigma+,sigma-,42,114,130957.483146,2.833044e-01,3,3,2.5,f,+1.5,+1,5,5,4.5,f,+3.5,+1
sigma+,sigma-,41,113,130957.483150,1.416522e-01,3,3,2.5,f,+0.5,+1,5,5,4.5,f,+2.5,+1
sigma+,sigma-,40,112,130957.483154,6.070812e-02,3,3,2.5,f,-0.5,+1,5,5,4.5,f,+1.5,+1
sigma+,sigma-,39,111,130957.483158,2.023604e-02,3,3,2.5,f,-1.5,+1,5,5,4.5,f,+0.5,+1
sigma+,sigma-,38,110,130957.483162,4.047209e-03,3,3,2.5,f,-2.5,+1,5,5,4.5,f,-0.5,+1
sigma+,sigma-,59,139,130959.701867,5.408290e-01,3,3,3.5,f,+3.5,+1,5,5,5.5,f,+5.5,+1
sigma+,sigma-,58,138,130959.701869,3.441639e-01,3,3,3.5,f,+2.5,+1,5,5,5.5,f,+4.5,+1
sigma+,sigma-,57,137,130959.701872,2.064983e-01,3,3,3.5,f,+1.5,+1,5,5,5.5,f,+3.5,+1
sigma+,sigma-,56,136,130959.701874,1.147212e-01,3,3,3.5,f,+0.5,+1,5,5,5.5,f,+2.5,+1
sigma+,sigma-,55,135,130959.701876,5.736061e-02,3,3,3.5,f,-0.5,+1,5,5,5.5,f,+1.5,+1
sigma+,sigma-,54,134,130959.701879,2.458311e-02,3,3,3.5,f,-1.5,+1,5,5,5.5,f,+0.5,+1
sigma+,sigma-,53,133,130959.701881,8.194369e-03,3,3,3.5,f,-2.5,+1,5,5,5.5,f,-0.5,+1
sigma+,sigma-,52,132,130959.701883,1.638873e-03,3,3,3.5,f,-3.5,+1,5,5,5.5,f,-1.5,+1
sigma+,sigma-,58,115,130963.279333,1.125644e-02,3,3,3.5,f,+2.5,+1,5,5,4.5,f,+4.5,+1
sigma+,sigma-,57,114,130963.279334,1.500859e-02,3,3,3.5,f,+1.5,+1,5,5,4.5,f,+3.5,+1
sigma+,sigma-,56,113,130963.279335,1.407057e-02,3,3,3.5,f,+0.5,+1,5,5,4.5,f,+2.5,+1
sigma+,sigma-,55,112,130963.279336,1.072044e-02,3,3,3.5,f,-0.5,+1,5,5,4.5,f,+1.5,+1
sigma+,sigma-,54,111,130963.279337,6.700280e-03,3,3,3.5,f,-1.5,+1,5,5,4.5,f,+0.5,+1
sigma+,sigma-,53,110,130963.279338,3.216137e-03,3,3,3.5,f,-2.5,+1,5,5,4.5,f,-0.5,+1
sigma+,sigma-,52,109,130963.279339,9.380407e-04,3,3,3.5,f,-3.5,+1,5,5,4.5,f,-1.5,+1
sigma+,sigma-,7,75,130973.018502,2.369097e-08,1,1,1.5,e,+1.5,-1,4,4,3.5,f,+3.5,-1
sigma+,sigma-,6,74,130973.018518,1.015330e-08,1,1,1.5,e,+0.5,-1,4,4,3.5,f,+2.5,-1
sigma+,sigma-,5,73,130973.018534,3.384444e-09,1,1,1.5,e,-0.5,-1,4,4,3.5,f,+1.5,-1
sigma+,sigma-,4,72,130973.018550,6.768907e-10,1,1,1.5,e,-1.5,-1,4,4,3.5,f,+0.5,-1
sigma+,sigma-,31,105,174538.286383,7.797494e-10,2,2,2.5,f,+2.5,-1,5,5,4.5,e,+4.5,-1
sigma+,sigma-,30,104,174538.286387,4.331948e-10,2,2,2.5,f,+1.5,-1,5,5,4.5,e,+3.5,-1
sigma+,sigma-,29,103,174538.286391,2.165977e-10,2,2,2.5,f,+0.5,-1,5,5,4.5,e,+2.5,-1
sigma+,sigma-,28,102,174538.286395,9.282772e-11,2,2,2.5,f,-0.5,-1,5,5,4.5,e,+1.5,-1
sigma+,sigma-,27,101,174538.286399,3.094262e-11,2,2,2.5,f,-1.5,-1,5,5,4.5,e,+0.5,-1
sigma+,sigma-,26,100,174538.286403,6.188532e-12,2,2,2.5,f,-2.5,-1,5,5,4.5,e,-0.5,-1
sigma+,sigma-,25,115,174633.506374,1.342610e-08,2,2,2.5,e,+2.5,+1,5,5,4.5,f,+4.5,+1
sigma+,sigma-,24,114,174633.506379,7.458954e-09,2,2,2.5,e,+1.5,+1,5,5,4.5,f,+3.5,+1
sigma+,sigma-,23,113,174633.506385,3.729482e-09,2,2,2.5,e,+0.5,+1,5,5,4.5,f,+2.5,+1
sigma+,sigma-,22,112,174633.506390,1.598352e-09,2,2,2.5,e,-0.5,+1,5,5,4.5,f,+1.5,+1
sigma+,sigma-,21,111,174633.506395,5.327846e-10,2,2,2.5,e,-1.5,+1,5,5,4.5,f,+0.5,+1
sigma+,sigma-,20,110,174633.506400,1.065571e-10,2,2,2.5,e,-2.5,+1,5,5,4.5,f,-0.5,+1
sigma-,sigma+,110,20,-174633.506400,1.065571e-10,5,5,4.5,f,-0.5,+1,2,2,2.5,e,-2.5,+1
sigma-,sigma+,111,21,-174633.506395,5.327846e-10,5,5,4.5,f,+0.5,+1,2,2,2.5,e,-1.5,+1
sigma-,sigma+,112,22,-174633.506390,1.598352e-09,5,5,4.5,f,+1.5,+1,2,2,2.5,e,-0.5,+1
sigma-,sigma+,113,23,-174633.506385,3.729482e-09,5,5,4.5,f,+2.5,+1,2,2,2.5,e,+0.5,+1
sigma-,sigma+,114,24,-174633.506379,7.458954e-09,5,5,4.5,f,+3.5,+1,2,2,2.5,e,+1.5,+1
sigma-,sigma+,115,25,-174633.506374,1.342610e-08,5,5,4.5,f,+4.5,+1,2,2,2.5,e,+2.5,+1
sigma-,sigma+,100,26,-174538.286403,6.188532e-12,5,5,4.5,e,-0.5,-1,2,2,2.5,f,-2.5,-1
sigma-,sigma+,101,27,-174538.286399,3.094262e-11,5,5,4.5,e,+0.5,-1,2,2,2.5,f,-1.5,-1
sigma-,sigma+,102,28,-174538.286395,9.282772e-11,5,5,4.5,e,+1.5,-1,2,2,2.5,f,-0.5,-1
sigma-,sigma+,103,29,-174538.286391,2.165977e-10,5,5,4.5,e,+2.5,-1,2,2,2.5,f,+0.5,-1
sigma-,sigma+,104,30,-174538.286387,4.331948e-10,5,5,4.5,e,+3.5,-1,2,2,2.5,f,+1.5,-1
sigma-,sigma+,105,31,-174538.286383,7.797494e-10,5,5,4.5,e,+4.5,-1,2,2,2.5,f,+2.5,-1
sigma-,sigma+,72,4,-130973.018550,6.768907e-10,4,4,3.5,f,+0.5,-1,1,1,1.5,e,-1.5,-1
sigma-,sigma+,73,5,-130973.018534,3.384444e-09,4,4,3.5,f,+1.5,-1,1,1,1.5,e,-0.5,-1
sigma-,sigma+,74,6,-130973.018518,1.015330e-08,4,4,3.5,f,+2.5,-1,1,1,1.5,e,+0.5,-1
sigma-,sigma+,75,7,-130973.018502,2.369097e-08,4,4,3.5,f,+3.5,-1,1,1,1.5,e,+1.5,-1
sigma-,sigma+,109,52,-130963.279339,9.380407e-04,5,5,4.5,f,-1.5,+1,3,3,3.5,f,-3.5,+1
sigma-,sigma+,110,53,-130963.279338,3.216137e-03,5,5,4.5,f,-0.5,+1,3,3,3.5,f,-2.5,+1
sigma-,sigma+,111,54,-130963.279337,6.700280e-03,5,5,4.5,f,+0.5,+1,3,3,3.5,f,-1.5,+1
sigma-,sigma+,112,55,-130963.279336,1.072044e-02,5,5,4.5,f,+1.5,+1,3,3,3.5,f,-0.5,+1
sigma-,sigma+,113,56,-130963.279335,1.407057e-02,5,5,4.5,f,+2.5,+1,3,3,3.5,f,+0.5,+1
sigma-,sigma+,114,57,-130963.279334,1.500859e-02,5,5,4.5,f,+3.5,+1,3,3,3.5,f,+1.5,+1
sigma-,sigma+,115,58,-130963.279333,1.125644e-02,5,5,4.5,f,+4.5,+1,3,3,3.5,f,+2.5,+1
sigma-,sigma+,132,52,-130959.701883,1.638873e-03,5,5,5.5,f,-1.5,+1,3,3,3.5,f,-3.5,+1
sigma-,sigma+,133,53,-130959.701881,8.194369e-03,5,5,5.5,f,-0.5,+1,3,3,3.5,f,-2.5,+1
sigma-,sigma+,134,54,-130959.701879,2.458311e-02,5,5,5.5,f,+0.5,+1,3,3,3.5,f,-1.5,+1
sigma-,sigma+,135,55,-130959.701876,5.736061e-02,5,5,5.5,f,+1.5,+1,3,3,3.5,f,-0.5,+1
sigma-,sigma+,136,56,-130959.701874,1.147212e-01,5,5,5.5,f,+2.5,+1,3,3,3.5,f,+0.5,+1
sigma-,sigma+,137,57,-130959.701872,2.064983e-01,5,5,5.5,f,+3.5,+1,3,3,3.5,f,+1.5,+1
sigma-,sigma+,138,58,-130959.701869,3.441639e-01,5,5,5.5,f,+4.5,+1,3,3,3.5,f,+2.5,+1
sigma-,sigma+,139,59,-130959.701867,5.408290e-01,5,5,5.5,f,+5.5,+1,3,3,3.5,f,+3.5,+1
sigma-,sigma+,110,38,-130957.483162,4.047209e-03,5,5,4.5,f,-0.5,+1,3,3,2.5,f,-2.5,+1
sigma-,sigma+,111,39,-130957.483158,2.023604e-02,5,5,4.5,f,+0.5,+1,3,3,2.5,f,-1.5,+1
sigma-,sigma+,112,40,-130957.483154,6.070812e-02,5,5,4.5,f,+1.5,+1,3,3,2.5,f,-0.5,+1
sigma-,sigma+,113,41,-130957.483150,1.416522e-01,5,5,4.5,f,+2.5,+1,3,3,2.5,f,+0.5,+1
sigma-,sigma+,114,42,-130957.483146,2.833044e-01,5,5,4.5,f,+3.5,+1,3,3,2.5,f,+1.5,+1
sigma-,sigma+,115,43,-130957.483142,5.099479e-01,5,5,4.5,f,+4.5,+1,3,3,2.5,f,+2.5,+1
sigma-,sigma+,99,44,-130915.669340,1.647472e-04,5,5,4.5,e,-1.5,-1,3,3,3.5,e,-3.5,-1
sigma-,sigma+,100,45,-130915.669339,5.648471e-04,5,5,4.5,e,-0.5,-1,3,3,3.5,e,-2.5,-1
sigma-,sigma+,101,46,-130915.669338,1.176764e-03,5,5,4.5,e,+0.5,-1,3,3,3.5,e,-1.5,-1
sigma-,sigma+,102,47,-130915.669338,1.882821e-03,5,5,4.5,e,+1.5,-1,3,3,3.5,e,-0.5,-1
sigma-,sigma+,103,48,-130915.669337,2.471200e-03,5,5,4.5,e,+2.5,-1,3,3,3.5,e,+0.5,-1
sigma-,sigma+,104,49,-130915.669336,2.635945e-03,5,5,4.5,e,+3.5,-1,3,3,3.5,e,+1.5,-1
sigma-,sigma+,105,50,-130915.669335,1.976957e-03,5,5,4.5,e,+4.5,-1,3,3,3.5,e,+2.5,-1
sigma-,sigma+,64,8,-130914.828554,6.960974e-12,4,4,3.5,e,+0.5,+1,1,1,1.5,f,-1.5,+1
sigma-,sigma+,65,9,-130914.828539,3.480477e-11,4,4,3.5,e,+1.5,+1,1,1,1.5,f,-0.5,+1
sigma-,sigma+,66,10,-130914.828524,1.044140e-10,4,4,3.5,e,+2.5,+1,1,1,1.5,f,+0.5,+1
sigma-,sigma+,67,11,-130914.828509,2.436319e-10,4,4,3.5,e,+3.5,+1,1,1,1.5,f,+1.5,+1
sigma-,sigma+,120,44,-130912.091885,2.894110e-04,5,5,5.5,e,-1.5,-1,3,3,3.5,e,-3.5,-1
sigma-,sigma+,121,45,-130912.091882,1.447055e-03,5,5,5.5,e,-0.5,-1,3,3,3.5,e,-2.5,-1
sigma-,sigma+,122,46,-130912.091880,4.341166e-03,5,5,5.5,e,+0.5,-1,3,3,3.5,e,-1.5,-1
sigma-,sigma+,123,47,-130912.091878,1.012939e-02,5,5,5.5,e,+1.5,-1,3,3,3.5,e,-0.5,-1
sigma-,sigma+,124,48,-130912.091875,2.025879e-02,5,5,5.5,e,+2.5,-1,3,3,3.5,e,+0.5,-1
sigma-,sigma+,125,49,-130912.091873,3.646582e-02,5,5,5.5,e,+3.5,-1,3,3,3.5,e,+1.5,-1
sigma-,sigma+,126,50,-130912.091871,6.077639e-02,5,5,5.5,e,+4.5,-1,3,3,3.5,e,+2.5,-1
sigma-,sigma+,127,51,-130912.091868,9.550577e-02,5,5,5.5,e,+5.5,-1,3,3,3.5,e,+3.5,-1
sigma-,sigma+,100,32,-130909.873164,7.147510e-04,5,5,4.5,e,-0.5,-1,3,3,2.5,e,-2.5,-1
sigma-,sigma+,101,33,-130909.873159,3.573754e-03,5,5,4.5,e,+0.5,-1,3,3,2.5,e,-1.5,-1
sigma-,sigma+,102,34,-130909.873155,1.072126e-02,5,5,4.5,e,+1.5,-1,3,3,2.5,e,-0.5,-1
sigma-,sigma+,103,35,-130909.873151,2.501627e-02,5,5,4.5,e,+2.5,-1,3,3,2.5,e,+0.5,-1
sigma-,sigma+,104,36,-130909.873147,5.003253e-02,5,5,4.5,e,+3.5,-1,3,3,2.5,e,+1.5,-1
sigma-,sigma+,105,37,-130909.873143,9.005853e-02,5,5,4.5,e,+4.5,-1,3,3,2.5,e,+2.5,-1
sigma-,sigma+,71,26,-101863.547695,3.002662e-03,4,4,3.5,f,-0.5,-1,2,2,2.5,f,-2.5,-1
sigma-,sigma+,72,27,-101863.547691,9.608508e-03,4,4,3.5,f,+0.5,-1,2,2,2.5,f,-1.5,-1
sigma-,sigma+,73,28,-101863.547688,1.801593e-02,4,4,3.5,f,+1.5,-1,2,2,2.5,f,-0.5,-1
sigma-,sigma+,74,29,-101863.547685,2.402121e-02,4,4,3.5,f,+2.5,-1,2,2,2.5,f,+0.5,-1
sigma-,sigma+,75,30,-101863.547681,2.101854e-02,4,4,3.5,f,+3.5,-1,2,2,2.5,f,+1.5,-1
sigma-,sigma+,90,26,-101859.112236,3.747037e-03,4,4,4.5,f,-0.5,-1,2,2,2.5,f,-2.5,-1
sigma-,sigma+,91,27,-101859.112230,1.873519e-02,4,4,4.5,f,+0.5,-1,2,2,2.5,f,-1.5,-1
sigma-,sigma+,92,28,-101859.112225,5.620560e-02,4,4,4.5,f,+1.5,-1,2,2,2.5,f,-0.5,-1
sigma-,sigma+,93,29,-101859.112220,1.311464e-01,4,4,4.5,f,+2.5,-1,2,2,2.5,f,+0.5,-1
sigma-,sigma+,94,30,-101859.112215,2.622930e-01,4,4,4.5,f,+3.5,-1,2,2,2.5,f,+1.5,-1
sigma-,sigma+,95,31,-101859.112210,4.721275e-01,4,4,4.5,f,+4.5,-1,2,2,2.5,f,+2.5,-1
sigma-,sigma+,72,16,-101855.218041,1.214166e-02,4,4,3.5,f,+0.5,-1,2,2,1.5,f,-1.5,-1
sigma-,sigma+,73,17,-101855.218032,6.070830e-02,4,4,3.5,f,+1.5,-1,2,2,1.5,f,-0.5,-1
sigma-,sigma+,74,18,-101855.218022,1.821248e-01,4,4,3.5,f,+2.5,-1,2,2,1.5,f,+0.5,-1
sigma-,sigma+,75,19,-101855.218012,4.249578e-01,4,4,3.5,f,+3.5,-1,2,2,1.5,f,+1.5,-1
sigma-,sigma+,63,20,-101826.517696,5.273787e-04,4,4,3.5,e,-0.5,+1,2,2,2.5,e,-2.5,+1
sigma-,sigma+,64,21,-101826.517692,1.687610e-03,4,4,3.5,e,+0.5,+1,2,2,2.5,e,-1.5,+1
sigma-,sigma+,65,22,-101826.517689,3.164265e-03,4,4,3.5,e,+1.5,+1,2,2,2.5,e,-0.5,+1
sigma-,sigma+,66,23,-101826.517686,4.219014e-03,4,4,3.5,e,+2.5,+1,2,2,2.5,e,+0.5,+1
sigma-,sigma+,67,24,-101826.517683,3.691633e-03,4,4,3.5,e,+3.5,+1,2,2,2.5,e,+1.5,+1
sigma-,sigma+,80,20,-101822.082237,6.617394e-04,4,4,4.5,e,-0.5,+1,2,2,2.5,e,-2.5,+1
sigma-,sigma+,81,21,-101822.082231,3.308698e-03,4,4,4.5,e,+0.5,+1,2,2,2.5,e,-1.5,+1
sigma-,sigma+,82,22,-101822.082226,9.926098e-03,4,4,4.5,e,+1.5,+1,2,2,2.5,e,-0.5,+1
sigma-,sigma+,83,23,-101822.082221,2.316090e-02,4,4,4.5,e,+2.5,+1,2,2,2.5,e,+0.5,+1
sigma-,sigma+,84,24,-101822.082216,4.632182e-02,4,4,4.5,e,+3.5,+1,2,2,2.5,e,+1.5,+1
sigma-,sigma+,85,25,-101822.082211,8.337931e-02,4,4,4.5,e,+4.5,+1,2,2,2.5,e,+2.5,+1
sigma-,sigma+,64,12,-101818.188043,2.144598e-03,4,4,3.5,e,+0.5,+1,2,2,1.5,e,-1.5,+1
sigma-,sigma+,65,13,-101818.188033,1.072299e-02,4,4,3.5,e,+1.5,+1,2,2,1.5,e,-0.5,+1
sigma-,sigma+,66,14,-101818.188024,3.216895e-02,4,4,3.5,e,+2.5,+1,2,2,1.5,e,+0.5,+1
sigma-,sigma+,67,15,-101818.188014,7.506086e-02,4,4,3.5,e,+3.5,+1,2,2,1.5,e,+1.5,+1
sigma-,sigma+,115,83,-72811.424171,3.062892e-03,5,5,4.5,f,+4.5,+1,4,4,4.5,e,+2.5,+1
sigma-,sigma+,114,82,-72811.424171,7.146753e-03,5,5,4.5,f,+3.5,+1,4,4,4.5,e,+1.5,+1
sigma-,sigma+,113,81,-72811.424171,1.072014e-02,5,5,4.5,f,+2.5,+1,4,4,4.5,e,+0.5,+1
sigma-,sigma+,112,80,-72811.424171,1.276208e-02,5,5,4.5,f,+1.5,+1,4,4,4.5,e,-0.5,+1
sigma-,sigma+,111,79,-72811.424171,1.276209e-02,5,5,4.5,f,+0.5,+1,4,4,4.5,e,-1.5,+1
sigma-,sigma+,110,78,-72811.424171,1.072016e-02,5,5,4.5,f,-0.5,+1,4,4,4.5,e,-2.5,+1
sigma-,sigma+,109,77,-72811.424171,7.146782e-03,5,5,4.5,f,-1.5,+1,4,4,4.5,e,-3.5,+1
sigma-,sigma+,108,76,-72811.424171,3.062909e-03,5,5,4.5,f,-2.5,+1,4,4,4.5,e,-4.5,+1
sigma-,sigma+,131,76,-72807.846717,8.153564e-03,5,5,5.5,f,-2.5,+1,4,4,4.5,e,-4.5,+1
sigma-,sigma+,132,77,-72807.846715,2.899046e-02,5,5,5.5,f,-1.5,+1,4,4,4.5,e,-3.5,+1
sigma-,sigma+,133,78,-72807.846714,6.341663e-02,5,5,5.5,f,-0.5,+1,4,4,4.5,e,-2.5,+1
sigma-,sigma+,134,79,-72807.846713,1.087143e-01,5,5,5.5,f,+0.5,+1,4,4,4.5,e,-1.5,+1
sigma-,sigma+,135,80,-72807.846711,1.585416e-01,5,5,5.5,f,+1.5,+1,4,4,4.5,e,-0.5,+1
sigma-,sigma+,136,81,-72807.846710,2.029333e-01,5,5,5.5,f,+2.5,+1,4,4,4.5,e,+0.5,+1
sigma-,sigma+,137,82,-72807.846709,2.283001e-01,5,5,5.5,f,+3.5,+1,4,4,4.5,e,+1.5,+1
sigma-,sigma+,138,83,-72807.846707,2.174287e-01,5,5,5.5,f,+4.5,+1,4,4,4.5,e,+2.5,+1
sigma-,sigma+,139,84,-72807.846706,1.494822e-01,5,5,5.5,f,+5.5,+1,4,4,4.5,e,+3.5,+1
sigma-,sigma+,109,60,-72806.988718,1.426591e-02,5,5,4.5,f,-1.5,+1,4,4,3.5,e,-3.5,+1
sigma-,sigma+,110,61,-72806.988716,4.891169e-02,5,5,4.5,f,-0.5,+1,4,4,3.5,e,-2.5,+1
sigma-,sigma+,111,62,-72806.988714,1.018993e-01,5,5,4.5,f,+0.5,+1,4,4,3.5,e,-1.5,+1
sigma-,sigma+,112,63,-72806.988712,1.630389e-01,5,5,4.5,f,+1.5,+1,4,4,3.5,e,-0.5,+1
sigma-,sigma+,113,64,-72806.988710,2.139886e-01,5,5,4.5,f,+2.5,+1,4,4,3.5,e,+0.5,+1
sigma-,sigma+,114,65,-72806.988708,2.282544e-01,5,5,4.5,f,+3.5,+1,4,4,3.5,e,+1.5,+1
sigma-,sigma+,115,66,-72806.988706,1.711908e-01,5,5,4.5,f,+4.5,+1,4,4,3.5,e,+2.5,+1
sigma-,sigma+,132,60,-72803.411262,5.669415e-05,5,5,5.5,f,-1.5,+1,4,4,3.5,e,-3.5,+1
sigma-,sigma+,133,61,-72803.411259,2.834705e-04,5,5,5.5,f,-0.5,+1,4,4,3.5,e,-2.5,+1
sigma-,sigma+,134,62,-72803.411256,8.504107e-04,5,5,5.5,f,+0.5,+1,4,4,3.5,e,-1.5,+1
sigma-,sigma+,135,63,-72803.411253,1.984290e-03,5,5,5.5,f,+1.5,+1,4,4,3.5,e,-0.5,+1
sigma-,sigma+,136,64,-72803.411249,3.968576e-03,5,5,5.5,f,+2.5,+1,4,4,3.5,e,+0.5,+1
sigma-,sigma+,137,65,-72803.411246,7.143431e-03,5,5,5.5,f,+3.5,+1,4,4,3.5,e,+1.5,+1
sigma-,sigma+,138,66,-72803.411243,1.190571e-02,5,5,5.5,f,+4.5,+1,4,4,3.5,e,+2.5,+1
sigma-,sigma+,139,67,-72803.411239,1.870895e-02,5,5,5.5,f,+5.5,+1,4,4,3.5,e,+3.5,+1
sigma-,sigma+,41,8,-72764.334114,1.297068e-02,3,3,2.5,f,+0.5,+1,1,1,1.5,f,-1.5,+1
sigma-,sigma+,42,9,-72764.334101,3.458840e-02,3,3,2.5,f,+1.5,+1,1,1,1.5,f,-0.5,+1
sigma-,sigma+,43,10,-72764.334089,4.323539e-02,3,3,2.5,f,+2.5,+1,1,1,1.5,f,+0.5,+1
sigma-,sigma+,56,8,-72758.537929,9.710782e-03,3,3,3.5,f,+0.5,+1,1,1,1.5,f,-1.5,+1
sigma-,sigma+,57,9,-72758.537913,4.855394e-02,3,3,3.5,f,+1.5,+1,1,1,1.5,f,-0.5,+1
sigma-,sigma+,58,10,-72758.537897,1.456619e-01,3,3,3.5,f,+2.5,+1,1,1,1.5,f,+0.5,+1
sigma-,sigma+,59,11,-72758.537882,3.398781e-01,3,3,3.5,f,+3.5,+1,1,1,1.5,f,+1.5,+1
sigma-,sigma+,42,2,-72749.286510,5.288656e-02,3,3,2.5,f,+1.5,+1,1,1,0.5,f,-0.5,+1
sigma-,sigma+,43,3,-72749.286473,2.644326e-01,3,3,2.5,f,+2.5,+1,1,1,0.5,f,+0.5,+1
sigma-,sigma+,35,4,-72737.884115,2.278391e-03,3,3,2.5,e,+0.5,-1,1,1,1.5,e,-1.5,-1
sigma-,sigma+,36,5,-72737.884103,6.075694e-03,3,3,2.5,e,+1.5,-1,1,1,1.5,e,-0.5,-1
sigma-,sigma+,37,6,-72737.884090,7.594599e-03,3,3,2.5,e,+2.5,-1,1,1,1.5,e,+0.5,-1
sigma-,sigma+,48,4,-72732.087930,1.715228e-03,3,3,3.5,e,+0.5,-1,1,1,1.5,e,-1.5,-1
sigma-,sigma+,49,5,-72732.087914,8.576145e-03,3,3,3.5,e,+1.5,-1,1,1,1.5,e,-0.5,-1
sigma-,sigma+,50,6,-72732.087899,2.572845e-02,3,3,3.5,e,+2.5,-1,1,1,1.5,e,+0.5,-1
sigma-,sigma+,51,7,-72732.087883,6.003310e-02,3,3,3.5,e,+3.5,-1,1,1,1.5,e,+1.5,-1
sigma-,sigma+,36,0,-72722.836514,9.346692e-03,3,3,2.5,e,+1.5,-1,1,1,0.5,e,-0.5,-1
sigma-,sigma+,37,1,-72722.836476,4.673342e-02,3,3,2.5,e,+2.5,-1,1,1,0.5,e,+0.5,-1
sigma-,sigma+,105,93,-72679.174180,3.603135e-04,5,5,4.5,e,+4.5,-1,4,4,4.5,f,+2.5,-1
sigma-,sigma+,104,92,-72679.174179,8.407320e-04,5,5,4.5,e,+3.5,-1,4,4,4.5,f,+1.5,-1
sigma-,sigma+,103,91,-72679.174178,1.261099e-03,5,5,4.5,e,+2.5,-1,4,4,4.5,f,+0.5,-1
sigma-,sigma+,102,90,-72679.174177,1.501309e-03,5,5,4.5,e,+1.5,-1,4,4,4.5,f,-0.5,-1
sigma-,sigma+,101,89,-72679.174176,1.501310e-03,5,5,4.5,e,+0.5,-1,4,4,4.5,f,-1.5,-1
sigma-,sigma+,100,88,-72679.174174,1.261101e-03,5,5,4.5,e,-0.5,-1,4,4,4.5,f,-2.5,-1
sigma-,sigma+,99,87,-72679.174173,8.407345e-04,5,5,4.5,e,-1.5,-1,4,4,4.5,f,-3.5,-1
sigma-,sigma+,98,86,-72679.174172,3.603150e-04,5,5,4.5,e,-2.5,-1,4,4,4.5,f,-4.5,-1
sigma-,sigma+,119,86,-72675.596718,9.553707e-04,5,5,5.5,e,-2.5,-1,4,4,4.5,f,-4.5,-1
sigma-,sigma+,120,87,-72675.596718,3.396874e-03,5,5,5.5,e,-1.5,-1,4,4,4.5,f,-3.5,-1
sigma-,sigma+,121,88,-72675.596717,7.430664e-03,5,5,5.5,e,-0.5,-1,4,4,4.5,f,-2.5,-1
sigma-,sigma+,122,89,-72675.596717,1.273828e-02,5,5,5.5,e,+0.5,-1,4,4,4.5,f,-1.5,-1
sigma-,sigma+,123,90,-72675.596717,1.857667e-02,5,5,5.5,e,+1.5,-1,4,4,4.5,f,-0.5,-1
sigma-,sigma+,124,91,-72675.596717,2.377814e-02,5,5,5.5,e,+2.5,-1,4,4,4.5,f,+0.5,-1
sigma-,sigma+,125,92,-72675.596716,2.675041e-02,5,5,5.5,e,+3.5,-1,4,4,4.5,f,+1.5,-1
sigma-,sigma+,126,93,-72675.596716,2.547659e-02,5,5,5.5,e,+4.5,-1,4,4,4.5,f,+2.5,-1
sigma-,sigma+,127,94,-72675.596716,1.751516e-02,5,5,5.5,e,+5.5,-1,4,4,4.5,f,+3.5,-1
sigma-,sigma+,99,68,-72674.738720,1.672651e-03,5,5,4.5,e,-1.5,-1,4,4,3.5,f,-3.5,-1
sigma-,sigma+,100,69,-72674.738719,5.734804e-03,5,5,4.5,e,-0.5,-1,4,4,3.5,f,-2.5,-1
sigma-,sigma+,101,70,-72674.738718,1.194751e-02,5,5,4.5,e,+0.5,-1,4,4,3.5,f,-1.5,-1
sigma-,sigma+,102,71,-72674.738718,1.911601e-02,5,5,4.5,e,+1.5,-1,4,4,3.5,f,-0.5,-1
sigma-,sigma+,103,72,-72674.738717,2.508976e-02,5,5,4.5,e,+2.5,-1,4,4,3.5,f,+0.5,-1
sigma-,sigma+,104,73,-72674.738716,2.676241e-02,5,5,4.5,e,+3.5,-1,4,4,3.5,f,+1.5,-1
sigma-,sigma+,105,74,-72674.738716,2.007180e-02,5,5,4.5,e,+4.5,-1,4,4,3.5,f,+2.5,-1
sigma-,sigma+,120,68,-72671.161264,6.646674e-06,5,5,5.5,e,-1.5,-1,4,4,3.5,f,-3.5,-1
sigma-,sigma+,121,69,-72671.161262,3.323332e-05,5,5,5.5,e,-0.5,-1,4,4,3.5,f,-2.5,-1
sigma-,sigma+,122,70,-72671.161260,9.969982e-05,5,5,5.5,e,+0.5,-1,4,4,3.5,f,-1.5,-1
sigma-,sigma+,123,71,-72671.161258,2.326326e-04,5,5,5.5,e,+1.5,-1,4,4,3.5,f,-0.5,-1
sigma-,sigma+,124,72,-72671.161256,4.652645e-04,5,5,5.5,e,+2.5,-1,4,4,3.5,f,+0.5,-1
sigma-,sigma+,125,73,-72671.161254,8.374749e-04,5,5,5.5,e,+3.5,-1,4,4,3.5,f,+1.5,-1
sigma-,sigma+,126,74,-72671.161251,1.395789e-03,5,5,5.5,e,+4.5,-1,4,4,3.5,f,+2.5,-1
sigma-,sigma+,127,75,-72671.161249,2.193380e-03,5,5,5.5,e,+5.5,-1,4,4,3.5,f,+3.5,-1
sigma-,sigma+,70,44,-58240.930631,8.265891e-03,4,4,3.5,f,-1.5,-1,3,3,3.5,e,-3.5,-1
sigma-,sigma+,71,45,-58240.930631,1.771261e-02,4,4,3.5,f,-0.5,-1,3,3,3.5,e,-2.5,-1
sigma-,sigma+,72,46,-58240.930630,2.361679e-02,4,4,3.5,f,+0.5,-1,3,3,3.5,e,-1.5,-1
sigma-,sigma+,73,47,-58240.930630,2.361676e-02,4,4,3.5,f,+1.5,-1,3,3,3.5,e,-0.5,-1
sigma-,sigma+,74,48,-58240.930630,1.771255e-02,4,4,3.5,f,+2.5,-1,3,3,3.5,e,+0.5,-1
sigma-,sigma+,75,49,-58240.930630,8.265851e-03,4,4,3.5,f,+3.5,-1,3,3,3.5,e,+1.5,-1
sigma-,sigma+,89,44,-58236.495174,1.650637e-02,4,4,4.5,f,-1.5,-1,3,3,3.5,e,-3.5,-1
sigma-,sigma+,90,45,-58236.495172,5.659330e-02,4,4,4.5,f,-0.5,-1,3,3,3.5,e,-2.5,-1
sigma-,sigma+,91,46,-58236.495170,1.179027e-01,4,4,4.5,f,+0.5,-1,3,3,3.5,e,-1.5,-1
sigma-,sigma+,92,47,-58236.495168,1.886444e-01,4,4,4.5,f,+1.5,-1,3,3,3.5,e,-0.5,-1
sigma-,sigma+,93,48,-58236.495166,2.475959e-01,4,4,4.5,f,+2.5,-1,3,3,3.5,e,+0.5,-1
sigma-,sigma+,94,49,-58236.495163,2.641024e-01,4,4,4.5,f,+3.5,-1,3,3,3.5,e,+1.5,-1
sigma-,sigma+,95,50,-58236.495161,1.980768e-01,4,4,4.5,f,+4.5,-1,3,3,3.5,e,+2.5,-1
sigma-,sigma+,71,32,-58235.134455,3.274126e-02,4,4,3.5,f,-0.5,-1,3,3,2.5,e,-2.5,-1
sigma-,sigma+,72,33,-58235.134452,1.047720e-01,4,4,3.5,f,+0.5,-1,3,3,2.5,e,-1.5,-1
sigma-,sigma+,73,34,-58235.134448,1.964475e-01,4,4,3.5,f,+1.5,-1,3,3,2.5,e,-0.5,-1
sigma-,sigma+,74,35,-58235.134445,2.619299e-01,4,4,3.5,f,+2.5,-1,3,3,2.5,e,+0.5,-1
sigma-,sigma+,75,36,-58235.134441,2.291886e-01,4,4,3.5,f,+3.5,-1,3,3,2.5,e,+1.5,-1
sigma-,sigma+,90,32,-58230.698996,2.623186e-04,4,4,4.5,f,-0.5,-1,3,3,2.5,e,-2.5,-1
sigma-,sigma+,91,33,-58230.698991,1.311592e-03,4,4,4.5,f,+0.5,-1,3,3,2.5,e,-1.5,-1
sigma-,sigma+,92,34,-58230.698985,3.934772e-03,4,4,4.5,f,+1.5,-1,3,3,2.5,e,-0.5,-1
sigma-,sigma+,93,35,-58230.698980,9.181126e-03,4,4,4.5,f,+2.5,-1,3,3,2.5,e,+0.5,-1
sigma-,sigma+,94,36,-58230.698975,1.836223e-02,4,4,4.5,f,+3.5,-1,3,3,2.5,e,+1.5,-1
sigma-,sigma+,95,37,-58230.698970,3.305199e-02,4,4,4.5,f,+4.5,-1,3,3,2.5,e,+2.5,-1
sigma-,sigma+,67,57,-58156.290638,4.803255e-04,4,4,3.5,e,+3.5,+1,3,3,3.5,f,+1.5,+1
sigma-,sigma+,66,56,-58156.290637,1.029270e-03,4,4,3.5,e,+2.5,+1,3,3,3.5,f,+0.5,+1
sigma-,sigma+,65,55,-58156.290636,1.372361e-03,4,4,3.5,e,+1.5,+1,3,3,3.5,f,-0.5,+1
sigma-,sigma+,64,54,-58156.290635,1.372362e-03,4,4,3.5,e,+0.5,+1,3,3,3.5,f,-1.5,+1
sigma-,sigma+,63,53,-58156.290634,1.029272e-03,4,4,3.5,e,-0.5,+1,3,3,3.5,f,-2.5,+1
sigma-,sigma+,62,52,-58156.290633,4.803275e-04,4,4,3.5,e,-1.5,+1,3,3,3.5,f,-3.5,+1
sigma-,sigma+,79,52,-58151.855176,9.532526e-04,4,4,4.5,e,-1.5,+1,3,3,3.5,f,-3.5,+1
sigma-,sigma+,80,53,-58151.855175,3.268296e-03,4,4,4.5,e,-0.5,+1,3,3,3.5,f,-2.5,+1
sigma-,sigma+,81,54,-58151.855174,6.808951e-03,4,4,4.5,e,+0.5,+1,3,3,3.5,f,-1.5,+1
sigma-,sigma+,82,55,-58151.855173,1.089433e-02,4,4,4.5,e,+1.5,+1,3,3,3.5,f,-0.5,+1
sigma-,sigma+,83,56,-58151.855172,1.429881e-02,4,4,4.5,e,+2.5,+1,3,3,3.5,f,+0.5,+1
sigma-,sigma+,84,57,-58151.855171,1.525206e-02,4,4,4.5,e,+3.5,+1,3,3,3.5,f,+1.5,+1
sigma-,sigma+,85,58,-58151.855170,1.143905e-02,4,4,4.5,e,+4.5,+1,3,3,3.5,f,+2.5,+1
sigma-,sigma+,63,38,-58150.494458,1.892999e-03,4,4,3.5,e,-0.5,+1,3,3,2.5,f,-2.5,+1
sigma-,sigma+,64,39,-58150.494455,6.057597e-03,4,4,3.5,e,+0.5,+1,3,3,2.5,f,-1.5,+1
sigma-,sigma+,65,40,-58150.494453,1.135799e-02,4,4,3.5,e,+1.5,+1,3,3,2.5,f,-0.5,+1
sigma-,sigma+,66,41,-58150.494451,1.514399e-02,4,4,3.5,e,+2.5,+1,3,3,2.5,f,+0.5,+1
sigma-,sigma+,67,42,-58150.494449,1.325098e-02,4,4,3.5,e,+3.5,+1,3,3,2.5,f,+1.5,+1
sigma-,sigma+,80,38,-58146.058999,1.516646e-05,4,4,4.5,e,-0.5,+1,3,3,2.5,f,-2.5,+1
sigma-,sigma+,81,39,-58146.058995,7.583222e-05,4,4,4.5,e,+0.5,+1,3,3,2.5,f,-1.5,+1
sigma-,sigma+,82,40,-58146.058991,2.274963e-04,4,4,4.5,e,+1.5,+1,3,3,2.5,f,-0.5,+1
sigma-,sigma+,83,41,-58146.058987,5.308240e-04,4,4,4.5,e,+2.5,+1,3,3,2.5,f,+0.5,+1
sigma-,sigma+,84,42,-58146.058983,1.061647e-03,4,4,4.5,e,+3.5,+1,3,3,2.5,f,+1.5,+1
sigma-,sigma+,85,43,-58146.058978,1.910961e-03,4,4,4.5,e,+4.5,+1,3,3,2.5,f,+2.5,+1
sigma-,sigma+,40,20,-43676.023254,3.033983e-02,3,3,2.5,f,-0.5,+1,2,2,2.5,e,-2.5,+1
sigma-,sigma+,41,21,-43676.023253,5.461162e-02,3,3,2.5,f,+0.5,+1,2,2,2.5,e,-1.5,+1
sigma-,sigma+,42,22,-43676.023252,5.461155e-02,3,3,2.5,f,+1.5,+1,2,2,2.5,e,-0.5,+1
sigma-,sigma+,43,23,-43676.023251,3.033970e-02,3,3,2.5,f,+2.5,+1,2,2,2.5,e,+0.5,+1
sigma-,sigma+,55,20,-43670.227072,4.040372e-02,3,3,3.5,f,-0.5,+1,2,2,2.5,e,-2.5,+1
sigma-,sigma+,56,21,-43670.227067,1.292920e-01,3,3,3.5,f,+0.5,+1,2,2,2.5,e,-1.5,+1
sigma-,sigma+,57,22,-43670.227063,2.424226e-01,3,3,3.5,f,+1.5,+1,2,2,2.5,e,-0.5,+1
sigma-,sigma+,58,23,-43670.227059,3.232303e-01,3,3,3.5,f,+2.5,+1,2,2,2.5,e,+0.5,+1
sigma-,sigma+,59,24,-43670.227055,2.828267e-01,3,3,3.5,f,+3.5,+1,2,2,2.5,e,+1.5,+1
sigma-,sigma+,41,12,-43667.693604,9.692541e-02,3,3,2.5,f,+0.5,+1,2,2,1.5,e,-1.5,+1
sigma-,sigma+,42,13,-43667.693596,2.584677e-01,3,3,2.5,f,+1.5,+1,2,2,1.5,e,-0.5,+1
sigma-,sigma+,43,14,-43667.693588,3.230845e-01,3,3,2.5,f,+2.5,+1,2,2,1.5,e,+0.5,+1
sigma-,sigma+,56,12,-43661.897418,2.022153e-03,3,3,3.5,f,+0.5,+1,2,2,1.5,e,-1.5,+1
sigma-,sigma+,57,13,-43661.897408,1.011076e-02,3,3,3.5,f,+1.5,+1,2,2,1.5,e,-0.5,+1
sigma-,sigma+,58,14,-43661.897397,3.033224e-02,3,3,3.5,f,+2.5,+1,2,2,1.5,e,+0.5,+1
sigma-,sigma+,59,15,-43661.897386,7.077516e-02,3,3,3.5,f,+3.5,+1,2,2,1.5,e,+1.5,+1
sigma-,sigma+,34,26,-43628.413257,3.138274e-04,3,3,2.5,e,-0.5,-1,2,2,2.5,f,-2.5,-1
sigma-,sigma+,35,27,-43628.413257,5.648885e-04,3,3,2.5,e,+0.5,-1,2,2,2.5,f,-1.5,-1
sigma-,sigma+,36,28,-43628.413257,5.648878e-04,3,3,2.5,e,+1.5,-1,2,2,2.5,f,-0.5,-1
sigma-,sigma+,37,29,-43628.413257,3.138262e-04,3,3,2.5,e,+2.5,-1,2,2,2.5,f,+0.5,-1
sigma-,sigma+,47,26,-43622.617075,4.112151e-04,3,3,3.5,e,-0.5,-1,2,2,2.5,f,-2.5,-1
sigma-,sigma+,48,27,-43622.617072,1.315889e-03,3,3,3.5,e,+0.5,-1,2,2,2.5,f,-1.5,-1
sigma-,sigma+,49,28,-43622.617068,2.467293e-03,3,3,3.5,e,+1.5,-1,2,2,2.5,f,-0.5,-1
sigma-,sigma+,50,29,-43622.617065,3.289726e-03,3,3,3.5,e,+2.5,-1,2,2,2.5,f,+0.5,-1
sigma-,sigma+,51,30,-43622.617062,2.878512e-03,3,3,3.5,e,+3.5,-1,2,2,2.5,f,+1.5,-1
sigma-,sigma+,35,16,-43620.083607,9.895072e-04,3,3,2.5,e,+0.5,-1,2,2,1.5,f,-1.5,-1
sigma-,sigma+,36,17,-43620.083601,2.638685e-03,3,3,2.5,e,+1.5,-1,2,2,1.5,f,-0.5,-1
sigma-,sigma+,37,18,-43620.083594,3.298355e-03,3,3,2.5,e,+2.5,-1,2,2,1.5,f,+0.5,-1
sigma-,sigma+,48,16,-43614.287422,2.067126e-05,3,3,3.5,e,+0.5,-1,2,2,1.5,f,-1.5,-1
sigma-,sigma+,49,17,-43614.287412,1.033562e-04,3,3,3.5,e,+1.5,-1,2,2,1.5,f,-0.5,-1
sigma-,sigma+,50,18,-43614.287403,3.100680e-04,3,3,3.5,e,+2.5,-1,2,2,1.5,f,+0.5,-1
sigma-,sigma+,51,19,-43614.287393,7.234911e-04,3,3,3.5,e,+3.5,-1,2,2,1.5,f,+1.5,-1
sigma-,sigma+,18,4,-29117.800538,1.980889e-01,2,2,1.5,f,+0.5,-1,1,1,1.5,e,-1.5,-1
sigma-,sigma+,19,5,-29117.800532,1.980883e-01,2,2,1.5,f,+1.5,-1,1,1,1.5,e,-0.5,-1
sigma-,sigma+,29,4,-29109.470876,1.319780e-01,2,2,2.5,f,+0.5,-1,1,1,1.5,e,-1.5,-1
sigma-,sigma+,30,5,-29109.470863,3.519421e-01,2,2,2.5,f,+1.5,-1,1,1,1.5,e,-0.5,-1
sigma-,sigma+,31,6,-29109.470851,4.399285e-01,2,2,2.5,f,+2.5,-1,1,1,1.5,e,+0.5,-1
sigma-,sigma+,19,0,-29102.752943,3.958506e-01,2,2,1.5,f,+1.5,-1,1,1,0.5,e,-0.5,-1
sigma-,sigma+,14,8,-29096.640542,1.994261e-03,2,2,1.5,e,+0.5,+1,1,1,1.5,f,-1.5,+1
sigma-,sigma+,15,9,-29096.640537,1.994256e-03,2,2,1.5,e,+1.5,+1,1,1,1.5,f,-0.5,+1
sigma-,sigma+,30,0,-29094.423274,4.398657e-02,2,2,2.5,f,+1.5,-1,1,1,0.5,e,-0.5,-1
sigma-,sigma+,31,1,-29094.423237,2.199326e-01,2,2,2.5,f,+2.5,-1,1,1,0.5,e,+0.5,-1
sigma-,sigma+,23,8,-29088.310879,1.352504e-03,2,2,2.5,e,+0.5,+1,1,1,1.5,f,-1.5,+1
sigma-,sigma+,24,9,-29088.310868,3.606685e-03,2,2,2.5,e,+1.5,+1,1,1,1.5,f,-0.5,+1
sigma-,sigma+,25,10,-29088.310856,4.508366e-03,2,2,2.5,e,+2.5,+1,1,1,1.5,f,+0.5,+1
sigma-,sigma+,15,2,-29081.592946,4.067104e-03,2,2,1.5,e,+1.5,+1,1,1,0.5,f,-0.5,+1
sigma-,sigma+,24,2,-29073.263277,4.468674e-04,2,2,2.5,e,+1.5,+1,1,1,0.5,f,-0.5,+1
sigma-,sigma+,25,3,-29073.263240,2.234334e-03,2,2,2.5,e,+2.5,+1,1,1,0.5,f,+0.5,+1
sigma-,sigma+,3,8,-15.047657,4.759337e-01,1,1,0.5,f,+0.5,+1,1,1,1.5,f,-1.5,+1
sigma-,sigma+,1,4,-15.047656,8.415004e-02,1,1,0.5,e,+0.5,-1,1,1,1.5,e,-1.5,-1
sigma-,sigma+,15,22,-8.329687,2.915965e-02,2,2,1.5,e,+1.5,+1,2,2,2.5,e,-0.5,+1
sigma-,sigma+,19,28,-8.329686,5.161925e-03,2,2,1.5,f,+1.5,-1,2,2,2.5,f,-0.5,-1
sigma-,sigma+,14,21,-8.329680,7.775918e-02,2,2,1.5,e,+0.5,+1,2,2,2.5,e,-1.5,+1
sigma-,sigma+,18,27,-8.329680,1.376515e-02,2,2,1.5,f,+0.5,-1,2,2,2.5,f,-1.5,-1
sigma-,sigma+,13,20,-8.329674,9.719913e-02,2,2,1.5,e,-0.5,+1,2,2,2.5,e,-2.5,+1
sigma-,sigma+,17,26,-8.329673,1.720647e-02,2,2,1.5,f,-0.5,-1,2,2,2.5,f,-2.5,-1
sigma-,sigma+,37,48,-5.796202,7.079953e-03,3,3,2.5,e,+2.5,-1,3,3,3.5,e,+0.5,-1
sigma-,sigma+,43,56,-5.796201,4.109173e-04,3,3,2.5,f,+2.5,+1,3,3,3.5,f,+0.5,+1
sigma-,sigma+,36,47,-5.796199,2.265587e-02,3,3,2.5,e,+1.5,-1,3,3,3.5,e,-0.5,-1
sigma-,sigma+,42,55,-5.796198,1.314937e-03,3,3,2.5,f,+1.5,+1,3,3,3.5,f,-0.5,+1
sigma-,sigma+,35,46,-5.796196,4.247981e-02,3,3,2.5,e,+0.5,-1,3,3,3.5,e,-1.5,-1
sigma-,sigma+,41,54,-5.796195,2.465509e-03,3,3,2.5,f,+0.5,+1,3,3,3.5,f,-1.5,+1
sigma-,sigma+,34,45,-5.796193,5.663981e-02,3,3,2.5,e,-0.5,-1,3,3,3.5,e,-2.5,-1
sigma-,sigma+,40,53,-5.796192,3.287349e-03,3,3,2.5,f,-0.5,+1,3,3,3.5,f,-2.5,+1
sigma-,sigma+,33,44,-5.796190,4.955988e-02,3,3,2.5,e,-1.5,-1,3,3,3.5,e,-3.5,-1
sigma-,sigma+,39,52,-5.796189,2.876433e-03,3,3,2.5,f,-1.5,+1,3,3,3.5,f,-3.5,+1
sigma-,sigma+,67,82,-4.435475,2.260748e-03,4,4,3.5,e,+3.5,+1,4,4,4.5,e,+1.5,+1
sigma-,sigma+,75,92,-4.435473,7.415372e-05,4,4,3.5,f,+3.5,-1,4,4,4.5,f,+1.5,-1
sigma-,sigma+,66,81,-4.435473,7.751141e-03,4,4,3.5,e,+2.5,+1,4,4,4.5,e,+0.5,+1
sigma-,sigma+,74,91,-4.435471,2.542415e-04,4,4,3.5,f,+2.5,-1,4,4,4.5,f,+0.5,-1
sigma-,sigma+,65,80,-4.435471,1.614823e-02,4,4,3.5,e,+1.5,+1,4,4,4.5,e,-0.5,+1
sigma-,sigma+,73,90,-4.435470,5.296703e-04,4,4,3.5,f,+1.5,-1,4,4,4.5,f,-0.5,-1
sigma-,sigma+,64,79,-4.435469,2.583718e-02,4,4,3.5,e,+0.5,+1,4,4,4.5,e,-1.5,+1
sigma-,sigma+,72,89,-4.435468,8.474732e-04,4,4,3.5,f,+0.5,-1,4,4,4.5,f,-1.5,-1
sigma-,sigma+,63,78,-4.435467,3.391133e-02,4,4,3.5,e,-0.5,+1,4,4,4.5,e,-2.5,+1
sigma-,sigma+,71,88,-4.435466,1.112309e-03,4,4,3.5,f,-0.5,-1,4,4,4.5,f,-2.5,-1
sigma-,sigma+,62,77,-4.435465,3.617212e-02,4,4,3.5,e,-1.5,+1,4,4,4.5,e,-3.5,+1
sigma-,sigma+,70,87,-4.435464,1.186464e-03,4,4,3.5,f,-1.5,-1,4,4,4.5,f,-3.5,-1
sigma-,sigma+,61,76,-4.435463,2.712912e-02,4,4,3.5,e,-2.5,+1,4,4,4.5,e,-4.5,+1
sigma-,sigma+,69,86,-4.435462,8.898491e-04,4,4,3.5,f,-2.5,-1,4,4,4.5,f,-4.5,-1
sigma-,sigma+,105,124,-3.577471,8.839066e-04,5,5,4.5,e,+4.5,-1,5,5,5.5,e,+2.5,-1
sigma-,sigma+,104,123,-3.577469,3.142782e-03,5,5,4.5,e,+3.5,-1,5,5,5.5,e,+1.5,-1
sigma-,sigma+,115,136,-3.577469,2.077701e-05,5,5,4.5,f,+4.5,+1,5,5,5.5,f,+2.5,+1
sigma-,sigma+,114,135,-3.577468,7.387389e-05,5,5,4.5,f,+3.5,+1,5,5,5.5,f,+1.5,+1
sigma-,sigma+,103,122,-3.577468,6.874840e-03,5,5,4.5,e,+2.5,-1,5,5,5.5,e,+0.5,-1
sigma-,sigma+,113,134,-3.577466,1.615992e-04,5,5,4.5,f,+2.5,+1,5,5,5.5,f,+0.5,+1
sigma-,sigma+,102,121,-3.577466,1.178545e-02,5,5,4.5,e,+1.5,-1,5,5,5.5,e,-0.5,-1
sigma-,sigma+,112,133,-3.577465,2.770275e-04,5,5,4.5,f,+1.5,+1,5,5,5.5,f,-0.5,+1
sigma-,sigma+,101,120,-3.577465,1.718713e-02,5,5,4.5,e,+0.5,-1,5,5,5.5,e,-1.5,-1
sigma-,sigma+,111,132,-3.577464,4.039987e-04,5,5,4.5,f,+0.5,+1,5,5,5.5,f,-1.5,+1
sigma-,sigma+,100,119,-3.577463,2.199954e-02,5,5,4.5,e,-0.5,-1,5,5,5.5,e,-2.5,-1
sigma-,sigma+,110,131,-3.577462,5.171187e-04,5,5,4.5,f,-0.5,+1,5,5,5.5,f,-2.5,+1
sigma-,sigma+,99,118,-3.577462,2.474950e-02,5,5,4.5,e,-1.5,-1,5,5,5.5,e,-3.5,-1
sigma-,sigma+,109,130,-3.577461,5.817590e-04,5,5,4.5,f,-1.5,+1,5,5,5.5,f,-3.5,+1
sigma-,sigma+,98,117,-3.577461,2.357098e-02,5,5,4.5,e,-2.5,-1,5,5,5.5,e,-4.5,-1
sigma-,sigma+,108,129,-3.577460,5.540566e-04,5,5,4.5,f,-2.5,+1,5,5,5.5,f,-4.5,+1
sigma-,sigma+,97,116,-3.577459,1.620506e-02,5,5,4.5,e,-3.5,-1,5,5,5.5,e,-5.5,-1
sigma-,sigma+,107,128,-3.577458,3.809142e-04,5,5,4.5,f,-3.5,+1,5,5,5.5,f,-5.5,+1
sigma-,sigma+,7,5,-0.000042,4.191155e-02,1,1,1.5,e,+1.5,-1,1,1,1.5,e,-0.5,-1
sigma-,sigma+,6,4,-0.000042,4.191127e-02,1,1,1.5,e,+0.5,-1,1,1,1.5,e,-1.5,-1
sigma-,sigma+,11,9,-0.000041,2.380065e-01,1,1,1.5,f,+1.5,+1,1,1,1.5,f,-0.5,+1
sigma-,sigma+,10,8,-0.000041,2.380050e-01,1,1,1.5,f,+0.5,+1,1,1,1.5,f,-1.5,+1
sigma-,sigma+,15,13,-0.000031,2.380057e-01,2,2,1.5,e,+1.5,+1,2,2,1.5,e,-0.5,+1
sigma-,sigma+,14,12,-0.000031,2.380058e-01,2,2,1.5,e,+0.5,+1,2,2,1.5,e,-1.5,+1
sigma-,sigma+,18,16,-0.000030,4.191142e-02,2,2,1.5,f,+0.5,-1,2,2,1.5,f,-1.5,-1
sigma-,sigma+,19,17,-0.000030,4.191140e-02,2,2,1.5,f,+1.5,-1,2,2,1.5,f,-0.5,-1
sigma-,sigma+,25,23,-0.000018,1.456443e-01,2,2,2.5,e,+2.5,+1,2,2,2.5,e,+0.5,+1
sigma-,sigma+,24,22,-0.000018,2.621595e-01,2,2,2.5,e,+1.5,+1,2,2,2.5,e,-0.5,+1
sigma-,sigma+,22,20,-0.000018,1.456439e-01,2,2,2.5,e,-0.5,+1,2,2,2.5,e,-2.5,+1
sigma-,sigma+,23,21,-0.000018,2.621593e-01,2,2,2.5,e,+0.5,+1,2,2,2.5,e,-1.5,+1
sigma-,sigma+,30,28,-0.000017,4.630380e-02,2,2,2.5,f,+1.5,-1,2,2,2.5,f,-0.5,-1
sigma-,sigma+,31,29,-0.000017,2.572436e-02,2,2,2.5,f,+2.5,-1,2,2,2.5,f,+0.5,-1
sigma-,sigma+,29,27,-0.000017,4.630376e-02,2,2,2.5,f,+0.5,-1,2,2,2.5,f,-1.5,-1
sigma-,sigma+,28,26,-0.000017,2.572428e-02,2,2,2.5,f,-0.5,-1,2,2,2.5,f,-2.5,-1
sigma-,sigma+,36,34,-0.000017,3.437909e-01,3,3,2.5,e,+1.5,-1,3,3,2.5,e,-0.5,-1
sigma-,sigma+,35,33,-0.000017,3.437910e-01,3,3,2.5,e,+0.5,-1,3,3,2.5,e,-1.5,-1
sigma-,sigma+,34,32,-0.000017,1.909950e-01,3,3,2.5,e,-0.5,-1,3,3,2.5,e,-2.5,-1
sigma-,sigma+,37,35,-0.000017,1.909949e-01,3,3,2.5,e,+2.5,-1,3,3,2.5,e,+0.5,-1
sigma-,sigma+,42,40,-0.000016,1.984190e-02,3,3,2.5,f,+1.5,+1,3,3,2.5,f,-0.5,+1
sigma-,sigma+,41,39,-0.000016,1.984191e-02,3,3,2.5,f,+0.5,+1,3,3,2.5,f,-1.5,+1
sigma-,sigma+,43,41,-0.000016,1.102328e-02,3,3,2.5,f,+2.5,+1,3,3,2.5,f,+0.5,+1
sigma-,sigma+,40,38,-0.000016,1.102329e-02,3,3,2.5,f,-0.5,+1,3,3,2.5,f,-2.5,+1
sigma-,sigma+,65,63,-0.000012,3.904214e-01,4,4,3.5,e,+1.5,+1,4,4,3.5,e,-0.5,+1
sigma-,sigma+,63,61,-0.000012,2.928161e-01,4,4,3.5,e,-0.5,+1,4,4,3.5,e,-2.5,+1
sigma-,sigma+,62,60,-0.000012,1.366475e-01,4,4,3.5,e,-1.5,+1,4,4,3.5,e,-3.5,+1
sigma-,sigma+,64,62,-0.000012,3.904214e-01,4,4,3.5,e,+0.5,+1,4,4,3.5,e,-1.5,+1
sigma-,sigma+,67,65,-0.000012,1.366474e-01,4,4,3.5,e,+3.5,+1,4,4,3.5,e,+1.5,+1
sigma-,sigma+,66,64,-0.000012,2.928160e-01,4,4,3.5,e,+2.5,+1,4,4,3.5,e,+0.5,+1
sigma-,sigma+,51,49,-0.000011,1.237761e-01,3,3,3.5,e,+3.5,-1,3,3,3.5,e,+1.5,-1
sigma-,sigma+,46,44,-0.000011,1.237759e-01,3,3,3.5,e,-1.5,-1,3,3,3.5,e,-3.5,-1
sigma-,sigma+,47,45,-0.000011,2.652341e-01,3,3,3.5,e,-0.5,-1,3,3,3.5,e,-2.5,-1
sigma-,sigma+,50,48,-0.000011,2.652345e-01,3,3,3.5,e,+2.5,-1,3,3,3.5,e,+0.5,-1
sigma-,sigma+,49,47,-0.000011,3.536458e-01,3,3,3.5,e,+1.5,-1,3,3,3.5,e,-0.5,-1
sigma-,sigma+,48,46,-0.000011,3.536457e-01,3,3,3.5,e,+0.5,-1,3,3,3.5,e,-1.5,-1
sigma-,sigma+,73,71,-0.000011,1.272617e-02,4,4,3.5,f,+1.5,-1,4,4,3.5,f,-0.5,-1
sigma-,sigma+,70,68,-0.000011,4.454160e-03,4,4,3.5,f,-1.5,-1,4,4,3.5,f,-3.5,-1
sigma-,sigma+,71,69,-0.000011,9.544628e-03,4,4,3.5,f,-0.5,-1,4,4,3.5,f,-2.5,-1
sigma-,sigma+,72,70,-0.000011,1.272617e-02,4,4,3.5,f,+0.5,-1,4,4,3.5,f,-1.5,-1
sigma-,sigma+,74,72,-0.000011,9.544624e-03,4,4,3.5,f,+2.5,-1,4,4,3.5,f,+0.5,-1
sigma-,sigma+,75,73,-0.000011,4.454157e-03,4,4,3.5,f,+3.5,-1,4,4,3.5,f,+1.5,-1
sigma-,sigma+,57,55,-0.000010,2.043934e-02,3,3,3.5,f,+1.5,+1,3,3,3.5,f,-0.5,+1
sigma-,sigma+,54,52,-0.000010,7.153760e-03,3,3,3.5,f,-1.5,+1,3,3,3.5,f,-3.5,+1
sigma-,sigma+,59,57,-0.000010,7.153775e-03,3,3,3.5,f,+3.5,+1,3,3,3.5,f,+1.5,+1
sigma-,sigma+,55,53,-0.000010,1.532949e-02,3,3,3.5,f,-0.5,+1,3,3,3.5,f,-2.5,+1
sigma-,sigma+,58,56,-0.000010,1.532951e-02,3,3,3.5,f,+2.5,+1,3,3,3.5,f,+0.5,+1
sigma-,sigma+,56,54,-0.000010,2.043933e-02,3,3,3.5,f,+0.5,+1,3,3,3.5,f,-1.5,+1
sigma-,sigma+,101,99,-0.000009,4.145449e-01,5,5,4.5,e,+0.5,-1,5,5,4.5,e,-1.5,-1
sigma-,sigma+,98,96,-0.000009,9.949081e-02,5,5,4.5,e,-2.5,-1,5,5,4.5,e,-4.5,-1
sigma-,sigma+,100,98,-0.000009,3.482178e-01,5,5,4.5,e,-0.5,-1,5,5,4.5,e,-2.5,-1
sigma-,sigma+,102,100,-0.000009,4.145449e-01,5,5,4.5,e,+1.5,-1,5,5,4.5,e,-0.5,-1
sigma-,sigma+,99,97,-0.000009,2.321452e-01,5,5,4.5,e,-1.5,-1,5,5,4.5,e,-3.5,-1
sigma-,sigma+,105,103,-0.000009,9.949073e-02,5,5,4.5,e,+4.5,-1,5,5,4.5,e,+2.5,-1
sigma-,sigma+,104,102,-0.000009,2.321451e-01,5,5,4.5,e,+3.5,-1,5,5,4.5,e,+1.5,-1
sigma-,sigma+,103,101,-0.000009,3.482176e-01,5,5,4.5,e,+2.5,-1,5,5,4.5,e,+0.5,-1
sigma-,sigma+,111,109,-0.000008,9.678034e-03,5,5,4.5,f,+0.5,+1,5,5,4.5,f,-1.5,+1
sigma-,sigma+,108,106,-0.000008,2.322729e-03,5,5,4.5,f,-2.5,+1,5,5,4.5,f,-4.5,+1
sigma-,sigma+,110,108,-0.000008,8.129549e-03,5,5,4.5,f,-0.5,+1,5,5,4.5,f,-2.5,+1
sigma-,sigma+,112,110,-0.000008,9.678032e-03,5,5,4.5,f,+1.5,+1,5,5,4.5,f,-0.5,+1
sigma-,sigma+,115,113,-0.000008,2.322727e-03,5,5,4.5,f,+4.5,+1,5,5,4.5,f,+2.5,+1
sigma-,sigma+,109,107,-0.000008,5.419700e-03,5,5,4.5,f,-1.5,+1,5,5,4.5,f,-3.5,+1
sigma-,sigma+,114,112,-0.000008,5.419697e-03,5,5,4.5,f,+3.5,+1,5,5,4.5,f,+1.5,+1
sigma-,sigma+,113,111,-0.000008,8.129546e-03,5,5,4.5,f,+2.5,+1,5,5,4.5,f,+0.5,+1
sigma-,sigma+,80,78,-0.000008,3.320003e-01,4,4,4.5,e,-0.5,+1,4,4,4.5,e,-2.5,+1
sigma-,sigma+,84,82,-0.000008,2.213337e-01,4,4,4.5,e,+3.5,+1,4,4,4.5,e,+1.5,+1
sigma-,sigma+,81,79,-0.000008,3.952385e-01,4,4,4.5,e,+0.5,+1,4,4,4.5,e,-1.5,+1
sigma-,sigma+,78,76,-0.000008,9.485717e-02,4,4,4.5,e,-2.5,+1,4,4,4.5,e,-4.5,+1
sigma-,sigma+,83,81,-0.000008,3.320005e-01,4,4,4.5,e,+2.5,+1,4,4,4.5,e,+0.5,+1
sigma-,sigma+,79,77,-0.000008,2.213335e-01,4,4,4.5,e,-1.5,+1,4,4,4.5,e,-3.5,+1
sigma-,sigma+,85,83,-0.000008,9.485734e-02,4,4,4.5,e,+4.5,+1,4,4,4.5,e,+2.5,+1
sigma-,sigma+,82,80,-0.000008,3.952386e-01,4,4,4.5,e,+1.5,+1,4,4,4.5,e,-0.5,+1
sigma-,sigma+,90,88,-0.000007,1.083035e-02,4,4,4.5,f,-0.5,-1,4,4,4.5,f,-2.5,-1
sigma-,sigma+,91,89,-0.000007,1.289328e-02,4,4,4.5,f,+0.5,-1,4,4,4.5,f,-1.5,-1
sigma-,sigma+,93,91,-0.000007,1.083036e-02,4,4,4.5,f,+2.5,-1,4,4,4.5,f,+0.5,-1
sigma-,sigma+,88,86,-0.000007,3.094384e-03,4,4,4.5,f,-2.5,-1,4,4,4.5,f,-4.5,-1
sigma-,sigma+,95,93,-0.000007,3.094389e-03,4,4,4.5,f,+4.5,-1,4,4,4.5,f,+2.5,-1
sigma-,sigma+,92,90,-0.000007,1.289328e-02,4,4,4.5,f,+1.5,-1,4,4,4.5,f,-0.5,-1
sigma-,sigma+,94,92,-0.000007,7.220239e-03,4,4,4.5,f,+3.5,-1,4,4,4.5,f,+1.5,-1
sigma-,sigma+,89,87,-0.000007,7.220231e-03,4,4,4.5,f,-1.5,-1,4,4,4.5,f,-3.5,-1
sigma-,sigma+,123,121,-0.000006,4.172307e-01,5,5,5.5,e,+1.5,-1,5,5,5.5,e,-0.5,-1
sigma-,sigma+,120,118,-0.000006,2.861009e-01,5,5,5.5,e,-1.5,-1,5,5,5.5,e,-3.5,-1
sigma-,sigma+,118,116,-0.000006,7.284975e-02,5,5,5.5,e,-3.5,-1,5,5,5.5,e,-5.5,-1
sigma-,sigma+,127,125,-0.000006,7.284986e-02,5,5,5.5,e,+5.5,-1,5,5,5.5,e,+3.5,-1
sigma-,sigma+,124,122,-0.000006,3.708718e-01,5,5,5.5,e,+2.5,-1,5,5,5.5,e,+0.5,-1
sigma-,sigma+,126,124,-0.000006,1.788133e-01,5,5,5.5,e,+4.5,-1,5,5,5.5,e,+2.5,-1
sigma-,sigma+,121,119,-0.000006,3.708716e-01,5,5,5.5,e,-0.5,-1,5,5,5.5,e,-2.5,-1
sigma-,sigma+,125,123,-0.000006,2.861012e-01,5,5,5.5,e,+3.5,-1,5,5,5.5,e,+1.5,-1
sigma-,sigma+,119,117,-0.000006,1.788131e-01,5,5,5.5,e,-2.5,-1,5,5,5.5,e,-4.5,-1
sigma-,sigma+,122,120,-0.000006,4.172307e-01,5,5,5.5,e,+0.5,-1,5,5,5.5,e,-1.5,-1
sigma-,sigma+,130,128,-0.000005,1.701577e-03,5,5,5.5,f,-3.5,+1,5,5,5.5,f,-5.5,+1
sigma-,sigma+,135,133,-0.000005,9.745403e-03,5,5,5.5,f,+1.5,+1,5,5,5.5,f,-0.5,+1
sigma-,sigma+,136,134,-0.000005,8.662582e-03,5,5,5.5,f,+2.5,+1,5,5,5.5,f,+0.5,+1
sigma-,sigma+,131,129,-0.000005,4.176599e-03,5,5,5.5,f,-2.5,+1,5,5,5.5,f,-4.5,+1
sigma-,sigma+,133,131,-0.000005,8.662578e-03,5,5,5.5,f,-0.5,+1,5,5,5.5,f,-2.5,+1
sigma-,sigma+,132,130,-0.000005,6.682559e-03,5,5,5.5,f,-1.5,+1,5,5,5.5,f,-3.5,+1
sigma-,sigma+,138,136,-0.000005,4.176603e-03,5,5,5.5,f,+4.5,+1,5,5,5.5,f,+2.5,+1
sigma-,sigma+,137,135,-0.000005,6.682564e-03,5,5,5.5,f,+3.5,+1,5,5,5.5,f,+1.5,+1
sigma-,sigma+,139,137,-0.000005,1.701579e-03,5,5,5.5,f,+5.5,+1,5,5,5.5,f,+3.5,+1
sigma-,sigma+,134,132,-0.000005,9.745401e-03,5,5,5.5,f,+0.5,+1,5,5,5.5,f,-1.5,+1
sigma-,sigma+,119,96,3.577445,8.839116e-04,5,5,5.5,e,-2.5,-1,5,5,4.5,e,-4.5,-1
sigma-,sigma+,120,97,3.577447,3.142794e-03,5,5,5.5,e,-1.5,-1,5,5,4.5,e,-3.5,-1
sigma-,sigma+,131,106,3.577447,2.077712e-05,5,5,5.5,f,-2.5,+1,5,5,4.5,f,-4.5,+1
sigma-,sigma+,121,98,3.577448,6.874857e-03,5,5,5.5,e,-0.5,-1,5,5,4.5,e,-2.5,-1
sigma-,sigma+,132,107,3.577448,7.387416e-05,5,5,5.5,f,-1.5,+1,5,5,4.5,f,-3.5,+1
sigma-,sigma+,133,108,3.577449,1.615996e-04,5,5,5.5,f,-0.5,+1,5,5,4.5,f,-2.5,+1
sigma-,sigma+,122,99,3.577449,1.178546e-02,5,5,5.5,e,+0.5,-1,5,5,4.5,e,-1.5,-1
sigma-,sigma+,134,109,3.577451,2.770277e-04,5,5,5.5,f,+0.5,+1,5,5,4.5,f,-1.5,+1
sigma-,sigma+,123,100,3.577451,1.718711e-02,5,5,5.5,e,+1.5,-1,5,5,4.5,e,-0.5,-1
sigma-,sigma+,135,110,3.577452,4.039984e-04,5,5,5.5,f,+1.5,+1,5,5,4.5,f,-0.5,+1
sigma-,sigma+,124,101,3.577452,2.199949e-02,5,5,5.5,e,+2.5,-1,5,5,4.5,e,+0.5,-1
sigma-,sigma+,136,111,3.577453,5.171176e-04,5,5,5.5,f,+2.5,+1,5,5,4.5,f,+0.5,+1
sigma-,sigma+,125,102,3.577454,2.474941e-02,5,5,5.5,e,+3.5,-1,5,5,4.5,e,+1.5,-1
sigma-,sigma+,137,112,3.577455,5.817568e-04,5,5,5.5,f,+3.5,+1,5,5,4.5,f,+1.5,+1
sigma-,sigma+,126,103,3.577455,2.357084e-02,5,5,5.5,e,+4.5,-1,5,5,4.5,e,+2.5,-1
sigma-,sigma+,138,113,3.577456,5.540537e-04,5,5,5.5,f,+4.5,+1,5,5,4.5,f,+2.5,+1
sigma-,sigma+,127,104,3.577457,1.620494e-02,5,5,5.5,e,+5.5,-1,5,5,4.5,e,+3.5,-1
sigma-,sigma+,139,114,3.577457,3.809117e-04,5,5,5.5,f,+5.5,+1,5,5,4.5,f,+3.5,+1
sigma-,sigma+,79,60,4.435445,2.260758e-03,4,4,4.5,e,-1.5,+1,4,4,3.5,e,-3.5,+1
sigma-,sigma+,89,68,4.435447,7.415403e-05,4,4,4.5,f,-1.5,-1,4,4,3.5,f,-3.5,-1
sigma-,sigma+,80,61,4.435447,7.751162e-03,4,4,4.5,e,-0.5,+1,4,4,3.5,e,-2.5,+1
sigma-,sigma+,90,69,4.435448,2.542422e-04,4,4,4.5,f,-0.5,-1,4,4,3.5,f,-2.5,-1
sigma-,sigma+,81,62,4.435449,1.614824e-02,4,4,4.5,e,+0.5,+1,4,4,3.5,e,-1.5,+1
sigma-,sigma+,91,70,4.435450,5.296707e-04,4,4,4.5,f,+0.5,-1,4,4,3.5,f,-1.5,-1
sigma-,sigma+,82,63,4.435451,2.583716e-02,4,4,4.5,e,+1.5,+1,4,4,3.5,e,-0.5,+1
sigma-,sigma+,92,71,4.435452,8.474725e-04,4,4,4.5,f,+1.5,-1,4,4,3.5,f,-0.5,-1
sigma-,sigma+,83,64,4.435453,3.391124e-02,4,4,4.5,e,+2.5,+1,4,4,3.5,e,+0.5,+1
sigma-,sigma+,93,72,4.435454,1.112307e-03,4,4,4.5,f,+2.5,-1,4,4,3.5,f,+0.5,-1
sigma-,sigma+,84,65,4.435455,3.617196e-02,4,4,4.5,e,+3.5,+1,4,4,3.5,e,+1.5,+1
sigma-,sigma+,94,73,4.435456,1.186460e-03,4,4,4.5,f,+3.5,-1,4,4,3.5,f,+1.5,-1
sigma-,sigma+,85,66,4.435457,2.712895e-02,4,4,4.5,e,+4.5,+1,4,4,3.5,e,+2.5,+1
sigma-,sigma+,95,74,4.435458,8.898439e-04,4,4,4.5,f,+4.5,-1,4,4,3.5,f,+2.5,-1
sigma-,sigma+,47,32,5.796165,7.079976e-03,3,3,3.5,e,-0.5,-1,3,3,2.5,e,-2.5,-1
sigma-,sigma+,55,38,5.796166,4.109186e-04,3,3,3.5,f,-0.5,+1,3,3,2.5,f,-2.5,+1
sigma-,sigma+,48,33,5.796168,2.265590e-02,3,3,3.5,e,+0.5,-1,3,3,2.5,e,-1.5,-1
sigma-,sigma+,56,39,5.796169,1.314938e-03,3,3,3.5,f,+0.5,+1,3,3,2.5,f,-1.5,+1
sigma-,sigma+,49,34,5.796171,4.247976e-02,3,3,3.5,e,+1.5,-1,3,3,2.5,e,-0.5,-1
sigma-,sigma+,57,40,5.796172,2.465507e-03,3,3,3.5,f,+1.5,+1,3,3,2.5,f,-0.5,+1
sigma-,sigma+,50,35,5.796174,5.663962e-02,3,3,3.5,e,+2.5,-1,3,3,2.5,e,+0.5,-1
sigma-,sigma+,58,41,5.796175,3.287339e-03,3,3,3.5,f,+2.5,+1,3,3,2.5,f,+0.5,+1
sigma-,sigma+,51,36,5.796177,4.955961e-02,3,3,3.5,e,+3.5,-1,3,3,2.5,e,+1.5,-1
sigma-,sigma+,59,42,5.796178,2.876418e-03,3,3,3.5,f,+3.5,+1,3,3,2.5,f,+1.5,+1
sigma-,sigma+,23,12,8.329631,2.915969e-02,2,2,2.5,e,+0.5,+1,2,2,1.5,e,-1.5,+1
sigma-,sigma+,29,16,8.329633,5.161933e-03,2,2,2.5,f,+0.5,-1,2,2,1.5,f,-1.5,-1
sigma-,sigma+,24,13,8.329638,7.775906e-02,2,2,2.5,e,+1.5,+1,2,2,1.5,e,-0.5,+1
sigma-,sigma+,30,17,8.329639,1.376513e-02,2,2,2.5,f,+1.5,-1,2,2,1.5,f,-0.5,-1
sigma-,sigma+,25,14,8.329644,9.719867e-02,2,2,2.5,e,+2.5,+1,2,2,1.5,e,+0.5,+1
sigma-,sigma+,31,18,8.329645,1.720639e-02,2,2,2.5,f,+2.5,-1,2,2,1.5,f,+0.5,-1
sigma-,sigma+,7,0,15.047547,8.414976e-02,1,1,1.5,e,+1.5,-1,1,1,0.5,e,-0.5,-1
sigma-,sigma+,11,2,15.047550,4.759321e-01,1,1,1.5,f,+1.5,+1,1,1,0.5,f,-0.5,+1
sigma-,sigma+,3,21,29073.263204,4.468692e-04,1,1,0.5,f,+0.5,+1,2,2,2.5,e,-1.5,+1
sigma-,sigma+,2,20,29073.263240,2.234349e-03,1,1,0.5,f,-0.5,+1,2,2,2.5,e,-2.5,+1
sigma-,sigma+,3,12,29081.592853,4.067095e-03,1,1,0.5,f,+0.5,+1,2,2,1.5,e,-1.5,+1
sigma-,sigma+,11,22,29088.310808,1.352511e-03,1,1,1.5,f,+1.5,+1,2,2,2.5,e,-0.5,+1
sigma-,sigma+,10,21,29088.310820,3.606688e-03,1,1,1.5,f,+0.5,+1,2,2,2.5,e,-1.5,+1
sigma-,sigma+,9,20,29088.310832,4.508351e-03,1,1,1.5,f,-0.5,+1,2,2,2.5,e,-2.5,+1
sigma-,sigma+,1,27,29094.423202,4.398675e-02,1,1,0.5,e,+0.5,-1,2,2,2.5,f,-1.5,-1
sigma-,sigma+,0,26,29094.423240,2.199340e-01,1,1,0.5,e,-0.5,-1,2,2,2.5,f,-2.5,-1
sigma-,sigma+,11,13,29096.640464,1.994255e-03,1,1,1.5,f,+1.5,+1,2,2,1.5,e,-0.5,+1
sigma-,sigma+,10,12,29096.640469,1.994261e-03,1,1,1.5,f,+0.5,+1,2,2,1.5,e,-1.5,+1
sigma-,sigma+,1,16,29102.752852,3.958496e-01,1,1,0.5,e,+0.5,-1,2,2,1.5,f,-1.5,-1
sigma-,sigma+,7,28,29109.470804,1.319786e-01,1,1,1.5,e,+1.5,-1,2,2,2.5,f,-0.5,-1
sigma-,sigma+,6,27,29109.470816,3.519423e-01,1,1,1.5,e,+0.5,-1,2,2,2.5,f,-1.5,-1
sigma-,sigma+,5,26,29109.470829,4.399271e-01,1,1,1.5,e,-0.5,-1,2,2,2.5,f,-2.5,-1
sigma-,sigma+,7,17,29117.800460,1.980883e-01,1,1,1.5,e,+1.5,-1,2,2,1.5,f,-0.5,-1
sigma-,sigma+,6,16,29117.800466,1.980888e-01,1,1,1.5,e,+0.5,-1,2,2,1.5,f,-1.5,-1
sigma-,sigma+,19,47,43614.287372,2.067122e-05,2,2,1.5,f,+1.5,-1,3,3,3.5,e,-0.5,-1
sigma-,sigma+,18,46,43614.287381,1.033562e-04,2,2,1.5,f,+0.5,-1,3,3,3.5,e,-1.5,-1
sigma-,sigma+,17,45,43614.287390,3.100691e-04,2,2,1.5,f,-0.5,-1,3,3,3.5,e,-2.5,-1
sigma-,sigma+,16,44,43614.287400,7.234955e-04,2,2,1.5,f,-1.5,-1,3,3,3.5,e,-3.5,-1
sigma-,sigma+,19,34,43620.083554,9.895054e-04,2,2,1.5,f,+1.5,-1,3,3,2.5,e,-0.5,-1
sigma-,sigma+,18,33,43620.083560,2.638682e-03,2,2,1.5,f,+0.5,-1,3,3,2.5,e,-1.5,-1
sigma-,sigma+,17,32,43620.083566,3.298354e-03,2,2,1.5,f,-0.5,-1,3,3,2.5,e,-2.5,-1
sigma-,sigma+,31,48,43622.617037,4.112164e-04,2,2,2.5,f,+2.5,-1,3,3,3.5,e,+0.5,-1
sigma-,sigma+,30,47,43622.617040,1.315892e-03,2,2,2.5,f,+1.5,-1,3,3,3.5,e,-0.5,-1
sigma-,sigma+,29,46,43622.617044,2.467295e-03,2,2,2.5,f,+0.5,-1,3,3,3.5,e,-1.5,-1
sigma-,sigma+,28,45,43622.617047,3.289725e-03,2,2,2.5,f,-0.5,-1,3,3,3.5,e,-2.5,-1
sigma-,sigma+,27,44,43622.617050,2.878508e-03,2,2,2.5,f,-1.5,-1,3,3,3.5,e,-3.5,-1
sigma-,sigma+,31,35,43628.413222,3.138260e-04,2,2,2.5,f,+2.5,-1,3,3,2.5,e,+0.5,-1
sigma-,sigma+,30,34,43628.413222,5.648875e-04,2,2,2.5,f,+1.5,-1,3,3,2.5,e,-0.5,-1
sigma-,sigma+,29,33,43628.413222,5.648883e-04,2,2,2.5,f,+0.5,-1,3,3,2.5,e,-1.5,-1
sigma-,sigma+,28,32,43628.413222,3.138272e-04,2,2,2.5,f,-0.5,-1,3,3,2.5,e,-2.5,-1
sigma-,sigma+,15,55,43661.897366,2.022154e-03,2,2,1.5,e,+1.5,+1,3,3,3.5,f,-0.5,+1
sigma-,sigma+,14,54,43661.897377,1.011078e-02,2,2,1.5,e,+0.5,+1,3,3,3.5,f,-1.5,+1
sigma-,sigma+,13,53,43661.897388,3.033237e-02,2,2,1.5,e,-0.5,+1,3,3,3.5,f,-2.5,+1
sigma-,sigma+,12,52,43661.897398,7.077561e-02,2,2,1.5,e,-1.5,+1,3,3,3.5,f,-3.5,+1
sigma-,sigma+,15,40,43667.693549,9.692523e-02,2,2,1.5,e,+1.5,+1,3,3,2.5,f,-0.5,+1
sigma-,sigma+,14,39,43667.693556,2.584674e-01,2,2,1.5,e,+0.5,+1,3,3,2.5,f,-1.5,+1
sigma-,sigma+,13,38,43667.693564,3.230843e-01,2,2,1.5,e,-0.5,+1,3,3,2.5,f,-2.5,+1
sigma-,sigma+,25,56,43670.227031,4.040384e-02,2,2,2.5,e,+2.5,+1,3,3,3.5,f,+0.5,+1
sigma-,sigma+,24,55,43670.227035,1.292922e-01,2,2,2.5,e,+1.5,+1,3,3,3.5,f,-0.5,+1
sigma-,sigma+,23,54,43670.227039,2.424228e-01,2,2,2.5,e,+0.5,+1,3,3,3.5,f,-1.5,+1
sigma-,sigma+,22,53,43670.227044,3.232302e-01,2,2,2.5,e,-0.5,+1,3,3,3.5,f,-2.5,+1
sigma-,sigma+,21,52,43670.227048,2.828262e-01,2,2,2.5,e,-1.5,+1,3,3,3.5,f,-3.5,+1
sigma-,sigma+,25,41,43676.023216,3.033971e-02,2,2,2.5,e,+2.5,+1,3,3,2.5,f,+0.5,+1
sigma-,sigma+,24,40,43676.023218,5.461155e-02,2,2,2.5,e,+1.5,+1,3,3,2.5,f,-0.5,+1
sigma-,sigma+,23,39,43676.023219,5.461163e-02,2,2,2.5,e,+0.5,+1,3,3,2.5,f,-1.5,+1
sigma-,sigma+,22,38,43676.023220,3.033984e-02,2,2,2.5,e,-0.5,+1,3,3,2.5,f,-2.5,+1
sigma-,sigma+,43,81,58146.058963,1.516635e-05,3,3,2.5,f,+2.5,+1,4,4,4.5,e,+0.5,+1
sigma-,sigma+,42,80,58146.058967,7.583185e-05,3,3,2.5,f,+1.5,+1,4,4,4.5,e,-0.5,+1
sigma-,sigma+,41,79,58146.058971,2.274959e-04,3,3,2.5,f,+0.5,+1,4,4,4.5,e,-1.5,+1
sigma-,sigma+,40,78,58146.058975,5.308244e-04,3,3,2.5,f,-0.5,+1,4,4,4.5,e,-2.5,+1
sigma-,sigma+,39,77,58146.058979,1.061650e-03,3,3,2.5,f,-1.5,+1,4,4,4.5,e,-3.5,+1
sigma-,sigma+,38,76,58146.058983,1.910973e-03,3,3,2.5,f,-2.5,+1,4,4,4.5,e,-4.5,+1
sigma-,sigma+,43,64,58150.494424,1.892996e-03,3,3,2.5,f,+2.5,+1,4,4,3.5,e,+0.5,+1
sigma-,sigma+,42,63,58150.494426,6.057590e-03,3,3,2.5,f,+1.5,+1,4,4,3.5,e,-0.5,+1
sigma-,sigma+,41,62,58150.494428,1.135798e-02,3,3,2.5,f,+0.5,+1,4,4,3.5,e,-1.5,+1
sigma-,sigma+,40,61,58150.494430,1.514398e-02,3,3,2.5,f,-0.5,+1,4,4,3.5,e,-2.5,+1
sigma-,sigma+,39,60,58150.494432,1.325099e-02,3,3,2.5,f,-1.5,+1,4,4,3.5,e,-3.5,+1
sigma-,sigma+,59,82,58151.855153,9.532551e-04,3,3,3.5,f,+3.5,+1,4,4,4.5,e,+1.5,+1
sigma-,sigma+,58,81,58151.855154,3.268302e-03,3,3,3.5,f,+2.5,+1,4,4,4.5,e,+0.5,+1
sigma-,sigma+,57,80,58151.855155,6.808961e-03,3,3,3.5,f,+1.5,+1,4,4,4.5,e,-0.5,+1
sigma-,sigma+,56,79,58151.855156,1.089433e-02,3,3,3.5,f,+0.5,+1,4,4,4.5,e,-1.5,+1
sigma-,sigma+,55,78,58151.855157,1.429881e-02,3,3,3.5,f,-0.5,+1,4,4,4.5,e,-2.5,+1
sigma-,sigma+,54,77,58151.855158,1.525206e-02,3,3,3.5,f,-1.5,+1,4,4,4.5,e,-3.5,+1
sigma-,sigma+,53,76,58151.855159,1.143904e-02,3,3,3.5,f,-2.5,+1,4,4,4.5,e,-4.5,+1
sigma-,sigma+,54,60,58156.290611,4.803269e-04,3,3,3.5,f,-1.5,+1,4,4,3.5,e,-3.5,+1
sigma-,sigma+,55,61,58156.290612,1.029271e-03,3,3,3.5,f,-0.5,+1,4,4,3.5,e,-2.5,+1
sigma-,sigma+,56,62,58156.290613,1.372360e-03,3,3,3.5,f,+0.5,+1,4,4,3.5,e,-1.5,+1
sigma-,sigma+,57,63,58156.290614,1.372359e-03,3,3,3.5,f,+1.5,+1,4,4,3.5,e,-0.5,+1
sigma-,sigma+,58,64,58156.290615,1.029268e-03,3,3,3.5,f,+2.5,+1,4,4,3.5,e,+0.5,+1
sigma-,sigma+,59,65,58156.290616,4.803249e-04,3,3,3.5,f,+3.5,+1,4,4,3.5,e,+1.5,+1
sigma-,sigma+,37,91,58230.698956,2.623179e-04,3,3,2.5,e,+2.5,-1,4,4,4.5,f,+0.5,-1
sigma-,sigma+,36,90,58230.698961,1.311591e-03,3,3,2.5,e,+1.5,-1,4,4,4.5,f,-0.5,-1
sigma-,sigma+,35,89,58230.698967,3.934776e-03,3,3,2.5,e,+0.5,-1,4,4,4.5,f,-1.5,-1
sigma-,sigma+,34,88,58230.698972,9.181152e-03,3,3,2.5,e,-0.5,-1,4,4,4.5,f,-2.5,-1
sigma-,sigma+,33,87,58230.698977,1.836232e-02,3,3,2.5,e,-1.5,-1,4,4,4.5,f,-3.5,-1
sigma-,sigma+,32,86,58230.698982,3.305221e-02,3,3,2.5,e,-2.5,-1,4,4,4.5,f,-4.5,-1
sigma-,sigma+,37,72,58235.134417,3.274121e-02,3,3,2.5,e,+2.5,-1,4,4,3.5,f,+0.5,-1
sigma-,sigma+,36,71,58235.134420,1.047719e-01,3,3,2.5,e,+1.5,-1,4,4,3.5,f,-0.5,-1
sigma-,sigma+,35,70,58235.134424,1.964473e-01,3,3,2.5,e,+0.5,-1,4,4,3.5,f,-1.5,-1
sigma-,sigma+,34,69,58235.134427,2.619298e-01,3,3,2.5,e,-0.5,-1,4,4,3.5,f,-2.5,-1
sigma-,sigma+,33,68,58235.134430,2.291887e-01,3,3,2.5,e,-1.5,-1,4,4,3.5,f,-3.5,-1
sigma-,sigma+,51,92,58236.495146,1.650642e-02,3,3,3.5,e,+3.5,-1,4,4,4.5,f,+1.5,-1
sigma-,sigma+,50,91,58236.495148,5.659341e-02,3,3,3.5,e,+2.5,-1,4,4,4.5,f,+0.5,-1
sigma-,sigma+,49,90,58236.495150,1.179029e-01,3,3,3.5,e,+1.5,-1,4,4,4.5,f,-0.5,-1
sigma-,sigma+,48,89,58236.495152,1.886446e-01,3,3,3.5,e,+0.5,-1,4,4,4.5,f,-1.5,-1
sigma-,sigma+,47,88,58236.495154,2.475959e-01,3,3,3.5,e,-0.5,-1,4,4,4.5,f,-2.5,-1
sigma-,sigma+,46,87,58236.495156,2.641023e-01,3,3,3.5,e,-1.5,-1,4,4,4.5,f,-3.5,-1
sigma-,sigma+,45,86,58236.495158,1.980766e-01,3,3,3.5,e,-2.5,-1,4,4,4.5,f,-4.5,-1
sigma-,sigma+,51,73,58240.930608,8.265850e-03,3,3,3.5,e,+3.5,-1,4,4,3.5,f,+1.5,-1
sigma-,sigma+,50,72,58240.930609,1.771255e-02,3,3,3.5,e,+2.5,-1,4,4,3.5,f,+0.5,-1
sigma-,sigma+,49,71,58240.930609,2.361676e-02,3,3,3.5,e,+1.5,-1,4,4,3.5,f,-0.5,-1
sigma-,sigma+,48,70,58240.930609,2.361678e-02,3,3,3.5,e,+0.5,-1,4,4,3.5,f,-1.5,-1
sigma-,sigma+,47,69,58240.930609,1.771260e-02,3,3,3.5,e,-0.5,-1,4,4,3.5,f,-2.5,-1
sigma-,sigma+,46,68,58240.930609,8.265890e-03,3,3,3.5,e,-1.5,-1,4,4,3.5,f,-3.5,-1
sigma-,sigma+,75,123,72671.161237,6.646584e-06,4,4,3.5,f,+3.5,-1,5,5,5.5,e,+1.5,-1
sigma-,sigma+,74,122,72671.161239,3.323297e-05,4,4,3.5,f,+2.5,-1,5,5,5.5,e,+0.5,-1
sigma-,sigma+,73,121,72671.161241,9.969904e-05,4,4,3.5,f,+1.5,-1,5,5,5.5,e,-0.5,-1
sigma-,sigma+,72,120,72671.161243,2.326314e-04,4,4,3.5,f,+0.5,-1,5,5,5.5,e,-1.5,-1
sigma-,sigma+,71,119,72671.161245,4.652636e-04,4,4,3.5,f,-0.5,-1,5,5,5.5,e,-2.5,-1
sigma-,sigma+,70,118,72671.161247,8.374756e-04,4,4,3.5,f,-1.5,-1,5,5,5.5,e,-3.5,-1
sigma-,sigma+,69,117,72671.161250,1.395795e-03,4,4,3.5,f,-2.5,-1,5,5,5.5,e,-4.5,-1
sigma-,sigma+,68,116,72671.161252,2.193395e-03,4,4,3.5,f,-3.5,-1,5,5,5.5,e,-5.5,-1
sigma-,sigma+,75,102,72674.738697,1.672649e-03,4,4,3.5,f,+3.5,-1,5,5,4.5,e,+1.5,-1
sigma-,sigma+,74,101,72674.738697,5.734798e-03,4,4,3.5,f,+2.5,-1,5,5,4.5,e,+0.5,-1
sigma-,sigma+,73,100,72674.738698,1.194750e-02,4,4,3.5,f,+1.5,-1,5,5,4.5,e,-0.5,-1
sigma-,sigma+,72,99,72674.738699,1.911600e-02,4,4,3.5,f,+0.5,-1,5,5,4.5,e,-1.5,-1
sigma-,sigma+,71,98,72674.738700,2.508975e-02,4,4,3.5,f,-0.5,-1,5,5,4.5,e,-2.5,-1
sigma-,sigma+,70,97,72674.738700,2.676240e-02,4,4,3.5,f,-1.5,-1,5,5,4.5,e,-3.5,-1
sigma-,sigma+,69,96,72674.738701,2.007181e-02,4,4,3.5,f,-2.5,-1,5,5,4.5,e,-4.5,-1
sigma-,sigma+,95,124,72675.596703,9.553730e-04,4,4,4.5,f,+4.5,-1,5,5,5.5,e,+2.5,-1
sigma-,sigma+,94,123,72675.596703,3.396881e-03,4,4,4.5,f,+3.5,-1,5,5,5.5,e,+1.5,-1
sigma-,sigma+,93,122,72675.596703,7.430676e-03,4,4,4.5,f,+2.5,-1,5,5,5.5,e,+0.5,-1
sigma-,sigma+,92,121,72675.596704,1.273830e-02,4,4,4.5,f,+1.5,-1,5,5,5.5,e,-0.5,-1
sigma-,sigma+,91,120,72675.596704,1.857668e-02,4,4,4.5,f,+0.5,-1,5,5,5.5,e,-1.5,-1
sigma-,sigma+,90,119,72675.596704,2.377815e-02,4,4,4.5,f,-0.5,-1,5,5,5.5,e,-2.5,-1
sigma-,sigma+,89,118,72675.596705,2.675041e-02,4,4,4.5,f,-1.5,-1,5,5,5.5,e,-3.5,-1
sigma-,sigma+,88,117,72675.596705,2.547658e-02,4,4,4.5,f,-2.5,-1,5,5,5.5,e,-4.5,-1
sigma-,sigma+,87,116,72675.596705,1.751514e-02,4,4,4.5,f,-3.5,-1,5,5,5.5,e,-5.5,-1
sigma-,sigma+,88,96,72679.174156,3.603142e-04,4,4,4.5,f,-2.5,-1,5,5,4.5,e,-4.5,-1
sigma-,sigma+,89,97,72679.174157,8.407327e-04,4,4,4.5,f,-1.5,-1,5,5,4.5,e,-3.5,-1
sigma-,sigma+,90,98,72679.174159,1.261098e-03,4,4,4.5,f,-0.5,-1,5,5,4.5,e,-2.5,-1
sigma-,sigma+,91,99,72679.174160,1.501307e-03,4,4,4.5,f,+0.5,-1,5,5,4.5,e,-1.5,-1
sigma-,sigma+,92,100,72679.174161,1.501306e-03,4,4,4.5,f,+1.5,-1,5,5,4.5,e,-0.5,-1
sigma-,sigma+,93,101,72679.174162,1.261096e-03,4,4,4.5,f,+2.5,-1,5,5,4.5,e,+0.5,-1
sigma-,sigma+,94,102,72679.174163,8.407302e-04,4,4,4.5,f,+3.5,-1,5,5,4.5,e,+1.5,-1
sigma-,sigma+,95,103,72679.174164,3.603127e-04,4,4,4.5,f,+4.5,-1,5,5,4.5,e,+2.5,-1
sigma-,sigma+,1,33,72722.836442,9.346657e-03,1,1,0.5,e,+0.5,-1,3,3,2.5,e,-1.5,-1
sigma-,sigma+,0,32,72722.836479,4.673333e-02,1,1,0.5,e,-0.5,-1,3,3,2.5,e,-2.5,-1
sigma-,sigma+,7,47,72732.087861,1.715235e-03,1,1,1.5,e,+1.5,-1,3,3,3.5,e,-0.5,-1
sigma-,sigma+,6,46,72732.087877,8.576170e-03,1,1,1.5,e,+0.5,-1,3,3,3.5,e,-1.5,-1
sigma-,sigma+,5,45,72732.087893,2.572849e-02,1,1,1.5,e,-0.5,-1,3,3,3.5,e,-2.5,-1
sigma-,sigma+,4,44,72732.087908,6.003310e-02,1,1,1.5,e,-1.5,-1,3,3,3.5,e,-3.5,-1
sigma-,sigma+,7,34,72737.884044,2.278384e-03,1,1,1.5,e,+1.5,-1,3,3,2.5,e,-0.5,-1
sigma-,sigma+,6,33,72737.884056,6.075705e-03,1,1,1.5,e,+0.5,-1,3,3,2.5,e,-1.5,-1
sigma-,sigma+,5,32,72737.884068,7.594650e-03,1,1,1.5,e,-0.5,-1,3,3,2.5,e,-2.5,-1
sigma-,sigma+,3,39,72749.286441,5.288637e-02,1,1,0.5,f,+0.5,+1,3,3,2.5,f,-1.5,+1
sigma-,sigma+,2,38,72749.286478,2.644321e-01,1,1,0.5,f,-0.5,+1,3,3,2.5,f,-2.5,+1
sigma-,sigma+,11,55,72758.537862,9.710822e-03,1,1,1.5,f,+1.5,+1,3,3,3.5,f,-0.5,+1
sigma-,sigma+,10,54,72758.537877,4.855408e-02,1,1,1.5,f,+0.5,+1,3,3,3.5,f,-1.5,+1
sigma-,sigma+,9,53,72758.537893,1.456621e-01,1,1,1.5,f,-0.5,+1,3,3,3.5,f,-2.5,+1
sigma-,sigma+,8,52,72758.537909,3.398781e-01,1,1,1.5,f,-1.5,+1,3,3,3.5,f,-3.5,+1
sigma-,sigma+,11,40,72764.334044,1.297064e-02,1,1,1.5,f,+1.5,+1,3,3,2.5,f,-0.5,+1
sigma-,sigma+,10,39,72764.334057,3.458846e-02,1,1,1.5,f,+0.5,+1,3,3,2.5,f,-1.5,+1
sigma-,sigma+,9,38,72764.334070,4.323569e-02,1,1,1.5,f,-0.5,+1,3,3,2.5,f,-2.5,+1
sigma-,sigma+,67,135,72803.411229,5.669386e-05,4,4,3.5,e,+3.5,+1,5,5,5.5,f,+1.5,+1
sigma-,sigma+,66,134,72803.411232,2.834696e-04,4,4,3.5,e,+2.5,+1,5,5,5.5,f,+0.5,+1
sigma-,sigma+,65,133,72803.411235,8.504094e-04,4,4,3.5,e,+1.5,+1,5,5,5.5,f,-0.5,+1
sigma-,sigma+,64,132,72803.411239,1.984290e-03,4,4,3.5,e,+0.5,+1,5,5,5.5,f,-1.5,+1
sigma-,sigma+,63,131,72803.411242,3.968584e-03,4,4,3.5,e,-0.5,+1,5,5,5.5,f,-2.5,+1
sigma-,sigma+,62,130,72803.411245,7.143458e-03,4,4,3.5,e,-1.5,+1,5,5,5.5,f,-3.5,+1
sigma-,sigma+,61,129,72803.411249,1.190577e-02,4,4,3.5,e,-2.5,+1,5,5,5.5,f,-4.5,+1
sigma-,sigma+,60,128,72803.411252,1.870909e-02,4,4,3.5,e,-3.5,+1,5,5,5.5,f,-5.5,+1
sigma-,sigma+,67,112,72806.988689,1.426589e-02,4,4,3.5,e,+3.5,+1,5,5,4.5,f,+1.5,+1
sigma-,sigma+,66,111,72806.988691,4.891163e-02,4,4,3.5,e,+2.5,+1,5,5,4.5,f,+0.5,+1
sigma-,sigma+,65,110,72806.988693,1.018992e-01,4,4,3.5,e,+1.5,+1,5,5,4.5,f,-0.5,+1
sigma-,sigma+,64,109,72806.988695,1.630388e-01,4,4,3.5,e,+0.5,+1,5,5,4.5,f,-1.5,+1
sigma-,sigma+,63,108,72806.988697,2.139885e-01,4,4,3.5,e,-0.5,+1,5,5,4.5,f,-2.5,+1
sigma-,sigma+,62,107,72806.988699,2.282544e-01,4,4,3.5,e,-1.5,+1,5,5,4.5,f,-3.5,+1
sigma-,sigma+,61,106,72806.988701,1.711908e-01,4,4,3.5,e,-2.5,+1,5,5,4.5,f,-4.5,+1
sigma-,sigma+,85,136,72807.846694,8.153582e-03,4,4,4.5,e,+4.5,+1,5,5,5.5,f,+2.5,+1
sigma-,sigma+,84,135,72807.846696,2.899051e-02,4,4,4.5,e,+3.5,+1,5,5,5.5,f,+1.5,+1
sigma-,sigma+,83,134,72807.846697,6.341673e-02,4,4,4.5,e,+2.5,+1,5,5,5.5,f,+0.5,+1
sigma-,sigma+,82,133,72807.846698,1.087144e-01,4,4,4.5,e,+1.5,+1,5,5,5.5,f,-0.5,+1
sigma-,sigma+,81,132,72807.846700,1.585418e-01,4,4,4.5,e,+0.5,+1,5,5,5.5,f,-1.5,+1
sigma-,sigma+,80,131,72807.846701,2.029334e-01,4,4,4.5,e,-0.5,+1,5,5,5.5,f,-2.5,+1
sigma-,sigma+,79,130,72807.846702,2.283000e-01,4,4,4.5,e,-1.5,+1,5,5,5.5,f,-3.5,+1
sigma-,sigma+,78,129,72807.846704,2.174286e-01,4,4,4.5,e,-2.5,+1,5,5,5.5,f,-4.5,+1
sigma-,sigma+,77,128,72807.846705,1.494821e-01,4,4,4.5,e,-3.5,+1,5,5,5.5,f,-5.5,+1
sigma-,sigma+,78,106,72811.424155,3.062908e-03,4,4,4.5,e,-2.5,+1,5,5,4.5,f,-4.5,+1
sigma-,sigma+,79,107,72811.424155,7.146779e-03,4,4,4.5,e,-1.5,+1,5,5,4.5,f,-3.5,+1
sigma-,sigma+,80,108,72811.424156,1.072016e-02,4,4,4.5,e,-0.5,+1,5,5,4.5,f,-2.5,+1
sigma-,sigma+,81,109,72811.424156,1.276209e-02,4,4,4.5,e,+0.5,+1,5,5,4.5,f,-1.5,+1
sigma-,sigma+,82,110,72811.424156,1.276208e-02,4,4,4.5,e,+1.5,+1,5,5,4.5,f,-0.5,+1
sigma-,sigma+,83,111,72811.424156,1.072013e-02,4,4,4.5,e,+2.5,+1,5,5,4.5,f,+0.5,+1
sigma-,sigma+,84,112,72811.424156,7.146751e-03,4,4,4.5,e,+3.5,+1,5,5,4.5,f,+1.5,+1
sigma-,sigma+,85,113,72811.424156,3.062891e-03,4,4,4.5,e,+4.5,+1,5,5,4.5,f,+2.5,+1
sigma-,sigma+,15,63,101818.187990,2.144592e-03,2,2,1.5,e,+1.5,+1,4,4,3.5,e,-0.5,+1
sigma-,sigma+,14,62,101818.188000,1.072296e-02,2,2,1.5,e,+0.5,+1,4,4,3.5,e,-1.5,+1
sigma-,sigma+,13,61,101818.188010,3.216891e-02,2,2,1.5,e,-0.5,+1,4,4,3.5,e,-2.5,+1
sigma-,sigma+,12,60,101818.188019,7.506081e-02,2,2,1.5,e,-1.5,+1,4,4,3.5,e,-3.5,+1
sigma-,sigma+,25,81,101822.082195,6.617417e-04,2,2,2.5,e,+2.5,+1,4,4,4.5,e,+0.5,+1
sigma-,sigma+,24,80,101822.082200,3.308707e-03,2,2,2.5,e,+1.5,+1,4,4,4.5,e,-0.5,+1
sigma-,sigma+,23,79,101822.082205,9.926119e-03,2,2,2.5,e,+0.5,+1,4,4,4.5,e,-1.5,+1
sigma-,sigma+,22,78,101822.082211,2.316094e-02,2,2,2.5,e,-0.5,+1,4,4,4.5,e,-2.5,+1
sigma-,sigma+,21,77,101822.082216,4.632186e-02,2,2,2.5,e,-1.5,+1,4,4,4.5,e,-3.5,+1
sigma-,sigma+,20,76,101822.082221,8.337931e-02,2,2,2.5,e,-2.5,+1,4,4,4.5,e,-4.5,+1
sigma-,sigma+,25,64,101826.517656,5.273764e-04,2,2,2.5,e,+2.5,+1,4,4,3.5,e,+0.5,+1
sigma-,sigma+,24,63,101826.517659,1.687606e-03,2,2,2.5,e,+1.5,+1,4,4,3.5,e,-0.5,+1
sigma-,sigma+,23,62,101826.517662,3.164266e-03,2,2,2.5,e,+0.5,+1,4,4,3.5,e,-1.5,+1
sigma-,sigma+,22,61,101826.517666,4.219026e-03,2,2,2.5,e,-0.5,+1,4,4,3.5,e,-2.5,+1
sigma-,sigma+,21,60,101826.517669,3.691652e-03,2,2,2.5,e,-1.5,+1,4,4,3.5,e,-3.5,+1
sigma-,sigma+,19,71,101855.217991,1.214163e-02,2,2,1.5,f,+1.5,-1,4,4,3.5,f,-0.5,-1
sigma-,sigma+,18,70,101855.218001,6.070818e-02,2,2,1.5,f,+0.5,-1,4,4,3.5,f,-1.5,-1
sigma-,sigma+,17,69,101855.218011,1.821246e-01,2,2,1.5,f,-0.5,-1,4,4,3.5,f,-2.5,-1
sigma-,sigma+,16,68,101855.218020,4.249575e-01,2,2,1.5,f,-1.5,-1,4,4,3.5,f,-3.5,-1
sigma-,sigma+,31,91,101859.112196,3.747050e-03,2,2,2.5,f,+2.5,-1,4,4,4.5,f,+0.5,-1
sigma-,sigma+,30,90,101859.112201,1.873524e-02,2,2,2.5,f,+1.5,-1,4,4,4.5,f,-0.5,-1
sigma-,sigma+,29,89,101859.112206,5.620571e-02,2,2,2.5,f,+0.5,-1,4,4,4.5,f,-1.5,-1
sigma-,sigma+,28,88,101859.112212,1.311466e-01,2,2,2.5,f,-0.5,-1,4,4,4.5,f,-2.5,-1
sigma-,sigma+,27,87,101859.112217,2.622931e-01,2,2,2.5,f,-1.5,-1,4,4,4.5,f,-3.5,-1
sigma-,sigma+,26,86,101859.112222,4.721275e-01,2,2,2.5,f,-2.5,-1,4,4,4.5,f,-4.5,-1
sigma-,sigma+,31,72,101863.547657,3.002650e-03,2,2,2.5,f,+2.5,-1,4,4,3.5,f,+0.5,-1
sigma-,sigma+,30,71,101863.547660,9.608491e-03,2,2,2.5,f,+1.5,-1,4,4,3.5,f,-0.5,-1
sigma-,sigma+,29,70,101863.547663,1.801594e-02,2,2,2.5,f,+0.5,-1,4,4,3.5,f,-1.5,-1
sigma-,sigma+,28,69,101863.547667,2.402128e-02,2,2,2.5,f,-0.5,-1,4,4,3.5,f,-2.5,-1
sigma-,sigma+,27,68,101863.547670,2.101865e-02,2,2,2.5,f,-1.5,-1,4,4,3.5,f,-3.5,-1
sigma-,sigma+,37,101,130909.873125,7.147493e-04,3,3,2.5,e,+2.5,-1,5,5,4.5,e,+0.5,-1
sigma-,sigma+,36,100,130909.873129,3.573747e-03,3,3,2.5,e,+1.5,-1,5,5,4.5,e,-0.5,-1
sigma-,sigma+,35,99,130909.873133,1.072124e-02,3,3,2.5,e,+0.5,-1,5,5,4.5,e,-1.5,-1
sigma-,sigma+,34,98,130909.873137,2.501624e-02,3,3,2.5,e,-0.5,-1,5,5,4.5,e,-2.5,-1
sigma-,sigma+,33,97,130909.873141,5.003249e-02,3,3,2.5,e,-1.5,-1,5,5,4.5,e,-3.5,-1
sigma-,sigma+,32,96,130909.873145,9.005850e-02,3,3,2.5,e,-2.5,-1,5,5,4.5,e,-4.5,-1
sigma-,sigma+,51,123,130912.091856,2.894119e-04,3,3,3.5,e,+3.5,-1,5,5,5.5,e,+1.5,-1
sigma-,sigma+,50,122,130912.091858,1.447059e-03,3,3,3.5,e,+2.5,-1,5,5,5.5,e,+0.5,-1
sigma-,sigma+,49,121,130912.091860,4.341176e-03,3,3,3.5,e,+1.5,-1,5,5,5.5,e,-0.5,-1
sigma-,sigma+,48,120,130912.091863,1.012941e-02,3,3,3.5,e,+0.5,-1,5,5,5.5,e,-1.5,-1
sigma-,sigma+,47,119,130912.091865,2.025881e-02,3,3,3.5,e,-0.5,-1,5,5,5.5,e,-2.5,-1
sigma-,sigma+,46,118,130912.091867,3.646586e-02,3,3,3.5,e,-1.5,-1,5,5,5.5,e,-3.5,-1
sigma-,sigma+,45,117,130912.091870,6.077641e-02,3,3,3.5,e,-2.5,-1,5,5,5.5,e,-4.5,-1
sigma-,sigma+,44,116,130912.091872,9.550577e-02,3,3,3.5,e,-3.5,-1,5,5,5.5,e,-5.5,-1
sigma-,sigma+,11,63,130914.828486,6.960869e-12,1,1,1.5,f,+1.5,+1,4,4,3.5,e,-0.5,+1
sigma-,sigma+,10,62,130914.828500,3.480445e-11,1,1,1.5,f,+0.5,+1,4,4,3.5,e,-1.5,+1
sigma-,sigma+,9,61,130914.828515,1.044137e-10,1,1,1.5,f,-0.5,+1,4,4,3.5,e,-2.5,+1
sigma-,sigma+,8,60,130914.828530,2.436326e-10,1,1,1.5,f,-1.5,+1,4,4,3.5,e,-3.5,+1
sigma-,sigma+,51,102,130915.669316,1.647463e-04,3,3,3.5,e,+3.5,-1,5,5,4.5,e,+1.5,-1
sigma-,sigma+,50,101,130915.669317,5.648448e-04,3,3,3.5,e,+2.5,-1,5,5,4.5,e,+0.5,-1
sigma-,sigma+,49,100,130915.669317,1.176761e-03,3,3,3.5,e,+1.5,-1,5,5,4.5,e,-0.5,-1
sigma-,sigma+,48,99,130915.669318,1.882819e-03,3,3,3.5,e,+0.5,-1,5,5,4.5,e,-1.5,-1
sigma-,sigma+,47,98,130915.669319,2.471202e-03,3,3,3.5,e,-0.5,-1,5,5,4.5,e,-2.5,-1
sigma-,sigma+,46,97,130915.669320,2.635951e-03,3,3,3.5,e,-1.5,-1,5,5,4.5,e,-3.5,-1
sigma-,sigma+,45,96,130915.669321,1.976965e-03,3,3,3.5,e,-2.5,-1,5,5,4.5,e,-4.5,-1
sigma-,sigma+,43,111,130957.483126,4.047200e-03,3,3,2.5,f,+2.5,+1,5,5,4.5,f,+0.5,+1
sigma-,sigma+,42,110,130957.483130,2.023600e-02,3,3,2.5,f,+1.5,+1,5,5,4.5,f,-0.5,+1
sigma-,sigma+,41,109,130957.483134,6.070803e-02,3,3,2.5,f,+0.5,+1,5,5,4.5,f,-1.5,+1
sigma-,sigma+,40,108,130957.483138,1.416521e-01,3,3,2.5,f,-0.5,+1,5,5,4.5,f,-2.5,+1
sigma-,sigma+,39,107,130957.483142,2.833042e-01,3,3,2.5,f,-1.5,+1,5,5,4.5,f,-3.5,+1
sigma-,sigma+,38,106,130957.483146,5.099477e-01,3,3,2.5,f,-2.5,+1,5,5,4.5,f,-4.5,+1
sigma-,sigma+,59,135,130959.701857,1.638878e-03,3,3,3.5,f,+3.5,+1,5,5,5.5,f,+1.5,+1
sigma-,sigma+,58,134,130959.701859,8.194390e-03,3,3,3.5,f,+2.5,+1,5,5,5.5,f,+0.5,+1
sigma-,sigma+,57,133,130959.701861,2.458316e-02,3,3,3.5,f,+1.5,+1,5,5,5.5,f,-0.5,+1
sigma-,sigma+,56,132,130959.701864,5.736071e-02,3,3,3.5,f,+0.5,+1,5,5,5.5,f,-1.5,+1
sigma-,sigma+,55,131,130959.701866,1.147214e-01,3,3,3.5,f,-0.5,+1,5,5,5.5,f,-2.5,+1
sigma-,sigma+,54,130,130959.701868,2.064985e-01,3,3,3.5,f,-1.5,+1,5,5,5.5,f,-3.5,+1
sigma-,sigma+,53,129,130959.701871,3.441640e-01,3,3,3.5,f,-2.5,+1,5,5,5.5,f,-4.5,+1
sigma-,sigma+,52,128,130959.701873,5.408290e-01,3,3,3.5,f,-3.5,+1,5,5,5.5,f,-5.5,+1
sigma-,sigma+,59,112,130963.279316,9.380358e-04,3,3,3.5,f,+3.5,+1,5,5,4.5,f,+1.5,+1
sigma-,sigma+,58,111,130963.279317,3.216125e-03,3,3,3.5,f,+2.5,+1,5,5,4.5,f,+0.5,+1
sigma-,sigma+,57,110,130963.279318,6.700266e-03,3,3,3.5,f,+1.5,+1,5,5,4.5,f,-0.5,+1
sigma-,sigma+,56,109,130963.279320,1.072043e-02,3,3,3.5,f,+0.5,+1,5,5,4.5,f,-1.5,+1
sigma-,sigma+,55,108,130963.279321,1.407058e-02,3,3,3.5,f,-0.5,+1,5,5,4.5,f,-2.5,+1
sigma-,sigma+,54,107,130963.279322,1.500863e-02,3,3,3.5,f,-1.5,+1,5,5,4.5,f,-3.5,+1
sigma-,sigma+,53,106,130963.279323,1.125648e-02,3,3,3.5,f,-2.5,+1,5,5,4.5,f,-4.5,+1
sigma-,sigma+,7,71,130973.018481,6.768812e-10,1,1,1.5,e,+1.5,-1,4,4,3.5,f,-0.5,-1
sigma-,sigma+,6,70,130973.018497,3.384415e-09,1,1,1.5,e,+0.5,-1,4,4,3.5,f,-1.5,-1
sigma-,sigma+,5,69,130973.018513,1.015327e-08,1,1,1.5,e,-0.5,-1,4,4,3.5,f,-2.5,-1
sigma-,sigma+,4,68,130973.018529,2.369104e-08,1,1,1.5,e,-1.5,-1,4,4,3.5,f,-3.5,-1
sigma-,sigma+,31,101,174538.286365,6.188458e-12,2,2,2.5,f,+2.5,-1,5,5,4.5,e,+0.5,-1
sigma-,sigma+,30,100,174538.286369,3.094233e-11,2,2,2.5,f,+1.5,-1,5,5,4.5,e,-0.5,-1
sigma-,sigma+,29,99,174538.286373,9.282713e-11,2,2,2.5,f,+0.5,-1,5,5,4.5,e,-1.5,-1
sigma-,sigma+,28,98,174538.286377,2.165970e-10,2,2,2.5,f,-0.5,-1,5,5,4.5,e,-2.5,-1
sigma-,sigma+,27,97,174538.286381,4.331945e-10,2,2,2.5,f,-1.5,-1,5,5,4.5,e,-3.5,-1
sigma-,sigma+,26,96,174538.286385,7.797513e-10,2,2,2.5,f,-2.5,-1,5,5,4.5,e,-4.5,-1
sigma-,sigma+,25,111,174633.506359,1.065559e-10,2,2,2.5,e,+2.5,+1,5,5,4.5,f,+0.5,+1
sigma-,sigma+,24,110,174633.506364,5.327800e-10,2,2,2.5,e,+1.5,+1,5,5,4.5,f,-0.5,+1
sigma-,sigma+,23,109,174633.506369,1.598342e-09,2,2,2.5,e,+0.5,+1,5,5,4.5,f,-1.5,+1
sigma-,sigma+,22,108,174633.506374,3.729470e-09,2,2,2.5,e,-0.5,+1,5,5,4.5,f,-2.5,+1
sigma-,sigma+,21,107,174633.506379,7.458951e-09,2,2,2.5,e,-1.5,+1,5,5,4.5,f,-3.5,+1
sigma-,sigma+,20,106,174633.506384,1.342613e-08,2,2,2.5,e,-2.5,+1,5,5,4.5,f,-4.5,+1
sigma+,sigma+,108,20,-174633.506392,3.729489e-10,5,5,4.5,f,-2.5,+1,2,2,2.5,e,-2.5,+1
sigma+,sigma+,109,21,-174633.506387,7.991751e-10,5,5,4.5,f,-1.5,+1,2,2,2.5,e,-1.5,+1
sigma+,sigma+,110,22,-174633.506382,1.065565e-09,5,5,4.5,f,-0.5,+1,2,2,2.5,e,-0.5,+1
sigma+,sigma+,111,23,-174633.506377,1.065564e-09,5,5,4.5,f,+0.5,+1,2,2,2.5,e,+0.5,+1
sigma+,sigma+,112,24,-174633.506372,7.991718e-10,5,5,4.5,f,+1.5,+1,2,2,2.5,e,+1.5,+1
sigma+,sigma+,113,25,-174633.506366,3.729463e-10,5,5,4.5,f,+2.5,+1,2,2,2.5,e,+2.5,+1
sigma+,sigma+,98,26,-174538.286394,2.165981e-11,5,5,4.5,e,-2.5,-1,2,2,2.5,f,-2.5,-1
sigma+,sigma+,99,27,-174538.286390,4.641381e-11,5,5,4.5,e,-1.5,-1,2,2,2.5,f,-1.5,-1
sigma+,sigma+,100,28,-174538.286386,6.188499e-11,5,5,4.5,e,-0.5,-1,2,2,2.5,f,-0.5,-1
sigma+,sigma+,101,29,-174538.286382,6.188490e-11,5,5,4.5,e,+0.5,-1,2,2,2.5,f,+0.5,-1
sigma+,sigma+,102,30,-174538.286378,4.641361e-11,5,5,4.5,e,+1.5,-1,2,2,2.5,f,+1.5,-1
sigma+,sigma+,103,31,-174538.286374,2.165965e-11,5,5,4.5,e,+2.5,-1,2,2,2.5,f,+2.5,-1
sigma+,sigma+,70,4,-130973.018539,1.128148e-09,4,4,3.5,f,-1.5,-1,1,1,1.5,e,-1.5,-1
sigma+,sigma+,71,5,-130973.018523,2.030661e-09,4,4,3.5,f,-0.5,-1,1,1,1.5,e,-0.5,-1
sigma+,sigma+,72,6,-130973.018508,2.030655e-09,4,4,3.5,f,+0.5,-1,1,1,1.5,e,+0.5,-1
sigma+,sigma+,73,7,-130973.018492,1.128138e-09,4,4,3.5,f,+1.5,-1,1,1,1.5,e,+1.5,-1
sigma+,sigma+,107,52,-130963.279331,2.188763e-03,5,5,4.5,f,-3.5,+1,3,3,3.5,f,-3.5,+1
sigma+,sigma+,108,53,-130963.279330,1.954252e-03,5,5,4.5,f,-2.5,+1,3,3,3.5,f,-2.5,+1
sigma+,sigma+,109,54,-130963.279329,9.045393e-04,5,5,4.5,f,-1.5,+1,3,3,3.5,f,-1.5,+1
sigma+,sigma+,110,55,-130963.279328,1.116718e-04,5,5,4.5,f,-0.5,+1,3,3,3.5,f,-0.5,+1
sigma+,sigma+,111,56,-130963.279327,1.116707e-04,5,5,4.5,f,+0.5,+1,3,3,3.5,f,+0.5,+1
sigma+,sigma+,112,57,-130963.279326,9.045345e-04,5,5,4.5,f,+1.5,+1,3,3,3.5,f,+1.5,+1
sigma+,sigma+,113,58,-130963.279325,1.954241e-03,5,5,4.5,f,+2.5,+1,3,3,3.5,f,+2.5,+1
sigma+,sigma+,114,59,-130963.279324,2.188749e-03,5,5,4.5,f,+3.5,+1,3,3,3.5,f,+3.5,+1
sigma+,sigma+,130,52,-130959.701878,9.833248e-03,5,5,5.5,f,-3.5,+1,3,3,3.5,f,-3.5,+1
sigma+,sigma+,131,53,-130959.701876,2.294425e-02,5,5,5.5,f,-2.5,+1,3,3,3.5,f,-2.5,+1
sigma+,sigma+,132,54,-130959.701874,3.441638e-02,5,5,5.5,f,-1.5,+1,3,3,3.5,f,-1.5,+1
sigma+,sigma+,133,55,-130959.701871,4.097189e-02,5,5,5.5,f,-0.5,+1,3,3,3.5,f,-0.5,+1
sigma+,sigma+,134,56,-130959.701869,4.097190e-02,5,5,5.5,f,+0.5,+1,3,3,3.5,f,+0.5,+1
sigma+,sigma+,135,57,-130959.701867,3.441640e-02,5,5,5.5,f,+1.5,+1,3,3,3.5,f,+1.5,+1
sigma+,sigma+,136,58,-130959.701864,2.294427e-02,5,5,5.5,f,+2.5,+1,3,3,3.5,f,+2.5,+1
sigma+,sigma+,137,59,-130959.701862,9.833263e-03,5,5,5.5,f,+3.5,+1,3,3,3.5,f,+3.5,+1
sigma+,sigma+,108,38,-130957.483154,1.416522e-02,5,5,4.5,f,-2.5,+1,3,3,2.5,f,-2.5,+1
sigma+,sigma+,109,39,-130957.483150,3.035404e-02,5,5,4.5,f,-1.5,+1,3,3,2.5,f,-1.5,+1
sigma+,sigma+,110,40,-130957.483146,4.047205e-02,5,5,4.5,f,-0.5,+1,3,3,2.5,f,-0.5,+1
sigma+,sigma+,111,41,-130957.483142,4.047204e-02,5,5,4.5,f,+0.5,+1,3,3,2.5,f,+0.5,+1
sigma+,sigma+,112,42,-130957.483138,3.035403e-02,5,5,4.5,f,+1.5,+1,3,3,2.5,f,+1.5,+1
sigma+,sigma+,113,43,-130957.483134,1.416521e-02,5,5,4.5,f,+2.5,+1,3,3,2.5,f,+2.5,+1
sigma+,sigma+,97,44,-130915.669331,3.844104e-04,5,5,4.5,e,-3.5,-1,3,3,3.5,e,-3.5,-1
sigma+,sigma+,98,45,-130915.669330,3.432234e-04,5,5,4.5,e,-2.5,-1,3,3,3.5,e,-2.5,-1
sigma+,sigma+,99,46,-130915.669329,1.588634e-04,5,5,4.5,e,-1.5,-1,3,3,3.5,e,-1.5,-1
sigma+,sigma+,100,47,-130915.669328,1.961282e-05,5,5,4.5,e,-0.5,-1,3,3,3.5,e,-0.5,-1
sigma+,sigma+,101,48,-130915.669327,1.961259e-05,5,5,4.5,e,+0.5,-1,3,3,3.5,e,+0.5,-1
sigma+,sigma+,102,49,-130915.669327,1.588624e-04,5,5,4.5,e,+1.5,-1,3,3,3.5,e,+1.5,-1
sigma+,sigma+,103,50,-130915.669326,3.432213e-04,5,5,4.5,e,+2.5,-1,3,3,3.5,e,+2.5,-1
sigma+,sigma+,104,51,-130915.669325,3.844077e-04,5,5,4.5,e,+3.5,-1,3,3,3.5,e,+3.5,-1
sigma+,sigma+,62,8,-130914.828542,1.160159e-11,4,4,3.5,e,-1.5,+1,1,1,1.5,f,-1.5,+1
sigma+,sigma+,63,9,-130914.828527,2.088280e-11,4,4,3.5,e,-0.5,+1,1,1,1.5,f,-0.5,+1
sigma+,sigma+,64,10,-130914.828512,2.088273e-11,4,4,3.5,e,+0.5,+1,1,1,1.5,f,+0.5,+1
sigma+,sigma+,65,11,-130914.828498,1.160148e-11,4,4,3.5,e,+1.5,+1,1,1,1.5,f,+1.5,+1
sigma+,sigma+,118,44,-130912.091878,1.736467e-03,5,5,5.5,e,-3.5,-1,3,3,3.5,e,-3.5,-1
sigma+,sigma+,119,45,-130912.091876,4.051758e-03,5,5,5.5,e,-2.5,-1,3,3,3.5,e,-2.5,-1
sigma+,sigma+,120,46,-130912.091874,6.077638e-03,5,5,5.5,e,-1.5,-1,3,3,3.5,e,-1.5,-1
sigma+,sigma+,121,47,-130912.091871,7.235285e-03,5,5,5.5,e,-0.5,-1,3,3,3.5,e,-0.5,-1
sigma+,sigma+,122,48,-130912.091869,7.235286e-03,5,5,5.5,e,+0.5,-1,3,3,3.5,e,+0.5,-1
sigma+,sigma+,123,49,-130912.091867,6.077642e-03,5,5,5.5,e,+1.5,-1,3,3,3.5,e,+1.5,-1
sigma+,sigma+,124,50,-130912.091864,4.051762e-03,5,5,5.5,e,+2.5,-1,3,3,3.5,e,+2.5,-1
sigma+,sigma+,125,51,-130912.091862,1.736470e-03,5,5,5.5,e,+3.5,-1,3,3,3.5,e,+3.5,-1
sigma+,sigma+,98,32,-130909.873154,2.501627e-03,5,5,4.5,e,-2.5,-1,3,3,2.5,e,-2.5,-1
sigma+,sigma+,99,33,-130909.873150,5.360628e-03,5,5,4.5,e,-1.5,-1,3,3,2.5,e,-1.5,-1
sigma+,sigma+,100,34,-130909.873146,7.147502e-03,5,5,4.5,e,-0.5,-1,3,3,2.5,e,-0.5,-1
sigma+,sigma+,101,35,-130909.873142,7.147501e-03,5,5,4.5,e,+0.5,-1,3,3,2.5,e,+0.5,-1
sigma+,sigma+,102,36,-130909.873138,5.360624e-03,5,5,4.5,e,+1.5,-1,3,3,2.5,e,+1.5,-1
sigma+,sigma+,103,37,-130909.873134,2.501624e-03,5,5,4.5,e,+2.5,-1,3,3,2.5,e,+2.5,-1
sigma+,sigma+,69,26,-101863.547684,3.753331e-03,4,4,3.5,f,-2.5,-1,2,2,2.5,f,-2.5,-1
sigma+,sigma+,70,27,-101863.547681,2.251996e-03,4,4,3.5,f,-1.5,-1,2,2,2.5,f,-1.5,-1
sigma+,sigma+,71,28,-101863.547677,3.002657e-04,4,4,3.5,f,-0.5,-1,2,2,2.5,f,-0.5,-1
sigma+,sigma+,72,29,-101863.547674,3.002655e-04,4,4,3.5,f,+0.5,-1,2,2,2.5,f,+0.5,-1
sigma+,sigma+,73,30,-101863.547671,2.251988e-03,4,4,3.5,f,+1.5,-1,2,2,2.5,f,+1.5,-1
sigma+,sigma+,74,31,-101863.547667,3.753309e-03,4,4,3.5,f,+2.5,-1,2,2,2.5,f,+2.5,-1
sigma+,sigma+,88,26,-101859.112229,1.311464e-02,4,4,4.5,f,-2.5,-1,2,2,2.5,f,-2.5,-1
sigma+,sigma+,89,27,-101859.112224,2.810281e-02,4,4,4.5,f,-1.5,-1,2,2,2.5,f,-1.5,-1
sigma+,sigma+,90,28,-101859.112218,3.747043e-02,4,4,4.5,f,-0.5,-1,2,2,2.5,f,-0.5,-1
sigma+,sigma+,91,29,-101859.112213,3.747044e-02,4,4,4.5,f,+0.5,-1,2,2,2.5,f,+0.5,-1
sigma+,sigma+,92,30,-101859.112208,2.810284e-02,4,4,4.5,f,+1.5,-1,2,2,2.5,f,+1.5,-1
sigma+,sigma+,93,31,-101859.112203,1.311466e-02,4,4,4.5,f,+2.5,-1,2,2,2.5,f,+2.5,-1
sigma+,sigma+,70,16,-101855.218031,2.023609e-02,4,4,3.5,f,-1.5,-1,2,2,1.5,f,-1.5,-1
sigma+,sigma+,71,17,-101855.218021,3.642495e-02,4,4,3.5,f,-0.5,-1,2,2,1.5,f,-0.5,-1
sigma+,sigma+,72,18,-101855.218011,3.642494e-02,4,4,3.5,f,+0.5,-1,2,2,1.5,f,+0.5,-1
sigma+,sigma+,73,19,-101855.218002,2.023607e-02,4,4,3.5,f,+1.5,-1,2,2,1.5,f,+1.5,-1
sigma+,sigma+,61,20,-101826.517684,6.592240e-04,4,4,3.5,e,-2.5,+1,2,2,2.5,e,-2.5,+1
sigma+,sigma+,62,21,-101826.517681,3.955339e-04,4,4,3.5,e,-1.5,+1,2,2,2.5,e,-1.5,+1
sigma+,sigma+,63,22,-101826.517677,5.273781e-05,4,4,3.5,e,-0.5,+1,2,2,2.5,e,-0.5,+1
sigma+,sigma+,64,23,-101826.517674,5.273769e-05,4,4,3.5,e,+0.5,+1,2,2,2.5,e,+0.5,+1
sigma+,sigma+,65,24,-101826.517671,3.955324e-04,4,4,3.5,e,+1.5,+1,2,2,2.5,e,+1.5,+1
sigma+,sigma+,66,25,-101826.517668,6.592199e-04,4,4,3.5,e,+2.5,+1,2,2,2.5,e,+2.5,+1
sigma+,sigma+,78,20,-101822.082229,2.316090e-03,4,4,4.5,e,-2.5,+1,2,2,2.5,e,-2.5,+1
sigma+,sigma+,79,21,-101822.082224,4.963051e-03,4,4,4.5,e,-1.5,+1,2,2,2.5,e,-1.5,+1
sigma+,sigma+,80,22,-101822.082218,6.617404e-03,4,4,4.5,e,-0.5,+1,2,2,2.5,e,-0.5,+1
sigma+,sigma+,81,23,-101822.082213,6.617407e-03,4,4,4.5,e,+0.5,+1,2,2,2.5,e,+0.5,+1
sigma+,sigma+,82,24,-101822.082208,4.963057e-03,4,4,4.5,e,+1.5,+1,2,2,2.5,e,+1.5,+1
sigma+,sigma+,83,25,-101822.082203,2.316094e-03,4,4,4.5,e,+2.5,+1,2,2,2.5,e,+2.5,+1
sigma+,sigma+,62,12,-101818.188031,3.574327e-03,4,4,3.5,e,-1.5,+1,2,2,1.5,e,-1.5,+1
sigma+,sigma+,63,13,-101818.188022,6.433787e-03,4,4,3.5,e,-0.5,+1,2,2,1.5,e,-0.5,+1
sigma+,sigma+,64,14,-101818.188012,6.433784e-03,4,4,3.5,e,+0.5,+1,2,2,1.5,e,+0.5,+1
sigma+,sigma+,65,15,-101818.188002,3.574323e-03,4,4,3.5,e,+1.5,+1,2,2,1.5,e,+1.5,+1
sigma+,sigma+,115,85,-72811.424163,3.062888e-03,5,5,4.5,f,+4.5,+1,4,4,4.5,e,+4.5,+1
sigma+,sigma+,114,84,-72811.424163,3.403212e-04,5,5,4.5,f,+3.5,+1,4,4,4.5,e,+3.5,+1
sigma+,sigma+,113,83,-72811.424163,8.508041e-05,5,5,4.5,f,+2.5,+1,4,4,4.5,e,+2.5,+1
sigma+,sigma+,112,82,-72811.424163,7.657241e-04,5,5,4.5,f,+1.5,+1,4,4,4.5,e,+1.5,+1
sigma+,sigma+,111,81,-72811.424163,1.361288e-03,5,5,4.5,f,+0.5,+1,4,4,4.5,e,+0.5,+1
sigma+,sigma+,110,80,-72811.424163,1.361289e-03,5,5,4.5,f,-0.5,+1,4,4,4.5,e,-0.5,+1
sigma+,sigma+,109,79,-72811.424163,7.657258e-04,5,5,4.5,f,-1.5,+1,4,4,4.5,e,-1.5,+1
sigma+,sigma+,108,78,-72811.424163,8.508069e-05,5,5,4.5,f,-2.5,+1,4,4,4.5,e,-2.5,+1
sigma+,sigma+,107,77,-72811.424163,3.403232e-04,5,5,4.5,f,-3.5,+1,4,4,4.5,e,-3.5,+1
sigma+,sigma+,106,76,-72811.424163,3.062911e-03,5,5,4.5,f,-4.5,+1,4,4,4.5,e,-4.5,+1
sigma+,sigma+,129,76,-72807.846711,3.057589e-02,5,5,5.5,f,-4.5,+1,4,4,4.5,e,-4.5,+1
sigma+,sigma+,130,77,-72807.846710,3.329376e-02,5,5,5.5,f,-3.5,+1,4,4,4.5,e,-3.5,+1
sigma+,sigma+,131,78,-72807.846709,2.264882e-02,5,5,5.5,f,-2.5,+1,4,4,4.5,e,-2.5,+1
sigma+,sigma+,132,79,-72807.846708,9.512514e-03,5,5,5.5,f,-1.5,+1,4,4,4.5,e,-1.5,+1
sigma+,sigma+,133,80,-72807.846706,1.132446e-03,5,5,5.5,f,-0.5,+1,4,4,4.5,e,-0.5,+1
sigma+,sigma+,134,81,-72807.846705,1.132436e-03,5,5,5.5,f,+0.5,+1,4,4,4.5,e,+0.5,+1
sigma+,sigma+,135,82,-72807.846704,9.512490e-03,5,5,5.5,f,+1.5,+1,4,4,4.5,e,+1.5,+1
sigma+,sigma+,136,83,-72807.846702,2.264880e-02,5,5,5.5,f,+2.5,+1,4,4,4.5,e,+2.5,+1
sigma+,sigma+,137,84,-72807.846701,3.329376e-02,5,5,5.5,f,+3.5,+1,4,4,4.5,e,+3.5,+1
sigma+,sigma+,138,85,-72807.846700,3.057591e-02,5,5,5.5,f,+4.5,+1,4,4,4.5,e,+4.5,+1
sigma+,sigma+,107,60,-72806.988710,3.328710e-02,5,5,4.5,f,-3.5,+1,4,4,3.5,e,-3.5,+1
sigma+,sigma+,108,61,-72806.988708,2.972062e-02,5,5,4.5,f,-2.5,+1,4,4,3.5,e,-2.5,+1
sigma+,sigma+,109,62,-72806.988706,1.375639e-02,5,5,4.5,f,-1.5,+1,4,4,3.5,e,-1.5,+1
sigma+,sigma+,110,63,-72806.988704,1.698315e-03,5,5,4.5,f,-0.5,+1,4,4,3.5,e,-0.5,+1
sigma+,sigma+,111,64,-72806.988703,1.698328e-03,5,5,4.5,f,+0.5,+1,4,4,3.5,e,+0.5,+1
sigma+,sigma+,112,65,-72806.988701,1.375642e-02,5,5,4.5,f,+1.5,+1,4,4,3.5,e,+1.5,+1
sigma+,sigma+,113,66,-72806.988699,2.972064e-02,5,5,4.5,f,+2.5,+1,4,4,3.5,e,+2.5,+1
sigma+,sigma+,114,67,-72806.988697,3.328710e-02,5,5,4.5,f,+3.5,+1,4,4,3.5,e,+3.5,+1
sigma+,sigma+,130,60,-72803.411257,3.401651e-04,5,5,5.5,f,-3.5,+1,4,4,3.5,e,-3.5,+1
sigma+,sigma+,131,61,-72803.411254,7.937178e-04,5,5,5.5,f,-2.5,+1,4,4,3.5,e,-2.5,+1
sigma+,sigma+,132,62,-72803.411251,1.190576e-03,5,5,5.5,f,-1.5,+1,4,4,3.5,e,-1.5,+1
sigma+,sigma+,133,63,-72803.411247,1.417351e-03,5,5,5.5,f,-0.5,+1,4,4,3.5,e,-0.5,+1
sigma+,sigma+,134,64,-72803.411244,1.417350e-03,5,5,5.5,f,+0.5,+1,4,4,3.5,e,+0.5,+1
sigma+,sigma+,135,65,-72803.411241,1.190573e-03,5,5,5.5,f,+1.5,+1,4,4,3.5,e,+1.5,+1
sigma+,sigma+,136,66,-72803.411237,7.937143e-04,5,5,5.5,f,+2.5,+1,4,4,3.5,e,+2.5,+1
sigma+,sigma+,137,67,-72803.411234,3.401630e-04,5,5,5.5,f,+3.5,+1,4,4,3.5,e,+3.5,+1
sigma+,sigma+,39,8,-72764.334098,6.485348e-03,3,3,2.5,f,-1.5,+1,1,1,1.5,f,-1.5,+1
sigma+,sigma+,40,9,-72764.334085,1.080886e-03,3,3,2.5,f,-0.5,+1,1,1,1.5,f,-0.5,+1
sigma+,sigma+,41,10,-72764.334073,1.080891e-03,3,3,2.5,f,+0.5,+1,1,1,1.5,f,+0.5,+1
sigma+,sigma+,42,11,-72764.334060,6.485314e-03,3,3,2.5,f,+1.5,+1,1,1,1.5,f,+1.5,+1
sigma+,sigma+,54,8,-72758.537919,1.618465e-02,3,3,3.5,f,-1.5,+1,1,1,1.5,f,-1.5,+1
sigma+,sigma+,55,9,-72758.537903,2.913240e-02,3,3,3.5,f,-0.5,+1,1,1,1.5,f,-0.5,+1
sigma+,sigma+,56,10,-72758.537887,2.913242e-02,3,3,3.5,f,+0.5,+1,1,1,1.5,f,+0.5,+1
sigma+,sigma+,57,11,-72758.537872,1.618469e-02,3,3,3.5,f,+1.5,+1,1,1,1.5,f,+1.5,+1
sigma+,sigma+,40,2,-72749.286494,2.644324e-02,3,3,2.5,f,-0.5,+1,1,1,0.5,f,-0.5,+1
sigma+,sigma+,41,3,-72749.286457,2.644322e-02,3,3,2.5,f,+0.5,+1,1,1,0.5,f,+0.5,+1
sigma+,sigma+,33,4,-72737.884098,1.139197e-03,3,3,2.5,e,-1.5,-1,1,1,1.5,e,-1.5,-1
sigma+,sigma+,34,5,-72737.884086,1.898653e-04,3,3,2.5,e,-0.5,-1,1,1,1.5,e,-0.5,-1
sigma+,sigma+,35,6,-72737.884073,1.898660e-04,3,3,2.5,e,+0.5,-1,1,1,1.5,e,+0.5,-1
sigma+,sigma+,36,7,-72737.884061,1.139191e-03,3,3,2.5,e,+1.5,-1,1,1,1.5,e,+1.5,-1
sigma+,sigma+,46,4,-72732.087919,2.858716e-03,3,3,3.5,e,-1.5,-1,1,1,1.5,e,-1.5,-1
sigma+,sigma+,47,5,-72732.087904,5.145692e-03,3,3,3.5,e,-0.5,-1,1,1,1.5,e,-0.5,-1
sigma+,sigma+,48,6,-72732.087888,5.145696e-03,3,3,3.5,e,+0.5,-1,1,1,1.5,e,+0.5,-1
sigma+,sigma+,49,7,-72732.087872,2.858722e-03,3,3,3.5,e,+1.5,-1,1,1,1.5,e,+1.5,-1
sigma+,sigma+,34,0,-72722.836497,4.673339e-03,3,3,2.5,e,-0.5,-1,1,1,0.5,e,-0.5,-1
sigma+,sigma+,35,1,-72722.836459,4.673335e-03,3,3,2.5,e,+0.5,-1,1,1,0.5,e,+0.5,-1
sigma+,sigma+,105,95,-72679.174173,3.603124e-04,5,5,4.5,e,+4.5,-1,4,4,4.5,f,+4.5,-1
sigma+,sigma+,104,94,-72679.174172,4.003467e-05,5,5,4.5,e,+3.5,-1,4,4,4.5,f,+3.5,-1
sigma+,sigma+,103,93,-72679.174171,1.000874e-05,5,5,4.5,e,+2.5,-1,4,4,4.5,f,+2.5,-1
sigma+,sigma+,102,92,-72679.174170,9.007846e-05,5,5,4.5,e,+1.5,-1,4,4,4.5,f,+1.5,-1
sigma+,sigma+,101,91,-72679.174169,1.601395e-04,5,5,4.5,e,+0.5,-1,4,4,4.5,f,+0.5,-1
sigma+,sigma+,100,90,-72679.174168,1.601395e-04,5,5,4.5,e,-0.5,-1,4,4,4.5,f,-0.5,-1
sigma+,sigma+,99,89,-72679.174166,9.007847e-05,5,5,4.5,e,-1.5,-1,4,4,4.5,f,-1.5,-1
sigma+,sigma+,98,88,-72679.174165,1.000869e-05,5,5,4.5,e,-2.5,-1,4,4,4.5,f,-2.5,-1
sigma+,sigma+,97,87,-72679.174164,4.003508e-05,5,5,4.5,e,-3.5,-1,4,4,4.5,f,-3.5,-1
sigma+,sigma+,96,86,-72679.174163,3.603153e-04,5,5,4.5,e,-4.5,-1,4,4,4.5,f,-4.5,-1
sigma+,sigma+,117,86,-72675.596712,3.582643e-03,5,5,5.5,e,-4.5,-1,4,4,4.5,f,-4.5,-1
sigma+,sigma+,118,87,-72675.596711,3.901102e-03,5,5,5.5,e,-3.5,-1,4,4,4.5,f,-3.5,-1
sigma+,sigma+,119,88,-72675.596711,2.653812e-03,5,5,5.5,e,-2.5,-1,4,4,4.5,f,-2.5,-1
sigma+,sigma+,120,89,-72675.596711,1.114602e-03,5,5,5.5,e,-1.5,-1,4,4,4.5,f,-1.5,-1
sigma+,sigma+,121,90,-72675.596711,1.326911e-04,5,5,5.5,e,-0.5,-1,4,4,4.5,f,-0.5,-1
sigma+,sigma+,122,91,-72675.596710,1.326899e-04,5,5,5.5,e,+0.5,-1,4,4,4.5,f,+0.5,-1
sigma+,sigma+,123,92,-72675.596710,1.114599e-03,5,5,5.5,e,+1.5,-1,4,4,4.5,f,+1.5,-1
sigma+,sigma+,124,93,-72675.596710,2.653810e-03,5,5,5.5,e,+2.5,-1,4,4,4.5,f,+2.5,-1
sigma+,sigma+,125,94,-72675.596709,3.901102e-03,5,5,5.5,e,+3.5,-1,4,4,4.5,f,+3.5,-1
sigma+,sigma+,126,95,-72675.596709,3.582646e-03,5,5,5.5,e,+4.5,-1,4,4,4.5,f,+4.5,-1
sigma+,sigma+,97,68,-72674.738711,3.902850e-03,5,5,4.5,e,-3.5,-1,4,4,3.5,f,-3.5,-1
sigma+,sigma+,98,69,-72674.738710,3.484687e-03,5,5,4.5,e,-2.5,-1,4,4,3.5,f,-2.5,-1
sigma+,sigma+,99,70,-72674.738709,1.612911e-03,5,5,4.5,e,-1.5,-1,4,4,3.5,f,-1.5,-1
sigma+,sigma+,100,71,-72674.738709,1.991243e-04,5,5,4.5,e,-0.5,-1,4,4,3.5,f,-0.5,-1
sigma+,sigma+,101,72,-72674.738708,1.991258e-04,5,5,4.5,e,+0.5,-1,4,4,3.5,f,+0.5,-1
sigma+,sigma+,102,73,-72674.738707,1.612914e-03,5,5,4.5,e,+1.5,-1,4,4,3.5,f,+1.5,-1
sigma+,sigma+,103,74,-72674.738707,3.484690e-03,5,5,4.5,e,+2.5,-1,4,4,3.5,f,+2.5,-1
sigma+,sigma+,104,75,-72674.738706,3.902851e-03,5,5,4.5,e,+3.5,-1,4,4,3.5,f,+3.5,-1
sigma+,sigma+,118,68,-72671.161258,3.987998e-05,5,5,5.5,e,-3.5,-1,4,4,3.5,f,-3.5,-1
sigma+,sigma+,119,69,-72671.161256,9.305314e-05,5,5,5.5,e,-2.5,-1,4,4,3.5,f,-2.5,-1
sigma+,sigma+,120,70,-72671.161254,1.395795e-04,5,5,5.5,e,-1.5,-1,4,4,3.5,f,-1.5,-1
sigma+,sigma+,121,71,-72671.161252,1.661658e-04,5,5,5.5,e,-0.5,-1,4,4,3.5,f,-0.5,-1
sigma+,sigma+,122,72,-72671.161249,1.661656e-04,5,5,5.5,e,+0.5,-1,4,4,3.5,f,+0.5,-1
sigma+,sigma+,123,73,-72671.161247,1.395789e-04,5,5,5.5,e,+1.5,-1,4,4,3.5,f,+1.5,-1
sigma+,sigma+,124,74,-72671.161245,9.305247e-05,5,5,5.5,e,+2.5,-1,4,4,3.5,f,+2.5,-1
sigma+,sigma+,125,75,-72671.161243,3.987957e-05,5,5,5.5,e,+3.5,-1,4,4,3.5,f,+3.5,-1
sigma+,sigma+,68,44,-58240.930620,4.821774e-03,4,4,3.5,f,-3.5,-1,3,3,3.5,e,-3.5,-1
sigma+,sigma+,69,45,-58240.930620,9.840342e-05,4,4,3.5,f,-2.5,-1,3,3,3.5,e,-2.5,-1
sigma+,sigma+,70,46,-58240.930620,8.856303e-04,4,4,3.5,f,-1.5,-1,3,3,3.5,e,-1.5,-1
sigma+,sigma+,71,47,-58240.930620,2.460082e-03,4,4,3.5,f,-0.5,-1,3,3,3.5,e,-0.5,-1
sigma+,sigma+,72,48,-58240.930620,2.460079e-03,4,4,3.5,f,+0.5,-1,3,3,3.5,e,+0.5,-1
sigma+,sigma+,73,49,-58240.930619,8.856276e-04,4,4,3.5,f,+1.5,-1,3,3,3.5,e,+1.5,-1
sigma+,sigma+,74,50,-58240.930619,9.840302e-05,4,4,3.5,f,+2.5,-1,3,3,3.5,e,+2.5,-1
sigma+,sigma+,75,51,-58240.930619,4.821742e-03,4,4,3.5,f,+3.5,-1,3,3,3.5,e,+3.5,-1
sigma+,sigma+,87,44,-58236.495167,3.851491e-02,4,4,4.5,f,-3.5,-1,3,3,3.5,e,-3.5,-1
sigma+,sigma+,88,45,-58236.495165,3.438833e-02,4,4,4.5,f,-2.5,-1,3,3,3.5,e,-2.5,-1
sigma+,sigma+,89,46,-58236.495163,1.591690e-02,4,4,4.5,f,-1.5,-1,3,3,3.5,e,-1.5,-1
sigma+,sigma+,90,47,-58236.495161,1.965055e-03,4,4,4.5,f,-0.5,-1,3,3,3.5,e,-0.5,-1
sigma+,sigma+,91,48,-58236.495159,1.965039e-03,4,4,4.5,f,+0.5,-1,3,3,3.5,e,+0.5,-1
sigma+,sigma+,92,49,-58236.495157,1.591686e-02,4,4,4.5,f,+1.5,-1,3,3,3.5,e,+1.5,-1
sigma+,sigma+,93,50,-58236.495155,3.438832e-02,4,4,4.5,f,+2.5,-1,3,3,3.5,e,+2.5,-1
sigma+,sigma+,94,51,-58236.495153,3.851494e-02,4,4,4.5,f,+3.5,-1,3,3,3.5,e,+3.5,-1
sigma+,sigma+,69,32,-58235.134444,4.092654e-02,4,4,3.5,f,-2.5,-1,3,3,2.5,e,-2.5,-1
sigma+,sigma+,70,33,-58235.134441,2.455591e-02,4,4,3.5,f,-1.5,-1,3,3,2.5,e,-1.5,-1
sigma+,sigma+,71,34,-58235.134438,3.274113e-03,4,4,3.5,f,-0.5,-1,3,3,2.5,e,-0.5,-1
sigma+,sigma+,72,35,-58235.134434,3.274134e-03,4,4,3.5,f,+0.5,-1,3,3,2.5,e,+0.5,-1
sigma+,sigma+,73,36,-58235.134431,2.455595e-02,4,4,3.5,f,+1.5,-1,3,3,2.5,e,+1.5,-1
sigma+,sigma+,74,37,-58235.134428,4.092655e-02,4,4,3.5,f,+2.5,-1,3,3,2.5,e,+2.5,-1
sigma+,sigma+,88,32,-58230.698989,9.181160e-04,4,4,4.5,f,-2.5,-1,3,3,2.5,e,-2.5,-1
sigma+,sigma+,89,33,-58230.698984,1.967390e-03,4,4,4.5,f,-1.5,-1,3,3,2.5,e,-1.5,-1
sigma+,sigma+,90,34,-58230.698979,2.623184e-03,4,4,4.5,f,-0.5,-1,3,3,2.5,e,-0.5,-1
sigma+,sigma+,91,35,-58230.698973,2.623181e-03,4,4,4.5,f,+0.5,-1,3,3,2.5,e,+0.5,-1
sigma+,sigma+,92,36,-58230.698968,1.967384e-03,4,4,4.5,f,+1.5,-1,3,3,2.5,e,+1.5,-1
sigma+,sigma+,93,37,-58230.698963,9.181118e-04,4,4,4.5,f,+2.5,-1,3,3,2.5,e,+2.5,-1
sigma+,sigma+,67,59,-58156.290628,2.801893e-04,4,4,3.5,e,+3.5,+1,3,3,3.5,f,+3.5,+1
sigma+,sigma+,66,58,-58156.290627,5.718138e-06,4,4,3.5,e,+2.5,+1,3,3,3.5,f,+2.5,+1
sigma+,sigma+,65,57,-58156.290626,5.146349e-05,4,4,3.5,e,+1.5,+1,3,3,3.5,f,+1.5,+1
sigma+,sigma+,64,56,-58156.290625,1.429542e-04,4,4,3.5,e,+0.5,+1,3,3,3.5,f,+0.5,+1
sigma+,sigma+,63,55,-58156.290624,1.429543e-04,4,4,3.5,e,-0.5,+1,3,3,3.5,f,-0.5,+1
sigma+,sigma+,62,54,-58156.290623,5.146355e-05,4,4,3.5,e,-1.5,+1,3,3,3.5,f,-1.5,+1
sigma+,sigma+,61,53,-58156.290622,5.718200e-06,4,4,3.5,e,-2.5,+1,3,3,3.5,f,-2.5,+1
sigma+,sigma+,60,52,-58156.290621,2.801913e-04,4,4,3.5,e,-3.5,+1,3,3,3.5,f,-3.5,+1
sigma+,sigma+,77,52,-58151.855168,2.224258e-03,4,4,4.5,e,-3.5,+1,3,3,3.5,f,-3.5,+1
sigma+,sigma+,78,53,-58151.855167,1.985946e-03,4,4,4.5,e,-2.5,+1,3,3,3.5,f,-2.5,+1
sigma+,sigma+,79,54,-58151.855166,9.192100e-04,4,4,4.5,e,-1.5,+1,3,3,3.5,f,-1.5,+1
sigma+,sigma+,80,55,-58151.855165,1.134831e-04,4,4,4.5,e,-0.5,+1,3,3,3.5,f,-0.5,+1
sigma+,sigma+,81,56,-58151.855164,1.134821e-04,4,4,4.5,e,+0.5,+1,3,3,3.5,f,+0.5,+1
sigma+,sigma+,82,57,-58151.855163,9.192081e-04,4,4,4.5,e,+1.5,+1,3,3,3.5,f,+1.5,+1
sigma+,sigma+,83,58,-58151.855162,1.985945e-03,4,4,4.5,e,+2.5,+1,3,3,3.5,f,+2.5,+1
sigma+,sigma+,84,59,-58151.855161,2.224260e-03,4,4,4.5,e,+3.5,+1,3,3,3.5,f,+3.5,+1
sigma+,sigma+,61,38,-58150.494446,2.366247e-03,4,4,3.5,e,-2.5,+1,3,3,2.5,f,-2.5,+1
sigma+,sigma+,62,39,-58150.494444,1.419747e-03,4,4,3.5,e,-1.5,+1,3,3,2.5,f,-1.5,+1
sigma+,sigma+,63,40,-58150.494442,1.892992e-04,4,4,3.5,e,-0.5,+1,3,3,2.5,f,-0.5,+1
sigma+,sigma+,64,41,-58150.494440,1.893004e-04,4,4,3.5,e,+0.5,+1,3,3,2.5,f,+0.5,+1
sigma+,sigma+,65,42,-58150.494438,1.419750e-03,4,4,3.5,e,+1.5,+1,3,3,2.5,f,+1.5,+1
sigma+,sigma+,66,43,-58150.494435,2.366248e-03,4,4,3.5,e,+2.5,+1,3,3,2.5,f,+2.5,+1
sigma+,sigma+,78,38,-58146.058991,5.308261e-05,4,4,4.5,e,-2.5,+1,3,3,2.5,f,-2.5,+1
sigma+,sigma+,79,39,-58146.058987,1.137483e-04,4,4,4.5,e,-1.5,+1,3,3,2.5,f,-1.5,+1
sigma+,sigma+,80,40,-58146.058983,1.516642e-04,4,4,4.5,e,-0.5,+1,3,3,2.5,f,-0.5,+1
sigma+,sigma+,81,41,-58146.058979,1.516640e-04,4,4,4.5,e,+0.5,+1,3,3,2.5,f,+0.5,+1
sigma+,sigma+,82,42,-58146.058975,1.137478e-04,4,4,4.5,e,+1.5,+1,3,3,2.5,f,+1.5,+1
sigma+,sigma+,83,43,-58146.058971,5.308224e-05,4,4,4.5,e,+2.5,+1,3,3,2.5,f,+2.5,+1
sigma+,sigma+,38,20,-43676.023238,8.427740e-03,3,3,2.5,f,-2.5,+1,2,2,2.5,e,-2.5,+1
sigma+,sigma+,39,21,-43676.023237,3.371097e-04,3,3,2.5,f,-1.5,+1,2,2,2.5,e,-1.5,+1
sigma+,sigma+,40,22,-43676.023236,5.393741e-03,3,3,2.5,f,-0.5,+1,2,2,2.5,e,-0.5,+1
sigma+,sigma+,41,23,-43676.023235,5.393733e-03,3,3,2.5,f,+0.5,+1,2,2,2.5,e,+0.5,+1
sigma+,sigma+,42,24,-43676.023233,3.371074e-04,3,3,2.5,f,+1.5,+1,2,2,2.5,e,+1.5,+1
sigma+,sigma+,43,25,-43676.023232,8.427688e-03,3,3,2.5,f,+2.5,+1,2,2,2.5,e,+2.5,+1
sigma+,sigma+,53,20,-43670.227062,5.050470e-02,3,3,3.5,f,-2.5,+1,2,2,2.5,e,-2.5,+1
sigma+,sigma+,54,21,-43670.227058,3.030285e-02,3,3,3.5,f,-1.5,+1,2,2,2.5,e,-1.5,+1
sigma+,sigma+,55,22,-43670.227053,4.040396e-03,3,3,3.5,f,-0.5,+1,2,2,2.5,e,-0.5,+1
sigma+,sigma+,56,23,-43670.227049,4.040360e-03,3,3,3.5,f,+0.5,+1,2,2,2.5,e,+0.5,+1
sigma+,sigma+,57,24,-43670.227045,3.030281e-02,3,3,3.5,f,+1.5,+1,2,2,2.5,e,+1.5,+1
sigma+,sigma+,58,25,-43670.227041,5.050475e-02,3,3,3.5,f,+2.5,+1,2,2,2.5,e,+2.5,+1
sigma+,sigma+,39,12,-43667.693588,4.846263e-02,3,3,2.5,f,-1.5,+1,2,2,1.5,e,-1.5,+1
sigma+,sigma+,40,13,-43667.693580,8.077085e-03,3,3,2.5,f,-0.5,+1,2,2,1.5,e,-0.5,+1
sigma+,sigma+,41,14,-43667.693572,8.077135e-03,3,3,2.5,f,+0.5,+1,2,2,1.5,e,+0.5,+1
sigma+,sigma+,42,15,-43667.693565,4.846269e-02,3,3,2.5,f,+1.5,+1,2,2,1.5,e,+1.5,+1
sigma+,sigma+,54,12,-43661.897408,3.370261e-03,3,3,3.5,f,-1.5,+1,2,2,1.5,e,-1.5,+1
sigma+,sigma+,55,13,-43661.897398,6.066464e-03,3,3,3.5,f,-0.5,+1,2,2,1.5,e,-0.5,+1
sigma+,sigma+,56,14,-43661.897387,6.066458e-03,3,3,3.5,f,+0.5,+1,2,2,1.5,e,+0.5,+1
sigma+,sigma+,57,15,-43661.897376,3.370251e-03,3,3,3.5,f,+1.5,+1,2,2,1.5,e,+1.5,+1
sigma+,sigma+,32,26,-43628.413240,8.717436e-05,3,3,2.5,e,-2.5,-1,2,2,2.5,f,-2.5,-1
sigma+,sigma+,33,27,-43628.413240,3.486970e-06,3,3,2.5,e,-1.5,-1,2,2,2.5,f,-1.5,-1
sigma+,sigma+,34,28,-43628.413240,5.579145e-05,3,3,2.5,e,-0.5,-1,2,2,2.5,f,-0.5,-1
sigma+,sigma+,35,29,-43628.413240,5.579137e-05,3,3,2.5,e,+0.5,-1,2,2,2.5,f,+0.5,-1
sigma+,sigma+,36,30,-43628.413240,3.486956e-06,3,3,2.5,e,+1.5,-1,2,2,2.5,f,+1.5,-1
sigma+,sigma+,37,31,-43628.413240,8.717380e-05,3,3,2.5,e,+2.5,-1,2,2,2.5,f,+2.5,-1
sigma+,sigma+,45,26,-43622.617064,5.140194e-04,3,3,3.5,e,-2.5,-1,2,2,2.5,f,-2.5,-1
sigma+,sigma+,46,27,-43622.617061,3.084120e-04,3,3,3.5,e,-1.5,-1,2,2,2.5,f,-1.5,-1
sigma+,sigma+,47,28,-43622.617058,4.112175e-05,3,3,3.5,e,-0.5,-1,2,2,2.5,f,-0.5,-1
sigma+,sigma+,48,29,-43622.617054,4.112139e-05,3,3,3.5,e,+0.5,-1,2,2,2.5,f,+0.5,-1
sigma+,sigma+,49,30,-43622.617051,3.084116e-04,3,3,3.5,e,+1.5,-1,2,2,2.5,f,+1.5,-1
sigma+,sigma+,50,31,-43622.617048,5.140199e-04,3,3,3.5,e,+2.5,-1,2,2,2.5,f,+2.5,-1
sigma+,sigma+,33,16,-43620.083590,4.947528e-04,3,3,2.5,e,-1.5,-1,2,2,1.5,f,-1.5,-1
sigma+,sigma+,34,17,-43620.083583,8.245859e-05,3,3,2.5,e,-0.5,-1,2,2,1.5,f,-0.5,-1
sigma+,sigma+,35,18,-43620.083577,8.245912e-05,3,3,2.5,e,+0.5,-1,2,2,1.5,f,+0.5,-1
sigma+,sigma+,36,19,-43620.083571,4.947534e-04,3,3,2.5,e,+1.5,-1,2,2,1.5,f,+1.5,-1
sigma+,sigma+,46,16,-43614.287411,3.445213e-05,3,3,3.5,e,-1.5,-1,2,2,1.5,f,-1.5,-1
sigma+,sigma+,47,17,-43614.287401,6.201376e-05,3,3,3.5,e,-0.5,-1,2,2,1.5,f,-0.5,-1
sigma+,sigma+,48,18,-43614.287392,6.201367e-05,3,3,3.5,e,+0.5,-1,2,2,1.5,f,+0.5,-1
sigma+,sigma+,49,19,-43614.287382,3.445199e-05,3,3,3.5,e,+1.5,-1,2,2,1.5,f,+1.5,-1
sigma+,sigma+,16,4,-29117.800508,1.650743e-02,2,2,1.5,f,-1.5,-1,1,1,1.5,e,-1.5,-1
sigma+,sigma+,17,5,-29117.800502,1.650741e-02,2,2,1.5,f,-0.5,-1,1,1,1.5,e,-0.5,-1
sigma+,sigma+,18,6,-29117.800496,1.650735e-02,2,2,1.5,f,+0.5,-1,1,1,1.5,e,+0.5,-1
sigma+,sigma+,19,7,-29117.800490,1.650733e-02,2,2,1.5,f,+1.5,-1,1,1,1.5,e,+1.5,-1
sigma+,sigma+,27,4,-29109.470858,6.598912e-02,2,2,2.5,f,-1.5,-1,1,1,1.5,e,-1.5,-1
sigma+,sigma+,28,5,-29109.470846,1.099826e-02,2,2,2.5,f,-0.5,-1,1,1,1.5,e,-0.5,-1
sigma+,sigma+,29,6,-29109.470834,1.099813e-02,2,2,2.5,f,+0.5,-1,1,1,1.5,e,+0.5,-1
sigma+,sigma+,30,7,-29109.470821,6.598922e-02,2,2,2.5,f,+1.5,-1,1,1,1.5,e,+1.5,-1
sigma+,sigma+,17,0,-29102.752913,3.298740e-02,2,2,1.5,f,-0.5,-1,1,1,0.5,e,-0.5,-1
sigma+,sigma+,18,1,-29102.752882,3.298761e-02,2,2,1.5,f,+0.5,-1,1,1,0.5,e,+0.5,-1
sigma+,sigma+,12,8,-29096.640511,1.661887e-04,2,2,1.5,e,-1.5,+1,1,1,1.5,f,-1.5,+1
sigma+,sigma+,13,9,-29096.640505,1.661885e-04,2,2,1.5,e,-0.5,+1,1,1,1.5,f,-0.5,+1
sigma+,sigma+,14,10,-29096.640500,1.661879e-04,2,2,1.5,e,+0.5,+1,1,1,1.5,f,+0.5,+1
sigma+,sigma+,15,11,-29096.640495,1.661877e-04,2,2,1.5,e,+1.5,+1,1,1,1.5,f,+1.5,+1
sigma+,sigma+,28,0,-29094.423257,2.199334e-02,2,2,2.5,f,-0.5,-1,1,1,0.5,e,-0.5,-1
sigma+,sigma+,29,1,-29094.423219,2.199332e-02,2,2,2.5,f,+0.5,-1,1,1,0.5,e,+0.5,-1
sigma+,sigma+,21,8,-29088.310861,6.762532e-04,2,2,2.5,e,-1.5,+1,1,1,1.5,f,-1.5,+1
sigma+,sigma+,22,9,-29088.310850,1.127096e-04,2,2,2.5,e,-0.5,+1,1,1,1.5,f,-0.5,+1
sigma+,sigma+,23,10,-29088.310838,1.127083e-04,2,2,2.5,e,+0.5,+1,1,1,1.5,f,+0.5,+1
sigma+,sigma+,24,11,-29088.310826,6.762543e-04,2,2,2.5,e,+1.5,+1,1,1,1.5,f,+1.5,+1
sigma+,sigma+,13,2,-29081.592914,3.389239e-04,2,2,1.5,e,-0.5,+1,1,1,0.5,f,-0.5,+1
sigma+,sigma+,14,3,-29081.592885,3.389260e-04,2,2,1.5,e,+0.5,+1,1,1,0.5,f,+0.5,+1
sigma+,sigma+,22,2,-29073.263259,2.234343e-04,2,2,2.5,e,-0.5,+1,1,1,0.5,f,-0.5,+1
sigma+,sigma+,23,3,-29073.263222,2.234340e-04,2,2,2.5,e,+0.5,+1,1,1,0.5,f,+0.5,+1
sigma+,sigma+,3,10,-15.047616,3.966101e-02,1,1,0.5,f,+0.5,+1,1,1,1.5,f,+0.5,+1
sigma+,sigma+,1,6,-15.047614,7.012480e-03,1,1,0.5,e,+0.5,-1,1,1,1.5,e,+0.5,-1
sigma+,sigma+,2,9,-15.047591,3.966114e-02,1,1,0.5,f,-0.5,+1,1,1,1.5,f,-0.5,+1
sigma+,sigma+,0,5,-15.047589,7.012503e-03,1,1,0.5,e,-0.5,-1,1,1,1.5,e,-0.5,-1
sigma+,sigma+,19,30,-8.329669,2.580958e-03,2,2,1.5,f,+1.5,-1,2,2,2.5,f,+1.5,-1
sigma+,sigma+,15,24,-8.329669,1.457980e-02,2,2,1.5,e,+1.5,+1,2,2,2.5,e,+1.5,+1
sigma+,sigma+,18,29,-8.329663,4.301604e-04,2,2,1.5,f,+0.5,-1,2,2,2.5,f,+0.5,-1
sigma+,sigma+,14,23,-8.329662,2.429971e-03,2,2,1.5,e,+0.5,+1,2,2,2.5,e,+0.5,+1
sigma+,sigma+,17,28,-8.329656,4.301610e-04,2,2,1.5,f,-0.5,-1,2,2,2.5,f,-0.5,-1
sigma+,sigma+,13,22,-8.329656,2.429974e-03,2,2,1.5,e,-0.5,+1,2,2,2.5,e,-0.5,+1
sigma+,sigma+,16,27,-8.329650,2.580970e-03,2,2,1.5,f,-1.5,-1,2,2,2.5,f,-1.5,-1
sigma+,sigma+,12,21,-8.329649,1.457987e-02,2,2,1.5,e,-1.5,+1,2,2,2.5,e,-1.5,+1
sigma+,sigma+,37,50,-5.796192,8.849931e-03,3,3,2.5,e,+2.5,-1,3,3,3.5,e,+2.5,-1
sigma+,sigma+,43,58,-5.796191,5.136461e-04,3,3,2.5,f,+2.5,+1,3,3,3.5,f,+2.5,+1
sigma+,sigma+,36,49,-5.796188,5.309964e-03,3,3,2.5,e,+1.5,-1,3,3,3.5,e,+1.5,-1
sigma+,sigma+,42,57,-5.796188,3.081880e-04,3,3,2.5,f,+1.5,+1,3,3,3.5,f,+1.5,+1
sigma+,sigma+,41,56,-5.796185,4.109178e-05,3,3,2.5,f,+0.5,+1,3,3,3.5,f,+0.5,+1
sigma+,sigma+,35,48,-5.796185,7.079960e-04,3,3,2.5,e,+0.5,-1,3,3,3.5,e,+0.5,-1
sigma+,sigma+,40,55,-5.796182,4.109182e-05,3,3,2.5,f,-0.5,+1,3,3,3.5,f,-0.5,+1
sigma+,sigma+,34,47,-5.796182,7.079968e-04,3,3,2.5,e,-0.5,-1,3,3,3.5,e,-0.5,-1
sigma+,sigma+,39,54,-5.796179,3.081890e-04,3,3,2.5,f,-1.5,+1,3,3,3.5,f,-1.5,+1
sigma+,sigma+,33,46,-5.796179,5.309982e-03,3,3,2.5,e,-1.5,-1,3,3,3.5,e,-1.5,-1
sigma+,sigma+,38,53,-5.796176,5.136488e-04,3,3,2.5,f,-2.5,+1,3,3,3.5,f,-2.5,+1
sigma+,sigma+,32,45,-5.796176,8.849979e-03,3,3,2.5,e,-2.5,-1,3,3,3.5,e,-2.5,-1
sigma+,sigma+,67,84,-4.435467,5.275073e-03,4,4,3.5,e,+3.5,+1,4,4,4.5,e,+3.5,+1
sigma+,sigma+,75,94,-4.435466,1.730252e-04,4,4,3.5,f,+3.5,-1,4,4,4.5,f,+3.5,-1
sigma+,sigma+,66,83,-4.435465,4.709891e-03,4,4,3.5,e,+2.5,+1,4,4,4.5,e,+2.5,+1
sigma+,sigma+,74,93,-4.435465,1.544869e-04,4,4,3.5,f,+2.5,-1,4,4,4.5,f,+2.5,-1
sigma+,sigma+,65,82,-4.435463,2.180009e-03,4,4,3.5,e,+1.5,+1,4,4,4.5,e,+1.5,+1
sigma+,sigma+,73,92,-4.435463,7.150543e-05,4,4,3.5,f,+1.5,-1,4,4,4.5,f,+1.5,-1
sigma+,sigma+,64,81,-4.435461,2.691371e-04,4,4,3.5,e,+0.5,+1,4,4,4.5,e,+0.5,+1
sigma+,sigma+,72,91,-4.435461,8.827839e-06,4,4,3.5,f,+0.5,-1,4,4,4.5,f,+0.5,-1
sigma+,sigma+,71,90,-4.435459,8.827845e-06,4,4,3.5,f,-0.5,-1,4,4,4.5,f,-0.5,-1
sigma+,sigma+,63,80,-4.435459,2.691373e-04,4,4,3.5,e,-0.5,+1,4,4,4.5,e,-0.5,+1
sigma+,sigma+,70,89,-4.435457,7.150561e-05,4,4,3.5,f,-1.5,-1,4,4,4.5,f,-1.5,-1
sigma+,sigma+,62,79,-4.435457,2.180014e-03,4,4,3.5,e,-1.5,+1,4,4,4.5,e,-1.5,+1
sigma+,sigma+,69,88,-4.435455,1.544876e-04,4,4,3.5,f,-2.5,-1,4,4,4.5,f,-2.5,-1
sigma+,sigma+,61,78,-4.435455,4.709912e-03,4,4,3.5,e,-2.5,+1,4,4,4.5,e,-2.5,+1
sigma+,sigma+,68,87,-4.435453,1.730262e-04,4,4,3.5,f,-3.5,-1,4,4,4.5,f,-3.5,-1
sigma+,sigma+,60,77,-4.435453,5.275106e-03,4,4,3.5,e,-3.5,+1,4,4,4.5,e,-3.5,+1
sigma+,sigma+,105,126,-3.577464,3.314647e-03,5,5,4.5,e,+4.5,-1,5,5,5.5,e,+4.5,-1
sigma+,sigma+,115,138,-3.577464,7.791375e-05,5,5,4.5,f,+4.5,+1,5,5,5.5,f,+4.5,+1
sigma+,sigma+,104,125,-3.577463,3.609285e-03,5,5,4.5,e,+3.5,-1,5,5,5.5,e,+3.5,-1
sigma+,sigma+,114,137,-3.577462,8.483948e-05,5,5,4.5,f,+3.5,+1,5,5,5.5,f,+3.5,+1
sigma+,sigma+,103,124,-3.577461,2.455298e-03,5,5,4.5,e,+2.5,-1,5,5,5.5,e,+2.5,-1
sigma+,sigma+,113,136,-3.577461,5.771397e-05,5,5,4.5,f,+2.5,+1,5,5,5.5,f,+2.5,+1
sigma+,sigma+,102,123,-3.577460,1.031226e-03,5,5,4.5,e,+1.5,-1,5,5,5.5,e,+1.5,-1
sigma+,sigma+,112,135,-3.577460,2.423989e-05,5,5,4.5,f,+1.5,+1,5,5,5.5,f,+1.5,+1
sigma+,sigma+,101,122,-3.577459,1.227651e-04,5,5,4.5,e,+0.5,-1,5,5,5.5,e,+0.5,-1
sigma+,sigma+,111,134,-3.577459,2.885703e-06,5,5,4.5,f,+0.5,+1,5,5,5.5,f,+0.5,+1
sigma+,sigma+,110,133,-3.577457,2.885705e-06,5,5,4.5,f,-0.5,+1,5,5,5.5,f,-0.5,+1
sigma+,sigma+,100,121,-3.577457,1.227652e-04,5,5,4.5,e,-0.5,-1,5,5,5.5,e,-0.5,-1
sigma+,sigma+,109,132,-3.577456,2.423994e-05,5,5,4.5,f,-1.5,+1,5,5,5.5,f,-1.5,+1
sigma+,sigma+,99,120,-3.577456,1.031229e-03,5,5,4.5,e,-1.5,-1,5,5,5.5,e,-1.5,-1
sigma+,sigma+,108,131,-3.577455,5.771419e-05,5,5,4.5,f,-2.5,+1,5,5,5.5,f,-2.5,+1
sigma+,sigma+,98,119,-3.577454,2.455308e-03,5,5,4.5,e,-2.5,-1,5,5,5.5,e,-2.5,-1
sigma+,sigma+,107,130,-3.577453,8.483992e-05,5,5,4.5,f,-3.5,+1,5,5,5.5,f,-3.5,+1
sigma+,sigma+,97,118,-3.577453,3.609306e-03,5,5,4.5,e,-3.5,-1,5,5,5.5,e,-3.5,-1
sigma+,sigma+,106,129,-3.577452,7.791427e-05,5,5,4.5,f,-4.5,+1,5,5,5.5,f,-4.5,+1
sigma+,sigma+,96,117,-3.577451,3.314671e-03,5,5,4.5,e,-4.5,-1,5,5,5.5,e,-4.5,-1
sigma+,sigma+,4,4,0.000000,3.492618e-03,1,1,1.5,e,-1.5,-1,1,1,1.5,e,-1.5,-1
sigma+,sigma+,5,5,0.000000,3.492594e-03,1,1,1.5,e,-0.5,-1,1,1,1.5,e,-0.5,-1
sigma+,sigma+,6,6,0.000000,3.492641e-03,1,1,1.5,e,+0.5,-1,1,1,1.5,e,+0.5,-1
sigma+,sigma+,7,7,0.000000,3.492618e-03,1,1,1.5,e,+1.5,-1,1,1,1.5,e,+1.5,-1
sigma+,sigma+,8,8,0.000000,1.983381e-02,1,1,1.5,f,-1.5,+1,1,1,1.5,f,-1.5,+1
sigma+,sigma+,9,9,0.000000,1.983368e-02,1,1,1.5,f,-0.5,+1,1,1,1.5,f,-0.5,+1
sigma+,sigma+,10,10,0.000000,1.983394e-02,1,1,1.5,f,+0.5,+1,1,1,1.5,f,+0.5,+1
sigma+,sigma+,11,11,0.000000,1.983381e-02,1,1,1.5,f,+1.5,+1,1,1,1.5,f,+1.5,+1
sigma+,sigma+,12,12,0.000000,1.983376e-02,2,2,1.5,e,-1.5,+1,2,2,1.5,e,-1.5,+1
sigma+,sigma+,13,13,0.000000,1.983384e-02,2,2,1.5,e,-0.5,+1,2,2,1.5,e,-0.5,+1
sigma+,sigma+,14,14,0.000000,1.983379e-02,2,2,1.5,e,+0.5,+1,2,2,1.5,e,+0.5,+1
sigma+,sigma+,15,15,0.000000,1.983387e-02,2,2,1.5,e,+1.5,+1,2,2,1.5,e,+1.5,+1
sigma+,sigma+,16,16,0.000000,3.492609e-03,2,2,1.5,f,-1.5,-1,2,2,1.5,f,-1.5,-1
sigma+,sigma+,17,17,0.000000,3.492622e-03,2,2,1.5,f,-0.5,-1,2,2,1.5,f,-0.5,-1
sigma+,sigma+,18,18,0.000000,3.492613e-03,2,2,1.5,f,+0.5,-1,2,2,1.5,f,+0.5,-1
sigma+,sigma+,19,19,0.000000,3.492627e-03,2,2,1.5,f,+1.5,-1,2,2,1.5,f,+1.5,-1
sigma+,sigma+,20,20,0.000000,4.045670e-02,2,2,2.5,e,-2.5,+1,2,2,2.5,e,-2.5,+1
sigma+,sigma+,21,21,0.000000,1.618253e-03,2,2,2.5,e,-1.5,+1,2,2,2.5,e,-1.5,+1
sigma+,sigma+,22,22,0.000000,2.589226e-02,2,2,2.5,e,-0.5,+1,2,2,2.5,e,-0.5,+1
sigma+,sigma+,23,23,0.000000,2.589232e-02,2,2,2.5,e,+0.5,+1,2,2,2.5,e,+0.5,+1
sigma+,sigma+,24,24,0.000000,1.618283e-03,2,2,2.5,e,+1.5,+1,2,2,2.5,e,+1.5,+1
sigma+,sigma+,25,25,0.000000,4.045670e-02,2,2,2.5,e,+2.5,+1,2,2,2.5,e,+2.5,+1
sigma+,sigma+,26,26,0.000000,7.145645e-03,2,2,2.5,f,-2.5,-1,2,2,2.5,f,-2.5,-1
sigma+,sigma+,27,27,0.000000,2.858232e-04,2,2,2.5,f,-1.5,-1,2,2,2.5,f,-1.5,-1
sigma+,sigma+,28,28,0.000000,4.573208e-03,2,2,2.5,f,-0.5,-1,2,2,2.5,f,-0.5,-1
sigma+,sigma+,29,29,0.000000,4.573218e-03,2,2,2.5,f,+0.5,-1,2,2,2.5,f,+0.5,-1
sigma+,sigma+,30,30,0.000000,2.858284e-04,2,2,2.5,f,+1.5,-1,2,2,2.5,f,+1.5,-1
sigma+,sigma+,31,31,0.000000,7.145645e-03,2,2,2.5,f,+2.5,-1,2,2,2.5,f,+2.5,-1
sigma+,sigma+,32,32,0.000000,5.305410e-02,3,3,2.5,e,-2.5,-1,3,3,2.5,e,-2.5,-1
sigma+,sigma+,33,33,0.000000,2.122178e-03,3,3,2.5,e,-1.5,-1,3,3,2.5,e,-1.5,-1
sigma+,sigma+,34,34,0.000000,3.395468e-02,3,3,2.5,e,-0.5,-1,3,3,2.5,e,-0.5,-1
sigma+,sigma+,35,35,0.000000,3.395464e-02,3,3,2.5,e,+0.5,-1,3,3,2.5,e,+0.5,-1
sigma+,sigma+,36,36,0.000000,2.122155e-03,3,3,2.5,e,+1.5,-1,3,3,2.5,e,+1.5,-1
sigma+,sigma+,37,37,0.000000,5.305421e-02,3,3,2.5,e,+2.5,-1,3,3,2.5,e,+2.5,-1
sigma+,sigma+,38,38,0.000000,3.062020e-03,3,3,2.5,f,-2.5,+1,3,3,2.5,f,-2.5,+1
sigma+,sigma+,39,39,0.000000,1.224815e-04,3,3,2.5,f,-1.5,+1,3,3,2.5,f,-1.5,+1
sigma+,sigma+,40,40,0.000000,1.959696e-03,3,3,2.5,f,-0.5,+1,3,3,2.5,f,-0.5,+1
sigma+,sigma+,41,41,0.000000,1.959694e-03,3,3,2.5,f,+0.5,+1,3,3,2.5,f,+0.5,+1
sigma+,sigma+,42,42,0.000000,1.224803e-04,3,3,2.5,f,+1.5,+1,3,3,2.5,f,+1.5,+1
sigma+,sigma+,43,43,0.000000,3.062026e-03,3,3,2.5,f,+2.5,+1,3,3,2.5,f,+2.5,+1
sigma+,sigma+,44,44,0.000000,7.220267e-02,3,3,3.5,e,-3.5,-1,3,3,3.5,e,-3.5,-1
sigma+,sigma+,45,45,0.000000,1.473533e-03,3,3,3.5,e,-2.5,-1,3,3,3.5,e,-2.5,-1
sigma+,sigma+,46,46,0.000000,1.326169e-02,3,3,3.5,e,-1.5,-1,3,3,3.5,e,-1.5,-1
sigma+,sigma+,47,47,0.000000,3.683808e-02,3,3,3.5,e,-0.5,-1,3,3,3.5,e,-0.5,-1
sigma+,sigma+,48,48,0.000000,3.683812e-02,3,3,3.5,e,+0.5,-1,3,3,3.5,e,+0.5,-1
sigma+,sigma+,49,49,0.000000,1.326174e-02,3,3,3.5,e,+1.5,-1,3,3,3.5,e,+1.5,-1
sigma+,sigma+,50,50,0.000000,1.473514e-03,3,3,3.5,e,+2.5,-1,3,3,3.5,e,+2.5,-1
sigma+,sigma+,51,51,0.000000,7.220267e-02,3,3,3.5,e,+3.5,-1,3,3,3.5,e,+3.5,-1
sigma+,sigma+,52,52,0.000000,4.173031e-03,3,3,3.5,f,-3.5,+1,3,3,3.5,f,-3.5,+1
sigma+,sigma+,53,53,0.000000,8.516442e-05,3,3,3.5,f,-2.5,+1,3,3,3.5,f,-2.5,+1
sigma+,sigma+,54,54,0.000000,7.664735e-04,3,3,3.5,f,-1.5,+1,3,3,3.5,f,-1.5,+1
sigma+,sigma+,55,55,0.000000,2.129096e-03,3,3,3.5,f,-0.5,+1,3,3,3.5,f,-0.5,+1
sigma+,sigma+,56,56,0.000000,2.129099e-03,3,3,3.5,f,+0.5,+1,3,3,3.5,f,+0.5,+1
sigma+,sigma+,57,57,0.000000,7.664767e-04,3,3,3.5,f,+1.5,+1,3,3,3.5,f,+1.5,+1
sigma+,sigma+,58,58,0.000000,8.516338e-05,3,3,3.5,f,+2.5,+1,3,3,3.5,f,+2.5,+1
sigma+,sigma+,59,59,0.000000,4.173031e-03,3,3,3.5,f,+3.5,+1,3,3,3.5,f,+3.5,+1
sigma+,sigma+,60,60,0.000000,7.971098e-02,4,4,3.5,e,-3.5,+1,4,4,3.5,e,-3.5,+1
sigma+,sigma+,61,61,0.000000,1.626747e-03,4,4,3.5,e,-2.5,+1,4,4,3.5,e,-2.5,+1
sigma+,sigma+,62,62,0.000000,1.464082e-02,4,4,3.5,e,-1.5,+1,4,4,3.5,e,-1.5,+1
sigma+,sigma+,63,63,0.000000,4.066891e-02,4,4,3.5,e,-0.5,+1,4,4,3.5,e,-0.5,+1
sigma+,sigma+,64,64,0.000000,4.066888e-02,4,4,3.5,e,+0.5,+1,4,4,3.5,e,+0.5,+1
sigma+,sigma+,65,65,0.000000,1.464078e-02,4,4,3.5,e,+1.5,+1,4,4,3.5,e,+1.5,+1
sigma+,sigma+,66,66,0.000000,1.626765e-03,4,4,3.5,e,+2.5,+1,4,4,3.5,e,+2.5,+1
sigma+,sigma+,67,67,0.000000,7.971108e-02,4,4,3.5,e,+3.5,+1,4,4,3.5,e,+3.5,+1
sigma+,sigma+,68,68,0.000000,2.598258e-03,4,4,3.5,f,-3.5,-1,4,4,3.5,f,-3.5,-1
sigma+,sigma+,69,69,0.000000,5.302541e-05,4,4,3.5,f,-2.5,-1,4,4,3.5,f,-2.5,-1
sigma+,sigma+,70,70,0.000000,4.772320e-04,4,4,3.5,f,-1.5,-1,4,4,3.5,f,-1.5,-1
sigma+,sigma+,71,71,0.000000,1.325643e-03,4,4,3.5,f,-0.5,-1,4,4,3.5,f,-0.5,-1
sigma+,sigma+,72,72,0.000000,1.325642e-03,4,4,3.5,f,+0.5,-1,4,4,3.5,f,+0.5,-1
sigma+,sigma+,73,73,0.000000,4.772306e-04,4,4,3.5,f,+1.5,-1,4,4,3.5,f,+1.5,-1
sigma+,sigma+,74,74,0.000000,5.302599e-05,4,4,3.5,f,+2.5,-1,4,4,3.5,f,+2.5,-1
sigma+,sigma+,75,75,0.000000,2.598261e-03,4,4,3.5,f,+3.5,-1,4,4,3.5,f,+3.5,-1
sigma+,sigma+,76,76,0.000000,9.485726e-02,4,4,4.5,e,-4.5,+1,4,4,4.5,e,-4.5,+1
sigma+,sigma+,77,77,0.000000,1.053971e-02,4,4,4.5,e,-3.5,+1,4,4,4.5,e,-3.5,+1
sigma+,sigma+,78,78,0.000000,2.634912e-03,4,4,4.5,e,-2.5,+1,4,4,4.5,e,-2.5,+1
sigma+,sigma+,79,79,0.000000,2.371429e-02,4,4,4.5,e,-1.5,+1,4,4,4.5,e,-1.5,+1
sigma+,sigma+,80,80,0.000000,4.215877e-02,4,4,4.5,e,-0.5,+1,4,4,4.5,e,-0.5,+1
sigma+,sigma+,81,81,0.000000,4.215879e-02,4,4,4.5,e,+0.5,+1,4,4,4.5,e,+0.5,+1
sigma+,sigma+,82,82,0.000000,2.371434e-02,4,4,4.5,e,+1.5,+1,4,4,4.5,e,+1.5,+1
sigma+,sigma+,83,83,0.000000,2.634936e-03,4,4,4.5,e,+2.5,+1,4,4,4.5,e,+2.5,+1
sigma+,sigma+,84,84,0.000000,1.053968e-02,4,4,4.5,e,+3.5,+1,4,4,4.5,e,+3.5,+1
sigma+,sigma+,85,85,0.000000,9.485726e-02,4,4,4.5,e,+4.5,+1,4,4,4.5,e,+4.5,+1
sigma+,sigma+,86,86,0.000000,3.094386e-03,4,4,4.5,f,-4.5,-1,4,4,4.5,f,-4.5,-1
sigma+,sigma+,87,87,0.000000,3.438213e-04,4,4,4.5,f,-3.5,-1,4,4,4.5,f,-3.5,-1
sigma+,sigma+,88,88,0.000000,8.595482e-05,4,4,4.5,f,-2.5,-1,4,4,4.5,f,-2.5,-1
sigma+,sigma+,89,89,0.000000,7.735958e-04,4,4,4.5,f,-1.5,-1,4,4,4.5,f,-1.5,-1
sigma+,sigma+,90,90,0.000000,1.375282e-03,4,4,4.5,f,-0.5,-1,4,4,4.5,f,-0.5,-1
sigma+,sigma+,91,91,0.000000,1.375283e-03,4,4,4.5,f,+0.5,-1,4,4,4.5,f,+0.5,-1
sigma+,sigma+,92,92,0.000000,7.735974e-04,4,4,4.5,f,+1.5,-1,4,4,4.5,f,+1.5,-1
sigma+,sigma+,93,93,0.000000,8.595554e-05,4,4,4.5,f,+2.5,-1,4,4,4.5,f,+2.5,-1
sigma+,sigma+,94,94,0.000000,3.438201e-04,4,4,4.5,f,+3.5,-1,4,4,4.5,f,+3.5,-1
sigma+,sigma+,95,95,0.000000,3.094386e-03,4,4,4.5,f,+4.5,-1,4,4,4.5,f,+4.5,-1
sigma+,sigma+,96,96,0.000000,9.949073e-02,5,5,4.5,e,-4.5,-1,5,5,4.5,e,-4.5,-1
sigma+,sigma+,97,97,0.000000,1.105451e-02,5,5,4.5,e,-3.5,-1,5,5,4.5,e,-3.5,-1
sigma+,sigma+,98,98,0.000000,2.763643e-03,5,5,4.5,e,-2.5,-1,5,5,4.5,e,-2.5,-1
sigma+,sigma+,99,99,0.000000,2.487271e-02,5,5,4.5,e,-1.5,-1,5,5,4.5,e,-1.5,-1
sigma+,sigma+,100,100,0.000000,4.421813e-02,5,5,4.5,e,-0.5,-1,5,5,4.5,e,-0.5,-1
sigma+,sigma+,101,101,0.000000,4.421811e-02,5,5,4.5,e,+0.5,-1,5,5,4.5,e,+0.5,-1
sigma+,sigma+,102,102,0.000000,2.487267e-02,5,5,4.5,e,+1.5,-1,5,5,4.5,e,+1.5,-1
sigma+,sigma+,103,103,0.000000,2.763622e-03,5,5,4.5,e,+2.5,-1,5,5,4.5,e,+2.5,-1
sigma+,sigma+,104,104,0.000000,1.105455e-02,5,5,4.5,e,+3.5,-1,5,5,4.5,e,+3.5,-1
sigma+,sigma+,105,105,0.000000,9.949082e-02,5,5,4.5,e,+4.5,-1,5,5,4.5,e,+4.5,-1
sigma+,sigma+,106,106,0.000000,2.322727e-03,5,5,4.5,f,-4.5,+1,5,5,4.5,f,-4.5,+1
sigma+,sigma+,107,107,0.000000,2.580804e-04,5,5,4.5,f,-3.5,+1,5,5,4.5,f,-3.5,+1
sigma+,sigma+,108,108,0.000000,6.452044e-05,5,5,4.5,f,-2.5,+1,5,5,4.5,f,-2.5,+1
sigma+,sigma+,109,109,0.000000,5.806825e-04,5,5,4.5,f,-1.5,+1,5,5,4.5,f,-1.5,+1
sigma+,sigma+,110,110,0.000000,1.032324e-03,5,5,4.5,f,-0.5,+1,5,5,4.5,f,-0.5,+1
sigma+,sigma+,111,111,0.000000,1.032323e-03,5,5,4.5,f,+0.5,+1,5,5,4.5,f,+0.5,+1
sigma+,sigma+,112,112,0.000000,5.806815e-04,5,5,4.5,f,+1.5,+1,5,5,4.5,f,+1.5,+1
sigma+,sigma+,113,113,0.000000,6.452000e-05,5,5,4.5,f,+2.5,+1,5,5,4.5,f,+2.5,+1
sigma+,sigma+,114,114,0.000000,2.580813e-04,5,5,4.5,f,+3.5,+1,5,5,4.5,f,+3.5,+1
sigma+,sigma+,115,115,0.000000,2.322729e-03,5,5,4.5,f,+4.5,+1,5,5,4.5,f,+4.5,+1
sigma+,sigma+,116,116,0.000000,1.112983e-01,5,5,5.5,e,-5.5,-1,5,5,5.5,e,-5.5,-1
sigma+,sigma+,117,117,0.000000,2.299554e-02,5,5,5.5,e,-4.5,-1,5,5,5.5,e,-4.5,-1
sigma+,sigma+,118,118,0.000000,3.679406e-05,5,5,5.5,e,-3.5,-1,5,5,5.5,e,-3.5,-1
sigma+,sigma+,119,119,0.000000,1.063311e-02,5,5,5.5,e,-2.5,-1,5,5,5.5,e,-2.5,-1
sigma+,sigma+,120,120,0.000000,3.094275e-02,5,5,5.5,e,-1.5,-1,5,5,5.5,e,-1.5,-1
sigma+,sigma+,121,121,0.000000,4.507121e-02,5,5,5.5,e,-0.5,-1,5,5,5.5,e,-0.5,-1
sigma+,sigma+,122,122,0.000000,4.507123e-02,5,5,5.5,e,+0.5,-1,5,5,5.5,e,+0.5,-1
sigma+,sigma+,123,123,0.000000,3.094280e-02,5,5,5.5,e,+1.5,-1,5,5,5.5,e,+1.5,-1
sigma+,sigma+,124,124,0.000000,1.063315e-02,5,5,5.5,e,+2.5,-1,5,5,5.5,e,+2.5,-1
sigma+,sigma+,125,125,0.000000,3.679160e-05,5,5,5.5,e,+3.5,-1,5,5,5.5,e,+3.5,-1
sigma+,sigma+,126,126,0.000000,2.299550e-02,5,5,5.5,e,+4.5,-1,5,5,5.5,e,+4.5,-1
sigma+,sigma+,127,127,0.000000,1.112983e-01,5,5,5.5,e,+5.5,-1,5,5,5.5,e,+5.5,-1
sigma+,sigma+,128,128,0.000000,2.599633e-03,5,5,5.5,f,-5.5,+1,5,5,5.5,f,-5.5,+1
sigma+,sigma+,129,129,0.000000,5.371148e-04,5,5,5.5,f,-4.5,+1,5,5,5.5,f,-4.5,+1
sigma+,sigma+,130,130,0.000000,8.594094e-07,5,5,5.5,f,-3.5,+1,5,5,5.5,f,-3.5,+1
sigma+,sigma+,131,131,0.000000,2.483612e-04,5,5,5.5,f,-2.5,+1,5,5,5.5,f,-2.5,+1
sigma+,sigma+,132,132,0.000000,7.227405e-04,5,5,5.5,f,-1.5,+1,5,5,5.5,f,-1.5,+1
sigma+,sigma+,133,133,0.000000,1.052744e-03,5,5,5.5,f,-0.5,+1,5,5,5.5,f,-0.5,+1
sigma+,sigma+,134,134,0.000000,1.052744e-03,5,5,5.5,f,+0.5,+1,5,5,5.5,f,+0.5,+1
sigma+,sigma+,135,135,0.000000,7.227415e-04,5,5,5.5,f,+1.5,+1,5,5,5.5,f,+1.5,+1
sigma+,sigma+,136,136,0.000000,2.483621e-04,5,5,5.5,f,+2.5,+1,5,5,5.5,f,+2.5,+1
sigma+,sigma+,137,137,0.000000,8.593564e-07,5,5,5.5,f,+3.5,+1,5,5,5.5,f,+3.5,+1
sigma+,sigma+,138,138,0.000000,5.371138e-04,5,5,5.5,f,+4.5,+1,5,5,5.5,f,+4.5,+1
sigma+,sigma+,139,139,0.000000,2.599633e-03,5,5,5.5,f,+5.5,+1,5,5,5.5,f,+5.5,+1
sigma+,sigma+,117,96,3.577451,3.314671e-03,5,5,5.5,e,-4.5,-1,5,5,4.5,e,-4.5,-1
sigma+,sigma+,129,106,3.577452,7.791427e-05,5,5,5.5,f,-4.5,+1,5,5,4.5,f,-4.5,+1
sigma+,sigma+,118,97,3.577453,3.609306e-03,5,5,5.5,e,-3.5,-1,5,5,4.5,e,-3.5,-1
sigma+,sigma+,130,107,3.577453,8.483992e-05,5,5,5.5,f,-3.5,+1,5,5,4.5,f,-3.5,+1
sigma+,sigma+,119,98,3.577454,2.455308e-03,5,5,5.5,e,-2.5,-1,5,5,4.5,e,-2.5,-1
sigma+,sigma+,131,108,3.577455,5.771419e-05,5,5,5.5,f,-2.5,+1,5,5,4.5,f,-2.5,+1
sigma+,sigma+,120,99,3.577456,1.031229e-03,5,5,5.5,e,-1.5,-1,5,5,4.5,e,-1.5,-1
sigma+,sigma+,132,109,3.577456,2.423994e-05,5,5,5.5,f,-1.5,+1,5,5,4.5,f,-1.5,+1
sigma+,sigma+,121,100,3.577457,1.227652e-04,5,5,5.5,e,-0.5,-1,5,5,4.5,e,-0.5,-1
sigma+,sigma+,133,110,3.577457,2.885705e-06,5,5,5.5,f,-0.5,+1,5,5,4.5,f,-0.5,+1
sigma+,sigma+,134,111,3.577459,2.885703e-06,5,5,5.5,f,+0.5,+1,5,5,4.5,f,+0.5,+1
sigma+,sigma+,122,101,3.577459,1.227651e-04,5,5,5.5,e,+0.5,-1,5,5,4.5,e,+0.5,-1
sigma+,sigma+,135,112,3.577460,2.423989e-05,5,5,5.5,f,+1.5,+1,5,5,4.5,f,+1.5,+1
sigma+,sigma+,123,102,3.577460,1.031226e-03,5,5,5.5,e,+1.5,-1,5,5,4.5,e,+1.5,-1
sigma+,sigma+,136,113,3.577461,5.771397e-05,5,5,5.5,f,+2.5,+1,5,5,4.5,f,+2.5,+1
sigma+,sigma+,124,103,3.577461,2.455298e-03,5,5,5.5,e,+2.5,-1,5,5,4.5,e,+2.5,-1
sigma+,sigma+,137,114,3.577462,8.483948e-05,5,5,5.5,f,+3.5,+1,5,5,4.5,f,+3.5,+1
sigma+,sigma+,125,104,3.577463,3.609285e-03,5,5,5.5,e,+3.5,-1,5,5,4.5,e,+3.5,-1
sigma+,sigma+,138,115,3.577464,7.791375e-05,5,5,5.5,f,+4.5,+1,5,5,4.5,f,+4.5,+1
sigma+,sigma+,126,105,3.577464,3.314647e-03,5,5,5.5,e,+4.5,-1,5,5,4.5,e,+4.5,-1
sigma+,sigma+,77,60,4.435453,5.275106e-03,4,4,4.5,e,-3.5,+1,4,4,3.5,e,-3.5,+1
sigma+,sigma+,87,68,4.435453,1.730262e-04,4,4,4.5,f,-3.5,-1,4,4,3.5,f,-3.5,-1
sigma+,sigma+,78,61,4.435455,4.709912e-03,4,4,4.5,e,-2.5,+1,4,4,3.5,e,-2.5,+1
sigma+,sigma+,88,69,4.435455,1.544876e-04,4,4,4.5,f,-2.5,-1,4,4,3.5,f,-2.5,-1
sigma+,sigma+,79,62,4.435457,2.180014e-03,4,4,4.5,e,-1.5,+1,4,4,3.5,e,-1.5,+1
sigma+,sigma+,89,70,4.435457,7.150561e-05,4,4,4.5,f,-1.5,-1,4,4,3.5,f,-1.5,-1
sigma+,sigma+,80,63,4.435459,2.691373e-04,4,4,4.5,e,-0.5,+1,4,4,3.5,e,-0.5,+1
sigma+,sigma+,90,71,4.435459,8.827845e-06,4,4,4.5,f,-0.5,-1,4,4,3.5,f,-0.5,-1
sigma+,sigma+,91,72,4.435461,8.827839e-06,4,4,4.5,f,+0.5,-1,4,4,3.5,f,+0.5,-1
sigma+,sigma+,81,64,4.435461,2.691371e-04,4,4,4.5,e,+0.5,+1,4,4,3.5,e,+0.5,+1
sigma+,sigma+,92,73,4.435463,7.150543e-05,4,4,4.5,f,+1.5,-1,4,4,3.5,f,+1.5,-1
sigma+,sigma+,82,65,4.435463,2.180009e-03,4,4,4.5,e,+1.5,+1,4,4,3.5,e,+1.5,+1
sigma+,sigma+,93,74,4.435465,1.544869e-04,4,4,4.5,f,+2.5,-1,4,4,3.5,f,+2.5,-1
sigma+,sigma+,83,66,4.435465,4.709891e-03,4,4,4.5,e,+2.5,+1,4,4,3.5,e,+2.5,+1
sigma+,sigma+,94,75,4.435466,1.730252e-04,4,4,4.5,f,+3.5,-1,4,4,3.5,f,+3.5,-1
sigma+,sigma+,84,67,4.435467,5.275073e-03,4,4,4.5,e,+3.5,+1,4,4,3.5,e,+3.5,+1
sigma+,sigma+,45,32,5.796176,8.849979e-03,3,3,3.5,e,-2.5,-1,3,3,2.5,e,-2.5,-1
sigma+,sigma+,53,38,5.796176,5.136488e-04,3,3,3.5,f,-2.5,+1,3,3,2.5,f,-2.5,+1
sigma+,sigma+,46,33,5.796179,5.309982e-03,3,3,3.5,e,-1.5,-1,3,3,2.5,e,-1.5,-1
sigma+,sigma+,54,39,5.796179,3.081890e-04,3,3,3.5,f,-1.5,+1,3,3,2.5,f,-1.5,+1
sigma+,sigma+,47,34,5.796182,7.079968e-04,3,3,3.5,e,-0.5,-1,3,3,2.5,e,-0.5,-1
sigma+,sigma+,55,40,5.796182,4.109182e-05,3,3,3.5,f,-0.5,+1,3,3,2.5,f,-0.5,+1
sigma+,sigma+,48,35,5.796185,7.079960e-04,3,3,3.5,e,+0.5,-1,3,3,2.5,e,+0.5,-1
sigma+,sigma+,56,41,5.796185,4.109178e-05,3,3,3.5,f,+0.5,+1,3,3,2.5,f,+0.5,+1
sigma+,sigma+,57,42,5.796188,3.081880e-04,3,3,3.5,f,+1.5,+1,3,3,2.5,f,+1.5,+1
sigma+,sigma+,49,36,5.796188,5.309964e-03,3,3,3.5,e,+1.5,-1,3,3,2.5,e,+1.5,-1
sigma+,sigma+,58,43,5.796191,5.136461e-04,3,3,3.5,f,+2.5,+1,3,3,2.5,f,+2.5,+1
sigma+,sigma+,50,37,5.796192,8.849931e-03,3,3,3.5,e,+2.5,-1,3,3,2.5,e,+2.5,-1
sigma+,sigma+,21,12,8.329649,1.457987e-02,2,2,2.5,e,-1.5,+1,2,2,1.5,e,-1.5,+1
sigma+,sigma+,27,16,8.329650,2.580970e-03,2,2,2.5,f,-1.5,-1,2,2,1.5,f,-1.5,-1
sigma+,sigma+,22,13,8.329656,2.429974e-03,2,2,2.5,e,-0.5,+1,2,2,1.5,e,-0.5,+1
sigma+,sigma+,28,17,8.329656,4.301610e-04,2,2,2.5,f,-0.5,-1,2,2,1.5,f,-0.5,-1
sigma+,sigma+,23,14,8.329662,2.429971e-03,2,2,2.5,e,+0.5,+1,2,2,1.5,e,+0.5,+1
sigma+,sigma+,29,18,8.329663,4.301604e-04,2,2,2.5,f,+0.5,-1,2,2,1.5,f,+0.5,-1
sigma+,sigma+,24,15,8.329669,1.457980e-02,2,2,2.5,e,+1.5,+1,2,2,1.5,e,+1.5,+1
sigma+,sigma+,30,19,8.329669,2.580958e-03,2,2,2.5,f,+1.5,-1,2,2,1.5,f,+1.5,-1
sigma+,sigma+,5,0,15.047589,7.012503e-03,1,1,1.5,e,-0.5,-1,1,1,0.5,e,-0.5,-1
sigma+,sigma+,9,2,15.047591,3.966114e-02,1,1,1.5,f,-0.5,+1,1,1,0.5,f,-0.5,+1
sigma+,sigma+,6,1,15.047614,7.012480e-03,1,1,1.5,e,+0.5,-1,1,1,0.5,e,+0.5,-1
sigma+,sigma+,10,3,15.047616,3.966101e-02,1,1,1.5,f,+0.5,+1,1,1,0.5,f,+0.5,+1
sigma+,sigma+,3,23,29073.263222,2.234340e-04,1,1,0.5,f,+0.5,+1,2,2,2.5,e,+0.5,+1
sigma+,sigma+,2,22,29073.263259,2.234343e-04,1,1,0.5,f,-0.5,+1,2,2,2.5,e,-0.5,+1
sigma+,sigma+,3,14,29081.592885,3.389260e-04,1,1,0.5,f,+0.5,+1,2,2,1.5,e,+0.5,+1
sigma+,sigma+,2,13,29081.592914,3.389239e-04,1,1,0.5,f,-0.5,+1,2,2,1.5,e,-0.5,+1
sigma+,sigma+,11,24,29088.310826,6.762543e-04,1,1,1.5,f,+1.5,+1,2,2,2.5,e,+1.5,+1
sigma+,sigma+,10,23,29088.310838,1.127083e-04,1,1,1.5,f,+0.5,+1,2,2,2.5,e,+0.5,+1
sigma+,sigma+,9,22,29088.310850,1.127096e-04,1,1,1.5,f,-0.5,+1,2,2,2.5,e,-0.5,+1
sigma+,sigma+,8,21,29088.310861,6.762532e-04,1,1,1.5,f,-1.5,+1,2,2,2.5,e,-1.5,+1
sigma+,sigma+,1,29,29094.423219,2.199332e-02,1,1,0.5,e,+0.5,-1,2,2,2.5,f,+0.5,-1
sigma+,sigma+,0,28,29094.423257,2.199334e-02,1,1,0.5,e,-0.5,-1,2,2,2.5,f,-0.5,-1
sigma+,sigma+,11,15,29096.640495,1.661877e-04,1,1,1.5,f,+1.5,+1,2,2,1.5,e,+1.5,+1
sigma+,sigma+,10,14,29096.640500,1.661879e-04,1,1,1.5,f,+0.5,+1,2,2,1.5,e,+0.5,+1
sigma+,sigma+,9,13,29096.640505,1.661885e-04,1,1,1.5,f,-0.5,+1,2,2,1.5,e,-0.5,+1
sigma+,sigma+,8,12,29096.640511,1.661887e-04,1,1,1.5,f,-1.5,+1,2,2,1.5,e,-1.5,+1
sigma+,sigma+,1,18,29102.752882,3.298761e-02,1,1,0.5,e,+0.5,-1,2,2,1.5,f,+0.5,-1
sigma+,sigma+,0,17,29102.752913,3.298740e-02,1,1,0.5,e,-0.5,-1,2,2,1.5,f,-0.5,-1
sigma+,sigma+,7,30,29109.470821,6.598922e-02,1,1,1.5,e,+1.5,-1,2,2,2.5,f,+1.5,-1
sigma+,sigma+,6,29,29109.470834,1.099813e-02,1,1,1.5,e,+0.5,-1,2,2,2.5,f,+0.5,-1
sigma+,sigma+,5,28,29109.470846,1.099826e-02,1,1,1.5,e,-0.5,-1,2,2,2.5,f,-0.5,-1
sigma+,sigma+,4,27,29109.470858,6.598912e-02,1,1,1.5,e,-1.5,-1,2,2,2.5,f,-1.5,-1
sigma+,sigma+,7,19,29117.800490,1.650733e-02,1,1,1.5,e,+1.5,-1,2,2,1.5,f,+1.5,-1
sigma+,sigma+,6,18,29117.800496,1.650735e-02,1,1,1.5,e,+0.5,-1,2,2,1.5,f,+0.5,-1
sigma+,sigma+,5,17,29117.800502,1.650741e-02,1,1,1.5,e,-0.5,-1,2,2,1.5,f,-0.5,-1
sigma+,sigma+,4,16,29117.800508,1.650743e-02,1,1,1.5,e,-1.5,-1,2,2,1.5,f,-1.5,-1
sigma+,sigma+,19,49,43614.287382,3.445199e-05,2,2,1.5,f,+1.5,-1,3,3,3.5,e,+1.5,-1
sigma+,sigma+,18,48,43614.287392,6.201367e-05,2,2,1.5,f,+0.5,-1,3,3,3.5,e,+0.5,-1
sigma+,sigma+,17,47,43614.287401,6.201376e-05,2,2,1.5,f,-0.5,-1,3,3,3.5,e,-0.5,-1
sigma+,sigma+,16,46,43614.287411,3.445213e-05,2,2,1.5,f,-1.5,-1,3,3,3.5,e,-1.5,-1
sigma+,sigma+,19,36,43620.083571,4.947534e-04,2,2,1.5,f,+1.5,-1,3,3,2.5,e,+1.5,-1
sigma+,sigma+,18,35,43620.083577,8.245912e-05,2,2,1.5,f,+0.5,-1,3,3,2.5,e,+0.5,-1
sigma+,sigma+,17,34,43620.083583,8.245859e-05,2,2,1.5,f,-0.5,-1,3,3,2.5,e,-0.5,-1
sigma+,sigma+,16,33,43620.083590,4.947528e-04,2,2,1.5,f,-1.5,-1,3,3,2.5,e,-1.5,-1
sigma+,sigma+,31,50,43622.617048,5.140199e-04,2,2,2.5,f,+2.5,-1,3,3,3.5,e,+2.5,-1
sigma+,sigma+,30,49,43622.617051,3.084116e-04,2,2,2.5,f,+1.5,-1,3,3,3.5,e,+1.5,-1
sigma+,sigma+,29,48,43622.617054,4.112139e-05,2,2,2.5,f,+0.5,-1,3,3,3.5,e,+0.5,-1
sigma+,sigma+,28,47,43622.617058,4.112175e-05,2,2,2.5,f,-0.5,-1,3,3,3.5,e,-0.5,-1
sigma+,sigma+,27,46,43622.617061,3.084120e-04,2,2,2.5,f,-1.5,-1,3,3,3.5,e,-1.5,-1
sigma+,sigma+,26,45,43622.617064,5.140194e-04,2,2,2.5,f,-2.5,-1,3,3,3.5,e,-2.5,-1
sigma+,sigma+,31,37,43628.413240,8.717380e-05,2,2,2.5,f,+2.5,-1,3,3,2.5,e,+2.5,-1
sigma+,sigma+,30,36,43628.413240,3.486956e-06,2,2,2.5,f,+1.5,-1,3,3,2.5,e,+1.5,-1
sigma+,sigma+,29,35,43628.413240,5.579137e-05,2,2,2.5,f,+0.5,-1,3,3,2.5,e,+0.5,-1
sigma+,sigma+,28,34,43628.413240,5.579145e-05,2,2,2.5,f,-0.5,-1,3,3,2.5,e,-0.5,-1
sigma+,sigma+,27,33,43628.413240,3.486970e-06,2,2,2.5,f,-1.5,-1,3,3,2.5,e,-1.5,-1
sigma+,sigma+,26,32,43628.413240,8.717436e-05,2,2,2.5,f,-2.5,-1,3,3,2.5,e,-2.5,-1
sigma+,sigma+,15,57,43661.897376,3.370251e-03,2,2,1.5,e,+1.5,+1,3,3,3.5,f,+1.5,+1
sigma+,sigma+,14,56,43661.897387,6.066458e-03,2,2,1.5,e,+0.5,+1,3,3,3.5,f,+0.5,+1
sigma+,sigma+,13,55,43661.897398,6.066464e-03,2,2,1.5,e,-0.5,+1,3,3,3.5,f,-0.5,+1
sigma+,sigma+,12,54,43661.897408,3.370261e-03,2,2,1.5,e,-1.5,+1,3,3,3.5,f,-1.5,+1
sigma+,sigma+,15,42,43667.693565,4.846269e-02,2,2,1.5,e,+1.5,+1,3,3,2.5,f,+1.5,+1
sigma+,sigma+,14,41,43667.693572,8.077135e-03,2,2,1.5,e,+0.5,+1,3,3,2.5,f,+0.5,+1
sigma+,sigma+,13,40,43667.693580,8.077085e-03,2,2,1.5,e,-0.5,+1,3,3,2.5,f,-0.5,+1
sigma+,sigma+,12,39,43667.693588,4.846263e-02,2,2,1.5,e,-1.5,+1,3,3,2.5,f,-1.5,+1
sigma+,sigma+,25,58,43670.227041,5.050475e-02,2,2,2.5,e,+2.5,+1,3,3,3.5,f,+2.5,+1
sigma+,sigma+,24,57,43670.227045,3.030281e-02,2,2,2.5,e,+1.5,+1,3,3,3.5,f,+1.5,+1
sigma+,sigma+,23,56,43670.227049,4.040360e-03,2,2,2.5,e,+0.5,+1,3,3,3.5,f,+0.5,+1
sigma+,sigma+,22,55,43670.227053,4.040396e-03,2,2,2.5,e,-0.5,+1,3,3,3.5,f,-0.5,+1
sigma+,sigma+,21,54,43670.227058,3.030285e-02,2,2,2.5,e,-1.5,+1,3,3,3.5,f,-1.5,+1
sigma+,sigma+,20,53,43670.227062,5.050470e-02,2,2,2.5,e,-2.5,+1,3,3,3.5,f,-2.5,+1
sigma+,sigma+,25,43,43676.023232,8.427688e-03,2,2,2.5,e,+2.5,+1,3,3,2.5,f,+2.5,+1
sigma+,sigma+,24,42,43676.023233,3.371074e-04,2,2,2.5,e,+1.5,+1,3,3,2.5,f,+1.5,+1
sigma+,sigma+,23,41,43676.023235,5.393733e-03,2,2,2.5,e,+0.5,+1,3,3,2.5,f,+0.5,+1
sigma+,sigma+,22,40,43676.023236,5.393741e-03,2,2,2.5,e,-0.5,+1,3,3,2.5,f,-0.5,+1
sigma+,sigma+,21,39,43676.023237,3.371097e-04,2,2,2.5,e,-1.5,+1,3,3,2.5,f,-1.5,+1
sigma+,sigma+,20,38,43676.023238,8.427740e-03,2,2,2.5,e,-2.5,+1,3,3,2.5,f,-2.5,+1
sigma+,sigma+,43,83,58146.058971,5.308224e-05,3,3,2.5,f,+2.5,+1,4,4,4.5,e,+2.5,+1
sigma+,sigma+,42,82,58146.058975,1.137478e-04,3,3,2.5,f,+1.5,+1,4,4,4.5,e,+1.5,+1
sigma+,sigma+,41,81,58146.058979,1.516640e-04,3,3,2.5,f,+0.5,+1,4,4,4.5,e,+0.5,+1
sigma+,sigma+,40,80,58146.058983,1.516642e-04,3,3,2.5,f,-0.5,+1,4,4,4.5,e,-0.5,+1
sigma+,sigma+,39,79,58146.058987,1.137483e-04,3,3,2.5,f,-1.5,+1,4,4,4.5,e,-1.5,+1
sigma+,sigma+,38,78,58146.058991,5.308261e-05,3,3,2.5,f,-2.5,+1,4,4,4.5,e,-2.5,+1
sigma+,sigma+,43,66,58150.494435,2.366248e-03,3,3,2.5,f,+2.5,+1,4,4,3.5,e,+2.5,+1
sigma+,sigma+,42,65,58150.494438,1.419750e-03,3,3,2.5,f,+1.5,+1,4,4,3.5,e,+1.5,+1
sigma+,sigma+,41,64,58150.494440,1.893004e-04,3,3,2.5,f,+0.5,+1,4,4,3.5,e,+0.5,+1
sigma+,sigma+,40,63,58150.494442,1.892992e-04,3,3,2.5,f,-0.5,+1,4,4,3.5,e,-0.5,+1
sigma+,sigma+,39,62,58150.494444,1.419747e-03,3,3,2.5,f,-1.5,+1,4,4,3.5,e,-1.5,+1
sigma+,sigma+,38,61,58150.494446,2.366247e-03,3,3,2.5,f,-2.5,+1,4,4,3.5,e,-2.5,+1
sigma+,sigma+,59,84,58151.855161,2.224260e-03,3,3,3.5,f,+3.5,+1,4,4,4.5,e,+3.5,+1
sigma+,sigma+,58,83,58151.855162,1.985945e-03,3,3,3.5,f,+2.5,+1,4,4,4.5,e,+2.5,+1
sigma+,sigma+,57,82,58151.855163,9.192081e-04,3,3,3.5,f,+1.5,+1,4,4,4.5,e,+1.5,+1
sigma+,sigma+,56,81,58151.855164,1.134821e-04,3,3,3.5,f,+0.5,+1,4,4,4.5,e,+0.5,+1
sigma+,sigma+,55,80,58151.855165,1.134831e-04,3,3,3.5,f,-0.5,+1,4,4,4.5,e,-0.5,+1
sigma+,sigma+,54,79,58151.855166,9.192100e-04,3,3,3.5,f,-1.5,+1,4,4,4.5,e,-1.5,+1
sigma+,sigma+,53,78,58151.855167,1.985946e-03,3,3,3.5,f,-2.5,+1,4,4,4.5,e,-2.5,+1
sigma+,sigma+,52,77,58151.855168,2.224258e-03,3,3,3.5,f,-3.5,+1,4,4,4.5,e,-3.5,+1
sigma+,sigma+,52,60,58156.290621,2.801913e-04,3,3,3.5,f,-3.5,+1,4,4,3.5,e,-3.5,+1
sigma+,sigma+,53,61,58156.290622,5.718200e-06,3,3,3.5,f,-2.5,+1,4,4,3.5,e,-2.5,+1
sigma+,sigma+,54,62,58156.290623,5.146355e-05,3,3,3.5,f,-1.5,+1,4,4,3.5,e,-1.5,+1
sigma+,sigma+,55,63,58156.290624,1.429543e-04,3,3,3.5,f,-0.5,+1,4,4,3.5,e,-0.5,+1
sigma+,sigma+,56,64,58156.290625,1.429542e-04,3,3,3.5,f,+0.5,+1,4,4,3.5,e,+0.5,+1
sigma+,sigma+,57,65,58156.290626,5.146349e-05,3,3,3.5,f,+1.5,+1,4,4,3.5,e,+1.5,+1
sigma+,sigma+,58,66,58156.290627,5.718138e-06,3,3,3.5,f,+2.5,+1,4,4,3.5,e,+2.5,+1
sigma+,sigma+,59,67,58156.290628,2.801893e-04,3,3,3.5,f,+3.5,+1,4,4,3.5,e,+3.5,+1
sigma+,sigma+,37,93,58230.698963,9.181118e-04,3,3,2.5,e,+2.5,-1,4,4,4.5,f,+2.5,-1
sigma+,sigma+,36,92,58230.698968,1.967384e-03,3,3,2.5,e,+1.5,-1,4,4,4.5,f,+1.5,-1
sigma+,sigma+,35,91,58230.698973,2.623181e-03,3,3,2.5,e,+0.5,-1,4,4,4.5,f,+0.5,-1
sigma+,sigma+,34,90,58230.698979,2.623184e-03,3,3,2.5,e,-0.5,-1,4,4,4.5,f,-0.5,-1
sigma+,sigma+,33,89,58230.698984,1.967390e-03,3,3,2.5,e,-1.5,-1,4,4,4.5,f,-1.5,-1
sigma+,sigma+,32,88,58230.698989,9.181160e-04,3,3,2.5,e,-2.5,-1,4,4,4.5,f,-2.5,-1
sigma+,sigma+,37,74,58235.134428,4.092655e-02,3,3,2.5,e,+2.5,-1,4,4,3.5,f,+2.5,-1
sigma+,sigma+,36,73,58235.134431,2.455595e-02,3,3,2.5,e,+1.5,-1,4,4,3.5,f,+1.5,-1
sigma+,sigma+,35,72,58235.134434,3.274134e-03,3,3,2.5,e,+0.5,-1,4,4,3.5,f,+0.5,-1
sigma+,sigma+,34,71,58235.134438,3.274113e-03,3,3,2.5,e,-0.5,-1,4,4,3.5,f,-0.5,-1
sigma+,sigma+,33,70,58235.134441,2.455591e-02,3,3,2.5,e,-1.5,-1,4,4,3.5,f,-1.5,-1
sigma+,sigma+,32,69,58235.134444,4.092654e-02,3,3,2.5,e,-2.5,-1,4,4,3.5,f,-2.5,-1
sigma+,sigma+,51,94,58236.495153,3.851494e-02,3,3,3.5,e,+3.5,-1,4,4,4.5,f,+3.5,-1
sigma+,sigma+,50,93,58236.495155,3.438832e-02,3,3,3.5,e,+2.5,-1,4,4,4.5,f,+2.5,-1
sigma+,sigma+,49,92,58236.495157,1.591686e-02,3,3,3.5,e,+1.5,-1,4,4,4.5,f,+1.5,-1
sigma+,sigma+,48,91,58236.495159,1.965039e-03,3,3,3.5,e,+0.5,-1,4,4,4.5,f,+0.5,-1
sigma+,sigma+,47,90,58236.495161,1.965055e-03,3,3,3.5,e,-0.5,-1,4,4,4.5,f,-0.5,-1
sigma+,sigma+,46,89,58236.495163,1.591690e-02,3,3,3.5,e,-1.5,-1,4,4,4.5,f,-1.5,-1
sigma+,sigma+,45,88,58236.495165,3.438833e-02,3,3,3.5,e,-2.5,-1,4,4,4.5,f,-2.5,-1
sigma+,sigma+,44,87,58236.495167,3.851491e-02,3,3,3.5,e,-3.5,-1,4,4,4.5,f,-3.5,-1
sigma+,sigma+,51,75,58240.930619,4.821742e-03,3,3,3.5,e,+3.5,-1,4,4,3.5,f,+3.5,-1
sigma+,sigma+,50,74,58240.930619,9.840302e-05,3,3,3.5,e,+2.5,-1,4,4,3.5,f,+2.5,-1
sigma+,sigma+,49,73,58240.930619,8.856276e-04,3,3,3.5,e,+1.5,-1,4,4,3.5,f,+1.5,-1
sigma+,sigma+,48,72,58240.930620,2.460079e-03,3,3,3.5,e,+0.5,-1,4,4,3.5,f,+0.5,-1
sigma+,sigma+,47,71,58240.930620,2.460082e-03,3,3,3.5,e,-0.5,-1,4,4,3.5,f,-0.5,-1
sigma+,sigma+,46,70,58240.930620,8.856303e-04,3,3,3.5,e,-1.5,-1,4,4,3.5,f,-1.5,-1
sigma+,sigma+,45,69,58240.930620,9.840342e-05,3,3,3.5,e,-2.5,-1,4,4,3.5,f,-2.5,-1
sigma+,sigma+,44,68,58240.930620,4.821774e-03,3,3,3.5,e,-3.5,-1,4,4,3.5,f,-3.5,-1
sigma+,sigma+,75,125,72671.161243,3.987957e-05,4,4,3.5,f,+3.5,-1,5,5,5.5,e,+3.5,-1
sigma+,sigma+,74,124,72671.161245,9.305247e-05,4,4,3.5,f,+2.5,-1,5,5,5.5,e,+2.5,-1
sigma+,sigma+,73,123,72671.161247,1.395789e-04,4,4,3.5,f,+1.5,-1,5,5,5.5,e,+1.5,-1
sigma+,sigma+,72,122,72671.161249,1.661656e-04,4,4,3.5,f,+0.5,-1,5,5,5.5,e,+0.5,-1
sigma+,sigma+,71,121,72671.161252,1.661658e-04,4,4,3.5,f,-0.5,-1,5,5,5.5,e,-0.5,-1
sigma+,sigma+,70,120,72671.161254,1.395795e-04,4,4,3.5,f,-1.5,-1,5,5,5.5,e,-1.5,-1
sigma+,sigma+,69,119,72671.161256,9.305314e-05,4,4,3.5,f,-2.5,-1,5,5,5.5,e,-2.5,-1
sigma+,sigma+,68,118,72671.161258,3.987998e-05,4,4,3.5,f,-3.5,-1,5,5,5.5,e,-3.5,-1
sigma+,sigma+,75,104,72674.738706,3.902851e-03,4,4,3.5,f,+3.5,-1,5,5,4.5,e,+3.5,-1
sigma+,sigma+,74,103,72674.738707,3.484690e-03,4,4,3.5,f,+2.5,-1,5,5,4.5,e,+2.5,-1
sigma+,sigma+,73,102,72674.738707,1.612914e-03,4,4,3.5,f,+1.5,-1,5,5,4.5,e,+1.5,-1
sigma+,sigma+,72,101,72674.738708,1.991258e-04,4,4,3.5,f,+0.5,-1,5,5,4.5,e,+0.5,-1
sigma+,sigma+,71,100,72674.738709,1.991243e-04,4,4,3.5,f,-0.5,-1,5,5,4.5,e,-0.5,-1
sigma+,sigma+,70,99,72674.738709,1.612911e-03,4,4,3.5,f,-1.5,-1,5,5,4.5,e,-1.5,-1
sigma+,sigma+,69,98,72674.738710,3.484687e-03,4,4,3.5,f,-2.5,-1,5,5,4.5,e,-2.5,-1
sigma+,sigma+,68,97,72674.738711,3.902850e-03,4,4,3.5,f,-3.5,-1,5,5,4.5,e,-3.5,-1
sigma+,sigma+,95,126,72675.596709,3.582646e-03,4,4,4.5,f,+4.5,-1,5,5,5.5,e,+4.5,-1
sigma+,sigma+,94,125,72675.596709,3.901102e-03,4,4,4.5,f,+3.5,-1,5,5,5.5,e,+3.5,-1
sigma+,sigma+,93,124,72675.596710,2.653810e-03,4,4,4.5,f,+2.5,-1,5,5,5.5,e,+2.5,-1
sigma+,sigma+,92,123,72675.596710,1.114599e-03,4,4,4.5,f,+1.5,-1,5,5,5.5,e,+1.5,-1
sigma+,sigma+,91,122,72675.596710,1.326899e-04,4,4,4.5,f,+0.5,-1,5,5,5.5,e,+0.5,-1
sigma+,sigma+,90,121,72675.596711,1.326911e-04,4,4,4.5,f,-0.5,-1,5,5,5.5,e,-0.5,-1
sigma+,sigma+,89,120,72675.596711,1.114602e-03,4,4,4.5,f,-1.5,-1,5,5,5.5,e,-1.5,-1
sigma+,sigma+,88,119,72675.596711,2.653812e-03,4,4,4.5,f,-2.5,-1,5,5,5.5,e,-2.5,-1
sigma+,sigma+,87,118,72675.596711,3.901102e-03,4,4,4.5,f,-3.5,-1,5,5,5.5,e,-3.5,-1
sigma+,sigma+,86,117,72675.596712,3.582643e-03,4,4,4.5,f,-4.5,-1,5,5,5.5,e,-4.5,-1
sigma+,sigma+,86,96,72679.174163,3.603153e-04,4,4,4.5,f,-4.5,-1,5,5,4.5,e,-4.5,-1
sigma+,sigma+,87,97,72679.174164,4.003508e-05,4,4,4.5,f,-3.5,-1,5,5,4.5,e,-3.5,-1
sigma+,sigma+,88,98,72679.174165,1.000869e-05,4,4,4.5,f,-2.5,-1,5,5,4.5,e,-2.5,-1
sigma+,sigma+,89,99,72679.174166,9.007847e-05,4,4,4.5,f,-1.5,-1,5,5,4.5,e,-1.5,-1
sigma+,sigma+,90,100,72679.174168,1.601395e-04,4,4,4.5,f,-0.5,-1,5,5,4.5,e,-0.5,-1
sigma+,sigma+,91,101,72679.174169,1.601395e-04,4,4,4.5,f,+0.5,-1,5,5,4.5,e,+0.5,-1
sigma+,sigma+,92,102,72679.174170,9.007846e-05,4,4,4.5,f,+1.5,-1,5,5,4.5,e,+1.5,-1
sigma+,sigma+,93,103,72679.174171,1.000874e-05,4,4,4.5,f,+2.5,-1,5,5,4.5,e,+2.5,-1
sigma+,sigma+,94,104,72679.174172,4.003467e-05,4,4,4.5,f,+3.5,-1,5,5,4.5,e,+3.5,-1
sigma+,sigma+,95,105,72679.174173,3.603124e-04,4,4,4.5,f,+4.5,-1,5,5,4.5,e,+4.5,-1
sigma+,sigma+,1,35,72722.836459,4.673335e-03,1,1,0.5,e,+0.5,-1,3,3,2.5,e,+0.5,-1
sigma+,sigma+,0,34,72722.836497,4.673339e-03,1,1,0.5,e,-0.5,-1,3,3,2.5,e,-0.5,-1
sigma+,sigma+,7,49,72732.087872,2.858722e-03,1,1,1.5,e,+1.5,-1,3,3,3.5,e,+1.5,-1
sigma+,sigma+,6,48,72732.087888,5.145696e-03,1,1,1.5,e,+0.5,-1,3,3,3.5,e,+0.5,-1
sigma+,sigma+,5,47,72732.087904,5.145692e-03,1,1,1.5,e,-0.5,-1,3,3,3.5,e,-0.5,-1
sigma+,sigma+,4,46,72732.087919,2.858716e-03,1,1,1.5,e,-1.5,-1,3,3,3.5,e,-1.5,-1
sigma+,sigma+,7,36,72737.884061,1.139191e-03,1,1,1.5,e,+1.5,-1,3,3,2.5,e,+1.5,-1
sigma+,sigma+,6,35,72737.884073,1.898660e-04,1,1,1.5,e,+0.5,-1,3,3,2.5,e,+0.5,-1
sigma+,sigma+,5,34,72737.884086,1.898653e-04,1,1,1.5,e,-0.5,-1,3,3,2.5,e,-0.5,-1
sigma+,sigma+,4,33,72737.884098,1.139197e-03,1,1,1.5,e,-1.5,-1,3,3,2.5,e,-1.5,-1
sigma+,sigma+,3,41,72749.286457,2.644322e-02,1,1,0.5,f,+0.5,+1,3,3,2.5,f,+0.5,+1
sigma+,sigma+,2,40,72749.286494,2.644324e-02,1,1,0.5,f,-0.5,+1,3,3,2.5,f,-0.5,+1
sigma+,sigma+,11,57,72758.537872,1.618469e-02,1,1,1.5,f,+1.5,+1,3,3,3.5,f,+1.5,+1
sigma+,sigma+,10,56,72758.537887,2.913242e-02,1,1,1.5,f,+0.5,+1,3,3,3.5,f,+0.5,+1
sigma+,sigma+,9,55,72758.537903,2.913240e-02,1,1,1.5,f,-0.5,+1,3,3,3.5,f,-0.5,+1
sigma+,sigma+,8,54,72758.537919,1.618465e-02,1,1,1.5,f,-1.5,+1,3,3,3.5,f,-1.5,+1
sigma+,sigma+,11,42,72764.334060,6.485314e-03,1,1,1.5,f,+1.5,+1,3,3,2.5,f,+1.5,+1
sigma+,sigma+,10,41,72764.334073,1.080891e-03,1,1,1.5,f,+0.5,+1,3,3,2.5,f,+0.5,+1
sigma+,sigma+,9,40,72764.334085,1.080886e-03,1,1,1.5,f,-0.5,+1,3,3,2.5,f,-0.5,+1
sigma+,sigma+,8,39,72764.334098,6.485348e-03,1,1,1.5,f,-1.5,+1,3,3,2.5,f,-1.5,+1
sigma+,sigma+,67,137,72803.411234,3.401630e-04,4,4,3.5,e,+3.5,+1,5,5,5.5,f,+3.5,+1
sigma+,sigma+,66,136,72803.411237,7.937143e-04,4,4,3.5,e,+2.5,+1,5,5,5.5,f,+2.5,+1
sigma+,sigma+,65,135,72803.411241,1.190573e-03,4,4,3.5,e,+1.5,+1,5,5,5.5,f,+1.5,+1
sigma+,sigma+,64,134,72803.411244,1.417350e-03,4,4,3.5,e,+0.5,+1,5,5,5.5,f,+0.5,+1
sigma+,sigma+,63,133,72803.411247,1.417351e-03,4,4,3.5,e,-0.5,+1,5,5,5.5,f,-0.5,+1
sigma+,sigma+,62,132,72803.411251,1.190576e-03,4,4,3.5,e,-1.5,+1,5,5,5.5,f,-1.5,+1
sigma+,sigma+,61,131,72803.411254,7.937178e-04,4,4,3.5,e,-2.5,+1,5,5,5.5,f,-2.5,+1
sigma+,sigma+,60,130,72803.411257,3.401651e-04,4,4,3.5,e,-3.5,+1,5,5,5.5,f,-3.5,+1
sigma+,sigma+,67,114,72806.988697,3.328710e-02,4,4,3.5,e,+3.5,+1,5,5,4.5,f,+3.5,+1
sigma+,sigma+,66,113,72806.988699,2.972064e-02,4,4,3.5,e,+2.5,+1,5,5,4.5,f,+2.5,+1
sigma+,sigma+,65,112,72806.988701,1.375642e-02,4,4,3.5,e,+1.5,+1,5,5,4.5,f,+1.5,+1
sigma+,sigma+,64,111,72806.988703,1.698328e-03,4,4,3.5,e,+0.5,+1,5,5,4.5,f,+0.5,+1
sigma+,sigma+,63,110,72806.988704,1.698315e-03,4,4,3.5,e,-0.5,+1,5,5,4.5,f,-0.5,+1
sigma+,sigma+,62,109,72806.988706,1.375639e-02,4,4,3.5,e,-1.5,+1,5,5,4.5,f,-1.5,+1
sigma+,sigma+,61,108,72806.988708,2.972062e-02,4,4,3.5,e,-2.5,+1,5,5,4.5,f,-2.5,+1
sigma+,sigma+,60,107,72806.988710,3.328710e-02,4,4,3.5,e,-3.5,+1,5,5,4.5,f,-3.5,+1
sigma+,sigma+,85,138,72807.846700,3.057591e-02,4,4,4.5,e,+4.5,+1,5,5,5.5,f,+4.5,+1
sigma+,sigma+,84,137,72807.846701,3.329376e-02,4,4,4.5,e,+3.5,+1,5,5,5.5,f,+3.5,+1
sigma+,sigma+,83,136,72807.846702,2.264880e-02,4,4,4.5,e,+2.5,+1,5,5,5.5,f,+2.5,+1
sigma+,sigma+,82,135,72807.846704,9.512490e-03,4,4,4.5,e,+1.5,+1,5,5,5.5,f,+1.5,+1
sigma+,sigma+,81,134,72807.846705,1.132436e-03,4,4,4.5,e,+0.5,+1,5,5,5.5,f,+0.5,+1
sigma+,sigma+,80,133,72807.846706,1.132446e-03,4,4,4.5,e,-0.5,+1,5,5,5.5,f,-0.5,+1
sigma+,sigma+,79,132,72807.846708,9.512514e-03,4,4,4.5,e,-1.5,+1,5,5,5.5,f,-1.5,+1
sigma+,sigma+,78,131,72807.846709,2.264882e-02,4,4,4.5,e,-2.5,+1,5,5,5.5,f,-2.5,+1
sigma+,sigma+,77,130,72807.846710,3.329376e-02,4,4,4.5,e,-3.5,+1,5,5,5.5,f,-3.5,+1
sigma+,sigma+,76,129,72807.846711,3.057589e-02,4,4,4.5,e,-4.5,+1,5,5,5.5,f,-4.5,+1
sigma+,sigma+,76,106,72811.424163,3.062911e-03,4,4,4.5,e,-4.5,+1,5,5,4.5,f,-4.5,+1
sigma+,sigma+,77,107,72811.424163,3.403232e-04,4,4,4.5,e,-3.5,+1,5,5,4.5,f,-3.5,+1
sigma+,sigma+,78,108,72811.424163,8.508069e-05,4,4,4.5,e,-2.5,+1,5,5,4.5,f,-2.5,+1
sigma+,sigma+,79,109,72811.424163,7.657258e-04,4,4,4.5,e,-1.5,+1,5,5,4.5,f,-1.5,+1
sigma+,sigma+,80,110,72811.424163,1.361289e-03,4,4,4.5,e,-0.5,+1,5,5,4.5,f,-0.5,+1
sigma+,sigma+,81,111,72811.424163,1.361288e-03,4,4,4.5,e,+0.5,+1,5,5,4.5,f,+0.5,+1
sigma+,sigma+,82,112,72811.424163,7.657241e-04,4,4,4.5,e,+1.5,+1,5,5,4.5,f,+1.5,+1
sigma+,sigma+,83,113,72811.424163,8.508041e-05,4,4,4.5,e,+2.5,+1,5,5,4.5,f,+2.5,+1
sigma+,sigma+,84,114,72811.424163,3.403212e-04,4,4,4.5,e,+3.5,+1,5,5,4.5,f,+3.5,+1
sigma+,sigma+,85,115,72811.424163,3.062888e-03,4,4,4.5,e,+4.5,+1,5,5,4.5,f,+4.5,+1
sigma+,sigma+,15,65,101818.188002,3.574323e-03,2,2,1.5,e,+1.5,+1,4,4,3.5,e,+1.5,+1
sigma+,sigma+,14,64,101818.188012,6.433784e-03,2,2,1.5,e,+0.5,+1,4,4,3.5,e,+0.5,+1
sigma+,sigma+,13,63,101818.188022,6.433787e-03,2,2,1.5,e,-0.5,+1,4,4,3.5,e,-0.5,+1
sigma+,sigma+,12,62,101818.188031,3.574327e-03,2,2,1.5,e,-1.5,+1,4,4,3.5,e,-1.5,+1
sigma+,sigma+,25,83,101822.082203,2.316094e-03,2,2,2.5,e,+2.5,+1,4,4,4.5,e,+2.5,+1
sigma+,sigma+,24,82,101822.082208,4.963057e-03,2,2,2.5,e,+1.5,+1,4,4,4.5,e,+1.5,+1
sigma+,sigma+,23,81,101822.082213,6.617407e-03,2,2,2.5,e,+0.5,+1,4,4,4.5,e,+0.5,+1
sigma+,sigma+,22,80,101822.082218,6.617404e-03,2,2,2.5,e,-0.5,+1,4,4,4.5,e,-0.5,+1
sigma+,sigma+,21,79,101822.082224,4.963051e-03,2,2,2.5,e,-1.5,+1,4,4,4.5,e,-1.5,+1
sigma+,sigma+,20,78,101822.082229,2.316090e-03,2,2,2.5,e,-2.5,+1,4,4,4.5,e,-2.5,+1
sigma+,sigma+,25,66,101826.517668,6.592199e-04,2,2,2.5,e,+2.5,+1,4,4,3.5,e,+2.5,+1
sigma+,sigma+,24,65,101826.517671,3.955324e-04,2,2,2.5,e,+1.5,+1,4,4,3.5,e,+1.5,+1
sigma+,sigma+,23,64,101826.517674,5.273769e-05,2,2,2.5,e,+0.5,+1,4,4,3.5,e,+0.5,+1
sigma+,sigma+,22,63,101826.517677,5.273781e-05,2,2,2.5,e,-0.5,+1,4,4,3.5,e,-0.5,+1
sigma+,sigma+,21,62,101826.517681,3.955339e-04,2,2,2.5,e,-1.5,+1,4,4,3.5,e,-1.5,+1
sigma+,sigma+,20,61,101826.517684,6.592240e-04,2,2,2.5,e,-2.5,+1,4,4,3.5,e,-2.5,+1
sigma+,sigma+,19,73,101855.218002,2.023607e-02,2,2,1.5,f,+1.5,-1,4,4,3.5,f,+1.5,-1
sigma+,sigma+,18,72,101855.218011,3.642494e-02,2,2,1.5,f,+0.5,-1,4,4,3.5,f,+0.5,-1
sigma+,sigma+,17,71,101855.218021,3.642495e-02,2,2,1.5,f,-0.5,-1,4,4,3.5,f,-0.5,-1
sigma+,sigma+,16,70,101855.218031,2.023609e-02,2,2,1.5,f,-1.5,-1,4,4,3.5,f,-1.5,-1
sigma+,sigma+,31,93,101859.112203,1.311466e-02,2,2,2.5,f,+2.5,-1,4,4,4.5,f,+2.5,-1
sigma+,sigma+,30,92,101859.112208,2.810284e-02,2,2,2.5,f,+1.5,-1,4,4,4.5,f,+1.5,-1
sigma+,sigma+,29,91,101859.112213,3.747044e-02,2,2,2.5,f,+0.5,-1,4,4,4.5,f,+0.5,-1
sigma+,sigma+,28,90,101859.112218,3.747043e-02,2,2,2.5,f,-0.5,-1,4,4,4.5,f,-0.5,-1
sigma+,sigma+,27,89,101859.112224,2.810281e-02,2,2,2.5,f,-1.5,-1,4,4,4.5,f,-1.5,-1
sigma+,sigma+,26,88,101859.112229,1.311464e-02,2,2,2.5,f,-2.5,-1,4,4,4.5,f,-2.5,-1
sigma+,sigma+,31,74,101863.547667,3.753309e-03,2,2,2.5,f,+2.5,-1,4,4,3.5,f,+2.5,-1
sigma+,sigma+,30,73,101863.547671,2.251988e-03,2,2,2.5,f,+1.5,-1,4,4,3.5,f,+1.5,-1
sigma+,sigma+,29,72,101863.547674,3.002655e-04,2,2,2.5,f,+0.5,-1,4,4,3.5,f,+0.5,-1
sigma+,sigma+,28,71,101863.547677,3.002657e-04,2,2,2.5,f,-0.5,-1,4,4,3.5,f,-0.5,-1
sigma+,sigma+,27,70,101863.547681,2.251996e-03,2,2,2.5,f,-1.5,-1,4,4,3.5,f,-1.5,-1
sigma+,sigma+,26,69,101863.547684,3.753331e-03,2,2,2.5,f,-2.5,-1,4,4,3.5,f,-2.5,-1
sigma+,sigma+,37,103,130909.873134,2.501624e-03,3,3,2.5,e,+2.5,-1,5,5,4.5,e,+2.5,-1
sigma+,sigma+,36,102,130909.873138,5.360624e-03,3,3,2.5,e,+1.5,-1,5,5,4.5,e,+1.5,-1
sigma+,sigma+,35,101,130909.873142,7.147501e-03,3,3,2.5,e,+0.5,-1,5,5,4.5,e,+0.5,-1
sigma+,sigma+,34,100,130909.873146,7.147502e-03,3,3,2.5,e,-0.5,-1,5,5,4.5,e,-0.5,-1
sigma+,sigma+,33,99,130909.873150,5.360628e-03,3,3,2.5,e,-1.5,-1,5,5,4.5,e,-1.5,-1
sigma+,sigma+,32,98,130909.873154,2.501627e-03,3,3,2.5,e,-2.5,-1,5,5,4.5,e,-2.5,-1
sigma+,sigma+,51,125,130912.091862,1.736470e-03,3,3,3.5,e,+3.5,-1,5,5,5.5,e,+3.5,-1
sigma+,sigma+,50,124,130912.091864,4.051762e-03,3,3,3.5,e,+2.5,-1,5,5,5.5,e,+2.5,-1
sigma+,sigma+,49,123,130912.091867,6.077642e-03,3,3,3.5,e,+1.5,-1,5,5,5.5,e,+1.5,-1
sigma+,sigma+,48,122,130912.091869,7.235286e-03,3,3,3.5,e,+0.5,-1,5,5,5.5,e,+0.5,-1
sigma+,sigma+,47,121,130912.091871,7.235285e-03,3,3,3.5,e,-0.5,-1,5,5,5.5,e,-0.5,-1
sigma+,sigma+,46,120,130912.091874,6.077638e-03,3,3,3.5,e,-1.5,-1,5,5,5.5,e,-1.5,-1
sigma+,sigma+,45,119,130912.091876,4.051758e-03,3,3,3.5,e,-2.5,-1,5,5,5.5,e,-2.5,-1
sigma+,sigma+,44,118,130912.091878,1.736467e-03,3,3,3.5,e,-3.5,-1,5,5,5.5,e,-3.5,-1
sigma+,sigma+,11,65,130914.828498,1.160148e-11,1,1,1.5,f,+1.5,+1,4,4,3.5,e,+1.5,+1
sigma+,sigma+,10,64,130914.828512,2.088273e-11,1,1,1.5,f,+0.5,+1,4,4,3.5,e,+0.5,+1
sigma+,sigma+,9,63,130914.828527,2.088280e-11,1,1,1.5,f,-0.5,+1,4,4,3.5,e,-0.5,+1
sigma+,sigma+,8,62,130914.828542,1.160159e-11,1,1,1.5,f,-1.5,+1,4,4,3.5,e,-1.5,+1
sigma+,sigma+,51,104,130915.669325,3.844077e-04,3,3,3.5,e,+3.5,-1,5,5,4.5,e,+3.5,-1
sigma+,sigma+,50,103,130915.669326,3.432213e-04,3,3,3.5,e,+2.5,-1,5,5,4.5,e,+2.5,-1
sigma+,sigma+,49,102,130915.669327,1.588624e-04,3,3,3.5,e,+1.5,-1,5,5,4.5,e,+1.5,-1
sigma+,sigma+,48,101,130915.669327,1.961259e-05,3,3,3.5,e,+0.5,-1,5,5,4.5,e,+0.5,-1
sigma+,sigma+,47,100,130915.669328,1.961282e-05,3,3,3.5,e,-0.5,-1,5,5,4.5,e,-0.5,-1
sigma+,sigma+,46,99,130915.669329,1.588634e-04,3,3,3.5,e,-1.5,-1,5,5,4.5,e,-1.5,-1
sigma+,sigma+,45,98,130915.669330,3.432234e-04,3,3,3.5,e,-2.5,-1,5,5,4.5,e,-2.5,-1
sigma+,sigma+,44,97,130915.669331,3.844104e-04,3,3,3.5,e,-3.5,-1,5,5,4.5,e,-3.5,-1
sigma+,sigma+,43,113,130957.483134,1.416521e-02,3,3,2.5,f,+2.5,+1,5,5,4.5,f,+2.5,+1
sigma+,sigma+,42,112,130957.483138,3.035403e-02,3,3,2.5,f,+1.5,+1,5,5,4.5,f,+1.5,+1
sigma+,sigma+,41,111,130957.483142,4.047204e-02,3,3,2.5,f,+0.5,+1,5,5,4.5,f,+0.5,+1
sigma+,sigma+,40,110,130957.483146,4.047205e-02,3,3,2.5,f,-0.5,+1,5,5,4.5,f,-0.5,+1
sigma+,sigma+,39,109,130957.483150,3.035404e-02,3,3,2.5,f,-1.5,+1,5,5,4.5,f,-1.5,+1
sigma+,sigma+,38,108,130957.483154,1.416522e-02,3,3,2.5,f,-2.5,+1,5,5,4.5,f,-2.5,+1
sigma+,sigma+,59,137,130959.701862,9.833263e-03,3,3,3.5,f,+3.5,+1,5,5,5.5,f,+3.5,+1
sigma+,sigma+,58,136,130959.701864,2.294427e-02,3,3,3.5,f,+2.5,+1,5,5,5.5,f,+2.5,+1
sigma+,sigma+,57,135,130959.701867,3.441640e-02,3,3,3.5,f,+1.5,+1,5,5,5.5,f,+1.5,+1
sigma+,sigma+,56,134,130959.701869,4.097190e-02,3,3,3.5,f,+0.5,+1,5,5,5.5,f,+0.5,+1
sigma+,sigma+,55,133,130959.701871,4.097189e-02,3,3,3.5,f,-0.5,+1,5,5,5.5,f,-0.5,+1
sigma+,sigma+,54,132,130959.701874,3.441638e-02,3,3,3.5,f,-1.5,+1,5,5,5.5,f,-1.5,+1
sigma+,sigma+,53,131,130959.701876,2.294425e-02,3,3,3.5,f,-2.5,+1,5,5,5.5,f,-2.5,+1
sigma+,sigma+,52,130,130959.701878,9.833248e-03,3,3,3.5,f,-3.5,+1,5,5,5.5,f,-3.5,+1
sigma+,sigma+,59,114,130963.279324,2.188749e-03,3,3,3.5,f,+3.5,+1,5,5,4.5,f,+3.5,+1
sigma+,sigma+,58,113,130963.279325,1.954241e-03,3,3,3.5,f,+2.5,+1,5,5,4.5,f,+2.5,+1
sigma+,sigma+,57,112,130963.279326,9.045345e-04,3,3,3.5,f,+1.5,+1,5,5,4.5,f,+1.5,+1
sigma+,sigma+,56,111,130963.279327,1.116707e-04,3,3,3.5,f,+0.5,+1,5,5,4.5,f,+0.5,+1
sigma+,sigma+,55,110,130963.279328,1.116718e-04,3,3,3.5,f,-0.5,+1,5,5,4.5,f,-0.5,+1
sigma+,sigma+,54,109,130963.279329,9.045393e-04,3,3,3.5,f,-1.5,+1,5,5,4.5,f,-1.5,+1
sigma+,sigma+,53,108,130963.279330,1.954252e-03,3,3,3.5,f,-2.5,+1,5,5,4.5,f,-2.5,+1
sigma+,sigma+,52,107,130963.279331,2.188763e-03,3,3,3.5,f,-3.5,+1,5,5,4.5,f,-3.5,+1
sigma+,sigma+,7,73,130973.018492,1.128138e-09,1,1,1.5,e,+1.5,-1,4,4,3.5,f,+1.5,-1
sigma+,sigma+,6,72,130973.018508,2.030655e-09,1,1,1.5,e,+0.5,-1,4,4,3.5,f,+0.5,-1
sigma+,sigma+,5,71,130973.018523,2.030661e-09,1,1,1.5,e,-0.5,-1,4,4,3.5,f,-0.5,-1
sigma+,sigma+,4,70,130973.018539,1.128148e-09,1,1,1.5,e,-1.5,-1,4,4,3.5,f,-1.5,-1
sigma+,sigma+,31,103,174538.286374,2.165965e-11,2,2,2.5,f,+2.5,-1,5,5,4.5,e,+2.5,-1
sigma+,sigma+,30,102,174538.286378,4.641361e-11,2,2,2.5,f,+1.5,-1,5,5,4.5,e,+1.5,-1
sigma+,sigma+,29,101,174538.286382,6.188490e-11,2,2,2.5,f,+0.5,-1,5,5,4.5,e,+0.5,-1
sigma+,sigma+,28,100,174538.286386,6.188499e-11,2,2,2.5,f,-0.5,-1,5,5,4.5,e,-0.5,-1
sigma+,sigma+,27,99,174538.286390,4.641381e-11,2,2,2.5,f,-1.5,-1,5,5,4.5,e,-1.5,-1
sigma+,sigma+,26,98,174538.286394,2.165981e-11,2,2,2.5,f,-2.5,-1,5,5,4.5,e,-2.5,-1
sigma+,sigma+,25,113,174633.506366,3.729463e-10,2,2,2.5,e,+2.5,+1,5,5,4.5,f,+2.5,+1
sigma+,sigma+,24,112,174633.506372,7.991718e-10,2,2,2.5,e,+1.5,+1,5,5,4.5,f,+1.5,+1
sigma+,sigma+,23,111,174633.506377,1.065564e-09,2,2,2.5,e,+0.5,+1,5,5,4.5,f,+0.5,+1
sigma+,sigma+,22,110,174633.506382,1.065565e-09,2,2,2.5,e,-0.5,+1,5,5,4.5,f,-0.5,+1
sigma+,sigma+,21,109,174633.506387,7.991751e-10,2,2,2.5,e,-1.5,+1,5,5,4.5,f,-1.5,+1
sigma+,sigma+,20,108,174633.506392,3.729489e-10,2,2,2.5,e,-2.5,+1,5,5,4.5,f,-2.5,+1
sigma+,pi,107,20,-174633.506388,2.983588e-09,5,5,4.5,f,-3.5,+1,2,2,2.5,e,-2.5,+1
sigma+,pi,108,21,-174633.506383,3.729480e-09,5,5,4.5,f,-2.5,+1,2,2,2.5,e,-1.5,+1
sigma+,pi,109,22,-174633.506378,3.196692e-09,5,5,4.5,f,-1.5,+1,2,2,2.5,e,-0.5,+1
sigma+,pi,110,23,-174633.506373,2.131125e-09,5,5,4.5,f,-0.5,+1,2,2,2.5,e,+0.5,+1
sigma+,pi,111,24,-174633.506368,1.065561e-09,5,5,4.5,f,+0.5,+1,2,2,2.5,e,+1.5,+1
sigma+,pi,112,25,-174633.506363,3.196679e-10,5,5,4.5,f,+1.5,+1,2,2,2.5,e,+2.5,+1
sigma+,pi,97,26,-174538.286390,1.732783e-10,5,5,4.5,e,-3.5,-1,2,2,2.5,f,-2.5,-1
sigma+,pi,98,27,-174538.286385,2.165975e-10,5,5,4.5,e,-2.5,-1,2,2,2.5,f,-1.5,-1
sigma+,pi,99,28,-174538.286381,1.856548e-10,5,5,4.5,e,-1.5,-1,2,2,2.5,f,-0.5,-1
sigma+,pi,100,29,-174538.286377,1.237697e-10,5,5,4.5,e,-0.5,-1,2,2,2.5,f,+0.5,-1
sigma+,pi,101,30,-174538.286373,6.188474e-11,5,5,4.5,e,+0.5,-1,2,2,2.5,f,+1.5,-1
sigma+,pi,102,31,-174538.286369,1.856540e-11,5,5,4.5,e,+1.5,-1,2,2,2.5,f,+2.5,-1
sigma+,pi,69,4,-130973.018534,6.768878e-09,4,4,3.5,f,-2.5,-1,1,1,1.5,e,-1.5,-1
sigma+,pi,70,5,-130973.018518,6.768859e-09,4,4,3.5,f,-1.5,-1,1,1,1.5,e,-0.5,-1
sigma+,pi,71,6,-130973.018502,4.061304e-09,4,4,3.5,f,-0.5,-1,1,1,1.5,e,+0.5,-1
sigma+,pi,72,7,-130973.018486,1.353764e-09,4,4,3.5,f,+0.5,-1,1,1,1.5,e,+1.5,-1
sigma+,pi,106,52,-130963.279328,9.849438e-03,5,5,4.5,f,-4.5,+1,3,3,3.5,f,-3.5,+1
sigma+,pi,107,53,-130963.279327,1.407063e-03,5,5,4.5,f,-3.5,+1,3,3,3.5,f,-2.5,+1
sigma+,pi,108,54,-130963.279325,1.172541e-04,5,5,4.5,f,-2.5,+1,3,3,3.5,f,-1.5,+1
sigma+,pi,109,55,-130963.279324,2.093834e-03,5,5,4.5,f,-1.5,+1,3,3,3.5,f,-0.5,+1
sigma+,pi,110,56,-130963.279323,4.522680e-03,5,5,4.5,f,-0.5,+1,3,3,3.5,f,+0.5,+1
sigma+,pi,111,57,-130963.279322,5.661722e-03,5,5,4.5,f,+0.5,+1,3,3,3.5,f,+1.5,+1
sigma+,pi,112,58,-130963.279321,4.840937e-03,5,5,4.5,f,+1.5,+1,3,3,3.5,f,+2.5,+1
sigma+,pi,113,59,-130963.279320,2.462343e-03,5,5,4.5,f,+2.5,+1,3,3,3.5,f,+3.5,+1
sigma+,pi,129,52,-130959.701876,9.833252e-02,5,5,5.5,f,-4.5,+1,3,3,3.5,f,-3.5,+1
sigma+,pi,130,53,-130959.701873,1.376656e-01,5,5,5.5,f,-3.5,+1,3,3,3.5,f,-2.5,+1
sigma+,pi,131,54,-130959.701871,1.376656e-01,5,5,5.5,f,-2.5,+1,3,3,3.5,f,-1.5,+1
sigma+,pi,132,55,-130959.701869,1.147213e-01,5,5,5.5,f,-1.5,+1,3,3,3.5,f,-0.5,+1
sigma+,pi,133,56,-130959.701866,8.194383e-02,5,5,5.5,f,-0.5,+1,3,3,3.5,f,+0.5,+1
sigma+,pi,134,57,-130959.701864,4.916631e-02,5,5,5.5,f,+0.5,+1,3,3,3.5,f,+1.5,+1
sigma+,pi,135,58,-130959.701862,2.294428e-02,5,5,5.5,f,+1.5,+1,3,3,3.5,f,+2.5,+1
sigma+,pi,136,59,-130959.701859,6.555511e-03,5,5,5.5,f,+2.5,+1,3,3,3.5,f,+3.5,+1
sigma+,pi,107,38,-130957.483150,1.133218e-01,5,5,4.5,f,-3.5,+1,3,3,2.5,f,-2.5,+1
sigma+,pi,108,39,-130957.483146,1.416522e-01,5,5,4.5,f,-2.5,+1,3,3,2.5,f,-1.5,+1
sigma+,pi,109,40,-130957.483142,1.214161e-01,5,5,4.5,f,-1.5,+1,3,3,2.5,f,-0.5,+1
sigma+,pi,110,41,-130957.483138,8.094406e-02,5,5,4.5,f,-0.5,+1,3,3,2.5,f,+0.5,+1
sigma+,pi,111,42,-130957.483134,4.047202e-02,5,5,4.5,f,+0.5,+1,3,3,2.5,f,+1.5,+1
sigma+,pi,112,43,-130957.483130,1.214160e-02,5,5,4.5,f,+1.5,+1,3,3,2.5,f,+2.5,+1
sigma+,pi,96,44,-130915.669327,1.729848e-03,5,5,4.5,e,-4.5,-1,3,3,3.5,e,-3.5,-1
sigma+,pi,97,45,-130915.669326,2.471213e-04,5,5,4.5,e,-3.5,-1,3,3,3.5,e,-2.5,-1
sigma+,pi,98,46,-130915.669325,2.059319e-05,5,5,4.5,e,-2.5,-1,3,3,3.5,e,-1.5,-1
sigma+,pi,99,47,-130915.669324,3.677378e-04,5,5,4.5,e,-1.5,-1,3,3,3.5,e,-0.5,-1
sigma+,pi,100,48,-130915.669323,7.943136e-04,5,5,4.5,e,-0.5,-1,3,3,3.5,e,+0.5,-1
sigma+,pi,101,49,-130915.669322,9.943624e-04,5,5,4.5,e,+0.5,-1,3,3,3.5,e,+1.5,-1
sigma+,pi,102,50,-130915.669321,8.502087e-04,5,5,4.5,e,+1.5,-1,3,3,3.5,e,+2.5,-1
sigma+,pi,103,51,-130915.669320,4.324588e-04,5,5,4.5,e,+2.5,-1,3,3,3.5,e,+3.5,-1
sigma+,pi,61,8,-130914.828536,6.960942e-11,4,4,3.5,e,-2.5,+1,1,1,1.5,f,-1.5,+1
sigma+,pi,62,9,-130914.828521,6.960921e-11,4,4,3.5,e,-1.5,+1,1,1,1.5,f,-0.5,+1
sigma+,pi,63,10,-130914.828506,4.176540e-11,4,4,3.5,e,-0.5,+1,1,1,1.5,f,+0.5,+1
sigma+,pi,64,11,-130914.828492,1.392176e-11,4,4,3.5,e,+0.5,+1,1,1,1.5,f,+1.5,+1
sigma+,pi,117,44,-130912.091875,1.736468e-02,5,5,5.5,e,-4.5,-1,3,3,3.5,e,-3.5,-1
sigma+,pi,118,45,-130912.091873,2.431056e-02,5,5,5.5,e,-3.5,-1,3,3,3.5,e,-2.5,-1
sigma+,pi,119,46,-130912.091870,2.431056e-02,5,5,5.5,e,-2.5,-1,3,3,3.5,e,-1.5,-1
sigma+,pi,120,47,-130912.091868,2.025881e-02,5,5,5.5,e,-1.5,-1,3,3,3.5,e,-0.5,-1
sigma+,pi,121,48,-130912.091866,1.447058e-02,5,5,5.5,e,-0.5,-1,3,3,3.5,e,+0.5,-1
sigma+,pi,122,49,-130912.091864,8.682349e-03,5,5,5.5,e,+0.5,-1,3,3,3.5,e,+1.5,-1
sigma+,pi,123,50,-130912.091861,4.051764e-03,5,5,5.5,e,+1.5,-1,3,3,3.5,e,+2.5,-1
sigma+,pi,124,51,-130912.091859,1.157647e-03,5,5,5.5,e,+2.5,-1,3,3,3.5,e,+3.5,-1
sigma+,pi,97,32,-130909.873150,2.001301e-02,5,5,4.5,e,-3.5,-1,3,3,2.5,e,-2.5,-1
sigma+,pi,98,33,-130909.873146,2.501625e-02,5,5,4.5,e,-2.5,-1,3,3,2.5,e,-1.5,-1
sigma+,pi,99,34,-130909.873142,2.144250e-02,5,5,4.5,e,-1.5,-1,3,3,2.5,e,-0.5,-1
sigma+,pi,100,35,-130909.873138,1.429500e-02,5,5,4.5,e,-0.5,-1,3,3,2.5,e,+0.5,-1
sigma+,pi,101,36,-130909.873134,7.147497e-03,5,5,4.5,e,+0.5,-1,3,3,2.5,e,+1.5,-1
sigma+,pi,102,37,-130909.873130,2.144249e-03,5,5,4.5,e,+1.5,-1,3,3,2.5,e,+2.5,-1
sigma+,pi,68,26,-101863.547679,1.313666e-02,4,4,3.5,f,-3.5,-1,2,2,2.5,f,-2.5,-1
sigma+,pi,69,27,-101863.547675,3.753327e-04,4,4,3.5,f,-2.5,-1,2,2,2.5,f,-1.5,-1
sigma+,pi,70,28,-101863.547672,2.251994e-03,4,4,3.5,f,-1.5,-1,2,2,2.5,f,-0.5,-1
sigma+,pi,71,29,-101863.547669,7.356506e-03,4,4,3.5,f,-0.5,-1,2,2,2.5,f,+0.5,-1
sigma+,pi,72,30,-101863.547665,9.083022e-03,4,4,3.5,f,+0.5,-1,2,2,2.5,f,+1.5,-1
sigma+,pi,73,31,-101863.547662,5.629966e-03,4,4,3.5,f,+1.5,-1,2,2,2.5,f,+2.5,-1
sigma+,pi,87,26,-101859.112225,1.049172e-01,4,4,4.5,f,-3.5,-1,2,2,2.5,f,-2.5,-1
sigma+,pi,88,27,-101859.112220,1.311465e-01,4,4,4.5,f,-2.5,-1,2,2,2.5,f,-1.5,-1
sigma+,pi,89,28,-101859.112215,1.124113e-01,4,4,4.5,f,-1.5,-1,2,2,2.5,f,-0.5,-1
sigma+,pi,90,29,-101859.112210,7.494091e-02,4,4,4.5,f,-0.5,-1,2,2,2.5,f,+0.5,-1
sigma+,pi,91,30,-101859.112205,3.747047e-02,4,4,4.5,f,+0.5,-1,2,2,2.5,f,+1.5,-1
sigma+,pi,92,31,-101859.112199,1.124114e-02,4,4,4.5,f,+1.5,-1,2,2,2.5,f,+2.5,-1
sigma+,pi,69,16,-101855.218025,1.214165e-01,4,4,3.5,f,-2.5,-1,2,2,1.5,f,-1.5,-1
sigma+,pi,70,17,-101855.218016,1.214164e-01,4,4,3.5,f,-1.5,-1,2,2,1.5,f,-0.5,-1
sigma+,pi,71,18,-101855.218006,7.284984e-02,4,4,3.5,f,-0.5,-1,2,2,1.5,f,+0.5,-1
sigma+,pi,72,19,-101855.217997,2.428327e-02,4,4,3.5,f,+0.5,-1,2,2,1.5,f,+1.5,-1
sigma+,pi,60,20,-101826.517678,2.307285e-03,4,4,3.5,e,-3.5,+1,2,2,2.5,e,-2.5,+1
sigma+,pi,61,21,-101826.517675,6.592239e-05,4,4,3.5,e,-2.5,+1,2,2,2.5,e,-1.5,+1
sigma+,pi,62,22,-101826.517671,3.955334e-04,4,4,3.5,e,-1.5,+1,2,2,2.5,e,-0.5,+1
sigma+,pi,63,23,-101826.517668,1.292075e-03,4,4,3.5,e,-0.5,+1,2,2,2.5,e,+0.5,+1
sigma+,pi,64,24,-101826.517665,1.595315e-03,4,4,3.5,e,+0.5,+1,2,2,2.5,e,+1.5,+1
sigma+,pi,65,25,-101826.517662,9.888302e-04,4,4,3.5,e,+1.5,+1,2,2,2.5,e,+2.5,+1
sigma+,pi,77,20,-101822.082225,1.852873e-02,4,4,4.5,e,-3.5,+1,2,2,2.5,e,-2.5,+1
sigma+,pi,78,21,-101822.082220,2.316092e-02,4,4,4.5,e,-2.5,+1,2,2,2.5,e,-1.5,+1
sigma+,pi,79,22,-101822.082215,1.985222e-02,4,4,4.5,e,-1.5,+1,2,2,2.5,e,-0.5,+1
sigma+,pi,80,23,-101822.082209,1.323482e-02,4,4,4.5,e,-0.5,+1,2,2,2.5,e,+0.5,+1
sigma+,pi,81,24,-101822.082204,6.617412e-03,4,4,4.5,e,+0.5,+1,2,2,2.5,e,+1.5,+1
sigma+,pi,82,25,-101822.082199,1.985224e-03,4,4,4.5,e,+1.5,+1,2,2,2.5,e,+2.5,+1
sigma+,pi,61,12,-101818.188025,2.144595e-02,4,4,3.5,e,-2.5,+1,2,2,1.5,e,-1.5,+1
sigma+,pi,62,13,-101818.188016,2.144595e-02,4,4,3.5,e,-1.5,+1,2,2,1.5,e,-0.5,+1
sigma+,pi,63,14,-101818.188006,1.286756e-02,4,4,3.5,e,-0.5,+1,2,2,1.5,e,+0.5,+1
sigma+,pi,64,15,-101818.187996,4.289186e-03,4,4,3.5,e,+0.5,+1,2,2,1.5,e,+1.5,+1
sigma+,pi,114,85,-72811.424160,6.125779e-03,5,5,4.5,f,+3.5,+1,4,4,4.5,e,+4.5,+1
sigma+,pi,113,84,-72811.424160,6.125784e-03,5,5,4.5,f,+2.5,+1,4,4,4.5,e,+3.5,+1
sigma+,pi,112,83,-72811.424159,3.573377e-03,5,5,4.5,f,+1.5,+1,4,4,4.5,e,+2.5,+1
sigma+,pi,111,82,-72811.424159,1.020966e-03,5,5,4.5,f,+0.5,+1,4,4,4.5,e,+1.5,+1
sigma+,pi,109,80,-72811.424159,1.020968e-03,5,5,4.5,f,-1.5,+1,4,4,4.5,e,-0.5,+1
sigma+,pi,108,79,-72811.424159,3.573389e-03,5,5,4.5,f,-2.5,+1,4,4,4.5,e,-1.5,+1
sigma+,pi,107,78,-72811.424159,6.125814e-03,5,5,4.5,f,-3.5,+1,4,4,4.5,e,-2.5,+1
sigma+,pi,106,77,-72811.424159,6.125819e-03,5,5,4.5,f,-4.5,+1,4,4,4.5,e,-3.5,+1
sigma+,pi,128,76,-72807.846709,1.681674e-01,5,5,5.5,f,-5.5,+1,4,4,4.5,e,-4.5,+1
sigma+,pi,129,77,-72807.846708,4.246656e-02,5,5,5.5,f,-4.5,+1,4,4,4.5,e,-3.5,+1
sigma+,pi,130,78,-72807.846706,1.358938e-03,5,5,5.5,f,-3.5,+1,4,4,4.5,e,-2.5,+1
sigma+,pi,131,79,-72807.846705,9.512479e-03,5,5,5.5,f,-2.5,+1,4,4,4.5,e,-1.5,+1
sigma+,pi,132,80,-72807.846704,3.884268e-02,5,5,5.5,f,-1.5,+1,4,4,4.5,e,-0.5,+1
sigma+,pi,133,81,-72807.846702,6.851264e-02,5,5,5.5,f,-0.5,+1,4,4,4.5,e,+0.5,+1
sigma+,pi,134,82,-72807.846701,8.493305e-02,5,5,5.5,f,+0.5,+1,4,4,4.5,e,+1.5,+1
sigma+,pi,135,83,-72807.846700,8.176224e-02,5,5,5.5,f,+1.5,+1,4,4,4.5,e,+2.5,+1
sigma+,pi,136,84,-72807.846698,5.990614e-02,5,5,5.5,f,+2.5,+1,4,4,4.5,e,+3.5,+1
sigma+,pi,137,85,-72807.846697,2.751833e-02,5,5,5.5,f,+3.5,+1,4,4,4.5,e,+4.5,+1
sigma+,pi,106,60,-72806.988706,1.497919e-01,5,5,4.5,f,-4.5,+1,4,4,3.5,e,-3.5,+1
sigma+,pi,107,61,-72806.988704,2.139882e-02,5,5,4.5,f,-3.5,+1,4,4,3.5,e,-2.5,+1
sigma+,pi,108,62,-72806.988703,1.783248e-03,5,5,4.5,f,-2.5,+1,4,4,3.5,e,-1.5,+1
sigma+,pi,109,63,-72806.988701,3.184356e-02,5,5,4.5,f,-1.5,+1,4,4,3.5,e,-0.5,+1
sigma+,pi,110,64,-72806.988699,6.878205e-02,5,5,4.5,f,-0.5,+1,4,4,3.5,e,+0.5,+1
sigma+,pi,111,65,-72806.988697,8.610491e-02,5,5,4.5,f,+0.5,+1,4,4,3.5,e,+1.5,+1
sigma+,pi,112,66,-72806.988695,7.362223e-02,5,5,4.5,f,+1.5,+1,4,4,3.5,e,+2.5,+1
sigma+,pi,113,67,-72806.988693,3.744798e-02,5,5,4.5,f,+2.5,+1,4,4,3.5,e,+3.5,+1
sigma+,pi,129,60,-72803.411255,3.401652e-03,5,5,5.5,f,-4.5,+1,4,4,3.5,e,-3.5,+1
sigma+,pi,130,61,-72803.411251,4.762308e-03,5,5,5.5,f,-3.5,+1,4,4,3.5,e,-2.5,+1
sigma+,pi,131,62,-72803.411248,4.762304e-03,5,5,5.5,f,-2.5,+1,4,4,3.5,e,-1.5,+1
sigma+,pi,132,63,-72803.411245,3.968583e-03,5,5,5.5,f,-1.5,+1,4,4,3.5,e,-0.5,+1
sigma+,pi,133,64,-72803.411241,2.834700e-03,5,5,5.5,f,-0.5,+1,4,4,3.5,e,+0.5,+1
sigma+,pi,134,65,-72803.411238,1.700818e-03,5,5,5.5,f,+0.5,+1,4,4,3.5,e,+1.5,+1
sigma+,pi,135,66,-72803.411235,7.937146e-04,5,5,5.5,f,+1.5,+1,4,4,3.5,e,+2.5,+1
sigma+,pi,136,67,-72803.411232,2.267754e-04,5,5,5.5,f,+2.5,+1,4,4,3.5,e,+3.5,+1
sigma+,pi,38,8,-72764.334090,1.621338e-02,3,3,2.5,f,-2.5,+1,1,1,1.5,f,-1.5,+1
sigma+,pi,39,9,-72764.334077,1.080897e-03,3,3,2.5,f,-1.5,+1,1,1,1.5,f,-0.5,+1
sigma+,pi,40,10,-72764.334065,1.351112e-02,3,3,2.5,f,-0.5,+1,1,1,1.5,f,+0.5,+1
sigma+,pi,41,11,-72764.334052,1.459196e-02,3,3,2.5,f,+0.5,+1,1,1,1.5,f,+1.5,+1
sigma+,pi,53,8,-72758.537914,9.710797e-02,3,3,3.5,f,-2.5,+1,1,1,1.5,f,-1.5,+1
sigma+,pi,54,9,-72758.537898,9.710804e-02,3,3,3.5,f,-1.5,+1,1,1,1.5,f,-0.5,+1
sigma+,pi,55,10,-72758.537882,5.826486e-02,3,3,3.5,f,-0.5,+1,1,1,1.5,f,+0.5,+1
sigma+,pi,56,11,-72758.537867,1.942163e-02,3,3,3.5,f,+0.5,+1,1,1,1.5,f,+1.5,+1
sigma+,pi,39,2,-72749.286486,1.057729e-01,3,3,2.5,f,-1.5,+1,1,1,0.5,f,-0.5,+1
sigma+,pi,40,3,-72749.286449,5.288640e-02,3,3,2.5,f,-0.5,+1,1,1,0.5,f,+0.5,+1
sigma+,pi,32,4,-72737.884089,2.847994e-03,3,3,2.5,e,-2.5,-1,1,1,1.5,e,-1.5,-1
sigma+,pi,33,5,-72737.884077,1.898669e-04,3,3,2.5,e,-1.5,-1,1,1,1.5,e,-0.5,-1
sigma+,pi,34,6,-72737.884065,2.373322e-03,3,3,2.5,e,-0.5,-1,1,1,1.5,e,+0.5,-1
sigma+,pi,35,7,-72737.884052,2.563180e-03,3,3,2.5,e,+0.5,-1,1,1,1.5,e,+1.5,-1
sigma+,pi,45,4,-72732.087914,1.715231e-02,3,3,3.5,e,-2.5,-1,1,1,1.5,e,-1.5,-1
sigma+,pi,46,5,-72732.087898,1.715232e-02,3,3,3.5,e,-1.5,-1,1,1,1.5,e,-0.5,-1
sigma+,pi,47,6,-72732.087882,1.029140e-02,3,3,3.5,e,-0.5,-1,1,1,1.5,e,+0.5,-1
sigma+,pi,48,7,-72732.087867,3.430469e-03,3,3,3.5,e,+0.5,-1,1,1,1.5,e,+1.5,-1
sigma+,pi,33,0,-72722.836488,1.869334e-02,3,3,2.5,e,-1.5,-1,1,1,0.5,e,-0.5,-1
sigma+,pi,34,1,-72722.836450,9.346664e-03,3,3,2.5,e,-0.5,-1,1,1,0.5,e,+0.5,-1
sigma+,pi,104,95,-72679.174169,7.206251e-04,5,5,4.5,e,+3.5,-1,4,4,4.5,f,+4.5,-1
sigma+,pi,103,94,-72679.174168,7.206254e-04,5,5,4.5,e,+2.5,-1,4,4,4.5,f,+3.5,-1
sigma+,pi,102,93,-72679.174167,4.203649e-04,5,5,4.5,e,+1.5,-1,4,4,4.5,f,+2.5,-1
sigma+,pi,101,92,-72679.174165,1.201042e-04,5,5,4.5,e,+0.5,-1,4,4,4.5,f,+1.5,-1
sigma+,pi,99,90,-72679.174163,1.201049e-04,5,5,4.5,e,-1.5,-1,4,4,4.5,f,-0.5,-1
sigma+,pi,98,89,-72679.174162,4.203670e-04,5,5,4.5,e,-2.5,-1,4,4,4.5,f,-1.5,-1
sigma+,pi,97,88,-72679.174161,7.206292e-04,5,5,4.5,e,-3.5,-1,4,4,4.5,f,-2.5,-1
sigma+,pi,96,87,-72679.174160,7.206295e-04,5,5,4.5,e,-4.5,-1,4,4,4.5,f,-3.5,-1
sigma+,pi,116,86,-72675.596709,1.970454e-02,5,5,5.5,e,-5.5,-1,4,4,4.5,f,-4.5,-1
sigma+,pi,117,87,-72675.596708,4.975899e-03,5,5,5.5,e,-4.5,-1,4,4,4.5,f,-3.5,-1
sigma+,pi,118,88,-72675.596708,1.592297e-04,5,5,5.5,e,-3.5,-1,4,4,4.5,f,-2.5,-1
sigma+,pi,119,89,-72675.596708,1.114598e-03,5,5,5.5,e,-2.5,-1,4,4,4.5,f,-1.5,-1
sigma+,pi,120,90,-72675.596707,4.551281e-03,5,5,5.5,e,-1.5,-1,4,4,4.5,f,-0.5,-1
sigma+,pi,121,91,-72675.596707,8.027774e-03,5,5,5.5,e,-0.5,-1,4,4,4.5,f,+0.5,-1
sigma+,pi,122,92,-72675.596707,9.951790e-03,5,5,5.5,e,+0.5,-1,4,4,4.5,f,+1.5,-1
sigma+,pi,123,93,-72675.596707,9.580259e-03,5,5,5.5,e,+1.5,-1,4,4,4.5,f,+2.5,-1
sigma+,pi,124,94,-72675.596706,7.019333e-03,5,5,5.5,e,+2.5,-1,4,4,4.5,f,+3.5,-1
sigma+,pi,125,95,-72675.596706,3.224383e-03,5,5,5.5,e,+3.5,-1,4,4,4.5,f,+4.5,-1
sigma+,pi,96,68,-72674.738706,1.756282e-02,5,5,4.5,e,-4.5,-1,4,4,3.5,f,-3.5,-1
sigma+,pi,97,69,-72674.738705,2.508971e-03,5,5,4.5,e,-3.5,-1,4,4,3.5,f,-2.5,-1
sigma+,pi,98,70,-72674.738705,2.090825e-04,5,5,4.5,e,-2.5,-1,4,4,3.5,f,-1.5,-1
sigma+,pi,99,71,-72674.738704,3.733598e-03,5,5,4.5,e,-1.5,-1,4,4,3.5,f,-0.5,-1
sigma+,pi,100,72,-72674.738703,8.064567e-03,5,5,4.5,e,-0.5,-1,4,4,3.5,f,+0.5,-1
sigma+,pi,101,73,-72674.738703,1.009564e-02,5,5,4.5,e,+0.5,-1,4,4,3.5,f,+1.5,-1
sigma+,pi,102,74,-72674.738702,8.632069e-03,5,5,4.5,e,+1.5,-1,4,4,3.5,f,+2.5,-1
sigma+,pi,103,75,-72674.738701,4.390706e-03,5,5,4.5,e,+2.5,-1,4,4,3.5,f,+3.5,-1
sigma+,pi,117,68,-72671.161255,3.987994e-04,5,5,5.5,e,-4.5,-1,4,4,3.5,f,-3.5,-1
sigma+,pi,118,69,-72671.161253,5.583184e-04,5,5,5.5,e,-3.5,-1,4,4,3.5,f,-2.5,-1
sigma+,pi,119,70,-72671.161251,5.583176e-04,5,5,5.5,e,-2.5,-1,4,4,3.5,f,-1.5,-1
sigma+,pi,120,71,-72671.161248,4.652640e-04,5,5,5.5,e,-1.5,-1,4,4,3.5,f,-0.5,-1
sigma+,pi,121,72,-72671.161246,3.323309e-04,5,5,5.5,e,-0.5,-1,4,4,3.5,f,+0.5,-1
sigma+,pi,122,73,-72671.161244,1.993983e-04,5,5,5.5,e,+0.5,-1,4,4,3.5,f,+1.5,-1
sigma+,pi,123,74,-72671.161242,9.305239e-05,5,5,5.5,e,+1.5,-1,4,4,3.5,f,+2.5,-1
sigma+,pi,124,75,-72671.161240,2.658636e-05,5,5,5.5,e,+2.5,-1,4,4,3.5,f,+3.5,-1
sigma+,pi,68,45,-58240.930615,1.239884e-02,4,4,3.5,f,-3.5,-1,3,3,3.5,e,-2.5,-1
sigma+,pi,69,46,-58240.930615,9.446727e-03,4,4,3.5,f,-2.5,-1,3,3,3.5,e,-1.5,-1
sigma+,pi,70,47,-58240.930614,2.952099e-03,4,4,3.5,f,-1.5,-1,3,3,3.5,e,-0.5,-1
sigma+,pi,72,49,-58240.930614,2.952094e-03,4,4,3.5,f,+0.5,-1,3,3,3.5,e,+1.5,-1
sigma+,pi,73,50,-58240.930614,9.446691e-03,4,4,3.5,f,+1.5,-1,3,3,3.5,e,+2.5,-1
sigma+,pi,74,51,-58240.930614,1.239877e-02,4,4,3.5,f,+2.5,-1,3,3,3.5,e,+3.5,-1
sigma+,pi,86,44,-58236.495163,1.733171e-01,4,4,4.5,f,-4.5,-1,3,3,3.5,e,-3.5,-1
sigma+,pi,87,45,-58236.495161,2.475963e-02,4,4,4.5,f,-3.5,-1,3,3,3.5,e,-2.5,-1
sigma+,pi,88,46,-58236.495159,2.063285e-03,4,4,4.5,f,-2.5,-1,3,3,3.5,e,-1.5,-1
sigma+,pi,89,47,-58236.495157,3.684458e-02,4,4,4.5,f,-1.5,-1,3,3,3.5,e,-0.5,-1
sigma+,pi,90,48,-58236.495155,7.958437e-02,4,4,4.5,f,-0.5,-1,3,3,3.5,e,+0.5,-1
sigma+,pi,91,49,-58236.495153,9.962789e-02,4,4,4.5,f,+0.5,-1,3,3,3.5,e,+1.5,-1
sigma+,pi,92,50,-58236.495151,8.518483e-02,4,4,4.5,f,+1.5,-1,3,3,3.5,e,+2.5,-1
sigma+,pi,93,51,-58236.495149,4.332932e-02,4,4,4.5,f,+2.5,-1,3,3,3.5,e,+3.5,-1
sigma+,pi,68,32,-58235.134439,1.432428e-01,4,4,3.5,f,-3.5,-1,3,3,2.5,e,-2.5,-1
sigma+,pi,69,33,-58235.134436,4.092634e-03,4,4,3.5,f,-2.5,-1,3,3,2.5,e,-1.5,-1
sigma+,pi,70,34,-58235.134432,2.455597e-02,4,4,3.5,f,-1.5,-1,3,3,2.5,e,-0.5,-1
sigma+,pi,71,35,-58235.134429,8.021607e-02,4,4,3.5,f,-0.5,-1,3,3,2.5,e,+0.5,-1
sigma+,pi,72,36,-58235.134426,9.904224e-02,4,4,3.5,f,+0.5,-1,3,3,2.5,e,+1.5,-1
sigma+,pi,73,37,-58235.134422,6.138980e-02,4,4,3.5,f,+1.5,-1,3,3,2.5,e,+2.5,-1
sigma+,pi,87,32,-58230.698986,7.344931e-03,4,4,4.5,f,-3.5,-1,3,3,2.5,e,-2.5,-1
sigma+,pi,88,33,-58230.698980,9.181156e-03,4,4,4.5,f,-2.5,-1,3,3,2.5,e,-1.5,-1
sigma+,pi,89,34,-58230.698975,7.869555e-03,4,4,4.5,f,-1.5,-1,3,3,2.5,e,-0.5,-1
sigma+,pi,90,35,-58230.698970,5.246365e-03,4,4,4.5,f,-0.5,-1,3,3,2.5,e,+0.5,-1
sigma+,pi,91,36,-58230.698965,2.623180e-03,4,4,4.5,f,+0.5,-1,3,3,2.5,e,+1.5,-1
sigma+,pi,92,37,-58230.698960,7.869533e-04,4,4,4.5,f,+1.5,-1,3,3,2.5,e,+2.5,-1
sigma+,pi,66,59,-58156.290622,7.204870e-04,4,4,3.5,e,+2.5,+1,3,3,3.5,f,+3.5,+1
sigma+,pi,65,58,-58156.290621,5.489428e-04,4,4,3.5,e,+1.5,+1,3,3,3.5,f,+2.5,+1
sigma+,pi,64,57,-58156.290620,1.715447e-04,4,4,3.5,e,+0.5,+1,3,3,3.5,f,+1.5,+1
sigma+,pi,62,55,-58156.290618,1.715453e-04,4,4,3.5,e,-1.5,+1,3,3,3.5,f,-0.5,+1
sigma+,pi,61,54,-58156.290617,5.489452e-04,4,4,3.5,e,-2.5,+1,3,3,3.5,f,-1.5,+1
sigma+,pi,60,53,-58156.290616,7.204911e-04,4,4,3.5,e,-3.5,+1,3,3,3.5,f,-2.5,+1
sigma+,pi,76,52,-58151.855164,1.000917e-02,4,4,4.5,e,-4.5,+1,3,3,3.5,f,-3.5,+1
sigma+,pi,77,53,-58151.855163,1.429883e-03,4,4,4.5,e,-3.5,+1,3,3,3.5,f,-2.5,+1
sigma+,pi,78,54,-58151.855162,1.191559e-04,4,4,4.5,e,-2.5,+1,3,3,3.5,f,-1.5,+1
sigma+,pi,79,55,-58151.855161,2.127796e-03,4,4,4.5,e,-1.5,+1,3,3,3.5,f,-0.5,+1
sigma+,pi,80,56,-58151.855160,4.596043e-03,4,4,4.5,e,-0.5,+1,3,3,3.5,f,+0.5,+1
sigma+,pi,81,57,-58151.855159,5.753568e-03,4,4,4.5,e,+0.5,+1,3,3,3.5,f,+1.5,+1
sigma+,pi,82,58,-58151.855158,4.919473e-03,4,4,4.5,e,+1.5,+1,3,3,3.5,f,+2.5,+1
sigma+,pi,83,59,-58151.855157,2.502294e-03,4,4,4.5,e,+2.5,+1,3,3,3.5,f,+3.5,+1
sigma+,pi,60,38,-58150.494440,8.281860e-03,4,4,3.5,e,-3.5,+1,3,3,2.5,f,-2.5,+1
sigma+,pi,61,39,-58150.494438,2.366235e-04,4,4,3.5,e,-2.5,+1,3,3,2.5,f,-1.5,+1
sigma+,pi,62,40,-58150.494436,1.419751e-03,4,4,3.5,e,-1.5,+1,3,3,2.5,f,-0.5,+1
sigma+,pi,63,41,-58150.494434,4.637847e-03,4,4,3.5,e,-0.5,+1,3,3,2.5,f,+0.5,+1
sigma+,pi,64,42,-58150.494432,5.726319e-03,4,4,3.5,e,+0.5,+1,3,3,2.5,f,+1.5,+1
sigma+,pi,65,43,-58150.494430,3.549370e-03,4,4,3.5,e,+1.5,+1,3,3,2.5,f,+2.5,+1
sigma+,pi,77,38,-58146.058987,4.246608e-04,4,4,4.5,e,-3.5,+1,3,3,2.5,f,-2.5,+1
sigma+,pi,78,39,-58146.058983,5.308252e-04,4,4,4.5,e,-2.5,+1,3,3,2.5,f,-1.5,+1
sigma+,pi,79,40,-58146.058979,4.549924e-04,4,4,4.5,e,-1.5,+1,3,3,2.5,f,-0.5,+1
sigma+,pi,80,41,-58146.058975,3.033279e-04,4,4,4.5,e,-0.5,+1,3,3,2.5,f,+0.5,+1
sigma+,pi,81,42,-58146.058971,1.516637e-04,4,4,4.5,e,+0.5,+1,3,3,2.5,f,+1.5,+1
sigma+,pi,82,43,-58146.058967,4.549905e-05,4,4,4.5,e,+1.5,+1,3,3,2.5,f,+2.5,+1
sigma+,pi,38,21,-43676.023229,3.033985e-02,3,3,2.5,f,-2.5,+1,2,2,2.5,e,-1.5,+1
sigma+,pi,39,22,-43676.023228,1.213592e-02,3,3,2.5,f,-1.5,+1,2,2,2.5,e,-0.5,+1
sigma+,pi,41,24,-43676.023226,1.213590e-02,3,3,2.5,f,+0.5,+1,2,2,2.5,e,+1.5,+1
sigma+,pi,42,25,-43676.023224,3.033969e-02,3,3,2.5,f,+1.5,+1,2,2,2.5,e,+2.5,+1
sigma+,pi,52,20,-43670.227057,1.767665e-01,3,3,3.5,f,-3.5,+1,2,2,2.5,e,-2.5,+1
sigma+,pi,53,21,-43670.227053,5.050504e-03,3,3,3.5,f,-2.5,+1,2,2,2.5,e,-1.5,+1
sigma+,pi,54,22,-43670.227048,3.030276e-02,3,3,3.5,f,-1.5,+1,2,2,2.5,e,-0.5,+1
sigma+,pi,55,23,-43670.227044,9.898919e-02,3,3,3.5,f,-0.5,+1,2,2,2.5,e,+0.5,+1
sigma+,pi,56,24,-43670.227040,1.222215e-01,3,3,3.5,f,+0.5,+1,2,2,2.5,e,+1.5,+1
sigma+,pi,57,25,-43670.227036,7.575716e-02,3,3,3.5,f,+1.5,+1,2,2,2.5,e,+2.5,+1
sigma+,pi,38,12,-43667.693580,1.211565e-01,3,3,2.5,f,-2.5,+1,2,2,1.5,e,-1.5,+1
sigma+,pi,39,13,-43667.693572,8.077150e-03,3,3,2.5,f,-1.5,+1,2,2,1.5,e,-0.5,+1
sigma+,pi,40,14,-43667.693564,1.009639e-01,3,3,2.5,f,-0.5,+1,2,2,1.5,e,+0.5,+1
sigma+,pi,41,15,-43667.693557,1.090410e-01,3,3,2.5,f,+0.5,+1,2,2,1.5,e,+1.5,+1
sigma+,pi,53,12,-43661.897403,2.022158e-02,3,3,3.5,f,-2.5,+1,2,2,1.5,e,-1.5,+1
sigma+,pi,54,13,-43661.897393,2.022156e-02,3,3,3.5,f,-1.5,+1,2,2,1.5,e,-0.5,+1
sigma+,pi,55,14,-43661.897382,1.213293e-02,3,3,3.5,f,-0.5,+1,2,2,1.5,e,+0.5,+1
sigma+,pi,56,15,-43661.897371,4.044305e-03,3,3,3.5,f,+0.5,+1,2,2,1.5,e,+1.5,+1
sigma+,pi,32,27,-43628.413231,3.138275e-04,3,3,2.5,e,-2.5,-1,2,2,2.5,f,-1.5,-1
sigma+,pi,33,28,-43628.413231,1.255308e-04,3,3,2.5,e,-1.5,-1,2,2,2.5,f,-0.5,-1
sigma+,pi,35,30,-43628.413231,1.255305e-04,3,3,2.5,e,+0.5,-1,2,2,2.5,f,+1.5,-1
sigma+,pi,36,31,-43628.413231,3.138258e-04,3,3,2.5,e,+1.5,-1,2,2,2.5,f,+2.5,-1
sigma+,pi,44,26,-43622.617058,1.799069e-03,3,3,3.5,e,-3.5,-1,2,2,2.5,f,-2.5,-1
sigma+,pi,45,27,-43622.617055,5.140229e-05,3,3,3.5,e,-2.5,-1,2,2,2.5,f,-1.5,-1
sigma+,pi,46,28,-43622.617052,3.084110e-04,3,3,3.5,e,-1.5,-1,2,2,2.5,f,-0.5,-1
sigma+,pi,47,29,-43622.617049,1.007478e-03,3,3,3.5,e,-0.5,-1,2,2,2.5,f,+0.5,-1
sigma+,pi,48,30,-43622.617046,1.243928e-03,3,3,3.5,e,+0.5,-1,2,2,2.5,f,+1.5,-1
sigma+,pi,49,31,-43622.617043,7.710303e-04,3,3,3.5,e,+1.5,-1,2,2,2.5,f,+2.5,-1
sigma+,pi,32,16,-43620.083581,1.236881e-03,3,3,2.5,e,-2.5,-1,2,2,1.5,f,-1.5,-1
sigma+,pi,33,17,-43620.083575,8.245928e-05,3,3,2.5,e,-1.5,-1,2,2,1.5,f,-0.5,-1
sigma+,pi,34,18,-43620.083569,1.030736e-03,3,3,2.5,e,-0.5,-1,2,2,1.5,f,+0.5,-1
sigma+,pi,35,19,-43620.083562,1.113194e-03,3,3,2.5,e,+0.5,-1,2,2,1.5,f,+1.5,-1
sigma+,pi,45,16,-43614.287405,2.067129e-04,3,3,3.5,e,-2.5,-1,2,2,1.5,f,-1.5,-1
sigma+,pi,46,17,-43614.287396,2.067126e-04,3,3,3.5,e,-1.5,-1,2,2,1.5,f,-0.5,-1
sigma+,pi,47,18,-43614.287386,1.240274e-04,3,3,3.5,e,-0.5,-1,2,2,1.5,f,+0.5,-1
sigma+,pi,48,19,-43614.287377,4.134241e-05,3,3,3.5,e,+0.5,-1,2,2,1.5,f,+1.5,-1
sigma+,pi,16,5,-29117.800487,9.904451e-02,2,2,1.5,f,-1.5,-1,1,1,1.5,e,-0.5,-1
sigma+,pi,18,7,-29117.800475,9.904407e-02,2,2,1.5,f,+0.5,-1,1,1,1.5,e,+1.5,-1
sigma+,pi,26,4,-29109.470850,1.649729e-01,2,2,2.5,f,-2.5,-1,1,1,1.5,e,-1.5,-1
sigma+,pi,27,5,-29109.470837,1.099807e-02,2,2,2.5,f,-1.5,-1,1,1,1.5,e,-0.5,-1
sigma+,pi,28,6,-29109.470825,1.374773e-01,2,2,2.5,f,-0.5,-1,1,1,1.5,e,+0.5,-1
sigma+,pi,29,7,-29109.470812,1.484759e-01,2,2,2.5,f,+0.5,-1,1,1,1.5,e,+1.5,-1
sigma+,pi,16,0,-29102.752898,4.948100e-02,2,2,1.5,f,-1.5,-1,1,1,0.5,e,-0.5,-1
sigma+,pi,17,1,-29102.752867,1.484439e-01,2,2,1.5,f,-0.5,-1,1,1,0.5,e,+0.5,-1
sigma+,pi,12,9,-29096.640490,9.971314e-04,2,2,1.5,e,-1.5,+1,1,1,1.5,f,-0.5,+1
sigma+,pi,14,11,-29096.640480,9.971268e-04,2,2,1.5,e,+0.5,+1,1,1,1.5,f,+1.5,+1
sigma+,pi,27,0,-29094.423248,8.797349e-02,2,2,2.5,f,-1.5,-1,1,1,0.5,e,-0.5,-1
sigma+,pi,28,1,-29094.423211,4.398669e-02,2,2,2.5,f,-0.5,-1,1,1,0.5,e,+0.5,-1
sigma+,pi,20,8,-29088.310852,1.690634e-03,2,2,2.5,e,-2.5,+1,1,1,1.5,f,-1.5,+1
sigma+,pi,21,9,-29088.310841,1.127077e-04,2,2,2.5,e,-1.5,+1,1,1,1.5,f,-0.5,+1
sigma+,pi,22,10,-29088.310829,1.408860e-03,2,2,2.5,e,-0.5,+1,1,1,1.5,f,+0.5,+1
sigma+,pi,23,11,-29088.310817,1.521573e-03,2,2,2.5,e,+0.5,+1,1,1,1.5,f,+1.5,+1
sigma+,pi,12,2,-29081.592899,5.083847e-04,2,2,1.5,e,-1.5,+1,1,1,0.5,f,-0.5,+1
sigma+,pi,13,3,-29081.592869,1.525164e-03,2,2,1.5,e,-0.5,+1,1,1,0.5,f,+0.5,+1
sigma+,pi,21,2,-29073.263249,8.937384e-04,2,2,2.5,e,-1.5,+1,1,1,0.5,f,-0.5,+1
sigma+,pi,22,3,-29073.263213,4.468686e-04,2,2,2.5,e,-0.5,+1,1,1,0.5,f,+0.5,+1
sigma+,pi,3,11,-15.047595,5.949142e-02,1,1,0.5,f,+0.5,+1,1,1,1.5,f,+1.5,+1
sigma+,pi,1,7,-15.047593,1.051870e-02,1,1,0.5,e,+0.5,-1,1,1,1.5,e,+1.5,-1
sigma+,pi,2,10,-15.047570,1.784748e-01,1,1,0.5,f,-0.5,+1,1,1,1.5,f,+0.5,+1
sigma+,pi,0,6,-15.047568,3.155621e-02,1,1,0.5,e,-0.5,-1,1,1,1.5,e,+0.5,-1
sigma+,pi,19,31,-8.329660,6.452391e-03,2,2,1.5,f,+1.5,-1,2,2,2.5,f,+2.5,-1
sigma+,pi,15,25,-8.329660,3.644947e-02,2,2,1.5,e,+1.5,+1,2,2,2.5,e,+2.5,+1
sigma+,pi,18,30,-8.329654,4.301600e-04,2,2,1.5,f,+0.5,-1,2,2,2.5,f,+1.5,-1
sigma+,pi,14,24,-8.329653,2.429969e-03,2,2,1.5,e,+0.5,+1,2,2,2.5,e,+1.5,+1
sigma+,pi,17,29,-8.329648,5.377009e-03,2,2,1.5,f,-0.5,-1,2,2,2.5,f,+0.5,-1
sigma+,pi,13,23,-8.329647,3.037466e-02,2,2,1.5,e,-0.5,+1,2,2,2.5,e,+0.5,+1
sigma+,pi,16,28,-8.329641,5.807178e-03,2,2,1.5,f,-1.5,-1,2,2,2.5,f,-0.5,-1
sigma+,pi,12,22,-8.329640,3.280468e-02,2,2,1.5,e,-1.5,+1,2,2,2.5,e,-0.5,+1
sigma+,pi,43,59,-5.796186,1.797761e-03,3,3,2.5,f,+2.5,+1,3,3,3.5,f,+3.5,+1
sigma+,pi,37,51,-5.796186,3.097474e-02,3,3,2.5,e,+2.5,-1,3,3,3.5,e,+3.5,-1
sigma+,pi,42,58,-5.796183,5.136464e-05,3,3,2.5,f,+1.5,+1,3,3,3.5,f,+2.5,+1
sigma+,pi,36,50,-5.796183,8.849936e-04,3,3,2.5,e,+1.5,-1,3,3,3.5,e,+2.5,-1
sigma+,pi,41,57,-5.796180,3.081882e-04,3,3,2.5,f,+0.5,+1,3,3,3.5,f,+1.5,+1
sigma+,pi,35,49,-5.796180,5.309967e-03,3,3,2.5,e,+0.5,-1,3,3,3.5,e,+1.5,-1
sigma+,pi,40,56,-5.796177,1.006749e-03,3,3,2.5,f,-0.5,+1,3,3,3.5,f,+0.5,+1
sigma+,pi,34,48,-5.796177,1.734591e-02,3,3,2.5,e,-0.5,-1,3,3,3.5,e,+0.5,-1
sigma+,pi,39,55,-5.796174,1.243028e-03,3,3,2.5,f,-1.5,+1,3,3,3.5,f,-0.5,+1
sigma+,pi,33,47,-5.796173,2.141691e-02,3,3,2.5,e,-1.5,-1,3,3,3.5,e,-0.5,-1
sigma+,pi,38,54,-5.796171,7.704728e-04,3,3,2.5,f,-2.5,+1,3,3,3.5,f,-1.5,+1
sigma+,pi,32,46,-5.796170,1.327496e-02,3,3,2.5,e,-2.5,-1,3,3,3.5,e,-1.5,-1
sigma+,pi,75,95,-4.435463,7.786131e-04,4,4,3.5,f,+3.5,-1,4,4,4.5,f,+4.5,-1
sigma+,pi,67,85,-4.435463,2.373782e-02,4,4,3.5,e,+3.5,+1,4,4,4.5,e,+4.5,+1
sigma+,pi,74,94,-4.435461,1.112305e-04,4,4,3.5,f,+2.5,-1,4,4,4.5,f,+3.5,-1
sigma+,pi,66,84,-4.435461,3.391120e-03,4,4,3.5,e,+2.5,+1,4,4,4.5,e,+3.5,+1
sigma+,pi,73,93,-4.435459,9.269218e-06,4,4,3.5,f,+1.5,-1,4,4,4.5,f,+2.5,-1
sigma+,pi,65,83,-4.435459,2.825936e-04,4,4,3.5,e,+1.5,+1,4,4,4.5,e,+2.5,+1
sigma+,pi,72,92,-4.435457,1.655219e-04,4,4,3.5,f,+0.5,-1,4,4,4.5,f,+1.5,-1
sigma+,pi,64,82,-4.435457,5.046318e-03,4,4,3.5,e,+0.5,+1,4,4,4.5,e,+1.5,+1
sigma+,pi,71,91,-4.435456,3.575276e-04,4,4,3.5,f,-0.5,-1,4,4,4.5,f,+0.5,-1
sigma+,pi,63,81,-4.435455,1.090006e-02,4,4,3.5,e,-0.5,+1,4,4,4.5,e,+0.5,+1
sigma+,pi,70,90,-4.435454,4.475720e-04,4,4,3.5,f,-1.5,-1,4,4,4.5,f,-0.5,-1
sigma+,pi,62,80,-4.435453,1.364527e-02,4,4,3.5,e,-1.5,+1,4,4,4.5,e,-0.5,+1
sigma+,pi,69,89,-4.435452,3.826876e-04,4,4,3.5,f,-2.5,-1,4,4,4.5,f,-1.5,-1
sigma+,pi,61,79,-4.435451,1.166712e-02,4,4,3.5,e,-2.5,+1,4,4,4.5,e,-1.5,+1
sigma+,pi,68,88,-4.435450,1.946544e-04,4,4,3.5,f,-3.5,-1,4,4,4.5,f,-2.5,-1
sigma+,pi,60,78,-4.435449,5.934492e-03,4,4,3.5,e,-3.5,+1,4,4,4.5,e,-2.5,+1
sigma+,pi,115,139,-3.577461,4.285255e-04,5,5,4.5,f,+4.5,+1,5,5,5.5,f,+5.5,+1
sigma+,pi,105,127,-3.577461,1.823055e-02,5,5,4.5,e,+4.5,-1,5,5,5.5,e,+5.5,-1
sigma+,pi,114,138,-3.577460,1.082136e-04,5,5,4.5,f,+3.5,+1,5,5,5.5,f,+4.5,+1
sigma+,pi,104,126,-3.577460,4.603679e-03,5,5,4.5,e,+3.5,-1,5,5,5.5,e,+4.5,-1
sigma+,pi,113,137,-3.577459,3.462837e-06,5,5,4.5,f,+2.5,+1,5,5,5.5,f,+3.5,+1
sigma+,pi,103,125,-3.577458,1.473178e-04,5,5,4.5,e,+2.5,-1,5,5,5.5,e,+3.5,-1
sigma+,pi,112,136,-3.577457,2.423988e-05,5,5,4.5,f,+1.5,+1,5,5,5.5,f,+2.5,+1
sigma+,pi,102,124,-3.577457,1.031226e-03,5,5,4.5,e,+1.5,-1,5,5,5.5,e,+2.5,-1
sigma+,pi,111,135,-3.577456,9.897957e-05,5,5,4.5,f,+0.5,+1,5,5,5.5,f,+1.5,+1
sigma+,pi,101,123,-3.577455,4.210841e-03,5,5,4.5,e,+0.5,-1,5,5,5.5,e,+1.5,-1
sigma+,pi,110,134,-3.577455,1.745851e-04,5,5,4.5,f,-0.5,+1,5,5,5.5,f,+0.5,+1
sigma+,pi,100,122,-3.577454,7.427292e-03,5,5,4.5,e,-0.5,-1,5,5,5.5,e,+0.5,-1
sigma+,pi,109,133,-3.577453,2.164280e-04,5,5,4.5,f,-1.5,+1,5,5,5.5,f,-0.5,+1
sigma+,pi,99,121,-3.577453,9.207394e-03,5,5,4.5,e,-1.5,-1,5,5,5.5,e,-0.5,-1
sigma+,pi,108,132,-3.577452,2.083481e-04,5,5,4.5,f,-2.5,+1,5,5,5.5,f,-1.5,+1
sigma+,pi,98,120,-3.577451,8.863658e-03,5,5,4.5,e,-2.5,-1,5,5,5.5,e,-1.5,-1
sigma+,pi,107,131,-3.577451,1.526541e-04,5,5,4.5,f,-3.5,+1,5,5,5.5,f,-2.5,+1
sigma+,pi,97,119,-3.577450,6.494292e-03,5,5,4.5,e,-3.5,-1,5,5,5.5,e,-2.5,-1
sigma+,pi,106,130,-3.577449,7.012281e-05,5,5,4.5,f,-4.5,+1,5,5,5.5,f,-3.5,+1
sigma+,pi,96,118,-3.577448,2.983203e-03,5,5,4.5,e,-4.5,-1,5,5,5.5,e,-3.5,-1
sigma+,pi,135,136,0.000003,1.980017e-03,5,5,5.5,f,+1.5,+1,5,5,5.5,f,+2.5,+1
sigma+,pi,137,138,0.000003,4.950046e-03,5,5,5.5,f,+3.5,+1,5,5,5.5,f,+4.5,+1
sigma+,pi,130,131,0.000003,3.758942e-03,5,5,5.5,f,-3.5,+1,5,5,5.5,f,-2.5,+1
sigma+,pi,132,133,0.000003,5.414124e-04,5,5,5.5,f,-1.5,+1,5,5,5.5,f,-0.5,+1
sigma+,pi,128,129,0.000003,4.253944e-03,5,5,5.5,f,-5.5,+1,5,5,5.5,f,-4.5,+1
sigma+,pi,131,132,0.000003,1.980020e-03,5,5,5.5,f,-2.5,+1,5,5,5.5,f,-1.5,+1
sigma+,pi,138,139,0.000003,4.253947e-03,5,5,5.5,f,+4.5,+1,5,5,5.5,f,+5.5,+1
sigma+,pi,129,130,0.000003,4.950045e-03,5,5,5.5,f,-4.5,+1,5,5,5.5,f,-3.5,+1
sigma+,pi,136,137,0.000003,3.758940e-03,5,5,5.5,f,+2.5,+1,5,5,5.5,f,+3.5,+1
sigma+,pi,134,135,0.000003,5.414101e-04,5,5,5.5,f,+0.5,+1,5,5,5.5,f,+1.5,+1
sigma+,pi,120,121,0.000003,2.317954e-02,5,5,5.5,e,-1.5,-1,5,5,5.5,e,-0.5,-1
sigma+,pi,123,124,0.000003,8.477061e-02,5,5,5.5,e,+1.5,-1,5,5,5.5,e,+2.5,-1
sigma+,pi,125,126,0.000003,2.119267e-01,5,5,5.5,e,+3.5,-1,5,5,5.5,e,+4.5,-1
sigma+,pi,117,118,0.000003,2.119267e-01,5,5,5.5,e,-4.5,-1,5,5,5.5,e,-3.5,-1
sigma+,pi,118,119,0.000003,1.609319e-01,5,5,5.5,e,-3.5,-1,5,5,5.5,e,-2.5,-1
sigma+,pi,116,117,0.000003,1.821244e-01,5,5,5.5,e,-5.5,-1,5,5,5.5,e,-4.5,-1
sigma+,pi,124,125,0.000003,1.609318e-01,5,5,5.5,e,+2.5,-1,5,5,5.5,e,+3.5,-1
sigma+,pi,122,123,0.000003,2.317943e-02,5,5,5.5,e,+0.5,-1,5,5,5.5,e,+1.5,-1
sigma+,pi,126,127,0.000003,1.821246e-01,5,5,5.5,e,+4.5,-1,5,5,5.5,e,+5.5,-1
sigma+,pi,119,120,0.000003,8.477076e-02,5,5,5.5,e,-2.5,-1,5,5,5.5,e,-1.5,-1
sigma+,pi,88,89,0.000003,3.610120e-03,4,4,4.5,f,-2.5,-1,4,4,4.5,f,-1.5,-1
sigma+,pi,86,87,0.000003,6.188770e-03,4,4,4.5,f,-4.5,-1,4,4,4.5,f,-3.5,-1
sigma+,pi,92,93,0.000003,3.610115e-03,4,4,4.5,f,+1.5,-1,4,4,4.5,f,+2.5,-1
sigma+,pi,93,94,0.000003,6.188773e-03,4,4,4.5,f,+2.5,-1,4,4,4.5,f,+3.5,-1
sigma+,pi,94,95,0.000003,6.188776e-03,4,4,4.5,f,+3.5,-1,4,4,4.5,f,+4.5,-1
sigma+,pi,87,88,0.000003,6.188773e-03,4,4,4.5,f,-3.5,-1,4,4,4.5,f,-2.5,-1
sigma+,pi,91,92,0.000003,1.031460e-03,4,4,4.5,f,+0.5,-1,4,4,4.5,f,+1.5,-1
sigma+,pi,89,90,0.000003,1.031464e-03,4,4,4.5,f,-1.5,-1,4,4,4.5,f,-0.5,-1
sigma+,pi,84,85,0.000004,1.897146e-01,4,4,4.5,e,+3.5,+1,4,4,4.5,e,+4.5,+1
sigma+,pi,78,79,0.000004,1.106669e-01,4,4,4.5,e,-2.5,+1,4,4,4.5,e,-1.5,+1
sigma+,pi,81,82,0.000004,3.161902e-02,4,4,4.5,e,+0.5,+1,4,4,4.5,e,+1.5,+1
sigma+,pi,76,77,0.000004,1.897144e-01,4,4,4.5,e,-4.5,+1,4,4,4.5,e,-3.5,+1
sigma+,pi,77,78,0.000004,1.897145e-01,4,4,4.5,e,-3.5,+1,4,4,4.5,e,-2.5,+1
sigma+,pi,82,83,0.000004,1.106667e-01,4,4,4.5,e,+1.5,+1,4,4,4.5,e,+2.5,+1
sigma+,pi,83,84,0.000004,1.897145e-01,4,4,4.5,e,+2.5,+1,4,4,4.5,e,+3.5,+1
sigma+,pi,79,80,0.000004,3.161915e-02,4,4,4.5,e,-1.5,+1,4,4,4.5,e,-0.5,+1
sigma+,pi,112,113,0.000004,2.709851e-03,5,5,4.5,f,+1.5,+1,5,5,4.5,f,+2.5,+1
sigma+,pi,108,109,0.000004,2.709847e-03,5,5,4.5,f,-2.5,+1,5,5,4.5,f,-1.5,+1
sigma+,pi,111,112,0.000004,7.742440e-04,5,5,4.5,f,+0.5,+1,5,5,4.5,f,+1.5,+1
sigma+,pi,114,115,0.000004,4.645456e-03,5,5,4.5,f,+3.5,+1,5,5,4.5,f,+4.5,+1
sigma+,pi,106,107,0.000004,4.645456e-03,5,5,4.5,f,-4.5,+1,5,5,4.5,f,-3.5,+1
sigma+,pi,107,108,0.000004,4.645455e-03,5,5,4.5,f,-3.5,+1,5,5,4.5,f,-2.5,+1
sigma+,pi,113,114,0.000004,4.645457e-03,5,5,4.5,f,+2.5,+1,5,5,4.5,f,+3.5,+1
sigma+,pi,109,110,0.000004,7.742413e-04,5,5,4.5,f,-1.5,+1,5,5,4.5,f,-0.5,+1
sigma+,pi,102,103,0.000005,1.160727e-01,5,5,4.5,e,+1.5,-1,5,5,4.5,e,+2.5,-1
sigma+,pi,98,99,0.000005,1.160725e-01,5,5,4.5,e,-2.5,-1,5,5,4.5,e,-1.5,-1
sigma+,pi,104,105,0.000005,1.989815e-01,5,5,4.5,e,+3.5,-1,5,5,4.5,e,+4.5,-1
sigma+,pi,101,102,0.000005,3.316365e-02,5,5,4.5,e,+0.5,-1,5,5,4.5,e,+1.5,-1
sigma+,pi,96,97,0.000005,1.989815e-01,5,5,4.5,e,-4.5,-1,5,5,4.5,e,-3.5,-1
sigma+,pi,97,98,0.000005,1.989815e-01,5,5,4.5,e,-3.5,-1,5,5,4.5,e,-2.5,-1
sigma+,pi,103,104,0.000005,1.989816e-01,5,5,4.5,e,+2.5,-1,5,5,4.5,e,+3.5,-1
sigma+,pi,99,100,0.000005,3.316353e-02,5,5,4.5,e,-1.5,-1,5,5,4.5,e,-0.5,-1
sigma+,pi,57,58,0.000005,8.175732e-03,3,3,3.5,f,+1.5,+1,3,3,3.5,f,+2.5,+1
sigma+,pi,54,55,0.000005,2.554921e-03,3,3,3.5,f,-1.5,+1,3,3,3.5,f,-0.5,+1
sigma+,pi,52,53,0.000005,1.073065e-02,3,3,3.5,f,-3.5,+1,3,3,3.5,f,-2.5,+1
sigma+,pi,53,54,0.000005,8.175736e-03,3,3,3.5,f,-2.5,+1,3,3,3.5,f,-1.5,+1
sigma+,pi,56,57,0.000005,2.554913e-03,3,3,3.5,f,+0.5,+1,3,3,3.5,f,+1.5,+1
sigma+,pi,58,59,0.000005,1.073066e-02,3,3,3.5,f,+2.5,+1,3,3,3.5,f,+3.5,+1
sigma+,pi,70,71,0.000005,1.590768e-03,4,4,3.5,f,-1.5,-1,4,4,3.5,f,-0.5,-1
sigma+,pi,68,69,0.000005,6.681237e-03,4,4,3.5,f,-3.5,-1,4,4,3.5,f,-2.5,-1
sigma+,pi,73,74,0.000005,5.090470e-03,4,4,3.5,f,+1.5,-1,4,4,3.5,f,+2.5,-1
sigma+,pi,72,73,0.000005,1.590773e-03,4,4,3.5,f,+0.5,-1,4,4,3.5,f,+1.5,-1
sigma+,pi,74,75,0.000005,6.681239e-03,4,4,3.5,f,+2.5,-1,4,4,3.5,f,+3.5,-1
sigma+,pi,69,70,0.000005,5.090464e-03,4,4,3.5,f,-2.5,-1,4,4,3.5,f,-1.5,-1
sigma+,pi,46,47,0.000005,4.420580e-02,3,3,3.5,e,-1.5,-1,3,3,3.5,e,-0.5,-1
sigma+,pi,48,49,0.000005,4.420563e-02,3,3,3.5,e,+0.5,-1,3,3,3.5,e,+1.5,-1
sigma+,pi,44,45,0.000005,1.856639e-01,3,3,3.5,e,-3.5,-1,3,3,3.5,e,-2.5,-1
sigma+,pi,50,51,0.000005,1.856641e-01,3,3,3.5,e,+2.5,-1,3,3,3.5,e,+3.5,-1
sigma+,pi,49,50,0.000005,1.414583e-01,3,3,3.5,e,+1.5,-1,3,3,3.5,e,+2.5,-1
sigma+,pi,45,46,0.000005,1.414583e-01,3,3,3.5,e,-2.5,-1,3,3,3.5,e,-1.5,-1
sigma+,pi,60,61,0.000006,2.049712e-01,4,4,3.5,e,-3.5,+1,4,4,3.5,e,-2.5,+1
sigma+,pi,62,63,0.000006,4.880259e-02,4,4,3.5,e,-1.5,+1,4,4,3.5,e,-0.5,+1
sigma+,pi,65,66,0.000006,1.561686e-01,4,4,3.5,e,+1.5,+1,4,4,3.5,e,+2.5,+1
sigma+,pi,64,65,0.000006,4.880275e-02,4,4,3.5,e,+0.5,+1,4,4,3.5,e,+1.5,+1
sigma+,pi,66,67,0.000006,2.049713e-01,4,4,3.5,e,+2.5,+1,4,4,3.5,e,+3.5,+1
sigma+,pi,61,62,0.000006,1.561685e-01,4,4,3.5,e,-2.5,+1,4,4,3.5,e,-1.5,+1
sigma+,pi,42,43,0.000008,1.102329e-02,3,3,2.5,f,+1.5,+1,3,3,2.5,f,+2.5,+1
sigma+,pi,39,40,0.000008,4.409307e-03,3,3,2.5,f,-1.5,+1,3,3,2.5,f,-0.5,+1
sigma+,pi,38,39,0.000008,1.102328e-02,3,3,2.5,f,-2.5,+1,3,3,2.5,f,-1.5,+1
sigma+,pi,41,42,0.000008,4.409319e-03,3,3,2.5,f,+0.5,+1,3,3,2.5,f,+1.5,+1
sigma+,pi,36,37,0.000009,1.909950e-01,3,3,2.5,e,+1.5,-1,3,3,2.5,e,+2.5,-1
sigma+,pi,33,34,0.000009,7.639787e-02,3,3,2.5,e,-1.5,-1,3,3,2.5,e,-0.5,-1
sigma+,pi,32,33,0.000009,1.909949e-01,3,3,2.5,e,-2.5,-1,3,3,2.5,e,-1.5,-1
sigma+,pi,35,36,0.000009,7.639810e-02,3,3,2.5,e,+0.5,-1,3,3,2.5,e,+1.5,-1
sigma+,pi,27,28,0.000009,1.028974e-02,2,2,2.5,f,-1.5,-1,2,2,2.5,f,-0.5,-1
sigma+,pi,29,30,0.000009,1.028971e-02,2,2,2.5,f,+0.5,-1,2,2,2.5,f,+1.5,-1
sigma+,pi,26,27,0.000009,2.572430e-02,2,2,2.5,f,-2.5,-1,2,2,2.5,f,-1.5,-1
sigma+,pi,30,31,0.000009,2.572434e-02,2,2,2.5,f,+1.5,-1,2,2,2.5,f,+2.5,-1
sigma+,pi,21,22,0.000009,5.825774e-02,2,2,2.5,e,-1.5,+1,2,2,2.5,e,-0.5,+1
sigma+,pi,24,25,0.000009,1.456442e-01,2,2,2.5,e,+1.5,+1,2,2,2.5,e,+2.5,+1
sigma+,pi,20,21,0.000009,1.456440e-01,2,2,2.5,e,-2.5,+1,2,2,2.5,e,-1.5,+1
sigma+,pi,23,24,0.000009,5.825756e-02,2,2,2.5,e,+0.5,+1,2,2,2.5,e,+1.5,+1
sigma+,pi,16,17,0.000015,2.095568e-02,2,2,1.5,f,-1.5,-1,2,2,1.5,f,-0.5,-1
sigma+,pi,18,19,0.000015,2.095573e-02,2,2,1.5,f,+0.5,-1,2,2,1.5,f,+1.5,-1
sigma+,pi,12,13,0.000016,1.190027e-01,2,2,1.5,e,-1.5,+1,2,2,1.5,e,-0.5,+1
sigma+,pi,14,15,0.000016,1.190030e-01,2,2,1.5,e,+0.5,+1,2,2,1.5,e,+1.5,+1
sigma+,pi,8,9,0.000021,1.190027e-01,1,1,1.5,f,-1.5,+1,1,1,1.5,f,-0.5,+1
sigma+,pi,10,11,0.000021,1.190031e-01,1,1,1.5,f,+0.5,+1,1,1,1.5,f,+1.5,+1
sigma+,pi,4,5,0.000021,2.095567e-02,1,1,1.5,e,-1.5,-1,1,1,1.5,e,-0.5,-1
sigma+,pi,6,7,0.000021,2.095574e-02,1,1,1.5,e,+0.5,-1,1,1,1.5,e,+1.5,-1
sigma+,pi,128,106,3.577455,4.285286e-04,5,5,5.5,f,-5.5,+1,5,5,4.5,f,-4.5,+1
sigma+,pi,116,96,3.577455,1.823070e-02,5,5,5.5,e,-5.5,-1,5,5,4.5,e,-4.5,-1
sigma+,pi,129,107,3.577456,1.082142e-04,5,5,5.5,f,-4.5,+1,5,5,4.5,f,-3.5,+1
sigma+,pi,117,97,3.577456,4.603708e-03,5,5,5.5,e,-4.5,-1,5,5,4.5,e,-3.5,-1
sigma+,pi,130,108,3.577457,3.462852e-06,5,5,5.5,f,-3.5,+1,5,5,4.5,f,-2.5,+1
sigma+,pi,118,98,3.577457,1.473185e-04,5,5,5.5,e,-3.5,-1,5,5,4.5,e,-2.5,-1
sigma+,pi,131,109,3.577458,2.423995e-05,5,5,5.5,f,-2.5,+1,5,5,4.5,f,-1.5,+1
sigma+,pi,119,99,3.577459,1.031229e-03,5,5,5.5,e,-2.5,-1,5,5,4.5,e,-1.5,-1
sigma+,pi,132,110,3.577460,9.897972e-05,5,5,5.5,f,-1.5,+1,5,5,4.5,f,-0.5,+1
sigma+,pi,120,100,3.577460,4.210848e-03,5,5,5.5,e,-1.5,-1,5,5,4.5,e,-0.5,-1
sigma+,pi,133,111,3.577461,1.745851e-04,5,5,5.5,f,-0.5,+1,5,5,4.5,f,+0.5,+1
sigma+,pi,121,101,3.577462,7.427292e-03,5,5,5.5,e,-0.5,-1,5,5,4.5,e,+0.5,-1
sigma+,pi,134,112,3.577462,2.164276e-04,5,5,5.5,f,+0.5,+1,5,5,4.5,f,+1.5,+1
sigma+,pi,122,102,3.577463,9.207379e-03,5,5,5.5,e,+0.5,-1,5,5,4.5,e,+1.5,-1
sigma+,pi,135,113,3.577464,2.083475e-04,5,5,5.5,f,+1.5,+1,5,5,4.5,f,+2.5,+1
sigma+,pi,123,103,3.577465,8.863630e-03,5,5,5.5,e,+1.5,-1,5,5,4.5,e,+2.5,-1
sigma+,pi,136,114,3.577465,1.526534e-04,5,5,5.5,f,+2.5,+1,5,5,4.5,f,+3.5,+1
sigma+,pi,124,104,3.577466,6.494261e-03,5,5,5.5,e,+2.5,-1,5,5,4.5,e,+3.5,-1
sigma+,pi,137,115,3.577466,7.012240e-05,5,5,5.5,f,+3.5,+1,5,5,4.5,f,+4.5,+1
sigma+,pi,125,105,3.577467,2.983184e-03,5,5,5.5,e,+3.5,-1,5,5,4.5,e,+4.5,-1
sigma+,pi,86,68,4.435457,7.786183e-04,4,4,4.5,f,-4.5,-1,4,4,3.5,f,-3.5,-1
sigma+,pi,76,60,4.435457,2.373799e-02,4,4,4.5,e,-4.5,+1,4,4,3.5,e,-3.5,+1
sigma+,pi,87,69,4.435459,1.112311e-04,4,4,4.5,f,-3.5,-1,4,4,3.5,f,-2.5,-1
sigma+,pi,77,61,4.435459,3.391138e-03,4,4,4.5,e,-3.5,+1,4,4,3.5,e,-2.5,+1
sigma+,pi,88,70,4.435461,9.269250e-06,4,4,4.5,f,-2.5,-1,4,4,3.5,f,-1.5,-1
sigma+,pi,78,62,4.435461,2.825946e-04,4,4,4.5,e,-2.5,+1,4,4,3.5,e,-1.5,+1
sigma+,pi,89,71,4.435462,1.655222e-04,4,4,4.5,f,-1.5,-1,4,4,3.5,f,-0.5,-1
sigma+,pi,79,63,4.435463,5.046327e-03,4,4,4.5,e,-1.5,+1,4,4,3.5,e,-0.5,+1
sigma+,pi,90,72,4.435464,3.575276e-04,4,4,4.5,f,-0.5,-1,4,4,3.5,f,+0.5,-1
sigma+,pi,80,64,4.435465,1.090006e-02,4,4,4.5,e,-0.5,+1,4,4,3.5,e,+0.5,+1
sigma+,pi,91,73,4.435466,4.475712e-04,4,4,4.5,f,+0.5,-1,4,4,3.5,f,+1.5,-1
sigma+,pi,81,65,4.435467,1.364524e-02,4,4,4.5,e,+0.5,+1,4,4,3.5,e,+1.5,+1
sigma+,pi,92,74,4.435468,3.826863e-04,4,4,4.5,f,+1.5,-1,4,4,3.5,f,+2.5,-1
sigma+,pi,82,66,4.435469,1.166708e-02,4,4,4.5,e,+1.5,+1,4,4,3.5,e,+2.5,+1
sigma+,pi,93,75,4.435470,1.946534e-04,4,4,4.5,f,+2.5,-1,4,4,3.5,f,+3.5,-1
sigma+,pi,83,67,4.435471,5.934460e-03,4,4,4.5,e,+2.5,+1,4,4,3.5,e,+3.5,+1
sigma+,pi,44,32,5.796181,3.097494e-02,3,3,3.5,e,-3.5,-1,3,3,2.5,e,-2.5,-1
sigma+,pi,52,38,5.796181,1.797772e-03,3,3,3.5,f,-3.5,+1,3,3,2.5,f,-2.5,+1
sigma+,pi,53,39,5.796184,5.136485e-05,3,3,3.5,f,-2.5,+1,3,3,2.5,f,-1.5,+1
sigma+,pi,45,33,5.796184,8.849974e-04,3,3,3.5,e,-2.5,-1,3,3,2.5,e,-1.5,-1
sigma+,pi,54,40,5.796187,3.081888e-04,3,3,3.5,f,-1.5,+1,3,3,2.5,f,-0.5,+1
sigma+,pi,46,34,5.796188,5.309979e-03,3,3,3.5,e,-1.5,-1,3,3,2.5,e,-0.5,-1
sigma+,pi,55,41,5.796190,1.006749e-03,3,3,3.5,f,-0.5,+1,3,3,2.5,f,+0.5,+1
sigma+,pi,47,35,5.796191,1.734591e-02,3,3,3.5,e,-0.5,-1,3,3,2.5,e,+0.5,-1
sigma+,pi,56,42,5.796193,1.243026e-03,3,3,3.5,f,+0.5,+1,3,3,2.5,f,+1.5,+1
sigma+,pi,48,36,5.796194,2.141687e-02,3,3,3.5,e,+0.5,-1,3,3,2.5,e,+1.5,-1
sigma+,pi,57,43,5.796196,7.704696e-04,3,3,3.5,f,+1.5,+1,3,3,2.5,f,+2.5,+1
sigma+,pi,49,37,5.796197,1.327490e-02,3,3,3.5,e,+1.5,-1,3,3,2.5,e,+2.5,-1
sigma+,pi,20,12,8.329658,3.644970e-02,2,2,2.5,e,-2.5,+1,2,2,1.5,e,-1.5,+1
sigma+,pi,26,16,8.329659,6.452430e-03,2,2,2.5,f,-2.5,-1,2,2,1.5,f,-1.5,-1
sigma+,pi,21,13,8.329665,2.429976e-03,2,2,2.5,e,-1.5,+1,2,2,1.5,e,-0.5,+1
sigma+,pi,27,17,8.329665,4.301614e-04,2,2,2.5,f,-1.5,-1,2,2,1.5,f,-0.5,-1
sigma+,pi,28,18,8.329671,5.377009e-03,2,2,2.5,f,-0.5,-1,2,2,1.5,f,+0.5,-1
sigma+,pi,22,14,8.329671,3.037466e-02,2,2,2.5,e,-0.5,+1,2,2,1.5,e,+0.5,+1
sigma+,pi,29,19,8.329677,5.807161e-03,2,2,2.5,f,+0.5,-1,2,2,1.5,f,+1.5,-1
sigma+,pi,23,15,8.329678,3.280458e-02,2,2,2.5,e,+0.5,+1,2,2,1.5,e,+1.5,+1
sigma+,pi,4,0,15.047610,1.051877e-02,1,1,1.5,e,-1.5,-1,1,1,0.5,e,-0.5,-1
sigma+,pi,8,2,15.047612,5.949181e-02,1,1,1.5,f,-1.5,+1,1,1,0.5,f,-0.5,+1
sigma+,pi,5,1,15.047635,3.155621e-02,1,1,1.5,e,-0.5,-1,1,1,0.5,e,+0.5,-1
sigma+,pi,9,3,15.047636,1.784748e-01,1,1,1.5,f,-0.5,+1,1,1,0.5,f,+0.5,+1
sigma+,pi,3,24,29073.263231,8.937348e-04,1,1,0.5,f,+0.5,+1,2,2,2.5,e,+1.5,+1
sigma+,pi,2,23,29073.263268,4.468680e-04,1,1,0.5,f,-0.5,+1,2,2,2.5,e,+0.5,+1
sigma+,pi,3,15,29081.592900,5.083901e-04,1,1,0.5,f,+0.5,+1,2,2,1.5,e,+1.5,+1
sigma+,pi,2,14,29081.592930,1.525161e-03,1,1,0.5,f,-0.5,+1,2,2,1.5,e,+0.5,+1
sigma+,pi,11,25,29088.310836,1.690634e-03,1,1,1.5,f,+1.5,+1,2,2,2.5,e,+2.5,+1
sigma+,pi,10,24,29088.310847,1.127102e-04,1,1,1.5,f,+0.5,+1,2,2,2.5,e,+1.5,+1
sigma+,pi,9,23,29088.310859,1.408864e-03,1,1,1.5,f,-0.5,+1,2,2,2.5,e,+0.5,+1
sigma+,pi,8,22,29088.310870,1.521569e-03,1,1,1.5,f,-1.5,+1,2,2,2.5,e,-0.5,+1
sigma+,pi,1,30,29094.423228,8.797314e-02,1,1,0.5,e,+0.5,-1,2,2,2.5,f,+1.5,-1
sigma+,pi,0,29,29094.423266,4.398663e-02,1,1,0.5,e,-0.5,-1,2,2,2.5,f,+0.5,-1
sigma+,pi,10,15,29096.640516,9.971270e-04,1,1,1.5,f,+0.5,+1,2,2,1.5,e,+1.5,+1
sigma+,pi,8,13,29096.640526,9.971315e-04,1,1,1.5,f,-1.5,+1,2,2,1.5,e,-0.5,+1
sigma+,pi,1,19,29102.752897,4.948153e-02,1,1,0.5,e,+0.5,-1,2,2,1.5,f,+1.5,-1
sigma+,pi,0,18,29102.752928,1.484436e-01,1,1,0.5,e,-0.5,-1,2,2,1.5,f,+0.5,-1
sigma+,pi,7,31,29109.470830,1.649729e-01,1,1,1.5,e,+1.5,-1,2,2,2.5,f,+2.5,-1
sigma+,pi,6,30,29109.470842,1.099832e-02,1,1,1.5,e,+0.5,-1,2,2,2.5,f,+1.5,-1
sigma+,pi,5,29,29109.470855,1.374776e-01,1,1,1.5,e,-0.5,-1,2,2,2.5,f,+0.5,-1
sigma+,pi,4,28,29109.470867,1.484754e-01,1,1,1.5,e,-1.5,-1,2,2,2.5,f,-0.5,-1
sigma+,pi,6,19,29117.800511,9.904408e-02,1,1,1.5,e,+0.5,-1,2,2,1.5,f,+1.5,-1
sigma+,pi,4,17,29117.800523,9.904452e-02,1,1,1.5,e,-1.5,-1,2,2,1.5,f,-0.5,-1
sigma+,pi,19,50,43614.287388,2.067119e-04,2,2,1.5,f,+1.5,-1,3,3,3.5,e,+2.5,-1
sigma+,pi,18,49,43614.287397,2.067121e-04,2,2,1.5,f,+0.5,-1,3,3,3.5,e,+1.5,-1
sigma+,pi,17,48,43614.287407,1.240274e-04,2,2,1.5,f,-0.5,-1,3,3,3.5,e,+0.5,-1
sigma+,pi,16,47,43614.287416,4.134254e-05,2,2,1.5,f,-1.5,-1,3,3,3.5,e,-0.5,-1
sigma+,pi,19,37,43620.083579,1.236884e-03,2,2,1.5,f,+1.5,-1,3,3,2.5,e,+2.5,-1
sigma+,pi,18,36,43620.083586,8.245844e-05,2,2,1.5,f,+0.5,-1,3,3,2.5,e,+1.5,-1
sigma+,pi,17,35,43620.083592,1.030735e-03,2,2,1.5,f,-0.5,-1,3,3,2.5,e,+0.5,-1
sigma+,pi,16,34,43620.083598,1.113195e-03,2,2,1.5,f,-1.5,-1,3,3,2.5,e,-0.5,-1
sigma+,pi,31,51,43622.617054,1.799069e-03,2,2,2.5,f,+2.5,-1,3,3,3.5,e,+3.5,-1
sigma+,pi,30,50,43622.617057,5.140164e-05,2,2,2.5,f,+1.5,-1,3,3,3.5,e,+2.5,-1
sigma+,pi,29,49,43622.617060,3.084126e-04,2,2,2.5,f,+0.5,-1,3,3,3.5,e,+1.5,-1
sigma+,pi,28,48,43622.617063,1.007479e-03,2,2,2.5,f,-0.5,-1,3,3,3.5,e,+0.5,-1
sigma+,pi,27,47,43622.617066,1.243927e-03,2,2,2.5,f,-1.5,-1,3,3,3.5,e,-0.5,-1
sigma+,pi,26,46,43622.617069,7.710286e-04,2,2,2.5,f,-2.5,-1,3,3,3.5,e,-1.5,-1
sigma+,pi,30,37,43628.413248,3.138259e-04,2,2,2.5,f,+1.5,-1,3,3,2.5,e,+2.5,-1
sigma+,pi,29,36,43628.413248,1.255305e-04,2,2,2.5,f,+0.5,-1,3,3,2.5,e,+1.5,-1
sigma+,pi,27,34,43628.413248,1.255309e-04,2,2,2.5,f,-1.5,-1,3,3,2.5,e,-0.5,-1
sigma+,pi,26,33,43628.413248,3.138275e-04,2,2,2.5,f,-2.5,-1,3,3,2.5,e,-1.5,-1
sigma+,pi,15,58,43661.897381,2.022149e-02,2,2,1.5,e,+1.5,+1,3,3,3.5,f,+2.5,+1
sigma+,pi,14,57,43661.897392,2.022151e-02,2,2,1.5,e,+0.5,+1,3,3,3.5,f,+1.5,+1
sigma+,pi,13,56,43661.897403,1.213292e-02,2,2,1.5,e,-0.5,+1,3,3,3.5,f,+0.5,+1
sigma+,pi,12,55,43661.897413,4.044310e-03,2,2,1.5,e,-1.5,+1,3,3,3.5,f,-0.5,+1
sigma+,pi,15,43,43667.693573,1.211568e-01,2,2,1.5,e,+1.5,+1,3,3,2.5,f,+2.5,+1
sigma+,pi,14,42,43667.693580,8.077070e-03,2,2,1.5,e,+0.5,+1,3,3,2.5,f,+1.5,+1
sigma+,pi,13,41,43667.693588,1.009638e-01,2,2,1.5,e,-0.5,+1,3,3,2.5,f,+0.5,+1
sigma+,pi,12,40,43667.693596,1.090410e-01,2,2,1.5,e,-1.5,+1,3,3,2.5,f,-0.5,+1
sigma+,pi,25,59,43670.227046,1.767665e-01,2,2,2.5,e,+2.5,+1,3,3,3.5,f,+3.5,+1
sigma+,pi,24,58,43670.227050,5.050441e-03,2,2,2.5,e,+1.5,+1,3,3,3.5,f,+2.5,+1
sigma+,pi,23,57,43670.227054,3.030291e-02,2,2,2.5,e,+0.5,+1,3,3,3.5,f,+1.5,+1
sigma+,pi,22,56,43670.227058,9.898932e-02,2,2,2.5,e,-0.5,+1,3,3,3.5,f,+0.5,+1
sigma+,pi,21,55,43670.227063,1.222214e-01,2,2,2.5,e,-1.5,+1,3,3,3.5,f,-0.5,+1
sigma+,pi,20,54,43670.227067,7.575701e-02,2,2,2.5,e,-2.5,+1,3,3,3.5,f,-1.5,+1
sigma+,pi,24,43,43676.023241,3.033969e-02,2,2,2.5,e,+1.5,+1,3,3,2.5,f,+2.5,+1
sigma+,pi,23,42,43676.023243,1.213590e-02,2,2,2.5,e,+0.5,+1,3,3,2.5,f,+1.5,+1
sigma+,pi,21,40,43676.023245,1.213592e-02,2,2,2.5,e,-1.5,+1,3,3,2.5,f,-0.5,+1
sigma+,pi,20,39,43676.023246,3.033985e-02,2,2,2.5,e,-2.5,+1,3,3,2.5,f,-1.5,+1
sigma+,pi,43,84,58146.058975,4.246580e-04,3,3,2.5,f,+2.5,+1,4,4,4.5,e,+3.5,+1
sigma+,pi,42,83,58146.058979,5.308232e-04,3,3,2.5,f,+1.5,+1,4,4,4.5,e,+2.5,+1
sigma+,pi,41,82,58146.058983,4.549920e-04,3,3,2.5,f,+0.5,+1,4,4,4.5,e,+1.5,+1
sigma+,pi,40,81,58146.058987,3.033284e-04,3,3,2.5,f,-0.5,+1,4,4,4.5,e,+0.5,+1
sigma+,pi,39,80,58146.058991,1.516644e-04,3,3,2.5,f,-1.5,+1,4,4,4.5,e,-0.5,+1
sigma+,pi,38,79,58146.058995,4.549938e-05,3,3,2.5,f,-2.5,+1,4,4,4.5,e,-1.5,+1
sigma+,pi,43,67,58150.494441,8.281871e-03,3,3,2.5,f,+2.5,+1,4,4,3.5,e,+3.5,+1
sigma+,pi,42,66,58150.494443,2.366259e-04,3,3,2.5,f,+1.5,+1,4,4,3.5,e,+2.5,+1
sigma+,pi,41,65,58150.494445,1.419746e-03,3,3,2.5,f,+0.5,+1,4,4,3.5,e,+1.5,+1
sigma+,pi,40,64,58150.494448,4.637843e-03,3,3,2.5,f,-0.5,+1,4,4,3.5,e,+0.5,+1
sigma+,pi,39,63,58150.494450,5.726318e-03,3,3,2.5,f,-1.5,+1,4,4,3.5,e,-0.5,+1
sigma+,pi,38,62,58150.494452,3.549372e-03,3,3,2.5,f,-2.5,+1,4,4,3.5,e,-1.5,+1
sigma+,pi,59,85,58151.855165,1.000917e-02,3,3,3.5,f,+3.5,+1,4,4,4.5,e,+4.5,+1
sigma+,pi,58,84,58151.855166,1.429879e-03,3,3,3.5,f,+2.5,+1,4,4,4.5,e,+3.5,+1
sigma+,pi,57,83,58151.855167,1.191576e-04,3,3,3.5,f,+1.5,+1,4,4,4.5,e,+2.5,+1
sigma+,pi,56,82,58151.855168,2.127802e-03,3,3,3.5,f,+0.5,+1,4,4,4.5,e,+1.5,+1
sigma+,pi,55,81,58151.855169,4.596047e-03,3,3,3.5,f,-0.5,+1,4,4,4.5,e,+0.5,+1
sigma+,pi,54,80,58151.855170,5.753567e-03,3,3,3.5,f,-1.5,+1,4,4,4.5,e,-0.5,+1
sigma+,pi,53,79,58151.855171,4.919468e-03,3,3,3.5,f,-2.5,+1,4,4,4.5,e,-1.5,+1
sigma+,pi,52,78,58151.855172,2.502289e-03,3,3,3.5,f,-3.5,+1,4,4,4.5,e,-2.5,+1
sigma+,pi,52,61,58156.290627,7.204915e-04,3,3,3.5,f,-3.5,+1,4,4,3.5,e,-2.5,+1
sigma+,pi,53,62,58156.290628,5.489455e-04,3,3,3.5,f,-2.5,+1,4,4,3.5,e,-1.5,+1
sigma+,pi,54,63,58156.290629,1.715454e-04,3,3,3.5,f,-1.5,+1,4,4,3.5,e,-0.5,+1
sigma+,pi,56,65,58156.290631,1.715448e-04,3,3,3.5,f,+0.5,+1,4,4,3.5,e,+1.5,+1
sigma+,pi,57,66,58156.290632,5.489432e-04,3,3,3.5,f,+1.5,+1,4,4,3.5,e,+2.5,+1
sigma+,pi,58,67,58156.290633,7.204874e-04,3,3,3.5,f,+2.5,+1,4,4,3.5,e,+3.5,+1
sigma+,pi,37,94,58230.698966,7.344891e-03,3,3,2.5,e,+2.5,-1,4,4,4.5,f,+3.5,-1
sigma+,pi,36,93,58230.698972,9.181122e-03,3,3,2.5,e,+1.5,-1,4,4,4.5,f,+2.5,-1
sigma+,pi,35,92,58230.698977,7.869540e-03,3,3,2.5,e,+0.5,-1,4,4,4.5,f,+1.5,-1
sigma+,pi,34,91,58230.698982,5.246365e-03,3,3,2.5,e,-0.5,-1,4,4,4.5,f,+0.5,-1
sigma+,pi,33,90,58230.698987,2.623185e-03,3,3,2.5,e,-1.5,-1,4,4,4.5,f,-0.5,-1
sigma+,pi,32,89,58230.698992,7.869562e-04,3,3,2.5,e,-2.5,-1,4,4,4.5,f,-1.5,-1
sigma+,pi,37,75,58235.134433,1.432430e-01,3,3,2.5,e,+2.5,-1,4,4,3.5,f,+3.5,-1
sigma+,pi,36,74,58235.134436,4.092675e-03,3,3,2.5,e,+1.5,-1,4,4,3.5,f,+2.5,-1
sigma+,pi,35,73,58235.134440,2.455589e-02,3,3,2.5,e,+0.5,-1,4,4,3.5,f,+1.5,-1
sigma+,pi,34,72,58235.134443,8.021599e-02,3,3,2.5,e,-0.5,-1,4,4,3.5,f,+0.5,-1
sigma+,pi,33,71,58235.134446,9.904224e-02,3,3,2.5,e,-1.5,-1,4,4,3.5,f,-0.5,-1
sigma+,pi,32,70,58235.134450,6.138984e-02,3,3,2.5,e,-2.5,-1,4,4,3.5,f,-1.5,-1
sigma+,pi,51,95,58236.495156,1.733171e-01,3,3,3.5,e,+3.5,-1,4,4,4.5,f,+4.5,-1
sigma+,pi,50,94,58236.495158,2.475955e-02,3,3,3.5,e,+2.5,-1,4,4,4.5,f,+3.5,-1
sigma+,pi,49,93,58236.495160,2.063314e-03,3,3,3.5,e,+1.5,-1,4,4,4.5,f,+2.5,-1
sigma+,pi,48,92,58236.495162,3.684468e-02,3,3,3.5,e,+0.5,-1,4,4,4.5,f,+1.5,-1
sigma+,pi,47,91,58236.495164,7.958444e-02,3,3,3.5,e,-0.5,-1,4,4,4.5,f,+0.5,-1
sigma+,pi,46,90,58236.495166,9.962788e-02,3,3,3.5,e,-1.5,-1,4,4,4.5,f,-0.5,-1
sigma+,pi,45,89,58236.495168,8.518475e-02,3,3,3.5,e,-2.5,-1,4,4,4.5,f,-1.5,-1
sigma+,pi,44,88,58236.495170,4.332925e-02,3,3,3.5,e,-3.5,-1,4,4,4.5,f,-2.5,-1
sigma+,pi,50,75,58240.930624,1.239877e-02,3,3,3.5,e,+2.5,-1,4,4,3.5,f,+3.5,-1
sigma+,pi,49,74,58240.930625,9.446691e-03,3,3,3.5,e,+1.5,-1,4,4,3.5,f,+2.5,-1
sigma+,pi,48,73,58240.930625,2.952094e-03,3,3,3.5,e,+0.5,-1,4,4,3.5,f,+1.5,-1
sigma+,pi,46,71,58240.930625,2.952099e-03,3,3,3.5,e,-1.5,-1,4,4,3.5,f,-0.5,-1
sigma+,pi,45,70,58240.930625,9.446727e-03,3,3,3.5,e,-2.5,-1,4,4,3.5,f,-1.5,-1
sigma+,pi,44,69,58240.930626,1.239884e-02,3,3,3.5,e,-3.5,-1,4,4,3.5,f,-2.5,-1
sigma+,pi,75,126,72671.161246,3.987961e-04,4,4,3.5,f,+3.5,-1,5,5,5.5,e,+4.5,-1
sigma+,pi,74,125,72671.161248,5.583153e-04,4,4,3.5,f,+2.5,-1,5,5,5.5,e,+3.5,-1
sigma+,pi,73,124,72671.161250,5.583161e-04,4,4,3.5,f,+1.5,-1,5,5,5.5,e,+2.5,-1
sigma+,pi,72,123,72671.161253,4.652641e-04,4,4,3.5,f,+0.5,-1,5,5,5.5,e,+1.5,-1
sigma+,pi,71,122,72671.161255,3.323320e-04,4,4,3.5,f,-0.5,-1,5,5,5.5,e,+0.5,-1
sigma+,pi,70,121,72671.161257,1.993995e-04,4,4,3.5,f,-1.5,-1,5,5,5.5,e,-0.5,-1
sigma+,pi,69,120,72671.161259,9.305322e-05,4,4,3.5,f,-2.5,-1,5,5,5.5,e,-1.5,-1
sigma+,pi,68,119,72671.161261,2.658667e-05,4,4,3.5,f,-3.5,-1,5,5,5.5,e,-2.5,-1
sigma+,pi,75,105,72674.738710,1.756284e-02,4,4,3.5,f,+3.5,-1,5,5,4.5,e,+4.5,-1
sigma+,pi,74,104,72674.738711,2.508980e-03,4,4,3.5,f,+2.5,-1,5,5,4.5,e,+3.5,-1
sigma+,pi,73,103,72674.738712,2.090801e-04,4,4,3.5,f,+1.5,-1,5,5,4.5,e,+2.5,-1
sigma+,pi,72,102,72674.738712,3.733590e-03,4,4,3.5,f,+0.5,-1,5,5,4.5,e,+1.5,-1
sigma+,pi,71,101,72674.738713,8.064560e-03,4,4,3.5,f,-0.5,-1,5,5,4.5,e,+0.5,-1
sigma+,pi,70,100,72674.738714,1.009564e-02,4,4,3.5,f,-1.5,-1,5,5,4.5,e,-0.5,-1
sigma+,pi,69,99,72674.738715,8.632071e-03,4,4,3.5,f,-2.5,-1,5,5,4.5,e,-1.5,-1
sigma+,pi,68,98,72674.738715,4.390708e-03,4,4,3.5,f,-3.5,-1,5,5,4.5,e,-2.5,-1
sigma+,pi,95,127,72675.596712,1.970454e-02,4,4,4.5,f,+4.5,-1,5,5,5.5,e,+5.5,-1
sigma+,pi,94,126,72675.596713,4.975891e-03,4,4,4.5,f,+3.5,-1,5,5,5.5,e,+4.5,-1
sigma+,pi,93,125,72675.596713,1.592276e-04,4,4,4.5,f,+2.5,-1,5,5,5.5,e,+3.5,-1
sigma+,pi,92,124,72675.596713,1.114603e-03,4,4,4.5,f,+1.5,-1,5,5,5.5,e,+2.5,-1
sigma+,pi,91,123,72675.596713,4.551290e-03,4,4,4.5,f,+0.5,-1,5,5,5.5,e,+1.5,-1
sigma+,pi,90,122,72675.596714,8.027780e-03,4,4,4.5,f,-0.5,-1,5,5,5.5,e,+0.5,-1
sigma+,pi,89,121,72675.596714,9.951790e-03,4,4,4.5,f,-1.5,-1,5,5,5.5,e,-0.5,-1
sigma+,pi,88,120,72675.596714,9.580254e-03,4,4,4.5,f,-2.5,-1,5,5,5.5,e,-1.5,-1
sigma+,pi,87,119,72675.596715,7.019325e-03,4,4,4.5,f,-3.5,-1,5,5,5.5,e,-2.5,-1
sigma+,pi,86,118,72675.596715,3.224377e-03,4,4,4.5,f,-4.5,-1,5,5,5.5,e,-3.5,-1
sigma+,pi,86,97,72679.174168,7.206303e-04,4,4,4.5,f,-4.5,-1,5,5,4.5,e,-3.5,-1
sigma+,pi,87,98,72679.174169,7.206300e-04,4,4,4.5,f,-3.5,-1,5,5,4.5,e,-2.5,-1
sigma+,pi,88,99,72679.174170,4.203674e-04,4,4,4.5,f,-2.5,-1,5,5,4.5,e,-1.5,-1
sigma+,pi,89,100,72679.174171,1.201051e-04,4,4,4.5,f,-1.5,-1,5,5,4.5,e,-0.5,-1
sigma+,pi,91,102,72679.174173,1.201043e-04,4,4,4.5,f,+0.5,-1,5,5,4.5,e,+1.5,-1
sigma+,pi,92,103,72679.174175,4.203654e-04,4,4,4.5,f,+1.5,-1,5,5,4.5,e,+2.5,-1
sigma+,pi,93,104,72679.174176,7.206262e-04,4,4,4.5,f,+2.5,-1,5,5,4.5,e,+3.5,-1
sigma+,pi,94,105,72679.174177,7.206259e-04,4,4,4.5,f,+3.5,-1,5,5,4.5,e,+4.5,-1
sigma+,pi,1,36,72722.836468,1.869335e-02,1,1,0.5,e,+0.5,-1,3,3,2.5,e,+1.5,-1
sigma+,pi,0,35,72722.836505,9.346686e-03,1,1,0.5,e,-0.5,-1,3,3,2.5,e,+0.5,-1
sigma+,pi,7,50,72732.087878,1.715232e-02,1,1,1.5,e,+1.5,-1,3,3,3.5,e,+2.5,-1
sigma+,pi,6,49,72732.087893,1.715231e-02,1,1,1.5,e,+0.5,-1,3,3,3.5,e,+1.5,-1
sigma+,pi,5,48,72732.087909,1.029138e-02,1,1,1.5,e,-0.5,-1,3,3,3.5,e,+0.5,-1
sigma+,pi,4,47,72732.087925,3.430457e-03,1,1,1.5,e,-1.5,-1,3,3,3.5,e,-0.5,-1
sigma+,pi,7,37,72737.884069,2.847975e-03,1,1,1.5,e,+1.5,-1,3,3,2.5,e,+2.5,-1
sigma+,pi,6,36,72737.884082,1.898643e-04,1,1,1.5,e,+0.5,-1,3,3,2.5,e,+1.5,-1
sigma+,pi,5,35,72737.884094,2.373318e-03,1,1,1.5,e,-0.5,-1,3,3,2.5,e,+0.5,-1
sigma+,pi,4,34,72737.884107,2.563191e-03,1,1,1.5,e,-1.5,-1,3,3,2.5,e,-0.5,-1
sigma+,pi,3,42,72749.286465,1.057730e-01,1,1,0.5,f,+0.5,+1,3,3,2.5,f,+1.5,+1
sigma+,pi,2,41,72749.286502,5.288653e-02,1,1,0.5,f,-0.5,+1,3,3,2.5,f,+0.5,+1
sigma+,pi,11,58,72758.537877,9.710807e-02,1,1,1.5,f,+1.5,+1,3,3,3.5,f,+2.5,+1
sigma+,pi,10,57,72758.537892,9.710800e-02,1,1,1.5,f,+0.5,+1,3,3,3.5,f,+1.5,+1
sigma+,pi,9,56,72758.537908,5.826476e-02,1,1,1.5,f,-0.5,+1,3,3,3.5,f,+0.5,+1
sigma+,pi,8,55,72758.537924,1.942157e-02,1,1,1.5,f,-1.5,+1,3,3,3.5,f,-0.5,+1
sigma+,pi,11,43,72764.334068,1.621328e-02,1,1,1.5,f,+1.5,+1,3,3,2.5,f,+2.5,+1
sigma+,pi,10,42,72764.334081,1.080880e-03,1,1,1.5,f,+0.5,+1,3,3,2.5,f,+1.5,+1
sigma+,pi,9,41,72764.334093,1.351109e-02,1,1,1.5,f,-0.5,+1,3,3,2.5,f,+0.5,+1
sigma+,pi,8,40,72764.334106,1.459202e-02,1,1,1.5,f,-1.5,+1,3,3,2.5,f,-0.5,+1
sigma+,pi,67,138,72803.411237,3.401629e-03,4,4,3.5,e,+3.5,+1,5,5,5.5,f,+4.5,+1
sigma+,pi,66,137,72803.411240,4.762285e-03,4,4,3.5,e,+2.5,+1,5,5,5.5,f,+3.5,+1
sigma+,pi,65,136,72803.411243,4.762289e-03,4,4,3.5,e,+1.5,+1,5,5,5.5,f,+2.5,+1
sigma+,pi,64,135,72803.411247,3.968578e-03,4,4,3.5,e,+0.5,+1,5,5,5.5,f,+1.5,+1
sigma+,pi,63,134,72803.411250,2.834701e-03,4,4,3.5,e,-0.5,+1,5,5,5.5,f,+0.5,+1
sigma+,pi,62,133,72803.411253,1.700822e-03,4,4,3.5,e,-1.5,+1,5,5,5.5,f,-0.5,+1
sigma+,pi,61,132,72803.411256,7.937176e-04,4,4,3.5,e,-2.5,+1,5,5,5.5,f,-1.5,+1
sigma+,pi,60,131,72803.411260,2.267766e-04,4,4,3.5,e,-3.5,+1,5,5,5.5,f,-2.5,+1
sigma+,pi,67,115,72806.988701,1.497920e-01,4,4,3.5,e,+3.5,+1,5,5,4.5,f,+4.5,+1
sigma+,pi,66,114,72806.988703,2.139889e-02,4,4,3.5,e,+2.5,+1,5,5,4.5,f,+3.5,+1
sigma+,pi,65,113,72806.988704,1.783228e-03,4,4,3.5,e,+1.5,+1,5,5,4.5,f,+2.5,+1
sigma+,pi,64,112,72806.988706,3.184350e-02,4,4,3.5,e,+0.5,+1,5,5,4.5,f,+1.5,+1
sigma+,pi,63,111,72806.988708,6.878199e-02,4,4,3.5,e,-0.5,+1,5,5,4.5,f,+0.5,+1
sigma+,pi,62,110,72806.988710,8.610490e-02,4,4,3.5,e,-1.5,+1,5,5,4.5,f,-0.5,+1
sigma+,pi,61,109,72806.988712,7.362225e-02,4,4,3.5,e,-2.5,+1,5,5,4.5,f,-1.5,+1
sigma+,pi,60,108,72806.988714,3.744800e-02,4,4,3.5,e,-3.5,+1,5,5,4.5,f,-2.5,+1
sigma+,pi,85,139,72807.846702,1.681674e-01,4,4,4.5,e,+4.5,+1,5,5,5.5,f,+5.5,+1
sigma+,pi,84,138,72807.846704,4.246649e-02,4,4,4.5,e,+3.5,+1,5,5,5.5,f,+4.5,+1
sigma+,pi,83,137,72807.846705,1.358920e-03,4,4,4.5,e,+2.5,+1,5,5,5.5,f,+3.5,+1
sigma+,pi,82,136,72807.846706,9.512525e-03,4,4,4.5,e,+1.5,+1,5,5,5.5,f,+2.5,+1
sigma+,pi,81,135,72807.846707,3.884275e-02,4,4,4.5,e,+0.5,+1,5,5,5.5,f,+1.5,+1
sigma+,pi,80,134,72807.846709,6.851269e-02,4,4,4.5,e,-0.5,+1,5,5,5.5,f,+0.5,+1
sigma+,pi,79,133,72807.846710,8.493306e-02,4,4,4.5,e,-1.5,+1,5,5,5.5,f,-0.5,+1
sigma+,pi,78,132,72807.846711,8.176220e-02,4,4,4.5,e,-2.5,+1,5,5,5.5,f,-1.5,+1
sigma+,pi,77,131,72807.846713,5.990608e-02,4,4,4.5,e,-3.5,+1,5,5,5.5,f,-2.5,+1
sigma+,pi,76,130,72807.846714,2.751829e-02,4,4,4.5,e,-4.5,+1,5,5,5.5,f,-3.5,+1
sigma+,pi,76,107,72811.424167,6.125820e-03,4,4,4.5,e,-4.5,+1,5,5,4.5,f,-3.5,+1
sigma+,pi,77,108,72811.424167,6.125815e-03,4,4,4.5,e,-3.5,+1,5,5,4.5,f,-2.5,+1
sigma+,pi,78,109,72811.424167,3.573389e-03,4,4,4.5,e,-2.5,+1,5,5,4.5,f,-1.5,+1
sigma+,pi,79,110,72811.424167,1.020968e-03,4,4,4.5,e,-1.5,+1,5,5,4.5,f,-0.5,+1
sigma+,pi,81,112,72811.424167,1.020966e-03,4,4,4.5,e,+0.5,+1,5,5,4.5,f,+1.5,+1
sigma+,pi,82,113,72811.424167,3.573377e-03,4,4,4.5,e,+1.5,+1,5,5,4.5,f,+2.5,+1
sigma+,pi,83,114,72811.424167,6.125785e-03,4,4,4.5,e,+2.5,+1,5,5,4.5,f,+3.5,+1
sigma+,pi,84,115,72811.424167,6.125780e-03,4,4,4.5,e,+3.5,+1,5,5,4.5,f,+4.5,+1
sigma+,pi,15,66,101818.188008,2.144595e-02,2,2,1.5,e,+1.5,+1,4,4,3.5,e,+2.5,+1
sigma+,pi,14,65,101818.188018,2.144596e-02,2,2,1.5,e,+0.5,+1,4,4,3.5,e,+1.5,+1
sigma+,pi,13,64,101818.188027,1.286758e-02,2,2,1.5,e,-0.5,+1,4,4,3.5,e,+0.5,+1
sigma+,pi,12,63,101818.188037,4.289194e-03,2,2,1.5,e,-1.5,+1,4,4,3.5,e,-0.5,+1
sigma+,pi,25,84,101822.082207,1.852874e-02,2,2,2.5,e,+2.5,+1,4,4,4.5,e,+3.5,+1
sigma+,pi,24,83,101822.082212,2.316092e-02,2,2,2.5,e,+1.5,+1,4,4,4.5,e,+2.5,+1
sigma+,pi,23,82,101822.082217,1.985221e-02,2,2,2.5,e,+0.5,+1,4,4,4.5,e,+1.5,+1
sigma+,pi,22,81,101822.082222,1.323480e-02,2,2,2.5,e,-0.5,+1,4,4,4.5,e,+0.5,+1
sigma+,pi,21,80,101822.082228,6.617399e-03,2,2,2.5,e,-1.5,+1,4,4,4.5,e,-0.5,+1
sigma+,pi,20,79,101822.082233,1.985219e-03,2,2,2.5,e,-2.5,+1,4,4,4.5,e,-1.5,+1
sigma+,pi,25,67,101826.517674,2.307268e-03,2,2,2.5,e,+2.5,+1,4,4,3.5,e,+3.5,+1
sigma+,pi,24,66,101826.517677,6.592199e-05,2,2,2.5,e,+1.5,+1,4,4,3.5,e,+2.5,+1
sigma+,pi,23,65,101826.517680,3.955329e-04,2,2,2.5,e,+0.5,+1,4,4,3.5,e,+1.5,+1
sigma+,pi,22,64,101826.517683,1.292075e-03,2,2,2.5,e,-0.5,+1,4,4,3.5,e,+0.5,+1
sigma+,pi,21,63,101826.517686,1.595319e-03,2,2,2.5,e,-1.5,+1,4,4,3.5,e,-0.5,+1
sigma+,pi,20,62,101826.517690,9.888355e-04,2,2,2.5,e,-2.5,+1,4,4,3.5,e,-1.5,+1
sigma+,pi,19,74,101855.218007,1.214165e-01,2,2,1.5,f,+1.5,-1,4,4,3.5,f,+2.5,-1
sigma+,pi,18,73,101855.218017,1.214165e-01,2,2,1.5,f,+0.5,-1,4,4,3.5,f,+1.5,-1
sigma+,pi,17,72,101855.218026,7.284993e-02,2,2,1.5,f,-0.5,-1,4,4,3.5,f,+0.5,-1
sigma+,pi,16,71,101855.218036,2.428332e-02,2,2,1.5,f,-1.5,-1,4,4,3.5,f,-0.5,-1
sigma+,pi,31,94,101859.112206,1.049173e-01,2,2,2.5,f,+2.5,-1,4,4,4.5,f,+3.5,-1
sigma+,pi,30,93,101859.112211,1.311465e-01,2,2,2.5,f,+1.5,-1,4,4,4.5,f,+2.5,-1
sigma+,pi,29,92,101859.112217,1.124113e-01,2,2,2.5,f,+0.5,-1,4,4,4.5,f,+1.5,-1
sigma+,pi,28,91,101859.112222,7.494083e-02,2,2,2.5,f,-0.5,-1,4,4,4.5,f,+0.5,-1
sigma+,pi,27,90,101859.112227,3.747040e-02,2,2,2.5,f,-1.5,-1,4,4,4.5,f,-0.5,-1
sigma+,pi,26,89,101859.112232,1.124112e-02,2,2,2.5,f,-2.5,-1,4,4,4.5,f,-1.5,-1
sigma+,pi,31,75,101863.547673,1.313658e-02,2,2,2.5,f,+2.5,-1,4,4,3.5,f,+3.5,-1
sigma+,pi,30,74,101863.547676,3.753313e-04,2,2,2.5,f,+1.5,-1,4,4,3.5,f,+2.5,-1
sigma+,pi,29,73,101863.547679,2.251990e-03,2,2,2.5,f,+0.5,-1,4,4,3.5,f,+1.5,-1
sigma+,pi,28,72,101863.547683,7.356508e-03,2,2,2.5,f,-0.5,-1,4,4,3.5,f,+0.5,-1
sigma+,pi,27,71,101863.547686,9.083046e-03,2,2,2.5,f,-1.5,-1,4,4,3.5,f,-0.5,-1
sigma+,pi,26,70,101863.547689,5.629994e-03,2,2,2.5,f,-2.5,-1,4,4,3.5,f,-1.5,-1
sigma+,pi,37,104,130909.873139,2.001300e-02,3,3,2.5,e,+2.5,-1,5,5,4.5,e,+3.5,-1
sigma+,pi,36,103,130909.873143,2.501626e-02,3,3,2.5,e,+1.5,-1,5,5,4.5,e,+2.5,-1
sigma+,pi,35,102,130909.873147,2.144251e-02,3,3,2.5,e,+0.5,-1,5,5,4.5,e,+1.5,-1
sigma+,pi,34,101,130909.873151,1.429501e-02,3,3,2.5,e,-0.5,-1,5,5,4.5,e,+0.5,-1
sigma+,pi,33,100,130909.873155,7.147506e-03,3,3,2.5,e,-1.5,-1,5,5,4.5,e,-0.5,-1
sigma+,pi,32,99,130909.873159,2.144252e-03,3,3,2.5,e,-2.5,-1,5,5,4.5,e,-1.5,-1
sigma+,pi,51,126,130912.091865,1.736469e-02,3,3,3.5,e,+3.5,-1,5,5,5.5,e,+4.5,-1
sigma+,pi,50,125,130912.091867,2.431056e-02,3,3,3.5,e,+2.5,-1,5,5,5.5,e,+3.5,-1
sigma+,pi,49,124,130912.091870,2.431056e-02,3,3,3.5,e,+1.5,-1,5,5,5.5,e,+2.5,-1
sigma+,pi,48,123,130912.091872,2.025879e-02,3,3,3.5,e,+0.5,-1,5,5,5.5,e,+1.5,-1
sigma+,pi,47,122,130912.091874,1.447056e-02,3,3,3.5,e,-0.5,-1,5,5,5.5,e,+0.5,-1
sigma+,pi,46,121,130912.091877,8.682336e-03,3,3,3.5,e,-1.5,-1,5,5,5.5,e,-0.5,-1
sigma+,pi,45,120,130912.091879,4.051756e-03,3,3,3.5,e,-2.5,-1,5,5,5.5,e,-1.5,-1
sigma+,pi,44,119,130912.091881,1.157644e-03,3,3,3.5,e,-3.5,-1,5,5,5.5,e,-2.5,-1
sigma+,pi,11,66,130914.828503,6.960900e-11,1,1,1.5,f,+1.5,+1,4,4,3.5,e,+2.5,+1
sigma+,pi,10,65,130914.828518,6.960921e-11,1,1,1.5,f,+0.5,+1,4,4,3.5,e,+1.5,+1
sigma+,pi,9,64,130914.828533,4.176566e-11,1,1,1.5,f,-0.5,+1,4,4,3.5,e,+0.5,+1
sigma+,pi,8,63,130914.828548,1.392193e-11,1,1,1.5,f,-1.5,+1,4,4,3.5,e,-0.5,+1
sigma+,pi,51,105,130915.669329,1.729834e-03,3,3,3.5,e,+3.5,-1,5,5,4.5,e,+4.5,-1
sigma+,pi,50,104,130915.669330,2.471189e-04,3,3,3.5,e,+2.5,-1,5,5,4.5,e,+3.5,-1
sigma+,pi,49,103,130915.669331,2.059349e-05,3,3,3.5,e,+1.5,-1,5,5,4.5,e,+2.5,-1
sigma+,pi,48,102,130915.669332,3.677387e-04,3,3,3.5,e,+0.5,-1,5,5,4.5,e,+1.5,-1
sigma+,pi,47,101,130915.669333,7.943157e-04,3,3,3.5,e,-0.5,-1,5,5,4.5,e,+0.5,-1
sigma+,pi,46,100,130915.669334,9.943661e-04,3,3,3.5,e,-1.5,-1,5,5,4.5,e,-0.5,-1
sigma+,pi,45,99,130915.669335,8.502130e-04,3,3,3.5,e,-2.5,-1,5,5,4.5,e,-1.5,-1
sigma+,pi,44,98,130915.669336,4.324616e-04,3,3,3.5,e,-3.5,-1,5,5,4.5,e,-2.5,-1
sigma+,pi,43,114,130957.483138,1.133217e-01,3,3,2.5,f,+2.5,+1,5,5,4.5,f,+3.5,+1
sigma+,pi,42,113,130957.483142,1.416522e-01,3,3,2.5,f,+1.5,+1,5,5,4.5,f,+2.5,+1
sigma+,pi,41,112,130957.483146,1.214162e-01,3,3,2.5,f,+0.5,+1,5,5,4.5,f,+1.5,+1
sigma+,pi,40,111,130957.483150,8.094413e-02,3,3,2.5,f,-0.5,+1,5,5,4.5,f,+0.5,+1
sigma+,pi,39,110,130957.483154,4.047207e-02,3,3,2.5,f,-1.5,+1,5,5,4.5,f,-0.5,+1
sigma+,pi,38,109,130957.483158,1.214162e-02,3,3,2.5,f,-2.5,+1,5,5,4.5,f,-1.5,+1
sigma+,pi,59,138,130959.701864,9.833259e-02,3,3,3.5,f,+3.5,+1,5,5,5.5,f,+4.5,+1
sigma+,pi,58,137,130959.701867,1.376656e-01,3,3,3.5,f,+2.5,+1,5,5,5.5,f,+3.5,+1
sigma+,pi,57,136,130959.701869,1.376656e-01,3,3,3.5,f,+1.5,+1,5,5,5.5,f,+2.5,+1
sigma+,pi,56,135,130959.701871,1.147213e-01,3,3,3.5,f,+0.5,+1,5,5,5.5,f,+1.5,+1
sigma+,pi,55,134,130959.701874,8.194376e-02,3,3,3.5,f,-0.5,+1,5,5,5.5,f,+0.5,+1
sigma+,pi,54,133,130959.701876,4.916624e-02,3,3,3.5,f,-1.5,+1,5,5,5.5,f,-0.5,+1
sigma+,pi,53,132,130959.701879,2.294424e-02,3,3,3.5,f,-2.5,+1,5,5,5.5,f,-1.5,+1
sigma+,pi,52,131,130959.701881,6.555496e-03,3,3,3.5,f,-3.5,+1,5,5,5.5,f,-2.5,+1
sigma+,pi,59,115,130963.279328,9.849365e-03,3,3,3.5,f,+3.5,+1,5,5,4.5,f,+4.5,+1
sigma+,pi,58,114,130963.279329,1.407052e-03,3,3,3.5,f,+2.5,+1,5,5,4.5,f,+3.5,+1
sigma+,pi,57,113,130963.279330,1.172554e-04,3,3,3.5,f,+1.5,+1,5,5,4.5,f,+2.5,+1
sigma+,pi,56,112,130963.279331,2.093837e-03,3,3,3.5,f,+0.5,+1,5,5,4.5,f,+1.5,+1
sigma+,pi,55,111,130963.279332,4.522689e-03,3,3,3.5,f,-0.5,+1,5,5,4.5,f,+0.5,+1
sigma+,pi,54,110,130963.279333,5.661740e-03,3,3,3.5,f,-1.5,+1,5,5,4.5,f,-0.5,+1
sigma+,pi,53,109,130963.279334,4.840958e-03,3,3,3.5,f,-2.5,+1,5,5,4.5,f,-1.5,+1
sigma+,pi,52,108,130963.279335,2.462358e-03,3,3,3.5,f,-3.5,+1,5,5,4.5,f,-2.5,+1
sigma+,pi,7,74,130973.018497,6.768840e-09,1,1,1.5,e,+1.5,-1,4,4,3.5,f,+2.5,-1
sigma+,pi,6,73,130973.018513,6.768859e-09,1,1,1.5,e,+0.5,-1,4,4,3.5,f,+1.5,-1
sigma+,pi,5,72,130973.018529,4.061327e-09,1,1,1.5,e,-0.5,-1,4,4,3.5,f,+0.5,-1
sigma+,pi,4,71,130973.018544,1.353779e-09,1,1,1.5,e,-1.5,-1,4,4,3.5,f,-0.5,-1
sigma+,pi,31,104,174538.286378,1.732774e-10,2,2,2.5,f,+2.5,-1,5,5,4.5,e,+3.5,-1
sigma+,pi,30,103,174538.286382,2.165971e-10,2,2,2.5,f,+1.5,-1,5,5,4.5,e,+2.5,-1
sigma+,pi,29,102,174538.286386,1.856549e-10,2,2,2.5,f,+0.5,-1,5,5,4.5,e,+1.5,-1
sigma+,pi,28,101,174538.286391,1.237701e-10,2,2,2.5,f,-0.5,-1,5,5,4.5,e,+0.5,-1
sigma+,pi,27,100,174538.286395,6.188516e-11,2,2,2.5,f,-1.5,-1,5,5,4.5,e,-0.5,-1
sigma+,pi,26,99,174538.286399,1.856557e-11,2,2,2.5,f,-2.5,-1,5,5,4.5,e,-1.5,-1
sigma+,pi,25,114,174633.506370,2.983574e-09,2,2,2.5,e,+2.5,+1,5,5,4.5,f,+3.5,+1
sigma+,pi,24,113,174633.506376,3.729473e-09,2,2,2.5,e,+1.5,+1,5,5,4.5,f,+2.5,+1
sigma+,pi,23,112,174633.506381,3.196695e-09,2,2,2.5,e,+0.5,+1,5,5,4.5,f,+1.5,+1
sigma+,pi,22,111,174633.506386,2.131133e-09,2,2,2.5,e,-0.5,+1,5,5,4.5,f,+0.5,+1
sigma+,pi,21,110,174633.506391,1.065568e-09,2,2,2.5,e,-1.5,+1,5,5,4.5,f,-0.5,+1
sigma+,pi,20,109,174633.506396,3.196709e-10,2,2,2.5,e,-2.5,+1,5,5,4.5,f,-1.5,+1
sigma-,pi,109,20,-174633.506396,3.196709e-10,5,5,4.5,f,-1.5,+1,2,2,2.5,e,-2.5,+1
sigma-,pi,110,21,-174633.506391,1.065568e-09,5,5,4.5,f,-0.5,+1,2,2,2.5,e,-1.5,+1
sigma-,pi,111,22,-174633.506386,2.131133e-09,5,5,4.5,f,+0.5,+1,2,2,2.5,e,-0.5,+1
sigma-,pi,112,23,-174633.506381,3.196695e-09,5,5,4.5,f,+1.5,+1,2,2,2.5,e,+0.5,+1
sigma-,pi,113,24,-174633.506376,3.729473e-09,5,5,4.5,f,+2.5,+1,2,2,2.5,e,+1.5,+1
sigma-,pi,114,25,-174633.506370,2.983574e-09,5,5,4.5,f,+3.5,+1,2,2,2.5,e,+2.5,+1
sigma-,pi,99,26,-174538.286399,1.856557e-11,5,5,4.5,e,-1.5,-1,2,2,2.5,f,-2.5,-1
sigma-,pi,100,27,-174538.286395,6.188516e-11,5,5,4.5,e,-0.5,-1,2,2,2.5,f,-1.5,-1
sigma-,pi,101,28,-174538.286391,1.237701e-10,5,5,4.5,e,+0.5,-1,2,2,2.5,f,-0.5,-1
sigma-,pi,102,29,-174538.286386,1.856549e-10,5,5,4.5,e,+1.5,-1,2,2,2.5,f,+0.5,-1
sigma-,pi,103,30,-174538.286382,2.165971e-10,5,5,4.5,e,+2.5,-1,2,2,2.5,f,+1.5,-1
sigma-,pi,104,31,-174538.286378,1.732774e-10,5,5,4.5,e,+3.5,-1,2,2,2.5,f,+2.5,-1
sigma-,pi,71,4,-130973.018544,1.353779e-09,4,4,3.5,f,-0.5,-1,1,1,1.5,e,-1.5,-1
sigma-,pi,72,5,-130973.018529,4.061327e-09,4,4,3.5,f,+0.5,-1,1,1,1.5,e,-0.5,-1
sigma-,pi,73,6,-130973.018513,6.768859e-09,4,4,3.5,f,+1.5,-1,1,1,1.5,e,+0.5,-1
sigma-,pi,74,7,-130973.018497,6.768840e-09,4,4,3.5,f,+2.5,-1,1,1,1.5,e,+1.5,-1
sigma-,pi,108,52,-130963.279335,2.462358e-03,5,5,4.5,f,-2.5,+1,3,3,3.5,f,-3.5,+1
sigma-,pi,109,53,-130963.279334,4.840958e-03,5,5,4.5,f,-1.5,+1,3,3,3.5,f,-2.5,+1
sigma-,pi,110,54,-130963.279333,5.661740e-03,5,5,4.5,f,-0.5,+1,3,3,3.5,f,-1.5,+1
sigma-,pi,111,55,-130963.279332,4.522689e-03,5,5,4.5,f,+0.5,+1,3,3,3.5,f,-0.5,+1
sigma-,pi,112,56,-130963.279331,2.093837e-03,5,5,4.5,f,+1.5,+1,3,3,3.5,f,+0.5,+1
sigma-,pi,113,57,-130963.279330,1.172554e-04,5,5,4.5,f,+2.5,+1,3,3,3.5,f,+1.5,+1
sigma-,pi,114,58,-130963.279329,1.407052e-03,5,5,4.5,f,+3.5,+1,3,3,3.5,f,+2.5,+1
sigma-,pi,115,59,-130963.279328,9.849365e-03,5,5,4.5,f,+4.5,+1,3,3,3.5,f,+3.5,+1
sigma-,pi,131,52,-130959.701881,6.555496e-03,5,5,5.5,f,-2.5,+1,3,3,3.5,f,-3.5,+1
sigma-,pi,132,53,-130959.701879,2.294424e-02,5,5,5.5,f,-1.5,+1,3,3,3.5,f,-2.5,+1
sigma-,pi,133,54,-130959.701876,4.916624e-02,5,5,5.5,f,-0.5,+1,3,3,3.5,f,-1.5,+1
sigma-,pi,134,55,-130959.701874,8.194376e-02,5,5,5.5,f,+0.5,+1,3,3,3.5,f,-0.5,+1
sigma-,pi,135,56,-130959.701871,1.147213e-01,5,5,5.5,f,+1.5,+1,3,3,3.5,f,+0.5,+1
sigma-,pi,136,57,-130959.701869,1.376656e-01,5,5,5.5,f,+2.5,+1,3,3,3.5,f,+1.5,+1
sigma-,pi,137,58,-130959.701867,1.376656e-01,5,5,5.5,f,+3.5,+1,3,3,3.5,f,+2.5,+1
sigma-,pi,138,59,-130959.701864,9.833259e-02,5,5,5.5,f,+4.5,+1,3,3,3.5,f,+3.5,+1
sigma-,pi,109,38,-130957.483158,1.214162e-02,5,5,4.5,f,-1.5,+1,3,3,2.5,f,-2.5,+1
sigma-,pi,110,39,-130957.483154,4.047207e-02,5,5,4.5,f,-0.5,+1,3,3,2.5,f,-1.5,+1
sigma-,pi,111,40,-130957.483150,8.094413e-02,5,5,4.5,f,+0.5,+1,3,3,2.5,f,-0.5,+1
sigma-,pi,112,41,-130957.483146,1.214162e-01,5,5,4.5,f,+1.5,+1,3,3,2.5,f,+0.5,+1
sigma-,pi,113,42,-130957.483142,1.416522e-01,5,5,4.5,f,+2.5,+1,3,3,2.5,f,+1.5,+1
sigma-,pi,114,43,-130957.483138,1.133217e-01,5,5,4.5,f,+3.5,+1,3,3,2.5,f,+2.5,+1
sigma-,pi,98,44,-130915.669336,4.324616e-04,5,5,4.5,e,-2.5,-1,3,3,3.5,e,-3.5,-1
sigma-,pi,99,45,-130915.669335,8.502130e-04,5,5,4.5,e,-1.5,-1,3,3,3.5,e,-2.5,-1
sigma-,pi,100,46,-130915.669334,9.943661e-04,5,5,4.5,e,-0.5,-1,3,3,3.5,e,-1.5,-1
sigma-,pi,101,47,-130915.669333,7.943157e-04,5,5,4.5,e,+0.5,-1,3,3,3.5,e,-0.5,-1
sigma-,pi,102,48,-130915.669332,3.677387e-04,5,5,4.5,e,+1.5,-1,3,3,3.5,e,+0.5,-1
sigma-,pi,103,49,-130915.669331,2.059349e-05,5,5,4.5,e,+2.5,-1,3,3,3.5,e,+1.5,-1
sigma-,pi,104,50,-130915.669330,2.471189e-04,5,5,4.5,e,+3.5,-1,3,3,3.5,e,+2.5,-1
sigma-,pi,105,51,-130915.669329,1.729834e-03,5,5,4.5,e,+4.5,-1,3,3,3.5,e,+3.5,-1
sigma-,pi,63,8,-130914.828548,1.392193e-11,4,4,3.5,e,-0.5,+1,1,1,1.5,f,-1.5,+1
sigma-,pi,64,9,-130914.828533,4.176566e-11,4,4,3.5,e,+0.5,+1,1,1,1.5,f,-0.5,+1
sigma-,pi,65,10,-130914.828518,6.960921e-11,4,4,3.5,e,+1.5,+1,1,1,1.5,f,+0.5,+1
sigma-,pi,66,11,-130914.828503,6.960900e-11,4,4,3.5,e,+2.5,+1,1,1,1.5,f,+1.5,+1
sigma-,pi,119,44,-130912.091881,1.157644e-03,5,5,5.5,e,-2.5,-1,3,3,3.5,e,-3.5,-1
sigma-,pi,120,45,-130912.091879,4.051756e-03,5,5,5.5,e,-1.5,-1,3,3,3.5,e,-2.5,-1
sigma-,pi,121,46,-130912.091877,8.682336e-03,5,5,5.5,e,-0.5,-1,3,3,3.5,e,-1.5,-1
sigma-,pi,122,47,-130912.091874,1.447056e-02,5,5,5.5,e,+0.5,-1,3,3,3.5,e,-0.5,-1
sigma-,pi,123,48,-130912.091872,2.025879e-02,5,5,5.5,e,+1.5,-1,3,3,3.5,e,+0.5,-1
sigma-,pi,124,49,-130912.091870,2.431056e-02,5,5,5.5,e,+2.5,-1,3,3,3.5,e,+1.5,-1
sigma-,pi,125,50,-130912.091867,2.431056e-02,5,5,5.5,e,+3.5,-1,3,3,3.5,e,+2.5,-1
sigma-,pi,126,51,-130912.091865,1.736469e-02,5,5,5.5,e,+4.5,-1,3,3,3.5,e,+3.5,-1
sigma-,pi,99,32,-130909.873159,2.144252e-03,5,5,4.5,e,-1.5,-1,3,3,2.5,e,-2.5,-1
sigma-,pi,100,33,-130909.873155,7.147506e-03,5,5,4.5,e,-0.5,-1,3,3,2.5,e,-1.5,-1
sigma-,pi,101,34,-130909.873151,1.429501e-02,5,5,4.5,e,+0.5,-1,3,3,2.5,e,-0.5,-1
sigma-,pi,102,35,-130909.873147,2.144251e-02,5,5,4.5,e,+1.5,-1,3,3,2.5,e,+0.5,-1
sigma-,pi,103,36,-130909.873143,2.501626e-02,5,5,4.5,e,+2.5,-1,3,3,2.5,e,+1.5,-1
sigma-,pi,104,37,-130909.873139,2.001300e-02,5,5,4.5,e,+3.5,-1,3,3,2.5,e,+2.5,-1
sigma-,pi,70,26,-101863.547689,5.629994e-03,4,4,3.5,f,-1.5,-1,2,2,2.5,f,-2.5,-1
sigma-,pi,71,27,-101863.547686,9.083046e-03,4,4,3.5,f,-0.5,-1,2,2,2.5,f,-1.5,-1
sigma-,pi,72,28,-101863.547683,7.356508e-03,4,4,3.5,f,+0.5,-1,2,2,2.5,f,-0.5,-1
sigma-,pi,73,29,-101863.547679,2.251990e-03,4,4,3.5,f,+1.5,-1,2,2,2.5,f,+0.5,-1
sigma-,pi,74,30,-101863.547676,3.753313e-04,4,4,3.5,f,+2.5,-1,2,2,2.5,f,+1.5,-1
sigma-,pi,75,31,-101863.547673,1.313658e-02,4,4,3.5,f,+3.5,-1,2,2,2.5,f,+2.5,-1
sigma-,pi,89,26,-101859.112232,1.124112e-02,4,4,4.5,f,-1.5,-1,2,2,2.5,f,-2.5,-1
sigma-,pi,90,27,-101859.112227,3.747040e-02,4,4,4.5,f,-0.5,-1,2,2,2.5,f,-1.5,-1
sigma-,pi,91,28,-101859.112222,7.494083e-02,4,4,4.5,f,+0.5,-1,2,2,2.5,f,-0.5,-1
sigma-,pi,92,29,-101859.112217,1.124113e-01,4,4,4.5,f,+1.5,-1,2,2,2.5,f,+0.5,-1
sigma-,pi,93,30,-101859.112211,1.311465e-01,4,4,4.5,f,+2.5,-1,2,2,2.5,f,+1.5,-1
sigma-,pi,94,31,-101859.112206,1.049173e-01,4,4,4.5,f,+3.5,-1,2,2,2.5,f,+2.5,-1
sigma-,pi,71,16,-101855.218036,2.428332e-02,4,4,3.5,f,-0.5,-1,2,2,1.5,f,-1.5,-1
sigma-,pi,72,17,-101855.218026,7.284993e-02,4,4,3.5,f,+0.5,-1,2,2,1.5,f,-0.5,-1
sigma-,pi,73,18,-101855.218017,1.214165e-01,4,4,3.5,f,+1.5,-1,2,2,1.5,f,+0.5,-1
sigma-,pi,74,19,-101855.218007,1.214165e-01,4,4,3.5,f,+2.5,-1,2,2,1.5,f,+1.5,-1
sigma-,pi,62,20,-101826.517690,9.888355e-04,4,4,3.5,e,-1.5,+1,2,2,2.5,e,-2.5,+1
sigma-,pi,63,21,-101826.517686,1.595319e-03,4,4,3.5,e,-0.5,+1,2,2,2.5,e,-1.5,+1
sigma-,pi,64,22,-101826.517683,1.292075e-03,4,4,3.5,e,+0.5,+1,2,2,2.5,e,-0.5,+1
sigma-,pi,65,23,-101826.517680,3.955329e-04,4,4,3.5,e,+1.5,+1,2,2,2.5,e,+0.5,+1
sigma-,pi,66,24,-101826.517677,6.592199e-05,4,4,3.5,e,+2.5,+1,2,2,2.5,e,+1.5,+1
sigma-,pi,67,25,-101826.517674,2.307268e-03,4,4,3.5,e,+3.5,+1,2,2,2.5,e,+2.5,+1
sigma-,pi,79,20,-101822.082233,1.985219e-03,4,4,4.5,e,-1.5,+1,2,2,2.5,e,-2.5,+1
sigma-,pi,80,21,-101822.082228,6.617399e-03,4,4,4.5,e,-0.5,+1,2,2,2.5,e,-1.5,+1
sigma-,pi,81,22,-101822.082222,1.323480e-02,4,4,4.5,e,+0.5,+1,2,2,2.5,e,-0.5,+1
sigma-,pi,82,23,-101822.082217,1.985221e-02,4,4,4.5,e,+1.5,+1,2,2,2.5,e,+0.5,+1
sigma-,pi,83,24,-101822.082212,2.316092e-02,4,4,4.5,e,+2.5,+1,2,2,2.5,e,+1.5,+1
sigma-,pi,84,25,-101822.082207,1.852874e-02,4,4,4.5,e,+3.5,+1,2,2,2.5,e,+2.5,+1
sigma-,pi,63,12,-101818.188037,4.289194e-03,4,4,3.5,e,-0.5,+1,2,2,1.5,e,-1.5,+1
sigma-,pi,64,13,-101818.188027,1.286758e-02,4,4,3.5,e,+0.5,+1,2,2,1.5,e,-0.5,+1
sigma-,pi,65,14,-101818.188018,2.144596e-02,4,4,3.5,e,+1.5,+1,2,2,1.5,e,+0.5,+1
sigma-,pi,66,15,-101818.188008,2.144595e-02,4,4,3.5,e,+2.5,+1,2,2,1.5,e,+1.5,+1
sigma-,pi,115,84,-72811.424167,6.125780e-03,5,5,4.5,f,+4.5,+1,4,4,4.5,e,+3.5,+1
sigma-,pi,114,83,-72811.424167,6.125785e-03,5,5,4.5,f,+3.5,+1,4,4,4.5,e,+2.5,+1
sigma-,pi,113,82,-72811.424167,3.573377e-03,5,5,4.5,f,+2.5,+1,4,4,4.5,e,+1.5,+1
sigma-,pi,112,81,-72811.424167,1.020966e-03,5,5,4.5,f,+1.5,+1,4,4,4.5,e,+0.5,+1
sigma-,pi,110,79,-72811.424167,1.020968e-03,5,5,4.5,f,-0.5,+1,4,4,4.5,e,-1.5,+1
sigma-,pi,109,78,-72811.424167,3.573389e-03,5,5,4.5,f,-1.5,+1,4,4,4.5,e,-2.5,+1
sigma-,pi,108,77,-72811.424167,6.125815e-03,5,5,4.5,f,-2.5,+1,4,4,4.5,e,-3.5,+1
sigma-,pi,107,76,-72811.424167,6.125820e-03,5,5,4.5,f,-3.5,+1,4,4,4.5,e,-4.5,+1
sigma-,pi,130,76,-72807.846714,2.751829e-02,5,5,5.5,f,-3.5,+1,4,4,4.5,e,-4.5,+1
sigma-,pi,131,77,-72807.846713,5.990608e-02,5,5,5.5,f,-2.5,+1,4,4,4.5,e,-3.5,+1
sigma-,pi,132,78,-72807.846711,8.176220e-02,5,5,5.5,f,-1.5,+1,4,4,4.5,e,-2.5,+1
sigma-,pi,133,79,-72807.846710,8.493306e-02,5,5,5.5,f,-0.5,+1,4,4,4.5,e,-1.5,+1
sigma-,pi,134,80,-72807.846709,6.851269e-02,5,5,5.5,f,+0.5,+1,4,4,4.5,e,-0.5,+1
sigma-,pi,135,81,-72807.846707,3.884275e-02,5,5,5.5,f,+1.5,+1,4,4,4.5,e,+0.5,+1
sigma-,pi,136,82,-72807.846706,9.512525e-03,5,5,5.5,f,+2.5,+1,4,4,4.5,e,+1.5,+1
sigma-,pi,137,83,-72807.846705,1.358920e-03,5,5,5.5,f,+3.5,+1,4,4,4.5,e,+2.5,+1
sigma-,pi,138,84,-72807.846704,4.246649e-02,5,5,5.5,f,+4.5,+1,4,4,4.5,e,+3.5,+1
sigma-,pi,139,85,-72807.846702,1.681674e-01,5,5,5.5,f,+5.5,+1,4,4,4.5,e,+4.5,+1
sigma-,pi,108,60,-72806.988714,3.744800e-02,5,5,4.5,f,-2.5,+1,4,4,3.5,e,-3.5,+1
sigma-,pi,109,61,-72806.988712,7.362225e-02,5,5,4.5,f,-1.5,+1,4,4,3.5,e,-2.5,+1
sigma-,pi,110,62,-72806.988710,8.610490e-02,5,5,4.5,f,-0.5,+1,4,4,3.5,e,-1.5,+1
sigma-,pi,111,63,-72806.988708,6.878199e-02,5,5,4.5,f,+0.5,+1,4,4,3.5,e,-0.5,+1
sigma-,pi,112,64,-72806.988706,3.184350e-02,5,5,4.5,f,+1.5,+1,4,4,3.5,e,+0.5,+1
sigma-,pi,113,65,-72806.988704,1.783228e-03,5,5,4.5,f,+2.5,+1,4,4,3.5,e,+1.5,+1
sigma-,pi,114,66,-72806.988703,2.139889e-02,5,5,4.5,f,+3.5,+1,4,4,3.5,e,+2.5,+1
sigma-,pi,115,67,-72806.988701,1.497920e-01,5,5,4.5,f,+4.5,+1,4,4,3.5,e,+3.5,+1
sigma-,pi,131,60,-72803.411260,2.267766e-04,5,5,5.5,f,-2.5,+1,4,4,3.5,e,-3.5,+1
sigma-,pi,132,61,-72803.411256,7.937176e-04,5,5,5.5,f,-1.5,+1,4,4,3.5,e,-2.5,+1
sigma-,pi,133,62,-72803.411253,1.700822e-03,5,5,5.5,f,-0.5,+1,4,4,3.5,e,-1.5,+1
sigma-,pi,134,63,-72803.411250,2.834701e-03,5,5,5.5,f,+0.5,+1,4,4,3.5,e,-0.5,+1
sigma-,pi,135,64,-72803.411247,3.968578e-03,5,5,5.5,f,+1.5,+1,4,4,3.5,e,+0.5,+1
sigma-,pi,136,65,-72803.411243,4.762289e-03,5,5,5.5,f,+2.5,+1,4,4,3.5,e,+1.5,+1
sigma-,pi,137,66,-72803.411240,4.762285e-03,5,5,5.5,f,+3.5,+1,4,4,3.5,e,+2.5,+1
sigma-,pi,138,67,-72803.411237,3.401629e-03,5,5,5.5,f,+4.5,+1,4,4,3.5,e,+3.5,+1
sigma-,pi,40,8,-72764.334106,1.459202e-02,3,3,2.5,f,-0.5,+1,1,1,1.5,f,-1.5,+1
sigma-,pi,41,9,-72764.334093,1.351109e-02,3,3,2.5,f,+0.5,+1,1,1,1.5,f,-0.5,+1
sigma-,pi,42,10,-72764.334081,1.080880e-03,3,3,2.5,f,+1.5,+1,1,1,1.5,f,+0.5,+1
sigma-,pi,43,11,-72764.334068,1.621328e-02,3,3,2.5,f,+2.5,+1,1,1,1.5,f,+1.5,+1
sigma-,pi,55,8,-72758.537924,1.942157e-02,3,3,3.5,f,-0.5,+1,1,1,1.5,f,-1.5,+1
sigma-,pi,56,9,-72758.537908,5.826476e-02,3,3,3.5,f,+0.5,+1,1,1,1.5,f,-0.5,+1
sigma-,pi,57,10,-72758.537892,9.710800e-02,3,3,3.5,f,+1.5,+1,1,1,1.5,f,+0.5,+1
sigma-,pi,58,11,-72758.537877,9.710807e-02,3,3,3.5,f,+2.5,+1,1,1,1.5,f,+1.5,+1
sigma-,pi,41,2,-72749.286502,5.288653e-02,3,3,2.5,f,+0.5,+1,1,1,0.5,f,-0.5,+1
sigma-,pi,42,3,-72749.286465,1.057730e-01,3,3,2.5,f,+1.5,+1,1,1,0.5,f,+0.5,+1
sigma-,pi,34,4,-72737.884107,2.563191e-03,3,3,2.5,e,-0.5,-1,1,1,1.5,e,-1.5,-1
sigma-,pi,35,5,-72737.884094,2.373318e-03,3,3,2.5,e,+0.5,-1,1,1,1.5,e,-0.5,-1
sigma-,pi,36,6,-72737.884082,1.898643e-04,3,3,2.5,e,+1.5,-1,1,1,1.5,e,+0.5,-1
sigma-,pi,37,7,-72737.884069,2.847975e-03,3,3,2.5,e,+2.5,-1,1,1,1.5,e,+1.5,-1
sigma-,pi,47,4,-72732.087925,3.430457e-03,3,3,3.5,e,-0.5,-1,1,1,1.5,e,-1.5,-1
sigma-,pi,48,5,-72732.087909,1.029138e-02,3,3,3.5,e,+0.5,-1,1,1,1.5,e,-0.5,-1
sigma-,pi,49,6,-72732.087893,1.715231e-02,3,3,3.5,e,+1.5,-1,1,1,1.5,e,+0.5,-1
sigma-,pi,50,7,-72732.087878,1.715232e-02,3,3,3.5,e,+2.5,-1,1,1,1.5,e,+1.5,-1
sigma-,pi,35,0,-72722.836505,9.346686e-03,3,3,2.5,e,+0.5,-1,1,1,0.5,e,-0.5,-1
sigma-,pi,36,1,-72722.836468,1.869335e-02,3,3,2.5,e,+1.5,-1,1,1,0.5,e,+0.5,-1
sigma-,pi,105,94,-72679.174177,7.206259e-04,5,5,4.5,e,+4.5,-1,4,4,4.5,f,+3.5,-1
sigma-,pi,104,93,-72679.174176,7.206262e-04,5,5,4.5,e,+3.5,-1,4,4,4.5,f,+2.5,-1
sigma-,pi,103,92,-72679.174175,4.203654e-04,5,5,4.5,e,+2.5,-1,4,4,4.5,f,+1.5,-1
sigma-,pi,102,91,-72679.174173,1.201043e-04,5,5,4.5,e,+1.5,-1,4,4,4.5,f,+0.5,-1
sigma-,pi,100,89,-72679.174171,1.201051e-04,5,5,4.5,e,-0.5,-1,4,4,4.5,f,-1.5,-1
sigma-,pi,99,88,-72679.174170,4.203674e-04,5,5,4.5,e,-1.5,-1,4,4,4.5,f,-2.5,-1
sigma-,pi,98,87,-72679.174169,7.206300e-04,5,5,4.5,e,-2.5,-1,4,4,4.5,f,-3.5,-1
sigma-,pi,97,86,-72679.174168,7.206303e-04,5,5,4.5,e,-3.5,-1,4,4,4.5,f,-4.5,-1
sigma-,pi,118,86,-72675.596715,3.224377e-03,5,5,5.5,e,-3.5,-1,4,4,4.5,f,-4.5,-1
sigma-,pi,119,87,-72675.596715,7.019325e-03,5,5,5.5,e,-2.5,-1,4,4,4.5,f,-3.5,-1
sigma-,pi,120,88,-72675.596714,9.580254e-03,5,5,5.5,e,-1.5,-1,4,4,4.5,f,-2.5,-1
sigma-,pi,121,89,-72675.596714,9.951790e-03,5,5,5.5,e,-0.5,-1,4,4,4.5,f,-1.5,-1
sigma-,pi,122,90,-72675.596714,8.027780e-03,5,5,5.5,e,+0.5,-1,4,4,4.5,f,-0.5,-1
sigma-,pi,123,91,-72675.596713,4.551290e-03,5,5,5.5,e,+1.5,-1,4,4,4.5,f,+0.5,-1
sigma-,pi,124,92,-72675.596713,1.114603e-03,5,5,5.5,e,+2.5,-1,4,4,4.5,f,+1.5,-1
sigma-,pi,125,93,-72675.596713,1.592276e-04,5,5,5.5,e,+3.5,-1,4,4,4.5,f,+2.5,-1
sigma-,pi,126,94,-72675.596713,4.975891e-03,5,5,5.5,e,+4.5,-1,4,4,4.5,f,+3.5,-1
sigma-,pi,127,95,-72675.596712,1.970454e-02,5,5,5.5,e,+5.5,-1,4,4,4.5,f,+4.5,-1
sigma-,pi,98,68,-72674.738715,4.390708e-03,5,5,4.5,e,-2.5,-1,4,4,3.5,f,-3.5,-1
sigma-,pi,99,69,-72674.738715,8.632071e-03,5,5,4.5,e,-1.5,-1,4,4,3.5,f,-2.5,-1
sigma-,pi,100,70,-72674.738714,1.009564e-02,5,5,4.5,e,-0.5,-1,4,4,3.5,f,-1.5,-1
sigma-,pi,101,71,-72674.738713,8.064560e-03,5,5,4.5,e,+0.5,-1,4,4,3.5,f,-0.5,-1
sigma-,pi,102,72,-72674.738712,3.733590e-03,5,5,4.5,e,+1.5,-1,4,4,3.5,f,+0.5,-1
sigma-,pi,103,73,-72674.738712,2.090801e-04,5,5,4.5,e,+2.5,-1,4,4,3.5,f,+1.5,-1
sigma-,pi,104,74,-72674.738711,2.508980e-03,5,5,4.5,e,+3.5,-1,4,4,3.5,f,+2.5,-1
sigma-,pi,105,75,-72674.738710,1.756284e-02,5,5,4.5,e,+4.5,-1,4,4,3.5,f,+3.5,-1
sigma-,pi,119,68,-72671.161261,2.658667e-05,5,5,5.5,e,-2.5,-1,4,4,3.5,f,-3.5,-1
sigma-,pi,120,69,-72671.161259,9.305322e-05,5,5,5.5,e,-1.5,-1,4,4,3.5,f,-2.5,-1
sigma-,pi,121,70,-72671.161257,1.993995e-04,5,5,5.5,e,-0.5,-1,4,4,3.5,f,-1.5,-1
sigma-,pi,122,71,-72671.161255,3.323320e-04,5,5,5.5,e,+0.5,-1,4,4,3.5,f,-0.5,-1
sigma-,pi,123,72,-72671.161253,4.652641e-04,5,5,5.5,e,+1.5,-1,4,4,3.5,f,+0.5,-1
sigma-,pi,124,73,-72671.161250,5.583161e-04,5,5,5.5,e,+2.5,-1,4,4,3.5,f,+1.5,-1
sigma-,pi,125,74,-72671.161248,5.583153e-04,5,5,5.5,e,+3.5,-1,4,4,3.5,f,+2.5,-1
sigma-,pi,126,75,-72671.161246,3.987961e-04,5,5,5.5,e,+4.5,-1,4,4,3.5,f,+3.5,-1
sigma-,pi,69,44,-58240.930626,1.239884e-02,4,4,3.5,f,-2.5,-1,3,3,3.5,e,-3.5,-1
sigma-,pi,70,45,-58240.930625,9.446727e-03,4,4,3.5,f,-1.5,-1,3,3,3.5,e,-2.5,-1
sigma-,pi,71,46,-58240.930625,2.952099e-03,4,4,3.5,f,-0.5,-1,3,3,3.5,e,-1.5,-1
sigma-,pi,73,48,-58240.930625,2.952094e-03,4,4,3.5,f,+1.5,-1,3,3,3.5,e,+0.5,-1
sigma-,pi,74,49,-58240.930625,9.446691e-03,4,4,3.5,f,+2.5,-1,3,3,3.5,e,+1.5,-1
sigma-,pi,75,50,-58240.930624,1.239877e-02,4,4,3.5,f,+3.5,-1,3,3,3.5,e,+2.5,-1
sigma-,pi,88,44,-58236.495170,4.332925e-02,4,4,4.5,f,-2.5,-1,3,3,3.5,e,-3.5,-1
sigma-,pi,89,45,-58236.495168,8.518475e-02,4,4,4.5,f,-1.5,-1,3,3,3.5,e,-2.5,-1
sigma-,pi,90,46,-58236.495166,9.962788e-02,4,4,4.5,f,-0.5,-1,3,3,3.5,e,-1.5,-1
sigma-,pi,91,47,-58236.495164,7.958444e-02,4,4,4.5,f,+0.5,-1,3,3,3.5,e,-0.5,-1
sigma-,pi,92,48,-58236.495162,3.684468e-02,4,4,4.5,f,+1.5,-1,3,3,3.5,e,+0.5,-1
sigma-,pi,93,49,-58236.495160,2.063314e-03,4,4,4.5,f,+2.5,-1,3,3,3.5,e,+1.5,-1
sigma-,pi,94,50,-58236.495158,2.475955e-02,4,4,4.5,f,+3.5,-1,3,3,3.5,e,+2.5,-1
sigma-,pi,95,51,-58236.495156,1.733171e-01,4,4,4.5,f,+4.5,-1,3,3,3.5,e,+3.5,-1
sigma-,pi,70,32,-58235.134450,6.138984e-02,4,4,3.5,f,-1.5,-1,3,3,2.5,e,-2.5,-1
sigma-,pi,71,33,-58235.134446,9.904224e-02,4,4,3.5,f,-0.5,-1,3,3,2.5,e,-1.5,-1
sigma-,pi,72,34,-58235.134443,8.021599e-02,4,4,3.5,f,+0.5,-1,3,3,2.5,e,-0.5,-1
sigma-,pi,73,35,-58235.134440,2.455589e-02,4,4,3.5,f,+1.5,-1,3,3,2.5,e,+0.5,-1
sigma-,pi,74,36,-58235.134436,4.092675e-03,4,4,3.5,f,+2.5,-1,3,3,2.5,e,+1.5,-1
sigma-,pi,75,37,-58235.134433,1.432430e-01,4,4,3.5,f,+3.5,-1,3,3,2.5,e,+2.5,-1
sigma-,pi,89,32,-58230.698992,7.869562e-04,4,4,4.5,f,-1.5,-1,3,3,2.5,e,-2.5,-1
sigma-,pi,90,33,-58230.698987,2.623185e-03,4,4,4.5,f,-0.5,-1,3,3,2.5,e,-1.5,-1
sigma-,pi,91,34,-58230.698982,5.246365e-03,4,4,4.5,f,+0.5,-1,3,3,2.5,e,-0.5,-1
sigma-,pi,92,35,-58230.698977,7.869540e-03,4,4,4.5,f,+1.5,-1,3,3,2.5,e,+0.5,-1
sigma-,pi,93,36,-58230.698972,9.181122e-03,4,4,4.5,f,+2.5,-1,3,3,2.5,e,+1.5,-1
sigma-,pi,94,37,-58230.698966,7.344891e-03,4,4,4.5,f,+3.5,-1,3,3,2.5,e,+2.5,-1
sigma-,pi,67,58,-58156.290633,7.204874e-04,4,4,3.5,e,+3.5,+1,3,3,3.5,f,+2.5,+1
sigma-,pi,66,57,-58156.290632,5.489432e-04,4,4,3.5,e,+2.5,+1,3,3,3.5,f,+1.5,+1
sigma-,pi,65,56,-58156.290631,1.715448e-04,4,4,3.5,e,+1.5,+1,3,3,3.5,f,+0.5,+1
sigma-,pi,63,54,-58156.290629,1.715454e-04,4,4,3.5,e,-0.5,+1,3,3,3.5,f,-1.5,+1
sigma-,pi,62,53,-58156.290628,5.489455e-04,4,4,3.5,e,-1.5,+1,3,3,3.5,f,-2.5,+1
sigma-,pi,61,52,-58156.290627,7.204915e-04,4,4,3.5,e,-2.5,+1,3,3,3.5,f,-3.5,+1
sigma-,pi,78,52,-58151.855172,2.502289e-03,4,4,4.5,e,-2.5,+1,3,3,3.5,f,-3.5,+1
sigma-,pi,79,53,-58151.855171,4.919468e-03,4,4,4.5,e,-1.5,+1,3,3,3.5,f,-2.5,+1
sigma-,pi,80,54,-58151.855170,5.753567e-03,4,4,4.5,e,-0.5,+1,3,3,3.5,f,-1.5,+1
sigma-,pi,81,55,-58151.855169,4.596047e-03,4,4,4.5,e,+0.5,+1,3,3,3.5,f,-0.5,+1
sigma-,pi,82,56,-58151.855168,2.127802e-03,4,4,4.5,e,+1.5,+1,3,3,3.5,f,+0.5,+1
sigma-,pi,83,57,-58151.855167,1.191576e-04,4,4,4.5,e,+2.5,+1,3,3,3.5,f,+1.5,+1
sigma-,pi,84,58,-58151.855166,1.429879e-03,4,4,4.5,e,+3.5,+1,3,3,3.5,f,+2.5,+1
sigma-,pi,85,59,-58151.855165,1.000917e-02,4,4,4.5,e,+4.5,+1,3,3,3.5,f,+3.5,+1
sigma-,pi,62,38,-58150.494452,3.549372e-03,4,4,3.5,e,-1.5,+1,3,3,2.5,f,-2.5,+1
sigma-,pi,63,39,-58150.494450,5.726318e-03,4,4,3.5,e,-0.5,+1,3,3,2.5,f,-1.5,+1
sigma-,pi,64,40,-58150.494448,4.637843e-03,4,4,3.5,e,+0.5,+1,3,3,2.5,f,-0.5,+1
sigma-,pi,65,41,-58150.494445,1.419746e-03,4,4,3.5,e,+1.5,+1,3,3,2.5,f,+0.5,+1
sigma-,pi,66,42,-58150.494443,2.366259e-04,4,4,3.5,e,+2.5,+1,3,3,2.5,f,+1.5,+1
sigma-,pi,67,43,-58150.494441,8.281871e-03,4,4,3.5,e,+3.5,+1,3,3,2.5,f,+2.5,+1
sigma-,pi,79,38,-58146.058995,4.549938e-05,4,4,4.5,e,-1.5,+1,3,3,2.5,f,-2.5,+1
sigma-,pi,80,39,-58146.058991,1.516644e-04,4,4,4.5,e,-0.5,+1,3,3,2.5,f,-1.5,+1
sigma-,pi,81,40,-58146.058987,3.033284e-04,4,4,4.5,e,+0.5,+1,3,3,2.5,f,-0.5,+1
sigma-,pi,82,41,-58146.058983,4.549920e-04,4,4,4.5,e,+1.5,+1,3,3,2.5,f,+0.5,+1
sigma-,pi,83,42,-58146.058979,5.308232e-04,4,4,4.5,e,+2.5,+1,3,3,2.5,f,+1.5,+1
sigma-,pi,84,43,-58146.058975,4.246580e-04,4,4,4.5,e,+3.5,+1,3,3,2.5,f,+2.5,+1
sigma-,pi,39,20,-43676.023246,3.033985e-02,3,3,2.5,f,-1.5,+1,2,2,2.5,e,-2.5,+1
sigma-,pi,40,21,-43676.023245,1.213592e-02,3,3,2.5,f,-0.5,+1,2,2,2.5,e,-1.5,+1
sigma-,pi,42,23,-43676.023243,1.213590e-02,3,3,2.5,f,+1.5,+1,2,2,2.5,e,+0.5,+1
sigma-,pi,43,24,-43676.023241,3.033969e-02,3,3,2.5,f,+2.5,+1,2,2,2.5,e,+1.5,+1
sigma-,pi,54,20,-43670.227067,7.575701e-02,3,3,3.5,f,-1.5,+1,2,2,2.5,e,-2.5,+1
sigma-,pi,55,21,-43670.227063,1.222214e-01,3,3,3.5,f,-0.5,+1,2,2,2.5,e,-1.5,+1
sigma-,pi,56,22,-43670.227058,9.898932e-02,3,3,3.5,f,+0.5,+1,2,2,2.5,e,-0.5,+1
sigma-,pi,57,23,-43670.227054,3.030291e-02,3,3,3.5,f,+1.5,+1,2,2,2.5,e,+0.5,+1
sigma-,pi,58,24,-43670.227050,5.050441e-03,3,3,3.5,f,+2.5,+1,2,2,2.5,e,+1.5,+1
sigma-,pi,59,25,-43670.227046,1.767665e-01,3,3,3.5,f,+3.5,+1,2,2,2.5,e,+2.5,+1
sigma-,pi,40,12,-43667.693596,1.090410e-01,3,3,2.5,f,-0.5,+1,2,2,1.5,e,-1.5,+1
sigma-,pi,41,13,-43667.693588,1.009638e-01,3,3,2.5,f,+0.5,+1,2,2,1.5,e,-0.5,+1
sigma-,pi,42,14,-43667.693580,8.077070e-03,3,3,2.5,f,+1.5,+1,2,2,1.5,e,+0.5,+1
sigma-,pi,43,15,-43667.693573,1.211568e-01,3,3,2.5,f,+2.5,+1,2,2,1.5,e,+1.5,+1
sigma-,pi,55,12,-43661.897413,4.044310e-03,3,3,3.5,f,-0.5,+1,2,2,1.5,e,-1.5,+1
sigma-,pi,56,13,-43661.897403,1.213292e-02,3,3,3.5,f,+0.5,+1,2,2,1.5,e,-0.5,+1
sigma-,pi,57,14,-43661.897392,2.022151e-02,3,3,3.5,f,+1.5,+1,2,2,1.5,e,+0.5,+1
sigma-,pi,58,15,-43661.897381,2.022149e-02,3,3,3.5,f,+2.5,+1,2,2,1.5,e,+1.5,+1
sigma-,pi,33,26,-43628.413248,3.138275e-04,3,3,2.5,e,-1.5,-1,2,2,2.5,f,-2.5,-1
sigma-,pi,34,27,-43628.413248,1.255309e-04,3,3,2.5,e,-0.5,-1,2,2,2.5,f,-1.5,-1
sigma-,pi,36,29,-43628.413248,1.255305e-04,3,3,2.5,e,+1.5,-1,2,2,2.5,f,+0.5,-1
sigma-,pi,37,30,-43628.413248,3.138259e-04,3,3,2.5,e,+2.5,-1,2,2,2.5,f,+1.5,-1
sigma-,pi,46,26,-43622.617069,7.710286e-04,3,3,3.5,e,-1.5,-1,2,2,2.5,f,-2.5,-1
sigma-,pi,47,27,-43622.617066,1.243927e-03,3,3,3.5,e,-0.5,-1,2,2,2.5,f,-1.5,-1
sigma-,pi,48,28,-43622.617063,1.007479e-03,3,3,3.5,e,+0.5,-1,2,2,2.5,f,-0.5,-1
sigma-,pi,49,29,-43622.617060,3.084126e-04,3,3,3.5,e,+1.5,-1,2,2,2.5,f,+0.5,-1
sigma-,pi,50,30,-43622.617057,5.140164e-05,3,3,3.5,e,+2.5,-1,2,2,2.5,f,+1.5,-1
sigma-,pi,51,31,-43622.617054,1.799069e-03,3,3,3.5,e,+3.5,-1,2,2,2.5,f,+2.5,-1
sigma-,pi,34,16,-43620.083598,1.113195e-03,3,3,2.5,e,-0.5,-1,2,2,1.5,f,-1.5,-1
sigma-,pi,35,17,-43620.083592,1.030735e-03,3,3,2.5,e,+0.5,-1,2,2,1.5,f,-0.5,-1
sigma-,pi,36,18,-43620.083586,8.245844e-05,3,3,2.5,e,+1.5,-1,2,2,1.5,f,+0.5,-1
sigma-,pi,37,19,-43620.083579,1.236884e-03,3,3,2.5,e,+2.5,-1,2,2,1.5,f,+1.5,-1
sigma-,pi,47,16,-43614.287416,4.134254e-05,3,3,3.5,e,-0.5,-1,2,2,1.5,f,-1.5,-1
sigma-,pi,48,17,-43614.287407,1.240274e-04,3,3,3.5,e,+0.5,-1,2,2,1.5,f,-0.5,-1
sigma-,pi,49,18,-43614.287397,2.067121e-04,3,3,3.5,e,+1.5,-1,2,2,1.5,f,+0.5,-1
sigma-,pi,50,19,-43614.287388,2.067119e-04,3,3,3.5,e,+2.5,-1,2,2,1.5,f,+1.5,-1
sigma-,pi,17,4,-29117.800523,9.904452e-02,2,2,1.5,f,-0.5,-1,1,1,1.5,e,-1.5,-1
sigma-,pi,19,6,-29117.800511,9.904408e-02,2,2,1.5,f,+1.5,-1,1,1,1.5,e,+0.5,-1
sigma-,pi,28,4,-29109.470867,1.484754e-01,2,2,2.5,f,-0.5,-1,1,1,1.5,e,-1.5,-1
sigma-,pi,29,5,-29109.470855,1.374776e-01,2,2,2.5,f,+0.5,-1,1,1,1.5,e,-0.5,-1
sigma-,pi,30,6,-29109.470842,1.099832e-02,2,2,2.5,f,+1.5,-1,1,1,1.5,e,+0.5,-1
sigma-,pi,31,7,-29109.470830,1.649729e-01,2,2,2.5,f,+2.5,-1,1,1,1.5,e,+1.5,-1
sigma-,pi,18,0,-29102.752928,1.484436e-01,2,2,1.5,f,+0.5,-1,1,1,0.5,e,-0.5,-1
sigma-,pi,19,1,-29102.752897,4.948153e-02,2,2,1.5,f,+1.5,-1,1,1,0.5,e,+0.5,-1
sigma-,pi,13,8,-29096.640526,9.971315e-04,2,2,1.5,e,-0.5,+1,1,1,1.5,f,-1.5,+1
sigma-,pi,15,10,-29096.640516,9.971270e-04,2,2,1.5,e,+1.5,+1,1,1,1.5,f,+0.5,+1
sigma-,pi,29,0,-29094.423266,4.398663e-02,2,2,2.5,f,+0.5,-1,1,1,0.5,e,-0.5,-1
sigma-,pi,30,1,-29094.423228,8.797314e-02,2,2,2.5,f,+1.5,-1,1,1,0.5,e,+0.5,-1
sigma-,pi,22,8,-29088.310870,1.521569e-03,2,2,2.5,e,-0.5,+1,1,1,1.5,f,-1.5,+1
sigma-,pi,23,9,-29088.310859,1.408864e-03,2,2,2.5,e,+0.5,+1,1,1,1.5,f,-0.5,+1
sigma-,pi,24,10,-29088.310847,1.127102e-04,2,2,2.5,e,+1.5,+1,1,1,1.5,f,+0.5,+1
sigma-,pi,25,11,-29088.310836,1.690634e-03,2,2,2.5,e,+2.5,+1,1,1,1.5,f,+1.5,+1
sigma-,pi,14,2,-29081.592930,1.525161e-03,2,2,1.5,e,+0.5,+1,1,1,0.5,f,-0.5,+1
sigma-,pi,15,3,-29081.592900,5.083901e-04,2,2,1.5,e,+1.5,+1,1,1,0.5,f,+0.5,+1
sigma-,pi,23,2,-29073.263268,4.468680e-04,2,2,2.5,e,+0.5,+1,1,1,0.5,f,-0.5,+1
sigma-,pi,24,3,-29073.263231,8.937348e-04,2,2,2.5,e,+1.5,+1,1,1,0.5,f,+0.5,+1
sigma-,pi,3,9,-15.047636,1.784748e-01,1,1,0.5,f,+0.5,+1,1,1,1.5,f,-0.5,+1
sigma-,pi,1,5,-15.047635,3.155621e-02,1,1,0.5,e,+0.5,-1,1,1,1.5,e,-0.5,-1
sigma-,pi,2,8,-15.047612,5.949181e-02,1,1,0.5,f,-0.5,+1,1,1,1.5,f,-1.5,+1
sigma-,pi,0,4,-15.047610,1.051877e-02,1,1,0.5,e,-0.5,-1,1,1,1.5,e,-1.5,-1
sigma-,pi,15,23,-8.329678,3.280458e-02,2,2,1.5,e,+1.5,+1,2,2,2.5,e,+0.5,+1
sigma-,pi,19,29,-8.329677,5.807161e-03,2,2,1.5,f,+1.5,-1,2,2,2.5,f,+0.5,-1
sigma-,pi,14,22,-8.329671,3.037466e-02,2,2,1.5,e,+0.5,+1,2,2,2.5,e,-0.5,+1
sigma-,pi,18,28,-8.329671,5.377009e-03,2,2,1.5,f,+0.5,-1,2,2,2.5,f,-0.5,-1
sigma-,pi,17,27,-8.329665,4.301614e-04,2,2,1.5,f,-0.5,-1,2,2,2.5,f,-1.5,-1
sigma-,pi,13,21,-8.329665,2.429976e-03,2,2,1.5,e,-0.5,+1,2,2,2.5,e,-1.5,+1
sigma-,pi,16,26,-8.329659,6.452430e-03,2,2,1.5,f,-1.5,-1,2,2,2.5,f,-2.5,-1
sigma-,pi,12,20,-8.329658,3.644970e-02,2,2,1.5,e,-1.5,+1,2,2,2.5,e,-2.5,+1
sigma-,pi,37,49,-5.796197,1.327490e-02,3,3,2.5,e,+2.5,-1,3,3,3.5,e,+1.5,-1
sigma-,pi,43,57,-5.796196,7.704696e-04,3,3,2.5,f,+2.5,+1,3,3,3.5,f,+1.5,+1
sigma-,pi,36,48,-5.796194,2.141687e-02,3,3,2.5,e,+1.5,-1,3,3,3.5,e,+0.5,-1
sigma-,pi,42,56,-5.796193,1.243026e-03,3,3,2.5,f,+1.5,+1,3,3,3.5,f,+0.5,+1
sigma-,pi,35,47,-5.796191,1.734591e-02,3,3,2.5,e,+0.5,-1,3,3,3.5,e,-0.5,-1
sigma-,pi,41,55,-5.796190,1.006749e-03,3,3,2.5,f,+0.5,+1,3,3,3.5,f,-0.5,+1
sigma-,pi,34,46,-5.796188,5.309979e-03,3,3,2.5,e,-0.5,-1,3,3,3.5,e,-1.5,-1
sigma-,pi,40,54,-5.796187,3.081888e-04,3,3,2.5,f,-0.5,+1,3,3,3.5,f,-1.5,+1
sigma-,pi,33,45,-5.796184,8.849974e-04,3,3,2.5,e,-1.5,-1,3,3,3.5,e,-2.5,-1
sigma-,pi,39,53,-5.796184,5.136485e-05,3,3,2.5,f,-1.5,+1,3,3,3.5,f,-2.5,+1
sigma-,pi,38,52,-5.796181,1.797772e-03,3,3,2.5,f,-2.5,+1,3,3,3.5,f,-3.5,+1
sigma-,pi,32,44,-5.796181,3.097494e-02,3,3,2.5,e,-2.5,-1,3,3,3.5,e,-3.5,-1
sigma-,pi,67,83,-4.435471,5.934460e-03,4,4,3.5,e,+3.5,+1,4,4,4.5,e,+2.5,+1
sigma-,pi,75,93,-4.435470,1.946534e-04,4,4,3.5,f,+3.5,-1,4,4,4.5,f,+2.5,-1
sigma-,pi,66,82,-4.435469,1.166708e-02,4,4,3.5,e,+2.5,+1,4,4,4.5,e,+1.5,+1
sigma-,pi,74,92,-4.435468,3.826863e-04,4,4,3.5,f,+2.5,-1,4,4,4.5,f,+1.5,-1
sigma-,pi,65,81,-4.435467,1.364524e-02,4,4,3.5,e,+1.5,+1,4,4,4.5,e,+0.5,+1
sigma-,pi,73,91,-4.435466,4.475712e-04,4,4,3.5,f,+1.5,-1,4,4,4.5,f,+0.5,-1
sigma-,pi,64,80,-4.435465,1.090006e-02,4,4,3.5,e,+0.5,+1,4,4,4.5,e,-0.5,+1
sigma-,pi,72,90,-4.435464,3.575276e-04,4,4,3.5,f,+0.5,-1,4,4,4.5,f,-0.5,-1
sigma-,pi,63,79,-4.435463,5.046327e-03,4,4,3.5,e,-0.5,+1,4,4,4.5,e,-1.5,+1
sigma-,pi,71,89,-4.435462,1.655222e-04,4,4,3.5,f,-0.5,-1,4,4,4.5,f,-1.5,-1
sigma-,pi,62,78,-4.435461,2.825946e-04,4,4,3.5,e,-1.5,+1,4,4,4.5,e,-2.5,+1
sigma-,pi,70,88,-4.435461,9.269250e-06,4,4,3.5,f,-1.5,-1,4,4,4.5,f,-2.5,-1
sigma-,pi,61,77,-4.435459,3.391138e-03,4,4,3.5,e,-2.5,+1,4,4,4.5,e,-3.5,+1
sigma-,pi,69,87,-4.435459,1.112311e-04,4,4,3.5,f,-2.5,-1,4,4,4.5,f,-3.5,-1
sigma-,pi,60,76,-4.435457,2.373799e-02,4,4,3.5,e,-3.5,+1,4,4,4.5,e,-4.5,+1
sigma-,pi,68,86,-4.435457,7.786183e-04,4,4,3.5,f,-3.5,-1,4,4,4.5,f,-4.5,-1
sigma-,pi,105,125,-3.577467,2.983184e-03,5,5,4.5,e,+4.5,-1,5,5,5.5,e,+3.5,-1
sigma-,pi,115,137,-3.577466,7.012240e-05,5,5,4.5,f,+4.5,+1,5,5,5.5,f,+3.5,+1
sigma-,pi,104,124,-3.577466,6.494261e-03,5,5,4.5,e,+3.5,-1,5,5,5.5,e,+2.5,-1
sigma-,pi,114,136,-3.577465,1.526534e-04,5,5,4.5,f,+3.5,+1,5,5,5.5,f,+2.5,+1
sigma-,pi,103,123,-3.577465,8.863630e-03,5,5,4.5,e,+2.5,-1,5,5,5.5,e,+1.5,-1
sigma-,pi,113,135,-3.577464,2.083475e-04,5,5,4.5,f,+2.5,+1,5,5,5.5,f,+1.5,+1
sigma-,pi,102,122,-3.577463,9.207379e-03,5,5,4.5,e,+1.5,-1,5,5,5.5,e,+0.5,-1
sigma-,pi,112,134,-3.577462,2.164276e-04,5,5,4.5,f,+1.5,+1,5,5,5.5,f,+0.5,+1
sigma-,pi,101,121,-3.577462,7.427292e-03,5,5,4.5,e,+0.5,-1,5,5,5.5,e,-0.5,-1
sigma-,pi,111,133,-3.577461,1.745851e-04,5,5,4.5,f,+0.5,+1,5,5,5.5,f,-0.5,+1
sigma-,pi,100,120,-3.577460,4.210848e-03,5,5,4.5,e,-0.5,-1,5,5,5.5,e,-1.5,-1
sigma-,pi,110,132,-3.577460,9.897972e-05,5,5,4.5,f,-0.5,+1,5,5,5.5,f,-1.5,+1
sigma-,pi,99,119,-3.577459,1.031229e-03,5,5,4.5,e,-1.5,-1,5,5,5.5,e,-2.5,-1
sigma-,pi,109,131,-3.577458,2.423995e-05,5,5,4.5,f,-1.5,+1,5,5,5.5,f,-2.5,+1
sigma-,pi,98,118,-3.577457,1.473185e-04,5,5,4.5,e,-2.5,-1,5,5,5.5,e,-3.5,-1
sigma-,pi,108,130,-3.577457,3.462852e-06,5,5,4.5,f,-2.5,+1,5,5,5.5,f,-3.5,+1
sigma-,pi,97,117,-3.577456,4.603708e-03,5,5,4.5,e,-3.5,-1,5,5,5.5,e,-4.5,-1
sigma-,pi,107,129,-3.577456,1.082142e-04,5,5,4.5,f,-3.5,+1,5,5,5.5,f,-4.5,+1
sigma-,pi,96,116,-3.577455,1.823070e-02,5,5,4.5,e,-4.5,-1,5,5,5.5,e,-5.5,-1
sigma-,pi,106,128,-3.577455,4.285286e-04,5,5,4.5,f,-4.5,+1,5,5,5.5,f,-5.5,+1
sigma-,pi,7,6,-0.000021,2.095574e-02,1,1,1.5,e,+1.5,-1,1,1,1.5,e,+0.5,-1
sigma-,pi,5,4,-0.000021,2.095567e-02,1,1,1.5,e,-0.5,-1,1,1,1.5,e,-1.5,-1
sigma-,pi,11,10,-0.000021,1.190031e-01,1,1,1.5,f,+1.5,+1,1,1,1.5,f,+0.5,+1
sigma-,pi,9,8,-0.000021,1.190027e-01,1,1,1.5,f,-0.5,+1,1,1,1.5,f,-1.5,+1
sigma-,pi,15,14,-0.000016,1.190030e-01,2,2,1.5,e,+1.5,+1,2,2,1.5,e,+0.5,+1
sigma-,pi,13,12,-0.000016,1.190027e-01,2,2,1.5,e,-0.5,+1,2,2,1.5,e,-1.5,+1
sigma-,pi,17,16,-0.000015,2.095568e-02,2,2,1.5,f,-0.5,-1,2,2,1.5,f,-1.5,-1
sigma-,pi,19,18,-0.000015,2.095573e-02,2,2,1.5,f,+1.5,-1,2,2,1.5,f,+0.5,-1
sigma-,pi,21,20,-0.000009,1.456440e-01,2,2,2.5,e,-1.5,+1,2,2,2.5,e,-2.5,+1
sigma-,pi,24,23,-0.000009,5.825756e-02,2,2,2.5,e,+1.5,+1,2,2,2.5,e,+0.5,+1
sigma-,pi,25,24,-0.000009,1.456442e-01,2,2,2.5,e,+2.5,+1,2,2,2.5,e,+1.5,+1
sigma-,pi,22,21,-0.000009,5.825774e-02,2,2,2.5,e,-0.5,+1,2,2,2.5,e,-1.5,+1
sigma-,pi,31,30,-0.000009,2.572434e-02,2,2,2.5,f,+2.5,-1,2,2,2.5,f,+1.5,-1
sigma-,pi,27,26,-0.000009,2.572430e-02,2,2,2.5,f,-1.5,-1,2,2,2.5,f,-2.5,-1
sigma-,pi,30,29,-0.000009,1.028971e-02,2,2,2.5,f,+1.5,-1,2,2,2.5,f,+0.5,-1
sigma-,pi,28,27,-0.000009,1.028974e-02,2,2,2.5,f,-0.5,-1,2,2,2.5,f,-1.5,-1
sigma-,pi,36,35,-0.000009,7.639810e-02,3,3,2.5,e,+1.5,-1,3,3,2.5,e,+0.5,-1
sigma-,pi,33,32,-0.000009,1.909949e-01,3,3,2.5,e,-1.5,-1,3,3,2.5,e,-2.5,-1
sigma-,pi,34,33,-0.000009,7.639787e-02,3,3,2.5,e,-0.5,-1,3,3,2.5,e,-1.5,-1
sigma-,pi,37,36,-0.000009,1.909950e-01,3,3,2.5,e,+2.5,-1,3,3,2.5,e,+1.5,-1
sigma-,pi,42,41,-0.000008,4.409319e-03,3,3,2.5,f,+1.5,+1,3,3,2.5,f,+0.5,+1
sigma-,pi,39,38,-0.000008,1.102328e-02,3,3,2.5,f,-1.5,+1,3,3,2.5,f,-2.5,+1
sigma-,pi,40,39,-0.000008,4.409307e-03,3,3,2.5,f,-0.5,+1,3,3,2.5,f,-1.5,+1
sigma-,pi,43,42,-0.000008,1.102329e-02,3,3,2.5,f,+2.5,+1,3,3,2.5,f,+1.5,+1
sigma-,pi,62,61,-0.000006,1.561685e-01,4,4,3.5,e,-1.5,+1,4,4,3.5,e,-2.5,+1
sigma-,pi,67,66,-0.000006,2.049713e-01,4,4,3.5,e,+3.5,+1,4,4,3.5,e,+2.5,+1
sigma-,pi,65,64,-0.000006,4.880275e-02,4,4,3.5,e,+1.5,+1,4,4,3.5,e,+0.5,+1
sigma-,pi,66,65,-0.000006,1.561686e-01,4,4,3.5,e,+2.5,+1,4,4,3.5,e,+1.5,+1
sigma-,pi,63,62,-0.000006,4.880259e-02,4,4,3.5,e,-0.5,+1,4,4,3.5,e,-1.5,+1
sigma-,pi,61,60,-0.000006,2.049712e-01,4,4,3.5,e,-2.5,+1,4,4,3.5,e,-3.5,+1
sigma-,pi,46,45,-0.000005,1.414583e-01,3,3,3.5,e,-1.5,-1,3,3,3.5,e,-2.5,-1
sigma-,pi,50,49,-0.000005,1.414583e-01,3,3,3.5,e,+2.5,-1,3,3,3.5,e,+1.5,-1
sigma-,pi,51,50,-0.000005,1.856641e-01,3,3,3.5,e,+3.5,-1,3,3,3.5,e,+2.5,-1
sigma-,pi,45,44,-0.000005,1.856639e-01,3,3,3.5,e,-2.5,-1,3,3,3.5,e,-3.5,-1
sigma-,pi,49,48,-0.000005,4.420563e-02,3,3,3.5,e,+1.5,-1,3,3,3.5,e,+0.5,-1
sigma-,pi,47,46,-0.000005,4.420580e-02,3,3,3.5,e,-0.5,-1,3,3,3.5,e,-1.5,-1
sigma-,pi,70,69,-0.000005,5.090464e-03,4,4,3.5,f,-1.5,-1,4,4,3.5,f,-2.5,-1
sigma-,pi,73,72,-0.000005,1.590773e-03,4,4,3.5,f,+1.5,-1,4,4,3.5,f,+0.5,-1
sigma-,pi,75,74,-0.000005,6.681239e-03,4,4,3.5,f,+3.5,-1,4,4,3.5,f,+2.5,-1
sigma-,pi,69,68,-0.000005,6.681237e-03,4,4,3.5,f,-2.5,-1,4,4,3.5,f,-3.5,-1
sigma-,pi,74,73,-0.000005,5.090470e-03,4,4,3.5,f,+2.5,-1,4,4,3.5,f,+1.5,-1
sigma-,pi,71,70,-0.000005,1.590768e-03,4,4,3.5,f,-0.5,-1,4,4,3.5,f,-1.5,-1
sigma-,pi,59,58,-0.000005,1.073066e-02,3,3,3.5,f,+3.5,+1,3,3,3.5,f,+2.5,+1
sigma-,pi,57,56,-0.000005,2.554913e-03,3,3,3.5,f,+1.5,+1,3,3,3.5,f,+0.5,+1
sigma-,pi,54,53,-0.000005,8.175736e-03,3,3,3.5,f,-1.5,+1,3,3,3.5,f,-2.5,+1
sigma-,pi,53,52,-0.000005,1.073065e-02,3,3,3.5,f,-2.5,+1,3,3,3.5,f,-3.5,+1
sigma-,pi,55,54,-0.000005,2.554921e-03,3,3,3.5,f,-0.5,+1,3,3,3.5,f,-1.5,+1
sigma-,pi,58,57,-0.000005,8.175732e-03,3,3,3.5,f,+2.5,+1,3,3,3.5,f,+1.5,+1
sigma-,pi,100,99,-0.000005,3.316353e-02,5,5,4.5,e,-0.5,-1,5,5,4.5,e,-1.5,-1
sigma-,pi,97,96,-0.000005,1.989815e-01,5,5,4.5,e,-3.5,-1,5,5,4.5,e,-4.5,-1
sigma-,pi,98,97,-0.000005,1.989815e-01,5,5,4.5,e,-2.5,-1,5,5,4.5,e,-3.5,-1
sigma-,pi,104,103,-0.000005,1.989816e-01,5,5,4.5,e,+3.5,-1,5,5,4.5,e,+2.5,-1
sigma-,pi,102,101,-0.000005,3.316365e-02,5,5,4.5,e,+1.5,-1,5,5,4.5,e,+0.5,-1
sigma-,pi,99,98,-0.000005,1.160725e-01,5,5,4.5,e,-1.5,-1,5,5,4.5,e,-2.5,-1
sigma-,pi,105,104,-0.000005,1.989815e-01,5,5,4.5,e,+4.5,-1,5,5,4.5,e,+3.5,-1
sigma-,pi,103,102,-0.000005,1.160727e-01,5,5,4.5,e,+2.5,-1,5,5,4.5,e,+1.5,-1
sigma-,pi,110,109,-0.000004,7.742413e-04,5,5,4.5,f,-0.5,+1,5,5,4.5,f,-1.5,+1
sigma-,pi,107,106,-0.000004,4.645456e-03,5,5,4.5,f,-3.5,+1,5,5,4.5,f,-4.5,+1
sigma-,pi,108,107,-0.000004,4.645455e-03,5,5,4.5,f,-2.5,+1,5,5,4.5,f,-3.5,+1
sigma-,pi,114,113,-0.000004,4.645457e-03,5,5,4.5,f,+3.5,+1,5,5,4.5,f,+2.5,+1
sigma-,pi,112,111,-0.000004,7.742440e-04,5,5,4.5,f,+1.5,+1,5,5,4.5,f,+0.5,+1
sigma-,pi,115,114,-0.000004,4.645456e-03,5,5,4.5,f,+4.5,+1,5,5,4.5,f,+3.5,+1
sigma-,pi,109,108,-0.000004,2.709847e-03,5,5,4.5,f,-1.5,+1,5,5,4.5,f,-2.5,+1
sigma-,pi,113,112,-0.000004,2.709851e-03,5,5,4.5,f,+2.5,+1,5,5,4.5,f,+1.5,+1
sigma-,pi,80,79,-0.000004,3.161915e-02,4,4,4.5,e,-0.5,+1,4,4,4.5,e,-1.5,+1
sigma-,pi,83,82,-0.000004,1.106667e-01,4,4,4.5,e,+2.5,+1,4,4,4.5,e,+1.5,+1
sigma-,pi,84,83,-0.000004,1.897145e-01,4,4,4.5,e,+3.5,+1,4,4,4.5,e,+2.5,+1
sigma-,pi,78,77,-0.000004,1.897145e-01,4,4,4.5,e,-2.5,+1,4,4,4.5,e,-3.5,+1
sigma-,pi,77,76,-0.000004,1.897144e-01,4,4,4.5,e,-3.5,+1,4,4,4.5,e,-4.5,+1
sigma-,pi,79,78,-0.000004,1.106669e-01,4,4,4.5,e,-1.5,+1,4,4,4.5,e,-2.5,+1
sigma-,pi,82,81,-0.000004,3.161902e-02,4,4,4.5,e,+1.5,+1,4,4,4.5,e,+0.5,+1
sigma-,pi,85,84,-0.000004,1.897146e-01,4,4,4.5,e,+4.5,+1,4,4,4.5,e,+3.5,+1
sigma-,pi,90,89,-0.000003,1.031464e-03,4,4,4.5,f,-0.5,-1,4,4,4.5,f,-1.5,-1
sigma-,pi,92,91,-0.000003,1.031460e-03,4,4,4.5,f,+1.5,-1,4,4,4.5,f,+0.5,-1
sigma-,pi,88,87,-0.000003,6.188773e-03,4,4,4.5,f,-2.5,-1,4,4,4.5,f,-3.5,-1
sigma-,pi,94,93,-0.000003,6.188773e-03,4,4,4.5,f,+3.5,-1,4,4,4.5,f,+2.5,-1
sigma-,pi,95,94,-0.000003,6.188776e-03,4,4,4.5,f,+4.5,-1,4,4,4.5,f,+3.5,-1
sigma-,pi,87,86,-0.000003,6.188770e-03,4,4,4.5,f,-3.5,-1,4,4,4.5,f,-4.5,-1
sigma-,pi,93,92,-0.000003,3.610115e-03,4,4,4.5,f,+2.5,-1,4,4,4.5,f,+1.5,-1
sigma-,pi,89,88,-0.000003,3.610120e-03,4,4,4.5,f,-1.5,-1,4,4,4.5,f,-2.5,-1
sigma-,pi,120,119,-0.000003,8.477076e-02,5,5,5.5,e,-1.5,-1,5,5,5.5,e,-2.5,-1
sigma-,pi,127,126,-0.000003,1.821246e-01,5,5,5.5,e,+5.5,-1,5,5,5.5,e,+4.5,-1
sigma-,pi,123,122,-0.000003,2.317943e-02,5,5,5.5,e,+1.5,-1,5,5,5.5,e,+0.5,-1
sigma-,pi,125,124,-0.000003,1.609318e-01,5,5,5.5,e,+3.5,-1,5,5,5.5,e,+2.5,-1
sigma-,pi,117,116,-0.000003,1.821244e-01,5,5,5.5,e,-4.5,-1,5,5,5.5,e,-5.5,-1
sigma-,pi,119,118,-0.000003,1.609319e-01,5,5,5.5,e,-2.5,-1,5,5,5.5,e,-3.5,-1
sigma-,pi,118,117,-0.000003,2.119267e-01,5,5,5.5,e,-3.5,-1,5,5,5.5,e,-4.5,-1
sigma-,pi,126,125,-0.000003,2.119267e-01,5,5,5.5,e,+4.5,-1,5,5,5.5,e,+3.5,-1
sigma-,pi,124,123,-0.000003,8.477061e-02,5,5,5.5,e,+2.5,-1,5,5,5.5,e,+1.5,-1
sigma-,pi,121,120,-0.000003,2.317954e-02,5,5,5.5,e,-0.5,-1,5,5,5.5,e,-1.5,-1
sigma-,pi,135,134,-0.000003,5.414101e-04,5,5,5.5,f,+1.5,+1,5,5,5.5,f,+0.5,+1
sigma-,pi,137,136,-0.000003,3.758940e-03,5,5,5.5,f,+3.5,+1,5,5,5.5,f,+2.5,+1
sigma-,pi,130,129,-0.000003,4.950045e-03,5,5,5.5,f,-3.5,+1,5,5,5.5,f,-4.5,+1
sigma-,pi,132,131,-0.000003,1.980020e-03,5,5,5.5,f,-1.5,+1,5,5,5.5,f,-2.5,+1
sigma-,pi,139,138,-0.000003,4.253947e-03,5,5,5.5,f,+5.5,+1,5,5,5.5,f,+4.5,+1
sigma-,pi,129,128,-0.000003,4.253944e-03,5,5,5.5,f,-4.5,+1,5,5,5.5,f,-5.5,+1
sigma-,pi,133,132,-0.000003,5.414124e-04,5,5,5.5,f,-0.5,+1,5,5,5.5,f,-1.5,+1
sigma-,pi,131,130,-0.000003,3.758942e-03,5,5,5.5,f,-2.5,+1,5,5,5.5,f,-3.5,+1
sigma-,pi,138,137,-0.000003,4.950046e-03,5,5,5.5,f,+4.5,+1,5,5,5.5,f,+3.5,+1
sigma-,pi,136,135,-0.000003,1.980017e-03,5,5,5.5,f,+2.5,+1,5,5,5.5,f,+1.5,+1
sigma-,pi,118,96,3.577448,2.983203e-03,5,5,5.5,e,-3.5,-1,5,5,4.5,e,-4.5,-1
sigma-,pi,130,106,3.577449,7.012281e-05,5,5,5.5,f,-3.5,+1,5,5,4.5,f,-4.5,+1
sigma-,pi,119,97,3.577450,6.494292e-03,5,5,5.5,e,-2.5,-1,5,5,4.5,e,-3.5,-1
sigma-,pi,131,107,3.577451,1.526541e-04,5,5,5.5,f,-2.5,+1,5,5,4.5,f,-3.5,+1
sigma-,pi,120,98,3.577451,8.863658e-03,5,5,5.5,e,-1.5,-1,5,5,4.5,e,-2.5,-1
sigma-,pi,132,108,3.577452,2.083481e-04,5,5,5.5,f,-1.5,+1,5,5,4.5,f,-2.5,+1
sigma-,pi,121,99,3.577453,9.207394e-03,5,5,5.5,e,-0.5,-1,5,5,4.5,e,-1.5,-1
sigma-,pi,133,109,3.577453,2.164280e-04,5,5,5.5,f,-0.5,+1,5,5,4.5,f,-1.5,+1
sigma-,pi,122,100,3.577454,7.427292e-03,5,5,5.5,e,+0.5,-1,5,5,4.5,e,-0.5,-1
sigma-,pi,134,110,3.577455,1.745851e-04,5,5,5.5,f,+0.5,+1,5,5,4.5,f,-0.5,+1
sigma-,pi,123,101,3.577455,4.210841e-03,5,5,5.5,e,+1.5,-1,5,5,4.5,e,+0.5,-1
sigma-,pi,135,111,3.577456,9.897957e-05,5,5,5.5,f,+1.5,+1,5,5,4.5,f,+0.5,+1
sigma-,pi,124,102,3.577457,1.031226e-03,5,5,5.5,e,+2.5,-1,5,5,4.5,e,+1.5,-1
sigma-,pi,136,112,3.577457,2.423988e-05,5,5,5.5,f,+2.5,+1,5,5,4.5,f,+1.5,+1
sigma-,pi,125,103,3.577458,1.473178e-04,5,5,5.5,e,+3.5,-1,5,5,4.5,e,+2.5,-1
sigma-,pi,137,113,3.577459,3.462837e-06,5,5,5.5,f,+3.5,+1,5,5,4.5,f,+2.5,+1
sigma-,pi,126,104,3.577460,4.603679e-03,5,5,5.5,e,+4.5,-1,5,5,4.5,e,+3.5,-1
sigma-,pi,138,114,3.577460,1.082136e-04,5,5,5.5,f,+4.5,+1,5,5,4.5,f,+3.5,+1
sigma-,pi,127,105,3.577461,1.823055e-02,5,5,5.5,e,+5.5,-1,5,5,4.5,e,+4.5,-1
sigma-,pi,139,115,3.577461,4.285255e-04,5,5,5.5,f,+5.5,+1,5,5,4.5,f,+4.5,+1
sigma-,pi,78,60,4.435449,5.934492e-03,4,4,4.5,e,-2.5,+1,4,4,3.5,e,-3.5,+1
sigma-,pi,88,68,4.435450,1.946544e-04,4,4,4.5,f,-2.5,-1,4,4,3.5,f,-3.5,-1
sigma-,pi,79,61,4.435451,1.166712e-02,4,4,4.5,e,-1.5,+1,4,4,3.5,e,-2.5,+1
sigma-,pi,89,69,4.435452,3.826876e-04,4,4,4.5,f,-1.5,-1,4,4,3.5,f,-2.5,-1
sigma-,pi,80,62,4.435453,1.364527e-02,4,4,4.5,e,-0.5,+1,4,4,3.5,e,-1.5,+1
sigma-,pi,90,70,4.435454,4.475720e-04,4,4,4.5,f,-0.5,-1,4,4,3.5,f,-1.5,-1
sigma-,pi,81,63,4.435455,1.090006e-02,4,4,4.5,e,+0.5,+1,4,4,3.5,e,-0.5,+1
sigma-,pi,91,71,4.435456,3.575276e-04,4,4,4.5,f,+0.5,-1,4,4,3.5,f,-0.5,-1
sigma-,pi,82,64,4.435457,5.046318e-03,4,4,4.5,e,+1.5,+1,4,4,3.5,e,+0.5,+1
sigma-,pi,92,72,4.435457,1.655219e-04,4,4,4.5,f,+1.5,-1,4,4,3.5,f,+0.5,-1
sigma-,pi,83,65,4.435459,2.825936e-04,4,4,4.5,e,+2.5,+1,4,4,3.5,e,+1.5,+1
sigma-,pi,93,73,4.435459,9.269218e-06,4,4,4.5,f,+2.5,-1,4,4,3.5,f,+1.5,-1
sigma-,pi,84,66,4.435461,3.391120e-03,4,4,4.5,e,+3.5,+1,4,4,3.5,e,+2.5,+1
sigma-,pi,94,74,4.435461,1.112305e-04,4,4,4.5,f,+3.5,-1,4,4,3.5,f,+2.5,-1
sigma-,pi,85,67,4.435463,2.373782e-02,4,4,4.5,e,+4.5,+1,4,4,3.5,e,+3.5,+1
sigma-,pi,95,75,4.435463,7.786131e-04,4,4,4.5,f,+4.5,-1,4,4,3.5,f,+3.5,-1
sigma-,pi,46,32,5.796170,1.327496e-02,3,3,3.5,e,-1.5,-1,3,3,2.5,e,-2.5,-1
sigma-,pi,54,38,5.796171,7.704728e-04,3,3,3.5,f,-1.5,+1,3,3,2.5,f,-2.5,+1
sigma-,pi,47,33,5.796173,2.141691e-02,3,3,3.5,e,-0.5,-1,3,3,2.5,e,-1.5,-1
sigma-,pi,55,39,5.796174,1.243028e-03,3,3,3.5,f,-0.5,+1,3,3,2.5,f,-1.5,+1
sigma-,pi,48,34,5.796177,1.734591e-02,3,3,3.5,e,+0.5,-1,3,3,2.5,e,-0.5,-1
sigma-,pi,56,40,5.796177,1.006749e-03,3,3,3.5,f,+0.5,+1,3,3,2.5,f,-0.5,+1
sigma-,pi,49,35,5.796180,5.309967e-03,3,3,3.5,e,+1.5,-1,3,3,2.5,e,+0.5,-1
sigma-,pi,57,41,5.796180,3.081882e-04,3,3,3.5,f,+1.5,+1,3,3,2.5,f,+0.5,+1
sigma-,pi,50,36,5.796183,8.849936e-04,3,3,3.5,e,+2.5,-1,3,3,2.5,e,+1.5,-1
sigma-,pi,58,42,5.796183,5.136464e-05,3,3,3.5,f,+2.5,+1,3,3,2.5,f,+1.5,+1
sigma-,pi,51,37,5.796186,3.097474e-02,3,3,3.5,e,+3.5,-1,3,3,2.5,e,+2.5,-1
sigma-,pi,59,43,5.796186,1.797761e-03,3,3,3.5,f,+3.5,+1,3,3,2.5,f,+2.5,+1
sigma-,pi,22,12,8.329640,3.280468e-02,2,2,2.5,e,-0.5,+1,2,2,1.5,e,-1.5,+1
sigma-,pi,28,16,8.329641,5.807178e-03,2,2,2.5,f,-0.5,-1,2,2,1.5,f,-1.5,-1
sigma-,pi,23,13,8.329647,3.037466e-02,2,2,2.5,e,+0.5,+1,2,2,1.5,e,-0.5,+1
sigma-,pi,29,17,8.329648,5.377009e-03,2,2,2.5,f,+0.5,-1,2,2,1.5,f,-0.5,-1
sigma-,pi,24,14,8.329653,2.429969e-03,2,2,2.5,e,+1.5,+1,2,2,1.5,e,+0.5,+1
sigma-,pi,30,18,8.329654,4.301600e-04,2,2,2.5,f,+1.5,-1,2,2,1.5,f,+0.5,-1
sigma-,pi,25,15,8.329660,3.644947e-02,2,2,2.5,e,+2.5,+1,2,2,1.5,e,+1.5,+1
sigma-,pi,31,19,8.329660,6.452391e-03,2,2,2.5,f,+2.5,-1,2,2,1.5,f,+1.5,-1
sigma-,pi,6,0,15.047568,3.155621e-02,1,1,1.5,e,+0.5,-1,1,1,0.5,e,-0.5,-1
sigma-,pi,10,2,15.047570,1.784748e-01,1,1,1.5,f,+0.5,+1,1,1,0.5,f,-0.5,+1
sigma-,pi,7,1,15.047593,1.051870e-02,1,1,1.5,e,+1.5,-1,1,1,0.5,e,+0.5,-1
sigma-,pi,11,3,15.047595,5.949142e-02,1,1,1.5,f,+1.5,+1,1,1,0.5,f,+0.5,+1
sigma-,pi,3,22,29073.263213,4.468686e-04,1,1,0.5,f,+0.5,+1,2,2,2.5,e,-0.5,+1
sigma-,pi,2,21,29073.263249,8.937384e-04,1,1,0.5,f,-0.5,+1,2,2,2.5,e,-1.5,+1
sigma-,pi,3,13,29081.592869,1.525164e-03,1,1,0.5,f,+0.5,+1,2,2,1.5,e,-0.5,+1
sigma-,pi,2,12,29081.592899,5.083847e-04,1,1,0.5,f,-0.5,+1,2,2,1.5,e,-1.5,+1
sigma-,pi,11,23,29088.310817,1.521573e-03,1,1,1.5,f,+1.5,+1,2,2,2.5,e,+0.5,+1
sigma-,pi,10,22,29088.310829,1.408860e-03,1,1,1.5,f,+0.5,+1,2,2,2.5,e,-0.5,+1
sigma-,pi,9,21,29088.310841,1.127077e-04,1,1,1.5,f,-0.5,+1,2,2,2.5,e,-1.5,+1
sigma-,pi,8,20,29088.310852,1.690634e-03,1,1,1.5,f,-1.5,+1,2,2,2.5,e,-2.5,+1
sigma-,pi,1,28,29094.423211,4.398669e-02,1,1,0.5,e,+0.5,-1,2,2,2.5,f,-0.5,-1
sigma-,pi,0,27,29094.423248,8.797349e-02,1,1,0.5,e,-0.5,-1,2,2,2.5,f,-1.5,-1
sigma-,pi,11,14,29096.640480,9.971268e-04,1,1,1.5,f,+1.5,+1,2,2,1.5,e,+0.5,+1
sigma-,pi,9,12,29096.640490,9.971314e-04,1,1,1.5,f,-0.5,+1,2,2,1.5,e,-1.5,+1
sigma-,pi,1,17,29102.752867,1.484439e-01,1,1,0.5,e,+0.5,-1,2,2,1.5,f,-0.5,-1
sigma-,pi,0,16,29102.752898,4.948100e-02,1,1,0.5,e,-0.5,-1,2,2,1.5,f,-1.5,-1
sigma-,pi,7,29,29109.470812,1.484759e-01,1,1,1.5,e,+1.5,-1,2,2,2.5,f,+0.5,-1
sigma-,pi,6,28,29109.470825,1.374773e-01,1,1,1.5,e,+0.5,-1,2,2,2.5,f,-0.5,-1
sigma-,pi,5,27,29109.470837,1.099807e-02,1,1,1.5,e,-0.5,-1,2,2,2.5,f,-1.5,-1
sigma-,pi,4,26,29109.470850,1.649729e-01,1,1,1.5,e,-1.5,-1,2,2,2.5,f,-2.5,-1
sigma-,pi,7,18,29117.800475,9.904407e-02,1,1,1.5,e,+1.5,-1,2,2,1.5,f,+0.5,-1
sigma-,pi,5,16,29117.800487,9.904451e-02,1,1,1.5,e,-0.5,-1,2,2,1.5,f,-1.5,-1
sigma-,pi,19,48,43614.287377,4.134241e-05,2,2,1.5,f,+1.5,-1,3,3,3.5,e,+0.5,-1
sigma-,pi,18,47,43614.287386,1.240274e-04,2,2,1.5,f,+0.5,-1,3,3,3.5,e,-0.5,-1
sigma-,pi,17,46,43614.287396,2.067126e-04,2,2,1.5,f,-0.5,-1,3,3,3.5,e,-1.5,-1
sigma-,pi,16,45,43614.287405,2.067129e-04,2,2,1.5,f,-1.5,-1,3,3,3.5,e,-2.5,-1
sigma-,pi,19,35,43620.083562,1.113194e-03,2,2,1.5,f,+1.5,-1,3,3,2.5,e,+0.5,-1
sigma-,pi,18,34,43620.083569,1.030736e-03,2,2,1.5,f,+0.5,-1,3,3,2.5,e,-0.5,-1
sigma-,pi,17,33,43620.083575,8.245928e-05,2,2,1.5,f,-0.5,-1,3,3,2.5,e,-1.5,-1
sigma-,pi,16,32,43620.083581,1.236881e-03,2,2,1.5,f,-1.5,-1,3,3,2.5,e,-2.5,-1
sigma-,pi,31,49,43622.617043,7.710303e-04,2,2,2.5,f,+2.5,-1,3,3,3.5,e,+1.5,-1
sigma-,pi,30,48,43622.617046,1.243928e-03,2,2,2.5,f,+1.5,-1,3,3,3.5,e,+0.5,-1
sigma-,pi,29,47,43622.617049,1.007478e-03,2,2,2.5,f,+0.5,-1,3,3,3.5,e,-0.5,-1
sigma-,pi,28,46,43622.617052,3.084110e-04,2,2,2.5,f,-0.5,-1,3,3,3.5,e,-1.5,-1
sigma-,pi,27,45,43622.617055,5.140229e-05,2,2,2.5,f,-1.5,-1,3,3,3.5,e,-2.5,-1
sigma-,pi,26,44,43622.617058,1.799069e-03,2,2,2.5,f,-2.5,-1,3,3,3.5,e,-3.5,-1
sigma-,pi,31,36,43628.413231,3.138258e-04,2,2,2.5,f,+2.5,-1,3,3,2.5,e,+1.5,-1
sigma-,pi,30,35,43628.413231,1.255305e-04,2,2,2.5,f,+1.5,-1,3,3,2.5,e,+0.5,-1
sigma-,pi,28,33,43628.413231,1.255308e-04,2,2,2.5,f,-0.5,-1,3,3,2.5,e,-1.5,-1
sigma-,pi,27,32,43628.413231,3.138275e-04,2,2,2.5,f,-1.5,-1,3,3,2.5,e,-2.5,-1
sigma-,pi,15,56,43661.897371,4.044305e-03,2,2,1.5,e,+1.5,+1,3,3,3.5,f,+0.5,+1
sigma-,pi,14,55,43661.897382,1.213293e-02,2,2,1.5,e,+0.5,+1,3,3,3.5,f,-0.5,+1
sigma-,pi,13,54,43661.897393,2.022156e-02,2,2,1.5,e,-0.5,+1,3,3,3.5,f,-1.5,+1
sigma-,pi,12,53,43661.897403,2.022158e-02,2,2,1.5,e,-1.5,+1,3,3,3.5,f,-2.5,+1
sigma-,pi,15,41,43667.693557,1.090410e-01,2,2,1.5,e,+1.5,+1,3,3,2.5,f,+0.5,+1
sigma-,pi,14,40,43667.693564,1.009639e-01,2,2,1.5,e,+0.5,+1,3,3,2.5,f,-0.5,+1
sigma-,pi,13,39,43667.693572,8.077150e-03,2,2,1.5,e,-0.5,+1,3,3,2.5,f,-1.5,+1
sigma-,pi,12,38,43667.693580,1.211565e-01,2,2,1.5,e,-1.5,+1,3,3,2.5,f,-2.5,+1
sigma-,pi,25,57,43670.227036,7.575716e-02,2,2,2.5,e,+2.5,+1,3,3,3.5,f,+1.5,+1
sigma-,pi,24,56,43670.227040,1.222215e-01,2,2,2.5,e,+1.5,+1,3,3,3.5,f,+0.5,+1
sigma-,pi,23,55,43670.227044,9.898919e-02,2,2,2.5,e,+0.5,+1,3,3,3.5,f,-0.5,+1
sigma-,pi,22,54,43670.227048,3.030276e-02,2,2,2.5,e,-0.5,+1,3,3,3.5,f,-1.5,+1
sigma-,pi,21,53,43670.227053,5.050504e-03,2,2,2.5,e,-1.5,+1,3,3,3.5,f,-2.5,+1
sigma-,pi,20,52,43670.227057,1.767665e-01,2,2,2.5,e,-2.5,+1,3,3,3.5,f,-3.5,+1
sigma-,pi,25,42,43676.023224,3.033969e-02,2,2,2.5,e,+2.5,+1,3,3,2.5,f,+1.5,+1
sigma-,pi,24,41,43676.023226,1.213590e-02,2,2,2.5,e,+1.5,+1,3,3,2.5,f,+0.5,+1
sigma-,pi,22,39,43676.023228,1.213592e-02,2,2,2.5,e,-0.5,+1,3,3,2.5,f,-1.5,+1
sigma-,pi,21,38,43676.023229,3.033985e-02,2,2,2.5,e,-1.5,+1,3,3,2.5,f,-2.5,+1
sigma-,pi,43,82,58146.058967,4.549905e-05,3,3,2.5,f,+2.5,+1,4,4,4.5,e,+1.5,+1
sigma-,pi,42,81,58146.058971,1.516637e-04,3,3,2.5,f,+1.5,+1,4,4,4.5,e,+0.5,+1
sigma-,pi,41,80,58146.058975,3.033279e-04,3,3,2.5,f,+0.5,+1,4,4,4.5,e,-0.5,+1
sigma-,pi,40,79,58146.058979,4.549924e-04,3,3,2.5,f,-0.5,+1,4,4,4.5,e,-1.5,+1
sigma-,pi,39,78,58146.058983,5.308252e-04,3,3,2.5,f,-1.5,+1,4,4,4.5,e,-2.5,+1
sigma-,pi,38,77,58146.058987,4.246608e-04,3,3,2.5,f,-2.5,+1,4,4,4.5,e,-3.5,+1
sigma-,pi,43,65,58150.494430,3.549370e-03,3,3,2.5,f,+2.5,+1,4,4,3.5,e,+1.5,+1
sigma-,pi,42,64,58150.494432,5.726319e-03,3,3,2.5,f,+1.5,+1,4,4,3.5,e,+0.5,+1
sigma-,pi,41,63,58150.494434,4.637847e-03,3,3,2.5,f,+0.5,+1,4,4,3.5,e,-0.5,+1
sigma-,pi,40,62,58150.494436,1.419751e-03,3,3,2.5,f,-0.5,+1,4,4,3.5,e,-1.5,+1
sigma-,pi,39,61,58150.494438,2.366235e-04,3,3,2.5,f,-1.5,+1,4,4,3.5,e,-2.5,+1
sigma-,pi,38,60,58150.494440,8.281860e-03,3,3,2.5,f,-2.5,+1,4,4,3.5,e,-3.5,+1
sigma-,pi,59,83,58151.855157,2.502294e-03,3,3,3.5,f,+3.5,+1,4,4,4.5,e,+2.5,+1
sigma-,pi,58,82,58151.855158,4.919473e-03,3,3,3.5,f,+2.5,+1,4,4,4.5,e,+1.5,+1
sigma-,pi,57,81,58151.855159,5.753568e-03,3,3,3.5,f,+1.5,+1,4,4,4.5,e,+0.5,+1
sigma-,pi,56,80,58151.855160,4.596043e-03,3,3,3.5,f,+0.5,+1,4,4,4.5,e,-0.5,+1
sigma-,pi,55,79,58151.855161,2.127796e-03,3,3,3.5,f,-0.5,+1,4,4,4.5,e,-1.5,+1
sigma-,pi,54,78,58151.855162,1.191559e-04,3,3,3.5,f,-1.5,+1,4,4,4.5,e,-2.5,+1
sigma-,pi,53,77,58151.855163,1.429883e-03,3,3,3.5,f,-2.5,+1,4,4,4.5,e,-3.5,+1
sigma-,pi,52,76,58151.855164,1.000917e-02,3,3,3.5,f,-3.5,+1,4,4,4.5,e,-4.5,+1
sigma-,pi,53,60,58156.290616,7.204911e-04,3,3,3.5,f,-2.5,+1,4,4,3.5,e,-3.5,+1
sigma-,pi,54,61,58156.290617,5.489452e-04,3,3,3.5,f,-1.5,+1,4,4,3.5,e,-2.5,+1
sigma-,pi,55,62,58156.290618,1.715453e-04,3,3,3.5,f,-0.5,+1,4,4,3.5,e,-1.5,+1
sigma-,pi,57,64,58156.290620,1.715447e-04,3,3,3.5,f,+1.5,+1,4,4,3.5,e,+0.5,+1
sigma-,pi,58,65,58156.290621,5.489428e-04,3,3,3.5,f,+2.5,+1,4,4,3.5,e,+1.5,+1
sigma-,pi,59,66,58156.290622,7.204870e-04,3,3,3.5,f,+3.5,+1,4,4,3.5,e,+2.5,+1
sigma-,pi,37,92,58230.698960,7.869533e-04,3,3,2.5,e,+2.5,-1,4,4,4.5,f,+1.5,-1
sigma-,pi,36,91,58230.698965,2.623180e-03,3,3,2.5,e,+1.5,-1,4,4,4.5,f,+0.5,-1
sigma-,pi,35,90,58230.698970,5.246365e-03,3,3,2.5,e,+0.5,-1,4,4,4.5,f,-0.5,-1
sigma-,pi,34,89,58230.698975,7.869555e-03,3,3,2.5,e,-0.5,-1,4,4,4.5,f,-1.5,-1
sigma-,pi,33,88,58230.698980,9.181156e-03,3,3,2.5,e,-1.5,-1,4,4,4.5,f,-2.5,-1
sigma-,pi,32,87,58230.698986,7.344931e-03,3,3,2.5,e,-2.5,-1,4,4,4.5,f,-3.5,-1
sigma-,pi,37,73,58235.134422,6.138980e-02,3,3,2.5,e,+2.5,-1,4,4,3.5,f,+1.5,-1
sigma-,pi,36,72,58235.134426,9.904224e-02,3,3,2.5,e,+1.5,-1,4,4,3.5,f,+0.5,-1
sigma-,pi,35,71,58235.134429,8.021607e-02,3,3,2.5,e,+0.5,-1,4,4,3.5,f,-0.5,-1
sigma-,pi,34,70,58235.134432,2.455597e-02,3,3,2.5,e,-0.5,-1,4,4,3.5,f,-1.5,-1
sigma-,pi,33,69,58235.134436,4.092634e-03,3,3,2.5,e,-1.5,-1,4,4,3.5,f,-2.5,-1
sigma-,pi,32,68,58235.134439,1.432428e-01,3,3,2.5,e,-2.5,-1,4,4,3.5,f,-3.5,-1
sigma-,pi,51,93,58236.495149,4.332932e-02,3,3,3.5,e,+3.5,-1,4,4,4.5,f,+2.5,-1
sigma-,pi,50,92,58236.495151,8.518483e-02,3,3,3.5,e,+2.5,-1,4,4,4.5,f,+1.5,-1
sigma-,pi,49,91,58236.495153,9.962789e-02,3,3,3.5,e,+1.5,-1,4,4,4.5,f,+0.5,-1
sigma-,pi,48,90,58236.495155,7.958437e-02,3,3,3.5,e,+0.5,-1,4,4,4.5,f,-0.5,-1
sigma-,pi,47,89,58236.495157,3.684458e-02,3,3,3.5,e,-0.5,-1,4,4,4.5,f,-1.5,-1
sigma-,pi,46,88,58236.495159,2.063285e-03,3,3,3.5,e,-1.5,-1,4,4,4.5,f,-2.5,-1
sigma-,pi,45,87,58236.495161,2.475963e-02,3,3,3.5,e,-2.5,-1,4,4,4.5,f,-3.5,-1
sigma-,pi,44,86,58236.495163,1.733171e-01,3,3,3.5,e,-3.5,-1,4,4,4.5,f,-4.5,-1
sigma-,pi,51,74,58240.930614,1.239877e-02,3,3,3.5,e,+3.5,-1,4,4,3.5,f,+2.5,-1
sigma-,pi,50,73,58240.930614,9.446691e-03,3,3,3.5,e,+2.5,-1,4,4,3.5,f,+1.5,-1
sigma-,pi,49,72,58240.930614,2.952094e-03,3,3,3.5,e,+1.5,-1,4,4,3.5,f,+0.5,-1
sigma-,pi,47,70,58240.930614,2.952099e-03,3,3,3.5,e,-0.5,-1,4,4,3.5,f,-1.5,-1
sigma-,pi,46,69,58240.930615,9.446727e-03,3,3,3.5,e,-1.5,-1,4,4,3.5,f,-2.5,-1
sigma-,pi,45,68,58240.930615,1.239884e-02,3,3,3.5,e,-2.5,-1,4,4,3.5,f,-3.5,-1
sigma-,pi,75,124,72671.161240,2.658636e-05,4,4,3.5,f,+3.5,-1,5,5,5.5,e,+2.5,-1
sigma-,pi,74,123,72671.161242,9.305239e-05,4,4,3.5,f,+2.5,-1,5,5,5.5,e,+1.5,-1
sigma-,pi,73,122,72671.161244,1.993983e-04,4,4,3.5,f,+1.5,-1,5,5,5.5,e,+0.5,-1
sigma-,pi,72,121,72671.161246,3.323309e-04,4,4,3.5,f,+0.5,-1,5,5,5.5,e,-0.5,-1
sigma-,pi,71,120,72671.161248,4.652640e-04,4,4,3.5,f,-0.5,-1,5,5,5.5,e,-1.5,-1
sigma-,pi,70,119,72671.161251,5.583176e-04,4,4,3.5,f,-1.5,-1,5,5,5.5,e,-2.5,-1
sigma-,pi,69,118,72671.161253,5.583184e-04,4,4,3.5,f,-2.5,-1,5,5,5.5,e,-3.5,-1
sigma-,pi,68,117,72671.161255,3.987994e-04,4,4,3.5,f,-3.5,-1,5,5,5.5,e,-4.5,-1
sigma-,pi,75,103,72674.738701,4.390706e-03,4,4,3.5,f,+3.5,-1,5,5,4.5,e,+2.5,-1
sigma-,pi,74,102,72674.738702,8.632069e-03,4,4,3.5,f,+2.5,-1,5,5,4.5,e,+1.5,-1
sigma-,pi,73,101,72674.738703,1.009564e-02,4,4,3.5,f,+1.5,-1,5,5,4.5,e,+0.5,-1
sigma-,pi,72,100,72674.738703,8.064567e-03,4,4,3.5,f,+0.5,-1,5,5,4.5,e,-0.5,-1
sigma-,pi,71,99,72674.738704,3.733598e-03,4,4,3.5,f,-0.5,-1,5,5,4.5,e,-1.5,-1
sigma-,pi,70,98,72674.738705,2.090825e-04,4,4,3.5,f,-1.5,-1,5,5,4.5,e,-2.5,-1
sigma-,pi,69,97,72674.738705,2.508971e-03,4,4,3.5,f,-2.5,-1,5,5,4.5,e,-3.5,-1
sigma-,pi,68,96,72674.738706,1.756282e-02,4,4,3.5,f,-3.5,-1,5,5,4.5,e,-4.5,-1
sigma-,pi,95,125,72675.596706,3.224383e-03,4,4,4.5,f,+4.5,-1,5,5,5.5,e,+3.5,-1
sigma-,pi,94,124,72675.596706,7.019333e-03,4,4,4.5,f,+3.5,-1,5,5,5.5,e,+2.5,-1
sigma-,pi,93,123,72675.596707,9.580259e-03,4,4,4.5,f,+2.5,-1,5,5,5.5,e,+1.5,-1
sigma-,pi,92,122,72675.596707,9.951790e-03,4,4,4.5,f,+1.5,-1,5,5,5.5,e,+0.5,-1
sigma-,pi,91,121,72675.596707,8.027774e-03,4,4,4.5,f,+0.5,-1,5,5,5.5,e,-0.5,-1
sigma-,pi,90,120,72675.596707,4.551281e-03,4,4,4.5,f,-0.5,-1,5,5,5.5,e,-1.5,-1
sigma-,pi,89,119,72675.596708,1.114598e-03,4,4,4.5,f,-1.5,-1,5,5,5.5,e,-2.5,-1
sigma-,pi,88,118,72675.596708,1.592297e-04,4,4,4.5,f,-2.5,-1,5,5,5.5,e,-3.5,-1
sigma-,pi,87,117,72675.596708,4.975899e-03,4,4,4.5,f,-3.5,-1,5,5,5.5,e,-4.5,-1
sigma-,pi,86,116,72675.596709,1.970454e-02,4,4,4.5,f,-4.5,-1,5,5,5.5,e,-5.5,-1
sigma-,pi,87,96,72679.174160,7.206295e-04,4,4,4.5,f,-3.5,-1,5,5,4.5,e,-4.5,-1
sigma-,pi,88,97,72679.174161,7.206292e-04,4,4,4.5,f,-2.5,-1,5,5,4.5,e,-3.5,-1
sigma-,pi,89,98,72679.174162,4.203670e-04,4,4,4.5,f,-1.5,-1,5,5,4.5,e,-2.5,-1
sigma-,pi,90,99,72679.174163,1.201049e-04,4,4,4.5,f,-0.5,-1,5,5,4.5,e,-1.5,-1
sigma-,pi,92,101,72679.174165,1.201042e-04,4,4,4.5,f,+1.5,-1,5,5,4.5,e,+0.5,-1
sigma-,pi,93,102,72679.174167,4.203649e-04,4,4,4.5,f,+2.5,-1,5,5,4.5,e,+1.5,-1
sigma-,pi,94,103,72679.174168,7.206254e-04,4,4,4.5,f,+3.5,-1,5,5,4.5,e,+2.5,-1
sigma-,pi,95,104,72679.174169,7.206251e-04,4,4,4.5,f,+4.5,-1,5,5,4.5,e,+3.5,-1
sigma-,pi,1,34,72722.836450,9.346664e-03,1,1,0.5,e,+0.5,-1,3,3,2.5,e,-0.5,-1
sigma-,pi,0,33,72722.836488,1.869334e-02,1,1,0.5,e,-0.5,-1,3,3,2.5,e,-1.5,-1
sigma-,pi,7,48,72732.087867,3.430469e-03,1,1,1.5,e,+1.5,-1,3,3,3.5,e,+0.5,-1
sigma-,pi,6,47,72732.087882,1.029140e-02,1,1,1.5,e,+0.5,-1,3,3,3.5,e,-0.5,-1
sigma-,pi,5,46,72732.087898,1.715232e-02,1,1,1.5,e,-0.5,-1,3,3,3.5,e,-1.5,-1
sigma-,pi,4,45,72732.087914,1.715231e-02,1,1,1.5,e,-1.5,-1,3,3,3.5,e,-2.5,-1
sigma-,pi,7,35,72737.884052,2.563180e-03,1,1,1.5,e,+1.5,-1,3,3,2.5,e,+0.5,-1
sigma-,pi,6,34,72737.884065,2.373322e-03,1,1,1.5,e,+0.5,-1,3,3,2.5,e,-0.5,-1
sigma-,pi,5,33,72737.884077,1.898669e-04,1,1,1.5,e,-0.5,-1,3,3,2.5,e,-1.5,-1
sigma-,pi,4,32,72737.884089,2.847994e-03,1,1,1.5,e,-1.5,-1,3,3,2.5,e,-2.5,-1
sigma-,pi,3,40,72749.286449,5.288640e-02,1,1,0.5,f,+0.5,+1,3,3,2.5,f,-0.5,+1
sigma-,pi,2,39,72749.286486,1.057729e-01,1,1,0.5,f,-0.5,+1,3,3,2.5,f,-1.5,+1
sigma-,pi,11,56,72758.537867,1.942163e-02,1,1,1.5,f,+1.5,+1,3,3,3.5,f,+0.5,+1
sigma-,pi,10,55,72758.537882,5.826486e-02,1,1,1.5,f,+0.5,+1,3,3,3.5,f,-0.5,+1
sigma-,pi,9,54,72758.537898,9.710804e-02,1,1,1.5,f,-0.5,+1,3,3,3.5,f,-1.5,+1
sigma-,pi,8,53,72758.537914,9.710797e-02,1,1,1.5,f,-1.5,+1,3,3,3.5,f,-2.5,+1
sigma-,pi,11,41,72764.334052,1.459196e-02,1,1,1.5,f,+1.5,+1,3,3,2.5,f,+0.5,+1
sigma-,pi,10,40,72764.334065,1.351112e-02,1,1,1.5,f,+0.5,+1,3,3,2.5,f,-0.5,+1
sigma-,pi,9,39,72764.334077,1.080897e-03,1,1,1.5,f,-0.5,+1,3,3,2.5,f,-1.5,+1
sigma-,pi,8,38,72764.334090,1.621338e-02,1,1,1.5,f,-1.5,+1,3,3,2.5,f,-2.5,+1
sigma-,pi,67,136,72803.411232,2.267754e-04,4,4,3.5,e,+3.5,+1,5,5,5.5,f,+2.5,+1
sigma-,pi,66,135,72803.411235,7.937146e-04,4,4,3.5,e,+2.5,+1,5,5,5.5,f,+1.5,+1
sigma-,pi,65,134,72803.411238,1.700818e-03,4,4,3.5,e,+1.5,+1,5,5,5.5,f,+0.5,+1
sigma-,pi,64,133,72803.411241,2.834700e-03,4,4,3.5,e,+0.5,+1,5,5,5.5,f,-0.5,+1
sigma-,pi,63,132,72803.411245,3.968583e-03,4,4,3.5,e,-0.5,+1,5,5,5.5,f,-1.5,+1
sigma-,pi,62,131,72803.411248,4.762304e-03,4,4,3.5,e,-1.5,+1,5,5,5.5,f,-2.5,+1
sigma-,pi,61,130,72803.411251,4.762308e-03,4,4,3.5,e,-2.5,+1,5,5,5.5,f,-3.5,+1
sigma-,pi,60,129,72803.411255,3.401652e-03,4,4,3.5,e,-3.5,+1,5,5,5.5,f,-4.5,+1
sigma-,pi,67,113,72806.988693,3.744798e-02,4,4,3.5,e,+3.5,+1,5,5,4.5,f,+2.5,+1
sigma-,pi,66,112,72806.988695,7.362223e-02,4,4,3.5,e,+2.5,+1,5,5,4.5,f,+1.5,+1
sigma-,pi,65,111,72806.988697,8.610491e-02,4,4,3.5,e,+1.5,+1,5,5,4.5,f,+0.5,+1
sigma-,pi,64,110,72806.988699,6.878205e-02,4,4,3.5,e,+0.5,+1,5,5,4.5,f,-0.5,+1
sigma-,pi,63,109,72806.988701,3.184356e-02,4,4,3.5,e,-0.5,+1,5,5,4.5,f,-1.5,+1
sigma-,pi,62,108,72806.988703,1.783248e-03,4,4,3.5,e,-1.5,+1,5,5,4.5,f,-2.5,+1
sigma-,pi,61,107,72806.988704,2.139882e-02,4,4,3.5,e,-2.5,+1,5,5,4.5,f,-3.5,+1
sigma-,pi,60,106,72806.988706,1.497919e-01,4,4,3.5,e,-3.5,+1,5,5,4.5,f,-4.5,+1
sigma-,pi,85,137,72807.846697,2.751833e-02,4,4,4.5,e,+4.5,+1,5,5,5.5,f,+3.5,+1
sigma-,pi,84,136,72807.846698,5.990614e-02,4,4,4.5,e,+3.5,+1,5,5,5.5,f,+2.5,+1
sigma-,pi,83,135,72807.846700,8.176224e-02,4,4,4.5,e,+2.5,+1,5,5,5.5,f,+1.5,+1
sigma-,pi,82,134,72807.846701,8.493305e-02,4,4,4.5,e,+1.5,+1,5,5,5.5,f,+0.5,+1
sigma-,pi,81,133,72807.846702,6.851264e-02,4,4,4.5,e,+0.5,+1,5,5,5.5,f,-0.5,+1
sigma-,pi,80,132,72807.846704,3.884268e-02,4,4,4.5,e,-0.5,+1,5,5,5.5,f,-1.5,+1
sigma-,pi,79,131,72807.846705,9.512479e-03,4,4,4.5,e,-1.5,+1,5,5,5.5,f,-2.5,+1
sigma-,pi,78,130,72807.846706,1.358938e-03,4,4,4.5,e,-2.5,+1,5,5,5.5,f,-3.5,+1
sigma-,pi,77,129,72807.846708,4.246656e-02,4,4,4.5,e,-3.5,+1,5,5,5.5,f,-4.5,+1
sigma-,pi,76,128,72807.846709,1.681674e-01,4,4,4.5,e,-4.5,+1,5,5,5.5,f,-5.5,+1
sigma-,pi,77,106,72811.424159,6.125819e-03,4,4,4.5,e,-3.5,+1,5,5,4.5,f,-4.5,+1
sigma-,pi,78,107,72811.424159,6.125814e-03,4,4,4.5,e,-2.5,+1,5,5,4.5,f,-3.5,+1
sigma-,pi,79,108,72811.424159,3.573389e-03,4,4,4.5,e,-1.5,+1,5,5,4.5,f,-2.5,+1
sigma-,pi,80,109,72811.424159,1.020968e-03,4,4,4.5,e,-0.5,+1,5,5,4.5,f,-1.5,+1
sigma-,pi,82,111,72811.424159,1.020966e-03,4,4,4.5,e,+1.5,+1,5,5,4.5,f,+0.5,+1
sigma-,pi,83,112,72811.424159,3.573377e-03,4,4,4.5,e,+2.5,+1,5,5,4.5,f,+1.5,+1
sigma-,pi,84,113,72811.424160,6.125784e-03,4,4,4.5,e,+3.5,+1,5,5,4.5,f,+2.5,+1
sigma-,pi,85,114,72811.424160,6.125779e-03,4,4,4.5,e,+4.5,+1,5,5,4.5,f,+3.5,+1
sigma-,pi,15,64,101818.187996,4.289186e-03,2,2,1.5,e,+1.5,+1,4,4,3.5,e,+0.5,+1
sigma-,pi,14,63,101818.188006,1.286756e-02,2,2,1.5,e,+0.5,+1,4,4,3.5,e,-0.5,+1
sigma-,pi,13,62,101818.188016,2.144595e-02,2,2,1.5,e,-0.5,+1,4,4,3.5,e,-1.5,+1
sigma-,pi,12,61,101818.188025,2.144595e-02,2,2,1.5,e,-1.5,+1,4,4,3.5,e,-2.5,+1
sigma-,pi,25,82,101822.082199,1.985224e-03,2,2,2.5,e,+2.5,+1,4,4,4.5,e,+1.5,+1
sigma-,pi,24,81,101822.082204,6.617412e-03,2,2,2.5,e,+1.5,+1,4,4,4.5,e,+0.5,+1
sigma-,pi,23,80,101822.082209,1.323482e-02,2,2,2.5,e,+0.5,+1,4,4,4.5,e,-0.5,+1
sigma-,pi,22,79,101822.082215,1.985222e-02,2,2,2.5,e,-0.5,+1,4,4,4.5,e,-1.5,+1
sigma-,pi,21,78,101822.082220,2.316092e-02,2,2,2.5,e,-1.5,+1,4,4,4.5,e,-2.5,+1
sigma-,pi,20,77,101822.082225,1.852873e-02,2,2,2.5,e,-2.5,+1,4,4,4.5,e,-3.5,+1
sigma-,pi,25,65,101826.517662,9.888302e-04,2,2,2.5,e,+2.5,+1,4,4,3.5,e,+1.5,+1
sigma-,pi,24,64,101826.517665,1.595315e-03,2,2,2.5,e,+1.5,+1,4,4,3.5,e,+0.5,+1
sigma-,pi,23,63,101826.517668,1.292075e-03,2,2,2.5,e,+0.5,+1,4,4,3.5,e,-0.5,+1
sigma-,pi,22,62,101826.517671,3.955334e-04,2,2,2.5,e,-0.5,+1,4,4,3.5,e,-1.5,+1
sigma-,pi,21,61,101826.517675,6.592239e-05,2,2,2.5,e,-1.5,+1,4,4,3.5,e,-2.5,+1
sigma-,pi,20,60,101826.517678,2.307285e-03,2,2,2.5,e,-2.5,+1,4,4,3.5,e,-3.5,+1
sigma-,pi,19,72,101855.217997,2.428327e-02,2,2,1.5,f,+1.5,-1,4,4,3.5,f,+0.5,-1
sigma-,pi,18,71,101855.218006,7.284984e-02,2,2,1.5,f,+0.5,-1,4,4,3.5,f,-0.5,-1
sigma-,pi,17,70,101855.218016,1.214164e-01,2,2,1.5,f,-0.5,-1,4,4,3.5,f,-1.5,-1
sigma-,pi,16,69,101855.218025,1.214165e-01,2,2,1.5,f,-1.5,-1,4,4,3.5,f,-2.5,-1
sigma-,pi,31,92,101859.112199,1.124114e-02,2,2,2.5,f,+2.5,-1,4,4,4.5,f,+1.5,-1
sigma-,pi,30,91,101859.112205,3.747047e-02,2,2,2.5,f,+1.5,-1,4,4,4.5,f,+0.5,-1
sigma-,pi,29,90,101859.112210,7.494091e-02,2,2,2.5,f,+0.5,-1,4,4,4.5,f,-0.5,-1
sigma-,pi,28,89,101859.112215,1.124113e-01,2,2,2.5,f,-0.5,-1,4,4,4.5,f,-1.5,-1
sigma-,pi,27,88,101859.112220,1.311465e-01,2,2,2.5,f,-1.5,-1,4,4,4.5,f,-2.5,-1
sigma-,pi,26,87,101859.112225,1.049172e-01,2,2,2.5,f,-2.5,-1,4,4,4.5,f,-3.5,-1
sigma-,pi,31,73,101863.547662,5.629966e-03,2,2,2.5,f,+2.5,-1,4,4,3.5,f,+1.5,-1
sigma-,pi,30,72,101863.547665,9.083022e-03,2,2,2.5,f,+1.5,-1,4,4,3.5,f,+0.5,-1
sigma-,pi,29,71,101863.547669,7.356506e-03,2,2,2.5,f,+0.5,-1,4,4,3.5,f,-0.5,-1
sigma-,pi,28,70,101863.547672,2.251994e-03,2,2,2.5,f,-0.5,-1,4,4,3.5,f,-1.5,-1
sigma-,pi,27,69,101863.547675,3.753327e-04,2,2,2.5,f,-1.5,-1,4,4,3.5,f,-2.5,-1
sigma-,pi,26,68,101863.547679,1.313666e-02,2,2,2.5,f,-2.5,-1,4,4,3.5,f,-3.5,-1
sigma-,pi,37,102,130909.873130,2.144249e-03,3,3,2.5,e,+2.5,-1,5,5,4.5,e,+1.5,-1
sigma-,pi,36,101,130909.873134,7.147497e-03,3,3,2.5,e,+1.5,-1,5,5,4.5,e,+0.5,-1
sigma-,pi,35,100,130909.873138,1.429500e-02,3,3,2.5,e,+0.5,-1,5,5,4.5,e,-0.5,-1
sigma-,pi,34,99,130909.873142,2.144250e-02,3,3,2.5,e,-0.5,-1,5,5,4.5,e,-1.5,-1
sigma-,pi,33,98,130909.873146,2.501625e-02,3,3,2.5,e,-1.5,-1,5,5,4.5,e,-2.5,-1
sigma-,pi,32,97,130909.873150,2.001301e-02,3,3,2.5,e,-2.5,-1,5,5,4.5,e,-3.5,-1
sigma-,pi,51,124,130912.091859,1.157647e-03,3,3,3.5,e,+3.5,-1,5,5,5.5,e,+2.5,-1
sigma-,pi,50,123,130912.091861,4.051764e-03,3,3,3.5,e,+2.5,-1,5,5,5.5,e,+1.5,-1
sigma-,pi,49,122,130912.091864,8.682349e-03,3,3,3.5,e,+1.5,-1,5,5,5.5,e,+0.5,-1
sigma-,pi,48,121,130912.091866,1.447058e-02,3,3,3.5,e,+0.5,-1,5,5,5.5,e,-0.5,-1
sigma-,pi,47,120,130912.091868,2.025881e-02,3,3,3.5,e,-0.5,-1,5,5,5.5,e,-1.5,-1
sigma-,pi,46,119,130912.091870,2.431056e-02,3,3,3.5,e,-1.5,-1,5,5,5.5,e,-2.5,-1
sigma-,pi,45,118,130912.091873,2.431056e-02,3,3,3.5,e,-2.5,-1,5,5,5.5,e,-3.5,-1
sigma-,pi,44,117,130912.091875,1.736468e-02,3,3,3.5,e,-3.5,-1,5,5,5.5,e,-4.5,-1
sigma-,pi,11,64,130914.828492,1.392176e-11,1,1,1.5,f,+1.5,+1,4,4,3.5,e,+0.5,+1
sigma-,pi,10,63,130914.828506,4.176540e-11,1,1,1.5,f,+0.5,+1,4,4,3.5,e,-0.5,+1
sigma-,pi,9,62,130914.828521,6.960921e-11,1,1,1.5,f,-0.5,+1,4,4,3.5,e,-1.5,+1
sigma-,pi,8,61,130914.828536,6.960942e-11,1,1,1.5,f,-1.5,+1,4,4,3.5,e,-2.5,+1
sigma-,pi,51,103,130915.669320,4.324588e-04,3,3,3.5,e,+3.5,-1,5,5,4.5,e,+2.5,-1
sigma-,pi,50,102,130915.669321,8.502087e-04,3,3,3.5,e,+2.5,-1,5,5,4.5,e,+1.5,-1
sigma-,pi,49,101,130915.669322,9.943624e-04,3,3,3.5,e,+1.5,-1,5,5,4.5,e,+0.5,-1
sigma-,pi,48,100,130915.669323,7.943136e-04,3,3,3.5,e,+0.5,-1,5,5,4.5,e,-0.5,-1
sigma-,pi,47,99,130915.669324,3.677378e-04,3,3,3.5,e,-0.5,-1,5,5,4.5,e,-1.5,-1
sigma-,pi,46,98,130915.669325,2.059319e-05,3,3,3.5,e,-1.5,-1,5,5,4.5,e,-2.5,-1
sigma-,pi,45,97,130915.669326,2.471213e-04,3,3,3.5,e,-2.5,-1,5,5,4.5,e,-3.5,-1
sigma-,pi,44,96,130915.669327,1.729848e-03,3,3,3.5,e,-3.5,-1,5,5,4.5,e,-4.5,-1
sigma-,pi,43,112,130957.483130,1.214160e-02,3,3,2.5,f,+2.5,+1,5,5,4.5,f,+1.5,+1
sigma-,pi,42,111,130957.483134,4.047202e-02,3,3,2.5,f,+1.5,+1,5,5,4.5,f,+0.5,+1
sigma-,pi,41,110,130957.483138,8.094406e-02,3,3,2.5,f,+0.5,+1,5,5,4.5,f,-0.5,+1
sigma-,pi,40,109,130957.483142,1.214161e-01,3,3,2.5,f,-0.5,+1,5,5,4.5,f,-1.5,+1
sigma-,pi,39,108,130957.483146,1.416522e-01,3,3,2.5,f,-1.5,+1,5,5,4.5,f,-2.5,+1
sigma-,pi,38,107,130957.483150,1.133218e-01,3,3,2.5,f,-2.5,+1,5,5,4.5,f,-3.5,+1
sigma-,pi,59,136,130959.701859,6.555511e-03,3,3,3.5,f,+3.5,+1,5,5,5.5,f,+2.5,+1
sigma-,pi,58,135,130959.701862,2.294428e-02,3,3,3.5,f,+2.5,+1,5,5,5.5,f,+1.5,+1
sigma-,pi,57,134,130959.701864,4.916631e-02,3,3,3.5,f,+1.5,+1,5,5,5.5,f,+0.5,+1
sigma-,pi,56,133,130959.701866,8.194383e-02,3,3,3.5,f,+0.5,+1,5,5,5.5,f,-0.5,+1
sigma-,pi,55,132,130959.701869,1.147213e-01,3,3,3.5,f,-0.5,+1,5,5,5.5,f,-1.5,+1
sigma-,pi,54,131,130959.701871,1.376656e-01,3,3,3.5,f,-1.5,+1,5,5,5.5,f,-2.5,+1
sigma-,pi,53,130,130959.701873,1.376656e-01,3,3,3.5,f,-2.5,+1,5,5,5.5,f,-3.5,+1
sigma-,pi,52,129,130959.701876,9.833252e-02,3,3,3.5,f,-3.5,+1,5,5,5.5,f,-4.5,+1
sigma-,pi,59,113,130963.279320,2.462343e-03,3,3,3.5,f,+3.5,+1,5,5,4.5,f,+2.5,+1
sigma-,pi,58,112,130963.279321,4.840937e-03,3,3,3.5,f,+2.5,+1,5,5,4.5,f,+1.5,+1
sigma-,pi,57,111,130963.279322,5.661722e-03,3,3,3.5,f,+1.5,+1,5,5,4.5,f,+0.5,+1
sigma-,pi,56,110,130963.279323,4.522680e-03,3,3,3.5,f,+0.5,+1,5,5,4.5,f,-0.5,+1
sigma-,pi,55,109,130963.279324,2.093834e-03,3,3,3.5,f,-0.5,+1,5,5,4.5,f,-1.5,+1
sigma-,pi,54,108,130963.279325,1.172541e-04,3,3,3.5,f,-1.5,+1,5,5,4.5,f,-2.5,+1
sigma-,pi,53,107,130963.279327,1.407063e-03,3,3,3.5,f,-2.5,+1,5,5,4.5,f,-3.5,+1
sigma-,pi,52,106,130963.279328,9.849438e-03,3,3,3.5,f,-3.5,+1,5,5,4.5,f,-4.5,+1
sigma-,pi,7,72,130973.018486,1.353764e-09,1,1,1.5,e,+1.5,-1,4,4,3.5,f,+0.5,-1
sigma-,pi,6,71,130973.018502,4.061304e-09,1,1,1.5,e,+0.5,-1,4,4,3.5,f,-0.5,-1
sigma-,pi,5,70,130973.018518,6.768859e-09,1,1,1.5,e,-0.5,-1,4,4,3.5,f,-1.5,-1
sigma-,pi,4,69,130973.018534,6.768878e-09,1,1,1.5,e,-1.5,-1,4,4,3.5,f,-2.5,-1
sigma-,pi,31,102,174538.286369,1.856540e-11,2,2,2.5,f,+2.5,-1,5,5,4.5,e,+1.5,-1
sigma-,pi,30,101,174538.286373,6.188474e-11,2,2,2.5,f,+1.5,-1,5,5,4.5,e,+0.5,-1
sigma-,pi,29,100,174538.286377,1.237697e-10,2,2,2.5,f,+0.5,-1,5,5,4.5,e,-0.5,-1
sigma-,pi,28,99,174538.286381,1.856548e-10,2,2,2.5,f,-0.5,-1,5,5,4.5,e,-1.5,-1
sigma-,pi,27,98,174538.286385,2.165975e-10,2,2,2.5,f,-1.5,-1,5,5,4.5,e,-2.5,-1
sigma-,pi,26,97,174538.286390,1.732783e-10,2,2,2.5,f,-2.5,-1,5,5,4.5,e,-3.5,-1
sigma-,pi,25,112,174633.506363,3.196679e-10,2,2,2.5,e,+2.5,+1,5,5,4.5,f,+1.5,+1
sigma-,pi,24,111,174633.506368,1.065561e-09,2,2,2.5,e,+1.5,+1,5,5,4.5,f,+0.5,+1
sigma-,pi,23,110,174633.506373,2.131125e-09,2,2,2.5,e,+0.5,+1,5,5,4.5,f,-0.5,+1
sigma-,pi,22,109,174633.506378,3.196692e-09,2,2,2.5,e,-0.5,+1,5,5,4.5,f,-1.5,+1
sigma-,pi,21,108,174633.506383,3.729480e-09,2,2,2.5,e,-1.5,+1,5,5,4.5,f,-2.5,+1
sigma-,pi,20,107,174633.506388,2.983588e-09,2,2,2.5,e,-2.5,+1,5,5,4.5,f,-3.5,+1
pi,pi,108,20,-174633.506392,1.491796e-09,5,5,4.5,f,-2.5,+1,2,2,2.5,e,-2.5,+1
pi,pi,109,21,-174633.506387,3.196700e-09,5,5,4.5,f,-1.5,+1,2,2,2.5,e,-1.5,+1
pi,pi,110,22,-174633.506382,4.262261e-09,5,5,4.5,f,-0.5,+1,2,2,2.5,e,-0.5,+1
pi,pi,111,23,-174633.506377,4.262256e-09,5,5,4.5,f,+0.5,+1,2,2,2.5,e,+0.5,+1
pi,pi,112,24,-174633.506372,3.196687e-09,5,5,4.5,f,+1.5,+1,2,2,2.5,e,+1.5,+1
pi,pi,113,25,-174633.506366,1.491785e-09,5,5,4.5,f,+2.5,+1,2,2,2.5,e,+2.5,+1
pi,pi,98,26,-174538.286394,8.663924e-11,5,5,4.5,e,-2.5,-1,2,2,2.5,f,-2.5,-1
pi,pi,99,27,-174538.286390,1.856553e-10,5,5,4.5,e,-1.5,-1,2,2,2.5,f,-1.5,-1
pi,pi,100,28,-174538.286386,2.475400e-10,5,5,4.5,e,-0.5,-1,2,2,2.5,f,-0.5,-1
pi,pi,101,29,-174538.286382,2.475396e-10,5,5,4.5,e,+0.5,-1,2,2,2.5,f,+0.5,-1
pi,pi,102,30,-174538.286378,1.856544e-10,5,5,4.5,e,+1.5,-1,2,2,2.5,f,+1.5,-1
pi,pi,103,31,-174538.286374,8.663862e-11,5,5,4.5,e,+2.5,-1,2,2,2.5,f,+2.5,-1
pi,pi,70,4,-130973.018539,4.512592e-09,4,4,3.5,f,-1.5,-1,1,1,1.5,e,-1.5,-1
pi,pi,71,5,-130973.018523,8.122642e-09,4,4,3.5,f,-0.5,-1,1,1,1.5,e,-0.5,-1
pi,pi,72,6,-130973.018508,8.122620e-09,4,4,3.5,f,+0.5,-1,1,1,1.5,e,+0.5,-1
pi,pi,73,7,-130973.018492,4.512554e-09,4,4,3.5,f,+1.5,-1,1,1,1.5,e,+1.5,-1
pi,pi,107,52,-130963.279331,8.755053e-03,5,5,4.5,f,-3.5,+1,3,3,3.5,f,-3.5,+1
pi,pi,108,53,-130963.279330,7.817008e-03,5,5,4.5,f,-2.5,+1,3,3,3.5,f,-2.5,+1
pi,pi,109,54,-130963.279329,3.618157e-03,5,5,4.5,f,-1.5,+1,3,3,3.5,f,-1.5,+1
pi,pi,110,55,-130963.279328,4.466870e-04,5,5,4.5,f,-0.5,+1,3,3,3.5,f,-0.5,+1
pi,pi,111,56,-130963.279327,4.466827e-04,5,5,4.5,f,+0.5,+1,3,3,3.5,f,+0.5,+1
pi,pi,112,57,-130963.279326,3.618138e-03,5,5,4.5,f,+1.5,+1,3,3,3.5,f,+1.5,+1
pi,pi,113,58,-130963.279325,7.816964e-03,5,5,4.5,f,+2.5,+1,3,3,3.5,f,+2.5,+1
pi,pi,114,59,-130963.279324,8.754995e-03,5,5,4.5,f,+3.5,+1,3,3,3.5,f,+3.5,+1
pi,pi,130,52,-130959.701878,3.933299e-02,5,5,5.5,f,-3.5,+1,3,3,3.5,f,-3.5,+1
pi,pi,131,53,-130959.701876,9.177700e-02,5,5,5.5,f,-2.5,+1,3,3,3.5,f,-2.5,+1
pi,pi,132,54,-130959.701874,1.376655e-01,5,5,5.5,f,-1.5,+1,3,3,3.5,f,-1.5,+1
pi,pi,133,55,-130959.701871,1.638876e-01,5,5,5.5,f,-0.5,+1,3,3,3.5,f,-0.5,+1
pi,pi,134,56,-130959.701869,1.638876e-01,5,5,5.5,f,+0.5,+1,3,3,3.5,f,+0.5,+1
pi,pi,135,57,-130959.701867,1.376656e-01,5,5,5.5,f,+1.5,+1,3,3,3.5,f,+1.5,+1
pi,pi,136,58,-130959.701864,9.177710e-02,5,5,5.5,f,+2.5,+1,3,3,3.5,f,+2.5,+1
pi,pi,137,59,-130959.701862,3.933305e-02,5,5,5.5,f,+3.5,+1,3,3,3.5,f,+3.5,+1
pi,pi,108,38,-130957.483154,5.666089e-02,5,5,4.5,f,-2.5,+1,3,3,2.5,f,-2.5,+1
pi,pi,109,39,-130957.483150,1.214162e-01,5,5,4.5,f,-1.5,+1,3,3,2.5,f,-1.5,+1
pi,pi,110,40,-130957.483146,1.618882e-01,5,5,4.5,f,-0.5,+1,3,3,2.5,f,-0.5,+1
pi,pi,111,41,-130957.483142,1.618882e-01,5,5,4.5,f,+0.5,+1,3,3,2.5,f,+0.5,+1
pi,pi,112,42,-130957.483138,1.214161e-01,5,5,4.5,f,+1.5,+1,3,3,2.5,f,+1.5,+1
pi,pi,113,43,-130957.483134,5.666084e-02,5,5,4.5,f,+2.5,+1,3,3,2.5,f,+2.5,+1
pi,pi,97,44,-130915.669331,1.537642e-03,5,5,4.5,e,-3.5,-1,3,3,3.5,e,-3.5,-1
pi,pi,98,45,-130915.669330,1.372894e-03,5,5,4.5,e,-2.5,-1,3,3,3.5,e,-2.5,-1
pi,pi,99,46,-130915.669329,6.354537e-04,5,5,4.5,e,-1.5,-1,3,3,3.5,e,-1.5,-1
pi,pi,100,47,-130915.669328,7.845130e-05,5,5,4.5,e,-0.5,-1,3,3,3.5,e,-0.5,-1
pi,pi,101,48,-130915.669327,7.845035e-05,5,5,4.5,e,+0.5,-1,3,3,3.5,e,+0.5,-1
pi,pi,102,49,-130915.669327,6.354497e-04,5,5,4.5,e,+1.5,-1,3,3,3.5,e,+1.5,-1
pi,pi,103,50,-130915.669326,1.372885e-03,5,5,4.5,e,+2.5,-1,3,3,3.5,e,+2.5,-1
pi,pi,104,51,-130915.669325,1.537631e-03,5,5,4.5,e,+3.5,-1,3,3,3.5,e,+3.5,-1
pi,pi,62,8,-130914.828542,4.640635e-11,4,4,3.5,e,-1.5,+1,1,1,1.5,f,-1.5,+1
pi,pi,63,9,-130914.828527,8.353118e-11,4,4,3.5,e,-0.5,+1,1,1,1.5,f,-0.5,+1
pi,pi,64,10,-130914.828512,8.353093e-11,4,4,3.5,e,+0.5,+1,1,1,1.5,f,+0.5,+1
pi,pi,65,11,-130914.828498,4.640593e-11,4,4,3.5,e,+1.5,+1,1,1,1.5,f,+1.5,+1
pi,pi,118,44,-130912.091878,6.945869e-03,5,5,5.5,e,-3.5,-1,3,3,3.5,e,-3.5,-1
pi,pi,119,45,-130912.091876,1.620703e-02,5,5,5.5,e,-2.5,-1,3,3,3.5,e,-2.5,-1
pi,pi,120,46,-130912.091874,2.431055e-02,5,5,5.5,e,-1.5,-1,3,3,3.5,e,-1.5,-1
pi,pi,121,47,-130912.091871,2.894114e-02,5,5,5.5,e,-0.5,-1,3,3,3.5,e,-0.5,-1
pi,pi,122,48,-130912.091869,2.894115e-02,5,5,5.5,e,+0.5,-1,3,3,3.5,e,+0.5,-1
pi,pi,123,49,-130912.091867,2.431057e-02,5,5,5.5,e,+1.5,-1,3,3,3.5,e,+1.5,-1
pi,pi,124,50,-130912.091864,1.620705e-02,5,5,5.5,e,+2.5,-1,3,3,3.5,e,+2.5,-1
pi,pi,125,51,-130912.091862,6.945880e-03,5,5,5.5,e,+3.5,-1,3,3,3.5,e,+3.5,-1
pi,pi,98,32,-130909.873154,1.000651e-02,5,5,4.5,e,-2.5,-1,3,3,2.5,e,-2.5,-1
pi,pi,99,33,-130909.873150,2.144251e-02,5,5,4.5,e,-1.5,-1,3,3,2.5,e,-1.5,-1
pi,pi,100,34,-130909.873146,2.859001e-02,5,5,4.5,e,-0.5,-1,3,3,2.5,e,-0.5,-1
pi,pi,101,35,-130909.873142,2.859000e-02,5,5,4.5,e,+0.5,-1,3,3,2.5,e,+0.5,-1
pi,pi,102,36,-130909.873138,2.144250e-02,5,5,4.5,e,+1.5,-1,3,3,2.5,e,+1.5,-1
pi,pi,103,37,-130909.873134,1.000650e-02,5,5,4.5,e,+2.5,-1,3,3,2.5,e,+2.5,-1
pi,pi,69,26,-101863.547684,1.501332e-02,4,4,3.5,f,-2.5,-1,2,2,2.5,f,-2.5,-1
pi,pi,70,27,-101863.547681,9.007984e-03,4,4,3.5,f,-1.5,-1,2,2,2.5,f,-1.5,-1
pi,pi,71,28,-101863.547677,1.201063e-03,4,4,3.5,f,-0.5,-1,2,2,2.5,f,-0.5,-1
pi,pi,72,29,-101863.547674,1.201062e-03,4,4,3.5,f,+0.5,-1,2,2,2.5,f,+0.5,-1
pi,pi,73,30,-101863.547671,9.007953e-03,4,4,3.5,f,+1.5,-1,2,2,2.5,f,+1.5,-1
pi,pi,74,31,-101863.547667,1.501324e-02,4,4,3.5,f,+2.5,-1,2,2,2.5,f,+2.5,-1
pi,pi,88,26,-101859.112229,5.245856e-02,4,4,4.5,f,-2.5,-1,2,2,2.5,f,-2.5,-1
pi,pi,89,27,-101859.112224,1.124112e-01,4,4,4.5,f,-1.5,-1,2,2,2.5,f,-1.5,-1
pi,pi,90,28,-101859.112218,1.498817e-01,4,4,4.5,f,-0.5,-1,2,2,2.5,f,-0.5,-1
pi,pi,91,29,-101859.112213,1.498818e-01,4,4,4.5,f,+0.5,-1,2,2,2.5,f,+0.5,-1
pi,pi,92,30,-101859.112208,1.124114e-01,4,4,4.5,f,+1.5,-1,2,2,2.5,f,+1.5,-1
pi,pi,93,31,-101859.112203,5.245865e-02,4,4,4.5,f,+2.5,-1,2,2,2.5,f,+2.5,-1
pi,pi,70,16,-101855.218031,8.094436e-02,4,4,3.5,f,-1.5,-1,2,2,1.5,f,-1.5,-1
pi,pi,71,17,-101855.218021,1.456998e-01,4,4,3.5,f,-0.5,-1,2,2,1.5,f,-0.5,-1
pi,pi,72,18,-101855.218011,1.456997e-01,4,4,3.5,f,+0.5,-1,2,2,1.5,f,+0.5,-1
pi,pi,73,19,-101855.218002,8.094428e-02,4,4,3.5,f,+1.5,-1,2,2,1.5,f,+1.5,-1
pi,pi,61,20,-101826.517684,2.636896e-03,4,4,3.5,e,-2.5,+1,2,2,2.5,e,-2.5,+1
pi,pi,62,21,-101826.517681,1.582136e-03,4,4,3.5,e,-1.5,+1,2,2,2.5,e,-1.5,+1
pi,pi,63,22,-101826.517677,2.109513e-04,4,4,3.5,e,-0.5,+1,2,2,2.5,e,-0.5,+1
pi,pi,64,23,-101826.517674,2.109508e-04,4,4,3.5,e,+0.5,+1,2,2,2.5,e,+0.5,+1
pi,pi,65,24,-101826.517671,1.582129e-03,4,4,3.5,e,+1.5,+1,2,2,2.5,e,+1.5,+1
pi,pi,66,25,-101826.517668,2.636879e-03,4,4,3.5,e,+2.5,+1,2,2,2.5,e,+2.5,+1
pi,pi,78,20,-101822.082229,9.264359e-03,4,4,4.5,e,-2.5,+1,2,2,2.5,e,-2.5,+1
pi,pi,79,21,-101822.082224,1.985221e-02,4,4,4.5,e,-1.5,+1,2,2,2.5,e,-1.5,+1
pi,pi,80,22,-101822.082218,2.646962e-02,4,4,4.5,e,-0.5,+1,2,2,2.5,e,-0.5,+1
pi,pi,81,23,-101822.082213,2.646963e-02,4,4,4.5,e,+0.5,+1,2,2,2.5,e,+0.5,+1
pi,pi,82,24,-101822.082208,1.985223e-02,4,4,4.5,e,+1.5,+1,2,2,2.5,e,+1.5,+1
pi,pi,83,25,-101822.082203,9.264376e-03,4,4,4.5,e,+2.5,+1,2,2,2.5,e,+2.5,+1
pi,pi,62,12,-101818.188031,1.429731e-02,4,4,3.5,e,-1.5,+1,2,2,1.5,e,-1.5,+1
pi,pi,63,13,-101818.188022,2.573515e-02,4,4,3.5,e,-0.5,+1,2,2,1.5,e,-0.5,+1
pi,pi,64,14,-101818.188012,2.573514e-02,4,4,3.5,e,+0.5,+1,2,2,1.5,e,+0.5,+1
pi,pi,65,15,-101818.188002,1.429729e-02,4,4,3.5,e,+1.5,+1,2,2,1.5,e,+1.5,+1
pi,pi,115,85,-72811.424163,1.225155e-02,5,5,4.5,f,+4.5,+1,4,4,4.5,e,+4.5,+1
pi,pi,114,84,-72811.424163,1.361285e-03,5,5,4.5,f,+3.5,+1,4,4,4.5,e,+3.5,+1
pi,pi,113,83,-72811.424163,3.403216e-04,5,5,4.5,f,+2.5,+1,4,4,4.5,e,+2.5,+1
pi,pi,112,82,-72811.424163,3.062896e-03,5,5,4.5,f,+1.5,+1,4,4,4.5,e,+1.5,+1
pi,pi,111,81,-72811.424163,5.445153e-03,5,5,4.5,f,+0.5,+1,4,4,4.5,e,+0.5,+1
pi,pi,110,80,-72811.424163,5.445157e-03,5,5,4.5,f,-0.5,+1,4,4,4.5,e,-0.5,+1
pi,pi,109,79,-72811.424163,3.062903e-03,5,5,4.5,f,-1.5,+1,4,4,4.5,e,-1.5,+1
pi,pi,108,78,-72811.424163,3.403228e-04,5,5,4.5,f,-2.5,+1,4,4,4.5,e,-2.5,+1
pi,pi,107,77,-72811.424163,1.361293e-03,5,5,4.5,f,-3.5,+1,4,4,4.5,e,-3.5,+1
pi,pi,106,76,-72811.424163,1.225164e-02,5,5,4.5,f,-4.5,+1,4,4,4.5,e,-4.5,+1
pi,pi,129,76,-72807.846711,1.223036e-01,5,5,5.5,f,-4.5,+1,4,4,4.5,e,-4.5,+1
pi,pi,130,77,-72807.846710,1.331750e-01,5,5,5.5,f,-3.5,+1,4,4,4.5,e,-3.5,+1
pi,pi,131,78,-72807.846709,9.059530e-02,5,5,5.5,f,-2.5,+1,4,4,4.5,e,-2.5,+1
pi,pi,132,79,-72807.846708,3.805005e-02,5,5,5.5,f,-1.5,+1,4,4,4.5,e,-1.5,+1
pi,pi,133,80,-72807.846706,4.529783e-03,5,5,5.5,f,-0.5,+1,4,4,4.5,e,-0.5,+1
pi,pi,134,81,-72807.846705,4.529743e-03,5,5,5.5,f,+0.5,+1,4,4,4.5,e,+0.5,+1
pi,pi,135,82,-72807.846704,3.804996e-02,5,5,5.5,f,+1.5,+1,4,4,4.5,e,+1.5,+1
pi,pi,136,83,-72807.846702,9.059522e-02,5,5,5.5,f,+2.5,+1,4,4,4.5,e,+2.5,+1
pi,pi,137,84,-72807.846701,1.331750e-01,5,5,5.5,f,+3.5,+1,4,4,4.5,e,+3.5,+1
pi,pi,138,85,-72807.846700,1.223036e-01,5,5,5.5,f,+4.5,+1,4,4,4.5,e,+4.5,+1
pi,pi,107,60,-72806.988710,1.331484e-01,5,5,4.5,f,-3.5,+1,4,4,3.5,e,-3.5,+1
pi,pi,108,61,-72806.988708,1.188825e-01,5,5,4.5,f,-2.5,+1,4,4,3.5,e,-2.5,+1
pi,pi,109,62,-72806.988706,5.502556e-02,5,5,4.5,f,-1.5,+1,4,4,3.5,e,-1.5,+1
pi,pi,110,63,-72806.988704,6.793261e-03,5,5,4.5,f,-0.5,+1,4,4,3.5,e,-0.5,+1
pi,pi,111,64,-72806.988703,6.793311e-03,5,5,4.5,f,+0.5,+1,4,4,3.5,e,+0.5,+1
pi,pi,112,65,-72806.988701,5.502567e-02,5,5,4.5,f,+1.5,+1,4,4,3.5,e,+1.5,+1
pi,pi,113,66,-72806.988699,1.188826e-01,5,5,4.5,f,+2.5,+1,4,4,3.5,e,+2.5,+1
pi,pi,114,67,-72806.988697,1.331484e-01,5,5,4.5,f,+3.5,+1,4,4,3.5,e,+3.5,+1
pi,pi,130,60,-72803.411257,1.360660e-03,5,5,5.5,f,-3.5,+1,4,4,3.5,e,-3.5,+1
pi,pi,131,61,-72803.411254,3.174871e-03,5,5,5.5,f,-2.5,+1,4,4,3.5,e,-2.5,+1
pi,pi,132,62,-72803.411251,4.762303e-03,5,5,5.5,f,-1.5,+1,4,4,3.5,e,-1.5,+1
pi,pi,133,63,-72803.411247,5.669403e-03,5,5,5.5,f,-0.5,+1,4,4,3.5,e,-0.5,+1
pi,pi,134,64,-72803.411244,5.669398e-03,5,5,5.5,f,+0.5,+1,4,4,3.5,e,+0.5,+1
pi,pi,135,65,-72803.411241,4.762290e-03,5,5,5.5,f,+1.5,+1,4,4,3.5,e,+1.5,+1
pi,pi,136,66,-72803.411237,3.174857e-03,5,5,5.5,f,+2.5,+1,4,4,3.5,e,+2.5,+1
pi,pi,137,67,-72803.411234,1.360652e-03,5,5,5.5,f,+3.5,+1,4,4,3.5,e,+3.5,+1
pi,pi,39,8,-72764.334098,2.594139e-02,3,3,2.5,f,-1.5,+1,1,1,1.5,f,-1.5,+1
pi,pi,40,9,-72764.334085,4.323545e-03,3,3,2.5,f,-0.5,+1,1,1,1.5,f,-0.5,+1
pi,pi,41,10,-72764.334073,4.323563e-03,3,3,2.5,f,+0.5,+1,1,1,1.5,f,+0.5,+1
pi,pi,42,11,-72764.334060,2.594126e-02,3,3,2.5,f,+1.5,+1,1,1,1.5,f,+1.5,+1
pi,pi,54,8,-72758.537919,6.473861e-02,3,3,3.5,f,-1.5,+1,1,1,1.5,f,-1.5,+1
pi,pi,55,9,-72758.537903,1.165296e-01,3,3,3.5,f,-0.5,+1,1,1,1.5,f,-0.5,+1
pi,pi,56,10,-72758.537887,1.165297e-01,3,3,3.5,f,+0.5,+1,1,1,1.5,f,+0.5,+1
pi,pi,57,11,-72758.537872,6.473875e-02,3,3,3.5,f,+1.5,+1,1,1,1.5,f,+1.5,+1
pi,pi,40,2,-72749.286494,1.057730e-01,3,3,2.5,f,-0.5,+1,1,1,0.5,f,-0.5,+1
pi,pi,41,3,-72749.286457,1.057729e-01,3,3,2.5,f,+0.5,+1,1,1,0.5,f,+0.5,+1
pi,pi,33,4,-72737.884098,4.556787e-03,3,3,2.5,e,-1.5,-1,1,1,1.5,e,-1.5,-1
pi,pi,34,5,-72737.884086,7.594611e-04,3,3,2.5,e,-0.5,-1,1,1,1.5,e,-0.5,-1
pi,pi,35,6,-72737.884073,7.594639e-04,3,3,2.5,e,+0.5,-1,1,1,1.5,e,+0.5,-1
pi,pi,36,7,-72737.884061,4.556762e-03,3,3,2.5,e,+1.5,-1,1,1,1.5,e,+1.5,-1
pi,pi,46,4,-72732.087919,1.143486e-02,3,3,3.5,e,-1.5,-1,1,1,1.5,e,-1.5,-1
pi,pi,47,5,-72732.087904,2.058277e-02,3,3,3.5,e,-0.5,-1,1,1,1.5,e,-0.5,-1
pi,pi,48,6,-72732.087888,2.058278e-02,3,3,3.5,e,+0.5,-1,1,1,1.5,e,+0.5,-1
pi,pi,49,7,-72732.087872,1.143489e-02,3,3,3.5,e,+1.5,-1,1,1,1.5,e,+1.5,-1
pi,pi,34,0,-72722.836497,1.869336e-02,3,3,2.5,e,-0.5,-1,1,1,0.5,e,-0.5,-1
pi,pi,35,1,-72722.836459,1.869334e-02,3,3,2.5,e,+0.5,-1,1,1,0.5,e,+0.5,-1
pi,pi,105,95,-72679.174173,1.441250e-03,5,5,4.5,e,+4.5,-1,4,4,4.5,f,+4.5,-1
pi,pi,104,94,-72679.174172,1.601387e-04,5,5,4.5,e,+3.5,-1,4,4,4.5,f,+3.5,-1
pi,pi,103,93,-72679.174171,4.003498e-05,5,5,4.5,e,+2.5,-1,4,4,4.5,f,+2.5,-1
pi,pi,102,92,-72679.174170,3.603138e-04,5,5,4.5,e,+1.5,-1,4,4,4.5,f,+1.5,-1
pi,pi,101,91,-72679.174169,6.405579e-04,5,5,4.5,e,+0.5,-1,4,4,4.5,f,+0.5,-1
pi,pi,100,90,-72679.174168,6.405580e-04,5,5,4.5,e,-0.5,-1,4,4,4.5,f,-0.5,-1
pi,pi,99,89,-72679.174166,3.603139e-04,5,5,4.5,e,-1.5,-1,4,4,4.5,f,-1.5,-1
pi,pi,98,88,-72679.174165,4.003477e-05,5,5,4.5,e,-2.5,-1,4,4,4.5,f,-2.5,-1
pi,pi,97,87,-72679.174164,1.601403e-04,5,5,4.5,e,-3.5,-1,4,4,4.5,f,-3.5,-1
pi,pi,96,86,-72679.174163,1.441261e-03,5,5,4.5,e,-4.5,-1,4,4,4.5,f,-4.5,-1
pi,pi,117,86,-72675.596712,1.433057e-02,5,5,5.5,e,-4.5,-1,4,4,4.5,f,-4.5,-1
pi,pi,118,87,-72675.596711,1.560441e-02,5,5,5.5,e,-3.5,-1,4,4,4.5,f,-3.5,-1
pi,pi,119,88,-72675.596711,1.061525e-02,5,5,5.5,e,-2.5,-1,4,4,4.5,f,-2.5,-1
pi,pi,120,89,-72675.596711,4.458407e-03,5,5,5.5,e,-1.5,-1,4,4,4.5,f,-1.5,-1
pi,pi,121,90,-72675.596711,5.307645e-04,5,5,5.5,e,-0.5,-1,4,4,4.5,f,-0.5,-1
pi,pi,122,91,-72675.596710,5.307598e-04,5,5,5.5,e,+0.5,-1,4,4,4.5,f,+0.5,-1
pi,pi,123,92,-72675.596710,4.458397e-03,5,5,5.5,e,+1.5,-1,4,4,4.5,f,+1.5,-1
pi,pi,124,93,-72675.596710,1.061524e-02,5,5,5.5,e,+2.5,-1,4,4,4.5,f,+2.5,-1
pi,pi,125,94,-72675.596709,1.560441e-02,5,5,5.5,e,+3.5,-1,4,4,4.5,f,+3.5,-1
pi,pi,126,95,-72675.596709,1.433058e-02,5,5,5.5,e,+4.5,-1,4,4,4.5,f,+4.5,-1
pi,pi,97,68,-72674.738711,1.561140e-02,5,5,4.5,e,-3.5,-1,4,4,3.5,f,-3.5,-1
pi,pi,98,69,-72674.738710,1.393875e-02,5,5,4.5,e,-2.5,-1,4,4,3.5,f,-2.5,-1
pi,pi,99,70,-72674.738709,6.451644e-03,5,5,4.5,e,-1.5,-1,4,4,3.5,f,-1.5,-1
pi,pi,100,71,-72674.738709,7.964972e-04,5,5,4.5,e,-0.5,-1,4,4,3.5,f,-0.5,-1
pi,pi,101,72,-72674.738708,7.965031e-04,5,5,4.5,e,+0.5,-1,4,4,3.5,f,+0.5,-1
pi,pi,102,73,-72674.738707,6.451658e-03,5,5,4.5,e,+1.5,-1,4,4,3.5,f,+1.5,-1
pi,pi,103,74,-72674.738707,1.393876e-02,5,5,4.5,e,+2.5,-1,4,4,3.5,f,+2.5,-1
pi,pi,104,75,-72674.738706,1.561140e-02,5,5,4.5,e,+3.5,-1,4,4,3.5,f,+3.5,-1
pi,pi,118,68,-72671.161258,1.595199e-04,5,5,5.5,e,-3.5,-1,4,4,3.5,f,-3.5,-1
pi,pi,119,69,-72671.161256,3.722126e-04,5,5,5.5,e,-2.5,-1,4,4,3.5,f,-2.5,-1
pi,pi,120,70,-72671.161254,5.583180e-04,5,5,5.5,e,-1.5,-1,4,4,3.5,f,-1.5,-1
pi,pi,121,71,-72671.161252,6.646634e-04,5,5,5.5,e,-0.5,-1,4,4,3.5,f,-0.5,-1
pi,pi,122,72,-72671.161249,6.646624e-04,5,5,5.5,e,+0.5,-1,4,4,3.5,f,+0.5,-1
pi,pi,123,73,-72671.161247,5.583156e-04,5,5,5.5,e,+1.5,-1,4,4,3.5,f,+1.5,-1
pi,pi,124,74,-72671.161245,3.722099e-04,5,5,5.5,e,+2.5,-1,4,4,3.5,f,+2.5,-1
pi,pi,125,75,-72671.161243,1.595183e-04,5,5,5.5,e,+3.5,-1,4,4,3.5,f,+3.5,-1
pi,pi,68,44,-58240.930620,1.928710e-02,4,4,3.5,f,-3.5,-1,3,3,3.5,e,-3.5,-1
pi,pi,69,45,-58240.930620,3.936137e-04,4,4,3.5,f,-2.5,-1,3,3,3.5,e,-2.5,-1
pi,pi,70,46,-58240.930620,3.542521e-03,4,4,3.5,f,-1.5,-1,3,3,3.5,e,-1.5,-1
pi,pi,71,47,-58240.930620,9.840327e-03,4,4,3.5,f,-0.5,-1,3,3,3.5,e,-0.5,-1
pi,pi,72,48,-58240.930620,9.840317e-03,4,4,3.5,f,+0.5,-1,3,3,3.5,e,+0.5,-1
pi,pi,73,49,-58240.930619,3.542510e-03,4,4,3.5,f,+1.5,-1,3,3,3.5,e,+1.5,-1
pi,pi,74,50,-58240.930619,3.936121e-04,4,4,3.5,f,+2.5,-1,3,3,3.5,e,+2.5,-1
pi,pi,75,51,-58240.930619,1.928697e-02,4,4,3.5,f,+3.5,-1,3,3,3.5,e,+3.5,-1
pi,pi,87,44,-58236.495167,1.540596e-01,4,4,4.5,f,-3.5,-1,3,3,3.5,e,-3.5,-1
pi,pi,88,45,-58236.495165,1.375533e-01,4,4,4.5,f,-2.5,-1,3,3,3.5,e,-2.5,-1
pi,pi,89,46,-58236.495163,6.366759e-02,4,4,4.5,f,-1.5,-1,3,3,3.5,e,-1.5,-1
pi,pi,90,47,-58236.495161,7.860221e-03,4,4,4.5,f,-0.5,-1,3,3,3.5,e,-0.5,-1
pi,pi,91,48,-58236.495159,7.860155e-03,4,4,4.5,f,+0.5,-1,3,3,3.5,e,+0.5,-1
pi,pi,92,49,-58236.495157,6.366746e-02,4,4,4.5,f,+1.5,-1,3,3,3.5,e,+1.5,-1
pi,pi,93,50,-58236.495155,1.375533e-01,4,4,4.5,f,+2.5,-1,3,3,3.5,e,+2.5,-1
pi,pi,94,51,-58236.495153,1.540597e-01,4,4,4.5,f,+3.5,-1,3,3,3.5,e,+3.5,-1
pi,pi,69,32,-58235.134444,1.637062e-01,4,4,3.5,f,-2.5,-1,3,3,2.5,e,-2.5,-1
pi,pi,70,33,-58235.134441,9.822363e-02,4,4,3.5,f,-1.5,-1,3,3,2.5,e,-1.5,-1
pi,pi,71,34,-58235.134438,1.309645e-02,4,4,3.5,f,-0.5,-1,3,3,2.5,e,-0.5,-1
pi,pi,72,35,-58235.134434,1.309654e-02,4,4,3.5,f,+0.5,-1,3,3,2.5,e,+0.5,-1
pi,pi,73,36,-58235.134431,9.822379e-02,4,4,3.5,f,+1.5,-1,3,3,2.5,e,+1.5,-1
pi,pi,74,37,-58235.134428,1.637062e-01,4,4,3.5,f,+2.5,-1,3,3,2.5,e,+2.5,-1
pi,pi,88,32,-58230.698989,3.672464e-03,4,4,4.5,f,-2.5,-1,3,3,2.5,e,-2.5,-1
pi,pi,89,33,-58230.698984,7.869558e-03,4,4,4.5,f,-1.5,-1,3,3,2.5,e,-1.5,-1
pi,pi,90,34,-58230.698979,1.049273e-02,4,4,4.5,f,-0.5,-1,3,3,2.5,e,-0.5,-1
pi,pi,91,35,-58230.698973,1.049273e-02,4,4,4.5,f,+0.5,-1,3,3,2.5,e,+0.5,-1
pi,pi,92,36,-58230.698968,7.869537e-03,4,4,4.5,f,+1.5,-1,3,3,2.5,e,+1.5,-1
pi,pi,93,37,-58230.698963,3.672447e-03,4,4,4.5,f,+2.5,-1,3,3,2.5,e,+2.5,-1
pi,pi,67,59,-58156.290628,1.120757e-03,4,4,3.5,e,+3.5,+1,3,3,3.5,f,+3.5,+1
pi,pi,66,58,-58156.290627,2.287255e-05,4,4,3.5,e,+2.5,+1,3,3,3.5,f,+2.5,+1
pi,pi,65,57,-58156.290626,2.058540e-04,4,4,3.5,e,+1.5,+1,3,3,3.5,f,+1.5,+1
pi,pi,64,56,-58156.290625,5.718167e-04,4,4,3.5,e,+0.5,+1,3,3,3.5,f,+0.5,+1
pi,pi,63,55,-58156.290624,5.718170e-04,4,4,3.5,e,-0.5,+1,3,3,3.5,f,-0.5,+1
pi,pi,62,54,-58156.290623,2.058542e-04,4,4,3.5,e,-1.5,+1,3,3,3.5,f,-1.5,+1
pi,pi,61,53,-58156.290622,2.287280e-05,4,4,3.5,e,-2.5,+1,3,3,3.5,f,-2.5,+1
pi,pi,60,52,-58156.290621,1.120765e-03,4,4,3.5,e,-3.5,+1,3,3,3.5,f,-3.5,+1
pi,pi,77,52,-58151.855168,8.897032e-03,4,4,4.5,e,-3.5,+1,3,3,3.5,f,-3.5,+1
pi,pi,78,53,-58151.855167,7.943783e-03,4,4,4.5,e,-2.5,+1,3,3,3.5,f,-2.5,+1
pi,pi,79,54,-58151.855166,3.676840e-03,4,4,4.5,e,-1.5,+1,3,3,3.5,f,-1.5,+1
pi,pi,80,55,-58151.855165,4.539323e-04,4,4,4.5,e,-0.5,+1,3,3,3.5,f,-0.5,+1
pi,pi,81,56,-58151.855164,4.539285e-04,4,4,4.5,e,+0.5,+1,3,3,3.5,f,+0.5,+1
pi,pi,82,57,-58151.855163,3.676833e-03,4,4,4.5,e,+1.5,+1,3,3,3.5,f,+1.5,+1
pi,pi,83,58,-58151.855162,7.943781e-03,4,4,4.5,e,+2.5,+1,3,3,3.5,f,+2.5,+1
pi,pi,84,59,-58151.855161,8.897040e-03,4,4,4.5,e,+3.5,+1,3,3,3.5,f,+3.5,+1
pi,pi,61,38,-58150.494446,9.464988e-03,4,4,3.5,e,-2.5,+1,3,3,2.5,f,-2.5,+1
pi,pi,62,39,-58150.494444,5.678989e-03,4,4,3.5,e,-1.5,+1,3,3,2.5,f,-1.5,+1
pi,pi,63,40,-58150.494442,7.571966e-04,4,4,3.5,e,-0.5,+1,3,3,2.5,f,-0.5,+1
pi,pi,64,41,-58150.494440,7.572017e-04,4,4,3.5,e,+0.5,+1,3,3,2.5,f,+0.5,+1
pi,pi,65,42,-58150.494438,5.678999e-03,4,4,3.5,e,+1.5,+1,3,3,2.5,f,+1.5,+1
pi,pi,66,43,-58150.494435,9.464991e-03,4,4,3.5,e,+2.5,+1,3,3,2.5,f,+2.5,+1
pi,pi,78,38,-58146.058991,2.123304e-04,4,4,4.5,e,-2.5,+1,3,3,2.5,f,-2.5,+1
pi,pi,79,39,-58146.058987,4.549931e-04,4,4,4.5,e,-1.5,+1,3,3,2.5,f,-1.5,+1
pi,pi,80,40,-58146.058983,6.066567e-04,4,4,4.5,e,-0.5,+1,3,3,2.5,f,-0.5,+1
pi,pi,81,41,-58146.058979,6.066558e-04,4,4,4.5,e,+0.5,+1,3,3,2.5,f,+0.5,+1
pi,pi,82,42,-58146.058975,4.549913e-04,4,4,4.5,e,+1.5,+1,3,3,2.5,f,+1.5,+1
pi,pi,83,43,-58146.058971,2.123290e-04,4,4,4.5,e,+2.5,+1,3,3,2.5,f,+2.5,+1
pi,pi,38,20,-43676.023238,3.371096e-02,3,3,2.5,f,-2.5,+1,2,2,2.5,e,-2.5,+1
pi,pi,39,21,-43676.023237,1.348439e-03,3,3,2.5,f,-1.5,+1,2,2,2.5,e,-1.5,+1
pi,pi,40,22,-43676.023236,2.157497e-02,3,3,2.5,f,-0.5,+1,2,2,2.5,e,-0.5,+1
pi,pi,41,23,-43676.023235,2.157493e-02,3,3,2.5,f,+0.5,+1,2,2,2.5,e,+0.5,+1
pi,pi,42,24,-43676.023233,1.348430e-03,3,3,2.5,f,+1.5,+1,2,2,2.5,e,+1.5,+1
pi,pi,43,25,-43676.023232,3.371075e-02,3,3,2.5,f,+2.5,+1,2,2,2.5,e,+2.5,+1
pi,pi,53,20,-43670.227062,2.020188e-01,3,3,3.5,f,-2.5,+1,2,2,2.5,e,-2.5,+1
pi,pi,54,21,-43670.227058,1.212114e-01,3,3,3.5,f,-1.5,+1,2,2,2.5,e,-1.5,+1
pi,pi,55,22,-43670.227053,1.616158e-02,3,3,3.5,f,-0.5,+1,2,2,2.5,e,-0.5,+1
pi,pi,56,23,-43670.227049,1.616144e-02,3,3,3.5,f,+0.5,+1,2,2,2.5,e,+0.5,+1
pi,pi,57,24,-43670.227045,1.212113e-01,3,3,3.5,f,+1.5,+1,2,2,2.5,e,+1.5,+1
pi,pi,58,25,-43670.227041,2.020190e-01,3,3,3.5,f,+2.5,+1,2,2,2.5,e,+2.5,+1
pi,pi,39,12,-43667.693588,1.938505e-01,3,3,2.5,f,-1.5,+1,2,2,1.5,e,-1.5,+1
pi,pi,40,13,-43667.693580,3.230834e-02,3,3,2.5,f,-0.5,+1,2,2,1.5,e,-0.5,+1
pi,pi,41,14,-43667.693572,3.230854e-02,3,3,2.5,f,+0.5,+1,2,2,1.5,e,+0.5,+1
pi,pi,42,15,-43667.693565,1.938508e-01,3,3,2.5,f,+1.5,+1,2,2,1.5,e,+1.5,+1
pi,pi,54,12,-43661.897408,1.348105e-02,3,3,3.5,f,-1.5,+1,2,2,1.5,e,-1.5,+1
pi,pi,55,13,-43661.897398,2.426586e-02,3,3,3.5,f,-0.5,+1,2,2,1.5,e,-0.5,+1
pi,pi,56,14,-43661.897387,2.426583e-02,3,3,3.5,f,+0.5,+1,2,2,1.5,e,+0.5,+1
pi,pi,57,15,-43661.897376,1.348101e-02,3,3,3.5,f,+1.5,+1,2,2,1.5,e,+1.5,+1
pi,pi,32,26,-43628.413240,3.486974e-04,3,3,2.5,e,-2.5,-1,2,2,2.5,f,-2.5,-1
pi,pi,33,27,-43628.413240,1.394788e-05,3,3,2.5,e,-1.5,-1,2,2,2.5,f,-1.5,-1
pi,pi,34,28,-43628.413240,2.231658e-04,3,3,2.5,e,-0.5,-1,2,2,2.5,f,-0.5,-1
pi,pi,35,29,-43628.413240,2.231655e-04,3,3,2.5,e,+0.5,-1,2,2,2.5,f,+0.5,-1
pi,pi,36,30,-43628.413240,1.394783e-05,3,3,2.5,e,+1.5,-1,2,2,2.5,f,+1.5,-1
pi,pi,37,31,-43628.413240,3.486952e-04,3,3,2.5,e,+2.5,-1,2,2,2.5,f,+2.5,-1
pi,pi,45,26,-43622.617064,2.056077e-03,3,3,3.5,e,-2.5,-1,2,2,2.5,f,-2.5,-1
pi,pi,46,27,-43622.617061,1.233648e-03,3,3,3.5,e,-1.5,-1,2,2,2.5,f,-1.5,-1
pi,pi,47,28,-43622.617058,1.644870e-04,3,3,3.5,e,-0.5,-1,2,2,2.5,f,-0.5,-1
pi,pi,48,29,-43622.617054,1.644856e-04,3,3,3.5,e,+0.5,-1,2,2,2.5,f,+0.5,-1
pi,pi,49,30,-43622.617051,1.233646e-03,3,3,3.5,e,+1.5,-1,2,2,2.5,f,+1.5,-1
pi,pi,50,31,-43622.617048,2.056080e-03,3,3,3.5,e,+2.5,-1,2,2,2.5,f,+2.5,-1
pi,pi,33,16,-43620.083590,1.979011e-03,3,3,2.5,e,-1.5,-1,2,2,1.5,f,-1.5,-1
pi,pi,34,17,-43620.083583,3.298344e-04,3,3,2.5,e,-0.5,-1,2,2,1.5,f,-0.5,-1
pi,pi,35,18,-43620.083577,3.298365e-04,3,3,2.5,e,+0.5,-1,2,2,1.5,f,+0.5,-1
pi,pi,36,19,-43620.083571,1.979014e-03,3,3,2.5,e,+1.5,-1,2,2,1.5,f,+1.5,-1
pi,pi,46,16,-43614.287411,1.378085e-04,3,3,3.5,e,-1.5,-1,2,2,1.5,f,-1.5,-1
pi,pi,47,17,-43614.287401,2.480550e-04,3,3,3.5,e,-0.5,-1,2,2,1.5,f,-0.5,-1
pi,pi,48,18,-43614.287392,2.480547e-04,3,3,3.5,e,+0.5,-1,2,2,1.5,f,+0.5,-1
pi,pi,49,19,-43614.287382,1.378080e-04,3,3,3.5,e,+1.5,-1,2,2,1.5,f,+1.5,-1
pi,pi,16,4,-29117.800508,6.602973e-02,2,2,1.5,f,-1.5,-1,1,1,1.5,e,-1.5,-1
pi,pi,17,5,-29117.800502,6.602965e-02,2,2,1.5,f,-0.5,-1,1,1,1.5,e,-0.5,-1
pi,pi,18,6,-29117.800496,6.602941e-02,2,2,1.5,f,+0.5,-1,1,1,1.5,e,+0.5,-1
pi,pi,19,7,-29117.800490,6.602933e-02,2,2,1.5,f,+1.5,-1,1,1,1.5,e,+1.5,-1
pi,pi,27,4,-29109.470858,2.639565e-01,2,2,2.5,f,-1.5,-1,1,1,1.5,e,-1.5,-1
pi,pi,28,5,-29109.470846,4.399303e-02,2,2,2.5,f,-0.5,-1,1,1,1.5,e,-0.5,-1
pi,pi,29,6,-29109.470834,4.399253e-02,2,2,2.5,f,+0.5,-1,1,1,1.5,e,+0.5,-1
pi,pi,30,7,-29109.470821,2.639569e-01,2,2,2.5,f,+1.5,-1,1,1,1.5,e,+1.5,-1
pi,pi,17,0,-29102.752913,1.319496e-01,2,2,1.5,f,-0.5,-1,1,1,0.5,e,-0.5,-1
pi,pi,18,1,-29102.752882,1.319505e-01,2,2,1.5,f,+0.5,-1,1,1,0.5,e,+0.5,-1
pi,pi,12,8,-29096.640511,6.647549e-04,2,2,1.5,e,-1.5,+1,1,1,1.5,f,-1.5,+1
pi,pi,13,9,-29096.640505,6.647539e-04,2,2,1.5,e,-0.5,+1,1,1,1.5,f,-0.5,+1
pi,pi,14,10,-29096.640500,6.647517e-04,2,2,1.5,e,+0.5,+1,1,1,1.5,f,+0.5,+1
pi,pi,15,11,-29096.640495,6.647507e-04,2,2,1.5,e,+1.5,+1,1,1,1.5,f,+1.5,+1
pi,pi,28,0,-29094.423257,8.797337e-02,2,2,2.5,f,-0.5,-1,1,1,0.5,e,-0.5,-1
pi,pi,29,1,-29094.423219,8.797326e-02,2,2,2.5,f,+0.5,-1,1,1,0.5,e,+0.5,-1
pi,pi,21,8,-29088.310861,2.705013e-03,2,2,2.5,e,-1.5,+1,1,1,1.5,f,-1.5,+1
pi,pi,22,9,-29088.310850,4.508384e-04,2,2,2.5,e,-0.5,+1,1,1,1.5,f,-0.5,+1
pi,pi,23,10,-29088.310838,4.508333e-04,2,2,2.5,e,+0.5,+1,1,1,1.5,f,+0.5,+1
pi,pi,24,11,-29088.310826,2.705017e-03,2,2,2.5,e,+1.5,+1,1,1,1.5,f,+1.5,+1
pi,pi,13,2,-29081.592914,1.355695e-03,2,2,1.5,e,-0.5,+1,1,1,0.5,f,-0.5,+1
pi,pi,14,3,-29081.592885,1.355704e-03,2,2,1.5,e,+0.5,+1,1,1,0.5,f,+0.5,+1
pi,pi,22,2,-29073.263259,8.937372e-04,2,2,2.5,e,-0.5,+1,1,1,0.5,f,-0.5,+1
pi,pi,23,3,-29073.263222,8.937360e-04,2,2,2.5,e,+0.5,+1,1,1,0.5,f,+0.5,+1
pi,pi,3,10,-15.047616,1.586440e-01,1,1,0.5,f,+0.5,+1,1,1,1.5,f,+0.5,+1
pi,pi,1,6,-15.047614,2.804992e-02,1,1,0.5,e,+0.5,-1,1,1,1.5,e,+0.5,-1
pi,pi,2,9,-15.047591,1.586446e-01,1,1,0.5,f,-0.5,+1,1,1,1.5,f,-0.5,+1
pi,pi,0,5,-15.047589,2.805001e-02,1,1,0.5,e,-0.5,-1,1,1,1.5,e,-0.5,-1
pi,pi,19,30,-8.329669,1.032383e-02,2,2,1.5,f,+1.5,-1,2,2,2.5,f,+1.5,-1
pi,pi,15,24,-8.329669,5.831920e-02,2,2,1.5,e,+1.5,+1,2,2,2.5,e,+1.5,+1
pi,pi,18,29,-8.329663,1.720642e-03,2,2,1.5,f,+0.5,-1,2,2,2.5,f,+0.5,-1
pi,pi,14,23,-8.329662,9.719883e-03,2,2,1.5,e,+0.5,+1,2,2,2.5,e,+0.5,+1
pi,pi,17,28,-8.329656,1.720644e-03,2,2,1.5,f,-0.5,-1,2,2,2.5,f,-0.5,-1
pi,pi,13,22,-8.329656,9.719898e-03,2,2,1.5,e,-0.5,+1,2,2,2.5,e,-0.5,+1
pi,pi,16,27,-8.329650,1.032388e-02,2,2,1.5,f,-1.5,-1,2,2,2.5,f,-1.5,-1
pi,pi,12,21,-8.329649,5.831948e-02,2,2,1.5,e,-1.5,+1,2,2,2.5,e,-1.5,+1
pi,pi,37,50,-5.796192,3.539972e-02,3,3,2.5,e,+2.5,-1,3,3,3.5,e,+2.5,-1
pi,pi,43,58,-5.796191,2.054585e-03,3,3,2.5,f,+2.5,+1,3,3,3.5,f,+2.5,+1
pi,pi,36,49,-5.796188,2.123986e-02,3,3,2.5,e,+1.5,-1,3,3,3.5,e,+1.5,-1
pi,pi,42,57,-5.796188,1.232752e-03,3,3,2.5,f,+1.5,+1,3,3,3.5,f,+1.5,+1
pi,pi,41,56,-5.796185,1.643671e-04,3,3,2.5,f,+0.5,+1,3,3,3.5,f,+0.5,+1
pi,pi,35,48,-5.796185,2.831984e-03,3,3,2.5,e,+0.5,-1,3,3,3.5,e,+0.5,-1
pi,pi,40,55,-5.796182,1.643673e-04,3,3,2.5,f,-0.5,+1,3,3,3.5,f,-0.5,+1
pi,pi,34,47,-5.796182,2.831987e-03,3,3,2.5,e,-0.5,-1,3,3,3.5,e,-0.5,-1
pi,pi,39,54,-5.796179,1.232756e-03,3,3,2.5,f,-1.5,+1,3,3,3.5,f,-1.5,+1
pi,pi,33,46,-5.796179,2.123993e-02,3,3,2.5,e,-1.5,-1,3,3,3.5,e,-1.5,-1
pi,pi,38,53,-5.796176,2.054595e-03,3,3,2.5,f,-2.5,+1,3,3,3.5,f,-2.5,+1
pi,pi,32,45,-5.796176,3.539992e-02,3,3,2.5,e,-2.5,-1,3,3,3.5,e,-2.5,-1
pi,pi,67,84,-4.435467,2.110029e-02,4,4,3.5,e,+3.5,+1,4,4,4.5,e,+3.5,+1
pi,pi,75,94,-4.435466,6.921008e-04,4,4,3.5,f,+3.5,-1,4,4,4.5,f,+3.5,-1
pi,pi,66,83,-4.435465,1.883956e-02,4,4,3.5,e,+2.5,+1,4,4,4.5,e,+2.5,+1
pi,pi,74,93,-4.435465,6.179477e-04,4,4,3.5,f,+2.5,-1,4,4,4.5,f,+2.5,-1
pi,pi,65,82,-4.435463,8.720034e-03,4,4,3.5,e,+1.5,+1,4,4,4.5,e,+1.5,+1
pi,pi,73,92,-4.435463,2.860217e-04,4,4,3.5,f,+1.5,-1,4,4,4.5,f,+1.5,-1
pi,pi,64,81,-4.435461,1.076548e-03,4,4,3.5,e,+0.5,+1,4,4,4.5,e,+0.5,+1
pi,pi,72,91,-4.435461,3.531135e-05,4,4,3.5,f,+0.5,-1,4,4,4.5,f,+0.5,-1
pi,pi,71,90,-4.435459,3.531138e-05,4,4,3.5,f,-0.5,-1,4,4,4.5,f,-0.5,-1
pi,pi,63,80,-4.435459,1.076549e-03,4,4,3.5,e,-0.5,+1,4,4,4.5,e,-0.5,+1
pi,pi,70,89,-4.435457,2.860224e-04,4,4,3.5,f,-1.5,-1,4,4,4.5,f,-1.5,-1
pi,pi,62,79,-4.435457,8.720058e-03,4,4,3.5,e,-1.5,+1,4,4,4.5,e,-1.5,+1
pi,pi,69,88,-4.435455,6.179502e-04,4,4,3.5,f,-2.5,-1,4,4,4.5,f,-2.5,-1
pi,pi,61,78,-4.435455,1.883965e-02,4,4,3.5,e,-2.5,+1,4,4,4.5,e,-2.5,+1
pi,pi,68,87,-4.435453,6.921048e-04,4,4,3.5,f,-3.5,-1,4,4,4.5,f,-3.5,-1
pi,pi,60,77,-4.435453,2.110042e-02,4,4,3.5,e,-3.5,+1,4,4,4.5,e,-3.5,+1
pi,pi,105,126,-3.577464,1.325859e-02,5,5,4.5,e,+4.5,-1,5,5,5.5,e,+4.5,-1
pi,pi,115,138,-3.577464,3.116550e-04,5,5,4.5,f,+4.5,+1,5,5,5.5,f,+4.5,+1
pi,pi,104,125,-3.577463,1.443714e-02,5,5,4.5,e,+3.5,-1,5,5,5.5,e,+3.5,-1
pi,pi,114,137,-3.577462,3.393579e-04,5,5,4.5,f,+3.5,+1,5,5,5.5,f,+3.5,+1
pi,pi,103,124,-3.577461,9.821193e-03,5,5,4.5,e,+2.5,-1,5,5,5.5,e,+2.5,-1
pi,pi,113,136,-3.577461,2.308559e-04,5,5,4.5,f,+2.5,+1,5,5,5.5,f,+2.5,+1
pi,pi,102,123,-3.577460,4.124904e-03,5,5,4.5,e,+1.5,-1,5,5,5.5,e,+1.5,-1
pi,pi,112,135,-3.577460,9.695955e-05,5,5,4.5,f,+1.5,+1,5,5,5.5,f,+1.5,+1
pi,pi,101,122,-3.577459,4.910604e-04,5,5,4.5,e,+0.5,-1,5,5,5.5,e,+0.5,-1
pi,pi,111,134,-3.577459,1.154281e-05,5,5,4.5,f,+0.5,+1,5,5,5.5,f,+0.5,+1
pi,pi,110,133,-3.577457,1.154282e-05,5,5,4.5,f,-0.5,+1,5,5,5.5,f,-0.5,+1
pi,pi,100,121,-3.577457,4.910608e-04,5,5,4.5,e,-0.5,-1,5,5,5.5,e,-0.5,-1
pi,pi,109,132,-3.577456,9.695976e-05,5,5,4.5,f,-1.5,+1,5,5,5.5,f,-1.5,+1
pi,pi,99,120,-3.577456,4.124914e-03,5,5,4.5,e,-1.5,-1,5,5,5.5,e,-1.5,-1
pi,pi,108,131,-3.577455,2.308567e-04,5,5,4.5,f,-2.5,+1,5,5,5.5,f,-2.5,+1
pi,pi,98,119,-3.577454,9.821232e-03,5,5,4.5,e,-2.5,-1,5,5,5.5,e,-2.5,-1
pi,pi,107,130,-3.577453,3.393597e-04,5,5,4.5,f,-3.5,+1,5,5,5.5,f,-3.5,+1
pi,pi,97,118,-3.577453,1.443722e-02,5,5,4.5,e,-3.5,-1,5,5,5.5,e,-3.5,-1
pi,pi,106,129,-3.577452,3.116571e-04,5,5,4.5,f,-4.5,+1,5,5,5.5,f,-4.5,+1
pi,pi,96,117,-3.577451,1.325868e-02,5,5,4.5,e,-4.5,-1,5,5,5.5,e,-4.5,-1
pi,pi,4,4,0.000000,1.397047e-02,1,1,1.5,e,-1.5,-1,1,1,1.5,e,-1.5,-1
pi,pi,5,5,0.000000,1.397038e-02,1,1,1.5,e,-0.5,-1,1,1,1.5,e,-0.5,-1
pi,pi,6,6,0.000000,1.397056e-02,1,1,1.5,e,+0.5,-1,1,1,1.5,e,+0.5,-1
pi,pi,7,7,0.000000,1.397047e-02,1,1,1.5,e,+1.5,-1,1,1,1.5,e,+1.5,-1
pi,pi,8,8,0.000000,7.933525e-02,1,1,1.5,f,-1.5,+1,1,1,1.5,f,-1.5,+1
pi,pi,9,9,0.000000,7.933473e-02,1,1,1.5,f,-0.5,+1,1,1,1.5,f,-0.5,+1
pi,pi,10,10,0.000000,7.933577e-02,1,1,1.5,f,+0.5,+1,1,1,1.5,f,+0.5,+1
pi,pi,11,11,0.000000,7.933525e-02,1,1,1.5,f,+1.5,+1,1,1,1.5,f,+1.5,+1
pi,pi,12,12,0.000000,7.933503e-02,2,2,1.5,e,-1.5,+1,2,2,1.5,e,-1.5,+1
pi,pi,13,13,0.000000,7.933535e-02,2,2,1.5,e,-0.5,+1,2,2,1.5,e,-0.5,+1
pi,pi,14,14,0.000000,7.933514e-02,2,2,1.5,e,+0.5,+1,2,2,1.5,e,+0.5,+1
pi,pi,15,15,0.000000,7.933546e-02,2,2,1.5,e,+1.5,+1,2,2,1.5,e,+1.5,+1
pi,pi,16,16,0.000000,1.397043e-02,2,2,1.5,f,-1.5,-1,2,2,1.5,f,-1.5,-1
pi,pi,17,17,0.000000,1.397049e-02,2,2,1.5,f,-0.5,-1,2,2,1.5,f,-0.5,-1
pi,pi,18,18,0.000000,1.397045e-02,2,2,1.5,f,+0.5,-1,2,2,1.5,f,+0.5,-1
pi,pi,19,19,0.000000,1.397051e-02,2,2,1.5,f,+1.5,-1,2,2,1.5,f,+1.5,-1
pi,pi,20,20,0.000000,1.618268e-01,2,2,2.5,e,-2.5,+1,2,2,2.5,e,-2.5,+1
pi,pi,21,21,0.000000,6.473011e-03,2,2,2.5,e,-1.5,+1,2,2,2.5,e,-1.5,+1
pi,pi,22,22,0.000000,1.035690e-01,2,2,2.5,e,-0.5,+1,2,2,2.5,e,-0.5,+1
pi,pi,23,23,0.000000,1.035693e-01,2,2,2.5,e,+0.5,+1,2,2,2.5,e,+0.5,+1
pi,pi,24,24,0.000000,6.473133e-03,2,2,2.5,e,+1.5,+1,2,2,2.5,e,+1.5,+1
pi,pi,25,25,0.000000,1.618268e-01,2,2,2.5,e,+2.5,+1,2,2,2.5,e,+2.5,+1
pi,pi,26,26,0.000000,2.858258e-02,2,2,2.5,f,-2.5,-1,2,2,2.5,f,-2.5,-1
pi,pi,27,27,0.000000,1.143293e-03,2,2,2.5,f,-1.5,-1,2,2,2.5,f,-1.5,-1
pi,pi,28,28,0.000000,1.829283e-02,2,2,2.5,f,-0.5,-1,2,2,2.5,f,-0.5,-1
pi,pi,29,29,0.000000,1.829287e-02,2,2,2.5,f,+0.5,-1,2,2,2.5,f,+0.5,-1
pi,pi,30,30,0.000000,1.143314e-03,2,2,2.5,f,+1.5,-1,2,2,2.5,f,+1.5,-1
pi,pi,31,31,0.000000,2.858258e-02,2,2,2.5,f,+2.5,-1,2,2,2.5,f,+2.5,-1
pi,pi,32,32,0.000000,2.122164e-01,3,3,2.5,e,-2.5,-1,3,3,2.5,e,-2.5,-1
pi,pi,33,33,0.000000,8.488711e-03,3,3,2.5,e,-1.5,-1,3,3,2.5,e,-1.5,-1
pi,pi,34,34,0.000000,1.358187e-01,3,3,2.5,e,-0.5,-1,3,3,2.5,e,-0.5,-1
pi,pi,35,35,0.000000,1.358186e-01,3,3,2.5,e,+0.5,-1,3,3,2.5,e,+0.5,-1
pi,pi,36,36,0.000000,8.488619e-03,3,3,2.5,e,+1.5,-1,3,3,2.5,e,+1.5,-1
pi,pi,37,37,0.000000,2.122169e-01,3,3,2.5,e,+2.5,-1,3,3,2.5,e,+2.5,-1
pi,pi,38,38,0.000000,1.224808e-02,3,3,2.5,f,-2.5,+1,3,3,2.5,f,-2.5,+1
pi,pi,39,39,0.000000,4.899262e-04,3,3,2.5,f,-1.5,+1,3,3,2.5,f,-1.5,+1
pi,pi,40,40,0.000000,7.838782e-03,3,3,2.5,f,-0.5,+1,3,3,2.5,f,-0.5,+1
pi,pi,41,41,0.000000,7.838774e-03,3,3,2.5,f,+0.5,+1,3,3,2.5,f,+0.5,+1
pi,pi,42,42,0.000000,4.899211e-04,3,3,2.5,f,+1.5,+1,3,3,2.5,f,+1.5,+1
pi,pi,43,43,0.000000,1.224810e-02,3,3,2.5,f,+2.5,+1,3,3,2.5,f,+2.5,+1
pi,pi,44,44,0.000000,2.888107e-01,3,3,3.5,e,-3.5,-1,3,3,3.5,e,-3.5,-1
pi,pi,45,45,0.000000,5.894134e-03,3,3,3.5,e,-2.5,-1,3,3,3.5,e,-2.5,-1
pi,pi,46,46,0.000000,5.304674e-02,3,3,3.5,e,-1.5,-1,3,3,3.5,e,-1.5,-1
pi,pi,47,47,0.000000,1.473523e-01,3,3,3.5,e,-0.5,-1,3,3,3.5,e,-0.5,-1
pi,pi,48,48,0.000000,1.473525e-01,3,3,3.5,e,+0.5,-1,3,3,3.5,e,+0.5,-1
pi,pi,49,49,0.000000,5.304697e-02,3,3,3.5,e,+1.5,-1,3,3,3.5,e,+1.5,-1
pi,pi,50,50,0.000000,5.894057e-03,3,3,3.5,e,+2.5,-1,3,3,3.5,e,+2.5,-1
pi,pi,51,51,0.000000,2.888107e-01,3,3,3.5,e,+3.5,-1,3,3,3.5,e,+3.5,-1
pi,pi,52,52,0.000000,1.669212e-02,3,3,3.5,f,-3.5,+1,3,3,3.5,f,-3.5,+1
pi,pi,53,53,0.000000,3.406577e-04,3,3,3.5,f,-2.5,+1,3,3,3.5,f,-2.5,+1
pi,pi,54,54,0.000000,3.065894e-03,3,3,3.5,f,-1.5,+1,3,3,3.5,f,-1.5,+1
pi,pi,55,55,0.000000,8.516386e-03,3,3,3.5,f,-0.5,+1,3,3,3.5,f,-0.5,+1
pi,pi,56,56,0.000000,8.516394e-03,3,3,3.5,f,+0.5,+1,3,3,3.5,f,+0.5,+1
pi,pi,57,57,0.000000,3.065907e-03,3,3,3.5,f,+1.5,+1,3,3,3.5,f,+1.5,+1
pi,pi,58,58,0.000000,3.406535e-04,3,3,3.5,f,+2.5,+1,3,3,3.5,f,+2.5,+1
pi,pi,59,59,0.000000,1.669212e-02,3,3,3.5,f,+3.5,+1,3,3,3.5,f,+3.5,+1
pi,pi,60,60,0.000000,3.188439e-01,4,4,3.5,e,-3.5,+1,4,4,3.5,e,-3.5,+1
pi,pi,61,61,0.000000,6.506986e-03,4,4,3.5,e,-2.5,+1,4,4,3.5,e,-2.5,+1
pi,pi,62,62,0.000000,5.856329e-02,4,4,3.5,e,-1.5,+1,4,4,3.5,e,-1.5,+1
pi,pi,63,63,0.000000,1.626756e-01,4,4,3.5,e,-0.5,+1,4,4,3.5,e,-0.5,+1
pi,pi,64,64,0.000000,1.626755e-01,4,4,3.5,e,+0.5,+1,4,4,3.5,e,+0.5,+1
pi,pi,65,65,0.000000,5.856312e-02,4,4,3.5,e,+1.5,+1,4,4,3.5,e,+1.5,+1
pi,pi,66,66,0.000000,6.507060e-03,4,4,3.5,e,+2.5,+1,4,4,3.5,e,+2.5,+1
pi,pi,67,67,0.000000,3.188443e-01,4,4,3.5,e,+3.5,+1,4,4,3.5,e,+3.5,+1
pi,pi,68,68,0.000000,1.039303e-02,4,4,3.5,f,-3.5,-1,4,4,3.5,f,-3.5,-1
pi,pi,69,69,0.000000,2.121017e-04,4,4,3.5,f,-2.5,-1,4,4,3.5,f,-2.5,-1
pi,pi,70,70,0.000000,1.908928e-03,4,4,3.5,f,-1.5,-1,4,4,3.5,f,-1.5,-1
pi,pi,71,71,0.000000,5.302572e-03,4,4,3.5,f,-0.5,-1,4,4,3.5,f,-0.5,-1
pi,pi,72,72,0.000000,5.302568e-03,4,4,3.5,f,+0.5,-1,4,4,3.5,f,+0.5,-1
pi,pi,73,73,0.000000,1.908923e-03,4,4,3.5,f,+1.5,-1,4,4,3.5,f,+1.5,-1
pi,pi,74,74,0.000000,2.121039e-04,4,4,3.5,f,+2.5,-1,4,4,3.5,f,+2.5,-1
pi,pi,75,75,0.000000,1.039304e-02,4,4,3.5,f,+3.5,-1,4,4,3.5,f,+3.5,-1
pi,pi,76,76,0.000000,3.794290e-01,4,4,4.5,e,-4.5,+1,4,4,4.5,e,-4.5,+1
pi,pi,77,77,0.000000,4.215886e-02,4,4,4.5,e,-3.5,+1,4,4,4.5,e,-3.5,+1
pi,pi,78,78,0.000000,1.053965e-02,4,4,4.5,e,-2.5,+1,4,4,4.5,e,-2.5,+1
pi,pi,79,79,0.000000,9.485715e-02,4,4,4.5,e,-1.5,+1,4,4,4.5,e,-1.5,+1
pi,pi,80,80,0.000000,1.686351e-01,4,4,4.5,e,-0.5,+1,4,4,4.5,e,-0.5,+1
pi,pi,81,81,0.000000,1.686352e-01,4,4,4.5,e,+0.5,+1,4,4,4.5,e,+0.5,+1
pi,pi,82,82,0.000000,9.485737e-02,4,4,4.5,e,+1.5,+1,4,4,4.5,e,+1.5,+1
pi,pi,83,83,0.000000,1.053974e-02,4,4,4.5,e,+2.5,+1,4,4,4.5,e,+2.5,+1
pi,pi,84,84,0.000000,4.215871e-02,4,4,4.5,e,+3.5,+1,4,4,4.5,e,+3.5,+1
pi,pi,85,85,0.000000,3.794290e-01,4,4,4.5,e,+4.5,+1,4,4,4.5,e,+4.5,+1
pi,pi,86,86,0.000000,1.237755e-02,4,4,4.5,f,-4.5,-1,4,4,4.5,f,-4.5,-1
pi,pi,87,87,0.000000,1.375285e-03,4,4,4.5,f,-3.5,-1,4,4,4.5,f,-3.5,-1
pi,pi,88,88,0.000000,3.438193e-04,4,4,4.5,f,-2.5,-1,4,4,4.5,f,-2.5,-1
pi,pi,89,89,0.000000,3.094383e-03,4,4,4.5,f,-1.5,-1,4,4,4.5,f,-1.5,-1
pi,pi,90,90,0.000000,5.501130e-03,4,4,4.5,f,-0.5,-1,4,4,4.5,f,-0.5,-1
pi,pi,91,91,0.000000,5.501133e-03,4,4,4.5,f,+0.5,-1,4,4,4.5,f,+0.5,-1
pi,pi,92,92,0.000000,3.094390e-03,4,4,4.5,f,+1.5,-1,4,4,4.5,f,+1.5,-1
pi,pi,93,93,0.000000,3.438221e-04,4,4,4.5,f,+2.5,-1,4,4,4.5,f,+2.5,-1
pi,pi,94,94,0.000000,1.375281e-03,4,4,4.5,f,+3.5,-1,4,4,4.5,f,+3.5,-1
pi,pi,95,95,0.000000,1.237755e-02,4,4,4.5,f,+4.5,-1,4,4,4.5,f,+4.5,-1
pi,pi,96,96,0.000000,3.979629e-01,5,5,4.5,e,-4.5,-1,5,5,4.5,e,-4.5,-1
pi,pi,97,97,0.000000,4.421803e-02,5,5,4.5,e,-3.5,-1,5,5,4.5,e,-3.5,-1
pi,pi,98,98,0.000000,1.105457e-02,5,5,4.5,e,-2.5,-1,5,5,4.5,e,-2.5,-1
pi,pi,99,99,0.000000,9.949086e-02,5,5,4.5,e,-1.5,-1,5,5,4.5,e,-1.5,-1
pi,pi,100,100,0.000000,1.768725e-01,5,5,4.5,e,-0.5,-1,5,5,4.5,e,-0.5,-1
pi,pi,101,101,0.000000,1.768724e-01,5,5,4.5,e,+0.5,-1,5,5,4.5,e,+0.5,-1
pi,pi,102,102,0.000000,9.949069e-02,5,5,4.5,e,+1.5,-1,5,5,4.5,e,+1.5,-1
pi,pi,103,103,0.000000,1.105449e-02,5,5,4.5,e,+2.5,-1,5,5,4.5,e,+2.5,-1
pi,pi,104,104,0.000000,4.421821e-02,5,5,4.5,e,+3.5,-1,5,5,4.5,e,+3.5,-1
pi,pi,105,105,0.000000,3.979633e-01,5,5,4.5,e,+4.5,-1,5,5,4.5,e,+4.5,-1
pi,pi,106,106,0.000000,9.290908e-03,5,5,4.5,f,-4.5,+1,5,5,4.5,f,-4.5,+1
pi,pi,107,107,0.000000,1.032322e-03,5,5,4.5,f,-3.5,+1,5,5,4.5,f,-3.5,+1
pi,pi,108,108,0.000000,2.580818e-04,5,5,4.5,f,-2.5,+1,5,5,4.5,f,-2.5,+1
pi,pi,109,109,0.000000,2.322730e-03,5,5,4.5,f,-1.5,+1,5,5,4.5,f,-1.5,+1
pi,pi,110,110,0.000000,4.129295e-03,5,5,4.5,f,-0.5,+1,5,5,4.5,f,-0.5,+1
pi,pi,111,111,0.000000,4.129293e-03,5,5,4.5,f,+0.5,+1,5,5,4.5,f,+0.5,+1
pi,pi,112,112,0.000000,2.322726e-03,5,5,4.5,f,+1.5,+1,5,5,4.5,f,+1.5,+1
pi,pi,113,113,0.000000,2.580800e-04,5,5,4.5,f,+2.5,+1,5,5,4.5,f,+2.5,+1
pi,pi,114,114,0.000000,1.032325e-03,5,5,4.5,f,+3.5,+1,5,5,4.5,f,+3.5,+1
pi,pi,115,115,0.000000,9.290916e-03,5,5,4.5,f,+4.5,+1,5,5,4.5,f,+4.5,+1
pi,pi,116,116,0.000000,4.451933e-01,5,5,5.5,e,-5.5,-1,5,5,5.5,e,-5.5,-1
pi,pi,117,117,0.000000,9.198217e-02,5,5,5.5,e,-4.5,-1,5,5,5.5,e,-4.5,-1
pi,pi,118,118,0.000000,1.471763e-04,5,5,5.5,e,-3.5,-1,5,5,5.5,e,-3.5,-1
pi,pi,119,119,0.000000,4.253243e-02,5,5,5.5,e,-2.5,-1,5,5,5.5,e,-2.5,-1
pi,pi,120,120,0.000000,1.237710e-01,5,5,5.5,e,-1.5,-1,5,5,5.5,e,-1.5,-1
pi,pi,121,121,0.000000,1.802848e-01,5,5,5.5,e,-0.5,-1,5,5,5.5,e,-0.5,-1
pi,pi,122,122,0.000000,1.802849e-01,5,5,5.5,e,+0.5,-1,5,5,5.5,e,+0.5,-1
pi,pi,123,123,0.000000,1.237712e-01,5,5,5.5,e,+1.5,-1,5,5,5.5,e,+1.5,-1
pi,pi,124,124,0.000000,4.253259e-02,5,5,5.5,e,+2.5,-1,5,5,5.5,e,+2.5,-1
pi,pi,125,125,0.000000,1.471664e-04,5,5,5.5,e,+3.5,-1,5,5,5.5,e,+3.5,-1
pi,pi,126,126,0.000000,9.198199e-02,5,5,5.5,e,+4.5,-1,5,5,5.5,e,+4.5,-1
pi,pi,127,127,0.000000,4.451933e-01,5,5,5.5,e,+5.5,-1,5,5,5.5,e,+5.5,-1
pi,pi,128,128,0.000000,1.039853e-02,5,5,5.5,f,-5.5,+1,5,5,5.5,f,-5.5,+1
pi,pi,129,129,0.000000,2.148459e-03,5,5,5.5,f,-4.5,+1,5,5,5.5,f,-4.5,+1
pi,pi,130,130,0.000000,3.437638e-06,5,5,5.5,f,-3.5,+1,5,5,5.5,f,-3.5,+1
pi,pi,131,131,0.000000,9.934449e-04,5,5,5.5,f,-2.5,+1,5,5,5.5,f,-2.5,+1
pi,pi,132,132,0.000000,2.890962e-03,5,5,5.5,f,-1.5,+1,5,5,5.5,f,-1.5,+1
pi,pi,133,133,0.000000,4.210975e-03,5,5,5.5,f,-0.5,+1,5,5,5.5,f,-0.5,+1
pi,pi,134,134,0.000000,4.210977e-03,5,5,5.5,f,+0.5,+1,5,5,5.5,f,+0.5,+1
pi,pi,135,135,0.000000,2.890966e-03,5,5,5.5,f,+1.5,+1,5,5,5.5,f,+1.5,+1
pi,pi,136,136,0.000000,9.934484e-04,5,5,5.5,f,+2.5,+1,5,5,5.5,f,+2.5,+1
pi,pi,137,137,0.000000,3.437426e-06,5,5,5.5,f,+3.5,+1,5,5,5.5,f,+3.5,+1
pi,pi,138,138,0.000000,2.148455e-03,5,5,5.5,f,+4.5,+1,5,5,5.5,f,+4.5,+1
pi,pi,139,139,0.000000,1.039853e-02,5,5,5.5,f,+5.5,+1,5,5,5.5,f,+5.5,+1
pi,pi,117,96,3.577451,1.325868e-02,5,5,5.5,e,-4.5,-1,5,5,4.5,e,-4.5,-1
pi,pi,129,106,3.577452,3.116571e-04,5,5,5.5,f,-4.5,+1,5,5,4.5,f,-4.5,+1
pi,pi,118,97,3.577453,1.443722e-02,5,5,5.5,e,-3.5,-1,5,5,4.5,e,-3.5,-1
pi,pi,130,107,3.577453,3.393597e-04,5,5,5.5,f,-3.5,+1,5,5,4.5,f,-3.5,+1
pi,pi,119,98,3.577454,9.821232e-03,5,5,5.5,e,-2.5,-1,5,5,4.5,e,-2.5,-1
pi,pi,131,108,3.577455,2.308567e-04,5,5,5.5,f,-2.5,+1,5,5,4.5,f,-2.5,+1
pi,pi,120,99,3.577456,4.124914e-03,5,5,5.5,e,-1.5,-1,5,5,4.5,e,-1.5,-1
pi,pi,132,109,3.577456,9.695976e-05,5,5,5.5,f,-1.5,+1,5,5,4.5,f,-1.5,+1
pi,pi,121,100,3.577457,4.910608e-04,5,5,5.5,e,-0.5,-1,5,5,4.5,e,-0.5,-1
pi,pi,133,110,3.577457,1.154282e-05,5,5,5.5,f,-0.5,+1,5,5,4.5,f,-0.5,+1
pi,pi,134,111,3.577459,1.154281e-05,5,5,5.5,f,+0.5,+1,5,5,4.5,f,+0.5,+1
pi,pi,122,101,3.577459,4.910604e-04,5,5,5.5,e,+0.5,-1,5,5,4.5,e,+0.5,-1
pi,pi,135,112,3.577460,9.695955e-05,5,5,5.5,f,+1.5,+1,5,5,4.5,f,+1.5,+1
pi,pi,123,102,3.577460,4.124904e-03,5,5,5.5,e,+1.5,-1,5,5,4.5,e,+1.5,-1
pi,pi,136,113,3.577461,2.308559e-04,5,5,5.5,f,+2.5,+1,5,5,4.5,f,+2.5,+1
pi,pi,124,103,3.577461,9.821193e-03,5,5,5.5,e,+2.5,-1,5,5,4.5,e,+2.5,-1
pi,pi,137,114,3.577462,3.393579e-04,5,5,5.5,f,+3.5,+1,5,5,4.5,f,+3.5,+1
pi,pi,125,104,3.577463,1.443714e-02,5,5,5.5,e,+3.5,-1,5,5,4.5,e,+3.5,-1
pi,pi,138,115,3.577464,3.116550e-04,5,5,5.5,f,+4.5,+1,5,5,4.5,f,+4.5,+1
pi,pi,126,105,3.577464,1.325859e-02,5,5,5.5,e,+4.5,-1,5,5,4.5,e,+4.5,-1
pi,pi,77,60,4.435453,2.110042e-02,4,4,4.5,e,-3.5,+1,4,4,3.5,e,-3.5,+1
pi,pi,87,68,4.435453,6.921048e-04,4,4,4.5,f,-3.5,-1,4,4,3.5,f,-3.5,-1
pi,pi,78,61,4.435455,1.883965e-02,4,4,4.5,e,-2.5,+1,4,4,3.5,e,-2.5,+1
pi,pi,88,69,4.435455,6.179502e-04,4,4,4.5,f,-2.5,-1,4,4,3.5,f,-2.5,-1
pi,pi,79,62,4.435457,8.720058e-03,4,4,4.5,e,-1.5,+1,4,4,3.5,e,-1.5,+1
pi,pi,89,70,4.435457,2.860224e-04,4,4,4.5,f,-1.5,-1,4,4,3.5,f,-1.5,-1
pi,pi,80,63,4.435459,1.076549e-03,4,4,4.5,e,-0.5,+1,4,4,3.5,e,-0.5,+1
pi,pi,90,71,4.435459,3.531138e-05,4,4,4.5,f,-0.5,-1,4,4,3.5,f,-0.5,-1
pi,pi,91,72,4.435461,3.531135e-05,4,4,4.5,f,+0.5,-1,4,4,3.5,f,+0.5,-1
pi,pi,81,64,4.435461,1.076548e-03,4,4,4.5,e,+0.5,+1,4,4,3.5,e,+0.5,+1
pi,pi,92,73,4.435463,2.860217e-04,4,4,4.5,f,+1.5,-1,4,4,3.5,f,+1.5,-1
pi,pi,82,65,4.435463,8.720034e-03,4,4,4.5,e,+1.5,+1,4,4,3.5,e,+1.5,+1
pi,pi,93,74,4.435465,6.179477e-04,4,4,4.5,f,+2.5,-1,4,4,3.5,f,+2.5,-1
pi,pi,83,66,4.435465,1.883956e-02,4,4,4.5,e,+2.5,+1,4,4,3.5,e,+2.5,+1
pi,pi,94,75,4.435466,6.921008e-04,4,4,4.5,f,+3.5,-1,4,4,3.5,f,+3.5,-1
pi,pi,84,67,4.435467,2.110029e-02,4,4,4.5,e,+3.5,+1,4,4,3.5,e,+3.5,+1
pi,pi,45,32,5.796176,3.539992e-02,3,3,3.5,e,-2.5,-1,3,3,2.5,e,-2.5,-1
pi,pi,53,38,5.796176,2.054595e-03,3,3,3.5,f,-2.5,+1,3,3,2.5,f,-2.5,+1
pi,pi,46,33,5.796179,2.123993e-02,3,3,3.5,e,-1.5,-1,3,3,2.5,e,-1.5,-1
pi,pi,54,39,5.796179,1.232756e-03,3,3,3.5,f,-1.5,+1,3,3,2.5,f,-1.5,+1
pi,pi,47,34,5.796182,2.831987e-03,3,3,3.5,e,-0.5,-1,3,3,2.5,e,-0.5,-1
pi,pi,55,40,5.796182,1.643673e-04,3,3,3.5,f,-0.5,+1,3,3,2.5,f,-0.5,+1
pi,pi,48,35,5.796185,2.831984e-03,3,3,3.5,e,+0.5,-1,3,3,2.5,e,+0.5,-1
pi,pi,56,41,5.796185,1.643671e-04,3,3,3.5,f,+0.5,+1,3,3,2.5,f,+0.5,+1
pi,pi,57,42,5.796188,1.232752e-03,3,3,3.5,f,+1.5,+1,3,3,2.5,f,+1.5,+1
pi,pi,49,36,5.796188,2.123986e-02,3,3,3.5,e,+1.5,-1,3,3,2.5,e,+1.5,-1
pi,pi,58,43,5.796191,2.054585e-03,3,3,3.5,f,+2.5,+1,3,3,2.5,f,+2.5,+1
pi,pi,50,37,5.796192,3.539972e-02,3,3,3.5,e,+2.5,-1,3,3,2.5,e,+2.5,-1
pi,pi,21,12,8.329649,5.831948e-02,2,2,2.5,e,-1.5,+1,2,2,1.5,e,-1.5,+1
pi,pi,27,16,8.329650,1.032388e-02,2,2,2.5,f,-1.5,-1,2,2,1.5,f,-1.5,-1
pi,pi,22,13,8.329656,9.719898e-03,2,2,2.5,e,-0.5,+1,2,2,1.5,e,-0.5,+1
pi,pi,28,17,8.329656,1.720644e-03,2,2,2.5,f,-0.5,-1,2,2,1.5,f,-0.5,-1
pi,pi,23,14,8.329662,9.719883e-03,2,2,2.5,e,+0.5,+1,2,2,1.5,e,+0.5,+1
pi,pi,29,18,8.329663,1.720642e-03,2,2,2.5,f,+0.5,-1,2,2,1.5,f,+0.5,-1
pi,pi,24,15,8.329669,5.831920e-02,2,2,2.5,e,+1.5,+1,2,2,1.5,e,+1.5,+1
pi,pi,30,19,8.329669,1.032383e-02,2,2,2.5,f,+1.5,-1,2,2,1.5,f,+1.5,-1
pi,pi,5,0,15.047589,2.805001e-02,1,1,1.5,e,-0.5,-1,1,1,0.5,e,-0.5,-1
pi,pi,9,2,15.047591,1.586446e-01,1,1,1.5,f,-0.5,+1,1,1,0.5,f,-0.5,+1
pi,pi,6,1,15.047614,2.804992e-02,1,1,1.5,e,+0.5,-1,1,1,0.5,e,+0.5,-1
pi,pi,10,3,15.047616,1.586440e-01,1,1,1.5,f,+0.5,+1,1,1,0.5,f,+0.5,+1
pi,pi,3,23,29073.263222,8.937360e-04,1,1,0.5,f,+0.5,+1,2,2,2.5,e,+0.5,+1
pi,pi,2,22,29073.263259,8.937372e-04,1,1,0.5,f,-0.5,+1,2,2,2.5,e,-0.5,+1
pi,pi,3,14,29081.592885,1.355704e-03,1,1,0.5,f,+0.5,+1,2,2,1.5,e,+0.5,+1
pi,pi,2,13,29081.592914,1.355695e-03,1,1,0.5,f,-0.5,+1,2,2,1.5,e,-0.5,+1
pi,pi,11,24,29088.310826,2.705017e-03,1,1,1.5,f,+1.5,+1,2,2,2.5,e,+1.5,+1
pi,pi,10,23,29088.310838,4.508333e-04,1,1,1.5,f,+0.5,+1,2,2,2.5,e,+0.5,+1
pi,pi,9,22,29088.310850,4.508384e-04,1,1,1.5,f,-0.5,+1,2,2,2.5,e,-0.5,+1
pi,pi,8,21,29088.310861,2.705013e-03,1,1,1.5,f,-1.5,+1,2,2,2.5,e,-1.5,+1
pi,pi,1,29,29094.423219,8.797326e-02,1,1,0.5,e,+0.5,-1,2,2,2.5,f,+0.5,-1
pi,pi,0,28,29094.423257,8.797337e-02,1,1,0.5,e,-0.5,-1,2,2,2.5,f,-0.5,-1
pi,pi,11,15,29096.640495,6.647507e-04,1,1,1.5,f,+1.5,+1,2,2,1.5,e,+1.5,+1
pi,pi,10,14,29096.640500,6.647517e-04,1,1,1.5,f,+0.5,+1,2,2,1.5,e,+0.5,+1
pi,pi,9,13,29096.640505,6.647539e-04,1,1,1.5,f,-0.5,+1,2,2,1.5,e,-0.5,+1
pi,pi,8,12,29096.640511,6.647549e-04,1,1,1.5,f,-1.5,+1,2,2,1.5,e,-1.5,+1
pi,pi,1,18,29102.752882,1.319505e-01,1,1,0.5,e,+0.5,-1,2,2,1.5,f,+0.5,-1
pi,pi,0,17,29102.752913,1.319496e-01,1,1,0.5,e,-0.5,-1,2,2,1.5,f,-0.5,-1
pi,pi,7,30,29109.470821,2.639569e-01,1,1,1.5,e,+1.5,-1,2,2,2.5,f,+1.5,-1
pi,pi,6,29,29109.470834,4.399253e-02,1,1,1.5,e,+0.5,-1,2,2,2.5,f,+0.5,-1
pi,pi,5,28,29109.470846,4.399303e-02,1,1,1.5,e,-0.5,-1,2,2,2.5,f,-0.5,-1
pi,pi,4,27,29109.470858,2.639565e-01,1,1,1.5,e,-1.5,-1,2,2,2.5,f,-1.5,-1
pi,pi,7,19,29117.800490,6.602933e-02,1,1,1.5,e,+1.5,-1,2,2,1.5,f,+1.5,-1
pi,pi,6,18,29117.800496,6.602941e-02,1,1,1.5,e,+0.5,-1,2,2,1.5,f,+0.5,-1
pi,pi,5,17,29117.800502,6.602965e-02,1,1,1.5,e,-0.5,-1,2,2,1.5,f,-0.5,-1
pi,pi,4,16,29117.800508,6.602973e-02,1,1,1.5,e,-1.5,-1,2,2,1.5,f,-1.5,-1
pi,pi,19,49,43614.287382,1.378080e-04,2,2,1.5,f,+1.5,-1,3,3,3.5,e,+1.5,-1
pi,pi,18,48,43614.287392,2.480547e-04,2,2,1.5,f,+0.5,-1,3,3,3.5,e,+0.5,-1
pi,pi,17,47,43614.287401,2.480550e-04,2,2,1.5,f,-0.5,-1,3,3,3.5,e,-0.5,-1
pi,pi,16,46,43614.287411,1.378085e-04,2,2,1.5,f,-1.5,-1,3,3,3.5,e,-1.5,-1
pi,pi,19,36,43620.083571,1.979014e-03,2,2,1.5,f,+1.5,-1,3,3,2.5,e,+1.5,-1
pi,pi,18,35,43620.083577,3.298365e-04,2,2,1.5,f,+0.5,-1,3,3,2.5,e,+0.5,-1
pi,pi,17,34,43620.083583,3.298344e-04,2,2,1.5,f,-0.5,-1,3,3,2.5,e,-0.5,-1
pi,pi,16,33,43620.083590,1.979011e-03,2,2,1.5,f,-1.5,-1,3,3,2.5,e,-1.5,-1
pi,pi,31,50,43622.617048,2.056080e-03,2,2,2.5,f,+2.5,-1,3,3,3.5,e,+2.5,-1
pi,pi,30,49,43622.617051,1.233646e-03,2,2,2.5,f,+1.5,-1,3,3,3.5,e,+1.5,-1
pi,pi,29,48,43622.617054,1.644856e-04,2,2,2.5,f,+0.5,-1,3,3,3.5,e,+0.5,-1
pi,pi,28,47,43622.617058,1.644870e-04,2,2,2.5,f,-0.5,-1,3,3,3.5,e,-0.5,-1
pi,pi,27,46,43622.617061,1.233648e-03,2,2,2.5,f,-1.5,-1,3,3,3.5,e,-1.5,-1
pi,pi,26,45,43622.617064,2.056077e-03,2,2,2.5,f,-2.5,-1,3,3,3.5,e,-2.5,-1
pi,pi,31,37,43628.413240,3.486952e-04,2,2,2.5,f,+2.5,-1,3,3,2.5,e,+2.5,-1
pi,pi,30,36,43628.413240,1.394783e-05,2,2,2.5,f,+1.5,-1,3,3,2.5,e,+1.5,-1
pi,pi,29,35,43628.413240,2.231655e-04,2,2,2.5,f,+0.5,-1,3,3,2.5,e,+0.5,-1
pi,pi,28,34,43628.413240,2.231658e-04,2,2,2.5,f,-0.5,-1,3,3,2.5,e,-0.5,-1
pi,pi,27,33,43628.413240,1.394788e-05,2,2,2.5,f,-1.5,-1,3,3,2.5,e,-1.5,-1
pi,pi,26,32,43628.413240,3.486974e-04,2,2,2.5,f,-2.5,-1,3,3,2.5,e,-2.5,-1
pi,pi,15,57,43661.897376,1.348101e-02,2,2,1.5,e,+1.5,+1,3,3,3.5,f,+1.5,+1
pi,pi,14,56,43661.897387,2.426583e-02,2,2,1.5,e,+0.5,+1,3,3,3.5,f,+0.5,+1
pi,pi,13,55,43661.897398,2.426586e-02,2,2,1.5,e,-0.5,+1,3,3,3.5,f,-0.5,+1
pi,pi,12,54,43661.897408,1.348105e-02,2,2,1.5,e,-1.5,+1,3,3,3.5,f,-1.5,+1
pi,pi,15,42,43667.693565,1.938508e-01,2,2,1.5,e,+1.5,+1,3,3,2.5,f,+1.5,+1
pi,pi,14,41,43667.693572,3.230854e-02,2,2,1.5,e,+0.5,+1,3,3,2.5,f,+0.5,+1
pi,pi,13,40,43667.693580,3.230834e-02,2,2,1.5,e,-0.5,+1,3,3,2.5,f,-0.5,+1
pi,pi,12,39,43667.693588,1.938505e-01,2,2,1.5,e,-1.5,+1,3,3,2.5,f,-1.5,+1
pi,pi,25,58,43670.227041,2.020190e-01,2,2,2.5,e,+2.5,+1,3,3,3.5,f,+2.5,+1
pi,pi,24,57,43670.227045,1.212113e-01,2,2,2.5,e,+1.5,+1,3,3,3.5,f,+1.5,+1
pi,pi,23,56,43670.227049,1.616144e-02,2,2,2.5,e,+0.5,+1,3,3,3.5,f,+0.5,+1
pi,pi,22,55,43670.227053,1.616158e-02,2,2,2.5,e,-0.5,+1,3,3,3.5,f,-0.5,+1
pi,pi,21,54,43670.227058,1.212114e-01,2,2,2.5,e,-1.5,+1,3,3,3.5,f,-1.5,+1
pi,pi,20,53,43670.227062,2.020188e-01,2,2,2.5,e,-2.5,+1,3,3,3.5,f,-2.5,+1
pi,pi,25,43,43676.023232,3.371075e-02,2,2,2.5,e,+2.5,+1,3,3,2.5,f,+2.5,+1
pi,pi,24,42,43676.023233,1.348430e-03,2,2,2.5,e,+1.5,+1,3,3,2.5,f,+1.5,+1
pi,pi,23,41,43676.023235,2.157493e-02,2,2,2.5,e,+0.5,+1,3,3,2.5,f,+0.5,+1
pi,pi,22,40,43676.023236,2.157497e-02,2,2,2.5,e,-0.5,+1,3,3,2.5,f,-0.5,+1
pi,pi,21,39,43676.023237,1.348439e-03,2,2,2.5,e,-1.5,+1,3,3,2.5,f,-1.5,+1
pi,pi,20,38,43676.023238,3.371096e-02,2,2,2.5,e,-2.5,+1,3,3,2.5,f,-2.5,+1
pi,pi,43,83,58146.058971,2.123290e-04,3,3,2.5,f,+2.5,+1,4,4,4.5,e,+2.5,+1
pi,pi,42,82,58146.058975,4.549913e-04,3,3,2.5,f,+1.5,+1,4,4,4.5,e,+1.5,+1
pi,pi,41,81,58146.058979,6.066558e-04,3,3,2.5,f,+0.5,+1,4,4,4.5,e,+0.5,+1
pi,pi,40,80,58146.058983,6.066567e-04,3,3,2.5,f,-0.5,+1,4,4,4.5,e,-0.5,+1
pi,pi,39,79,58146.058987,4.549931e-04,3,3,2.5,f,-1.5,+1,4,4,4.5,e,-1.5,+1
pi,pi,38,78,58146.058991,2.123304e-04,3,3,2.5,f,-2.5,+1,4,4,4.5,e,-2.5,+1
pi,pi,43,66,58150.494435,9.464991e-03,3,3,2.5,f,+2.5,+1,4,4,3.5,e,+2.5,+1
pi,pi,42,65,58150.494438,5.678999e-03,3,3,2.5,f,+1.5,+1,4,4,3.5,e,+1.5,+1
pi,pi,41,64,58150.494440,7.572017e-04,3,3,2.5,f,+0.5,+1,4,4,3.5,e,+0.5,+1
pi,pi,40,63,58150.494442,7.571966e-04,3,3,2.5,f,-0.5,+1,4,4,3.5,e,-0.5,+1
pi,pi,39,62,58150.494444,5.678989e-03,3,3,2.5,f,-1.5,+1,4,4,3.5,e,-1.5,+1
pi,pi,38,61,58150.494446,9.464988e-03,3,3,2.5,f,-2.5,+1,4,4,3.5,e,-2.5,+1
pi,pi,59,84,58151.855161,8.897040e-03,3,3,3.5,f,+3.5,+1,4,4,4.5,e,+3.5,+1
pi,pi,58,83,58151.855162,7.943781e-03,3,3,3.5,f,+2.5,+1,4,4,4.5,e,+2.5,+1
pi,pi,57,82,58151.855163,3.676833e-03,3,3,3.5,f,+1.5,+1,4,4,4.5,e,+1.5,+1
pi,pi,56,81,58151.855164,4.539285e-04,3,3,3.5,f,+0.5,+1,4,4,4.5,e,+0.5,+1
pi,pi,55,80,58151.855165,4.539323e-04,3,3,3.5,f,-0.5,+1,4,4,4.5,e,-0.5,+1
pi,pi,54,79,58151.855166,3.676840e-03,3,3,3.5,f,-1.5,+1,4,4,4.5,e,-1.5,+1
pi,pi,53,78,58151.855167,7.943783e-03,3,3,3.5,f,-2.5,+1,4,4,4.5,e,-2.5,+1
pi,pi,52,77,58151.855168,8.897032e-03,3,3,3.5,f,-3.5,+1,4,4,4.5,e,-3.5,+1
pi,pi,52,60,58156.290621,1.120765e-03,3,3,3.5,f,-3.5,+1,4,4,3.5,e,-3.5,+1
pi,pi,53,61,58156.290622,2.287280e-05,3,3,3.5,f,-2.5,+1,4,4,3.5,e,-2.5,+1
pi,pi,54,62,58156.290623,2.058542e-04,3,3,3.5,f,-1.5,+1,4,4,3.5,e,-1.5,+1
pi,pi,55,63,58156.290624,5.718170e-04,3,3,3.5,f,-0.5,+1,4,4,3.5,e,-0.5,+1
pi,pi,56,64,58156.290625,5.718167e-04,3,3,3.5,f,+0.5,+1,4,4,3.5,e,+0.5,+1
pi,pi,57,65,58156.290626,2.058540e-04,3,3,3.5,f,+1.5,+1,4,4,3.5,e,+1.5,+1
pi,pi,58,66,58156.290627,2.287255e-05,3,3,3.5,f,+2.5,+1,4,4,3.5,e,+2.5,+1
pi,pi,59,67,58156.290628,1.120757e-03,3,3,3.5,f,+3.5,+1,4,4,3.5,e,+3.5,+1
pi,pi,37,93,58230.698963,3.672447e-03,3,3,2.5,e,+2.5,-1,4,4,4.5,f,+2.5,-1
pi,pi,36,92,58230.698968,7.869537e-03,3,3,2.5,e,+1.5,-1,4,4,4.5,f,+1.5,-1
pi,pi,35,91,58230.698973,1.049273e-02,3,3,2.5,e,+0.5,-1,4,4,4.5,f,+0.5,-1
pi,pi,34,90,58230.698979,1.049273e-02,3,3,2.5,e,-0.5,-1,4,4,4.5,f,-0.5,-1
pi,pi,33,89,58230.698984,7.869558e-03,3,3,2.5,e,-1.5,-1,4,4,4.5,f,-1.5,-1
pi,pi,32,88,58230.698989,3.672464e-03,3,3,2.5,e,-2.5,-1,4,4,4.5,f,-2.5,-1
pi,pi,37,74,58235.134428,1.637062e-01,3,3,2.5,e,+2.5,-1,4,4,3.5,f,+2.5,-1
pi,pi,36,73,58235.134431,9.822379e-02,3,3,2.5,e,+1.5,-1,4,4,3.5,f,+1.5,-1
pi,pi,35,72,58235.134434,1.309654e-02,3,3,2.5,e,+0.5,-1,4,4,3.5,f,+0.5,-1
pi,pi,34,71,58235.134438,1.309645e-02,3,3,2.5,e,-0.5,-1,4,4,3.5,f,-0.5,-1
pi,pi,33,70,58235.134441,9.822363e-02,3,3,2.5,e,-1.5,-1,4,4,3.5,f,-1.5,-1
pi,pi,32,69,58235.134444,1.637062e-01,3,3,2.5,e,-2.5,-1,4,4,3.5,f,-2.5,-1
pi,pi,51,94,58236.495153,1.540597e-01,3,3,3.5,e,+3.5,-1,4,4,4.5,f,+3.5,-1
pi,pi,50,93,58236.495155,1.375533e-01,3,3,3.5,e,+2.5,-1,4,4,4.5,f,+2.5,-1
pi,pi,49,92,58236.495157,6.366746e-02,3,3,3.5,e,+1.5,-1,4,4,4.5,f,+1.5,-1
pi,pi,48,91,58236.495159,7.860155e-03,3,3,3.5,e,+0.5,-1,4,4,4.5,f,+0.5,-1
pi,pi,47,90,58236.495161,7.860221e-03,3,3,3.5,e,-0.5,-1,4,4,4.5,f,-0.5,-1
pi,pi,46,89,58236.495163,6.366759e-02,3,3,3.5,e,-1.5,-1,4,4,4.5,f,-1.5,-1
pi,pi,45,88,58236.495165,1.375533e-01,3,3,3.5,e,-2.5,-1,4,4,4.5,f,-2.5,-1
pi,pi,44,87,58236.495167,1.540596e-01,3,3,3.5,e,-3.5,-1,4,4,4.5,f,-3.5,-1
pi,pi,51,75,58240.930619,1.928697e-02,3,3,3.5,e,+3.5,-1,4,4,3.5,f,+3.5,-1
pi,pi,50,74,58240.930619,3.936121e-04,3,3,3.5,e,+2.5,-1,4,4,3.5,f,+2.5,-1
pi,pi,49,73,58240.930619,3.542510e-03,3,3,3.5,e,+1.5,-1,4,4,3.5,f,+1.5,-1
pi,pi,48,72,58240.930620,9.840317e-03,3,3,3.5,e,+0.5,-1,4,4,3.5,f,+0.5,-1
pi,pi,47,71,58240.930620,9.840327e-03,3,3,3.5,e,-0.5,-1,4,4,3.5,f,-0.5,-1
pi,pi,46,70,58240.930620,3.542521e-03,3,3,3.5,e,-1.5,-1,4,4,3.5,f,-1.5,-1
pi,pi,45,69,58240.930620,3.936137e-04,3,3,3.5,e,-2.5,-1,4,4,3.5,f,-2.5,-1
pi,pi,44,68,58240.930620,1.928710e-02,3,3,3.5,e,-3.5,-1,4,4,3.5,f,-3.5,-1
pi,pi,75,125,72671.161243,1.595183e-04,4,4,3.5,f,+3.5,-1,5,5,5.5,e,+3.5,-1
pi,pi,74,124,72671.161245,3.722099e-04,4,4,3.5,f,+2.5,-1,5,5,5.5,e,+2.5,-1
pi,pi,73,123,72671.161247,5.583156e-04,4,4,3.5,f,+1.5,-1,5,5,5.5,e,+1.5,-1
pi,pi,72,122,72671.161249,6.646624e-04,4,4,3.5,f,+0.5,-1,5,5,5.5,e,+0.5,-1
pi,pi,71,121,72671.161252,6.646634e-04,4,4,3.5,f,-0.5,-1,5,5,5.5,e,-0.5,-1
pi,pi,70,120,72671.161254,5.583180e-04,4,4,3.5,f,-1.5,-1,5,5,5.5,e,-1.5,-1
pi,pi,69,119,72671.161256,3.722126e-04,4,4,3.5,f,-2.5,-1,5,5,5.5,e,-2.5,-1
pi,pi,68,118,72671.161258,1.595199e-04,4,4,3.5,f,-3.5,-1,5,5,5.5,e,-3.5,-1
pi,pi,75,104,72674.738706,1.561140e-02,4,4,3.5,f,+3.5,-1,5,5,4.5,e,+3.5,-1
pi,pi,74,103,72674.738707,1.393876e-02,4,4,3.5,f,+2.5,-1,5,5,4.5,e,+2.5,-1
pi,pi,73,102,72674.738707,6.451658e-03,4,4,3.5,f,+1.5,-1,5,5,4.5,e,+1.5,-1
pi,pi,72,101,72674.738708,7.965031e-04,4,4,3.5,f,+0.5,-1,5,5,4.5,e,+0.5,-1
pi,pi,71,100,72674.738709,7.964972e-04,4,4,3.5,f,-0.5,-1,5,5,4.5,e,-0.5,-1
pi,pi,70,99,72674.738709,6.451644e-03,4,4,3.5,f,-1.5,-1,5,5,4.5,e,-1.5,-1
pi,pi,69,98,72674.738710,1.393875e-02,4,4,3.5,f,-2.5,-1,5,5,4.5,e,-2.5,-1
pi,pi,68,97,72674.738711,1.561140e-02,4,4,3.5,f,-3.5,-1,5,5,4.5,e,-3.5,-1
pi,pi,95,126,72675.596709,1.433058e-02,4,4,4.5,f,+4.5,-1,5,5,5.5,e,+4.5,-1
pi,pi,94,125,72675.596709,1.560441e-02,4,4,4.5,f,+3.5,-1,5,5,5.5,e,+3.5,-1
pi,pi,93,124,72675.596710,1.061524e-02,4,4,4.5,f,+2.5,-1,5,5,5.5,e,+2.5,-1
pi,pi,92,123,72675.596710,4.458397e-03,4,4,4.5,f,+1.5,-1,5,5,5.5,e,+1.5,-1
pi,pi,91,122,72675.596710,5.307598e-04,4,4,4.5,f,+0.5,-1,5,5,5.5,e,+0.5,-1
pi,pi,90,121,72675.596711,5.307645e-04,4,4,4.5,f,-0.5,-1,5,5,5.5,e,-0.5,-1
pi,pi,89,120,72675.596711,4.458407e-03,4,4,4.5,f,-1.5,-1,5,5,5.5,e,-1.5,-1
pi,pi,88,119,72675.596711,1.061525e-02,4,4,4.5,f,-2.5,-1,5,5,5.5,e,-2.5,-1
pi,pi,87,118,72675.596711,1.560441e-02,4,4,4.5,f,-3.5,-1,5,5,5.5,e,-3.5,-1
pi,pi,86,117,72675.596712,1.433057e-02,4,4,4.5,f,-4.5,-1,5,5,5.5,e,-4.5,-1
pi,pi,86,96,72679.174163,1.441261e-03,4,4,4.5,f,-4.5,-1,5,5,4.5,e,-4.5,-1
pi,pi,87,97,72679.174164,1.601403e-04,4,4,4.5,f,-3.5,-1,5,5,4.5,e,-3.5,-1
pi,pi,88,98,72679.174165,4.003477e-05,4,4,4.5,f,-2.5,-1,5,5,4.5,e,-2.5,-1
pi,pi,89,99,72679.174166,3.603139e-04,4,4,4.5,f,-1.5,-1,5,5,4.5,e,-1.5,-1
pi,pi,90,100,72679.174168,6.405580e-04,4,4,4.5,f,-0.5,-1,5,5,4.5,e,-0.5,-1
pi,pi,91,101,72679.174169,6.405579e-04,4,4,4.5,f,+0.5,-1,5,5,4.5,e,+0.5,-1
pi,pi,92,102,72679.174170,3.603138e-04,4,4,4.5,f,+1.5,-1,5,5,4.5,e,+1.5,-1
pi,pi,93,103,72679.174171,4.003498e-05,4,4,4.5,f,+2.5,-1,5,5,4.5,e,+2.5,-1
pi,pi,94,104,72679.174172,1.601387e-04,4,4,4.5,f,+3.5,-1,5,5,4.5,e,+3.5,-1
pi,pi,95,105,72679.174173,1.441250e-03,4,4,4.5,f,+4.5,-1,5,5,4.5,e,+4.5,-1
pi,pi,1,35,72722.836459,1.869334e-02,1,1,0.5,e,+0.5,-1,3,3,2.5,e,+0.5,-1
pi,pi,0,34,72722.836497,1.869336e-02,1,1,0.5,e,-0.5,-1,3,3,2.5,e,-0.5,-1
pi,pi,7,49,72732.087872,1.143489e-02,1,1,1.5,e,+1.5,-1,3,3,3.5,e,+1.5,-1
pi,pi,6,48,72732.087888,2.058278e-02,1,1,1.5,e,+0.5,-1,3,3,3.5,e,+0.5,-1
pi,pi,5,47,72732.087904,2.058277e-02,1,1,1.5,e,-0.5,-1,3,3,3.5,e,-0.5,-1
pi,pi,4,46,72732.087919,1.143486e-02,1,1,1.5,e,-1.5,-1,3,3,3.5,e,-1.5,-1
pi,pi,7,36,72737.884061,4.556762e-03,1,1,1.5,e,+1.5,-1,3,3,2.5,e,+1.5,-1
pi,pi,6,35,72737.884073,7.594639e-04,1,1,1.5,e,+0.5,-1,3,3,2.5,e,+0.5,-1
pi,pi,5,34,72737.884086,7.594611e-04,1,1,1.5,e,-0.5,-1,3,3,2.5,e,-0.5,-1
pi,pi,4,33,72737.884098,4.556787e-03,1,1,1.5,e,-1.5,-1,3,3,2.5,e,-1.5,-1
pi,pi,3,41,72749.286457,1.057729e-01,1,1,0.5,f,+0.5,+1,3,3,2.5,f,+0.5,+1
pi,pi,2,40,72749.286494,1.057730e-01,1,1,0.5,f,-0.5,+1,3,3,2.5,f,-0.5,+1
pi,pi,11,57,72758.537872,6.473875e-02,1,1,1.5,f,+1.5,+1,3,3,3.5,f,+1.5,+1
pi,pi,10,56,72758.537887,1.165297e-01,1,1,1.5,f,+0.5,+1,3,3,3.5,f,+0.5,+1
pi,pi,9,55,72758.537903,1.165296e-01,1,1,1.5,f,-0.5,+1,3,3,3.5,f,-0.5,+1
pi,pi,8,54,72758.537919,6.473861e-02,1,1,1.5,f,-1.5,+1,3,3,3.5,f,-1.5,+1
pi,pi,11,42,72764.334060,2.594126e-02,1,1,1.5,f,+1.5,+1,3,3,2.5,f,+1.5,+1
pi,pi,10,41,72764.334073,4.323563e-03,1,1,1.5,f,+0.5,+1,3,3,2.5,f,+0.5,+1
pi,pi,9,40,72764.334085,4.323545e-03,1,1,1.5,f,-0.5,+1,3,3,2.5,f,-0.5,+1
pi,pi,8,39,72764.334098,2.594139e-02,1,1,1.5,f,-1.5,+1,3,3,2.5,f,-1.5,+1
pi,pi,67,137,72803.411234,1.360652e-03,4,4,3.5,e,+3.5,+1,5,5,5.5,f,+3.5,+1
pi,pi,66,136,72803.411237,3.174857e-03,4,4,3.5,e,+2.5,+1,5,5,5.5,f,+2.5,+1
pi,pi,65,135,72803.411241,4.762290e-03,4,4,3.5,e,+1.5,+1,5,5,5.5,f,+1.5,+1
pi,pi,64,134,72803.411244,5.669398e-03,4,4,3.5,e,+0.5,+1,5,5,5.5,f,+0.5,+1
pi,pi,63,133,72803.411247,5.669403e-03,4,4,3.5,e,-0.5,+1,5,5,5.5,f,-0.5,+1
pi,pi,62,132,72803.411251,4.762303e-03,4,4,3.5,e,-1.5,+1,5,5,5.5,f,-1.5,+1
pi,pi,61,131,72803.411254,3.174871e-03,4,4,3.5,e,-2.5,+1,5,5,5.5,f,-2.5,+1
pi,pi,60,130,72803.411257,1.360660e-03,4,4,3.5,e,-3.5,+1,5,5,5.5,f,-3.5,+1
pi,pi,67,114,72806.988697,1.331484e-01,4,4,3.5,e,+3.5,+1,5,5,4.5,f,+3.5,+1
pi,pi,66,113,72806.988699,1.188826e-01,4,4,3.5,e,+2.5,+1,5,5,4.5,f,+2.5,+1
pi,pi,65,112,72806.988701,5.502567e-02,4,4,3.5,e,+1.5,+1,5,5,4.5,f,+1.5,+1
pi,pi,64,111,72806.988703,6.793311e-03,4,4,3.5,e,+0.5,+1,5,5,4.5,f,+0.5,+1
pi,pi,63,110,72806.988704,6.793261e-03,4,4,3.5,e,-0.5,+1,5,5,4.5,f,-0.5,+1
pi,pi,62,109,72806.988706,5.502556e-02,4,4,3.5,e,-1.5,+1,5,5,4.5,f,-1.5,+1
pi,pi,61,108,72806.988708,1.188825e-01,4,4,3.5,e,-2.5,+1,5,5,4.5,f,-2.5,+1
pi,pi,60,107,72806.988710,1.331484e-01,4,4,3.5,e,-3.5,+1,5,5,4.5,f,-3.5,+1
pi,pi,85,138,72807.846700,1.223036e-01,4,4,4.5,e,+4.5,+1,5,5,5.5,f,+4.5,+1
pi,pi,84,137,72807.846701,1.331750e-01,4,4,4.5,e,+3.5,+1,5,5,5.5,f,+3.5,+1
pi,pi,83,136,72807.846702,9.059522e-02,4,4,4.5,e,+2.5,+1,5,5,5.5,f,+2.5,+1
pi,pi,82,135,72807.846704,3.804996e-02,4,4,4.5,e,+1.5,+1,5,5,5.5,f,+1.5,+1
pi,pi,81,134,72807.846705,4.529743e-03,4,4,4.5,e,+0.5,+1,5,5,5.5,f,+0.5,+1
pi,pi,80,133,72807.846706,4.529783e-03,4,4,4.5,e,-0.5,+1,5,5,5.5,f,-0.5,+1
pi,pi,79,132,72807.846708,3.805005e-02,4,4,4.5,e,-1.5,+1,5,5,5.5,f,-1.5,+1
pi,pi,78,131,72807.846709,9.059530e-02,4,4,4.5,e,-2.5,+1,5,5,5.5,f,-2.5,+1
pi,pi,77,130,72807.846710,1.331750e-01,4,4,4.5,e,-3.5,+1,5,5,5.5,f,-3.5,+1
pi,pi,76,129,72807.846711,1.223036e-01,4,4,4.5,e,-4.5,+1,5,5,5.5,f,-4.5,+1
pi,pi,76,106,72811.424163,1.225164e-02,4,4,4.5,e,-4.5,+1,5,5,4.5,f,-4.5,+1
pi,pi,77,107,72811.424163,1.361293e-03,4,4,4.5,e,-3.5,+1,5,5,4.5,f,-3.5,+1
pi,pi,78,108,72811.424163,3.403228e-04,4,4,4.5,e,-2.5,+1,5,5,4.5,f,-2.5,+1
pi,pi,79,109,72811.424163,3.062903e-03,4,4,4.5,e,-1.5,+1,5,5,4.5,f,-1.5,+1
pi,pi,80,110,72811.424163,5.445157e-03,4,4,4.5,e,-0.5,+1,5,5,4.5,f,-0.5,+1
pi,pi,81,111,72811.424163,5.445153e-03,4,4,4.5,e,+0.5,+1,5,5,4.5,f,+0.5,+1
pi,pi,82,112,72811.424163,3.062896e-03,4,4,4.5,e,+1.5,+1,5,5,4.5,f,+1.5,+1
pi,pi,83,113,72811.424163,3.403216e-04,4,4,4.5,e,+2.5,+1,5,5,4.5,f,+2.5,+1
pi,pi,84,114,72811.424163,1.361285e-03,4,4,4.5,e,+3.5,+1,5,5,4.5,f,+3.5,+1
pi,pi,85,115,72811.424163,1.225155e-02,4,4,4.5,e,+4.5,+1,5,5,4.5,f,+4.5,+1
pi,pi,15,65,101818.188002,1.429729e-02,2,2,1.5,e,+1.5,+1,4,4,3.5,e,+1.5,+1
pi,pi,14,64,101818.188012,2.573514e-02,2,2,1.5,e,+0.5,+1,4,4,3.5,e,+0.5,+1
pi,pi,13,63,101818.188022,2.573515e-02,2,2,1.5,e,-0.5,+1,4,4,3.5,e,-0.5,+1
pi,pi,12,62,101818.188031,1.429731e-02,2,2,1.5,e,-1.5,+1,4,4,3.5,e,-1.5,+1
pi,pi,25,83,101822.082203,9.264376e-03,2,2,2.5,e,+2.5,+1,4,4,4.5,e,+2.5,+1
pi,pi,24,82,101822.082208,1.985223e-02,2,2,2.5,e,+1.5,+1,4,4,4.5,e,+1.5,+1
pi,pi,23,81,101822.082213,2.646963e-02,2,2,2.5,e,+0.5,+1,4,4,4.5,e,+0.5,+1
pi,pi,22,80,101822.082218,2.646962e-02,2,2,2.5,e,-0.5,+1,4,4,4.5,e,-0.5,+1
pi,pi,21,79,101822.082224,1.985221e-02,2,2,2.5,e,-1.5,+1,4,4,4.5,e,-1.5,+1
pi,pi,20,78,101822.082229,9.264359e-03,2,2,2.5,e,-2.5,+1,4,4,4.5,e,-2.5,+1
pi,pi,25,66,101826.517668,2.636879e-03,2,2,2.5,e,+2.5,+1,4,4,3.5,e,+2.5,+1
pi,pi,24,65,101826.517671,1.582129e-03,2,2,2.5,e,+1.5,+1,4,4,3.5,e,+1.5,+1
pi,pi,23,64,101826.517674,2.109508e-04,2,2,2.5,e,+0.5,+1,4,4,3.5,e,+0.5,+1
pi,pi,22,63,101826.517677,2.109513e-04,2,2,2.5,e,-0.5,+1,4,4,3.5,e,-0.5,+1
pi,pi,21,62,101826.517681,1.582136e-03,2,2,2.5,e,-1.5,+1,4,4,3.5,e,-1.5,+1
pi,pi,20,61,101826.517684,2.636896e-03,2,2,2.5,e,-2.5,+1,4,4,3.5,e,-2.5,+1
pi,pi,19,73,101855.218002,8.094428e-02,2,2,1.5,f,+1.5,-1,4,4,3.5,f,+1.5,-1
pi,pi,18,72,101855.218011,1.456997e-01,2,2,1.5,f,+0.5,-1,4,4,3.5,f,+0.5,-1
pi,pi,17,71,101855.218021,1.456998e-01,2,2,1.5,f,-0.5,-1,4,4,3.5,f,-0.5,-1
pi,pi,16,70,101855.218031,8.094436e-02,2,2,1.5,f,-1.5,-1,4,4,3.5,f,-1.5,-1
pi,pi,31,93,101859.112203,5.245865e-02,2,2,2.5,f,+2.5,-1,4,4,4.5,f,+2.5,-1
pi,pi,30,92,101859.112208,1.124114e-01,2,2,2.5,f,+1.5,-1,4,4,4.5,f,+1.5,-1
pi,pi,29,91,101859.112213,1.498818e-01,2,2,2.5,f,+0.5,-1,4,4,4.5,f,+0.5,-1
pi,pi,28,90,101859.112218,1.498817e-01,2,2,2.5,f,-0.5,-1,4,4,4.5,f,-0.5,-1
pi,pi,27,89,101859.112224,1.124112e-01,2,2,2.5,f,-1.5,-1,4,4,4.5,f,-1.5,-1
pi,pi,26,88,101859.112229,5.245856e-02,2,2,2.5,f,-2.5,-1,4,4,4.5,f,-2.5,-1
pi,pi,31,74,101863.547667,1.501324e-02,2,2,2.5,f,+2.5,-1,4,4,3.5,f,+2.5,-1
pi,pi,30,73,101863.547671,9.007953e-03,2,2,2.5,f,+1.5,-1,4,4,3.5,f,+1.5,-1
pi,pi,29,72,101863.547674,1.201062e-03,2,2,2.5,f,+0.5,-1,4,4,3.5,f,+0.5,-1
pi,pi,28,71,101863.547677,1.201063e-03,2,2,2.5,f,-0.5,-1,4,4,3.5,f,-0.5,-1
pi,pi,27,70,101863.547681,9.007984e-03,2,2,2.5,f,-1.5,-1,4,4,3.5,f,-1.5,-1
pi,pi,26,69,101863.547684,1.501332e-02,2,2,2.5,f,-2.5,-1,4,4,3.5,f,-2.5,-1
pi,pi,37,103,130909.873134,1.000650e-02,3,3,2.5,e,+2.5,-1,5,5,4.5,e,+2.5,-1
pi,pi,36,102,130909.873138,2.144250e-02,3,3,2.5,e,+1.5,-1,5,5,4.5,e,+1.5,-1
pi,pi,35,101,130909.873142,2.859000e-02,3,3,2.5,e,+0.5,-1,5,5,4.5,e,+0.5,-1
pi,pi,34,100,130909.873146,2.859001e-02,3,3,2.5,e,-0.5,-1,5,5,4.5,e,-0.5,-1
pi,pi,33,99,130909.873150,2.144251e-02,3,3,2.5,e,-1.5,-1,5,5,4.5,e,-1.5,-1
pi,pi,32,98,130909.873154,1.000651e-02,3,3,2.5,e,-2.5,-1,5,5,4.5,e,-2.5,-1
pi,pi,51,125,130912.091862,6.945880e-03,3,3,3.5,e,+3.5,-1,5,5,5.5,e,+3.5,-1
pi,pi,50,124,130912.091864,1.620705e-02,3,3,3.5,e,+2.5,-1,5,5,5.5,e,+2.5,-1
pi,pi,49,123,130912.091867,2.431057e-02,3,3,3.5,e,+1.5,-1,5,5,5.5,e,+1.5,-1
pi,pi,48,122,130912.091869,2.894115e-02,3,3,3.5,e,+0.5,-1,5,5,5.5,e,+0.5,-1
pi,pi,47,121,130912.091871,2.894114e-02,3,3,3.5,e,-0.5,-1,5,5,5.5,e,-0.5,-1
pi,pi,46,120,130912.091874,2.431055e-02,3,3,3.5,e,-1.5,-1,5,5,5.5,e,-1.5,-1
pi,pi,45,119,130912.091876,1.620703e-02,3,3,3.5,e,-2.5,-1,5,5,5.5,e,-2.5,-1
pi,pi,44,118,130912.091878,6.945869e-03,3,3,3.5,e,-3.5,-1,5,5,5.5,e,-3.5,-1
pi,pi,11,65,130914.828498,4.640593e-11,1,1,1.5,f,+1.5,+1,4,4,3.5,e,+1.5,+1
pi,pi,10,64,130914.828512,8.353093e-11,1,1,1.5,f,+0.5,+1,4,4,3.5,e,+0.5,+1
pi,pi,9,63,130914.828527,8.353118e-11,1,1,1.5,f,-0.5,+1,4,4,3.5,e,-0.5,+1
pi,pi,8,62,130914.828542,4.640635e-11,1,1,1.5,f,-1.5,+1,4,4,3.5,e,-1.5,+1
pi,pi,51,104,130915.669325,1.537631e-03,3,3,3.5,e,+3.5,-1,5,5,4.5,e,+3.5,-1
pi,pi,50,103,130915.669326,1.372885e-03,3,3,3.5,e,+2.5,-1,5,5,4.5,e,+2.5,-1
pi,pi,49,102,130915.669327,6.354497e-04,3,3,3.5,e,+1.5,-1,5,5,4.5,e,+1.5,-1
pi,pi,48,101,130915.669327,7.845035e-05,3,3,3.5,e,+0.5,-1,5,5,4.5,e,+0.5,-1
pi,pi,47,100,130915.669328,7.845130e-05,3,3,3.5,e,-0.5,-1,5,5,4.5,e,-0.5,-1
pi,pi,46,99,130915.669329,6.354537e-04,3,3,3.5,e,-1.5,-1,5,5,4.5,e,-1.5,-1
pi,pi,45,98,130915.669330,1.372894e-03,3,3,3.5,e,-2.5,-1,5,5,4.5,e,-2.5,-1
pi,pi,44,97,130915.669331,1.537642e-03,3,3,3.5,e,-3.5,-1,5,5,4.5,e,-3.5,-1
pi,pi,43,113,130957.483134,5.666084e-02,3,3,2.5,f,+2.5,+1,5,5,4.5,f,+2.5,+1
pi,pi,42,112,130957.483138,1.214161e-01,3,3,2.5,f,+1.5,+1,5,5,4.5,f,+1.5,+1
pi,pi,41,111,130957.483142,1.618882e-01,3,3,2.5,f,+0.5,+1,5,5,4.5,f,+0.5,+1
pi,pi,40,110,130957.483146,1.618882e-01,3,3,2.5,f,-0.5,+1,5,5,4.5,f,-0.5,+1
pi,pi,39,109,130957.483150,1.214162e-01,3,3,2.5,f,-1.5,+1,5,5,4.5,f,-1.5,+1
pi,pi,38,108,130957.483154,5.666089e-02,3,3,2.5,f,-2.5,+1,5,5,4.5,f,-2.5,+1
pi,pi,59,137,130959.701862,3.933305e-02,3,3,3.5,f,+3.5,+1,5,5,5.5,f,+3.5,+1
pi,pi,58,136,130959.701864,9.177710e-02,3,3,3.5,f,+2.5,+1,5,5,5.5,f,+2.5,+1
pi,pi,57,135,130959.701867,1.376656e-01,3,3,3.5,f,+1.5,+1,5,5,5.5,f,+1.5,+1
pi,pi,56,134,130959.701869,1.638876e-01,3,3,3.5,f,+0.5,+1,5,5,5.5,f,+0.5,+1
pi,pi,55,133,130959.701871,1.638876e-01,3,3,3.5,f,-0.5,+1,5,5,5.5,f,-0.5,+1
pi,pi,54,132,130959.701874,1.376655e-01,3,3,3.5,f,-1.5,+1,5,5,5.5,f,-1.5,+1
pi,pi,53,131,130959.701876,9.177700e-02,3,3,3.5,f,-2.5,+1,5,5,5.5,f,-2.5,+1
pi,pi,52,130,130959.701878,3.933299e-02,3,3,3.5,f,-3.5,+1,5,5,5.5,f,-3.5,+1
pi,pi,59,114,130963.279324,8.754995e-03,3,3,3.5,f,+3.5,+1,5,5,4.5,f,+3.5,+1
pi,pi,58,113,130963.279325,7.816964e-03,3,3,3.5,f,+2.5,+1,5,5,4.5,f,+2.5,+1
pi,pi,57,112,130963.279326,3.618138e-03,3,3,3.5,f,+1.5,+1,5,5,4.5,f,+1.5,+1
pi,pi,56,111,130963.279327,4.466827e-04,3,3,3.5,f,+0.5,+1,5,5,4.5,f,+0.5,+1
pi,pi,55,110,130963.279328,4.466870e-04,3,3,3.5,f,-0.5,+1,5,5,4.5,f,-0.5,+1
pi,pi,54,109,130963.279329,3.618157e-03,3,3,3.5,f,-1.5,+1,5,5,4.5,f,-1.5,+1
pi,pi,53,108,130963.279330,7.817008e-03,3,3,3.5,f,-2.5,+1,5,5,4.5,f,-2.5,+1
pi,pi,52,107,130963.279331,8.755053e-03,3,3,3.5,f,-3.5,+1,5,5,4.5,f,-3.5,+1
pi,pi,7,73,130973.018492,4.512554e-09,1,1,1.5,e,+1.5,-1,4,4,3.5,f,+1.5,-1
pi,pi,6,72,130973.018508,8.122620e-09,1,1,1.5,e,+0.5,-1,4,4,3.5,f,+0.5,-1
pi,pi,5,71,130973.018523,8.122642e-09,1,1,1.5,e,-0.5,-1,4,4,3.5,f,-0.5,-1
pi,pi,4,70,130973.018539,4.512592e-09,1,1,1.5,e,-1.5,-1,4,4,3.5,f,-1.5,-1
pi,pi,31,103,174538.286374,8.663862e-11,2,2,2.5,f,+2.5,-1,5,5,4.5,e,+2.5,-1
pi,pi,30,102,174538.286378,1.856544e-10,2,2,2.5,f,+1.5,-1,5,5,4.5,e,+1.5,-1
pi,pi,29,101,174538.286382,2.475396e-10,2,2,2.5,f,+0.5,-1,5,5,4.5,e,+0.5,-1
pi,pi,28,100,174538.286386,2.475400e-10,2,2,2.5,f,-0.5,-1,5,5,4.5,e,-0.5,-1
pi,pi,27,99,174538.286390,1.856553e-10,2,2,2.5,f,-1.5,-1,5,5,4.5,e,-1.5,-1
pi,pi,26,98,174538.286394,8.663924e-11,2,2,2.5,f,-2.5,-1,5,5,4.5,e,-2.5,-1
pi,pi,25,113,174633.506366,1.491785e-09,2,2,2.5,e,+2.5,+1,5,5,4.5,f,+2.5,+1
pi,pi,24,112,174633.506372,3.196687e-09,2,2,2.5,e,+1.5,+1,5,5,4.5,f,+1.5,+1
pi,pi,23,111,174633.506377,4.262256e-09,2,2,2.5,e,+0.5,+1,5,5,4.5,f,+0.5,+1
pi,pi,22,110,174633.506382,4.262261e-09,2,2,2.5,e,-0.5,+1,5,5,4.5,f,-0.5,+1
pi,pi,21,109,174633.506387,3.196700e-09,2,2,2.5,e,-1.5,+1,5,5,4.5,f,-1.5,+1
pi,pi,20,108,174633.506392,1.491796e-09,2,2,2.5,e,-2.5,+1,5,5,4.5,f,-2.5,+1
