eps1,eps2,i,j,freq_MHz,strength,a_J,a_F1,a_F,a_ef,a_mF,a_parity,b_J,b_F1,b_F,b_ef,b_mF,b_parity
sigma+,sigma-,106,20,-174633.531276,1.350329e-08,5,5,4.5,f,-4.5,+1,2,2,2.5,e,-2.5,+1
sigma+,sigma-,107,21,-174633.505743,7.450100e-09,5,5,4.5,f,-3.5,+1,2,2,2.5,e,-1.5,+1
sigma+,sigma-,108,22,-174633.480137,3.699460e-09,5,5,4.5,f,-2.5,+1,2,2,2.5,e,-0.5,+1
sigma+,sigma-,109,23,-174633.454462,1.574630e-09,5,5,4.5,f,-1.5,+1,2,2,2.5,e,+0.5,+1
sigma+,sigma-,110,24,-174633.428716,5.212966e-10,5,5,4.5,f,-0.5,+1,2,2,2.5,e,+1.5,+1
sigma+,sigma-,111,25,-174633.402901,1.035507e-10,5,5,4.5,f,+0.5,+1,2,2,2.5,e,+2.5,+1
sigma+,sigma-,107,12,-174625.224827,2.028632e-12,5,5,4.5,f,-3.5,+1,2,2,1.5,e,-1.5,+1
sigma+,sigma-,108,13,-174625.166426,1.516113e-12,5,5,4.5,f,-2.5,+1,2,2,1.5,e,-0.5,+1
sigma+,sigma-,96,26,-174538.291407,7.844744e-10,5,5,4.5,e,-4.5,-1,2,2,2.5,f,-2.5,-1
sigma+,sigma-,97,27,-174538.271309,4.326434e-10,5,5,4.5,e,-3.5,-1,2,2,2.5,f,-1.5,-1
sigma+,sigma-,98,28,-174538.251143,2.147501e-10,5,5,4.5,e,-2.5,-1,2,2,2.5,f,-0.5,-1
sigma+,sigma-,99,29,-174538.230910,9.136909e-11,5,5,4.5,e,-1.5,-1,2,2,2.5,f,+0.5,-1
sigma+,sigma-,100,30,-174538.210610,3.023637e-11,5,5,4.5,e,-0.5,-1,2,2,2.5,f,+1.5,-1
sigma+,sigma-,101,31,-174538.190244,6.003718e-12,5,5,4.5,e,+0.5,-1,2,2,2.5,f,+2.5,-1
sigma+,sigma-,68,4,-130973.084346,2.385791e-08,4,4,3.5,f,-3.5,-1,1,1,1.5,e,-1.5,-1
sigma+,sigma-,69,5,-130973.005961,1.008093e-08,4,4,3.5,f,-2.5,-1,1,1,1.5,e,-0.5,-1
sigma+,sigma-,70,6,-130972.927039,3.313356e-09,4,4,3.5,f,-1.5,-1,1,1,1.5,e,+0.5,-1
sigma+,sigma-,71,7,-130972.847593,6.534750e-10,4,4,3.5,f,-0.5,-1,1,1,1.5,e,+1.5,-1
sigma+,sigma-,87,4,-130968.681235,1.129569e-12,4,4,4.5,f,-3.5,-1,1,1,1.5,e,-1.5,-1
sigma+,sigma-,106,53,-130963.252920,1.137119e-02,5,5,4.5,f,-4.5,+1,3,3,3.5,f,-2.5,+1
sigma+,sigma-,107,54,-130963.247841,1.510240e-02,5,5,4.5,f,-3.5,+1,3,3,3.5,f,-1.5,+1
sigma+,sigma-,108,55,-130963.242736,1.410356e-02,5,5,4.5,f,-2.5,+1,3,3,3.5,f,-0.5,+1
sigma+,sigma-,109,56,-130963.237606,1.070411e-02,5,5,4.5,f,-1.5,+1,3,3,3.5,f,+0.5,+1
sigma+,sigma-,110,57,-130963.232451,6.664401e-03,5,5,4.5,f,-0.5,+1,3,3,3.5,f,+1.5,+1
sigma+,sigma-,111,58,-130963.227270,3.186711e-03,5,5,4.5,f,+0.5,+1,3,3,3.5,f,+2.5,+1
sigma+,sigma-,112,59,-130963.222065,9.259321e-04,5,5,4.5,f,+1.5,+1,3,3,3.5,f,+3.5,+1
sigma+,sigma-,128,52,-130959.716907,5.408280e-01,5,5,5.5,f,-5.5,+1,3,3,3.5,f,-3.5,+1
sigma+,sigma-,129,53,-130959.705175,3.445313e-01,5,5,5.5,f,-4.5,+1,3,3,3.5,f,-2.5,+1
sigma+,sigma-,130,54,-130959.693431,2.069384e-01,5,5,5.5,f,-3.5,+1,3,3,3.5,f,-1.5,+1
sigma+,sigma-,131,55,-130959.681673,1.150871e-01,5,5,5.5,f,-2.5,+1,3,3,3.5,f,-0.5,+1
sigma+,sigma-,132,56,-130959.669902,5.760385e-02,5,5,5.5,f,-1.5,+1,3,3,3.5,f,+0.5,+1
sigma+,sigma-,133,57,-130959.658117,2.471307e-02,5,5,5.5,f,-0.5,+1,3,3,3.5,f,+1.5,+1
sigma+,sigma-,134,58,-130959.646320,8.246214e-03,5,5,5.5,f,+0.5,+1,3,3,3.5,f,+2.5,+1
sigma+,sigma-,135,59,-130959.634511,1.650938e-03,5,5,5.5,f,+1.5,+1,3,3,3.5,f,+3.5,+1
sigma+,sigma-,69,0,-130958.019933,4.365836e-12,4,4,3.5,f,-2.5,-1,1,1,0.5,e,-0.5,-1
sigma+,sigma-,70,1,-130957.815781,1.442712e-12,4,4,3.5,f,-1.5,-1,1,1,0.5,e,+0.5,-1
sigma+,sigma-,106,38,-130957.493971,5.094631e-01,5,5,4.5,f,-4.5,+1,3,3,2.5,f,-2.5,+1
sigma+,sigma-,107,39,-130957.473874,2.827678e-01,5,5,4.5,f,-3.5,+1,3,3,2.5,f,-1.5,+1
sigma+,sigma-,108,40,-130957.453791,1.412513e-01,5,5,4.5,f,-2.5,+1,3,3,2.5,f,-0.5,+1
sigma+,sigma-,109,41,-130957.433721,6.047986e-02,5,5,4.5,f,-1.5,+1,3,3,2.5,f,+0.5,+1
sigma+,sigma-,110,42,-130957.413664,2.014130e-02,5,5,4.5,f,-0.5,+1,3,3,2.5,f,+1.5,+1
sigma+,sigma-,111,43,-130957.393620,4.024557e-03,5,5,4.5,f,+0.5,+1,3,3,2.5,f,+2.5,+1
sigma+,sigma-,129,38,-130953.946226,5.781531e-08,5,5,5.5,f,-4.5,+1,3,3,2.5,f,-2.5,+1
sigma+,sigma-,130,39,-130953.919464,5.777489e-08,5,5,5.5,f,-3.5,+1,3,3,2.5,f,-1.5,+1
sigma+,sigma-,131,40,-130953.892727,3.848851e-08,5,5,5.5,f,-2.5,+1,3,3,2.5,f,-0.5,+1
sigma+,sigma-,132,41,-130953.866016,1.922967e-08,5,5,5.5,f,-1.5,+1,3,3,2.5,f,+0.5,+1
sigma+,sigma-,133,42,-130953.839331,6.862335e-09,5,5,5.5,f,-0.5,+1,3,3,2.5,f,+1.5,+1
sigma+,sigma-,134,43,-130953.812671,1.371349e-09,5,5,5.5,f,+0.5,+1,3,3,2.5,f,+2.5,+1
sigma+,sigma-,96,45,-130915.634972,1.996679e-03,5,5,4.5,e,-4.5,-1,3,3,3.5,e,-2.5,-1
sigma+,sigma-,97,46,-130915.630574,2.651481e-03,5,5,4.5,e,-3.5,-1,3,3,3.5,e,-1.5,-1
sigma+,sigma-,98,47,-130915.626148,2.475782e-03,5,5,4.5,e,-2.5,-1,3,3,3.5,e,-0.5,-1
sigma+,sigma-,99,48,-130915.621692,1.878782e-03,5,5,4.5,e,-1.5,-1,3,3,3.5,e,+0.5,-1
sigma+,sigma-,100,49,-130915.617208,1.169581e-03,5,5,4.5,e,-0.5,-1,3,3,3.5,e,+1.5,-1
sigma+,sigma-,101,50,-130915.612696,5.591859e-04,5,5,4.5,e,+0.5,-1,3,3,3.5,e,+2.5,-1
sigma+,sigma-,102,51,-130915.608155,1.624568e-04,5,5,4.5,e,+1.5,-1,3,3,3.5,e,+3.5,-1
sigma+,sigma-,60,8,-130914.880290,2.454663e-10,4,4,3.5,e,-3.5,+1,1,1,1.5,f,-1.5,+1
sigma+,sigma-,61,9,-130914.807008,1.036009e-10,4,4,3.5,e,-2.5,+1,1,1,1.5,f,-0.5,+1
sigma+,sigma-,62,10,-130914.733204,3.401190e-11,4,4,3.5,e,-1.5,+1,1,1,1.5,f,+0.5,+1
sigma+,sigma-,63,11,-130914.658890,6.700197e-12,4,4,3.5,e,-0.5,+1,1,1,1.5,f,+1.5,+1
sigma+,sigma-,116,44,-130912.101152,9.550592e-02,5,5,5.5,e,-5.5,-1,3,3,3.5,e,-3.5,-1
sigma+,sigma-,117,45,-130912.089572,6.084700e-02,5,5,5.5,e,-4.5,-1,3,3,3.5,e,-2.5,-1
sigma+,sigma-,118,46,-130912.077977,3.655025e-02,5,5,5.5,e,-3.5,-1,3,3,3.5,e,-1.5,-1
sigma+,sigma-,119,47,-130912.066367,2.032892e-02,5,5,5.5,e,-2.5,-1,3,3,3.5,e,-0.5,-1
sigma+,sigma-,120,48,-130912.054744,1.017600e-02,5,5,5.5,e,-1.5,-1,3,3,3.5,e,+0.5,-1
sigma+,sigma-,121,49,-130912.043106,4.366063e-03,5,5,5.5,e,-0.5,-1,3,3,3.5,e,+1.5,-1
sigma+,sigma-,122,50,-130912.031454,1.456984e-03,5,5,5.5,e,+0.5,-1,3,3,3.5,e,+2.5,-1
sigma+,sigma-,123,51,-130912.019789,2.917209e-04,5,5,5.5,e,+1.5,-1,3,3,3.5,e,+3.5,-1
sigma+,sigma-,96,32,-130909.878065,8.996882e-02,5,5,4.5,e,-4.5,-1,3,3,2.5,e,-2.5,-1
sigma+,sigma-,97,33,-130909.857819,4.993352e-02,5,5,4.5,e,-3.5,-1,3,3,2.5,e,-1.5,-1
sigma+,sigma-,98,34,-130909.837587,2.494238e-02,5,5,4.5,e,-2.5,-1,3,3,2.5,e,-0.5,-1
sigma+,sigma-,99,35,-130909.817370,1.067923e-02,5,5,4.5,e,-1.5,-1,3,3,2.5,e,+0.5,-1
sigma+,sigma-,100,36,-130909.797167,3.556319e-03,5,5,4.5,e,-0.5,-1,3,3,2.5,e,+1.5,-1
sigma+,sigma-,101,37,-130909.776978,7.105844e-04,5,5,4.5,e,+0.5,-1,3,3,2.5,e,+2.5,-1
sigma+,sigma-,117,32,-130906.332665,1.634669e-08,5,5,5.5,e,-4.5,-1,3,3,2.5,e,-2.5,-1
sigma+,sigma-,118,33,-130906.305221,1.631251e-08,5,5,5.5,e,-3.5,-1,3,3,2.5,e,-1.5,-1
sigma+,sigma-,119,34,-130906.277807,1.085209e-08,5,5,5.5,e,-2.5,-1,3,3,2.5,e,-0.5,-1
sigma+,sigma-,120,35,-130906.250422,5.414524e-09,5,5,5.5,e,-1.5,-1,3,3,2.5,e,+0.5,-1
sigma+,sigma-,121,36,-130906.223065,1.929622e-09,5,5,5.5,e,-0.5,-1,3,3,2.5,e,+1.5,-1
sigma+,sigma-,122,37,-130906.195737,3.850930e-10,5,5,5.5,e,+0.5,-1,3,3,2.5,e,+2.5,-1
sigma+,sigma-,68,27,-101863.520352,2.129689e-02,4,4,3.5,f,-3.5,-1,2,2,2.5,f,-1.5,-1
sigma+,sigma-,69,28,-101863.503686,2.419413e-02,4,4,3.5,f,-2.5,-1,2,2,2.5,f,-0.5,-1
sigma+,sigma-,70,29,-101863.486950,1.803821e-02,4,4,3.5,f,-1.5,-1,2,2,2.5,f,+0.5,-1
sigma+,sigma-,71,30,-101863.470145,9.563874e-03,4,4,3.5,f,-0.5,-1,2,2,2.5,f,+1.5,-1
sigma+,sigma-,72,31,-101863.453272,2.971290e-03,4,4,3.5,f,+0.5,-1,2,2,2.5,f,+2.5,-1
sigma+,sigma-,86,26,-101859.143180,4.721257e-01,4,4,4.5,f,-4.5,-1,2,2,2.5,f,-2.5,-1
sigma+,sigma-,87,27,-101859.117241,2.627351e-01,4,4,4.5,f,-3.5,-1,2,2,2.5,f,-1.5,-1
sigma+,sigma-,88,28,-101859.091252,1.315876e-01,4,4,4.5,f,-2.5,-1,2,2,2.5,f,-0.5,-1
sigma+,sigma-,89,29,-101859.065213,5.648841e-02,4,4,4.5,f,-1.5,-1,2,2,2.5,f,+0.5,-1
sigma+,sigma-,90,30,-101859.039124,1.886052e-02,4,4,4.5,f,-0.5,-1,2,2,2.5,f,+1.5,-1
sigma+,sigma-,91,31,-101859.012986,3.778273e-03,4,4,4.5,f,+0.5,-1,2,2,2.5,f,+2.5,-1
sigma+,sigma-,68,16,-101855.237728,4.242338e-01,4,4,3.5,f,-3.5,-1,2,2,1.5,f,-1.5,-1
sigma+,sigma-,69,17,-101855.189426,1.815077e-01,4,4,3.5,f,-2.5,-1,2,2,1.5,f,-0.5,-1
sigma+,sigma-,70,18,-101855.141175,6.040146e-02,4,4,3.5,f,-1.5,-1,2,2,1.5,f,+0.5,-1
sigma+,sigma-,71,19,-101855.092973,1.206030e-02,4,4,3.5,f,-0.5,-1,2,2,1.5,f,+1.5,-1
sigma+,sigma-,87,16,-101850.834617,1.216110e-10,4,4,4.5,f,-3.5,-1,2,2,1.5,f,-1.5,-1
sigma+,sigma-,88,17,-101850.776992,6.526845e-11,4,4,4.5,f,-2.5,-1,2,2,1.5,f,-0.5,-1
sigma+,sigma-,89,18,-101850.719437,1.885615e-11,4,4,4.5,f,-1.5,-1,2,2,1.5,f,+0.5,-1
sigma+,sigma-,90,19,-101850.661951,2.587439e-12,4,4,4.5,f,-0.5,-1,2,2,1.5,f,+1.5,-1
sigma+,sigma-,60,21,-101826.482630,3.739850e-03,4,4,3.5,e,-3.5,+1,2,2,2.5,e,-1.5,+1
sigma+,sigma-,61,22,-101826.466868,4.248064e-03,4,4,3.5,e,-2.5,+1,2,2,2.5,e,-0.5,+1
sigma+,sigma-,62,23,-101826.451030,3.166787e-03,4,4,3.5,e,-1.5,+1,2,2,2.5,e,+0.5,+1
sigma+,sigma-,63,24,-101826.435117,1.678824e-03,4,4,3.5,e,-0.5,+1,2,2,2.5,e,+1.5,+1
sigma+,sigma-,64,25,-101826.419130,5.215113e-04,4,4,3.5,e,+0.5,+1,2,2,2.5,e,+2.5,+1
sigma+,sigma-,76,20,-101822.107425,8.337948e-02,4,4,4.5,e,-4.5,+1,2,2,2.5,e,-2.5,+1
sigma+,sigma-,77,21,-101822.081746,4.640603e-02,4,4,4.5,e,-3.5,+1,2,2,2.5,e,-1.5,+1
sigma+,sigma-,78,22,-101822.056013,2.324478e-02,4,4,4.5,e,-2.5,+1,2,2,2.5,e,-0.5,+1
sigma+,sigma-,79,23,-101822.030227,9.979828e-03,4,4,4.5,e,-1.5,+1,2,2,2.5,e,+0.5,+1
sigma+,sigma-,80,24,-101822.004388,3.332497e-03,4,4,4.5,e,-0.5,+1,2,2,2.5,e,+1.5,+1
sigma+,sigma-,81,25,-101821.978497,6.676689e-04,4,4,4.5,e,+0.5,+1,2,2,2.5,e,+2.5,+1
sigma+,sigma-,60,12,-101818.201715,7.492921e-02,4,4,3.5,e,-3.5,+1,2,2,1.5,e,-1.5,+1
sigma+,sigma-,61,13,-101818.153157,3.205712e-02,4,4,3.5,e,-2.5,+1,2,2,1.5,e,-0.5,+1
sigma+,sigma-,62,14,-101818.104653,1.066746e-02,4,4,3.5,e,-1.5,+1,2,2,1.5,e,+0.5,+1
sigma+,sigma-,63,15,-101818.056201,2.129884e-03,4,4,3.5,e,-0.5,+1,2,2,1.5,e,+1.5,+1
sigma+,sigma-,77,12,-101813.800831,4.537250e-10,4,4,4.5,e,-3.5,+1,2,2,1.5,e,-1.5,+1
sigma+,sigma-,78,13,-101813.742302,3.607000e-10,4,4,4.5,e,-2.5,+1,2,2,1.5,e,-0.5,+1
sigma+,sigma-,79,14,-101813.683849,1.634067e-10,4,4,4.5,e,-1.5,+1,2,2,1.5,e,+0.5,+1
sigma+,sigma-,80,15,-101813.625472,3.828726e-11,4,4,4.5,e,-0.5,+1,2,2,1.5,e,+1.5,+1
sigma+,sigma-,113,85,-72811.385228,3.017864e-03,5,5,4.5,f,+2.5,+1,4,4,4.5,e,+4.5,+1
sigma+,sigma-,112,84,-72811.385208,7.069447e-03,5,5,4.5,f,+1.5,+1,4,4,4.5,e,+3.5,+1
sigma+,sigma-,111,83,-72811.385171,1.064618e-02,5,5,4.5,f,+0.5,+1,4,4,4.5,e,+2.5,+1
sigma+,sigma-,110,82,-72811.385117,1.272447e-02,5,5,4.5,f,-0.5,+1,4,4,4.5,e,+1.5,+1
sigma+,sigma-,109,81,-72811.385046,1.277537e-02,5,5,4.5,f,-1.5,+1,4,4,4.5,e,+0.5,+1
sigma+,sigma-,108,80,-72811.384958,1.077444e-02,5,5,4.5,f,-2.5,+1,4,4,4.5,e,-0.5,+1
sigma+,sigma-,107,79,-72811.384852,7.211968e-03,5,5,4.5,f,-3.5,+1,4,4,4.5,e,-1.5,+1
sigma+,sigma-,106,78,-72811.384729,3.103387e-03,5,5,4.5,f,-4.5,+1,4,4,4.5,e,-2.5,+1
sigma+,sigma-,128,77,-72807.843523,1.491447e-01,5,5,5.5,f,-5.5,+1,4,4,4.5,e,-3.5,+1
sigma+,sigma-,129,78,-72807.836985,2.171527e-01,5,5,5.5,f,-4.5,+1,4,4,4.5,e,-2.5,+1
sigma+,sigma-,130,79,-72807.830442,2.282349e-01,5,5,5.5,f,-3.5,+1,4,4,4.5,e,-1.5,+1
sigma+,sigma-,131,80,-72807.823894,2.030740e-01,5,5,5.5,f,-2.5,+1,4,4,4.5,e,-0.5,+1
sigma+,sigma-,132,81,-72807.817341,1.588057e-01,5,5,5.5,f,-1.5,+1,4,4,4.5,e,+0.5,+1
sigma+,sigma-,133,82,-72807.810783,1.090005e-01,5,5,5.5,f,-0.5,+1,4,4,4.5,e,+1.5,+1
sigma+,sigma-,134,83,-72807.804221,6.364464e-02,5,5,5.5,f,+0.5,+1,4,4,4.5,e,+2.5,+1
sigma+,sigma-,135,84,-72807.797654,2.912243e-02,5,5,5.5,f,+1.5,+1,4,4,4.5,e,+3.5,+1
sigma+,sigma-,136,85,-72807.791082,8.198442e-03,5,5,5.5,f,+2.5,+1,4,4,4.5,e,+4.5,+1
sigma+,sigma-,106,61,-72806.973874,1.712657e-01,5,5,4.5,f,-4.5,+1,4,4,3.5,e,-2.5,+1
sigma+,sigma-,107,62,-72806.964049,2.281894e-01,5,5,4.5,f,-3.5,+1,4,4,3.5,e,-1.5,+1
sigma+,sigma-,108,63,-72806.954228,2.137741e-01,5,5,4.5,f,-2.5,+1,4,4,3.5,e,-0.5,+1
sigma+,sigma-,109,64,-72806.944413,1.627594e-01,5,5,4.5,f,-1.5,+1,4,4,3.5,e,+0.5,+1
sigma+,sigma-,110,65,-72806.934602,1.016525e-01,5,5,4.5,f,-0.5,+1,4,4,3.5,e,+1.5,+1
sigma+,sigma-,111,66,-72806.924796,4.875881e-02,5,5,4.5,f,+0.5,+1,4,4,3.5,e,+2.5,+1
sigma+,sigma-,112,67,-72806.914995,1.421135e-02,5,5,4.5,f,+1.5,+1,4,4,3.5,e,+3.5,+1
sigma+,sigma-,128,60,-72803.442639,1.904732e-02,5,5,5.5,f,-5.5,+1,4,4,3.5,e,-3.5,+1
sigma+,sigma-,129,61,-72803.426130,1.206750e-02,5,5,5.5,f,-4.5,+1,4,4,3.5,e,-2.5,+1
sigma+,sigma-,130,62,-72803.409638,7.208601e-03,5,5,5.5,f,-3.5,+1,4,4,3.5,e,-1.5,+1
sigma+,sigma-,131,63,-72803.393164,3.987175e-03,5,5,5.5,f,-2.5,+1,4,4,3.5,e,-0.5,+1
sigma+,sigma-,132,64,-72803.376708,1.984845e-03,5,5,5.5,f,-1.5,+1,4,4,3.5,e,+0.5,+1
sigma+,sigma-,133,65,-72803.360268,8.469258e-04,5,5,5.5,f,-0.5,+1,4,4,3.5,e,+1.5,+1
sigma+,sigma-,134,66,-72803.343846,2.810761e-04,5,5,5.5,f,+0.5,+1,4,4,3.5,e,+2.5,+1
sigma+,sigma-,135,67,-72803.327441,5.597037e-05,5,5,5.5,f,+1.5,+1,4,4,3.5,e,+3.5,+1
sigma+,sigma-,38,9,-72764.286912,4.397574e-02,3,3,2.5,f,-2.5,+1,1,1,1.5,f,-0.5,+1
sigma+,sigma-,39,10,-72764.223379,3.474426e-02,3,3,2.5,f,-1.5,+1,1,1,1.5,f,+0.5,+1
sigma+,sigma-,40,11,-72764.159327,1.286986e-02,3,3,2.5,f,-0.5,+1,1,1,1.5,f,+1.5,+1
sigma+,sigma-,52,8,-72758.606022,3.398751e-01,3,3,3.5,f,-3.5,+1,1,1,1.5,f,-1.5,+1
sigma+,sigma-,53,9,-72758.527963,1.461661e-01,3,3,3.5,f,-2.5,+1,1,1,1.5,f,-0.5,+1
sigma+,sigma-,54,10,-72758.449412,4.888928e-02,3,3,3.5,f,-1.5,+1,1,1,1.5,f,+0.5,+1
sigma+,sigma-,55,11,-72758.370381,9.811067e-03,3,3,3.5,f,-0.5,+1,1,1,1.5,f,+1.5,+1
sigma+,sigma-,38,2,-72749.299954,2.631829e-01,3,3,2.5,f,-2.5,+1,1,1,0.5,f,-0.5,+1
sigma+,sigma-,39,3,-72749.113109,5.239288e-02,3,3,2.5,f,-1.5,+1,1,1,0.5,f,+0.5,+1
sigma+,sigma-,53,2,-72743.541005,3.455427e-07,3,3,3.5,f,-2.5,+1,1,1,0.5,f,-0.5,+1
sigma+,sigma-,54,3,-72743.339142,1.112545e-07,3,3,3.5,f,-1.5,+1,1,1,0.5,f,+0.5,+1
sigma+,sigma-,32,5,-72737.829673,7.723470e-03,3,3,2.5,e,-2.5,-1,1,1,1.5,e,-0.5,-1
sigma+,sigma-,33,6,-72737.767514,6.101480e-03,3,3,2.5,e,-1.5,-1,1,1,1.5,e,+0.5,-1
sigma+,sigma-,34,7,-72737.704819,2.259861e-03,3,3,2.5,e,-0.5,-1,1,1,1.5,e,+1.5,-1
sigma+,sigma-,44,4,-72732.150268,6.003322e-02,3,3,3.5,e,-3.5,-1,1,1,1.5,e,-1.5,-1
sigma+,sigma-,45,5,-72732.072766,2.582319e-02,3,3,3.5,e,-2.5,-1,1,1,1.5,e,-0.5,-1
sigma+,sigma-,46,6,-72731.994759,8.639047e-03,3,3,3.5,e,-1.5,-1,1,1,1.5,e,+0.5,-1
sigma+,sigma-,47,7,-72731.916259,1.734025e-03,3,3,3.5,e,-0.5,-1,1,1,1.5,e,+1.5,-1
sigma+,sigma-,32,0,-72722.843645,4.651057e-02,3,3,2.5,e,-2.5,-1,1,1,0.5,e,-0.5,-1
sigma+,sigma-,33,1,-72722.656256,9.258944e-03,3,3,2.5,e,-1.5,-1,1,1,0.5,e,+0.5,-1
sigma+,sigma-,45,0,-72717.086738,5.060996e-08,3,3,3.5,e,-2.5,-1,1,1,0.5,e,-0.5,-1
sigma+,sigma-,46,1,-72716.883500,1.624916e-08,3,3,3.5,e,-1.5,-1,1,1,0.5,e,+0.5,-1
sigma+,sigma-,103,95,-72679.154601,3.546035e-04,5,5,4.5,e,+2.5,-1,4,4,4.5,f,+4.5,-1
sigma+,sigma-,102,94,-72679.148881,8.298695e-04,5,5,4.5,e,+1.5,-1,4,4,4.5,f,+3.5,-1
sigma+,sigma-,101,93,-72679.143144,1.248525e-03,5,5,4.5,e,+0.5,-1,4,4,4.5,f,+2.5,-1
sigma+,sigma-,100,92,-72679.137391,1.490803e-03,5,5,4.5,e,-0.5,-1,4,4,4.5,f,+1.5,-1
sigma+,sigma-,99,91,-72679.131622,1.495302e-03,5,5,4.5,e,-1.5,-1,4,4,4.5,f,+0.5,-1
sigma+,sigma-,98,90,-72679.125835,1.259863e-03,5,5,4.5,e,-2.5,-1,4,4,4.5,f,-0.5,-1
sigma+,sigma-,97,89,-72679.120031,8.424679e-04,5,5,4.5,e,-3.5,-1,4,4,4.5,f,-1.5,-1
sigma+,sigma-,96,88,-72679.114211,3.621632e-04,5,5,4.5,e,-4.5,-1,4,4,4.5,f,-2.5,-1
sigma+,sigma-,116,87,-72675.570185,1.747799e-02,5,5,5.5,e,-5.5,-1,4,4,4.5,f,-3.5,-1
sigma+,sigma-,117,88,-72675.568810,2.544866e-02,5,5,5.5,e,-4.5,-1,4,4,4.5,f,-2.5,-1
sigma+,sigma-,118,89,-72675.567434,2.674838e-02,5,5,5.5,e,-3.5,-1,4,4,4.5,f,-1.5,-1
sigma+,sigma-,119,90,-72675.566055,2.380046e-02,5,5,5.5,e,-2.5,-1,4,4,4.5,f,-0.5,-1
sigma+,sigma-,120,91,-72675.564673,1.861285e-02,5,5,5.5,e,-1.5,-1,4,4,4.5,f,+0.5,-1
sigma+,sigma-,121,92,-72675.563289,1.277587e-02,5,5,5.5,e,-0.5,-1,4,4,4.5,f,+1.5,-1
sigma+,sigma-,122,93,-72675.561903,7.460001e-03,5,5,5.5,e,+0.5,-1,4,4,4.5,f,+2.5,-1
sigma+,sigma-,123,94,-72675.560514,3.413655e-03,5,5,5.5,e,+1.5,-1,4,4,4.5,f,+3.5,-1
sigma+,sigma-,124,95,-72675.559123,9.610327e-04,5,5,5.5,e,+2.5,-1,4,4,4.5,f,+4.5,-1
sigma+,sigma-,96,69,-72674.701777,2.008430e-02,5,5,4.5,e,-4.5,-1,4,4,3.5,f,-2.5,-1
sigma+,sigma-,97,70,-72674.698294,2.676027e-02,5,5,4.5,e,-3.5,-1,4,4,3.5,f,-1.5,-1
sigma+,sigma-,98,71,-72674.694814,2.507026e-02,5,5,4.5,e,-2.5,-1,4,4,3.5,f,-0.5,-1
sigma+,sigma-,99,72,-72674.691336,1.908790e-02,5,5,4.5,e,-1.5,-1,4,4,3.5,f,+0.5,-1
sigma+,sigma-,100,73,-72674.687860,1.192171e-02,5,5,4.5,e,-0.5,-1,4,4,3.5,f,+1.5,-1
sigma+,sigma-,101,74,-72674.684387,5.718499e-03,5,5,4.5,e,+0.5,-1,4,4,3.5,f,+2.5,-1
sigma+,sigma-,102,75,-72674.680917,1.666759e-03,5,5,4.5,e,+1.5,-1,4,4,3.5,f,+3.5,-1
sigma+,sigma-,116,68,-72671.167074,2.230424e-03,5,5,5.5,e,-5.5,-1,4,4,3.5,f,-3.5,-1
sigma+,sigma-,117,69,-72671.156376,1.408939e-03,5,5,5.5,e,-4.5,-1,4,4,3.5,f,-2.5,-1
sigma+,sigma-,118,70,-72671.145696,8.391703e-04,5,5,5.5,e,-3.5,-1,4,4,3.5,f,-1.5,-1
sigma+,sigma-,119,71,-72671.135033,4.627982e-04,5,5,5.5,e,-2.5,-1,4,4,3.5,f,-0.5,-1
sigma+,sigma-,120,72,-72671.124387,2.297116e-04,5,5,5.5,e,-1.5,-1,4,4,3.5,f,+0.5,-1
sigma+,sigma-,121,73,-72671.113758,9.773152e-05,5,5,5.5,e,-0.5,-1,4,4,3.5,f,+1.5,-1
sigma+,sigma-,122,74,-72671.103146,3.234067e-05,5,5,5.5,e,+0.5,-1,4,4,3.5,f,+2.5,-1
sigma+,sigma-,123,75,-72671.092550,6.421281e-06,5,5,5.5,e,+1.5,-1,4,4,3.5,f,+3.5,-1
sigma+,sigma-,68,46,-58240.879618,8.364277e-03,4,4,3.5,f,-3.5,-1,3,3,3.5,e,-1.5,-1
sigma+,sigma-,69,47,-58240.878691,1.783520e-02,4,4,3.5,f,-2.5,-1,3,3,3.5,e,-0.5,-1
sigma+,sigma-,70,48,-58240.877733,2.366384e-02,4,4,3.5,f,-1.5,-1,3,3,3.5,e,+0.5,-1
sigma+,sigma-,71,49,-58240.876744,2.354864e-02,4,4,3.5,f,-0.5,-1,3,3,3.5,e,+1.5,-1
sigma+,sigma-,72,50,-58240.875724,1.757598e-02,4,4,3.5,f,+0.5,-1,3,3,3.5,e,+2.5,-1
sigma+,sigma-,73,51,-58240.874673,8.162638e-03,4,4,3.5,f,+1.5,-1,3,3,3.5,e,+3.5,-1
sigma+,sigma-,86,45,-58236.486745,1.975328e-01,4,4,4.5,f,-4.5,-1,3,3,3.5,e,-2.5,-1
sigma+,sigma-,87,46,-58236.476507,2.637784e-01,4,4,4.5,f,-3.5,-1,3,3,3.5,e,-1.5,-1
sigma+,sigma-,88,47,-58236.466257,2.476661e-01,4,4,4.5,f,-2.5,-1,3,3,3.5,e,-0.5,-1
sigma+,sigma-,89,48,-58236.455995,1.889811e-01,4,4,4.5,f,-1.5,-1,3,3,3.5,e,+0.5,-1
sigma+,sigma-,90,49,-58236.445722,1.182890e-01,4,4,4.5,f,-0.5,-1,3,3,3.5,e,+1.5,-1
sigma+,sigma-,91,50,-58236.435438,5.686258e-02,4,4,4.5,f,+0.5,-1,3,3,3.5,e,+2.5,-1
sigma+,sigma-,92,51,-58236.425142,1.660923e-02,4,4,4.5,f,+1.5,-1,3,3,3.5,e,+3.5,-1
sigma+,sigma-,68,33,-58235.106862,2.291999e-01,4,4,3.5,f,-3.5,-1,3,3,2.5,e,-1.5,-1
sigma+,sigma-,69,34,-58235.090130,2.616719e-01,4,4,3.5,f,-2.5,-1,3,3,2.5,e,-0.5,-1
sigma+,sigma-,70,35,-58235.073411,1.960524e-01,4,4,3.5,f,-1.5,-1,3,3,2.5,e,+0.5,-1
sigma+,sigma-,71,36,-58235.056702,1.044547e-01,4,4,3.5,f,-0.5,-1,3,3,2.5,e,+1.5,-1
sigma+,sigma-,72,37,-58235.040006,3.260904e-02,4,4,3.5,f,+0.5,-1,3,3,2.5,e,+2.5,-1
sigma+,sigma-,86,32,-58230.729838,3.359733e-02,4,4,4.5,f,-4.5,-1,3,3,2.5,e,-2.5,-1
sigma+,sigma-,87,33,-58230.703751,1.857819e-02,4,4,4.5,f,-3.5,-1,3,3,2.5,e,-1.5,-1
sigma+,sigma-,88,34,-58230.677696,9.245906e-03,4,4,4.5,f,-2.5,-1,3,3,2.5,e,-0.5,-1
sigma+,sigma-,89,35,-58230.651673,3.944155e-03,4,4,4.5,f,-1.5,-1,3,3,2.5,e,+0.5,-1
sigma+,sigma-,90,36,-58230.625681,1.308636e-03,4,4,4.5,f,-0.5,-1,3,3,2.5,e,+1.5,-1
sigma+,sigma-,91,37,-58230.599720,2.605195e-04,4,4,4.5,f,+0.5,-1,3,3,2.5,e,+2.5,-1
sigma+,sigma-,65,59,-58156.248117,4.739156e-04,4,4,3.5,e,+1.5,+1,3,3,3.5,f,+3.5,+1
sigma+,sigma-,64,58,-58156.243500,1.019670e-03,4,4,3.5,e,+0.5,+1,3,3,3.5,f,+2.5,+1
sigma+,sigma-,63,57,-58156.238852,1.365129e-03,4,4,3.5,e,-0.5,+1,3,3,3.5,f,+1.5,+1
sigma+,sigma-,62,56,-58156.234175,1.370753e-03,4,4,3.5,e,-1.5,+1,3,3,3.5,f,+0.5,+1
sigma+,sigma-,61,55,-58156.229467,1.032324e-03,4,4,3.5,e,-2.5,+1,3,3,3.5,f,-0.5,+1
sigma+,sigma-,60,54,-58156.224728,4.837590e-04,4,4,3.5,e,-3.5,+1,3,3,3.5,f,-1.5,+1
sigma+,sigma-,76,53,-58151.829068,1.140904e-02,4,4,4.5,e,-4.5,+1,3,3,3.5,f,-2.5,+1
sigma+,sigma-,77,54,-58151.823844,1.523598e-02,4,4,4.5,e,-3.5,+1,3,3,3.5,f,-1.5,+1
sigma+,sigma-,78,55,-58151.818612,1.430601e-02,4,4,4.5,e,-2.5,+1,3,3,3.5,f,-0.5,+1
sigma+,sigma-,79,56,-58151.813371,1.091668e-02,4,4,4.5,e,-1.5,+1,3,3,3.5,f,+0.5,+1
sigma+,sigma-,80,57,-58151.808123,6.833401e-03,4,4,4.5,e,-0.5,+1,3,3,3.5,f,+1.5,+1
sigma+,sigma-,81,58,-58151.802866,3.285028e-03,4,4,4.5,e,+0.5,+1,3,3,3.5,f,+2.5,+1
sigma+,sigma-,82,59,-58151.797602,9.595810e-04,4,4,4.5,e,+1.5,+1,3,3,3.5,f,+3.5,+1
sigma+,sigma-,60,39,-58150.450762,1.325401e-02,4,4,3.5,e,-3.5,+1,3,3,2.5,f,-1.5,+1
sigma+,sigma-,61,40,-58150.440522,1.513208e-02,4,4,3.5,e,-2.5,+1,3,3,2.5,f,-0.5,+1
sigma+,sigma-,62,41,-58150.430290,1.133763e-02,4,4,3.5,e,-1.5,+1,3,3,2.5,f,+0.5,+1
sigma+,sigma-,63,42,-58150.420066,6.040689e-03,4,4,3.5,e,-0.5,+1,3,3,2.5,f,+1.5,+1
sigma+,sigma-,64,43,-58150.409850,1.885840e-03,4,4,3.5,e,+0.5,+1,3,3,2.5,f,+2.5,+1
sigma+,sigma-,76,38,-58146.070119,1.940774e-03,4,4,4.5,e,-4.5,+1,3,3,2.5,f,-2.5,+1
sigma+,sigma-,77,39,-58146.049878,1.070688e-03,4,4,4.5,e,-3.5,+1,3,3,2.5,f,-1.5,+1
sigma+,sigma-,78,40,-58146.029666,5.316212e-04,4,4,4.5,e,-2.5,+1,3,3,2.5,f,-0.5,+1
sigma+,sigma-,79,41,-58146.009486,2.262578e-04,4,4,4.5,e,-1.5,+1,3,3,2.5,f,+0.5,+1
sigma+,sigma-,80,42,-58145.989336,7.489779e-05,4,4,4.5,e,-0.5,+1,3,3,2.5,f,+1.5,+1
sigma+,sigma-,81,43,-58145.969216,1.487628e-05,4,4,4.5,e,+0.5,+1,3,3,2.5,f,+2.5,+1
sigma+,sigma-,38,22,-43675.946771,3.066511e-02,3,3,2.5,f,-2.5,+1,2,2,2.5,e,-0.5,+1
sigma+,sigma-,39,23,-43675.941205,5.480868e-02,3,3,2.5,f,-1.5,+1,2,2,2.5,e,+0.5,+1
sigma+,sigma-,40,24,-43675.935555,5.442584e-02,3,3,2.5,f,-0.5,+1,2,2,2.5,e,+1.5,+1
sigma+,sigma-,41,25,-43675.929822,3.002698e-02,3,3,2.5,f,+0.5,+1,2,2,2.5,e,+2.5,+1
sigma+,sigma-,52,21,-43670.208362,2.817073e-01,3,3,3.5,f,-3.5,+1,2,2,2.5,e,-1.5,+1
sigma+,sigma-,53,22,-43670.187822,3.229054e-01,3,3,3.5,f,-2.5,+1,2,2,2.5,e,-0.5,+1
sigma+,sigma-,54,23,-43670.167238,2.428891e-01,3,3,3.5,f,-1.5,+1,2,2,2.5,e,+0.5,+1
sigma+,sigma-,55,24,-43670.146609,1.299166e-01,3,3,3.5,f,-0.5,+1,2,2,2.5,e,+1.5,+1
sigma+,sigma-,56,25,-43670.125937,4.071543e-02,3,3,3.5,f,+0.5,+1,2,2,2.5,e,+2.5,+1
sigma+,sigma-,38,13,-43667.633060,3.227606e-01,3,3,2.5,f,-2.5,+1,2,2,1.5,e,-0.5,+1
sigma+,sigma-,39,14,-43667.594827,2.577449e-01,3,3,2.5,f,-1.5,+1,2,2,1.5,e,+0.5,+1
sigma+,sigma-,40,15,-43667.556639,9.648244e-02,3,3,2.5,f,-0.5,+1,2,2,1.5,e,+1.5,+1
sigma+,sigma-,52,12,-43661.927447,7.189668e-02,3,3,3.5,f,-3.5,+1,2,2,1.5,e,-1.5,+1
sigma+,sigma-,53,13,-43661.874111,3.065728e-02,3,3,3.5,f,-2.5,+1,2,2,1.5,e,-0.5,+1
sigma+,sigma-,54,14,-43661.820861,1.016764e-02,3,3,3.5,f,-1.5,+1,2,2,1.5,e,+0.5,+1
sigma+,sigma-,55,15,-43661.767693,2.023315e-03,3,3,3.5,f,-0.5,+1,2,2,1.5,e,+1.5,+1
sigma+,sigma-,33,29,-43628.327425,5.659425e-04,3,3,2.5,e,-1.5,-1,2,2,2.5,f,+0.5,-1
sigma+,sigma-,32,28,-43628.327398,3.164624e-04,3,3,2.5,e,-2.5,-1,2,2,2.5,f,-0.5,-1
sigma+,sigma-,34,30,-43628.327372,5.623046e-04,3,3,2.5,e,-0.5,-1,2,2,2.5,f,+1.5,-1
sigma+,sigma-,35,31,-43628.327238,3.103986e-04,3,3,2.5,e,+0.5,-1,2,2,2.5,f,+2.5,-1
sigma+,sigma-,44,27,-43622.586274,2.867333e-03,3,3,3.5,e,-3.5,-1,2,2,2.5,f,-1.5,-1
sigma+,sigma-,45,28,-43622.570491,3.286898e-03,3,3,3.5,e,-2.5,-1,2,2,2.5,f,-0.5,-1
sigma+,sigma-,46,29,-43622.554670,2.472572e-03,3,3,3.5,e,-1.5,-1,2,2,2.5,f,+0.5,-1
sigma+,sigma-,47,30,-43622.538811,1.322620e-03,3,3,3.5,e,-0.5,-1,2,2,2.5,f,+1.5,-1
sigma+,sigma-,48,31,-43622.522916,4.145323e-04,3,3,3.5,e,+0.5,-1,2,2,2.5,f,+2.5,-1
sigma+,sigma-,32,17,-43620.013138,3.295479e-03,3,3,2.5,e,-2.5,-1,2,2,1.5,f,-0.5,-1
sigma+,sigma-,33,18,-43619.981650,2.631630e-03,3,3,2.5,e,-1.5,-1,2,2,1.5,f,+0.5,-1
sigma+,sigma-,34,19,-43619.950199,9.850986e-04,3,3,2.5,e,-0.5,-1,2,2,1.5,f,+1.5,-1
sigma+,sigma-,44,16,-43614.303650,7.344813e-04,3,3,3.5,e,-3.5,-1,2,2,1.5,f,-1.5,-1
sigma+,sigma-,45,17,-43614.256231,3.126356e-04,3,3,3.5,e,-2.5,-1,2,2,1.5,f,-0.5,-1
sigma+,sigma-,46,18,-43614.208894,1.035053e-04,3,3,3.5,e,-1.5,-1,2,2,1.5,f,+0.5,-1
sigma+,sigma-,47,19,-43614.161639,2.056121e-05,3,3,3.5,e,-0.5,-1,2,2,1.5,f,+1.5,-1
sigma+,sigma-,16,6,-29117.636648,1.993544e-01,2,2,1.5,f,-1.5,-1,1,1,1.5,e,+0.5,-1
sigma+,sigma-,17,7,-29117.605524,1.965822e-01,2,2,1.5,f,-0.5,-1,1,1,1.5,e,+1.5,-1
sigma+,sigma-,26,5,-29109.416331,4.362434e-01,2,2,2.5,f,-2.5,-1,1,1,1.5,e,-0.5,-1
sigma+,sigma-,27,6,-29109.354024,3.524934e-01,2,2,2.5,f,-1.5,-1,1,1,1.5,e,+0.5,-1
sigma+,sigma-,28,7,-29109.291264,1.334815e-01,2,2,2.5,f,-0.5,-1,1,1,1.5,e,+1.5,-1
sigma+,sigma-,16,1,-29102.525389,3.935726e-01,2,2,1.5,f,-1.5,-1,1,1,0.5,e,+0.5,-1
sigma+,sigma-,12,10,-29096.472426,2.005870e-03,2,2,1.5,e,-1.5,+1,1,1,1.5,f,+0.5,+1
sigma+,sigma-,13,11,-29096.446691,1.978810e-03,2,2,1.5,e,-0.5,+1,1,1,1.5,f,+1.5,+1
sigma+,sigma-,26,0,-29094.430303,2.236155e-01,2,2,2.5,f,-2.5,-1,1,1,0.5,e,-0.5,-1
sigma+,sigma-,27,1,-29094.242765,4.444174e-02,2,2,2.5,f,-1.5,-1,1,1,0.5,e,+0.5,-1
sigma+,sigma-,20,9,-29088.249606,4.471529e-03,2,2,2.5,e,-2.5,+1,1,1,1.5,f,-0.5,+1
sigma+,sigma-,21,10,-29088.191510,3.613643e-03,2,2,2.5,e,-1.5,+1,1,1,1.5,f,+0.5,+1
sigma+,sigma-,22,11,-29088.132980,1.368616e-03,2,2,2.5,e,-0.5,+1,1,1,1.5,f,+1.5,+1
sigma+,sigma-,12,3,-29081.362156,4.045262e-03,2,2,1.5,e,-1.5,+1,1,1,0.5,f,+0.5,+1
sigma+,sigma-,20,2,-29073.262649,2.271429e-03,2,2,2.5,e,-2.5,+1,1,1,0.5,f,-0.5,+1
sigma+,sigma-,21,3,-29073.081240,4.510591e-04,2,2,2.5,e,-1.5,+1,1,1,0.5,f,+0.5,+1
sigma+,sigma-,2,11,-14.779797,4.720094e-01,1,1,0.5,f,-0.5,+1,1,1,1.5,f,+1.5,+1
sigma+,sigma-,0,7,-14.775017,8.344673e-02,1,1,0.5,e,-0.5,-1,1,1,1.5,e,+1.5,-1
sigma+,sigma-,18,31,-8.259474,1.701112e-02,2,2,1.5,f,+0.5,-1,2,2,2.5,f,+2.5,-1
sigma+,sigma-,14,25,-8.255459,9.605793e-02,2,2,1.5,e,+0.5,+1,2,2,2.5,e,+2.5,+1
sigma+,sigma-,17,30,-8.228076,1.371151e-02,2,2,1.5,f,-0.5,-1,2,2,2.5,f,+1.5,-1
sigma+,sigma-,13,24,-8.222919,7.744447e-02,2,2,1.5,e,-0.5,+1,2,2,2.5,e,+1.5,+1
sigma+,sigma-,16,29,-8.196559,5.180879e-03,2,2,1.5,f,-1.5,-1,2,2,2.5,f,+0.5,-1
sigma+,sigma-,12,23,-8.190252,2.926949e-02,2,2,1.5,e,-1.5,+1,2,2,2.5,e,+0.5,+1
sigma+,sigma-,42,59,-5.769055,2.839513e-03,3,3,2.5,f,+1.5,+1,3,3,3.5,f,+3.5,+1
sigma+,sigma-,36,51,-5.765366,4.888951e-02,3,3,2.5,e,+1.5,-1,3,3,3.5,e,+3.5,-1
sigma+,sigma-,41,58,-5.754191,3.261732e-03,3,3,2.5,f,+0.5,+1,3,3,3.5,f,+2.5,+1
sigma+,sigma-,35,50,-5.749689,5.617403e-02,3,3,2.5,e,+0.5,-1,3,3,3.5,e,+2.5,-1
sigma+,sigma-,40,57,-5.739289,2.458856e-03,3,3,2.5,f,-0.5,+1,3,3,3.5,f,+1.5,+1
sigma+,sigma-,34,49,-5.733970,4.235818e-02,3,3,2.5,e,-0.5,-1,3,3,3.5,e,+1.5,-1
sigma+,sigma-,39,56,-5.724349,1.318156e-03,3,3,2.5,f,-1.5,+1,3,3,3.5,f,+0.5,+1
sigma+,sigma-,33,48,-5.718208,2.271376e-02,3,3,2.5,e,-1.5,-1,3,3,3.5,e,+0.5,-1
sigma+,sigma-,38,55,-5.709370,4.140602e-04,3,3,2.5,f,-2.5,+1,3,3,3.5,f,-0.5,+1
sigma+,sigma-,32,47,-5.702403,7.136825e-03,3,3,2.5,e,-2.5,-1,3,3,3.5,e,-0.5,-1
sigma+,sigma-,74,95,-4.424605,8.769351e-04,4,4,3.5,f,+2.5,-1,4,4,4.5,f,+4.5,-1
sigma+,sigma-,66,85,-4.421098,2.670831e-02,4,4,3.5,e,+2.5,+1,4,4,4.5,e,+4.5,+1
sigma+,sigma-,73,94,-4.415398,1.174064e-03,4,4,3.5,f,+1.5,-1,4,4,4.5,f,+3.5,-1
sigma+,sigma-,65,84,-4.411260,3.576767e-02,4,4,3.5,e,+1.5,+1,4,4,4.5,e,+3.5,+1
sigma+,sigma-,72,93,-4.406172,1.105238e-03,4,4,3.5,f,+0.5,-1,4,4,4.5,f,+2.5,-1
sigma+,sigma-,64,83,-4.401400,3.368030e-02,4,4,3.5,e,+0.5,+1,4,4,4.5,e,+2.5,+1
sigma+,sigma-,71,92,-4.396927,8.455836e-04,4,4,3.5,f,-0.5,-1,4,4,4.5,f,+1.5,-1
sigma+,sigma-,63,82,-4.391518,2.577502e-02,4,4,3.5,e,-0.5,+1,4,4,4.5,e,+1.5,+1
sigma+,sigma-,70,91,-4.387662,5.306941e-04,4,4,3.5,f,-1.5,-1,4,4,4.5,f,+0.5,-1
sigma+,sigma-,62,81,-4.381614,1.618117e-02,4,4,3.5,e,-1.5,+1,4,4,4.5,e,+0.5,+1
sigma+,sigma-,69,90,-4.378378,2.558001e-04,4,4,3.5,f,-2.5,-1,4,4,4.5,f,-0.5,-1
sigma+,sigma-,61,80,-4.371688,7.801727e-03,4,4,3.5,e,-2.5,+1,4,4,4.5,e,-0.5,+1
sigma+,sigma-,68,89,-4.369075,7.492217e-05,4,4,3.5,f,-3.5,-1,4,4,4.5,f,-1.5,-1
sigma+,sigma-,60,79,-4.361740,2.285735e-03,4,4,3.5,e,-3.5,+1,4,4,4.5,e,-1.5,+1
sigma+,sigma-,114,139,-3.574552,3.746394e-04,5,5,4.5,f,+3.5,+1,5,5,5.5,f,+5.5,+1
sigma+,sigma-,104,127,-3.571161,1.591687e-02,5,5,4.5,e,+3.5,-1,5,5,5.5,e,+5.5,-1
sigma+,sigma-,113,138,-3.567985,5.469094e-04,5,5,4.5,f,+2.5,+1,5,5,5.5,f,+4.5,+1
sigma+,sigma-,103,126,-3.564078,2.324248e-02,5,5,4.5,e,+2.5,-1,5,5,5.5,e,+4.5,-1
sigma+,sigma-,112,137,-3.561405,5.763483e-04,5,5,4.5,f,+1.5,+1,5,5,5.5,f,+3.5,+1
sigma+,sigma-,102,125,-3.556981,2.450056e-02,5,5,4.5,e,+1.5,-1,5,5,5.5,e,+3.5,-1
sigma+,sigma-,111,136,-3.554812,5.141841e-04,5,5,4.5,f,+0.5,+1,5,5,5.5,f,+2.5,+1
sigma+,sigma-,101,124,-3.549870,2.186424e-02,5,5,4.5,e,+0.5,-1,5,5,5.5,e,+2.5,-1
sigma+,sigma-,110,135,-3.548208,4.031815e-04,5,5,4.5,f,-0.5,+1,5,5,5.5,f,+1.5,+1
sigma+,sigma-,100,123,-3.542744,1.714913e-02,5,5,4.5,e,-0.5,-1,5,5,5.5,e,+1.5,-1
sigma+,sigma-,109,134,-3.541592,2.774863e-04,5,5,4.5,f,-1.5,+1,5,5,5.5,f,+0.5,+1
sigma+,sigma-,99,122,-3.535605,1.180619e-02,5,5,4.5,e,-1.5,-1,5,5,5.5,e,+0.5,-1
sigma+,sigma-,108,133,-3.534963,1.624658e-04,5,5,4.5,f,-2.5,+1,5,5,5.5,f,-0.5,+1
sigma+,sigma-,98,121,-3.528451,6.914454e-03,5,5,4.5,e,-2.5,-1,5,5,5.5,e,-0.5,-1
sigma+,sigma-,107,132,-3.528322,7.454588e-05,5,5,4.5,f,-3.5,+1,5,5,5.5,f,-1.5,+1
sigma+,sigma-,106,131,-3.521668,2.104417e-05,5,5,4.5,f,-4.5,+1,5,5,5.5,f,-2.5,+1
sigma+,sigma-,97,120,-3.521283,3.173570e-03,5,5,4.5,e,-3.5,-1,5,5,5.5,e,-1.5,-1
sigma+,sigma-,96,119,-3.514100,8.961608e-04,5,5,4.5,e,-4.5,-1,5,5,5.5,e,-2.5,-1
sigma+,sigma-,128,130,0.026063,1.695257e-03,5,5,5.5,f,-5.5,+1,5,5,5.5,f,-3.5,+1
sigma+,sigma-,129,131,0.026076,4.164572e-03,5,5,5.5,f,-4.5,+1,5,5,5.5,f,-2.5,+1
sigma+,sigma-,130,132,0.026088,6.668864e-03,5,5,5.5,f,-3.5,+1,5,5,5.5,f,-1.5,+1
sigma+,sigma-,131,133,0.026101,8.651978e-03,5,5,5.5,f,-2.5,+1,5,5,5.5,f,-0.5,+1
sigma+,sigma-,132,134,0.026113,9.741482e-03,5,5,5.5,f,-1.5,+1,5,5,5.5,f,+0.5,+1
sigma+,sigma-,133,135,0.026125,9.749447e-03,5,5,5.5,f,-0.5,+1,5,5,5.5,f,+1.5,+1
sigma+,sigma-,134,136,0.026137,8.673219e-03,5,5,5.5,f,+0.5,+1,5,5,5.5,f,+2.5,+1
sigma+,sigma-,135,137,0.026149,6.696174e-03,5,5,5.5,f,+1.5,+1,5,5,5.5,f,+3.5,+1
sigma+,sigma-,136,138,0.026161,4.188470e-03,5,5,5.5,f,+2.5,+1,5,5,5.5,f,+4.5,+1
sigma+,sigma-,137,139,0.026173,1.707776e-03,5,5,5.5,f,+3.5,+1,5,5,5.5,f,+5.5,+1
sigma+,sigma-,116,118,0.031286,7.255591e-02,5,5,5.5,e,-5.5,-1,5,5,5.5,e,-3.5,-1
sigma+,sigma-,117,119,0.031300,1.782540e-01,5,5,5.5,e,-4.5,-1,5,5,5.5,e,-2.5,-1
sigma+,sigma-,118,120,0.031315,2.854644e-01,5,5,5.5,e,-3.5,-1,5,5,5.5,e,-1.5,-1
sigma+,sigma-,119,121,0.031329,3.703792e-01,5,5,5.5,e,-2.5,-1,5,5,5.5,e,-0.5,-1
sigma+,sigma-,120,122,0.031343,4.170487e-01,5,5,5.5,e,-1.5,-1,5,5,5.5,e,+0.5,-1
sigma+,sigma-,121,123,0.031358,4.174188e-01,5,5,5.5,e,-0.5,-1,5,5,5.5,e,+1.5,-1
sigma+,sigma-,122,124,0.031372,3.713661e-01,5,5,5.5,e,+0.5,-1,5,5,5.5,e,+2.5,-1
sigma+,sigma-,123,125,0.031386,2.867334e-01,5,5,5.5,e,+1.5,-1,5,5,5.5,e,+3.5,-1
sigma+,sigma-,124,126,0.031400,1.793644e-01,5,5,5.5,e,+2.5,-1,5,5,5.5,e,+4.5,-1
sigma+,sigma-,125,127,0.031414,7.313760e-02,5,5,5.5,e,+3.5,-1,5,5,5.5,e,+5.5,-1
sigma+,sigma-,86,88,0.034017,3.081427e-03,4,4,4.5,f,-4.5,-1,4,4,4.5,f,-2.5,-1
sigma+,sigma-,87,89,0.034036,7.198717e-03,4,4,4.5,f,-3.5,-1,4,4,4.5,f,-1.5,-1
sigma+,sigma-,88,90,0.034056,1.081108e-02,4,4,4.5,f,-2.5,-1,4,4,4.5,f,-0.5,-1
sigma+,sigma-,89,91,0.034075,1.288573e-02,4,4,4.5,f,-1.5,-1,4,4,4.5,f,+0.5,-1
sigma+,sigma-,90,92,0.034095,1.290103e-02,4,4,4.5,f,-0.5,-1,4,4,4.5,f,+1.5,-1
sigma+,sigma-,91,93,0.034114,1.084965e-02,4,4,4.5,f,+0.5,-1,4,4,4.5,f,+2.5,-1
sigma+,sigma-,92,94,0.034133,7.241572e-03,4,4,4.5,f,+1.5,-1,4,4,4.5,f,+3.5,-1
sigma+,sigma-,93,95,0.034152,3.107142e-03,4,4,4.5,f,+2.5,-1,4,4,4.5,f,+4.5,-1
sigma+,sigma-,76,78,0.039122,9.442990e-02,4,4,4.5,e,-4.5,+1,4,4,4.5,e,-2.5,+1
sigma+,sigma-,77,79,0.039144,2.206242e-01,4,4,4.5,e,-3.5,+1,4,4,4.5,e,-1.5,+1
sigma+,sigma-,78,80,0.039167,3.313652e-01,4,4,4.5,e,-2.5,+1,4,4,4.5,e,-0.5,+1
sigma+,sigma-,79,81,0.039189,3.949899e-01,4,4,4.5,e,-1.5,+1,4,4,4.5,e,+0.5,+1
sigma+,sigma-,80,82,0.039211,3.954944e-01,4,4,4.5,e,-0.5,+1,4,4,4.5,e,+1.5,+1
sigma+,sigma-,81,83,0.039233,3.326365e-01,4,4,4.5,e,+0.5,+1,4,4,4.5,e,+2.5,+1
sigma+,sigma-,82,84,0.039255,2.220367e-01,4,4,4.5,e,+1.5,+1,4,4,4.5,e,+3.5,+1
sigma+,sigma-,83,85,0.039277,9.527750e-02,4,4,4.5,e,+2.5,+1,4,4,4.5,e,+4.5,+1
sigma+,sigma-,113,115,0.039309,2.318064e-03,5,5,4.5,f,+2.5,+1,5,5,4.5,f,+4.5,+1
sigma+,sigma-,112,114,0.039321,5.411914e-03,5,5,4.5,f,+1.5,+1,5,5,4.5,f,+3.5,+1
sigma+,sigma-,111,113,0.039334,8.122544e-03,5,5,4.5,f,+0.5,+1,5,5,4.5,f,+2.5,+1
sigma+,sigma-,110,112,0.039346,9.675290e-03,5,5,4.5,f,-0.5,+1,5,5,4.5,f,+1.5,+1
sigma+,sigma-,109,111,0.039358,9.680917e-03,5,5,4.5,f,-1.5,+1,5,5,4.5,f,+0.5,+1
sigma+,sigma-,108,110,0.039370,8.136724e-03,5,5,4.5,f,-2.5,+1,5,5,4.5,f,-0.5,+1
sigma+,sigma-,107,109,0.039383,5.427671e-03,5,5,4.5,f,-3.5,+1,5,5,4.5,f,-1.5,+1
sigma+,sigma-,106,108,0.039395,2.327519e-03,5,5,4.5,f,-4.5,+1,5,5,4.5,f,-2.5,+1
sigma+,sigma-,103,105,0.045580,9.927947e-02,5,5,4.5,e,+2.5,-1,5,5,4.5,e,+4.5,-1
sigma+,sigma-,102,104,0.045594,2.317924e-01,5,5,4.5,e,+1.5,-1,5,5,4.5,e,+3.5,-1
sigma+,sigma-,101,103,0.045608,3.479003e-01,5,5,4.5,e,+0.5,-1,5,5,4.5,e,+2.5,-1
sigma+,sigma-,100,102,0.045622,4.144207e-01,5,5,4.5,e,-0.5,-1,5,5,4.5,e,+1.5,-1
sigma+,sigma-,99,101,0.045637,4.146760e-01,5,5,4.5,e,-1.5,-1,5,5,4.5,e,+0.5,-1
sigma+,sigma-,98,100,0.045651,3.485436e-01,5,5,4.5,e,-2.5,-1,5,5,4.5,e,-0.5,-1
sigma+,sigma-,97,99,0.045665,2.325072e-01,5,5,4.5,e,-3.5,-1,5,5,4.5,e,-1.5,-1
sigma+,sigma-,96,98,0.045680,9.970838e-02,5,5,4.5,e,-4.5,-1,5,5,4.5,e,-2.5,-1
sigma+,sigma-,52,54,0.049539,7.116836e-03,3,3,3.5,f,-3.5,+1,3,3,3.5,f,-1.5,+1
sigma+,sigma-,53,55,0.049579,1.528226e-02,3,3,3.5,f,-2.5,+1,3,3,3.5,f,-0.5,+1
sigma+,sigma-,54,56,0.049617,2.041860e-02,3,3,3.5,f,-1.5,+1,3,3,3.5,f,+0.5,+1
sigma+,sigma-,55,57,0.049656,2.046055e-02,3,3,3.5,f,-0.5,+1,3,3,3.5,f,+1.5,+1
sigma+,sigma-,56,58,0.049694,1.537667e-02,3,3,3.5,f,+0.5,+1,3,3,3.5,f,+2.5,+1
sigma+,sigma-,57,59,0.049732,7.190267e-03,3,3,3.5,f,+1.5,+1,3,3,3.5,f,+3.5,+1
sigma+,sigma-,73,75,0.052566,4.445614e-03,4,4,3.5,f,+1.5,-1,4,4,3.5,f,+3.5,-1
sigma+,sigma-,72,74,0.052585,9.533637e-03,4,4,3.5,f,+0.5,-1,4,4,3.5,f,+2.5,-1
sigma+,sigma-,71,73,0.052604,1.272134e-02,4,4,3.5,f,-0.5,-1,4,4,3.5,f,+1.5,-1
sigma+,sigma-,70,72,0.052624,1.273123e-02,4,4,3.5,f,-1.5,-1,4,4,3.5,f,+0.5,-1
sigma+,sigma-,69,71,0.052643,9.555891e-03,4,4,3.5,f,-2.5,-1,4,4,3.5,f,-0.5,-1
sigma+,sigma-,68,70,0.052663,4.462923e-03,4,4,3.5,f,-3.5,-1,4,4,3.5,f,-1.5,-1
sigma+,sigma-,44,46,0.054461,1.230981e-01,3,3,3.5,e,-3.5,-1,3,3,3.5,e,-1.5,-1
sigma+,sigma-,45,47,0.054504,2.643674e-01,3,3,3.5,e,-2.5,-1,3,3,3.5,e,-0.5,-1
sigma+,sigma-,46,48,0.054548,3.532653e-01,3,3,3.5,e,-1.5,-1,3,3,3.5,e,+0.5,-1
sigma+,sigma-,47,49,0.054590,3.540353e-01,3,3,3.5,e,-0.5,-1,3,3,3.5,e,+1.5,-1
sigma+,sigma-,48,50,0.054633,2.660998e-01,3,3,3.5,e,+0.5,-1,3,3,3.5,e,+2.5,-1
sigma+,sigma-,49,51,0.054675,1.244456e-01,3,3,3.5,e,+1.5,-1,3,3,3.5,e,+3.5,-1
sigma+,sigma-,65,67,0.058953,1.363731e-01,4,4,3.5,e,+1.5,+1,4,4,3.5,e,+3.5,+1
sigma+,sigma-,64,66,0.058975,2.924631e-01,4,4,3.5,e,+0.5,+1,4,4,3.5,e,+2.5,+1
sigma+,sigma-,63,65,0.058997,3.902666e-01,4,4,3.5,e,-0.5,+1,4,4,3.5,e,+1.5,+1
sigma+,sigma-,62,64,0.059019,3.905846e-01,4,4,3.5,e,-1.5,+1,4,4,3.5,e,+0.5,+1
sigma+,sigma-,61,63,0.059041,2.931786e-01,4,4,3.5,e,-2.5,+1,4,4,3.5,e,-0.5,+1
sigma+,sigma-,60,62,0.059064,1.369296e-01,4,4,3.5,e,-3.5,+1,4,4,3.5,e,-1.5,+1
sigma+,sigma-,41,43,0.079459,1.100414e-02,3,3,2.5,f,+0.5,+1,3,3,2.5,f,+2.5,+1
sigma+,sigma-,40,42,0.079497,1.983055e-02,3,3,2.5,f,-0.5,+1,3,3,2.5,f,+1.5,+1
sigma+,sigma-,39,41,0.079536,1.985384e-02,3,3,2.5,f,-1.5,+1,3,3,2.5,f,+0.5,+1
sigma+,sigma-,38,40,0.079575,1.104295e-02,3,3,2.5,f,-2.5,+1,3,3,2.5,f,-0.5,+1
sigma+,sigma-,26,28,0.085944,2.552955e-02,2,2,2.5,f,-2.5,-1,2,2,2.5,f,-0.5,-1
sigma+,sigma-,35,37,0.086028,1.906527e-01,3,3,2.5,e,+0.5,-1,3,3,2.5,e,+2.5,-1
sigma+,sigma-,27,29,0.086065,4.618834e-02,2,2,2.5,f,-1.5,-1,2,2,2.5,f,+0.5,-1
sigma+,sigma-,34,36,0.086071,3.435881e-01,3,3,2.5,e,-0.5,-1,3,3,2.5,e,+1.5,-1
sigma+,sigma-,33,35,0.086114,3.440049e-01,3,3,2.5,e,-1.5,-1,3,3,2.5,e,+0.5,-1
sigma+,sigma-,32,34,0.086158,1.913474e-01,3,3,2.5,e,-2.5,-1,3,3,2.5,e,-0.5,-1
sigma+,sigma-,28,30,0.086184,4.642138e-02,2,2,2.5,f,-0.5,-1,2,2,2.5,f,+1.5,-1
sigma+,sigma-,29,31,0.086302,2.591797e-02,2,2,2.5,f,+0.5,-1,2,2,2.5,f,+2.5,-1
sigma+,sigma-,20,22,0.090534,1.444966e-01,2,2,2.5,e,-2.5,+1,2,2,2.5,e,-0.5,+1
sigma+,sigma-,21,23,0.090664,2.614795e-01,2,2,2.5,e,-1.5,+1,2,2,2.5,e,+0.5,+1
sigma+,sigma-,22,24,0.090792,2.628524e-01,2,2,2.5,e,-0.5,+1,2,2,2.5,e,+1.5,+1
sigma+,sigma-,23,25,0.090918,1.467849e-01,2,2,2.5,e,+0.5,+1,2,2,2.5,e,+2.5,+1
sigma+,sigma-,17,19,0.149096,4.186633e-02,2,2,1.5,f,-0.5,-1,2,2,1.5,f,+1.5,-1
sigma+,sigma-,16,18,0.149217,4.195918e-02,2,2,1.5,f,-1.5,-1,2,2,1.5,f,+0.5,-1
sigma+,sigma-,13,15,0.155997,2.377467e-01,2,2,1.5,e,-0.5,+1,2,2,1.5,e,+1.5,+1
sigma+,sigma-,12,14,0.156126,2.382812e-01,2,2,1.5,e,-1.5,+1,2,2,1.5,e,+0.5,+1
sigma+,sigma-,8,10,0.206150,2.341301e-01,1,1,1.5,f,-1.5,+1,1,1,1.5,f,+0.5,+1
sigma+,sigma-,9,11,0.207160,2.419293e-01,1,1,1.5,f,-0.5,+1,1,1,1.5,f,+1.5,+1
sigma+,sigma-,4,6,0.209969,4.121698e-02,1,1,1.5,e,-1.5,-1,1,1,1.5,e,+0.5,-1
sigma+,sigma-,5,7,0.211011,4.261458e-02,1,1,1.5,e,-0.5,-1,1,1,1.5,e,+1.5,-1
sigma+,sigma-,128,107,3.580474,3.873094e-04,5,5,5.5,f,-5.5,+1,5,5,4.5,f,-3.5,+1
sigma+,sigma-,116,97,3.583883,1.649924e-02,5,5,5.5,e,-5.5,-1,5,5,4.5,e,-3.5,-1
sigma+,sigma-,129,108,3.587140,5.612379e-04,5,5,5.5,f,-4.5,+1,5,5,4.5,f,-2.5,+1
sigma+,sigma-,117,98,3.591080,2.390117e-02,5,5,5.5,e,-4.5,-1,5,5,4.5,e,-2.5,-1
sigma+,sigma-,130,109,3.593793,5.870891e-04,5,5,5.5,f,-3.5,+1,5,5,4.5,f,-1.5,+1
sigma+,sigma-,118,99,3.598263,2.499446e-02,5,5,5.5,e,-3.5,-1,5,5,4.5,e,-1.5,-1
sigma+,sigma-,131,110,3.600434,5.199067e-04,5,5,5.5,f,-2.5,+1,5,5,4.5,f,-0.5,+1
sigma+,sigma-,119,100,3.605431,2.212756e-02,5,5,5.5,e,-2.5,-1,5,5,4.5,e,-0.5,-1
sigma+,sigma-,132,111,3.607063,4.046647e-04,5,5,5.5,f,-1.5,+1,5,5,4.5,f,+0.5,+1
sigma+,sigma-,120,101,3.612585,1.721762e-02,5,5,5.5,e,-1.5,-1,5,5,4.5,e,+0.5,-1
sigma+,sigma-,133,112,3.613679,2.764551e-04,5,5,5.5,f,-0.5,+1,5,5,4.5,f,+1.5,+1
sigma+,sigma-,121,102,3.619724,1.175906e-02,5,5,5.5,e,-0.5,-1,5,5,4.5,e,+1.5,-1
sigma+,sigma-,134,113,3.620283,1.606694e-04,5,5,5.5,f,+0.5,+1,5,5,4.5,f,+2.5,+1
sigma+,sigma-,122,103,3.626850,6.832081e-03,5,5,5.5,e,+0.5,-1,5,5,4.5,e,+2.5,-1
sigma+,sigma-,135,114,3.626875,7.317844e-05,5,5,5.5,f,+1.5,+1,5,5,4.5,f,+3.5,+1
sigma+,sigma-,136,115,3.633455,2.050593e-05,5,5,5.5,f,+2.5,+1,5,5,4.5,f,+4.5,+1
sigma+,sigma-,123,104,3.633961,3.110823e-03,5,5,5.5,e,+1.5,-1,5,5,4.5,e,+3.5,-1
sigma+,sigma-,124,105,3.641058,8.714552e-04,5,5,5.5,e,+2.5,-1,5,5,4.5,e,+4.5,-1
sigma+,sigma-,86,69,4.446451,9.029619e-04,4,4,4.5,f,-4.5,-1,4,4,3.5,f,-2.5,-1
sigma+,sigma-,76,61,4.449977,2.755686e-02,4,4,4.5,e,-4.5,+1,4,4,3.5,e,-2.5,+1
sigma+,sigma-,87,70,4.455774,1.198837e-03,4,4,4.5,f,-3.5,-1,4,4,3.5,f,-1.5,-1
sigma+,sigma-,77,62,4.459948,3.657560e-02,4,4,4.5,e,-3.5,+1,4,4,3.5,e,-1.5,+1
sigma+,sigma-,88,71,4.465077,1.119158e-03,4,4,4.5,f,-2.5,-1,4,4,3.5,f,-0.5,-1
sigma+,sigma-,78,63,4.469896,3.413458e-02,4,4,4.5,e,-2.5,+1,4,4,3.5,e,-0.5,+1
sigma+,sigma-,89,72,4.474361,8.491020e-04,4,4,4.5,f,-1.5,-1,4,4,3.5,f,+0.5,-1
sigma+,sigma-,79,64,4.479822,2.589024e-02,4,4,4.5,e,-1.5,+1,4,4,3.5,e,+0.5,+1
sigma+,sigma-,90,73,4.483626,5.284638e-04,4,4,4.5,f,-0.5,-1,4,4,3.5,f,+1.5,-1
sigma+,sigma-,80,65,4.489726,1.610889e-02,4,4,4.5,e,-0.5,+1,4,4,3.5,e,+1.5,+1
sigma+,sigma-,91,74,4.492871,2.526036e-04,4,4,4.5,f,+0.5,-1,4,4,3.5,f,+2.5,-1
sigma+,sigma-,81,66,4.499608,7.697775e-03,4,4,4.5,e,+0.5,+1,4,4,3.5,e,+2.5,+1
sigma+,sigma-,92,75,4.502097,7.336971e-05,4,4,4.5,f,+1.5,-1,4,4,3.5,f,+3.5,-1
sigma+,sigma-,82,67,4.509468,2.235213e-03,4,4,4.5,e,+1.5,+1,4,4,3.5,e,+3.5,+1
sigma+,sigma-,52,39,5.823506,2.913770e-03,3,3,3.5,f,-3.5,+1,3,3,2.5,f,-1.5,+1
sigma+,sigma-,44,33,5.827216,5.023824e-02,3,3,3.5,e,-3.5,-1,3,3,2.5,e,-1.5,-1
sigma+,sigma-,53,40,5.838524,3.312596e-03,3,3,3.5,f,-2.5,+1,3,3,2.5,f,-0.5,+1
sigma+,sigma-,45,34,5.843065,5.709848e-02,3,3,3.5,e,-2.5,-1,3,3,2.5,e,-0.5,-1
sigma+,sigma-,54,41,5.853503,2.471513e-03,3,3,3.5,f,-1.5,+1,3,3,2.5,f,+0.5,+1
sigma+,sigma-,46,35,5.858870,4.258897e-02,3,3,3.5,e,-1.5,-1,3,3,2.5,e,+0.5,-1
sigma+,sigma-,55,42,5.868442,1.311313e-03,3,3,3.5,f,-0.5,+1,3,3,2.5,f,+1.5,+1
sigma+,sigma-,47,36,5.874632,2.259021e-02,3,3,3.5,e,-0.5,-1,3,3,2.5,e,+1.5,-1
sigma+,sigma-,56,43,5.883344,4.076740e-04,3,3,3.5,f,+0.5,+1,3,3,2.5,f,+2.5,+1
sigma+,sigma-,48,37,5.890351,7.021140e-03,3,3,3.5,e,+0.5,-1,3,3,2.5,e,+2.5,-1
sigma+,sigma-,26,17,8.400204,1.740286e-02,2,2,2.5,f,-2.5,-1,2,2,1.5,f,-0.5,-1
sigma+,sigma-,20,13,8.404245,9.834660e-02,2,2,2.5,e,-2.5,+1,2,2,1.5,e,-0.5,+1
sigma+,sigma-,27,18,8.431841,1.381552e-02,2,2,2.5,f,-1.5,-1,2,2,1.5,f,+0.5,-1
sigma+,sigma-,21,14,8.437041,7.805401e-02,2,2,2.5,e,-1.5,+1,2,2,1.5,e,+0.5,+1
sigma+,sigma-,28,19,8.463357,5.141393e-03,2,2,2.5,f,-0.5,-1,2,2,1.5,f,+1.5,-1
sigma+,sigma-,22,15,8.469708,2.904020e-02,2,2,2.5,e,-0.5,+1,2,2,1.5,e,+1.5,+1
sigma+,sigma-,8,3,15.316419,4.798085e-01,1,1,1.5,f,-1.5,+1,1,1,0.5,f,+0.5,+1
sigma+,sigma-,4,1,15.321228,8.484433e-02,1,1,1.5,e,-1.5,-1,1,1,0.5,e,+0.5,-1
sigma+,sigma-,3,25,29073.262823,2.197710e-03,1,1,0.5,f,+0.5,+1,2,2,2.5,e,+2.5,+1
sigma+,sigma-,2,24,29073.443975,4.424957e-04,1,1,0.5,f,-0.5,+1,2,2,2.5,e,+1.5,+1
sigma+,sigma-,2,15,29081.822891,4.089345e-03,1,1,0.5,f,-0.5,+1,2,2,1.5,e,+1.5,+1
sigma+,sigma-,10,25,29088.373092,4.544731e-03,1,1,1.5,f,+0.5,+1,2,2,2.5,e,+2.5,+1
sigma+,sigma-,9,24,29088.430932,3.600094e-03,1,1,1.5,f,-0.5,+1,2,2,2.5,e,+1.5,+1
sigma+,sigma-,8,23,29088.488323,1.336496e-03,1,1,1.5,f,-1.5,+1,2,2,2.5,e,+0.5,+1
sigma+,sigma-,1,31,29094.415132,2.162967e-01,1,1,0.5,e,+0.5,-1,2,2,2.5,f,+2.5,-1
sigma+,sigma-,0,30,29094.602431,4.351450e-02,1,1,0.5,e,-0.5,-1,2,2,2.5,f,+1.5,-1
sigma+,sigma-,9,15,29096.809848,1.982055e-03,1,1,1.5,f,-0.5,+1,2,2,1.5,e,+1.5,+1
sigma+,sigma-,8,14,29096.834701,2.009609e-03,1,1,1.5,f,-1.5,+1,2,2,1.5,e,+0.5,+1
sigma+,sigma-,0,19,29102.979604,3.981675e-01,1,1,0.5,e,-0.5,-1,2,2,1.5,f,+1.5,-1
sigma+,sigma-,6,31,29109.526391,4.435666e-01,1,1,1.5,e,+0.5,-1,2,2,2.5,f,+2.5,-1
sigma+,sigma-,5,30,29109.588459,3.514252e-01,1,1,1.5,e,-0.5,-1,2,2,2.5,f,+1.5,-1
sigma+,sigma-,4,29,29109.650058,1.304837e-01,1,1,1.5,e,-1.5,-1,2,2,2.5,f,+0.5,-1
sigma+,sigma-,5,19,29117.965632,1.967658e-01,1,1,1.5,e,-0.5,-1,2,2,1.5,f,+1.5,-1
sigma+,sigma-,4,18,29117.995834,1.995865e-01,1,1,1.5,e,-1.5,-1,2,2,1.5,f,+0.5,-1
sigma+,sigma-,19,51,43614.270904,7.126903e-04,2,2,1.5,f,+1.5,-1,3,3,3.5,e,+3.5,-1
sigma+,sigma-,18,50,43614.318075,3.074549e-04,2,2,1.5,f,+0.5,-1,3,3,3.5,e,+2.5,-1
sigma+,sigma-,17,49,43614.365326,1.031638e-04,2,2,1.5,f,-0.5,-1,3,3,3.5,e,+1.5,-1
sigma+,sigma-,16,48,43614.412658,2.076990e-05,2,2,1.5,f,-1.5,-1,3,3,3.5,e,+0.5,-1
sigma+,sigma-,18,37,43620.153792,3.301274e-03,2,2,1.5,f,+0.5,-1,3,3,2.5,e,+2.5,-1
sigma+,sigma-,17,36,43620.185367,2.645818e-03,2,2,1.5,f,-0.5,-1,3,3,2.5,e,+1.5,-1
sigma+,sigma-,16,35,43620.216981,9.940013e-04,2,2,1.5,f,-1.5,-1,3,3,2.5,e,+0.5,-1
sigma+,sigma-,30,51,43622.648077,2.889502e-03,2,2,2.5,f,+1.5,-1,3,3,3.5,e,+3.5,-1
sigma+,sigma-,29,50,43622.663851,3.292602e-03,2,2,2.5,f,+0.5,-1,3,3,3.5,e,+2.5,-1
sigma+,sigma-,28,49,43622.679586,2.462129e-03,2,2,2.5,f,-0.5,-1,3,3,3.5,e,+1.5,-1
sigma+,sigma-,27,48,43622.695282,1.309199e-03,2,2,2.5,f,-1.5,-1,3,3,3.5,e,+0.5,-1
sigma+,sigma-,26,47,43622.710940,4.078846e-04,2,2,2.5,f,-2.5,-1,3,3,3.5,e,-0.5,-1
sigma+,sigma-,26,34,43628.499500,3.172693e-04,2,2,2.5,f,-2.5,-1,3,3,2.5,e,-0.5,-1
sigma+,sigma-,29,37,43628.499568,3.111445e-04,2,2,2.5,f,+0.5,-1,3,3,2.5,e,+2.5,-1
sigma+,sigma-,27,35,43628.499605,5.673573e-04,2,2,2.5,f,-1.5,-1,3,3,2.5,e,+0.5,-1
sigma+,sigma-,28,36,43628.499627,5.636829e-04,2,2,2.5,f,-0.5,-1,3,3,2.5,e,+1.5,-1
sigma+,sigma-,15,59,43661.867081,6.967372e-02,2,2,1.5,e,+1.5,+1,3,3,3.5,f,+3.5,+1
sigma+,sigma-,14,58,43661.920172,3.000459e-02,2,2,1.5,e,+0.5,+1,3,3,3.5,f,+2.5,+1
sigma+,sigma-,13,57,43661.973346,1.005002e-02,2,2,1.5,e,-0.5,+1,3,3,3.5,f,+1.5,+1
sigma+,sigma-,12,56,43662.026604,2.019771e-03,2,2,1.5,e,-1.5,+1,3,3,3.5,f,+0.5,+1
sigma+,sigma-,14,43,43667.753822,3.234109e-01,2,2,1.5,e,+0.5,+1,3,3,2.5,f,+2.5,+1
sigma+,sigma-,13,42,43667.792132,2.591980e-01,2,2,1.5,e,-0.5,+1,3,3,2.5,f,+1.5,+1
sigma+,sigma-,12,41,43667.830489,9.737728e-02,2,2,1.5,e,-1.5,+1,3,3,2.5,f,+0.5,+1
sigma+,sigma-,24,59,43670.245997,2.839260e-01,2,2,2.5,e,+1.5,+1,3,3,3.5,f,+3.5,+1
sigma+,sigma-,23,58,43670.266549,3.235578e-01,2,2,2.5,e,+0.5,+1,3,3,3.5,f,+2.5,+1
sigma+,sigma-,22,57,43670.287057,2.419662e-01,2,2,2.5,e,-0.5,+1,3,3,3.5,f,+1.5,+1
sigma+,sigma-,21,56,43670.307519,1.286713e-01,2,2,2.5,e,-1.5,+1,3,3,3.5,f,+0.5,+1
sigma+,sigma-,20,55,43670.327935,4.009091e-02,2,2,2.5,e,-2.5,+1,3,3,3.5,f,-0.5,+1
sigma+,sigma-,23,43,43676.100199,3.001170e-02,2,2,2.5,e,+0.5,+1,3,3,2.5,f,+2.5,+1
sigma+,sigma-,22,42,43676.105844,5.440063e-02,2,2,2.5,e,-0.5,+1,3,3,2.5,f,+1.5,+1
sigma+,sigma-,21,41,43676.111404,5.478584e-02,2,2,2.5,e,-1.5,+1,3,3,2.5,f,+0.5,+1
sigma+,sigma-,20,40,43676.116881,3.065378e-02,2,2,2.5,e,-2.5,+1,3,3,2.5,f,-0.5,+1
sigma+,sigma-,43,85,58146.047726,1.881731e-03,3,3,2.5,f,+2.5,+1,4,4,4.5,e,+4.5,+1
sigma+,sigma-,42,84,58146.067802,1.052511e-03,3,3,2.5,f,+1.5,+1,4,4,4.5,e,+3.5,+1
sigma+,sigma-,41,83,58146.087908,5.298422e-04,3,3,2.5,f,+0.5,+1,4,4,4.5,e,+2.5,+1
sigma+,sigma-,40,82,58146.108045,2.286272e-04,3,3,2.5,f,-0.5,+1,4,4,4.5,e,+1.5,+1
sigma+,sigma-,39,81,58146.128211,7.673138e-05,3,3,2.5,f,-1.5,+1,4,4,4.5,e,+0.5,+1
sigma+,sigma-,38,80,58146.148408,1.545176e-05,3,3,2.5,f,-2.5,+1,4,4,4.5,e,-0.5,+1
sigma+,sigma-,42,67,58150.538015,1.324820e-02,3,3,2.5,f,+1.5,+1,4,4,3.5,e,+3.5,+1
sigma+,sigma-,41,66,58150.548283,1.515603e-02,3,3,2.5,f,+0.5,+1,4,4,3.5,e,+2.5,+1
sigma+,sigma-,40,65,58150.558559,1.137853e-02,3,3,2.5,f,-0.5,+1,4,4,3.5,e,+1.5,+1
sigma+,sigma-,39,64,58150.568844,6.074738e-03,3,3,2.5,f,-1.5,+1,4,4,3.5,e,+0.5,+1
sigma+,sigma-,38,63,58150.579138,1.900305e-03,3,3,2.5,f,-2.5,+1,4,4,3.5,e,-0.5,+1
sigma+,sigma-,58,85,58151.881376,1.146848e-02,3,3,3.5,f,+2.5,+1,4,4,4.5,e,+4.5,+1
sigma+,sigma-,57,84,58151.886589,1.526809e-02,3,3,3.5,f,+1.5,+1,4,4,4.5,e,+3.5,+1
sigma+,sigma-,56,83,58151.891794,1.429193e-02,3,3,3.5,f,+0.5,+1,4,4,4.5,e,+2.5,+1
sigma+,sigma-,55,82,58151.896990,1.087230e-02,3,3,3.5,f,-0.5,+1,4,4,4.5,e,+1.5,+1
sigma+,sigma-,54,81,58151.902178,6.784625e-03,3,3,3.5,f,-1.5,+1,4,4,4.5,e,+0.5,+1
sigma+,sigma-,53,80,58151.907357,3.251518e-03,3,3,3.5,f,-2.5,+1,4,4,4.5,e,-0.5,+1
sigma+,sigma-,52,79,58151.912528,9.468617e-04,3,3,3.5,f,-3.5,+1,4,4,4.5,e,-1.5,+1
sigma+,sigma-,52,62,58156.333332,4.868018e-04,3,3,3.5,f,-3.5,+1,4,4,3.5,e,-1.5,+1
sigma+,sigma-,53,63,58156.338087,1.038779e-03,3,3,3.5,f,-2.5,+1,4,4,3.5,e,-0.5,+1
sigma+,sigma-,54,64,58156.342811,1.379272e-03,3,3,3.5,f,-1.5,+1,4,4,3.5,e,+0.5,+1
sigma+,sigma-,55,65,58156.347505,1.373563e-03,3,3,3.5,f,-0.5,+1,4,4,3.5,e,+1.5,+1
sigma+,sigma-,56,66,58156.352168,1.025932e-03,3,3,3.5,f,+0.5,+1,4,4,3.5,e,+2.5,+1
sigma+,sigma-,57,67,58156.356802,4.768090e-04,3,3,3.5,f,+1.5,+1,4,4,3.5,e,+3.5,+1
sigma+,sigma-,37,95,58230.667986,3.251788e-02,3,3,2.5,e,+2.5,-1,4,4,4.5,f,+4.5,-1
sigma+,sigma-,36,94,58230.693909,1.814654e-02,3,3,2.5,e,+1.5,-1,4,4,4.5,f,+3.5,-1
sigma+,sigma-,35,93,58230.719862,9.114076e-03,3,3,2.5,e,+0.5,-1,4,4,4.5,f,+2.5,-1
sigma+,sigma-,34,92,58230.745847,3.923639e-03,3,3,2.5,e,-0.5,-1,4,4,4.5,f,+1.5,-1
sigma+,sigma-,33,91,58230.771863,1.313788e-03,3,3,2.5,e,-1.5,-1,4,4,4.5,f,+0.5,-1
sigma+,sigma-,32,90,58230.797910,2.639475e-04,3,3,2.5,e,-2.5,-1,4,4,4.5,f,-0.5,-1
sigma+,sigma-,36,75,58235.161872,2.291799e-01,3,3,2.5,e,+1.5,-1,4,4,3.5,f,+3.5,-1
sigma+,sigma-,35,74,58235.178619,2.621894e-01,3,3,2.5,e,+0.5,-1,4,4,3.5,f,+2.5,-1
sigma+,sigma-,34,73,58235.195378,1.968457e-01,3,3,2.5,e,-0.5,-1,4,4,3.5,f,+1.5,-1
sigma+,sigma-,33,72,58235.212149,1.050939e-01,3,3,2.5,e,-1.5,-1,4,4,3.5,f,+0.5,-1
sigma+,sigma-,32,71,58235.228932,3.287635e-02,3,3,2.5,e,-2.5,-1,4,4,3.5,f,-0.5,-1
sigma+,sigma-,50,95,58236.503703,1.986097e-01,3,3,3.5,e,+2.5,-1,4,4,4.5,f,+4.5,-1
sigma+,sigma-,49,94,58236.513950,2.644237e-01,3,3,3.5,e,+1.5,-1,4,4,4.5,f,+3.5,-1
sigma+,sigma-,48,93,58236.524184,2.475301e-01,3,3,3.5,e,+0.5,-1,4,4,4.5,f,+2.5,-1
sigma+,sigma-,47,92,58236.534407,1.883130e-01,3,3,3.5,e,-0.5,-1,4,4,4.5,f,+1.5,-1
sigma+,sigma-,46,91,58236.544618,1.175186e-01,3,3,3.5,e,-1.5,-1,4,4,4.5,f,+0.5,-1
sigma+,sigma-,45,90,58236.554817,5.632345e-02,3,3,3.5,e,-2.5,-1,4,4,4.5,f,-0.5,-1
sigma+,sigma-,44,89,58236.565004,1.640258e-02,3,3,3.5,e,-3.5,-1,4,4,4.5,f,-1.5,-1
sigma+,sigma-,49,75,58240.981914,8.167246e-03,3,3,3.5,e,+1.5,-1,4,4,3.5,f,+3.5,-1
sigma+,sigma-,48,74,58240.982941,1.758634e-02,3,3,3.5,e,+0.5,-1,4,4,3.5,f,+2.5,-1
sigma+,sigma-,47,73,58240.983938,2.356313e-02,3,3,3.5,e,-0.5,-1,4,4,3.5,f,+1.5,-1
sigma+,sigma-,46,72,58240.984904,2.367901e-02,3,3,3.5,e,-1.5,-1,4,4,3.5,f,+0.5,-1
sigma+,sigma-,45,71,58240.985839,1.784710e-02,3,3,3.5,e,-2.5,-1,4,4,3.5,f,-0.5,-1
sigma+,sigma-,44,70,58240.986741,8.370079e-03,3,3,3.5,e,-3.5,-1,4,4,3.5,f,-1.5,-1
sigma+,sigma-,75,127,72671.155350,2.157155e-03,4,4,3.5,f,+3.5,-1,5,5,5.5,e,+5.5,-1
sigma+,sigma-,74,126,72671.165918,1.382559e-03,4,4,3.5,f,+2.5,-1,5,5,5.5,e,+4.5,-1
sigma+,sigma-,73,125,72671.176502,8.354848e-04,4,4,3.5,f,+1.5,-1,5,5,5.5,e,+3.5,-1
sigma+,sigma-,72,124,72671.187103,4.674946e-04,4,4,3.5,f,+0.5,-1,5,5,5.5,e,+2.5,-1
sigma+,sigma-,71,123,72671.197720,2.354312e-04,4,4,3.5,f,-0.5,-1,5,5,5.5,e,+1.5,-1
sigma+,sigma-,70,122,72671.208354,1.016276e-04,4,4,3.5,f,-1.5,-1,5,5,5.5,e,+0.5,-1
sigma+,sigma-,69,121,72671.219006,3.412102e-05,4,4,3.5,f,-2.5,-1,5,5,5.5,e,-0.5,-1
sigma+,sigma-,68,120,72671.229674,6.873699e-06,4,4,3.5,f,-3.5,-1,5,5,5.5,e,-1.5,-1
sigma+,sigma-,74,105,72674.775575,2.005980e-02,4,4,3.5,f,+2.5,-1,5,5,4.5,e,+4.5,-1
sigma+,sigma-,73,104,72674.779077,2.676483e-02,4,4,3.5,f,+1.5,-1,5,5,4.5,e,+3.5,-1
sigma+,sigma-,72,103,72674.782580,2.510942e-02,4,4,3.5,f,+0.5,-1,5,5,4.5,e,+2.5,-1
sigma+,sigma-,71,102,72674.786087,1.914432e-02,4,4,3.5,f,-0.5,-1,5,5,4.5,e,+1.5,-1
sigma+,sigma-,70,101,72674.789596,1.197359e-02,4,4,3.5,f,-1.5,-1,5,5,4.5,e,+0.5,-1
sigma+,sigma-,69,100,72674.793108,5.751377e-03,4,4,3.5,f,-2.5,-1,5,5,4.5,e,-0.5,-1
sigma+,sigma-,68,99,72674.796622,1.678675e-03,4,4,3.5,f,-3.5,-1,5,5,4.5,e,-1.5,-1
sigma+,sigma-,94,127,72675.623314,1.755151e-02,4,4,4.5,f,+3.5,-1,5,5,5.5,e,+5.5,-1
sigma+,sigma-,93,126,72675.624675,2.550421e-02,4,4,4.5,f,+2.5,-1,5,5,5.5,e,+4.5,-1
sigma+,sigma-,92,125,72675.626033,2.675274e-02,4,4,4.5,f,+1.5,-1,5,5,5.5,e,+3.5,-1
sigma+,sigma-,91,124,72675.627389,2.375637e-02,4,4,4.5,f,+0.5,-1,5,5,5.5,e,+2.5,-1
sigma+,sigma-,90,123,72675.628742,1.854093e-02,4,4,4.5,f,-0.5,-1,5,5,5.5,e,+1.5,-1
sigma+,sigma-,89,122,72675.630092,1.270086e-02,4,4,4.5,f,-1.5,-1,5,5,5.5,e,+0.5,-1
sigma+,sigma-,88,121,72675.631440,7.401257e-03,4,4,4.5,f,-2.5,-1,5,5,5.5,e,-0.5,-1
sigma+,sigma-,87,120,72675.632785,3.379948e-03,4,4,4.5,f,-3.5,-1,5,5,5.5,e,-1.5,-1
sigma+,sigma-,86,119,72675.634127,9.496248e-04,4,4,4.5,f,-4.5,-1,5,5,5.5,e,-2.5,-1
sigma+,sigma-,86,98,72679.193907,3.661105e-04,4,4,4.5,f,-4.5,-1,5,5,4.5,e,-2.5,-1
sigma+,sigma-,87,99,72679.199733,8.516133e-04,4,4,4.5,f,-3.5,-1,5,5,4.5,e,-1.5,-1
sigma+,sigma-,88,100,72679.205542,1.273485e-03,4,4,4.5,f,-2.5,-1,5,5,4.5,e,-0.5,-1
sigma+,sigma-,89,101,72679.211334,1.511406e-03,4,4,4.5,f,-1.5,-1,5,5,4.5,e,+0.5,-1
sigma+,sigma-,90,102,72679.217108,1.506794e-03,4,4,4.5,f,-0.5,-1,5,5,4.5,e,+1.5,-1
sigma+,sigma-,91,103,72679.222866,1.261864e-03,4,4,4.5,f,+0.5,-1,5,5,4.5,e,+2.5,-1
sigma+,sigma-,92,104,72679.228608,8.387010e-04,4,4,4.5,f,+1.5,-1,5,5,4.5,e,+3.5,-1
sigma+,sigma-,93,105,72679.234332,3.583624e-04,4,4,4.5,f,+2.5,-1,5,5,4.5,e,+4.5,-1
sigma+,sigma-,1,50,72716.992681,4.994444e-08,1,1,0.5,e,+0.5,-1,3,3,3.5,e,+2.5,-1
sigma+,sigma-,0,49,72717.195833,1.727851e-08,1,1,0.5,e,-0.5,-1,3,3,3.5,e,+1.5,-1
sigma+,sigma-,1,37,72722.828399,4.695331e-02,1,1,0.5,e,+0.5,-1,3,3,2.5,e,+2.5,-1
sigma+,sigma-,0,36,72723.015874,9.435472e-03,1,1,0.5,e,-0.5,-1,3,3,2.5,e,+1.5,-1
sigma+,sigma-,7,51,72732.025525,6.003298e-02,1,1,1.5,e,+1.5,-1,3,3,3.5,e,+3.5,-1
sigma+,sigma-,6,50,72732.103940,2.563555e-02,1,1,1.5,e,+0.5,-1,3,3,3.5,e,+2.5,-1
sigma+,sigma-,5,49,72732.181861,8.513999e-03,1,1,1.5,e,-0.5,-1,3,3,3.5,e,+1.5,-1
sigma+,sigma-,4,48,72732.259276,1.696516e-03,1,1,1.5,e,-1.5,-1,3,3,3.5,e,+0.5,-1
sigma+,sigma-,6,37,72737.939657,7.466745e-03,1,1,1.5,e,+0.5,-1,3,3,2.5,e,+2.5,-1
sigma+,sigma-,5,36,72738.001902,6.048089e-03,1,1,1.5,e,-0.5,-1,3,3,2.5,e,+1.5,-1
sigma+,sigma-,4,35,72738.063598,2.296836e-03,1,1,1.5,e,-1.5,-1,3,3,2.5,e,+0.5,-1
sigma+,sigma-,3,58,72743.438453,3.399672e-07,1,1,0.5,f,+0.5,+1,3,3,3.5,f,+2.5,+1
sigma+,sigma-,2,57,72743.640240,1.172930e-07,1,1,0.5,f,-0.5,+1,3,3,3.5,f,+1.5,+1
sigma+,sigma-,3,43,72749.272103,2.656659e-01,1,1,0.5,f,+0.5,+1,3,3,2.5,f,+2.5,+1
sigma+,sigma-,2,42,72749.459026,5.338592e-02,1,1,0.5,f,-0.5,+1,3,3,2.5,f,+1.5,+1
sigma+,sigma-,11,59,72758.469769,3.398810e-01,1,1,1.5,f,+1.5,+1,3,3,3.5,f,+3.5,+1
sigma+,sigma-,10,58,72758.548723,1.451670e-01,1,1,1.5,f,+0.5,+1,3,3,3.5,f,+2.5,+1
sigma+,sigma-,9,57,72758.627197,4.822238e-02,1,1,1.5,f,-0.5,+1,3,3,3.5,f,+1.5,+1
sigma+,sigma-,8,56,72758.705179,9.610921e-03,1,1,1.5,f,-1.5,+1,3,3,3.5,f,+0.5,+1
sigma+,sigma-,10,43,72764.382373,4.250153e-02,1,1,1.5,f,+0.5,+1,3,3,2.5,f,+2.5,+1
sigma+,sigma-,9,42,72764.445984,3.442286e-02,1,1,1.5,f,-0.5,+1,3,3,2.5,f,+1.5,+1
sigma+,sigma-,8,41,72764.509064,1.307108e-02,1,1,1.5,f,-1.5,+1,3,3,2.5,f,+0.5,+1
sigma+,sigma-,67,139,72803.379764,1.837857e-02,4,4,3.5,e,+3.5,+1,5,5,5.5,f,+5.5,+1
sigma+,sigma-,66,138,72803.396145,1.174510e-02,4,4,3.5,e,+2.5,+1,5,5,5.5,f,+4.5,+1
sigma+,sigma-,65,137,72803.412543,7.077042e-03,4,4,3.5,e,+1.5,+1,5,5,5.5,f,+3.5,+1
sigma+,sigma-,64,136,72803.428958,3.948452e-03,4,4,3.5,e,+0.5,+1,5,5,5.5,f,+2.5,+1
sigma+,sigma-,63,135,72803.445390,1.982661e-03,4,4,3.5,e,-0.5,+1,5,5,5.5,f,+1.5,+1
sigma+,sigma-,62,134,72803.461840,8.533499e-04,4,4,3.5,e,-1.5,+1,5,5,5.5,f,+0.5,+1
sigma+,sigma-,61,133,72803.478306,2.856705e-04,4,4,3.5,e,-2.5,+1,5,5,5.5,f,-0.5,+1
sigma+,sigma-,60,132,72803.494790,5.737977e-05,4,4,3.5,e,-3.5,+1,5,5,5.5,f,-1.5,+1
sigma+,sigma-,66,115,72807.003439,1.711187e-01,4,4,3.5,e,+2.5,+1,5,5,4.5,f,+4.5,+1
sigma+,sigma-,65,114,72807.013269,2.283206e-01,4,4,3.5,e,+1.5,+1,5,5,4.5,f,+3.5,+1
sigma+,sigma-,64,113,72807.023104,2.142038e-01,4,4,3.5,e,+0.5,+1,5,5,4.5,f,+2.5,+1
sigma+,sigma-,63,112,72807.032944,1.633204e-01,4,4,3.5,e,-0.5,+1,5,5,4.5,f,+1.5,+1
sigma+,sigma-,62,111,72807.042789,1.021492e-01,4,4,3.5,e,-1.5,+1,5,5,4.5,f,+0.5,+1
sigma+,sigma-,61,110,72807.052640,4.906732e-02,4,4,3.5,e,-2.5,+1,5,5,4.5,f,-0.5,+1
sigma+,sigma-,60,109,72807.062495,1.432179e-02,4,4,3.5,e,-3.5,+1,5,5,4.5,f,-1.5,+1
sigma+,sigma-,84,139,72807.849976,1.498118e-01,4,4,4.5,e,+3.5,+1,5,5,5.5,f,+5.5,+1
sigma+,sigma-,83,138,72807.856520,2.177005e-01,4,4,4.5,e,+2.5,+1,5,5,5.5,f,+4.5,+1
sigma+,sigma-,82,137,72807.863058,2.283664e-01,4,4,4.5,e,+1.5,+1,5,5,5.5,f,+3.5,+1
sigma+,sigma-,81,136,72807.869591,2.027965e-01,4,4,4.5,e,+0.5,+1,5,5,5.5,f,+2.5,+1
sigma+,sigma-,80,135,72807.876120,1.582809e-01,4,4,4.5,e,-0.5,+1,5,5,5.5,f,+1.5,+1
sigma+,sigma-,79,134,72807.882643,1.084294e-01,4,4,4.5,e,-1.5,+1,5,5,5.5,f,+0.5,+1
sigma+,sigma-,78,133,72807.889161,6.318828e-02,4,4,4.5,e,-2.5,+1,5,5,5.5,f,-0.5,+1
sigma+,sigma-,77,132,72807.895675,2.885747e-02,4,4,4.5,e,-3.5,+1,5,5,5.5,f,-1.5,+1
sigma+,sigma-,76,131,72807.902183,8.108075e-03,4,4,4.5,e,-4.5,+1,5,5,5.5,f,-2.5,+1
sigma+,sigma-,76,108,72811.463246,3.108565e-03,4,4,4.5,e,-4.5,+1,5,5,4.5,f,-2.5,+1
sigma+,sigma-,77,109,72811.463379,7.223842e-03,4,4,4.5,e,-3.5,+1,5,5,4.5,f,-1.5,+1
sigma+,sigma-,78,110,72811.463495,1.079194e-02,4,4,4.5,e,-2.5,+1,5,5,4.5,f,-0.5,+1
sigma+,sigma-,79,111,72811.463593,1.279584e-02,4,4,4.5,e,-1.5,+1,5,5,4.5,f,+0.5,+1
sigma+,sigma-,80,112,72811.463674,1.274459e-02,4,4,4.5,e,-0.5,+1,5,5,4.5,f,+1.5,+1
sigma+,sigma-,81,113,72811.463737,1.066278e-02,4,4,4.5,e,+0.5,+1,5,5,4.5,f,+2.5,+1
sigma+,sigma-,82,114,72811.463784,7.080318e-03,4,4,4.5,e,+1.5,+1,5,5,4.5,f,+3.5,+1
sigma+,sigma-,83,115,72811.463814,3.022441e-03,4,4,4.5,e,+2.5,+1,5,5,4.5,f,+4.5,+1
sigma+,sigma-,15,84,101813.703938,3.697176e-10,2,2,1.5,e,+1.5,+1,4,4,4.5,e,+3.5,+1
sigma+,sigma-,14,83,101813.762271,2.593758e-10,2,2,1.5,e,+0.5,+1,4,4,4.5,e,+2.5,+1
sigma+,sigma-,13,82,101813.820680,1.035979e-10,2,2,1.5,e,-0.5,+1,4,4,4.5,e,+1.5,+1
sigma+,sigma-,12,81,101813.879164,2.136901e-11,2,2,1.5,e,-1.5,+1,4,4,4.5,e,+0.5,+1
sigma+,sigma-,15,67,101818.174151,7.519014e-02,2,2,1.5,e,+1.5,+1,4,4,3.5,e,+3.5,+1
sigma+,sigma-,14,66,101818.222646,3.228008e-02,2,2,1.5,e,+0.5,+1,4,4,3.5,e,+2.5,+1
sigma+,sigma-,13,65,101818.271195,1.077882e-02,2,2,1.5,e,-0.5,+1,4,4,3.5,e,+1.5,+1
sigma+,sigma-,12,64,101818.319797,2.159569e-03,2,2,1.5,e,-1.5,+1,4,4,3.5,e,+0.5,+1
sigma+,sigma-,25,85,101822.057007,8.337914e-02,2,2,2.5,e,+2.5,+1,4,4,4.5,e,+4.5,+1
sigma+,sigma-,24,84,101822.082854,4.623959e-02,2,2,2.5,e,+1.5,+1,4,4,4.5,e,+3.5,+1
sigma+,sigma-,23,83,101822.108649,2.307844e-02,2,2,2.5,e,+0.5,+1,4,4,4.5,e,+2.5,+1
sigma+,sigma-,22,82,101822.134391,9.872924e-03,2,2,2.5,e,-0.5,+1,4,4,4.5,e,+1.5,+1
sigma+,sigma-,21,81,101822.160079,3.284990e-03,2,2,2.5,e,-1.5,+1,4,4,4.5,e,+0.5,+1
sigma+,sigma-,20,80,101822.185714,6.557929e-04,2,2,2.5,e,-2.5,+1,4,4,4.5,e,-0.5,+1
sigma+,sigma-,24,67,101826.553067,3.643806e-03,2,2,2.5,e,+1.5,+1,4,4,3.5,e,+3.5,+1
sigma+,sigma-,23,66,101826.569024,4.189253e-03,2,2,2.5,e,+0.5,+1,4,4,3.5,e,+2.5,+1
sigma+,sigma-,22,65,101826.584906,3.160881e-03,2,2,2.5,e,-0.5,+1,4,4,3.5,e,+1.5,+1
sigma+,sigma-,21,64,101826.600713,1.696049e-03,2,2,2.5,e,-1.5,+1,4,4,3.5,e,+0.5,+1
sigma+,sigma-,20,63,101826.616443,5.332631e-04,2,2,2.5,e,-2.5,+1,4,4,3.5,e,-0.5,+1
sigma+,sigma-,19,94,101850.730179,1.941447e-10,2,2,1.5,f,+1.5,-1,4,4,4.5,f,+3.5,-1
sigma+,sigma-,18,93,101850.787626,1.830738e-10,2,2,1.5,f,+0.5,-1,4,4,4.5,f,+2.5,-1
sigma+,sigma-,17,92,101850.845143,9.668065e-11,2,2,1.5,f,-0.5,-1,4,4,4.5,f,+1.5,-1
sigma+,sigma-,16,91,101850.902729,2.603787e-11,2,2,1.5,f,-1.5,-1,4,4,4.5,f,+0.5,-1
sigma+,sigma-,19,75,101855.198143,4.256694e-01,2,2,1.5,f,+1.5,-1,4,4,3.5,f,+3.5,-1
sigma+,sigma-,18,74,101855.246383,1.827383e-01,2,2,1.5,f,+0.5,-1,4,4,3.5,f,+2.5,-1
sigma+,sigma-,17,73,101855.294674,6.101677e-02,2,2,1.5,f,-0.5,-1,4,4,3.5,f,+1.5,-1
sigma+,sigma-,16,72,101855.343015,1.222439e-02,2,2,1.5,f,-1.5,-1,4,4,3.5,f,+0.5,-1
sigma+,sigma-,31,95,101859.081252,4.721292e-01,2,2,2.5,f,+2.5,-1,4,4,4.5,f,+4.5,-1
sigma+,sigma-,30,94,101859.107352,2.618607e-01,2,2,2.5,f,+1.5,-1,4,4,4.5,f,+3.5,-1
sigma+,sigma-,29,93,101859.133402,1.307123e-01,2,2,2.5,f,+0.5,-1,4,4,4.5,f,+2.5,-1
sigma+,sigma-,28,92,101859.159403,5.592554e-02,2,2,2.5,f,-0.5,-1,4,4,4.5,f,+1.5,-1
sigma+,sigma-,27,91,101859.185353,1.861031e-02,2,2,2.5,f,-1.5,-1,4,4,4.5,f,+0.5,-1
sigma+,sigma-,26,90,101859.211252,3.715715e-03,2,2,2.5,f,-2.5,-1,4,4,4.5,f,-0.5,-1
sigma+,sigma-,30,75,101863.575315,2.074286e-02,2,2,2.5,f,+1.5,-1,4,4,3.5,f,+3.5,-1
sigma+,sigma-,29,74,101863.592159,2.384497e-02,2,2,2.5,f,+0.5,-1,4,4,3.5,f,+2.5,-1
sigma+,sigma-,28,73,101863.608934,1.798927e-02,2,2,2.5,f,-0.5,-1,4,4,3.5,f,+1.5,-1
sigma+,sigma-,27,72,101863.625639,9.651338e-03,2,2,2.5,f,-1.5,-1,4,4,3.5,f,+0.5,-1
sigma+,sigma-,26,71,101863.642274,3.034121e-03,2,2,2.5,f,-2.5,-1,4,4,3.5,f,-0.5,-1
sigma+,sigma-,37,126,130906.258508,1.511708e-08,3,3,2.5,e,+2.5,-1,5,5,5.5,e,+4.5,-1
sigma+,sigma-,36,125,130906.285808,1.514444e-08,3,3,2.5,e,+1.5,-1,5,5,5.5,e,+3.5,-1
sigma+,sigma-,35,124,130906.313137,1.011437e-08,3,3,2.5,e,+0.5,-1,5,5,5.5,e,+2.5,-1
sigma+,sigma-,34,123,130906.340494,5.066142e-09,3,3,2.5,e,-0.5,-1,5,5,5.5,e,+1.5,-1
sigma+,sigma-,33,122,130906.367879,1.812504e-09,3,3,2.5,e,-1.5,-1,5,5,5.5,e,+0.5,-1
sigma+,sigma-,32,121,130906.395294,3.631278e-10,3,3,2.5,e,-2.5,-1,5,5,5.5,e,-0.5,-1
sigma+,sigma-,37,105,130909.868166,9.014637e-02,3,3,2.5,e,+2.5,-1,5,5,4.5,e,+4.5,-1
sigma+,sigma-,36,104,130909.888383,5.013026e-02,3,3,2.5,e,+1.5,-1,5,5,4.5,e,+3.5,-1
sigma+,sigma-,35,103,130909.908615,2.508980e-02,3,3,2.5,e,+0.5,-1,5,5,4.5,e,+2.5,-1
sigma+,sigma-,34,102,130909.928861,1.076343e-02,3,3,2.5,e,-0.5,-1,5,5,4.5,e,+1.5,-1
sigma+,sigma-,33,101,130909.949121,3.591394e-03,3,3,2.5,e,-1.5,-1,5,5,4.5,e,+0.5,-1
sigma+,sigma-,32,100,130909.969396,7.190013e-04,3,3,2.5,e,-2.5,-1,5,5,4.5,e,-0.5,-1
sigma+,sigma-,51,127,130912.082588,9.550562e-02,3,3,3.5,e,+3.5,-1,5,5,5.5,e,+5.5,-1
sigma+,sigma-,50,126,130912.094226,6.070763e-02,3,3,3.5,e,+2.5,-1,5,5,5.5,e,+4.5,-1
sigma+,sigma-,49,125,130912.105850,3.638314e-02,3,3,3.5,e,+1.5,-1,5,5,5.5,e,+3.5,-1
sigma+,sigma-,48,124,130912.117459,2.018970e-02,3,3,3.5,e,+0.5,-1,5,5,5.5,e,+2.5,-1
sigma+,sigma-,47,123,130912.129054,1.008320e-02,3,3,3.5,e,-0.5,-1,5,5,5.5,e,+1.5,-1
sigma+,sigma-,46,122,130912.140635,4.316352e-03,3,3,3.5,e,-1.5,-1,5,5,5.5,e,+0.5,-1
sigma+,sigma-,45,121,130912.152201,1.437100e-03,3,3,3.5,e,-2.5,-1,5,5,5.5,e,-0.5,-1
sigma+,sigma-,44,120,130912.163752,2.870814e-04,3,3,3.5,e,-3.5,-1,5,5,5.5,e,-1.5,-1
sigma+,sigma-,11,67,130914.776839,2.418327e-10,1,1,1.5,f,+1.5,+1,4,4,3.5,e,+3.5,+1
sigma+,sigma-,10,66,130914.851197,1.052052e-10,1,1,1.5,f,+0.5,+1,4,4,3.5,e,+2.5,+1
sigma+,sigma-,9,65,130914.925046,3.560024e-11,1,1,1.5,f,-0.5,+1,4,4,3.5,e,+1.5,+1
sigma+,sigma-,8,64,130914.998372,7.228700e-12,1,1,1.5,f,-1.5,+1,4,4,3.5,e,+0.5,+1
sigma+,sigma-,50,105,130915.703884,1.957225e-03,3,3,3.5,e,+2.5,-1,5,5,4.5,e,+4.5,-1
sigma+,sigma-,49,104,130915.708425,2.619915e-03,3,3,3.5,e,+1.5,-1,5,5,4.5,e,+3.5,-1
sigma+,sigma-,48,103,130915.712937,2.465908e-03,3,3,3.5,e,+0.5,-1,5,5,4.5,e,+2.5,-1
sigma+,sigma-,47,102,130915.717421,1.886281e-03,3,3,3.5,e,-0.5,-1,5,5,4.5,e,+1.5,-1
sigma+,sigma-,46,101,130915.721876,1.183657e-03,3,3,3.5,e,-1.5,-1,5,5,4.5,e,+0.5,-1
sigma+,sigma-,45,100,130915.726303,5.704497e-04,3,3,3.5,e,-2.5,-1,5,5,4.5,e,-0.5,-1
sigma+,sigma-,44,99,130915.730701,1.670572e-04,3,3,3.5,e,-3.5,-1,5,5,4.5,e,-1.5,-1
sigma+,sigma-,43,138,130953.864969,5.360289e-08,3,3,2.5,f,+2.5,+1,5,5,5.5,f,+4.5,+1
sigma+,sigma-,42,137,130953.891605,5.362582e-08,3,3,2.5,f,+1.5,+1,5,5,5.5,f,+3.5,+1
sigma+,sigma-,41,136,130953.918267,3.576468e-08,3,3,2.5,f,+0.5,+1,5,5,5.5,f,+2.5,+1
sigma+,sigma-,40,135,130953.944953,1.788882e-08,3,3,2.5,f,-0.5,+1,5,5,5.5,f,+1.5,+1
sigma+,sigma-,39,134,130953.971665,6.390959e-09,3,3,2.5,f,-1.5,+1,5,5,5.5,f,+0.5,+1
sigma+,sigma-,38,133,130953.998403,1.278567e-09,3,3,2.5,f,-2.5,+1,5,5,5.5,f,-0.5,+1
sigma+,sigma-,43,115,130957.472263,5.104231e-01,3,3,2.5,f,+2.5,+1,5,5,4.5,f,+4.5,+1
sigma+,sigma-,42,114,130957.492331,2.838346e-01,3,3,2.5,f,+1.5,+1,5,5,4.5,f,+3.5,+1
sigma+,sigma-,41,113,130957.512413,1.420515e-01,3,3,2.5,f,+0.5,+1,5,5,4.5,f,+2.5,+1
sigma+,sigma-,40,112,130957.532507,6.093713e-02,3,3,2.5,f,-0.5,+1,5,5,4.5,f,+1.5,+1
sigma+,sigma-,39,111,130957.552615,2.033184e-02,3,3,2.5,f,-1.5,+1,5,5,4.5,f,+0.5,+1
sigma+,sigma-,38,110,130957.572736,4.070291e-03,3,3,2.5,f,-2.5,+1,5,5,4.5,f,-0.5,+1
sigma+,sigma-,1,74,130957.920989,4.362700e-12,1,1,0.5,e,+0.5,-1,4,4,3.5,f,+2.5,-1
sigma+,sigma-,0,73,130958.125181,1.466958e-12,1,1,0.5,e,-0.5,-1,4,4,3.5,f,+1.5,-1
sigma+,sigma-,59,139,130959.686833,5.408301e-01,3,3,3.5,f,+3.5,+1,5,5,5.5,f,+5.5,+1
sigma+,sigma-,58,138,130959.698619,3.438056e-01,3,3,3.5,f,+2.5,+1,5,5,5.5,f,+4.5,+1
sigma+,sigma-,57,137,130959.710392,2.060668e-01,3,3,3.5,f,+1.5,+1,5,5,5.5,f,+3.5,+1
sigma+,sigma-,56,136,130959.722152,1.143605e-01,3,3,3.5,f,+0.5,+1,5,5,5.5,f,+2.5,+1
sigma+,sigma-,55,135,130959.733898,5.711944e-02,3,3,3.5,f,-0.5,+1,5,5,5.5,f,+1.5,+1
sigma+,sigma-,54,134,130959.745632,2.445355e-02,3,3,3.5,f,-1.5,+1,5,5,5.5,f,+0.5,+1
sigma+,sigma-,53,133,130959.757352,8.142397e-03,3,3,3.5,f,-2.5,+1,5,5,5.5,f,-0.5,+1
sigma+,sigma-,52,132,130959.769058,1.626712e-03,3,3,3.5,f,-3.5,+1,5,5,5.5,f,-1.5,+1
sigma+,sigma-,58,115,130963.305913,1.114201e-02,3,3,3.5,f,+2.5,+1,5,5,4.5,f,+4.5,+1
sigma+,sigma-,57,114,130963.311118,1.491262e-02,3,3,3.5,f,+1.5,+1,5,5,4.5,f,+3.5,+1
sigma+,sigma-,56,113,130963.316298,1.403416e-02,3,3,3.5,f,+0.5,+1,5,5,4.5,f,+2.5,+1
sigma+,sigma-,55,112,130963.321452,1.073390e-02,3,3,3.5,f,-0.5,+1,5,5,4.5,f,+1.5,+1
sigma+,sigma-,54,111,130963.326582,6.734696e-03,3,3,3.5,f,-1.5,+1,5,5,4.5,f,+0.5,+1
sigma+,sigma-,53,110,130963.331685,3.245258e-03,3,3,3.5,f,-2.5,+1,5,5,4.5,f,-0.5,+1
sigma+,sigma-,52,109,130963.336763,9.502459e-04,3,3,3.5,f,-3.5,+1,5,5,4.5,f,-1.5,+1
sigma+,sigma-,7,94,130968.484799,1.150614e-12,1,1,1.5,e,+1.5,-1,4,4,4.5,f,+3.5,-1
sigma+,sigma-,7,75,130972.952763,2.352704e-08,1,1,1.5,e,+1.5,-1,4,4,3.5,f,+3.5,-1
sigma+,sigma-,6,74,130973.032248,1.022342e-08,1,1,1.5,e,+0.5,-1,4,4,3.5,f,+2.5,-1
sigma+,sigma-,5,73,130973.111209,3.455592e-09,1,1,1.5,e,-0.5,-1,4,4,3.5,f,+1.5,-1
sigma+,sigma-,4,72,130973.189633,7.008804e-10,1,1,1.5,e,-1.5,-1,4,4,3.5,f,+0.5,-1
sigma+,sigma-,31,105,174538.281433,7.751184e-10,2,2,2.5,f,+2.5,-1,5,5,4.5,e,+4.5,-1
sigma+,sigma-,30,104,174538.301826,4.337250e-10,2,2,2.5,f,+1.5,-1,5,5,4.5,e,+3.5,-1
sigma+,sigma-,29,103,174538.322155,2.184300e-10,2,2,2.5,f,+0.5,-1,5,5,4.5,e,+2.5,-1
sigma+,sigma-,28,102,174538.342416,9.429144e-11,2,2,2.5,f,-0.5,-1,5,5,4.5,e,+1.5,-1
sigma+,sigma-,27,101,174538.362611,3.165900e-11,2,2,2.5,f,-1.5,-1,5,5,4.5,e,+0.5,-1
sigma+,sigma-,26,100,174538.382738,6.377975e-12,2,2,2.5,f,-2.5,-1,5,5,4.5,e,-0.5,-1
sigma+,sigma-,15,114,174625.128467,2.018408e-12,2,2,1.5,e,+1.5,+1,5,5,4.5,f,+3.5,+1
sigma+,sigma-,14,113,174625.186776,1.519084e-12,2,2,1.5,e,+0.5,+1,5,5,4.5,f,+2.5,+1
sigma+,sigma-,25,115,174633.481544,1.335035e-08,2,2,2.5,e,+2.5,+1,5,5,4.5,f,+4.5,+1
sigma+,sigma-,24,114,174633.507383,7.467296e-09,2,2,2.5,e,+1.5,+1,5,5,4.5,f,+3.5,+1
sigma+,sigma-,23,113,174633.533153,3.759129e-09,2,2,2.5,e,+0.5,+1,5,5,4.5,f,+2.5,+1
sigma+,sigma-,22,112,174633.558853,1.622090e-09,2,2,2.5,e,-0.5,+1,5,5,4.5,f,+1.5,+1
sigma+,sigma-,21,111,174633.584483,5.444134e-10,2,2,2.5,e,-1.5,+1,5,5,4.5,f,+0.5,+1
sigma+,sigma-,20,110,174633.610042,1.096340e-10,2,2,2.5,e,-2.5,+1,5,5,4.5,f,-0.5,+1
sigma-,sigma+,110,20,-174633.610042,1.096340e-10,5,5,4.5,f,-0.5,+1,2,2,2.5,e,-2.5,+1
sigma-,sigma+,111,21,-174633.584483,5.444134e-10,5,5,4.5,f,+0.5,+1,2,2,2.5,e,-1.5,+1
sigma-,sigma+,112,22,-174633.558853,1.622090e-09,5,5,4.5,f,+1.5,+1,2,2,2.5,e,-0.5,+1
sigma-,sigma+,113,23,-174633.533153,3.759129e-09,5,5,4.5,f,+2.5,+1,2,2,2.5,e,+0.5,+1
sigma-,sigma+,114,24,-174633.507383,7.467296e-09,5,5,4.5,f,+3.5,+1,2,2,2.5,e,+1.5,+1
sigma-,sigma+,115,25,-174633.481544,1.335035e-08,5,5,4.5,f,+4.5,+1,2,2,2.5,e,+2.5,+1
sigma-,sigma+,113,14,-174625.186776,1.519084e-12,5,5,4.5,f,+2.5,+1,2,2,1.5,e,+0.5,+1
sigma-,sigma+,114,15,-174625.128467,2.018408e-12,5,5,4.5,f,+3.5,+1,2,2,1.5,e,+1.5,+1
sigma-,sigma+,100,26,-174538.382738,6.377975e-12,5,5,4.5,e,-0.5,-1,2,2,2.5,f,-2.5,-1
sigma-,sigma+,101,27,-174538.362611,3.165900e-11,5,5,4.5,e,+0.5,-1,2,2,2.5,f,-1.5,-1
sigma-,sigma+,102,28,-174538.342416,9.429144e-11,5,5,4.5,e,+1.5,-1,2,2,2.5,f,-0.5,-1
sigma-,sigma+,103,29,-174538.322155,2.184300e-10,5,5,4.5,e,+2.5,-1,2,2,2.5,f,+0.5,-1
sigma-,sigma+,104,30,-174538.301826,4.337250e-10,5,5,4.5,e,+3.5,-1,2,2,2.5,f,+1.5,-1
sigma-,sigma+,105,31,-174538.281433,7.751184e-10,5,5,4.5,e,+4.5,-1,2,2,2.5,f,+2.5,-1
sigma-,sigma+,72,4,-130973.189633,7.008804e-10,4,4,3.5,f,+0.5,-1,1,1,1.5,e,-1.5,-1
sigma-,sigma+,73,5,-130973.111209,3.455592e-09,4,4,3.5,f,+1.5,-1,1,1,1.5,e,-0.5,-1
sigma-,sigma+,74,6,-130973.032248,1.022342e-08,4,4,3.5,f,+2.5,-1,1,1,1.5,e,+0.5,-1
sigma-,sigma+,75,7,-130972.952763,2.352704e-08,4,4,3.5,f,+3.5,-1,1,1,1.5,e,+1.5,-1
sigma-,sigma+,94,7,-130968.484799,1.150614e-12,4,4,4.5,f,+3.5,-1,1,1,1.5,e,+1.5,-1
sigma-,sigma+,109,52,-130963.336763,9.502459e-04,5,5,4.5,f,-1.5,+1,3,3,3.5,f,-3.5,+1
sigma-,sigma+,110,53,-130963.331685,3.245258e-03,5,5,4.5,f,-0.5,+1,3,3,3.5,f,-2.5,+1
sigma-,sigma+,111,54,-130963.326582,6.734696e-03,5,5,4.5,f,+0.5,+1,3,3,3.5,f,-1.5,+1
sigma-,sigma+,112,55,-130963.321452,1.073390e-02,5,5,4.5,f,+1.5,+1,3,3,3.5,f,-0.5,+1
sigma-,sigma+,113,56,-130963.316298,1.403416e-02,5,5,4.5,f,+2.5,+1,3,3,3.5,f,+0.5,+1
sigma-,sigma+,114,57,-130963.311118,1.491262e-02,5,5,4.5,f,+3.5,+1,3,3,3.5,f,+1.5,+1
sigma-,sigma+,115,58,-130963.305913,1.114201e-02,5,5,4.5,f,+4.5,+1,3,3,3.5,f,+2.5,+1
sigma-,sigma+,132,52,-130959.769058,1.626712e-03,5,5,5.5,f,-1.5,+1,3,3,3.5,f,-3.5,+1
sigma-,sigma+,133,53,-130959.757352,8.142397e-03,5,5,5.5,f,-0.5,+1,3,3,3.5,f,-2.5,+1
sigma-,sigma+,134,54,-130959.745632,2.445355e-02,5,5,5.5,f,+0.5,+1,3,3,3.5,f,-1.5,+1
sigma-,sigma+,135,55,-130959.733898,5.711944e-02,5,5,5.5,f,+1.5,+1,3,3,3.5,f,-0.5,+1
sigma-,sigma+,136,56,-130959.722152,1.143605e-01,5,5,5.5,f,+2.5,+1,3,3,3.5,f,+0.5,+1
sigma-,sigma+,137,57,-130959.710392,2.060668e-01,5,5,5.5,f,+3.5,+1,3,3,3.5,f,+1.5,+1
sigma-,sigma+,138,58,-130959.698619,3.438056e-01,5,5,5.5,f,+4.5,+1,3,3,3.5,f,+2.5,+1
sigma-,sigma+,139,59,-130959.686833,5.408301e-01,5,5,5.5,f,+5.5,+1,3,3,3.5,f,+3.5,+1
sigma-,sigma+,73,0,-130958.125181,1.466958e-12,4,4,3.5,f,+1.5,-1,1,1,0.5,e,-0.5,-1
sigma-,sigma+,74,1,-130957.920989,4.362700e-12,4,4,3.5,f,+2.5,-1,1,1,0.5,e,+0.5,-1
sigma-,sigma+,110,38,-130957.572736,4.070291e-03,5,5,4.5,f,-0.5,+1,3,3,2.5,f,-2.5,+1
sigma-,sigma+,111,39,-130957.552615,2.033184e-02,5,5,4.5,f,+0.5,+1,3,3,2.5,f,-1.5,+1
sigma-,sigma+,112,40,-130957.532507,6.093713e-02,5,5,4.5,f,+1.5,+1,3,3,2.5,f,-0.5,+1
sigma-,sigma+,113,41,-130957.512413,1.420515e-01,5,5,4.5,f,+2.5,+1,3,3,2.5,f,+0.5,+1
sigma-,sigma+,114,42,-130957.492331,2.838346e-01,5,5,4.5,f,+3.5,+1,3,3,2.5,f,+1.5,+1
sigma-,sigma+,115,43,-130957.472263,5.104231e-01,5,5,4.5,f,+4.5,+1,3,3,2.5,f,+2.5,+1
sigma-,sigma+,133,38,-130953.998403,1.278567e-09,5,5,5.5,f,-0.5,+1,3,3,2.5,f,-2.5,+1
sigma-,sigma+,134,39,-130953.971665,6.390959e-09,5,5,5.5,f,+0.5,+1,3,3,2.5,f,-1.5,+1
sigma-,sigma+,135,40,-130953.944953,1.788882e-08,5,5,5.5,f,+1.5,+1,3,3,2.5,f,-0.5,+1
sigma-,sigma+,136,41,-130953.918267,3.576468e-08,5,5,5.5,f,+2.5,+1,3,3,2.5,f,+0.5,+1
sigma-,sigma+,137,42,-130953.891605,5.362582e-08,5,5,5.5,f,+3.5,+1,3,3,2.5,f,+1.5,+1
sigma-,sigma+,138,43,-130953.864969,5.360289e-08,5,5,5.5,f,+4.5,+1,3,3,2.5,f,+2.5,+1
sigma-,sigma+,99,44,-130915.730701,1.670572e-04,5,5,4.5,e,-1.5,-1,3,3,3.5,e,-3.5,-1
sigma-,sigma+,100,45,-130915.726303,5.704497e-04,5,5,4.5,e,-0.5,-1,3,3,3.5,e,-2.5,-1
sigma-,sigma+,101,46,-130915.721876,1.183657e-03,5,5,4.5,e,+0.5,-1,3,3,3.5,e,-1.5,-1
sigma-,sigma+,102,47,-130915.717421,1.886281e-03,5,5,4.5,e,+1.5,-1,3,3,3.5,e,-0.5,-1
sigma-,sigma+,103,48,-130915.712937,2.465908e-03,5,5,4.5,e,+2.5,-1,3,3,3.5,e,+0.5,-1
sigma-,sigma+,104,49,-130915.708425,2.619915e-03,5,5,4.5,e,+3.5,-1,3,3,3.5,e,+1.5,-1
sigma-,sigma+,105,50,-130915.703884,1.957225e-03,5,5,4.5,e,+4.5,-1,3,3,3.5,e,+2.5,-1
sigma-,sigma+,64,8,-130914.998372,7.228700e-12,4,4,3.5,e,+0.5,+1,1,1,1.5,f,-1.5,+1
sigma-,sigma+,65,9,-130914.925046,3.560024e-11,4,4,3.5,e,+1.5,+1,1,1,1.5,f,-0.5,+1
sigma-,sigma+,66,10,-130914.851197,1.052052e-10,4,4,3.5,e,+2.5,+1,1,1,1.5,f,+0.5,+1
sigma-,sigma+,67,11,-130914.776839,2.418327e-10,4,4,3.5,e,+3.5,+1,1,1,1.5,f,+1.5,+1
sigma-,sigma+,120,44,-130912.163752,2.870814e-04,5,5,5.5,e,-1.5,-1,3,3,3.5,e,-3.5,-1
sigma-,sigma+,121,45,-130912.152201,1.437100e-03,5,5,5.5,e,-0.5,-1,3,3,3.5,e,-2.5,-1
sigma-,sigma+,122,46,-130912.140635,4.316352e-03,5,5,5.5,e,+0.5,-1,3,3,3.5,e,-1.5,-1
sigma-,sigma+,123,47,-130912.129054,1.008320e-02,5,5,5.5,e,+1.5,-1,3,3,3.5,e,-0.5,-1
sigma-,sigma+,124,48,-130912.117459,2.018970e-02,5,5,5.5,e,+2.5,-1,3,3,3.5,e,+0.5,-1
sigma-,sigma+,125,49,-130912.105850,3.638314e-02,5,5,5.5,e,+3.5,-1,3,3,3.5,e,+1.5,-1
sigma-,sigma+,126,50,-130912.094226,6.070763e-02,5,5,5.5,e,+4.5,-1,3,3,3.5,e,+2.5,-1
sigma-,sigma+,127,51,-130912.082588,9.550562e-02,5,5,5.5,e,+5.5,-1,3,3,3.5,e,+3.5,-1
sigma-,sigma+,100,32,-130909.969396,7.190013e-04,5,5,4.5,e,-0.5,-1,3,3,2.5,e,-2.5,-1
sigma-,sigma+,101,33,-130909.949121,3.591394e-03,5,5,4.5,e,+0.5,-1,3,3,2.5,e,-1.5,-1
sigma-,sigma+,102,34,-130909.928861,1.076343e-02,5,5,4.5,e,+1.5,-1,3,3,2.5,e,-0.5,-1
sigma-,sigma+,103,35,-130909.908615,2.508980e-02,5,5,4.5,e,+2.5,-1,3,3,2.5,e,+0.5,-1
sigma-,sigma+,104,36,-130909.888383,5.013026e-02,5,5,4.5,e,+3.5,-1,3,3,2.5,e,+1.5,-1
sigma-,sigma+,105,37,-130909.868166,9.014637e-02,5,5,4.5,e,+4.5,-1,3,3,2.5,e,+2.5,-1
sigma-,sigma+,121,32,-130906.395294,3.631278e-10,5,5,5.5,e,-0.5,-1,3,3,2.5,e,-2.5,-1
sigma-,sigma+,122,33,-130906.367879,1.812504e-09,5,5,5.5,e,+0.5,-1,3,3,2.5,e,-1.5,-1
sigma-,sigma+,123,34,-130906.340494,5.066142e-09,5,5,5.5,e,+1.5,-1,3,3,2.5,e,-0.5,-1
sigma-,sigma+,124,35,-130906.313137,1.011437e-08,5,5,5.5,e,+2.5,-1,3,3,2.5,e,+0.5,-1
sigma-,sigma+,125,36,-130906.285808,1.514444e-08,5,5,5.5,e,+3.5,-1,3,3,2.5,e,+1.5,-1
sigma-,sigma+,126,37,-130906.258508,1.511708e-08,5,5,5.5,e,+4.5,-1,3,3,2.5,e,+2.5,-1
sigma-,sigma+,71,26,-101863.642274,3.034121e-03,4,4,3.5,f,-0.5,-1,2,2,2.5,f,-2.5,-1
sigma-,sigma+,72,27,-101863.625639,9.651338e-03,4,4,3.5,f,+0.5,-1,2,2,2.5,f,-1.5,-1
sigma-,sigma+,73,28,-101863.608934,1.798927e-02,4,4,3.5,f,+1.5,-1,2,2,2.5,f,-0.5,-1
sigma-,sigma+,74,29,-101863.592159,2.384497e-02,4,4,3.5,f,+2.5,-1,2,2,2.5,f,+0.5,-1
sigma-,sigma+,75,30,-101863.575315,2.074286e-02,4,4,3.5,f,+3.5,-1,2,2,2.5,f,+1.5,-1
sigma-,sigma+,90,26,-101859.211252,3.715715e-03,4,4,4.5,f,-0.5,-1,2,2,2.5,f,-2.5,-1
sigma-,sigma+,91,27,-101859.185353,1.861031e-02,4,4,4.5,f,+0.5,-1,2,2,2.5,f,-1.5,-1
sigma-,sigma+,92,28,-101859.159403,5.592554e-02,4,4,4.5,f,+1.5,-1,2,2,2.5,f,-0.5,-1
sigma-,sigma+,93,29,-101859.133402,1.307123e-01,4,4,4.5,f,+2.5,-1,2,2,2.5,f,+0.5,-1
sigma-,sigma+,94,30,-101859.107352,2.618607e-01,4,4,4.5,f,+3.5,-1,2,2,2.5,f,+1.5,-1
sigma-,sigma+,95,31,-101859.081252,4.721292e-01,4,4,4.5,f,+4.5,-1,2,2,2.5,f,+2.5,-1
sigma-,sigma+,72,16,-101855.343015,1.222439e-02,4,4,3.5,f,+0.5,-1,2,2,1.5,f,-1.5,-1
sigma-,sigma+,73,17,-101855.294674,6.101677e-02,4,4,3.5,f,+1.5,-1,2,2,1.5,f,-0.5,-1
sigma-,sigma+,74,18,-101855.246383,1.827383e-01,4,4,3.5,f,+2.5,-1,2,2,1.5,f,+0.5,-1
sigma-,sigma+,75,19,-101855.198143,4.256694e-01,4,4,3.5,f,+3.5,-1,2,2,1.5,f,+1.5,-1
sigma-,sigma+,91,16,-101850.902729,2.603787e-11,4,4,4.5,f,+0.5,-1,2,2,1.5,f,-1.5,-1
sigma-,sigma+,92,17,-101850.845143,9.668065e-11,4,4,4.5,f,+1.5,-1,2,2,1.5,f,-0.5,-1
sigma-,sigma+,93,18,-101850.787626,1.830738e-10,4,4,4.5,f,+2.5,-1,2,2,1.5,f,+0.5,-1
sigma-,sigma+,94,19,-101850.730179,1.941447e-10,4,4,4.5,f,+3.5,-1,2,2,1.5,f,+1.5,-1
sigma-,sigma+,63,20,-101826.616443,5.332631e-04,4,4,3.5,e,-0.5,+1,2,2,2.5,e,-2.5,+1
sigma-,sigma+,64,21,-101826.600713,1.696049e-03,4,4,3.5,e,+0.5,+1,2,2,2.5,e,-1.5,+1
sigma-,sigma+,65,22,-101826.584906,3.160881e-03,4,4,3.5,e,+1.5,+1,2,2,2.5,e,-0.5,+1
sigma-,sigma+,66,23,-101826.569024,4.189253e-03,4,4,3.5,e,+2.5,+1,2,2,2.5,e,+0.5,+1
sigma-,sigma+,67,24,-101826.553067,3.643806e-03,4,4,3.5,e,+3.5,+1,2,2,2.5,e,+1.5,+1
sigma-,sigma+,80,20,-101822.185714,6.557929e-04,4,4,4.5,e,-0.5,+1,2,2,2.5,e,-2.5,+1
sigma-,sigma+,81,21,-101822.160079,3.284990e-03,4,4,4.5,e,+0.5,+1,2,2,2.5,e,-1.5,+1
sigma-,sigma+,82,22,-101822.134391,9.872924e-03,4,4,4.5,e,+1.5,+1,2,2,2.5,e,-0.5,+1
sigma-,sigma+,83,23,-101822.108649,2.307844e-02,4,4,4.5,e,+2.5,+1,2,2,2.5,e,+0.5,+1
sigma-,sigma+,84,24,-101822.082854,4.623959e-02,4,4,4.5,e,+3.5,+1,2,2,2.5,e,+1.5,+1
sigma-,sigma+,85,25,-101822.057007,8.337914e-02,4,4,4.5,e,+4.5,+1,2,2,2.5,e,+2.5,+1
sigma-,sigma+,64,12,-101818.319797,2.159569e-03,4,4,3.5,e,+0.5,+1,2,2,1.5,e,-1.5,+1
sigma-,sigma+,65,13,-101818.271195,1.077882e-02,4,4,3.5,e,+1.5,+1,2,2,1.5,e,-0.5,+1
sigma-,sigma+,66,14,-101818.222646,3.228008e-02,4,4,3.5,e,+2.5,+1,2,2,1.5,e,+0.5,+1
sigma-,sigma+,67,15,-101818.174151,7.519014e-02,4,4,3.5,e,+3.5,+1,2,2,1.5,e,+1.5,+1
sigma-,sigma+,81,12,-101813.879164,2.136901e-11,4,4,4.5,e,+0.5,+1,2,2,1.5,e,-1.5,+1
sigma-,sigma+,82,13,-101813.820680,1.035979e-10,4,4,4.5,e,+1.5,+1,2,2,1.5,e,-0.5,+1
sigma-,sigma+,83,14,-101813.762271,2.593758e-10,4,4,4.5,e,+2.5,+1,2,2,1.5,e,+0.5,+1
sigma-,sigma+,84,15,-101813.703938,3.697176e-10,4,4,4.5,e,+3.5,+1,2,2,1.5,e,+1.5,+1
sigma-,sigma+,115,83,-72811.463814,3.022441e-03,5,5,4.5,f,+4.5,+1,4,4,4.5,e,+2.5,+1
sigma-,sigma+,114,82,-72811.463784,7.080318e-03,5,5,4.5,f,+3.5,+1,4,4,4.5,e,+1.5,+1
sigma-,sigma+,113,81,-72811.463737,1.066278e-02,5,5,4.5,f,+2.5,+1,4,4,4.5,e,+0.5,+1
sigma-,sigma+,112,80,-72811.463674,1.274459e-02,5,5,4.5,f,+1.5,+1,4,4,4.5,e,-0.5,+1
sigma-,sigma+,111,79,-72811.463593,1.279584e-02,5,5,4.5,f,+0.5,+1,4,4,4.5,e,-1.5,+1
sigma-,sigma+,110,78,-72811.463495,1.079194e-02,5,5,4.5,f,-0.5,+1,4,4,4.5,e,-2.5,+1
sigma-,sigma+,109,77,-72811.463379,7.223842e-03,5,5,4.5,f,-1.5,+1,4,4,4.5,e,-3.5,+1
sigma-,sigma+,108,76,-72811.463246,3.108565e-03,5,5,4.5,f,-2.5,+1,4,4,4.5,e,-4.5,+1
sigma-,sigma+,131,76,-72807.902183,8.108075e-03,5,5,5.5,f,-2.5,+1,4,4,4.5,e,-4.5,+1
sigma-,sigma+,132,77,-72807.895675,2.885747e-02,5,5,5.5,f,-1.5,+1,4,4,4.5,e,-3.5,+1
sigma-,sigma+,133,78,-72807.889161,6.318828e-02,5,5,5.5,f,-0.5,+1,4,4,4.5,e,-2.5,+1
sigma-,sigma+,134,79,-72807.882643,1.084294e-01,5,5,5.5,f,+0.5,+1,4,4,4.5,e,-1.5,+1
sigma-,sigma+,135,80,-72807.876120,1.582809e-01,5,5,5.5,f,+1.5,+1,4,4,4.5,e,-0.5,+1
sigma-,sigma+,136,81,-72807.869591,2.027965e-01,5,5,5.5,f,+2.5,+1,4,4,4.5,e,+0.5,+1
sigma-,sigma+,137,82,-72807.863058,2.283664e-01,5,5,5.5,f,+3.5,+1,4,4,4.5,e,+1.5,+1
sigma-,sigma+,138,83,-72807.856520,2.177005e-01,5,5,5.5,f,+4.5,+1,4,4,4.5,e,+2.5,+1
sigma-,sigma+,139,84,-72807.849976,1.498118e-01,5,5,5.5,f,+5.5,+1,4,4,4.5,e,+3.5,+1
sigma-,sigma+,109,60,-72807.062495,1.432179e-02,5,5,4.5,f,-1.5,+1,4,4,3.5,e,-3.5,+1
sigma-,sigma+,110,61,-72807.052640,4.906732e-02,5,5,4.5,f,-0.5,+1,4,4,3.5,e,-2.5,+1
sigma-,sigma+,111,62,-72807.042789,1.021492e-01,5,5,4.5,f,+0.5,+1,4,4,3.5,e,-1.5,+1
sigma-,sigma+,112,63,-72807.032944,1.633204e-01,5,5,4.5,f,+1.5,+1,4,4,3.5,e,-0.5,+1
sigma-,sigma+,113,64,-72807.023104,2.142038e-01,5,5,4.5,f,+2.5,+1,4,4,3.5,e,+0.5,+1
sigma-,sigma+,114,65,-72807.013269,2.283206e-01,5,5,4.5,f,+3.5,+1,4,4,3.5,e,+1.5,+1
sigma-,sigma+,115,66,-72807.003439,1.711187e-01,5,5,4.5,f,+4.5,+1,4,4,3.5,e,+2.5,+1
sigma-,sigma+,132,60,-72803.494790,5.737977e-05,5,5,5.5,f,-1.5,+1,4,4,3.5,e,-3.5,+1
sigma-,sigma+,133,61,-72803.478306,2.856705e-04,5,5,5.5,f,-0.5,+1,4,4,3.5,e,-2.5,+1
sigma-,sigma+,134,62,-72803.461840,8.533499e-04,5,5,5.5,f,+0.5,+1,4,4,3.5,e,-1.5,+1
sigma-,sigma+,135,63,-72803.445390,1.982661e-03,5,5,5.5,f,+1.5,+1,4,4,3.5,e,-0.5,+1
sigma-,sigma+,136,64,-72803.428958,3.948452e-03,5,5,5.5,f,+2.5,+1,4,4,3.5,e,+0.5,+1
sigma-,sigma+,137,65,-72803.412543,7.077042e-03,5,5,5.5,f,+3.5,+1,4,4,3.5,e,+1.5,+1
sigma-,sigma+,138,66,-72803.396145,1.174510e-02,5,5,5.5,f,+4.5,+1,4,4,3.5,e,+2.5,+1
sigma-,sigma+,139,67,-72803.379764,1.837857e-02,5,5,5.5,f,+5.5,+1,4,4,3.5,e,+3.5,+1
sigma-,sigma+,41,8,-72764.509064,1.307108e-02,3,3,2.5,f,+0.5,+1,1,1,1.5,f,-1.5,+1
sigma-,sigma+,42,9,-72764.445984,3.442286e-02,3,3,2.5,f,+1.5,+1,1,1,1.5,f,-0.5,+1
sigma-,sigma+,43,10,-72764.382373,4.250153e-02,3,3,2.5,f,+2.5,+1,1,1,1.5,f,+0.5,+1
sigma-,sigma+,56,8,-72758.705179,9.610921e-03,3,3,3.5,f,+0.5,+1,1,1,1.5,f,-1.5,+1
sigma-,sigma+,57,9,-72758.627197,4.822238e-02,3,3,3.5,f,+1.5,+1,1,1,1.5,f,-0.5,+1
sigma-,sigma+,58,10,-72758.548723,1.451670e-01,3,3,3.5,f,+2.5,+1,1,1,1.5,f,+0.5,+1
sigma-,sigma+,59,11,-72758.469769,3.398810e-01,3,3,3.5,f,+3.5,+1,1,1,1.5,f,+1.5,+1
sigma-,sigma+,42,2,-72749.459026,5.338592e-02,3,3,2.5,f,+1.5,+1,1,1,0.5,f,-0.5,+1
sigma-,sigma+,43,3,-72749.272103,2.656659e-01,3,3,2.5,f,+2.5,+1,1,1,0.5,f,+0.5,+1
sigma-,sigma+,57,2,-72743.640240,1.172930e-07,3,3,3.5,f,+1.5,+1,1,1,0.5,f,-0.5,+1
sigma-,sigma+,58,3,-72743.438453,3.399672e-07,3,3,3.5,f,+2.5,+1,1,1,0.5,f,+0.5,+1
sigma-,sigma+,35,4,-72738.063598,2.296836e-03,3,3,2.5,e,+0.5,-1,1,1,1.5,e,-1.5,-1
sigma-,sigma+,36,5,-72738.001902,6.048089e-03,3,3,2.5,e,+1.5,-1,1,1,1.5,e,-0.5,-1
sigma-,sigma+,37,6,-72737.939657,7.466745e-03,3,3,2.5,e,+2.5,-1,1,1,1.5,e,+0.5,-1
sigma-,sigma+,48,4,-72732.259276,1.696516e-03,3,3,3.5,e,+0.5,-1,1,1,1.5,e,-1.5,-1
sigma-,sigma+,49,5,-72732.181861,8.513999e-03,3,3,3.5,e,+1.5,-1,1,1,1.5,e,-0.5,-1
sigma-,sigma+,50,6,-72732.103940,2.563555e-02,3,3,3.5,e,+2.5,-1,1,1,1.5,e,+0.5,-1
sigma-,sigma+,51,7,-72732.025525,6.003298e-02,3,3,3.5,e,+3.5,-1,1,1,1.5,e,+1.5,-1
sigma-,sigma+,36,0,-72723.015874,9.435472e-03,3,3,2.5,e,+1.5,-1,1,1,0.5,e,-0.5,-1
sigma-,sigma+,37,1,-72722.828399,4.695331e-02,3,3,2.5,e,+2.5,-1,1,1,0.5,e,+0.5,-1
sigma-,sigma+,49,0,-72717.195833,1.727851e-08,3,3,3.5,e,+1.5,-1,1,1,0.5,e,-0.5,-1
sigma-,sigma+,50,1,-72716.992681,4.994444e-08,3,3,3.5,e,+2.5,-1,1,1,0.5,e,+0.5,-1
sigma-,sigma+,105,93,-72679.234332,3.583624e-04,5,5,4.5,e,+4.5,-1,4,4,4.5,f,+2.5,-1
sigma-,sigma+,104,92,-72679.228608,8.387010e-04,5,5,4.5,e,+3.5,-1,4,4,4.5,f,+1.5,-1
sigma-,sigma+,103,91,-72679.222866,1.261864e-03,5,5,4.5,e,+2.5,-1,4,4,4.5,f,+0.5,-1
sigma-,sigma+,102,90,-72679.217108,1.506794e-03,5,5,4.5,e,+1.5,-1,4,4,4.5,f,-0.5,-1
sigma-,sigma+,101,89,-72679.211334,1.511406e-03,5,5,4.5,e,+0.5,-1,4,4,4.5,f,-1.5,-1
sigma-,sigma+,100,88,-72679.205542,1.273485e-03,5,5,4.5,e,-0.5,-1,4,4,4.5,f,-2.5,-1
sigma-,sigma+,99,87,-72679.199733,8.516133e-04,5,5,4.5,e,-1.5,-1,4,4,4.5,f,-3.5,-1
sigma-,sigma+,98,86,-72679.193907,3.661105e-04,5,5,4.5,e,-2.5,-1,4,4,4.5,f,-4.5,-1
sigma-,sigma+,119,86,-72675.634127,9.496248e-04,5,5,5.5,e,-2.5,-1,4,4,4.5,f,-4.5,-1
sigma-,sigma+,120,87,-72675.632785,3.379948e-03,5,5,5.5,e,-1.5,-1,4,4,4.5,f,-3.5,-1
sigma-,sigma+,121,88,-72675.631440,7.401257e-03,5,5,5.5,e,-0.5,-1,4,4,4.5,f,-2.5,-1
sigma-,sigma+,122,89,-72675.630092,1.270086e-02,5,5,5.5,e,+0.5,-1,4,4,4.5,f,-1.5,-1
sigma-,sigma+,123,90,-72675.628742,1.854093e-02,5,5,5.5,e,+1.5,-1,4,4,4.5,f,-0.5,-1
sigma-,sigma+,124,91,-72675.627389,2.375637e-02,5,5,5.5,e,+2.5,-1,4,4,4.5,f,+0.5,-1
sigma-,sigma+,125,92,-72675.626033,2.675274e-02,5,5,5.5,e,+3.5,-1,4,4,4.5,f,+1.5,-1
sigma-,sigma+,126,93,-72675.624675,2.550421e-02,5,5,5.5,e,+4.5,-1,4,4,4.5,f,+2.5,-1
sigma-,sigma+,127,94,-72675.623314,1.755151e-02,5,5,5.5,e,+5.5,-1,4,4,4.5,f,+3.5,-1
sigma-,sigma+,99,68,-72674.796622,1.678675e-03,5,5,4.5,e,-1.5,-1,4,4,3.5,f,-3.5,-1
sigma-,sigma+,100,69,-72674.793108,5.751377e-03,5,5,4.5,e,-0.5,-1,4,4,3.5,f,-2.5,-1
sigma-,sigma+,101,70,-72674.789596,1.197359e-02,5,5,4.5,e,+0.5,-1,4,4,3.5,f,-1.5,-1
sigma-,sigma+,102,71,-72674.786087,1.914432e-02,5,5,4.5,e,+1.5,-1,4,4,3.5,f,-0.5,-1
sigma-,sigma+,103,72,-72674.782580,2.510942e-02,5,5,4.5,e,+2.5,-1,4,4,3.5,f,+0.5,-1
sigma-,sigma+,104,73,-72674.779077,2.676483e-02,5,5,4.5,e,+3.5,-1,4,4,3.5,f,+1.5,-1
sigma-,sigma+,105,74,-72674.775575,2.005980e-02,5,5,4.5,e,+4.5,-1,4,4,3.5,f,+2.5,-1
sigma-,sigma+,120,68,-72671.229674,6.873699e-06,5,5,5.5,e,-1.5,-1,4,4,3.5,f,-3.5,-1
sigma-,sigma+,121,69,-72671.219006,3.412102e-05,5,5,5.5,e,-0.5,-1,4,4,3.5,f,-2.5,-1
sigma-,sigma+,122,70,-72671.208354,1.016276e-04,5,5,5.5,e,+0.5,-1,4,4,3.5,f,-1.5,-1
sigma-,sigma+,123,71,-72671.197720,2.354312e-04,5,5,5.5,e,+1.5,-1,4,4,3.5,f,-0.5,-1
sigma-,sigma+,124,72,-72671.187103,4.674946e-04,5,5,5.5,e,+2.5,-1,4,4,3.5,f,+0.5,-1
sigma-,sigma+,125,73,-72671.176502,8.354848e-04,5,5,5.5,e,+3.5,-1,4,4,3.5,f,+1.5,-1
sigma-,sigma+,126,74,-72671.165918,1.382559e-03,5,5,5.5,e,+4.5,-1,4,4,3.5,f,+2.5,-1
sigma-,sigma+,127,75,-72671.155350,2.157155e-03,5,5,5.5,e,+5.5,-1,4,4,3.5,f,+3.5,-1
sigma-,sigma+,70,44,-58240.986741,8.370079e-03,4,4,3.5,f,-1.5,-1,3,3,3.5,e,-3.5,-1
sigma-,sigma+,71,45,-58240.985839,1.784710e-02,4,4,3.5,f,-0.5,-1,3,3,3.5,e,-2.5,-1
sigma-,sigma+,72,46,-58240.984904,2.367901e-02,4,4,3.5,f,+0.5,-1,3,3,3.5,e,-1.5,-1
sigma-,sigma+,73,47,-58240.983938,2.356313e-02,4,4,3.5,f,+1.5,-1,3,3,3.5,e,-0.5,-1
sigma-,sigma+,74,48,-58240.982941,1.758634e-02,4,4,3.5,f,+2.5,-1,3,3,3.5,e,+0.5,-1
sigma-,sigma+,75,49,-58240.981914,8.167246e-03,4,4,3.5,f,+3.5,-1,3,3,3.5,e,+1.5,-1
sigma-,sigma+,89,44,-58236.565004,1.640258e-02,4,4,4.5,f,-1.5,-1,3,3,3.5,e,-3.5,-1
sigma-,sigma+,90,45,-58236.554817,5.632345e-02,4,4,4.5,f,-0.5,-1,3,3,3.5,e,-2.5,-1
sigma-,sigma+,91,46,-58236.544618,1.175186e-01,4,4,4.5,f,+0.5,-1,3,3,3.5,e,-1.5,-1
sigma-,sigma+,92,47,-58236.534407,1.883130e-01,4,4,4.5,f,+1.5,-1,3,3,3.5,e,-0.5,-1
sigma-,sigma+,93,48,-58236.524184,2.475301e-01,4,4,4.5,f,+2.5,-1,3,3,3.5,e,+0.5,-1
sigma-,sigma+,94,49,-58236.513950,2.644237e-01,4,4,4.5,f,+3.5,-1,3,3,3.5,e,+1.5,-1
sigma-,sigma+,95,50,-58236.503703,1.986097e-01,4,4,4.5,f,+4.5,-1,3,3,3.5,e,+2.5,-1
sigma-,sigma+,71,32,-58235.228932,3.287635e-02,4,4,3.5,f,-0.5,-1,3,3,2.5,e,-2.5,-1
sigma-,sigma+,72,33,-58235.212149,1.050939e-01,4,4,3.5,f,+0.5,-1,3,3,2.5,e,-1.5,-1
sigma-,sigma+,73,34,-58235.195378,1.968457e-01,4,4,3.5,f,+1.5,-1,3,3,2.5,e,-0.5,-1
sigma-,sigma+,74,35,-58235.178619,2.621894e-01,4,4,3.5,f,+2.5,-1,3,3,2.5,e,+0.5,-1
sigma-,sigma+,75,36,-58235.161872,2.291799e-01,4,4,3.5,f,+3.5,-1,3,3,2.5,e,+1.5,-1
sigma-,sigma+,90,32,-58230.797910,2.639475e-04,4,4,4.5,f,-0.5,-1,3,3,2.5,e,-2.5,-1
sigma-,sigma+,91,33,-58230.771863,1.313788e-03,4,4,4.5,f,+0.5,-1,3,3,2.5,e,-1.5,-1
sigma-,sigma+,92,34,-58230.745847,3.923639e-03,4,4,4.5,f,+1.5,-1,3,3,2.5,e,-0.5,-1
sigma-,sigma+,93,35,-58230.719862,9.114076e-03,4,4,4.5,f,+2.5,-1,3,3,2.5,e,+0.5,-1
sigma-,sigma+,94,36,-58230.693909,1.814654e-02,4,4,4.5,f,+3.5,-1,3,3,2.5,e,+1.5,-1
sigma-,sigma+,95,37,-58230.667986,3.251788e-02,4,4,4.5,f,+4.5,-1,3,3,2.5,e,+2.5,-1
sigma-,sigma+,67,57,-58156.356802,4.768090e-04,4,4,3.5,e,+3.5,+1,3,3,3.5,f,+1.5,+1
sigma-,sigma+,66,56,-58156.352168,1.025932e-03,4,4,3.5,e,+2.5,+1,3,3,3.5,f,+0.5,+1
sigma-,sigma+,65,55,-58156.347505,1.373563e-03,4,4,3.5,e,+1.5,+1,3,3,3.5,f,-0.5,+1
sigma-,sigma+,64,54,-58156.342811,1.379272e-03,4,4,3.5,e,+0.5,+1,3,3,3.5,f,-1.5,+1
sigma-,sigma+,63,53,-58156.338087,1.038779e-03,4,4,3.5,e,-0.5,+1,3,3,3.5,f,-2.5,+1
sigma-,sigma+,62,52,-58156.333332,4.868018e-04,4,4,3.5,e,-1.5,+1,3,3,3.5,f,-3.5,+1
sigma-,sigma+,79,52,-58151.912528,9.468617e-04,4,4,4.5,e,-1.5,+1,3,3,3.5,f,-3.5,+1
sigma-,sigma+,80,53,-58151.907357,3.251518e-03,4,4,4.5,e,-0.5,+1,3,3,3.5,f,-2.5,+1
sigma-,sigma+,81,54,-58151.902178,6.784625e-03,4,4,4.5,e,+0.5,+1,3,3,3.5,f,-1.5,+1
sigma-,sigma+,82,55,-58151.896990,1.087230e-02,4,4,4.5,e,+1.5,+1,3,3,3.5,f,-0.5,+1
sigma-,sigma+,83,56,-58151.891794,1.429193e-02,4,4,4.5,e,+2.5,+1,3,3,3.5,f,+0.5,+1
sigma-,sigma+,84,57,-58151.886589,1.526809e-02,4,4,4.5,e,+3.5,+1,3,3,3.5,f,+1.5,+1
sigma-,sigma+,85,58,-58151.881376,1.146848e-02,4,4,4.5,e,+4.5,+1,3,3,3.5,f,+2.5,+1
sigma-,sigma+,63,38,-58150.579138,1.900305e-03,4,4,3.5,e,-0.5,+1,3,3,2.5,f,-2.5,+1
sigma-,sigma+,64,39,-58150.568844,6.074738e-03,4,4,3.5,e,+0.5,+1,3,3,2.5,f,-1.5,+1
sigma-,sigma+,65,40,-58150.558559,1.137853e-02,4,4,3.5,e,+1.5,+1,3,3,2.5,f,-0.5,+1
sigma-,sigma+,66,41,-58150.548283,1.515603e-02,4,4,3.5,e,+2.5,+1,3,3,2.5,f,+0.5,+1
sigma-,sigma+,67,42,-58150.538015,1.324820e-02,4,4,3.5,e,+3.5,+1,3,3,2.5,f,+1.5,+1
sigma-,sigma+,80,38,-58146.148408,1.545176e-05,4,4,4.5,e,-0.5,+1,3,3,2.5,f,-2.5,+1
sigma-,sigma+,81,39,-58146.128211,7.673138e-05,4,4,4.5,e,+0.5,+1,3,3,2.5,f,-1.5,+1
sigma-,sigma+,82,40,-58146.108045,2.286272e-04,4,4,4.5,e,+1.5,+1,3,3,2.5,f,-0.5,+1
sigma-,sigma+,83,41,-58146.087908,5.298422e-04,4,4,4.5,e,+2.5,+1,3,3,2.5,f,+0.5,+1
sigma-,sigma+,84,42,-58146.067802,1.052511e-03,4,4,4.5,e,+3.5,+1,3,3,2.5,f,+1.5,+1
sigma-,sigma+,85,43,-58146.047726,1.881731e-03,4,4,4.5,e,+4.5,+1,3,3,2.5,f,+2.5,+1
sigma-,sigma+,40,20,-43676.116881,3.065378e-02,3,3,2.5,f,-0.5,+1,2,2,2.5,e,-2.5,+1
sigma-,sigma+,41,21,-43676.111404,5.478584e-02,3,3,2.5,f,+0.5,+1,2,2,2.5,e,-1.5,+1
sigma-,sigma+,42,22,-43676.105844,5.440063e-02,3,3,2.5,f,+1.5,+1,2,2,2.5,e,-0.5,+1
sigma-,sigma+,43,23,-43676.100199,3.001170e-02,3,3,2.5,f,+2.5,+1,2,2,2.5,e,+0.5,+1
sigma-,sigma+,55,20,-43670.327935,4.009091e-02,3,3,3.5,f,-0.5,+1,2,2,2.5,e,-2.5,+1
sigma-,sigma+,56,21,-43670.307519,1.286713e-01,3,3,3.5,f,+0.5,+1,2,2,2.5,e,-1.5,+1
sigma-,sigma+,57,22,-43670.287057,2.419662e-01,3,3,3.5,f,+1.5,+1,2,2,2.5,e,-0.5,+1
sigma-,sigma+,58,23,-43670.266549,3.235578e-01,3,3,3.5,f,+2.5,+1,2,2,2.5,e,+0.5,+1
sigma-,sigma+,59,24,-43670.245997,2.839260e-01,3,3,3.5,f,+3.5,+1,2,2,2.5,e,+1.5,+1
sigma-,sigma+,41,12,-43667.830489,9.737728e-02,3,3,2.5,f,+0.5,+1,2,2,1.5,e,-1.5,+1
sigma-,sigma+,42,13,-43667.792132,2.591980e-01,3,3,2.5,f,+1.5,+1,2,2,1.5,e,-0.5,+1
sigma-,sigma+,43,14,-43667.753822,3.234109e-01,3,3,2.5,f,+2.5,+1,2,2,1.5,e,+0.5,+1
sigma-,sigma+,56,12,-43662.026604,2.019771e-03,3,3,3.5,f,+0.5,+1,2,2,1.5,e,-1.5,+1
sigma-,sigma+,57,13,-43661.973346,1.005002e-02,3,3,3.5,f,+1.5,+1,2,2,1.5,e,-0.5,+1
sigma-,sigma+,58,14,-43661.920172,3.000459e-02,3,3,3.5,f,+2.5,+1,2,2,1.5,e,+0.5,+1
sigma-,sigma+,59,15,-43661.867081,6.967372e-02,3,3,3.5,f,+3.5,+1,2,2,1.5,e,+1.5,+1
sigma-,sigma+,36,28,-43628.499627,5.636829e-04,3,3,2.5,e,+1.5,-1,2,2,2.5,f,-0.5,-1
sigma-,sigma+,35,27,-43628.499605,5.673573e-04,3,3,2.5,e,+0.5,-1,2,2,2.5,f,-1.5,-1
sigma-,sigma+,37,29,-43628.499568,3.111445e-04,3,3,2.5,e,+2.5,-1,2,2,2.5,f,+0.5,-1
sigma-,sigma+,34,26,-43628.499500,3.172693e-04,3,3,2.5,e,-0.5,-1,2,2,2.5,f,-2.5,-1
sigma-,sigma+,47,26,-43622.710940,4.078846e-04,3,3,3.5,e,-0.5,-1,2,2,2.5,f,-2.5,-1
sigma-,sigma+,48,27,-43622.695282,1.309199e-03,3,3,3.5,e,+0.5,-1,2,2,2.5,f,-1.5,-1
sigma-,sigma+,49,28,-43622.679586,2.462129e-03,3,3,3.5,e,+1.5,-1,2,2,2.5,f,-0.5,-1
sigma-,sigma+,50,29,-43622.663851,3.292602e-03,3,3,3.5,e,+2.5,-1,2,2,2.5,f,+0.5,-1
sigma-,sigma+,51,30,-43622.648077,2.889502e-03,3,3,3.5,e,+3.5,-1,2,2,2.5,f,+1.5,-1
sigma-,sigma+,35,16,-43620.216981,9.940013e-04,3,3,2.5,e,+0.5,-1,2,2,1.5,f,-1.5,-1
sigma-,sigma+,36,17,-43620.185367,2.645818e-03,3,3,2.5,e,+1.5,-1,2,2,1.5,f,-0.5,-1
sigma-,sigma+,37,18,-43620.153792,3.301274e-03,3,3,2.5,e,+2.5,-1,2,2,1.5,f,+0.5,-1
sigma-,sigma+,48,16,-43614.412658,2.076990e-05,3,3,3.5,e,+0.5,-1,2,2,1.5,f,-1.5,-1
sigma-,sigma+,49,17,-43614.365326,1.031638e-04,3,3,3.5,e,+1.5,-1,2,2,1.5,f,-0.5,-1
sigma-,sigma+,50,18,-43614.318075,3.074549e-04,3,3,3.5,e,+2.5,-1,2,2,1.5,f,+0.5,-1
sigma-,sigma+,51,19,-43614.270904,7.126903e-04,3,3,3.5,e,+3.5,-1,2,2,1.5,f,+1.5,-1
sigma-,sigma+,18,4,-29117.995834,1.995865e-01,2,2,1.5,f,+0.5,-1,1,1,1.5,e,-1.5,-1
sigma-,sigma+,19,5,-29117.965632,1.967658e-01,2,2,1.5,f,+1.5,-1,1,1,1.5,e,-0.5,-1
sigma-,sigma+,29,4,-29109.650058,1.304837e-01,2,2,2.5,f,+0.5,-1,1,1,1.5,e,-1.5,-1
sigma-,sigma+,30,5,-29109.588459,3.514252e-01,2,2,2.5,f,+1.5,-1,1,1,1.5,e,-0.5,-1
sigma-,sigma+,31,6,-29109.526391,4.435666e-01,2,2,2.5,f,+2.5,-1,1,1,1.5,e,+0.5,-1
sigma-,sigma+,19,0,-29102.979604,3.981675e-01,2,2,1.5,f,+1.5,-1,1,1,0.5,e,-0.5,-1
sigma-,sigma+,14,8,-29096.834701,2.009609e-03,2,2,1.5,e,+0.5,+1,1,1,1.5,f,-1.5,+1
sigma-,sigma+,15,9,-29096.809848,1.982055e-03,2,2,1.5,e,+1.5,+1,1,1,1.5,f,-0.5,+1
sigma-,sigma+,30,0,-29094.602431,4.351450e-02,2,2,2.5,f,+1.5,-1,1,1,0.5,e,-0.5,-1
sigma-,sigma+,31,1,-29094.415132,2.162967e-01,2,2,2.5,f,+2.5,-1,1,1,0.5,e,+0.5,-1
sigma-,sigma+,23,8,-29088.488323,1.336496e-03,2,2,2.5,e,+0.5,+1,1,1,1.5,f,-1.5,+1
sigma-,sigma+,24,9,-29088.430932,3.600094e-03,2,2,2.5,e,+1.5,+1,1,1,1.5,f,-0.5,+1
sigma-,sigma+,25,10,-29088.373092,4.544731e-03,2,2,2.5,e,+2.5,+1,1,1,1.5,f,+0.5,+1
sigma-,sigma+,15,2,-29081.822891,4.089345e-03,2,2,1.5,e,+1.5,+1,1,1,0.5,f,-0.5,+1
sigma-,sigma+,24,2,-29073.443975,4.424957e-04,2,2,2.5,e,+1.5,+1,1,1,0.5,f,-0.5,+1
sigma-,sigma+,25,3,-29073.262823,2.197710e-03,2,2,2.5,e,+2.5,+1,1,1,0.5,f,+0.5,+1
sigma-,sigma+,1,4,-15.321228,8.484433e-02,1,1,0.5,e,+0.5,-1,1,1,1.5,e,-1.5,-1
sigma-,sigma+,3,8,-15.316419,4.798085e-01,1,1,0.5,f,+0.5,+1,1,1,1.5,f,-1.5,+1
sigma-,sigma+,15,22,-8.469708,2.904020e-02,2,2,1.5,e,+1.5,+1,2,2,2.5,e,-0.5,+1
sigma-,sigma+,19,28,-8.463357,5.141393e-03,2,2,1.5,f,+1.5,-1,2,2,2.5,f,-0.5,-1
sigma-,sigma+,14,21,-8.437041,7.805401e-02,2,2,1.5,e,+0.5,+1,2,2,2.5,e,-1.5,+1
sigma-,sigma+,18,27,-8.431841,1.381552e-02,2,2,1.5,f,+0.5,-1,2,2,2.5,f,-1.5,-1
sigma-,sigma+,13,20,-8.404245,9.834660e-02,2,2,1.5,e,-0.5,+1,2,2,2.5,e,-2.5,+1
sigma-,sigma+,17,26,-8.400204,1.740286e-02,2,2,1.5,f,-0.5,-1,2,2,2.5,f,-2.5,-1
sigma-,sigma+,37,48,-5.890351,7.021140e-03,3,3,2.5,e,+2.5,-1,3,3,3.5,e,+0.5,-1
sigma-,sigma+,43,56,-5.883344,4.076740e-04,3,3,2.5,f,+2.5,+1,3,3,3.5,f,+0.5,+1
sigma-,sigma+,36,47,-5.874632,2.259021e-02,3,3,2.5,e,+1.5,-1,3,3,3.5,e,-0.5,-1
sigma-,sigma+,42,55,-5.868442,1.311313e-03,3,3,2.5,f,+1.5,+1,3,3,3.5,f,-0.5,+1
sigma-,sigma+,35,46,-5.858870,4.258897e-02,3,3,2.5,e,+0.5,-1,3,3,3.5,e,-1.5,-1
sigma-,sigma+,41,54,-5.853503,2.471513e-03,3,3,2.5,f,+0.5,+1,3,3,3.5,f,-1.5,+1
sigma-,sigma+,34,45,-5.843065,5.709848e-02,3,3,2.5,e,-0.5,-1,3,3,3.5,e,-2.5,-1
sigma-,sigma+,40,53,-5.838524,3.312596e-03,3,3,2.5,f,-0.5,+1,3,3,3.5,f,-2.5,+1
sigma-,sigma+,33,44,-5.827216,5.023824e-02,3,3,2.5,e,-1.5,-1,3,3,3.5,e,-3.5,-1
sigma-,sigma+,39,52,-5.823506,2.913770e-03,3,3,2.5,f,-1.5,+1,3,3,3.5,f,-3.5,+1
sigma-,sigma+,67,82,-4.509468,2.235213e-03,4,4,3.5,e,+3.5,+1,4,4,4.5,e,+1.5,+1
sigma-,sigma+,75,92,-4.502097,7.336971e-05,4,4,3.5,f,+3.5,-1,4,4,4.5,f,+1.5,-1
sigma-,sigma+,66,81,-4.499608,7.697775e-03,4,4,3.5,e,+2.5,+1,4,4,4.5,e,+0.5,+1
sigma-,sigma+,74,91,-4.492871,2.526036e-04,4,4,3.5,f,+2.5,-1,4,4,4.5,f,+0.5,-1
sigma-,sigma+,65,80,-4.489726,1.610889e-02,4,4,3.5,e,+1.5,+1,4,4,4.5,e,-0.5,+1
sigma-,sigma+,73,90,-4.483626,5.284638e-04,4,4,3.5,f,+1.5,-1,4,4,4.5,f,-0.5,-1
sigma-,sigma+,64,79,-4.479822,2.589024e-02,4,4,3.5,e,+0.5,+1,4,4,4.5,e,-1.5,+1
sigma-,sigma+,72,89,-4.474361,8.491020e-04,4,4,3.5,f,+0.5,-1,4,4,4.5,f,-1.5,-1
sigma-,sigma+,63,78,-4.469896,3.413458e-02,4,4,3.5,e,-0.5,+1,4,4,4.5,e,-2.5,+1
sigma-,sigma+,71,88,-4.465077,1.119158e-03,4,4,3.5,f,-0.5,-1,4,4,4.5,f,-2.5,-1
sigma-,sigma+,62,77,-4.459948,3.657560e-02,4,4,3.5,e,-1.5,+1,4,4,4.5,e,-3.5,+1
sigma-,sigma+,70,87,-4.455774,1.198837e-03,4,4,3.5,f,-1.5,-1,4,4,4.5,f,-3.5,-1
sigma-,sigma+,61,76,-4.449977,2.755686e-02,4,4,3.5,e,-2.5,+1,4,4,4.5,e,-4.5,+1
sigma-,sigma+,69,86,-4.446451,9.029619e-04,4,4,3.5,f,-2.5,-1,4,4,4.5,f,-4.5,-1
sigma-,sigma+,105,124,-3.641058,8.714552e-04,5,5,4.5,e,+4.5,-1,5,5,5.5,e,+2.5,-1
sigma-,sigma+,104,123,-3.633961,3.110823e-03,5,5,4.5,e,+3.5,-1,5,5,5.5,e,+1.5,-1
sigma-,sigma+,115,136,-3.633455,2.050593e-05,5,5,4.5,f,+4.5,+1,5,5,5.5,f,+2.5,+1
sigma-,sigma+,114,135,-3.626875,7.317844e-05,5,5,4.5,f,+3.5,+1,5,5,5.5,f,+1.5,+1
sigma-,sigma+,103,122,-3.626850,6.832081e-03,5,5,4.5,e,+2.5,-1,5,5,5.5,e,+0.5,-1
sigma-,sigma+,113,134,-3.620283,1.606694e-04,5,5,4.5,f,+2.5,+1,5,5,5.5,f,+0.5,+1
sigma-,sigma+,102,121,-3.619724,1.175906e-02,5,5,4.5,e,+1.5,-1,5,5,5.5,e,-0.5,-1
sigma-,sigma+,112,133,-3.613679,2.764551e-04,5,5,4.5,f,+1.5,+1,5,5,5.5,f,-0.5,+1
sigma-,sigma+,101,120,-3.612585,1.721762e-02,5,5,4.5,e,+0.5,-1,5,5,5.5,e,-1.5,-1
sigma-,sigma+,111,132,-3.607063,4.046647e-04,5,5,4.5,f,+0.5,+1,5,5,5.5,f,-1.5,+1
sigma-,sigma+,100,119,-3.605431,2.212756e-02,5,5,4.5,e,-0.5,-1,5,5,5.5,e,-2.5,-1
sigma-,sigma+,110,131,-3.600434,5.199067e-04,5,5,4.5,f,-0.5,+1,5,5,5.5,f,-2.5,+1
sigma-,sigma+,99,118,-3.598263,2.499446e-02,5,5,4.5,e,-1.5,-1,5,5,5.5,e,-3.5,-1
sigma-,sigma+,109,130,-3.593793,5.870891e-04,5,5,4.5,f,-1.5,+1,5,5,5.5,f,-3.5,+1
sigma-,sigma+,98,117,-3.591080,2.390117e-02,5,5,4.5,e,-2.5,-1,5,5,5.5,e,-4.5,-1
sigma-,sigma+,108,129,-3.587140,5.612379e-04,5,5,4.5,f,-2.5,+1,5,5,5.5,f,-4.5,+1
sigma-,sigma+,97,116,-3.583883,1.649924e-02,5,5,4.5,e,-3.5,-1,5,5,5.5,e,-5.5,-1
sigma-,sigma+,107,128,-3.580474,3.873094e-04,5,5,4.5,f,-3.5,+1,5,5,5.5,f,-5.5,+1
sigma-,sigma+,7,5,-0.211011,4.261458e-02,1,1,1.5,e,+1.5,-1,1,1,1.5,e,-0.5,-1
sigma-,sigma+,6,4,-0.209969,4.121698e-02,1,1,1.5,e,+0.5,-1,1,1,1.5,e,-1.5,-1
sigma-,sigma+,11,9,-0.207160,2.419293e-01,1,1,1.5,f,+1.5,+1,1,1,1.5,f,-0.5,+1
sigma-,sigma+,10,8,-0.206150,2.341301e-01,1,1,1.5,f,+0.5,+1,1,1,1.5,f,-1.5,+1
sigma-,sigma+,14,12,-0.156126,2.382812e-01,2,2,1.5,e,+0.5,+1,2,2,1.5,e,-1.5,+1
sigma-,sigma+,15,13,-0.155997,2.377467e-01,2,2,1.5,e,+1.5,+1,2,2,1.5,e,-0.5,+1
sigma-,sigma+,18,16,-0.149217,4.195918e-02,2,2,1.5,f,+0.5,-1,2,2,1.5,f,-1.5,-1
sigma-,sigma+,19,17,-0.149096,4.186633e-02,2,2,1.5,f,+1.5,-1,2,2,1.5,f,-0.5,-1
sigma-,sigma+,25,23,-0.090918,1.467849e-01,2,2,2.5,e,+2.5,+1,2,2,2.5,e,+0.5,+1
sigma-,sigma+,24,22,-0.090792,2.628524e-01,2,2,2.5,e,+1.5,+1,2,2,2.5,e,-0.5,+1
sigma-,sigma+,23,21,-0.090664,2.614795e-01,2,2,2.5,e,+0.5,+1,2,2,2.5,e,-1.5,+1
sigma-,sigma+,22,20,-0.090534,1.444966e-01,2,2,2.5,e,-0.5,+1,2,2,2.5,e,-2.5,+1
sigma-,sigma+,31,29,-0.086302,2.591797e-02,2,2,2.5,f,+2.5,-1,2,2,2.5,f,+0.5,-1
sigma-,sigma+,30,28,-0.086184,4.642138e-02,2,2,2.5,f,+1.5,-1,2,2,2.5,f,-0.5,-1
sigma-,sigma+,34,32,-0.086158,1.913474e-01,3,3,2.5,e,-0.5,-1,3,3,2.5,e,-2.5,-1
sigma-,sigma+,35,33,-0.086114,3.440049e-01,3,3,2.5,e,+0.5,-1,3,3,2.5,e,-1.5,-1
sigma-,sigma+,36,34,-0.086071,3.435881e-01,3,3,2.5,e,+1.5,-1,3,3,2.5,e,-0.5,-1
sigma-,sigma+,29,27,-0.086065,4.618834e-02,2,2,2.5,f,+0.5,-1,2,2,2.5,f,-1.5,-1
sigma-,sigma+,37,35,-0.086028,1.906527e-01,3,3,2.5,e,+2.5,-1,3,3,2.5,e,+0.5,-1
sigma-,sigma+,28,26,-0.085944,2.552955e-02,2,2,2.5,f,-0.5,-1,2,2,2.5,f,-2.5,-1
sigma-,sigma+,40,38,-0.079575,1.104295e-02,3,3,2.5,f,-0.5,+1,3,3,2.5,f,-2.5,+1
sigma-,sigma+,41,39,-0.079536,1.985384e-02,3,3,2.5,f,+0.5,+1,3,3,2.5,f,-1.5,+1
sigma-,sigma+,42,40,-0.079497,1.983055e-02,3,3,2.5,f,+1.5,+1,3,3,2.5,f,-0.5,+1
sigma-,sigma+,43,41,-0.079459,1.100414e-02,3,3,2.5,f,+2.5,+1,3,3,2.5,f,+0.5,+1
sigma-,sigma+,62,60,-0.059064,1.369296e-01,4,4,3.5,e,-1.5,+1,4,4,3.5,e,-3.5,+1
sigma-,sigma+,63,61,-0.059041,2.931786e-01,4,4,3.5,e,-0.5,+1,4,4,3.5,e,-2.5,+1
sigma-,sigma+,64,62,-0.059019,3.905846e-01,4,4,3.5,e,+0.5,+1,4,4,3.5,e,-1.5,+1
sigma-,sigma+,65,63,-0.058997,3.902666e-01,4,4,3.5,e,+1.5,+1,4,4,3.5,e,-0.5,+1
sigma-,sigma+,66,64,-0.058975,2.924631e-01,4,4,3.5,e,+2.5,+1,4,4,3.5,e,+0.5,+1
sigma-,sigma+,67,65,-0.058953,1.363731e-01,4,4,3.5,e,+3.5,+1,4,4,3.5,e,+1.5,+1
sigma-,sigma+,51,49,-0.054675,1.244456e-01,3,3,3.5,e,+3.5,-1,3,3,3.5,e,+1.5,-1
sigma-,sigma+,50,48,-0.054633,2.660998e-01,3,3,3.5,e,+2.5,-1,3,3,3.5,e,+0.5,-1
sigma-,sigma+,49,47,-0.054590,3.540353e-01,3,3,3.5,e,+1.5,-1,3,3,3.5,e,-0.5,-1
sigma-,sigma+,48,46,-0.054548,3.532653e-01,3,3,3.5,e,+0.5,-1,3,3,3.5,e,-1.5,-1
sigma-,sigma+,47,45,-0.054504,2.643674e-01,3,3,3.5,e,-0.5,-1,3,3,3.5,e,-2.5,-1
sigma-,sigma+,46,44,-0.054461,1.230981e-01,3,3,3.5,e,-1.5,-1,3,3,3.5,e,-3.5,-1
sigma-,sigma+,70,68,-0.052663,4.462923e-03,4,4,3.5,f,-1.5,-1,4,4,3.5,f,-3.5,-1
sigma-,sigma+,71,69,-0.052643,9.555891e-03,4,4,3.5,f,-0.5,-1,4,4,3.5,f,-2.5,-1
sigma-,sigma+,72,70,-0.052624,1.273123e-02,4,4,3.5,f,+0.5,-1,4,4,3.5,f,-1.5,-1
sigma-,sigma+,73,71,-0.052604,1.272134e-02,4,4,3.5,f,+1.5,-1,4,4,3.5,f,-0.5,-1
sigma-,sigma+,74,72,-0.052585,9.533637e-03,4,4,3.5,f,+2.5,-1,4,4,3.5,f,+0.5,-1
sigma-,sigma+,75,73,-0.052566,4.445614e-03,4,4,3.5,f,+3.5,-1,4,4,3.5,f,+1.5,-1
sigma-,sigma+,59,57,-0.049732,7.190267e-03,3,3,3.5,f,+3.5,+1,3,3,3.5,f,+1.5,+1
sigma-,sigma+,58,56,-0.049694,1.537667e-02,3,3,3.5,f,+2.5,+1,3,3,3.5,f,+0.5,+1
sigma-,sigma+,57,55,-0.049656,2.046055e-02,3,3,3.5,f,+1.5,+1,3,3,3.5,f,-0.5,+1
sigma-,sigma+,56,54,-0.049617,2.041860e-02,3,3,3.5,f,+0.5,+1,3,3,3.5,f,-1.5,+1
sigma-,sigma+,55,53,-0.049579,1.528226e-02,3,3,3.5,f,-0.5,+1,3,3,3.5,f,-2.5,+1
sigma-,sigma+,54,52,-0.049539,7.116836e-03,3,3,3.5,f,-1.5,+1,3,3,3.5,f,-3.5,+1
sigma-,sigma+,98,96,-0.045680,9.970838e-02,5,5,4.5,e,-2.5,-1,5,5,4.5,e,-4.5,-1
sigma-,sigma+,99,97,-0.045665,2.325072e-01,5,5,4.5,e,-1.5,-1,5,5,4.5,e,-3.5,-1
sigma-,sigma+,100,98,-0.045651,3.485436e-01,5,5,4.5,e,-0.5,-1,5,5,4.5,e,-2.5,-1
sigma-,sigma+,101,99,-0.045637,4.146760e-01,5,5,4.5,e,+0.5,-1,5,5,4.5,e,-1.5,-1
sigma-,sigma+,102,100,-0.045622,4.144207e-01,5,5,4.5,e,+1.5,-1,5,5,4.5,e,-0.5,-1
sigma-,sigma+,103,101,-0.045608,3.479003e-01,5,5,4.5,e,+2.5,-1,5,5,4.5,e,+0.5,-1
sigma-,sigma+,104,102,-0.045594,2.317924e-01,5,5,4.5,e,+3.5,-1,5,5,4.5,e,+1.5,-1
sigma-,sigma+,105,103,-0.045580,9.927947e-02,5,5,4.5,e,+4.5,-1,5,5,4.5,e,+2.5,-1
sigma-,sigma+,108,106,-0.039395,2.327519e-03,5,5,4.5,f,-2.5,+1,5,5,4.5,f,-4.5,+1
sigma-,sigma+,109,107,-0.039383,5.427671e-03,5,5,4.5,f,-1.5,+1,5,5,4.5,f,-3.5,+1
sigma-,sigma+,110,108,-0.039370,8.136724e-03,5,5,4.5,f,-0.5,+1,5,5,4.5,f,-2.5,+1
sigma-,sigma+,111,109,-0.039358,9.680917e-03,5,5,4.5,f,+0.5,+1,5,5,4.5,f,-1.5,+1
sigma-,sigma+,112,110,-0.039346,9.675290e-03,5,5,4.5,f,+1.5,+1,5,5,4.5,f,-0.5,+1
sigma-,sigma+,113,111,-0.039334,8.122544e-03,5,5,4.5,f,+2.5,+1,5,5,4.5,f,+0.5,+1
sigma-,sigma+,114,112,-0.039321,5.411914e-03,5,5,4.5,f,+3.5,+1,5,5,4.5,f,+1.5,+1
sigma-,sigma+,115,113,-0.039309,2.318064e-03,5,5,4.5,f,+4.5,+1,5,5,4.5,f,+2.5,+1
sigma-,sigma+,85,83,-0.039277,9.527750e-02,4,4,4.5,e,+4.5,+1,4,4,4.5,e,+2.5,+1
sigma-,sigma+,84,82,-0.039255,2.220367e-01,4,4,4.5,e,+3.5,+1,4,4,4.5,e,+1.5,+1
sigma-,sigma+,83,81,-0.039233,3.326365e-01,4,4,4.5,e,+2.5,+1,4,4,4.5,e,+0.5,+1
sigma-,sigma+,82,80,-0.039211,3.954944e-01,4,4,4.5,e,+1.5,+1,4,4,4.5,e,-0.5,+1
sigma-,sigma+,81,79,-0.039189,3.949899e-01,4,4,4.5,e,+0.5,+1,4,4,4.5,e,-1.5,+1
sigma-,sigma+,80,78,-0.039167,3.313652e-01,4,4,4.5,e,-0.5,+1,4,4,4.5,e,-2.5,+1
sigma-,sigma+,79,77,-0.039144,2.206242e-01,4,4,4.5,e,-1.5,+1,4,4,4.5,e,-3.5,+1
sigma-,sigma+,78,76,-0.039122,9.442990e-02,4,4,4.5,e,-2.5,+1,4,4,4.5,e,-4.5,+1
sigma-,sigma+,95,93,-0.034152,3.107142e-03,4,4,4.5,f,+4.5,-1,4,4,4.5,f,+2.5,-1
sigma-,sigma+,94,92,-0.034133,7.241572e-03,4,4,4.5,f,+3.5,-1,4,4,4.5,f,+1.5,-1
sigma-,sigma+,93,91,-0.034114,1.084965e-02,4,4,4.5,f,+2.5,-1,4,4,4.5,f,+0.5,-1
sigma-,sigma+,92,90,-0.034095,1.290103e-02,4,4,4.5,f,+1.5,-1,4,4,4.5,f,-0.5,-1
sigma-,sigma+,91,89,-0.034075,1.288573e-02,4,4,4.5,f,+0.5,-1,4,4,4.5,f,-1.5,-1
sigma-,sigma+,90,88,-0.034056,1.081108e-02,4,4,4.5,f,-0.5,-1,4,4,4.5,f,-2.5,-1
sigma-,sigma+,89,87,-0.034036,7.198717e-03,4,4,4.5,f,-1.5,-1,4,4,4.5,f,-3.5,-1
sigma-,sigma+,88,86,-0.034017,3.081427e-03,4,4,4.5,f,-2.5,-1,4,4,4.5,f,-4.5,-1
sigma-,sigma+,127,125,-0.031414,7.313760e-02,5,5,5.5,e,+5.5,-1,5,5,5.5,e,+3.5,-1
sigma-,sigma+,126,124,-0.031400,1.793644e-01,5,5,5.5,e,+4.5,-1,5,5,5.5,e,+2.5,-1
sigma-,sigma+,125,123,-0.031386,2.867334e-01,5,5,5.5,e,+3.5,-1,5,5,5.5,e,+1.5,-1
sigma-,sigma+,124,122,-0.031372,3.713661e-01,5,5,5.5,e,+2.5,-1,5,5,5.5,e,+0.5,-1
sigma-,sigma+,123,121,-0.031358,4.174188e-01,5,5,5.5,e,+1.5,-1,5,5,5.5,e,-0.5,-1
sigma-,sigma+,122,120,-0.031343,4.170487e-01,5,5,5.5,e,+0.5,-1,5,5,5.5,e,-1.5,-1
sigma-,sigma+,121,119,-0.031329,3.703792e-01,5,5,5.5,e,-0.5,-1,5,5,5.5,e,-2.5,-1
sigma-,sigma+,120,118,-0.031315,2.854644e-01,5,5,5.5,e,-1.5,-1,5,5,5.5,e,-3.5,-1
sigma-,sigma+,119,117,-0.031300,1.782540e-01,5,5,5.5,e,-2.5,-1,5,5,5.5,e,-4.5,-1
sigma-,sigma+,118,116,-0.031286,7.255591e-02,5,5,5.5,e,-3.5,-1,5,5,5.5,e,-5.5,-1
sigma-,sigma+,139,137,-0.026173,1.707776e-03,5,5,5.5,f,+5.5,+1,5,5,5.5,f,+3.5,+1
sigma-,sigma+,138,136,-0.026161,4.188470e-03,5,5,5.5,f,+4.5,+1,5,5,5.5,f,+2.5,+1
sigma-,sigma+,137,135,-0.026149,6.696174e-03,5,5,5.5,f,+3.5,+1,5,5,5.5,f,+1.5,+1
sigma-,sigma+,136,134,-0.026137,8.673219e-03,5,5,5.5,f,+2.5,+1,5,5,5.5,f,+0.5,+1
sigma-,sigma+,135,133,-0.026125,9.749447e-03,5,5,5.5,f,+1.5,+1,5,5,5.5,f,-0.5,+1
sigma-,sigma+,134,132,-0.026113,9.741482e-03,5,5,5.5,f,+0.5,+1,5,5,5.5,f,-1.5,+1
sigma-,sigma+,133,131,-0.026101,8.651978e-03,5,5,5.5,f,-0.5,+1,5,5,5.5,f,-2.5,+1
sigma-,sigma+,132,130,-0.026088,6.668864e-03,5,5,5.5,f,-1.5,+1,5,5,5.5,f,-3.5,+1
sigma-,sigma+,131,129,-0.026076,4.164572e-03,5,5,5.5,f,-2.5,+1,5,5,5.5,f,-4.5,+1
sigma-,sigma+,130,128,-0.026063,1.695257e-03,5,5,5.5,f,-3.5,+1,5,5,5.5,f,-5.5,+1
sigma-,sigma+,119,96,3.514100,8.961608e-04,5,5,5.5,e,-2.5,-1,5,5,4.5,e,-4.5,-1
sigma-,sigma+,120,97,3.521283,3.173570e-03,5,5,5.5,e,-1.5,-1,5,5,4.5,e,-3.5,-1
sigma-,sigma+,131,106,3.521668,2.104417e-05,5,5,5.5,f,-2.5,+1,5,5,4.5,f,-4.5,+1
sigma-,sigma+,132,107,3.528322,7.454588e-05,5,5,5.5,f,-1.5,+1,5,5,4.5,f,-3.5,+1
sigma-,sigma+,121,98,3.528451,6.914454e-03,5,5,5.5,e,-0.5,-1,5,5,4.5,e,-2.5,-1
sigma-,sigma+,133,108,3.534963,1.624658e-04,5,5,5.5,f,-0.5,+1,5,5,4.5,f,-2.5,+1
sigma-,sigma+,122,99,3.535605,1.180619e-02,5,5,5.5,e,+0.5,-1,5,5,4.5,e,-1.5,-1
sigma-,sigma+,134,109,3.541592,2.774863e-04,5,5,5.5,f,+0.5,+1,5,5,4.5,f,-1.5,+1
sigma-,sigma+,123,100,3.542744,1.714913e-02,5,5,5.5,e,+1.5,-1,5,5,4.5,e,-0.5,-1
sigma-,sigma+,135,110,3.548208,4.031815e-04,5,5,5.5,f,+1.5,+1,5,5,4.5,f,-0.5,+1
sigma-,sigma+,124,101,3.549870,2.186424e-02,5,5,5.5,e,+2.5,-1,5,5,4.5,e,+0.5,-1
sigma-,sigma+,136,111,3.554812,5.141841e-04,5,5,5.5,f,+2.5,+1,5,5,4.5,f,+0.5,+1
sigma-,sigma+,125,102,3.556981,2.450056e-02,5,5,5.5,e,+3.5,-1,5,5,4.5,e,+1.5,-1
sigma-,sigma+,137,112,3.561405,5.763483e-04,5,5,5.5,f,+3.5,+1,5,5,4.5,f,+1.5,+1
sigma-,sigma+,126,103,3.564078,2.324248e-02,5,5,5.5,e,+4.5,-1,5,5,4.5,e,+2.5,-1
sigma-,sigma+,138,113,3.567985,5.469094e-04,5,5,5.5,f,+4.5,+1,5,5,4.5,f,+2.5,+1
sigma-,sigma+,127,104,3.571161,1.591687e-02,5,5,5.5,e,+5.5,-1,5,5,4.5,e,+3.5,-1
sigma-,sigma+,139,114,3.574552,3.746394e-04,5,5,5.5,f,+5.5,+1,5,5,4.5,f,+3.5,+1
sigma-,sigma+,79,60,4.361740,2.285735e-03,4,4,4.5,e,-1.5,+1,4,4,3.5,e,-3.5,+1
sigma-,sigma+,89,68,4.369075,7.492217e-05,4,4,4.5,f,-1.5,-1,4,4,3.5,f,-3.5,-1
sigma-,sigma+,80,61,4.371688,7.801727e-03,4,4,4.5,e,-0.5,+1,4,4,3.5,e,-2.5,+1
sigma-,sigma+,90,69,4.378378,2.558001e-04,4,4,4.5,f,-0.5,-1,4,4,3.5,f,-2.5,-1
sigma-,sigma+,81,62,4.381614,1.618117e-02,4,4,4.5,e,+0.5,+1,4,4,3.5,e,-1.5,+1
sigma-,sigma+,91,70,4.387662,5.306941e-04,4,4,4.5,f,+0.5,-1,4,4,3.5,f,-1.5,-1
sigma-,sigma+,82,63,4.391518,2.577502e-02,4,4,4.5,e,+1.5,+1,4,4,3.5,e,-0.5,+1
sigma-,sigma+,92,71,4.396927,8.455836e-04,4,4,4.5,f,+1.5,-1,4,4,3.5,f,-0.5,-1
sigma-,sigma+,83,64,4.401400,3.368030e-02,4,4,4.5,e,+2.5,+1,4,4,3.5,e,+0.5,+1
sigma-,sigma+,93,72,4.406172,1.105238e-03,4,4,4.5,f,+2.5,-1,4,4,3.5,f,+0.5,-1
sigma-,sigma+,84,65,4.411260,3.576767e-02,4,4,4.5,e,+3.5,+1,4,4,3.5,e,+1.5,+1
sigma-,sigma+,94,73,4.415398,1.174064e-03,4,4,4.5,f,+3.5,-1,4,4,3.5,f,+1.5,-1
sigma-,sigma+,85,66,4.421098,2.670831e-02,4,4,4.5,e,+4.5,+1,4,4,3.5,e,+2.5,+1
sigma-,sigma+,95,74,4.424605,8.769351e-04,4,4,4.5,f,+4.5,-1,4,4,3.5,f,+2.5,-1
sigma-,sigma+,47,32,5.702403,7.136825e-03,3,3,3.5,e,-0.5,-1,3,3,2.5,e,-2.5,-1
sigma-,sigma+,55,38,5.709370,4.140602e-04,3,3,3.5,f,-0.5,+1,3,3,2.5,f,-2.5,+1
sigma-,sigma+,48,33,5.718208,2.271376e-02,3,3,3.5,e,+0.5,-1,3,3,2.5,e,-1.5,-1
sigma-,sigma+,56,39,5.724349,1.318156e-03,3,3,3.5,f,+0.5,+1,3,3,2.5,f,-1.5,+1
sigma-,sigma+,49,34,5.733970,4.235818e-02,3,3,3.5,e,+1.5,-1,3,3,2.5,e,-0.5,-1
sigma-,sigma+,57,40,5.739289,2.458856e-03,3,3,3.5,f,+1.5,+1,3,3,2.5,f,-0.5,+1
sigma-,sigma+,50,35,5.749689,5.617403e-02,3,3,3.5,e,+2.5,-1,3,3,2.5,e,+0.5,-1
sigma-,sigma+,58,41,5.754191,3.261732e-03,3,3,3.5,f,+2.5,+1,3,3,2.5,f,+0.5,+1
sigma-,sigma+,51,36,5.765366,4.888951e-02,3,3,3.5,e,+3.5,-1,3,3,2.5,e,+1.5,-1
sigma-,sigma+,59,42,5.769055,2.839513e-03,3,3,3.5,f,+3.5,+1,3,3,2.5,f,+1.5,+1
sigma-,sigma+,23,12,8.190252,2.926949e-02,2,2,2.5,e,+0.5,+1,2,2,1.5,e,-1.5,+1
sigma-,sigma+,29,16,8.196559,5.180879e-03,2,2,2.5,f,+0.5,-1,2,2,1.5,f,-1.5,-1
sigma-,sigma+,24,13,8.222919,7.744447e-02,2,2,2.5,e,+1.5,+1,2,2,1.5,e,-0.5,+1
sigma-,sigma+,30,17,8.228076,1.371151e-02,2,2,2.5,f,+1.5,-1,2,2,1.5,f,-0.5,-1
sigma-,sigma+,25,14,8.255459,9.605793e-02,2,2,2.5,e,+2.5,+1,2,2,1.5,e,+0.5,+1
sigma-,sigma+,31,18,8.259474,1.701112e-02,2,2,2.5,f,+2.5,-1,2,2,1.5,f,+0.5,-1
sigma-,sigma+,7,0,14.775017,8.344673e-02,1,1,1.5,e,+1.5,-1,1,1,0.5,e,-0.5,-1
sigma-,sigma+,11,2,14.779797,4.720094e-01,1,1,1.5,f,+1.5,+1,1,1,0.5,f,-0.5,+1
sigma-,sigma+,3,21,29073.081240,4.510591e-04,1,1,0.5,f,+0.5,+1,2,2,2.5,e,-1.5,+1
sigma-,sigma+,2,20,29073.262649,2.271429e-03,1,1,0.5,f,-0.5,+1,2,2,2.5,e,-2.5,+1
sigma-,sigma+,3,12,29081.362156,4.045262e-03,1,1,0.5,f,+0.5,+1,2,2,1.5,e,-1.5,+1
sigma-,sigma+,11,22,29088.132980,1.368616e-03,1,1,1.5,f,+1.5,+1,2,2,2.5,e,-0.5,+1
sigma-,sigma+,10,21,29088.191510,3.613643e-03,1,1,1.5,f,+0.5,+1,2,2,2.5,e,-1.5,+1
sigma-,sigma+,9,20,29088.249606,4.471529e-03,1,1,1.5,f,-0.5,+1,2,2,2.5,e,-2.5,+1
sigma-,sigma+,1,27,29094.242765,4.444174e-02,1,1,0.5,e,+0.5,-1,2,2,2.5,f,-1.5,-1
sigma-,sigma+,0,26,29094.430303,2.236155e-01,1,1,0.5,e,-0.5,-1,2,2,2.5,f,-2.5,-1
sigma-,sigma+,11,13,29096.446691,1.978810e-03,1,1,1.5,f,+1.5,+1,2,2,1.5,e,-0.5,+1
sigma-,sigma+,10,12,29096.472426,2.005870e-03,1,1,1.5,f,+0.5,+1,2,2,1.5,e,-1.5,+1
sigma-,sigma+,1,16,29102.525389,3.935726e-01,1,1,0.5,e,+0.5,-1,2,2,1.5,f,-1.5,-1
sigma-,sigma+,7,28,29109.291264,1.334815e-01,1,1,1.5,e,+1.5,-1,2,2,2.5,f,-0.5,-1
sigma-,sigma+,6,27,29109.354024,3.524934e-01,1,1,1.5,e,+0.5,-1,2,2,2.5,f,-1.5,-1
sigma-,sigma+,5,26,29109.416331,4.362434e-01,1,1,1.5,e,-0.5,-1,2,2,2.5,f,-2.5,-1
sigma-,sigma+,7,17,29117.605524,1.965822e-01,1,1,1.5,e,+1.5,-1,2,2,1.5,f,-0.5,-1
sigma-,sigma+,6,16,29117.636648,1.993544e-01,1,1,1.5,e,+0.5,-1,2,2,1.5,f,-1.5,-1
sigma-,sigma+,19,47,43614.161639,2.056121e-05,2,2,1.5,f,+1.5,-1,3,3,3.5,e,-0.5,-1
sigma-,sigma+,18,46,43614.208894,1.035053e-04,2,2,1.5,f,+0.5,-1,3,3,3.5,e,-1.5,-1
sigma-,sigma+,17,45,43614.256231,3.126356e-04,2,2,1.5,f,-0.5,-1,3,3,3.5,e,-2.5,-1
sigma-,sigma+,16,44,43614.303650,7.344813e-04,2,2,1.5,f,-1.5,-1,3,3,3.5,e,-3.5,-1
sigma-,sigma+,19,34,43619.950199,9.850986e-04,2,2,1.5,f,+1.5,-1,3,3,2.5,e,-0.5,-1
sigma-,sigma+,18,33,43619.981650,2.631630e-03,2,2,1.5,f,+0.5,-1,3,3,2.5,e,-1.5,-1
sigma-,sigma+,17,32,43620.013138,3.295479e-03,2,2,1.5,f,-0.5,-1,3,3,2.5,e,-2.5,-1
sigma-,sigma+,31,48,43622.522916,4.145323e-04,2,2,2.5,f,+2.5,-1,3,3,3.5,e,+0.5,-1
sigma-,sigma+,30,47,43622.538811,1.322620e-03,2,2,2.5,f,+1.5,-1,3,3,3.5,e,-0.5,-1
sigma-,sigma+,29,46,43622.554670,2.472572e-03,2,2,2.5,f,+0.5,-1,3,3,3.5,e,-1.5,-1
sigma-,sigma+,28,45,43622.570491,3.286898e-03,2,2,2.5,f,-0.5,-1,3,3,3.5,e,-2.5,-1
sigma-,sigma+,27,44,43622.586274,2.867333e-03,2,2,2.5,f,-1.5,-1,3,3,3.5,e,-3.5,-1
sigma-,sigma+,31,35,43628.327238,3.103986e-04,2,2,2.5,f,+2.5,-1,3,3,2.5,e,+0.5,-1
sigma-,sigma+,30,34,43628.327372,5.623046e-04,2,2,2.5,f,+1.5,-1,3,3,2.5,e,-0.5,-1
sigma-,sigma+,28,32,43628.327398,3.164624e-04,2,2,2.5,f,-0.5,-1,3,3,2.5,e,-2.5,-1
sigma-,sigma+,29,33,43628.327425,5.659425e-04,2,2,2.5,f,+0.5,-1,3,3,2.5,e,-1.5,-1
sigma-,sigma+,15,55,43661.767693,2.023315e-03,2,2,1.5,e,+1.5,+1,3,3,3.5,f,-0.5,+1
sigma-,sigma+,14,54,43661.820861,1.016764e-02,2,2,1.5,e,+0.5,+1,3,3,3.5,f,-1.5,+1
sigma-,sigma+,13,53,43661.874111,3.065728e-02,2,2,1.5,e,-0.5,+1,3,3,3.5,f,-2.5,+1
sigma-,sigma+,12,52,43661.927447,7.189668e-02,2,2,1.5,e,-1.5,+1,3,3,3.5,f,-3.5,+1
sigma-,sigma+,15,40,43667.556639,9.648244e-02,2,2,1.5,e,+1.5,+1,3,3,2.5,f,-0.5,+1
sigma-,sigma+,14,39,43667.594827,2.577449e-01,2,2,1.5,e,+0.5,+1,3,3,2.5,f,-1.5,+1
sigma-,sigma+,13,38,43667.633060,3.227606e-01,2,2,1.5,e,-0.5,+1,3,3,2.5,f,-2.5,+1
sigma-,sigma+,25,56,43670.125937,4.071543e-02,2,2,2.5,e,+2.5,+1,3,3,3.5,f,+0.5,+1
sigma-,sigma+,24,55,43670.146609,1.299166e-01,2,2,2.5,e,+1.5,+1,3,3,3.5,f,-0.5,+1
sigma-,sigma+,23,54,43670.167238,2.428891e-01,2,2,2.5,e,+0.5,+1,3,3,3.5,f,-1.5,+1
sigma-,sigma+,22,53,43670.187822,3.229054e-01,2,2,2.5,e,-0.5,+1,3,3,3.5,f,-2.5,+1
sigma-,sigma+,21,52,43670.208362,2.817073e-01,2,2,2.5,e,-1.5,+1,3,3,3.5,f,-3.5,+1
sigma-,sigma+,25,41,43675.929822,3.002698e-02,2,2,2.5,e,+2.5,+1,3,3,2.5,f,+0.5,+1
sigma-,sigma+,24,40,43675.935555,5.442584e-02,2,2,2.5,e,+1.5,+1,3,3,2.5,f,-0.5,+1
sigma-,sigma+,23,39,43675.941205,5.480868e-02,2,2,2.5,e,+0.5,+1,3,3,2.5,f,-1.5,+1
sigma-,sigma+,22,38,43675.946771,3.066511e-02,2,2,2.5,e,-0.5,+1,3,3,2.5,f,-2.5,+1
sigma-,sigma+,43,81,58145.969216,1.487628e-05,3,3,2.5,f,+2.5,+1,4,4,4.5,e,+0.5,+1
sigma-,sigma+,42,80,58145.989336,7.489779e-05,3,3,2.5,f,+1.5,+1,4,4,4.5,e,-0.5,+1
sigma-,sigma+,41,79,58146.009486,2.262578e-04,3,3,2.5,f,+0.5,+1,4,4,4.5,e,-1.5,+1
sigma-,sigma+,40,78,58146.029666,5.316212e-04,3,3,2.5,f,-0.5,+1,4,4,4.5,e,-2.5,+1
sigma-,sigma+,39,77,58146.049878,1.070688e-03,3,3,2.5,f,-1.5,+1,4,4,4.5,e,-3.5,+1
sigma-,sigma+,38,76,58146.070119,1.940774e-03,3,3,2.5,f,-2.5,+1,4,4,4.5,e,-4.5,+1
sigma-,sigma+,43,64,58150.409850,1.885840e-03,3,3,2.5,f,+2.5,+1,4,4,3.5,e,+0.5,+1
sigma-,sigma+,42,63,58150.420066,6.040689e-03,3,3,2.5,f,+1.5,+1,4,4,3.5,e,-0.5,+1
sigma-,sigma+,41,62,58150.430290,1.133763e-02,3,3,2.5,f,+0.5,+1,4,4,3.5,e,-1.5,+1
sigma-,sigma+,40,61,58150.440522,1.513208e-02,3,3,2.5,f,-0.5,+1,4,4,3.5,e,-2.5,+1
sigma-,sigma+,39,60,58150.450762,1.325401e-02,3,3,2.5,f,-1.5,+1,4,4,3.5,e,-3.5,+1
sigma-,sigma+,59,82,58151.797602,9.595810e-04,3,3,3.5,f,+3.5,+1,4,4,4.5,e,+1.5,+1
sigma-,sigma+,58,81,58151.802866,3.285028e-03,3,3,3.5,f,+2.5,+1,4,4,4.5,e,+0.5,+1
sigma-,sigma+,57,80,58151.808123,6.833401e-03,3,3,3.5,f,+1.5,+1,4,4,4.5,e,-0.5,+1
sigma-,sigma+,56,79,58151.813371,1.091668e-02,3,3,3.5,f,+0.5,+1,4,4,4.5,e,-1.5,+1
sigma-,sigma+,55,78,58151.818612,1.430601e-02,3,3,3.5,f,-0.5,+1,4,4,4.5,e,-2.5,+1
sigma-,sigma+,54,77,58151.823844,1.523598e-02,3,3,3.5,f,-1.5,+1,4,4,4.5,e,-3.5,+1
sigma-,sigma+,53,76,58151.829068,1.140904e-02,3,3,3.5,f,-2.5,+1,4,4,4.5,e,-4.5,+1
sigma-,sigma+,54,60,58156.224728,4.837590e-04,3,3,3.5,f,-1.5,+1,4,4,3.5,e,-3.5,+1
sigma-,sigma+,55,61,58156.229467,1.032324e-03,3,3,3.5,f,-0.5,+1,4,4,3.5,e,-2.5,+1
sigma-,sigma+,56,62,58156.234175,1.370753e-03,3,3,3.5,f,+0.5,+1,4,4,3.5,e,-1.5,+1
sigma-,sigma+,57,63,58156.238852,1.365129e-03,3,3,3.5,f,+1.5,+1,4,4,3.5,e,-0.5,+1
sigma-,sigma+,58,64,58156.243500,1.019670e-03,3,3,3.5,f,+2.5,+1,4,4,3.5,e,+0.5,+1
sigma-,sigma+,59,65,58156.248117,4.739156e-04,3,3,3.5,f,+3.5,+1,4,4,3.5,e,+1.5,+1
sigma-,sigma+,37,91,58230.599720,2.605195e-04,3,3,2.5,e,+2.5,-1,4,4,4.5,f,+0.5,-1
sigma-,sigma+,36,90,58230.625681,1.308636e-03,3,3,2.5,e,+1.5,-1,4,4,4.5,f,-0.5,-1
sigma-,sigma+,35,89,58230.651673,3.944155e-03,3,3,2.5,e,+0.5,-1,4,4,4.5,f,-1.5,-1
sigma-,sigma+,34,88,58230.677696,9.245906e-03,3,3,2.5,e,-0.5,-1,4,4,4.5,f,-2.5,-1
sigma-,sigma+,33,87,58230.703751,1.857819e-02,3,3,2.5,e,-1.5,-1,4,4,4.5,f,-3.5,-1
sigma-,sigma+,32,86,58230.729838,3.359733e-02,3,3,2.5,e,-2.5,-1,4,4,4.5,f,-4.5,-1
sigma-,sigma+,37,72,58235.040006,3.260904e-02,3,3,2.5,e,+2.5,-1,4,4,3.5,f,+0.5,-1
sigma-,sigma+,36,71,58235.056702,1.044547e-01,3,3,2.5,e,+1.5,-1,4,4,3.5,f,-0.5,-1
sigma-,sigma+,35,70,58235.073411,1.960524e-01,3,3,2.5,e,+0.5,-1,4,4,3.5,f,-1.5,-1
sigma-,sigma+,34,69,58235.090130,2.616719e-01,3,3,2.5,e,-0.5,-1,4,4,3.5,f,-2.5,-1
sigma-,sigma+,33,68,58235.106862,2.291999e-01,3,3,2.5,e,-1.5,-1,4,4,3.5,f,-3.5,-1
sigma-,sigma+,51,92,58236.425142,1.660923e-02,3,3,3.5,e,+3.5,-1,4,4,4.5,f,+1.5,-1
sigma-,sigma+,50,91,58236.435438,5.686258e-02,3,3,3.5,e,+2.5,-1,4,4,4.5,f,+0.5,-1
sigma-,sigma+,49,90,58236.445722,1.182890e-01,3,3,3.5,e,+1.5,-1,4,4,4.5,f,-0.5,-1
sigma-,sigma+,48,89,58236.455995,1.889811e-01,3,3,3.5,e,+0.5,-1,4,4,4.5,f,-1.5,-1
sigma-,sigma+,47,88,58236.466257,2.476661e-01,3,3,3.5,e,-0.5,-1,4,4,4.5,f,-2.5,-1
sigma-,sigma+,46,87,58236.476507,2.637784e-01,3,3,3.5,e,-1.5,-1,4,4,4.5,f,-3.5,-1
sigma-,sigma+,45,86,58236.486745,1.975328e-01,3,3,3.5,e,-2.5,-1,4,4,4.5,f,-4.5,-1
sigma-,sigma+,51,73,58240.874673,8.162638e-03,3,3,3.5,e,+3.5,-1,4,4,3.5,f,+1.5,-1
sigma-,sigma+,50,72,58240.875724,1.757598e-02,3,3,3.5,e,+2.5,-1,4,4,3.5,f,+0.5,-1
sigma-,sigma+,49,71,58240.876744,2.354864e-02,3,3,3.5,e,+1.5,-1,4,4,3.5,f,-0.5,-1
sigma-,sigma+,48,70,58240.877733,2.366384e-02,3,3,3.5,e,+0.5,-1,4,4,3.5,f,-1.5,-1
sigma-,sigma+,47,69,58240.878691,1.783520e-02,3,3,3.5,e,-0.5,-1,4,4,3.5,f,-2.5,-1
sigma-,sigma+,46,68,58240.879618,8.364277e-03,3,3,3.5,e,-1.5,-1,4,4,3.5,f,-3.5,-1
sigma-,sigma+,75,123,72671.092550,6.421281e-06,4,4,3.5,f,+3.5,-1,5,5,5.5,e,+1.5,-1
sigma-,sigma+,74,122,72671.103146,3.234067e-05,4,4,3.5,f,+2.5,-1,5,5,5.5,e,+0.5,-1
sigma-,sigma+,73,121,72671.113758,9.773152e-05,4,4,3.5,f,+1.5,-1,5,5,5.5,e,-0.5,-1
sigma-,sigma+,72,120,72671.124387,2.297116e-04,4,4,3.5,f,+0.5,-1,5,5,5.5,e,-1.5,-1
sigma-,sigma+,71,119,72671.135033,4.627982e-04,4,4,3.5,f,-0.5,-1,5,5,5.5,e,-2.5,-1
sigma-,sigma+,70,118,72671.145696,8.391703e-04,4,4,3.5,f,-1.5,-1,5,5,5.5,e,-3.5,-1
sigma-,sigma+,69,117,72671.156376,1.408939e-03,4,4,3.5,f,-2.5,-1,5,5,5.5,e,-4.5,-1
sigma-,sigma+,68,116,72671.167074,2.230424e-03,4,4,3.5,f,-3.5,-1,5,5,5.5,e,-5.5,-1
sigma-,sigma+,75,102,72674.680917,1.666759e-03,4,4,3.5,f,+3.5,-1,5,5,4.5,e,+1.5,-1
sigma-,sigma+,74,101,72674.684387,5.718499e-03,4,4,3.5,f,+2.5,-1,5,5,4.5,e,+0.5,-1
sigma-,sigma+,73,100,72674.687860,1.192171e-02,4,4,3.5,f,+1.5,-1,5,5,4.5,e,-0.5,-1
sigma-,sigma+,72,99,72674.691336,1.908790e-02,4,4,3.5,f,+0.5,-1,5,5,4.5,e,-1.5,-1
sigma-,sigma+,71,98,72674.694814,2.507026e-02,4,4,3.5,f,-0.5,-1,5,5,4.5,e,-2.5,-1
sigma-,sigma+,70,97,72674.698294,2.676027e-02,4,4,3.5,f,-1.5,-1,5,5,4.5,e,-3.5,-1
sigma-,sigma+,69,96,72674.701777,2.008430e-02,4,4,3.5,f,-2.5,-1,5,5,4.5,e,-4.5,-1
sigma-,sigma+,95,124,72675.559123,9.610327e-04,4,4,4.5,f,+4.5,-1,5,5,5.5,e,+2.5,-1
sigma-,sigma+,94,123,72675.560514,3.413655e-03,4,4,4.5,f,+3.5,-1,5,5,5.5,e,+1.5,-1
sigma-,sigma+,93,122,72675.561903,7.460001e-03,4,4,4.5,f,+2.5,-1,5,5,5.5,e,+0.5,-1
sigma-,sigma+,92,121,72675.563289,1.277587e-02,4,4,4.5,f,+1.5,-1,5,5,5.5,e,-0.5,-1
sigma-,sigma+,91,120,72675.564673,1.861285e-02,4,4,4.5,f,+0.5,-1,5,5,5.5,e,-1.5,-1
sigma-,sigma+,90,119,72675.566055,2.380046e-02,4,4,4.5,f,-0.5,-1,5,5,5.5,e,-2.5,-1
sigma-,sigma+,89,118,72675.567434,2.674838e-02,4,4,4.5,f,-1.5,-1,5,5,5.5,e,-3.5,-1
sigma-,sigma+,88,117,72675.568810,2.544866e-02,4,4,4.5,f,-2.5,-1,5,5,5.5,e,-4.5,-1
sigma-,sigma+,87,116,72675.570185,1.747799e-02,4,4,4.5,f,-3.5,-1,5,5,5.5,e,-5.5,-1
sigma-,sigma+,88,96,72679.114211,3.621632e-04,4,4,4.5,f,-2.5,-1,5,5,4.5,e,-4.5,-1
sigma-,sigma+,89,97,72679.120031,8.424679e-04,4,4,4.5,f,-1.5,-1,5,5,4.5,e,-3.5,-1
sigma-,sigma+,90,98,72679.125835,1.259863e-03,4,4,4.5,f,-0.5,-1,5,5,4.5,e,-2.5,-1
sigma-,sigma+,91,99,72679.131622,1.495302e-03,4,4,4.5,f,+0.5,-1,5,5,4.5,e,-1.5,-1
sigma-,sigma+,92,100,72679.137391,1.490803e-03,4,4,4.5,f,+1.5,-1,5,5,4.5,e,-0.5,-1
sigma-,sigma+,93,101,72679.143144,1.248525e-03,4,4,4.5,f,+2.5,-1,5,5,4.5,e,+0.5,-1
sigma-,sigma+,94,102,72679.148881,8.298695e-04,4,4,4.5,f,+3.5,-1,5,5,4.5,e,+1.5,-1
sigma-,sigma+,95,103,72679.154601,3.546035e-04,4,4,4.5,f,+4.5,-1,5,5,4.5,e,+2.5,-1
sigma-,sigma+,1,46,72716.883500,1.624916e-08,1,1,0.5,e,+0.5,-1,3,3,3.5,e,-1.5,-1
sigma-,sigma+,0,45,72717.086738,5.060996e-08,1,1,0.5,e,-0.5,-1,3,3,3.5,e,-2.5,-1
sigma-,sigma+,1,33,72722.656256,9.258944e-03,1,1,0.5,e,+0.5,-1,3,3,2.5,e,-1.5,-1
sigma-,sigma+,0,32,72722.843645,4.651057e-02,1,1,0.5,e,-0.5,-1,3,3,2.5,e,-2.5,-1
sigma-,sigma+,7,47,72731.916259,1.734025e-03,1,1,1.5,e,+1.5,-1,3,3,3.5,e,-0.5,-1
sigma-,sigma+,6,46,72731.994759,8.639047e-03,1,1,1.5,e,+0.5,-1,3,3,3.5,e,-1.5,-1
sigma-,sigma+,5,45,72732.072766,2.582319e-02,1,1,1.5,e,-0.5,-1,3,3,3.5,e,-2.5,-1
sigma-,sigma+,4,44,72732.150268,6.003322e-02,1,1,1.5,e,-1.5,-1,3,3,3.5,e,-3.5,-1
sigma-,sigma+,7,34,72737.704819,2.259861e-03,1,1,1.5,e,+1.5,-1,3,3,2.5,e,-0.5,-1
sigma-,sigma+,6,33,72737.767514,6.101480e-03,1,1,1.5,e,+0.5,-1,3,3,2.5,e,-1.5,-1
sigma-,sigma+,5,32,72737.829673,7.723470e-03,1,1,1.5,e,-0.5,-1,3,3,2.5,e,-2.5,-1
sigma-,sigma+,3,54,72743.339142,1.112545e-07,1,1,0.5,f,+0.5,+1,3,3,3.5,f,-1.5,+1
sigma-,sigma+,2,53,72743.541005,3.455427e-07,1,1,0.5,f,-0.5,+1,3,3,3.5,f,-2.5,+1
sigma-,sigma+,3,39,72749.113109,5.239288e-02,1,1,0.5,f,+0.5,+1,3,3,2.5,f,-1.5,+1
sigma-,sigma+,2,38,72749.299954,2.631829e-01,1,1,0.5,f,-0.5,+1,3,3,2.5,f,-2.5,+1
sigma-,sigma+,11,55,72758.370381,9.811067e-03,1,1,1.5,f,+1.5,+1,3,3,3.5,f,-0.5,+1
sigma-,sigma+,10,54,72758.449412,4.888928e-02,1,1,1.5,f,+0.5,+1,3,3,3.5,f,-1.5,+1
sigma-,sigma+,9,53,72758.527963,1.461661e-01,1,1,1.5,f,-0.5,+1,3,3,3.5,f,-2.5,+1
sigma-,sigma+,8,52,72758.606022,3.398751e-01,1,1,1.5,f,-1.5,+1,3,3,3.5,f,-3.5,+1
sigma-,sigma+,11,40,72764.159327,1.286986e-02,1,1,1.5,f,+1.5,+1,3,3,2.5,f,-0.5,+1
sigma-,sigma+,10,39,72764.223379,3.474426e-02,1,1,1.5,f,+0.5,+1,3,3,2.5,f,-1.5,+1
sigma-,sigma+,9,38,72764.286912,4.397574e-02,1,1,1.5,f,-0.5,+1,3,3,2.5,f,-2.5,+1
sigma-,sigma+,67,135,72803.327441,5.597037e-05,4,4,3.5,e,+3.5,+1,5,5,5.5,f,+1.5,+1
sigma-,sigma+,66,134,72803.343846,2.810761e-04,4,4,3.5,e,+2.5,+1,5,5,5.5,f,+0.5,+1
sigma-,sigma+,65,133,72803.360268,8.469258e-04,4,4,3.5,e,+1.5,+1,5,5,5.5,f,-0.5,+1
sigma-,sigma+,64,132,72803.376708,1.984845e-03,4,4,3.5,e,+0.5,+1,5,5,5.5,f,-1.5,+1
sigma-,sigma+,63,131,72803.393164,3.987175e-03,4,4,3.5,e,-0.5,+1,5,5,5.5,f,-2.5,+1
sigma-,sigma+,62,130,72803.409638,7.208601e-03,4,4,3.5,e,-1.5,+1,5,5,5.5,f,-3.5,+1
sigma-,sigma+,61,129,72803.426130,1.206750e-02,4,4,3.5,e,-2.5,+1,5,5,5.5,f,-4.5,+1
sigma-,sigma+,60,128,72803.442639,1.904732e-02,4,4,3.5,e,-3.5,+1,5,5,5.5,f,-5.5,+1
sigma-,sigma+,67,112,72806.914995,1.421135e-02,4,4,3.5,e,+3.5,+1,5,5,4.5,f,+1.5,+1
sigma-,sigma+,66,111,72806.924796,4.875881e-02,4,4,3.5,e,+2.5,+1,5,5,4.5,f,+0.5,+1
sigma-,sigma+,65,110,72806.934602,1.016525e-01,4,4,3.5,e,+1.5,+1,5,5,4.5,f,-0.5,+1
sigma-,sigma+,64,109,72806.944413,1.627594e-01,4,4,3.5,e,+0.5,+1,5,5,4.5,f,-1.5,+1
sigma-,sigma+,63,108,72806.954228,2.137741e-01,4,4,3.5,e,-0.5,+1,5,5,4.5,f,-2.5,+1
sigma-,sigma+,62,107,72806.964049,2.281894e-01,4,4,3.5,e,-1.5,+1,5,5,4.5,f,-3.5,+1
sigma-,sigma+,61,106,72806.973874,1.712657e-01,4,4,3.5,e,-2.5,+1,5,5,4.5,f,-4.5,+1
sigma-,sigma+,85,136,72807.791082,8.198442e-03,4,4,4.5,e,+4.5,+1,5,5,5.5,f,+2.5,+1
sigma-,sigma+,84,135,72807.797654,2.912243e-02,4,4,4.5,e,+3.5,+1,5,5,5.5,f,+1.5,+1
sigma-,sigma+,83,134,72807.804221,6.364464e-02,4,4,4.5,e,+2.5,+1,5,5,5.5,f,+0.5,+1
sigma-,sigma+,82,133,72807.810783,1.090005e-01,4,4,4.5,e,+1.5,+1,5,5,5.5,f,-0.5,+1
sigma-,sigma+,81,132,72807.817341,1.588057e-01,4,4,4.5,e,+0.5,+1,5,5,5.5,f,-1.5,+1
sigma-,sigma+,80,131,72807.823894,2.030740e-01,4,4,4.5,e,-0.5,+1,5,5,5.5,f,-2.5,+1
sigma-,sigma+,79,130,72807.830442,2.282349e-01,4,4,4.5,e,-1.5,+1,5,5,5.5,f,-3.5,+1
sigma-,sigma+,78,129,72807.836985,2.171527e-01,4,4,4.5,e,-2.5,+1,5,5,5.5,f,-4.5,+1
sigma-,sigma+,77,128,72807.843523,1.491447e-01,4,4,4.5,e,-3.5,+1,5,5,5.5,f,-5.5,+1
sigma-,sigma+,78,106,72811.384729,3.103387e-03,4,4,4.5,e,-2.5,+1,5,5,4.5,f,-4.5,+1
sigma-,sigma+,79,107,72811.384852,7.211968e-03,4,4,4.5,e,-1.5,+1,5,5,4.5,f,-3.5,+1
sigma-,sigma+,80,108,72811.384958,1.077444e-02,4,4,4.5,e,-0.5,+1,5,5,4.5,f,-2.5,+1
sigma-,sigma+,81,109,72811.385046,1.277537e-02,4,4,4.5,e,+0.5,+1,5,5,4.5,f,-1.5,+1
sigma-,sigma+,82,110,72811.385117,1.272447e-02,4,4,4.5,e,+1.5,+1,5,5,4.5,f,-0.5,+1
sigma-,sigma+,83,111,72811.385171,1.064618e-02,4,4,4.5,e,+2.5,+1,5,5,4.5,f,+0.5,+1
sigma-,sigma+,84,112,72811.385208,7.069447e-03,4,4,4.5,e,+3.5,+1,5,5,4.5,f,+1.5,+1
sigma-,sigma+,85,113,72811.385228,3.017864e-03,4,4,4.5,e,+4.5,+1,5,5,4.5,f,+2.5,+1
sigma-,sigma+,15,80,101813.625472,3.828726e-11,2,2,1.5,e,+1.5,+1,4,4,4.5,e,-0.5,+1
sigma-,sigma+,14,79,101813.683849,1.634067e-10,2,2,1.5,e,+0.5,+1,4,4,4.5,e,-1.5,+1
sigma-,sigma+,13,78,101813.742302,3.607000e-10,2,2,1.5,e,-0.5,+1,4,4,4.5,e,-2.5,+1
sigma-,sigma+,12,77,101813.800831,4.537250e-10,2,2,1.5,e,-1.5,+1,4,4,4.5,e,-3.5,+1
sigma-,sigma+,15,63,101818.056201,2.129884e-03,2,2,1.5,e,+1.5,+1,4,4,3.5,e,-0.5,+1
sigma-,sigma+,14,62,101818.104653,1.066746e-02,2,2,1.5,e,+0.5,+1,4,4,3.5,e,-1.5,+1
sigma-,sigma+,13,61,101818.153157,3.205712e-02,2,2,1.5,e,-0.5,+1,4,4,3.5,e,-2.5,+1
sigma-,sigma+,12,60,101818.201715,7.492921e-02,2,2,1.5,e,-1.5,+1,4,4,3.5,e,-3.5,+1
sigma-,sigma+,25,81,101821.978497,6.676689e-04,2,2,2.5,e,+2.5,+1,4,4,4.5,e,+0.5,+1
sigma-,sigma+,24,80,101822.004388,3.332497e-03,2,2,2.5,e,+1.5,+1,4,4,4.5,e,-0.5,+1
sigma-,sigma+,23,79,101822.030227,9.979828e-03,2,2,2.5,e,+0.5,+1,4,4,4.5,e,-1.5,+1
sigma-,sigma+,22,78,101822.056013,2.324478e-02,2,2,2.5,e,-0.5,+1,4,4,4.5,e,-2.5,+1
sigma-,sigma+,21,77,101822.081746,4.640603e-02,2,2,2.5,e,-1.5,+1,4,4,4.5,e,-3.5,+1
sigma-,sigma+,20,76,101822.107425,8.337948e-02,2,2,2.5,e,-2.5,+1,4,4,4.5,e,-4.5,+1
sigma-,sigma+,25,64,101826.419130,5.215113e-04,2,2,2.5,e,+2.5,+1,4,4,3.5,e,+0.5,+1
sigma-,sigma+,24,63,101826.435117,1.678824e-03,2,2,2.5,e,+1.5,+1,4,4,3.5,e,-0.5,+1
sigma-,sigma+,23,62,101826.451030,3.166787e-03,2,2,2.5,e,+0.5,+1,4,4,3.5,e,-1.5,+1
sigma-,sigma+,22,61,101826.466868,4.248064e-03,2,2,2.5,e,-0.5,+1,4,4,3.5,e,-2.5,+1
sigma-,sigma+,21,60,101826.482630,3.739850e-03,2,2,2.5,e,-1.5,+1,4,4,3.5,e,-3.5,+1
sigma-,sigma+,19,90,101850.661951,2.587439e-12,2,2,1.5,f,+1.5,-1,4,4,4.5,f,-0.5,-1
sigma-,sigma+,18,89,101850.719437,1.885615e-11,2,2,1.5,f,+0.5,-1,4,4,4.5,f,-1.5,-1
sigma-,sigma+,17,88,101850.776992,6.526845e-11,2,2,1.5,f,-0.5,-1,4,4,4.5,f,-2.5,-1
sigma-,sigma+,16,87,101850.834617,1.216110e-10,2,2,1.5,f,-1.5,-1,4,4,4.5,f,-3.5,-1
sigma-,sigma+,19,71,101855.092973,1.206030e-02,2,2,1.5,f,+1.5,-1,4,4,3.5,f,-0.5,-1
sigma-,sigma+,18,70,101855.141175,6.040146e-02,2,2,1.5,f,+0.5,-1,4,4,3.5,f,-1.5,-1
sigma-,sigma+,17,69,101855.189426,1.815077e-01,2,2,1.5,f,-0.5,-1,4,4,3.5,f,-2.5,-1
sigma-,sigma+,16,68,101855.237728,4.242338e-01,2,2,1.5,f,-1.5,-1,4,4,3.5,f,-3.5,-1
sigma-,sigma+,31,91,101859.012986,3.778273e-03,2,2,2.5,f,+2.5,-1,4,4,4.5,f,+0.5,-1
sigma-,sigma+,30,90,101859.039124,1.886052e-02,2,2,2.5,f,+1.5,-1,4,4,4.5,f,-0.5,-1
sigma-,sigma+,29,89,101859.065213,5.648841e-02,2,2,2.5,f,+0.5,-1,4,4,4.5,f,-1.5,-1
sigma-,sigma+,28,88,101859.091252,1.315876e-01,2,2,2.5,f,-0.5,-1,4,4,4.5,f,-2.5,-1
sigma-,sigma+,27,87,101859.117241,2.627351e-01,2,2,2.5,f,-1.5,-1,4,4,4.5,f,-3.5,-1
sigma-,sigma+,26,86,101859.143180,4.721257e-01,2,2,2.5,f,-2.5,-1,4,4,4.5,f,-4.5,-1
sigma-,sigma+,31,72,101863.453272,2.971290e-03,2,2,2.5,f,+2.5,-1,4,4,3.5,f,+0.5,-1
sigma-,sigma+,30,71,101863.470145,9.563874e-03,2,2,2.5,f,+1.5,-1,4,4,3.5,f,-0.5,-1
sigma-,sigma+,29,70,101863.486950,1.803821e-02,2,2,2.5,f,+0.5,-1,4,4,3.5,f,-1.5,-1
sigma-,sigma+,28,69,101863.503686,2.419413e-02,2,2,2.5,f,-0.5,-1,4,4,3.5,f,-2.5,-1
sigma-,sigma+,27,68,101863.520352,2.129689e-02,2,2,2.5,f,-1.5,-1,4,4,3.5,f,-3.5,-1
sigma-,sigma+,37,122,130906.195737,3.850930e-10,3,3,2.5,e,+2.5,-1,5,5,5.5,e,+0.5,-1
sigma-,sigma+,36,121,130906.223065,1.929622e-09,3,3,2.5,e,+1.5,-1,5,5,5.5,e,-0.5,-1
sigma-,sigma+,35,120,130906.250422,5.414524e-09,3,3,2.5,e,+0.5,-1,5,5,5.5,e,-1.5,-1
sigma-,sigma+,34,119,130906.277807,1.085209e-08,3,3,2.5,e,-0.5,-1,5,5,5.5,e,-2.5,-1
sigma-,sigma+,33,118,130906.305221,1.631251e-08,3,3,2.5,e,-1.5,-1,5,5,5.5,e,-3.5,-1
sigma-,sigma+,32,117,130906.332665,1.634669e-08,3,3,2.5,e,-2.5,-1,5,5,5.5,e,-4.5,-1
sigma-,sigma+,37,101,130909.776978,7.105844e-04,3,3,2.5,e,+2.5,-1,5,5,4.5,e,+0.5,-1
sigma-,sigma+,36,100,130909.797167,3.556319e-03,3,3,2.5,e,+1.5,-1,5,5,4.5,e,-0.5,-1
sigma-,sigma+,35,99,130909.817370,1.067923e-02,3,3,2.5,e,+0.5,-1,5,5,4.5,e,-1.5,-1
sigma-,sigma+,34,98,130909.837587,2.494238e-02,3,3,2.5,e,-0.5,-1,5,5,4.5,e,-2.5,-1
sigma-,sigma+,33,97,130909.857819,4.993352e-02,3,3,2.5,e,-1.5,-1,5,5,4.5,e,-3.5,-1
sigma-,sigma+,32,96,130909.878065,8.996882e-02,3,3,2.5,e,-2.5,-1,5,5,4.5,e,-4.5,-1
sigma-,sigma+,51,123,130912.019789,2.917209e-04,3,3,3.5,e,+3.5,-1,5,5,5.5,e,+1.5,-1
sigma-,sigma+,50,122,130912.031454,1.456984e-03,3,3,3.5,e,+2.5,-1,5,5,5.5,e,+0.5,-1
sigma-,sigma+,49,121,130912.043106,4.366063e-03,3,3,3.5,e,+1.5,-1,5,5,5.5,e,-0.5,-1
sigma-,sigma+,48,120,130912.054744,1.017600e-02,3,3,3.5,e,+0.5,-1,5,5,5.5,e,-1.5,-1
sigma-,sigma+,47,119,130912.066367,2.032892e-02,3,3,3.5,e,-0.5,-1,5,5,5.5,e,-2.5,-1
sigma-,sigma+,46,118,130912.077977,3.655025e-02,3,3,3.5,e,-1.5,-1,5,5,5.5,e,-3.5,-1
sigma-,sigma+,45,117,130912.089572,6.084700e-02,3,3,3.5,e,-2.5,-1,5,5,5.5,e,-4.5,-1
sigma-,sigma+,44,116,130912.101152,9.550592e-02,3,3,3.5,e,-3.5,-1,5,5,5.5,e,-5.5,-1
sigma-,sigma+,11,63,130914.658890,6.700197e-12,1,1,1.5,f,+1.5,+1,4,4,3.5,e,-0.5,+1
sigma-,sigma+,10,62,130914.733204,3.401190e-11,1,1,1.5,f,+0.5,+1,4,4,3.5,e,-1.5,+1
sigma-,sigma+,9,61,130914.807008,1.036009e-10,1,1,1.5,f,-0.5,+1,4,4,3.5,e,-2.5,+1
sigma-,sigma+,8,60,130914.880290,2.454663e-10,1,1,1.5,f,-1.5,+1,4,4,3.5,e,-3.5,+1
sigma-,sigma+,51,102,130915.608155,1.624568e-04,3,3,3.5,e,+3.5,-1,5,5,4.5,e,+1.5,-1
sigma-,sigma+,50,101,130915.612696,5.591859e-04,3,3,3.5,e,+2.5,-1,5,5,4.5,e,+0.5,-1
sigma-,sigma+,49,100,130915.617208,1.169581e-03,3,3,3.5,e,+1.5,-1,5,5,4.5,e,-0.5,-1
sigma-,sigma+,48,99,130915.621692,1.878782e-03,3,3,3.5,e,+0.5,-1,5,5,4.5,e,-1.5,-1
sigma-,sigma+,47,98,130915.626148,2.475782e-03,3,3,3.5,e,-0.5,-1,5,5,4.5,e,-2.5,-1
sigma-,sigma+,46,97,130915.630574,2.651481e-03,3,3,3.5,e,-1.5,-1,5,5,4.5,e,-3.5,-1
sigma-,sigma+,45,96,130915.634972,1.996679e-03,3,3,3.5,e,-2.5,-1,5,5,4.5,e,-4.5,-1
sigma-,sigma+,43,134,130953.812671,1.371349e-09,3,3,2.5,f,+2.5,+1,5,5,5.5,f,+0.5,+1
sigma-,sigma+,42,133,130953.839331,6.862335e-09,3,3,2.5,f,+1.5,+1,5,5,5.5,f,-0.5,+1
sigma-,sigma+,41,132,130953.866016,1.922967e-08,3,3,2.5,f,+0.5,+1,5,5,5.5,f,-1.5,+1
sigma-,sigma+,40,131,130953.892727,3.848851e-08,3,3,2.5,f,-0.5,+1,5,5,5.5,f,-2.5,+1
sigma-,sigma+,39,130,130953.919464,5.777489e-08,3,3,2.5,f,-1.5,+1,5,5,5.5,f,-3.5,+1
sigma-,sigma+,38,129,130953.946226,5.781531e-08,3,3,2.5,f,-2.5,+1,5,5,5.5,f,-4.5,+1
sigma-,sigma+,43,111,130957.393620,4.024557e-03,3,3,2.5,f,+2.5,+1,5,5,4.5,f,+0.5,+1
sigma-,sigma+,42,110,130957.413664,2.014130e-02,3,3,2.5,f,+1.5,+1,5,5,4.5,f,-0.5,+1
sigma-,sigma+,41,109,130957.433721,6.047986e-02,3,3,2.5,f,+0.5,+1,5,5,4.5,f,-1.5,+1
sigma-,sigma+,40,108,130957.453791,1.412513e-01,3,3,2.5,f,-0.5,+1,5,5,4.5,f,-2.5,+1
sigma-,sigma+,39,107,130957.473874,2.827678e-01,3,3,2.5,f,-1.5,+1,5,5,4.5,f,-3.5,+1
sigma-,sigma+,38,106,130957.493971,5.094631e-01,3,3,2.5,f,-2.5,+1,5,5,4.5,f,-4.5,+1
sigma-,sigma+,1,70,130957.815781,1.442712e-12,1,1,0.5,e,+0.5,-1,4,4,3.5,f,-1.5,-1
sigma-,sigma+,0,69,130958.019933,4.365836e-12,1,1,0.5,e,-0.5,-1,4,4,3.5,f,-2.5,-1
sigma-,sigma+,59,135,130959.634511,1.650938e-03,3,3,3.5,f,+3.5,+1,5,5,5.5,f,+1.5,+1
sigma-,sigma+,58,134,130959.646320,8.246214e-03,3,3,3.5,f,+2.5,+1,5,5,5.5,f,+0.5,+1
sigma-,sigma+,57,133,130959.658117,2.471307e-02,3,3,3.5,f,+1.5,+1,5,5,5.5,f,-0.5,+1
sigma-,sigma+,56,132,130959.669902,5.760385e-02,3,3,3.5,f,+0.5,+1,5,5,5.5,f,-1.5,+1
sigma-,sigma+,55,131,130959.681673,1.150871e-01,3,3,3.5,f,-0.5,+1,5,5,5.5,f,-2.5,+1
sigma-,sigma+,54,130,130959.693431,2.069384e-01,3,3,3.5,f,-1.5,+1,5,5,5.5,f,-3.5,+1
sigma-,sigma+,53,129,130959.705175,3.445313e-01,3,3,3.5,f,-2.5,+1,5,5,5.5,f,-4.5,+1
sigma-,sigma+,52,128,130959.716907,5.408280e-01,3,3,3.5,f,-3.5,+1,5,5,5.5,f,-5.5,+1
sigma-,sigma+,59,112,130963.222065,9.259321e-04,3,3,3.5,f,+3.5,+1,5,5,4.5,f,+1.5,+1
sigma-,sigma+,58,111,130963.227270,3.186711e-03,3,3,3.5,f,+2.5,+1,5,5,4.5,f,+0.5,+1
sigma-,sigma+,57,110,130963.232451,6.664401e-03,3,3,3.5,f,+1.5,+1,5,5,4.5,f,-0.5,+1
sigma-,sigma+,56,109,130963.237606,1.070411e-02,3,3,3.5,f,+0.5,+1,5,5,4.5,f,-1.5,+1
sigma-,sigma+,55,108,130963.242736,1.410356e-02,3,3,3.5,f,-0.5,+1,5,5,4.5,f,-2.5,+1
sigma-,sigma+,54,107,130963.247841,1.510240e-02,3,3,3.5,f,-1.5,+1,5,5,4.5,f,-3.5,+1
sigma-,sigma+,53,106,130963.252920,1.137119e-02,3,3,3.5,f,-2.5,+1,5,5,4.5,f,-4.5,+1
sigma-,sigma+,4,87,130968.681235,1.129569e-12,1,1,1.5,e,-1.5,-1,4,4,4.5,f,-3.5,-1
sigma-,sigma+,7,71,130972.847593,6.534750e-10,1,1,1.5,e,+1.5,-1,4,4,3.5,f,-0.5,-1
sigma-,sigma+,6,70,130972.927039,3.313356e-09,1,1,1.5,e,+0.5,-1,4,4,3.5,f,-1.5,-1
sigma-,sigma+,5,69,130973.005961,1.008093e-08,1,1,1.5,e,-0.5,-1,4,4,3.5,f,-2.5,-1
sigma-,sigma+,4,68,130973.084346,2.385791e-08,1,1,1.5,e,-1.5,-1,4,4,3.5,f,-3.5,-1
sigma-,sigma+,31,101,174538.190244,6.003718e-12,2,2,2.5,f,+2.5,-1,5,5,4.5,e,+0.5,-1
sigma-,sigma+,30,100,174538.210610,3.023637e-11,2,2,2.5,f,+1.5,-1,5,5,4.5,e,-0.5,-1
sigma-,sigma+,29,99,174538.230910,9.136909e-11,2,2,2.5,f,+0.5,-1,5,5,4.5,e,-1.5,-1
sigma-,sigma+,28,98,174538.251143,2.147501e-10,2,2,2.5,f,-0.5,-1,5,5,4.5,e,-2.5,-1
sigma-,sigma+,27,97,174538.271309,4.326434e-10,2,2,2.5,f,-1.5,-1,5,5,4.5,e,-3.5,-1
sigma-,sigma+,26,96,174538.291407,7.844744e-10,2,2,2.5,f,-2.5,-1,5,5,4.5,e,-4.5,-1
sigma-,sigma+,13,108,174625.166426,1.516113e-12,2,2,1.5,e,-0.5,+1,5,5,4.5,f,-2.5,+1
sigma-,sigma+,12,107,174625.224827,2.028632e-12,2,2,1.5,e,-1.5,+1,5,5,4.5,f,-3.5,+1
sigma-,sigma+,25,111,174633.402901,1.035507e-10,2,2,2.5,e,+2.5,+1,5,5,4.5,f,+0.5,+1
sigma-,sigma+,24,110,174633.428716,5.212966e-10,2,2,2.5,e,+1.5,+1,5,5,4.5,f,-0.5,+1
sigma-,sigma+,23,109,174633.454462,1.574630e-09,2,2,2.5,e,+0.5,+1,5,5,4.5,f,-1.5,+1
sigma-,sigma+,22,108,174633.480137,3.699460e-09,2,2,2.5,e,-0.5,+1,5,5,4.5,f,-2.5,+1
sigma-,sigma+,21,107,174633.505743,7.450100e-09,2,2,2.5,e,-1.5,+1,5,5,4.5,f,-3.5,+1
sigma-,sigma+,20,106,174633.531276,1.350329e-08,2,2,2.5,e,-2.5,+1,5,5,4.5,f,-4.5,+1
sigma+,sigma+,108,20,-174633.570672,3.793995e-10,5,5,4.5,f,-2.5,+1,2,2,2.5,e,-2.5,+1
sigma+,sigma+,109,21,-174633.545125,8.074106e-10,5,5,4.5,f,-1.5,+1,2,2,2.5,e,-1.5,+1
sigma+,sigma+,110,22,-174633.519508,1.069175e-09,5,5,4.5,f,-0.5,+1,2,2,2.5,e,-0.5,+1
sigma+,sigma+,111,23,-174633.493820,1.061879e-09,5,5,4.5,f,+0.5,+1,2,2,2.5,e,+0.5,+1
sigma+,sigma+,112,24,-174633.468062,7.909941e-10,5,5,4.5,f,+1.5,+1,2,2,2.5,e,+1.5,+1
sigma+,sigma+,113,25,-174633.442235,3.666295e-10,5,5,4.5,f,+2.5,+1,2,2,2.5,e,+2.5,+1
sigma+,sigma+,98,26,-174538.337087,2.205657e-11,5,5,4.5,e,-2.5,-1,2,2,2.5,f,-2.5,-1
sigma+,sigma+,99,27,-174538.316975,4.692079e-11,5,5,4.5,e,-1.5,-1,2,2,2.5,f,-1.5,-1
sigma+,sigma+,100,28,-174538.296794,6.210802e-11,5,5,4.5,e,-0.5,-1,2,2,2.5,f,-0.5,-1
sigma+,sigma+,101,29,-174538.276546,6.165959e-11,5,5,4.5,e,+0.5,-1,2,2,2.5,f,+0.5,-1
sigma+,sigma+,102,30,-174538.256232,4.591175e-11,5,5,4.5,e,+1.5,-1,2,2,2.5,f,+1.5,-1
sigma+,sigma+,103,31,-174538.235853,2.127167e-11,5,5,4.5,e,+2.5,-1,2,2,2.5,f,+2.5,-1
sigma+,sigma+,70,4,-130973.137009,1.152085e-09,4,4,3.5,f,-1.5,-1,1,1,1.5,e,-1.5,-1
sigma+,sigma+,71,5,-130973.058605,2.044721e-09,4,4,3.5,f,-0.5,-1,1,1,1.5,e,-0.5,-1
sigma+,sigma+,72,6,-130972.979663,2.016299e-09,4,4,3.5,f,+0.5,-1,1,1,1.5,e,+0.5,-1
sigma+,sigma+,73,7,-130972.900197,1.104702e-09,4,4,3.5,f,+1.5,-1,1,1,1.5,e,+1.5,-1
sigma+,sigma+,107,52,-130963.297380,2.225552e-03,5,5,4.5,f,-3.5,+1,3,3,3.5,f,-3.5,+1
sigma+,sigma+,108,53,-130963.292315,1.981808e-03,5,5,4.5,f,-2.5,+1,3,3,3.5,f,-2.5,+1
sigma+,sigma+,109,54,-130963.287224,9.164047e-04,5,5,4.5,f,-1.5,+1,3,3,3.5,f,-1.5,+1
sigma+,sigma+,110,55,-130963.282107,1.143549e-04,5,5,4.5,f,-0.5,+1,3,3,3.5,f,-0.5,+1
sigma+,sigma+,111,56,-130963.276964,1.090005e-04,5,5,4.5,f,+0.5,+1,3,3,3.5,f,+0.5,+1
sigma+,sigma+,112,57,-130963.271797,8.926460e-04,5,5,4.5,f,+1.5,+1,3,3,3.5,f,+1.5,+1
sigma+,sigma+,113,58,-130963.266604,1.926891e-03,5,5,4.5,f,+2.5,+1,3,3,3.5,f,+2.5,+1
sigma+,sigma+,114,59,-130963.261386,2.152668e-03,5,5,4.5,f,+3.5,+1,3,3,3.5,f,+3.5,+1
sigma+,sigma+,130,52,-130959.742970,9.796550e-03,5,5,5.5,f,-3.5,+1,3,3,3.5,f,-3.5,+1
sigma+,sigma+,131,53,-130959.731251,2.288326e-02,5,5,5.5,f,-2.5,+1,3,3,3.5,f,-2.5,+1
sigma+,sigma+,132,54,-130959.719519,3.436164e-02,5,5,5.5,f,-1.5,+1,3,3,3.5,f,-1.5,+1
sigma+,sigma+,133,55,-130959.707773,4.095022e-02,5,5,5.5,f,-0.5,+1,3,3,3.5,f,-0.5,+1
sigma+,sigma+,134,56,-130959.696014,4.099349e-02,5,5,5.5,f,+0.5,+1,3,3,3.5,f,+0.5,+1
sigma+,sigma+,135,57,-130959.684243,3.447068e-02,5,5,5.5,f,+1.5,+1,3,3,3.5,f,+1.5,+1
sigma+,sigma+,136,58,-130959.672458,2.300442e-02,5,5,5.5,f,+2.5,+1,3,3,3.5,f,+2.5,+1
sigma+,sigma+,137,59,-130959.660660,9.869253e-03,5,5,5.5,f,+3.5,+1,3,3,3.5,f,+3.5,+1
sigma+,sigma+,108,38,-130957.533366,1.419889e-02,5,5,4.5,f,-2.5,+1,3,3,2.5,f,-2.5,+1
sigma+,sigma+,109,39,-130957.513257,3.039715e-02,5,5,4.5,f,-1.5,+1,3,3,2.5,f,-1.5,+1
sigma+,sigma+,110,40,-130957.493161,4.049113e-02,5,5,4.5,f,-0.5,+1,3,3,2.5,f,-0.5,+1
sigma+,sigma+,111,41,-130957.473079,4.045302e-02,5,5,4.5,f,+0.5,+1,3,3,2.5,f,+0.5,+1
sigma+,sigma+,112,42,-130957.453010,3.031140e-02,5,5,4.5,f,+1.5,+1,3,3,2.5,f,+1.5,+1
sigma+,sigma+,113,43,-130957.432954,1.413218e-02,5,5,4.5,f,+2.5,+1,3,3,2.5,f,+2.5,+1
sigma+,sigma+,131,38,-130953.972302,3.715149e-09,5,5,5.5,f,-2.5,+1,3,3,2.5,f,-2.5,+1
sigma+,sigma+,132,39,-130953.945552,9.283247e-09,5,5,5.5,f,-1.5,+1,3,3,2.5,f,-1.5,+1
sigma+,sigma+,133,40,-130953.918828,1.325475e-08,5,5,5.5,f,-0.5,+1,3,3,2.5,f,-0.5,+1
sigma+,sigma+,134,41,-130953.892129,1.324730e-08,5,5,5.5,f,+0.5,+1,3,3,2.5,f,+0.5,+1
sigma+,sigma+,135,42,-130953.865456,9.267613e-09,5,5,5.5,f,+1.5,+1,3,3,2.5,f,+1.5,+1
sigma+,sigma+,136,43,-130953.838808,3.704736e-09,5,5,5.5,f,+2.5,+1,3,3,2.5,f,+2.5,+1
sigma+,sigma+,97,44,-130915.685035,3.913962e-04,5,5,4.5,e,-3.5,-1,3,3,3.5,e,-3.5,-1
sigma+,sigma+,98,45,-130915.680652,3.486020e-04,5,5,4.5,e,-2.5,-1,3,3,3.5,e,-2.5,-1
sigma+,sigma+,99,46,-130915.676240,1.613043e-04,5,5,4.5,e,-1.5,-1,3,3,3.5,e,-1.5,-1
sigma+,sigma+,100,47,-130915.671799,2.020640e-05,5,5,4.5,e,-0.5,-1,3,3,3.5,e,-0.5,-1
sigma+,sigma+,101,48,-130915.667329,1.902449e-05,5,5,4.5,e,+0.5,-1,3,3,3.5,e,+0.5,-1
sigma+,sigma+,102,49,-130915.662831,1.564229e-04,5,5,4.5,e,+1.5,-1,3,3,3.5,e,+1.5,-1
sigma+,sigma+,103,50,-130915.658304,3.378915e-04,5,5,4.5,e,+2.5,-1,3,3,3.5,e,+2.5,-1
sigma+,sigma+,104,51,-130915.653749,3.775669e-04,5,5,4.5,e,+3.5,-1,3,3,3.5,e,+3.5,-1
sigma+,sigma+,62,8,-130914.939354,1.186800e-11,4,4,3.5,e,-1.5,+1,1,1,1.5,f,-1.5,+1
sigma+,sigma+,63,9,-130914.866050,2.103953e-11,4,4,3.5,e,-0.5,+1,1,1,1.5,f,-0.5,+1
sigma+,sigma+,64,10,-130914.792223,2.072345e-11,4,4,3.5,e,+0.5,+1,1,1,1.5,f,+0.5,+1
sigma+,sigma+,65,11,-130914.717886,1.134106e-11,4,4,3.5,e,+1.5,+1,1,1,1.5,f,+1.5,+1
sigma+,sigma+,118,44,-130912.132438,1.729438e-03,5,5,5.5,e,-3.5,-1,3,3,3.5,e,-3.5,-1
sigma+,sigma+,119,45,-130912.120872,4.040076e-03,5,5,5.5,e,-2.5,-1,3,3,3.5,e,-2.5,-1
sigma+,sigma+,120,46,-130912.109291,6.067154e-03,5,5,5.5,e,-1.5,-1,3,3,3.5,e,-1.5,-1
sigma+,sigma+,121,47,-130912.097697,7.231134e-03,5,5,5.5,e,-0.5,-1,3,3,3.5,e,-0.5,-1
sigma+,sigma+,122,48,-130912.086087,7.239417e-03,5,5,5.5,e,+0.5,-1,3,3,3.5,e,+0.5,-1
sigma+,sigma+,123,49,-130912.074464,6.088027e-03,5,5,5.5,e,+1.5,-1,3,3,3.5,e,+1.5,-1
sigma+,sigma+,124,50,-130912.062826,4.063269e-03,5,5,5.5,e,+2.5,-1,3,3,3.5,e,+2.5,-1
sigma+,sigma+,125,51,-130912.051175,1.743355e-03,5,5,5.5,e,+3.5,-1,3,3,3.5,e,+3.5,-1
sigma+,sigma+,98,32,-130909.923745,2.507819e-03,5,5,4.5,e,-2.5,-1,3,3,2.5,e,-2.5,-1
sigma+,sigma+,99,33,-130909.903484,5.368555e-03,5,5,4.5,e,-1.5,-1,3,3,2.5,e,-1.5,-1
sigma+,sigma+,100,34,-130909.883238,7.151009e-03,5,5,4.5,e,-0.5,-1,3,3,2.5,e,-0.5,-1
sigma+,sigma+,101,35,-130909.863007,7.144002e-03,5,5,4.5,e,+0.5,-1,3,3,2.5,e,+0.5,-1
sigma+,sigma+,102,36,-130909.842789,5.352789e-03,5,5,4.5,e,+1.5,-1,3,3,2.5,e,+1.5,-1
sigma+,sigma+,103,37,-130909.822586,2.495556e-03,5,5,4.5,e,+2.5,-1,3,3,2.5,e,+2.5,-1
sigma+,sigma+,119,32,-130906.363965,1.052735e-09,5,5,5.5,e,-2.5,-1,3,3,2.5,e,-2.5,-1
sigma+,sigma+,120,33,-130906.336536,2.626812e-09,5,5,5.5,e,-1.5,-1,3,3,2.5,e,-1.5,-1
sigma+,sigma+,121,34,-130906.309136,3.745350e-09,5,5,5.5,e,-0.5,-1,3,3,2.5,e,-0.5,-1
sigma+,sigma+,122,35,-130906.281765,3.738059e-09,5,5,5.5,e,+0.5,-1,3,3,2.5,e,+0.5,-1
sigma+,sigma+,123,36,-130906.254423,2.611501e-09,5,5,5.5,e,+1.5,-1,3,3,2.5,e,+1.5,-1
sigma+,sigma+,124,37,-130906.227108,1.042530e-09,5,5,5.5,e,+2.5,-1,3,3,2.5,e,+2.5,-1
sigma+,sigma+,69,26,-101863.589630,3.808656e-03,4,4,3.5,f,-2.5,-1,2,2,2.5,f,-2.5,-1
sigma+,sigma+,70,27,-101863.573015,2.271293e-03,4,4,3.5,f,-1.5,-1,2,2,2.5,f,-1.5,-1
sigma+,sigma+,71,28,-101863.556329,3.008915e-04,4,4,3.5,f,-0.5,-1,2,2,2.5,f,-0.5,-1
sigma+,sigma+,72,29,-101863.539574,2.995637e-04,4,4,3.5,f,+0.5,-1,2,2,2.5,f,+0.5,-1
sigma+,sigma+,73,30,-101863.522750,2.232483e-03,4,4,3.5,f,+1.5,-1,2,2,2.5,f,+1.5,-1
sigma+,sigma+,74,31,-101863.505857,3.698845e-03,4,4,3.5,f,+2.5,-1,2,2,2.5,f,+2.5,-1
sigma+,sigma+,88,26,-101859.177196,1.305946e-02,4,4,4.5,f,-2.5,-1,2,2,2.5,f,-2.5,-1
sigma+,sigma+,89,27,-101859.151278,2.803208e-02,4,4,4.5,f,-1.5,-1,2,2,2.5,f,-1.5,-1
sigma+,sigma+,90,28,-101859.125308,3.743909e-02,4,4,4.5,f,-0.5,-1,2,2,2.5,f,-0.5,-1
sigma+,sigma+,91,29,-101859.099288,3.750168e-02,4,4,4.5,f,+0.5,-1,2,2,2.5,f,+0.5,-1
sigma+,sigma+,92,30,-101859.073219,2.817291e-02,4,4,4.5,f,+1.5,-1,2,2,2.5,f,+1.5,-1
sigma+,sigma+,93,31,-101859.047100,1.316899e-02,4,4,4.5,f,+2.5,-1,2,2,2.5,f,+2.5,-1
sigma+,sigma+,70,16,-101855.290391,2.028780e-02,4,4,3.5,f,-1.5,-1,2,2,1.5,f,-1.5,-1
sigma+,sigma+,71,17,-101855.242069,3.645580e-02,4,4,3.5,f,-0.5,-1,2,2,1.5,f,-0.5,-1
sigma+,sigma+,72,18,-101855.193798,3.639426e-02,4,4,3.5,f,+0.5,-1,2,2,1.5,f,+0.5,-1
sigma+,sigma+,73,19,-101855.145577,2.018523e-02,4,4,3.5,f,+1.5,-1,2,2,1.5,f,+1.5,-1
sigma+,sigma+,89,16,-101850.868654,2.438324e-11,4,4,4.5,f,-1.5,-1,2,2,1.5,f,-1.5,-1
sigma+,sigma+,90,17,-101850.811048,3.825408e-11,4,4,4.5,f,-0.5,-1,2,2,1.5,f,-0.5,-1
sigma+,sigma+,91,18,-101850.753512,2.916515e-11,4,4,4.5,f,+0.5,-1,2,2,1.5,f,+0.5,-1
sigma+,sigma+,92,19,-101850.696046,1.071599e-11,4,4,4.5,f,+1.5,-1,2,2,1.5,f,+1.5,-1
sigma+,sigma+,61,20,-101826.557402,6.696237e-04,4,4,3.5,e,-2.5,+1,2,2,2.5,e,-2.5,+1
sigma+,sigma+,62,21,-101826.541694,3.994635e-04,4,4,3.5,e,-1.5,+1,2,2,2.5,e,-1.5,+1
sigma+,sigma+,63,22,-101826.525909,5.303613e-05,4,4,3.5,e,-0.5,+1,2,2,2.5,e,-0.5,+1
sigma+,sigma+,64,23,-101826.510049,5.242639e-05,4,4,3.5,e,+0.5,+1,2,2,2.5,e,+0.5,+1
sigma+,sigma+,65,24,-101826.494114,3.915716e-04,4,4,3.5,e,+1.5,+1,2,2,2.5,e,+1.5,+1
sigma+,sigma+,66,25,-101826.478105,6.489929e-04,4,4,3.5,e,+2.5,+1,2,2,2.5,e,+2.5,+1
sigma+,sigma+,78,20,-101822.146547,2.305616e-03,4,4,4.5,e,-2.5,+1,2,2,2.5,e,-2.5,+1
sigma+,sigma+,79,21,-101822.120890,4.949629e-03,4,4,4.5,e,-1.5,+1,2,2,2.5,e,-1.5,+1
sigma+,sigma+,80,22,-101822.095180,6.611458e-03,4,4,4.5,e,-0.5,+1,2,2,2.5,e,-0.5,+1
sigma+,sigma+,81,23,-101822.069416,6.623332e-03,4,4,4.5,e,+0.5,+1,2,2,2.5,e,+0.5,+1
sigma+,sigma+,82,24,-101822.043599,4.976345e-03,4,4,4.5,e,+1.5,+1,2,2,2.5,e,+1.5,+1
sigma+,sigma+,83,25,-101822.017730,2.326395e-03,4,4,4.5,e,+2.5,+1,2,2,2.5,e,+2.5,+1
sigma+,sigma+,62,12,-101818.260779,3.583670e-03,4,4,3.5,e,-1.5,+1,2,2,1.5,e,-1.5,+1
sigma+,sigma+,63,13,-101818.212198,6.439359e-03,4,4,3.5,e,-0.5,+1,2,2,1.5,e,-0.5,+1
sigma+,sigma+,64,14,-101818.163672,6.428245e-03,4,4,3.5,e,+0.5,+1,2,2,1.5,e,+0.5,+1
sigma+,sigma+,65,15,-101818.115198,3.565145e-03,4,4,3.5,e,+1.5,+1,2,2,1.5,e,+1.5,+1
sigma+,sigma+,79,12,-101813.839975,3.984824e-11,4,4,4.5,e,-1.5,+1,2,2,1.5,e,-1.5,+1
sigma+,sigma+,80,13,-101813.781469,8.509991e-11,4,4,4.5,e,-0.5,+1,2,2,1.5,e,-0.5,+1
sigma+,sigma+,81,14,-101813.723038,9.057034e-11,4,4,4.5,e,+0.5,+1,2,2,1.5,e,+0.5,+1
sigma+,sigma+,82,15,-101813.664683,4.805011e-11,4,4,4.5,e,+1.5,+1,2,2,1.5,e,+1.5,+1
sigma+,sigma+,115,85,-72811.424537,3.006953e-03,5,5,4.5,f,+4.5,+1,4,4,4.5,e,+4.5,+1
sigma+,sigma+,114,84,-72811.424529,3.351971e-04,5,5,4.5,f,+3.5,+1,4,4,4.5,e,+3.5,+1
sigma+,sigma+,113,83,-72811.424504,8.436964e-05,5,5,4.5,f,+2.5,+1,4,4,4.5,e,+2.5,+1
sigma+,sigma+,112,82,-72811.424463,7.613287e-04,5,5,4.5,f,+1.5,+1,4,4,4.5,e,+1.5,+1
sigma+,sigma+,111,81,-72811.424404,1.358541e-03,5,5,4.5,f,+0.5,+1,4,4,4.5,e,+0.5,+1
sigma+,sigma+,110,80,-72811.424328,1.363771e-03,5,5,4.5,f,-0.5,+1,4,4,4.5,e,-0.5,+1
sigma+,sigma+,109,79,-72811.424235,7.700334e-04,5,5,4.5,f,-1.5,+1,4,4,4.5,e,-1.5,+1
sigma+,sigma+,108,78,-72811.424125,8.580043e-05,5,5,4.5,f,-2.5,+1,4,4,4.5,e,-2.5,+1
sigma+,sigma+,107,77,-72811.423997,3.454953e-04,5,5,4.5,f,-3.5,+1,4,4,4.5,e,-3.5,+1
sigma+,sigma+,106,76,-72811.423851,3.120261e-03,5,5,4.5,f,-4.5,+1,4,4,4.5,e,-4.5,+1
sigma+,sigma+,129,76,-72807.876107,3.051871e-02,5,5,5.5,f,-4.5,+1,4,4,4.5,e,-4.5,+1
sigma+,sigma+,130,77,-72807.869586,3.328861e-02,5,5,5.5,f,-3.5,+1,4,4,4.5,e,-3.5,+1
sigma+,sigma+,131,78,-72807.863061,2.269715e-02,5,5,5.5,f,-2.5,+1,4,4,4.5,e,-2.5,+1
sigma+,sigma+,132,79,-72807.856530,9.571060e-03,5,5,5.5,f,-1.5,+1,4,4,4.5,e,-1.5,+1
sigma+,sigma+,133,80,-72807.849995,1.157805e-03,5,5,5.5,f,-0.5,+1,4,4,4.5,e,-0.5,+1
sigma+,sigma+,134,81,-72807.843454,1.107433e-03,5,5,5.5,f,+0.5,+1,4,4,4.5,e,+0.5,+1
sigma+,sigma+,135,82,-72807.836909,9.454662e-03,5,5,5.5,f,+1.5,+1,4,4,4.5,e,+1.5,+1
sigma+,sigma+,136,83,-72807.830358,2.260128e-02,5,5,5.5,f,+2.5,+1,4,4,4.5,e,+2.5,+1
sigma+,sigma+,137,84,-72807.823803,3.329886e-02,5,5,5.5,f,+3.5,+1,4,4,4.5,e,+3.5,+1
sigma+,sigma+,138,85,-72807.817243,3.063167e-02,5,5,5.5,f,+4.5,+1,4,4,4.5,e,+4.5,+1
sigma+,sigma+,107,60,-72807.023112,3.328208e-02,5,5,4.5,f,-3.5,+1,4,4,3.5,e,-3.5,+1
sigma+,sigma+,108,61,-72807.013269,2.966287e-02,5,5,4.5,f,-2.5,+1,4,4,3.5,e,-2.5,+1
sigma+,sigma+,109,62,-72807.003431,1.368564e-02,5,5,4.5,f,-1.5,+1,4,4,3.5,e,-1.5,+1
sigma+,sigma+,110,63,-72806.993599,1.667425e-03,5,5,4.5,f,-0.5,+1,4,4,3.5,e,-0.5,+1
sigma+,sigma+,111,64,-72806.983771,1.729406e-03,5,5,4.5,f,+0.5,+1,4,4,3.5,e,+0.5,+1
sigma+,sigma+,112,65,-72806.973948,1.382671e-02,5,5,4.5,f,+1.5,+1,4,4,3.5,e,+1.5,+1
sigma+,sigma+,113,66,-72806.964130,2.977759e-02,5,5,4.5,f,+2.5,+1,4,4,3.5,e,+2.5,+1
sigma+,sigma+,114,67,-72806.954316,3.329208e-02,5,5,4.5,f,+3.5,+1,4,4,3.5,e,+3.5,+1
sigma+,sigma+,130,60,-72803.468702,3.453429e-04,5,5,5.5,f,-3.5,+1,4,4,3.5,e,-3.5,+1
sigma+,sigma+,131,61,-72803.452206,8.022957e-04,5,5,5.5,f,-2.5,+1,4,4,3.5,e,-2.5,+1
sigma+,sigma+,132,62,-72803.435727,1.198221e-03,5,5,5.5,f,-1.5,+1,4,4,3.5,e,-1.5,+1
sigma+,sigma+,133,63,-72803.419265,1.420278e-03,5,5,5.5,f,-0.5,+1,4,4,3.5,e,-0.5,+1
sigma+,sigma+,134,64,-72803.402821,1.414142e-03,5,5,5.5,f,+0.5,+1,4,4,3.5,e,+0.5,+1
sigma+,sigma+,135,65,-72803.386394,1.182759e-03,5,5,5.5,f,+1.5,+1,4,4,3.5,e,+1.5,+1
sigma+,sigma+,136,66,-72803.369984,7.851144e-04,5,5,5.5,f,+2.5,+1,4,4,3.5,e,+2.5,+1
sigma+,sigma+,137,67,-72803.353590,3.350335e-04,5,5,5.5,f,+3.5,+1,4,4,3.5,e,+3.5,+1
sigma+,sigma+,39,8,-72764.429528,6.569453e-03,3,3,2.5,f,-1.5,+1,1,1,1.5,f,-1.5,+1
sigma+,sigma+,40,9,-72764.366487,1.068866e-03,3,3,2.5,f,-0.5,+1,1,1,1.5,f,-0.5,+1
sigma+,sigma+,41,10,-72764.302914,1.092481e-03,3,3,2.5,f,+0.5,+1,1,1,1.5,f,+0.5,+1
sigma+,sigma+,42,11,-72764.238824,6.402179e-03,3,3,2.5,f,+1.5,+1,1,1,1.5,f,+1.5,+1
sigma+,sigma+,54,8,-72758.655561,1.610072e-02,3,3,3.5,f,-1.5,+1,1,1,1.5,f,-1.5,+1
sigma+,sigma+,55,9,-72758.577541,2.908216e-02,3,3,3.5,f,-0.5,+1,1,1,1.5,f,-0.5,+1
sigma+,sigma+,56,10,-72758.499029,2.918232e-02,3,3,3.5,f,+0.5,+1,1,1,1.5,f,+0.5,+1
sigma+,sigma+,57,11,-72758.420037,1.626765e-02,3,3,3.5,f,+1.5,+1,1,1,1.5,f,+1.5,+1
sigma+,sigma+,40,2,-72749.379529,2.650560e-02,3,3,2.5,f,-0.5,+1,1,1,0.5,f,-0.5,+1
sigma+,sigma+,41,3,-72749.192645,2.638149e-02,3,3,2.5,f,+0.5,+1,1,1,0.5,f,+0.5,+1
sigma+,sigma+,55,2,-72743.590584,6.974609e-08,3,3,3.5,f,-0.5,+1,1,1,0.5,f,-0.5,+1
sigma+,sigma+,56,3,-72743.388759,6.737688e-08,3,3,3.5,f,+0.5,+1,1,1,0.5,f,+0.5,+1
sigma+,sigma+,33,4,-72737.977484,1.154786e-03,3,3,2.5,e,-1.5,-1,1,1,1.5,e,-1.5,-1
sigma+,sigma+,34,5,-72737.915831,1.880741e-04,3,3,2.5,e,-0.5,-1,1,1,1.5,e,-0.5,-1
sigma+,sigma+,35,6,-72737.853629,1.915769e-04,3,3,2.5,e,+0.5,-1,1,1,1.5,e,+0.5,-1
sigma+,sigma+,36,7,-72737.790891,1.123791e-03,3,3,2.5,e,+1.5,-1,1,1,1.5,e,+1.5,-1
sigma+,sigma+,46,4,-72732.204728,2.842998e-03,3,3,3.5,e,-1.5,-1,1,1,1.5,e,-1.5,-1
sigma+,sigma+,47,5,-72732.127271,5.136289e-03,3,3,3.5,e,-0.5,-1,1,1,1.5,e,-0.5,-1
sigma+,sigma+,48,6,-72732.049307,5.155040e-03,3,3,3.5,e,+0.5,-1,1,1,1.5,e,+0.5,-1
sigma+,sigma+,49,7,-72731.970849,2.874251e-03,3,3,3.5,e,+1.5,-1,1,1,1.5,e,+1.5,-1
sigma+,sigma+,34,0,-72722.929803,4.684394e-03,3,3,2.5,e,-0.5,-1,1,1,0.5,e,-0.5,-1
sigma+,sigma+,35,1,-72722.742370,4.662399e-03,3,3,2.5,e,+0.5,-1,1,1,0.5,e,+0.5,-1
sigma+,sigma+,47,0,-72717.141242,1.024527e-08,3,3,3.5,e,-0.5,-1,1,1,0.5,e,-0.5,-1
sigma+,sigma+,48,1,-72716.938048,9.869881e-09,3,3,3.5,e,+0.5,-1,1,1,0.5,e,+0.5,-1
sigma+,sigma+,105,95,-72679.200181,3.532331e-04,5,5,4.5,e,+4.5,-1,4,4,4.5,f,+4.5,-1
sigma+,sigma+,104,94,-72679.194475,3.903742e-05,5,5,4.5,e,+3.5,-1,4,4,4.5,f,+3.5,-1
sigma+,sigma+,103,93,-72679.188753,1.014014e-05,5,5,4.5,e,+2.5,-1,4,4,4.5,f,+2.5,-1
sigma+,sigma+,102,92,-72679.183014,9.003533e-05,5,5,4.5,e,+1.5,-1,4,4,4.5,f,+1.5,-1
sigma+,sigma+,101,91,-72679.177258,1.600471e-04,5,5,4.5,e,+0.5,-1,4,4,4.5,f,+0.5,-1
sigma+,sigma+,100,90,-72679.171486,1.601990e-04,5,5,4.5,e,-0.5,-1,4,4,4.5,f,-0.5,-1
sigma+,sigma+,99,89,-72679.165697,9.010369e-05,5,5,4.5,e,-1.5,-1,4,4,4.5,f,-1.5,-1
sigma+,sigma+,98,88,-72679.159891,9.874413e-06,5,5,4.5,e,-2.5,-1,4,4,4.5,f,-2.5,-1
sigma+,sigma+,97,87,-72679.154068,4.105752e-05,5,5,4.5,e,-3.5,-1,4,4,4.5,f,-3.5,-1
sigma+,sigma+,96,86,-72679.148227,3.675879e-04,5,5,4.5,e,-4.5,-1,4,4,4.5,f,-4.5,-1
sigma+,sigma+,117,86,-72675.602827,3.575386e-03,5,5,5.5,e,-4.5,-1,4,4,4.5,f,-4.5,-1
sigma+,sigma+,118,87,-72675.601470,3.900058e-03,5,5,5.5,e,-3.5,-1,4,4,4.5,f,-3.5,-1
sigma+,sigma+,119,88,-72675.600111,2.659297e-03,5,5,5.5,e,-2.5,-1,4,4,4.5,f,-2.5,-1
sigma+,sigma+,120,89,-72675.598749,1.121449e-03,5,5,5.5,e,-1.5,-1,4,4,4.5,f,-1.5,-1
sigma+,sigma+,121,90,-72675.597384,1.356782e-04,5,5,5.5,e,-0.5,-1,4,4,4.5,f,-0.5,-1
sigma+,sigma+,122,91,-72675.596017,1.297450e-04,5,5,5.5,e,+0.5,-1,4,4,4.5,f,+0.5,-1
sigma+,sigma+,123,92,-72675.594647,1.107834e-03,5,5,5.5,e,+1.5,-1,4,4,4.5,f,+1.5,-1
sigma+,sigma+,124,93,-72675.593275,2.648411e-03,5,5,5.5,e,+2.5,-1,4,4,4.5,f,+2.5,-1
sigma+,sigma+,125,94,-72675.591900,3.902120e-03,5,5,5.5,e,+3.5,-1,4,4,4.5,f,+3.5,-1
sigma+,sigma+,126,95,-72675.590523,3.589709e-03,5,5,5.5,e,+4.5,-1,4,4,4.5,f,+4.5,-1
sigma+,sigma+,97,68,-72674.750957,3.901843e-03,5,5,4.5,e,-3.5,-1,4,4,3.5,f,-3.5,-1
sigma+,sigma+,98,69,-72674.747457,3.477577e-03,5,5,4.5,e,-2.5,-1,4,4,3.5,f,-2.5,-1
sigma+,sigma+,99,70,-72674.743959,1.604449e-03,5,5,4.5,e,-1.5,-1,4,4,3.5,f,-1.5,-1
sigma+,sigma+,100,71,-72674.740465,1.954584e-04,5,5,4.5,e,-0.5,-1,4,4,3.5,f,-0.5,-1
sigma+,sigma+,101,72,-72674.736972,2.028141e-04,5,5,4.5,e,+0.5,-1,4,4,3.5,f,+0.5,-1
sigma+,sigma+,102,73,-72674.733483,1.621319e-03,5,5,4.5,e,+1.5,-1,4,4,3.5,f,+1.5,-1
sigma+,sigma+,103,74,-72674.729995,3.491694e-03,5,5,4.5,e,+2.5,-1,4,4,3.5,f,+2.5,-1
sigma+,sigma+,104,75,-72674.726511,3.903833e-03,5,5,4.5,e,+3.5,-1,4,4,3.5,f,+3.5,-1
sigma+,sigma+,118,68,-72671.198359,4.090432e-05,5,5,5.5,e,-3.5,-1,4,4,3.5,f,-3.5,-1
sigma+,sigma+,119,69,-72671.187677,9.474940e-05,5,5,5.5,e,-2.5,-1,4,4,3.5,f,-2.5,-1
sigma+,sigma+,120,70,-72671.177011,1.410930e-04,5,5,5.5,e,-1.5,-1,4,4,3.5,f,-1.5,-1
sigma+,sigma+,121,71,-72671.166362,1.667520e-04,5,5,5.5,e,-0.5,-1,4,4,3.5,f,-0.5,-1
sigma+,sigma+,122,72,-72671.155731,1.655477e-04,5,5,5.5,e,+0.5,-1,4,4,3.5,f,+0.5,-1
sigma+,sigma+,123,73,-72671.145116,1.380580e-04,5,5,5.5,e,+1.5,-1,4,4,3.5,f,+1.5,-1
sigma+,sigma+,124,74,-72671.134518,9.137686e-05,5,5,5.5,e,+2.5,-1,4,4,3.5,f,+2.5,-1
sigma+,sigma+,125,75,-72671.123936,3.888055e-05,5,5,5.5,e,+3.5,-1,4,4,3.5,f,+3.5,-1
sigma+,sigma+,68,44,-58240.934078,4.903245e-03,4,4,3.5,f,-3.5,-1,3,3,3.5,e,-3.5,-1
sigma+,sigma+,69,45,-58240.933195,9.939554e-05,4,4,3.5,f,-2.5,-1,3,3,3.5,e,-2.5,-1
sigma+,sigma+,70,46,-58240.932280,8.924837e-04,4,4,3.5,f,-1.5,-1,3,3,3.5,e,-1.5,-1
sigma+,sigma+,71,47,-58240.931334,2.466101e-03,4,4,3.5,f,-0.5,-1,3,3,3.5,e,-0.5,-1
sigma+,sigma+,72,48,-58240.930357,2.453657e-03,4,4,3.5,f,+0.5,-1,3,3,3.5,e,+0.5,-1
sigma+,sigma+,73,49,-58240.929348,8.787515e-04,4,4,3.5,f,+1.5,-1,3,3,3.5,e,+1.5,-1
sigma+,sigma+,74,50,-58240.928308,9.739466e-05,4,4,3.5,f,+2.5,-1,3,3,3.5,e,+2.5,-1
sigma+,sigma+,75,51,-58240.927239,4.742039e-03,4,4,3.5,f,+3.5,-1,3,3,3.5,e,+3.5,-1
sigma+,sigma+,87,44,-58236.530968,3.843367e-02,4,4,4.5,f,-3.5,-1,3,3,3.5,e,-3.5,-1
sigma+,sigma+,88,45,-58236.520761,3.441162e-02,4,4,4.5,f,-2.5,-1,3,3,3.5,e,-2.5,-1
sigma+,sigma+,89,46,-58236.510543,1.599872e-02,4,4,4.5,f,-1.5,-1,3,3,3.5,e,-1.5,-1
sigma+,sigma+,90,47,-58236.500313,2.007212e-03,4,4,4.5,f,-0.5,-1,3,3,3.5,e,-0.5,-1
sigma+,sigma+,91,48,-58236.490071,1.923480e-03,4,4,4.5,f,+0.5,-1,3,3,3.5,e,+0.5,-1
sigma+,sigma+,92,49,-58236.479817,1.583615e-02,4,4,4.5,f,+1.5,-1,3,3,3.5,e,+1.5,-1
sigma+,sigma+,93,50,-58236.469551,3.436553e-02,4,4,4.5,f,+2.5,-1,3,3,3.5,e,+2.5,-1
sigma+,sigma+,94,51,-58236.459275,3.859440e-02,4,4,4.5,f,+3.5,-1,3,3,3.5,e,+3.5,-1
sigma+,sigma+,69,32,-58235.176288,4.089190e-02,4,4,3.5,f,-2.5,-1,3,3,2.5,e,-2.5,-1
sigma+,sigma+,70,33,-58235.159525,2.445357e-02,4,4,3.5,f,-1.5,-1,3,3,2.5,e,-1.5,-1
sigma+,sigma+,71,34,-58235.142774,3.219977e-03,4,4,3.5,f,-0.5,-1,3,3,2.5,e,-0.5,-1
sigma+,sigma+,72,35,-58235.126034,3.328525e-03,4,4,3.5,f,+0.5,-1,3,3,2.5,e,+0.5,-1
sigma+,sigma+,73,36,-58235.109307,2.465741e-02,4,4,3.5,f,+1.5,-1,3,3,2.5,e,+1.5,-1
sigma+,sigma+,74,37,-58235.092591,4.096068e-02,4,4,3.5,f,+2.5,-1,3,3,2.5,e,+2.5,-1
sigma+,sigma+,88,32,-58230.763854,9.286194e-04,4,4,4.5,f,-2.5,-1,3,3,2.5,e,-2.5,-1
sigma+,sigma+,89,33,-58230.737787,1.980776e-03,4,4,4.5,f,-1.5,-1,3,3,2.5,e,-1.5,-1
sigma+,sigma+,90,34,-58230.711752,2.628955e-03,4,4,4.5,f,-0.5,-1,3,3,2.5,e,-0.5,-1
sigma+,sigma+,91,35,-58230.685748,2.616960e-03,4,4,4.5,f,+0.5,-1,3,3,2.5,e,+0.5,-1
sigma+,sigma+,92,36,-58230.659776,1.953787e-03,4,4,4.5,f,+1.5,-1,3,3,2.5,e,+1.5,-1
sigma+,sigma+,93,37,-58230.633834,9.076269e-04,4,4,4.5,f,+2.5,-1,3,3,2.5,e,+2.5,-1
sigma+,sigma+,67,59,-58156.307070,2.752577e-04,4,4,3.5,e,+3.5,+1,3,3,3.5,f,+3.5,+1
sigma+,sigma+,66,58,-58156.302474,5.564780e-06,4,4,3.5,e,+2.5,+1,3,3,3.5,f,+2.5,+1
sigma+,sigma+,65,57,-58156.297849,5.131415e-05,4,4,3.5,e,+1.5,+1,3,3,3.5,f,+1.5,+1
sigma+,sigma+,64,56,-58156.293194,1.427425e-04,4,4,3.5,e,+0.5,+1,3,3,3.5,f,+0.5,+1
sigma+,sigma+,63,55,-58156.288508,1.431410e-04,4,4,3.5,e,-0.5,+1,3,3,3.5,f,-0.5,+1
sigma+,sigma+,62,54,-58156.283792,5.160642e-05,4,4,3.5,e,-1.5,+1,3,3,3.5,f,-1.5,+1
sigma+,sigma+,61,53,-58156.279046,5.874724e-06,4,4,3.5,e,-2.5,+1,3,3,3.5,f,-2.5,+1
sigma+,sigma+,60,52,-58156.274268,2.852397e-04,4,4,3.5,e,-3.5,+1,3,3,3.5,f,-3.5,+1
sigma+,sigma+,77,52,-58151.873384,2.219217e-03,4,4,4.5,e,-3.5,+1,3,3,3.5,f,-3.5,+1
sigma+,sigma+,78,53,-58151.868190,1.987091e-03,4,4,4.5,e,-2.5,+1,3,3,3.5,f,-2.5,+1
sigma+,sigma+,79,54,-58151.862989,9.239021e-04,4,4,4.5,e,-1.5,+1,3,3,3.5,f,-1.5,+1
sigma+,sigma+,80,55,-58151.857779,1.159278e-04,4,4,4.5,e,-0.5,+1,3,3,3.5,f,-0.5,+1
sigma+,sigma+,81,56,-58151.852560,1.110722e-04,4,4,4.5,e,+0.5,+1,3,3,3.5,f,+0.5,+1
sigma+,sigma+,82,57,-58151.847334,9.145787e-04,4,4,4.5,e,+1.5,+1,3,3,3.5,f,+1.5,+1
sigma+,sigma+,83,58,-58151.842100,1.984823e-03,4,4,4.5,e,+2.5,+1,3,3,3.5,f,+2.5,+1
sigma+,sigma+,84,59,-58151.836857,2.229185e-03,4,4,4.5,e,+3.5,+1,3,3,3.5,f,+3.5,+1
sigma+,sigma+,61,38,-58150.520097,2.363999e-03,4,4,3.5,e,-2.5,+1,3,3,2.5,f,-2.5,+1
sigma+,sigma+,62,39,-58150.509825,1.413669e-03,4,4,3.5,e,-1.5,+1,3,3,2.5,f,-1.5,+1
sigma+,sigma+,63,40,-58150.499563,1.861218e-04,4,4,3.5,e,-0.5,+1,3,3,2.5,f,-0.5,+1
sigma+,sigma+,64,41,-58150.489308,1.924931e-04,4,4,3.5,e,+0.5,+1,3,3,2.5,f,+0.5,+1
sigma+,sigma+,65,42,-58150.479062,1.425775e-03,4,4,3.5,e,+1.5,+1,3,3,2.5,f,+1.5,+1
sigma+,sigma+,66,43,-58150.468824,2.368458e-03,4,4,3.5,e,+2.5,+1,3,3,2.5,f,+2.5,+1
sigma+,sigma+,78,38,-58146.109241,5.400237e-05,4,4,4.5,e,-2.5,+1,3,3,2.5,f,-2.5,+1
sigma+,sigma+,79,39,-58146.089022,1.149209e-04,4,4,4.5,e,-1.5,+1,3,3,2.5,f,-1.5,+1
sigma+,sigma+,80,40,-58146.068833,1.521735e-04,4,4,4.5,e,-0.5,+1,3,3,2.5,f,-0.5,+1
sigma+,sigma+,81,41,-58146.048675,1.511295e-04,4,4,4.5,e,+0.5,+1,3,3,2.5,f,+0.5,+1
sigma+,sigma+,82,42,-58146.028547,1.125716e-04,4,4,4.5,e,+1.5,+1,3,3,2.5,f,+1.5,+1
sigma+,sigma+,83,43,-58146.008450,5.217500e-05,4,4,4.5,e,+2.5,+1,3,3,2.5,f,+2.5,+1
sigma+,sigma+,38,20,-43676.037306,8.559413e-03,3,3,2.5,f,-2.5,+1,2,2,2.5,e,-2.5,+1
sigma+,sigma+,39,21,-43676.031868,3.428617e-04,3,3,2.5,f,-1.5,+1,2,2,2.5,e,-1.5,+1
sigma+,sigma+,40,22,-43676.026346,5.415158e-03,3,3,2.5,f,-0.5,+1,2,2,2.5,e,-0.5,+1
sigma+,sigma+,41,23,-43676.020741,5.371545e-03,3,3,2.5,f,+0.5,+1,2,2,2.5,e,+0.5,+1
sigma+,sigma+,42,24,-43676.015052,3.314857e-04,3,3,2.5,f,+1.5,+1,2,2,2.5,e,+1.5,+1
sigma+,sigma+,43,25,-43676.009281,8.298538e-03,3,3,2.5,f,+2.5,+1,2,2,2.5,e,+2.5,+1
sigma+,sigma+,53,20,-43670.278357,5.037334e-02,3,3,3.5,f,-2.5,+1,2,2,2.5,e,-2.5,+1
sigma+,sigma+,54,21,-43670.257902,3.040901e-02,3,3,3.5,f,-1.5,+1,2,2,2.5,e,-1.5,+1
sigma+,sigma+,55,22,-43670.237401,4.130263e-03,3,3,3.5,f,-0.5,+1,2,2,2.5,e,-0.5,+1
sigma+,sigma+,56,23,-43670.216855,3.951914e-03,3,3,3.5,f,+0.5,+1,2,2,2.5,e,+0.5,+1
sigma+,sigma+,57,24,-43670.196265,3.019849e-02,3,3,3.5,f,+1.5,+1,2,2,2.5,e,+1.5,+1
sigma+,sigma+,58,25,-43670.175631,5.063359e-02,3,3,3.5,f,+2.5,+1,2,2,2.5,e,+2.5,+1
sigma+,sigma+,39,12,-43667.750953,4.832595e-02,3,3,2.5,f,-1.5,+1,2,2,1.5,e,-1.5,+1
sigma+,sigma+,40,13,-43667.712635,7.951050e-03,3,3,2.5,f,-0.5,+1,2,2,1.5,e,-0.5,+1
sigma+,sigma+,41,14,-43667.674363,8.203540e-03,3,3,2.5,f,+0.5,+1,2,2,1.5,e,+0.5,+1
sigma+,sigma+,42,15,-43667.636136,4.859773e-02,3,3,2.5,f,+1.5,+1,2,2,1.5,e,+1.5,+1
sigma+,sigma+,54,12,-43661.976986,3.395081e-03,3,3,3.5,f,-1.5,+1,2,2,1.5,e,-1.5,+1
sigma+,sigma+,55,13,-43661.923690,6.080941e-03,3,3,3.5,f,-0.5,+1,2,2,1.5,e,-0.5,+1
sigma+,sigma+,56,14,-43661.870478,6.050961e-03,3,3,3.5,f,+0.5,+1,2,2,1.5,e,+0.5,+1
sigma+,sigma+,57,15,-43661.817349,3.345113e-03,3,3,3.5,f,+1.5,+1,2,2,1.5,e,+1.5,+1
sigma+,sigma+,34,28,-43628.413556,5.596768e-05,3,3,2.5,e,-0.5,-1,2,2,2.5,f,-0.5,-1
sigma+,sigma+,35,29,-43628.413540,5.560657e-05,3,3,2.5,e,+0.5,-1,2,2,2.5,f,+0.5,-1
sigma+,sigma+,33,27,-43628.413490,3.521073e-06,3,3,2.5,e,-1.5,-1,2,2,2.5,f,-1.5,-1
sigma+,sigma+,36,30,-43628.413443,3.453359e-06,3,3,2.5,e,+1.5,-1,2,2,2.5,f,+1.5,-1
sigma+,sigma+,32,26,-43628.413342,8.859944e-05,3,3,2.5,e,-2.5,-1,2,2,2.5,f,-2.5,-1
sigma+,sigma+,37,31,-43628.413266,8.577740e-05,3,3,2.5,e,+2.5,-1,2,2,2.5,f,+2.5,-1
sigma+,sigma+,45,26,-43622.656435,5.125908e-04,3,3,3.5,e,-2.5,-1,2,2,2.5,f,-2.5,-1
sigma+,sigma+,46,27,-43622.640735,3.094603e-04,3,3,3.5,e,-1.5,-1,2,2,2.5,f,-1.5,-1
sigma+,sigma+,47,28,-43622.624995,4.203528e-05,3,3,3.5,e,-0.5,-1,2,2,2.5,f,-0.5,-1
sigma+,sigma+,48,29,-43622.609218,4.022239e-05,3,3,3.5,e,+0.5,-1,2,2,2.5,f,+0.5,-1
sigma+,sigma+,49,30,-43622.593402,3.073816e-04,3,3,3.5,e,+1.5,-1,2,2,2.5,f,+1.5,-1
sigma+,sigma+,50,31,-43622.577549,5.154199e-04,3,3,3.5,e,+2.5,-1,2,2,2.5,f,+2.5,-1
sigma+,sigma+,33,16,-43620.130866,4.932939e-04,3,3,2.5,e,-1.5,-1,2,2,1.5,f,-1.5,-1
sigma+,sigma+,34,17,-43620.099296,8.113894e-05,3,3,2.5,e,-0.5,-1,2,2,1.5,f,-0.5,-1
sigma+,sigma+,35,18,-43620.067764,8.378297e-05,3,3,2.5,e,+0.5,-1,2,2,1.5,f,+0.5,-1
sigma+,sigma+,36,19,-43620.036271,4.961945e-04,3,3,2.5,e,+1.5,-1,2,2,1.5,f,+1.5,-1
sigma+,sigma+,46,16,-43614.358111,3.479798e-05,3,3,3.5,e,-1.5,-1,2,2,1.5,f,-1.5,-1
sigma+,sigma+,47,17,-43614.310735,6.221644e-05,3,3,3.5,e,-0.5,-1,2,2,1.5,f,-0.5,-1
sigma+,sigma+,48,18,-43614.263442,6.180083e-05,3,3,3.5,e,+0.5,-1,2,2,1.5,f,+0.5,-1
sigma+,sigma+,49,19,-43614.216229,3.410525e-05,3,3,3.5,e,+1.5,-1,2,2,1.5,f,+1.5,-1
sigma+,sigma+,16,4,-29117.846618,1.675960e-02,2,2,1.5,f,-1.5,-1,1,1,1.5,e,-1.5,-1
sigma+,sigma+,17,5,-29117.816535,1.665633e-02,2,2,1.5,f,-0.5,-1,1,1,1.5,e,-0.5,-1
sigma+,sigma+,18,6,-29117.785865,1.635699e-02,2,2,1.5,f,+0.5,-1,1,1,1.5,e,+0.5,-1
sigma+,sigma+,19,7,-29117.754620,1.625943e-02,2,2,1.5,f,+1.5,-1,1,1,1.5,e,+1.5,-1
sigma+,sigma+,27,4,-29109.563994,6.573712e-02,2,2,2.5,f,-1.5,-1,1,1,1.5,e,-1.5,-1
sigma+,sigma+,28,5,-29109.502275,1.130974e-02,2,2,2.5,f,-0.5,-1,1,1,1.5,e,-0.5,-1
sigma+,sigma+,29,6,-29109.440089,1.069380e-02,2,2,2.5,f,+0.5,-1,1,1,1.5,e,+0.5,-1
sigma+,sigma+,30,7,-29109.377448,6.623696e-02,2,2,2.5,f,+1.5,-1,1,1,1.5,e,+1.5,-1
sigma+,sigma+,17,0,-29102.830507,3.246266e-02,2,2,1.5,f,-0.5,-1,1,1,0.5,e,-0.5,-1
sigma+,sigma+,18,1,-29102.674606,3.351167e-02,2,2,1.5,f,+0.5,-1,1,1,0.5,e,+0.5,-1
sigma+,sigma+,12,8,-29096.678575,1.688479e-04,2,2,1.5,e,-1.5,+1,1,1,1.5,f,-1.5,+1
sigma+,sigma+,13,9,-29096.653851,1.675765e-04,2,2,1.5,e,-0.5,+1,1,1,1.5,f,-0.5,+1
sigma+,sigma+,14,10,-29096.628551,1.647828e-04,2,2,1.5,e,+0.5,+1,1,1,1.5,f,+0.5,+1
sigma+,sigma+,15,11,-29096.602688,1.635753e-04,2,2,1.5,e,+1.5,+1,1,1,1.5,f,+1.5,+1
sigma+,sigma+,28,0,-29094.516247,2.205784e-02,2,2,2.5,f,-0.5,-1,1,1,0.5,e,-0.5,-1
sigma+,sigma+,29,1,-29094.328830,2.192379e-02,2,2,2.5,f,+0.5,-1,1,1,0.5,e,+0.5,-1
sigma+,sigma+,21,8,-29088.397660,6.736124e-04,2,2,2.5,e,-1.5,+1,1,1,1.5,f,-1.5,+1
sigma+,sigma+,22,9,-29088.340140,1.159440e-04,2,2,2.5,e,-0.5,+1,1,1,1.5,f,-0.5,+1
sigma+,sigma+,23,10,-29088.282174,1.095479e-04,2,2,2.5,e,+0.5,+1,1,1,1.5,f,+0.5,+1
sigma+,sigma+,24,11,-29088.223772,6.788483e-04,2,2,2.5,e,+1.5,+1,1,1,1.5,f,+1.5,+1
sigma+,sigma+,13,2,-29081.666894,3.335736e-04,2,2,1.5,e,-0.5,+1,1,1,0.5,f,-0.5,+1
sigma+,sigma+,14,3,-29081.518281,3.442699e-04,2,2,1.5,e,+0.5,+1,1,1,0.5,f,+0.5,+1
sigma+,sigma+,22,2,-29073.353183,2.241810e-04,2,2,2.5,e,-0.5,+1,1,1,0.5,f,-0.5,+1
sigma+,sigma+,23,3,-29073.171904,2.226368e-04,2,2,2.5,e,+0.5,+1,1,1,0.5,f,+0.5,+1
sigma+,sigma+,1,6,-15.111259,6.953852e-03,1,1,0.5,e,+0.5,-1,1,1,1.5,e,+0.5,-1
sigma+,sigma+,3,10,-15.110270,3.933280e-02,1,1,0.5,f,+0.5,+1,1,1,1.5,f,+0.5,+1
sigma+,sigma+,2,9,-14.986957,3.998269e-02,1,1,0.5,f,-0.5,+1,1,1,1.5,f,-0.5,+1
sigma+,sigma+,0,5,-14.986028,7.069913e-03,1,1,0.5,e,-0.5,-1,1,1,1.5,e,-0.5,-1
sigma+,sigma+,15,24,-8.378916,1.440883e-02,2,2,1.5,e,+1.5,+1,2,2,2.5,e,+1.5,+1
sigma+,sigma+,19,30,-8.377173,2.551718e-03,2,2,1.5,f,+1.5,-1,2,2,2.5,f,+1.5,-1
sigma+,sigma+,14,23,-8.346377,2.420295e-03,2,2,1.5,e,+0.5,+1,2,2,2.5,e,+0.5,+1
sigma+,sigma+,18,29,-8.345776,4.285386e-04,2,2,1.5,f,+0.5,-1,2,2,2.5,f,+0.5,-1
sigma+,sigma+,17,28,-8.314260,4.317177e-04,2,2,1.5,f,-0.5,-1,2,2,2.5,f,-0.5,-1
sigma+,sigma+,13,22,-8.313711,2.439257e-03,2,2,1.5,e,-0.5,+1,2,2,2.5,e,-0.5,+1
sigma+,sigma+,16,27,-8.282624,2.610415e-03,2,2,1.5,f,-1.5,-1,2,2,2.5,f,-1.5,-1
sigma+,sigma+,12,21,-8.280915,1.475207e-02,2,2,1.5,e,-1.5,+1,2,2,2.5,e,-1.5,+1
sigma+,sigma+,37,50,-5.835718,8.730373e-03,3,3,2.5,e,+2.5,-1,3,3,3.5,e,+2.5,-1
sigma+,sigma+,43,58,-5.833650,5.070669e-04,3,3,2.5,f,+2.5,+1,3,3,3.5,f,+2.5,+1
sigma+,sigma+,36,49,-5.820041,5.266533e-03,3,3,2.5,e,+1.5,-1,3,3,3.5,e,+1.5,-1
sigma+,sigma+,42,57,-5.818787,3.058069e-04,3,3,2.5,f,+1.5,+1,3,3,3.5,f,+1.5,+1
sigma+,sigma+,35,48,-5.804322,7.060309e-04,3,3,2.5,e,+0.5,-1,3,3,3.5,e,+0.5,-1
sigma+,sigma+,41,56,-5.803885,4.098851e-05,3,3,2.5,f,+0.5,+1,3,3,3.5,f,+0.5,+1
sigma+,sigma+,40,55,-5.788945,4.118890e-05,3,3,2.5,f,-0.5,+1,3,3,3.5,f,-0.5,+1
sigma+,sigma+,34,47,-5.788560,7.098438e-04,3,3,2.5,e,-0.5,-1,3,3,3.5,e,-0.5,-1
sigma+,sigma+,39,54,-5.773967,3.105565e-04,3,3,2.5,f,-1.5,+1,3,3,3.5,f,-1.5,+1
sigma+,sigma+,33,46,-5.772755,5.353157e-03,3,3,2.5,e,-1.5,-1,3,3,3.5,e,-1.5,-1
sigma+,sigma+,38,53,-5.758949,5.203152e-04,3,3,2.5,f,-2.5,+1,3,3,3.5,f,-2.5,+1
sigma+,sigma+,32,45,-5.756907,8.971208e-03,3,3,2.5,e,-2.5,-1,3,3,3.5,e,-2.5,-1
sigma+,sigma+,67,84,-4.470213,5.193348e-03,4,4,3.5,e,+3.5,+1,4,4,4.5,e,+3.5,+1
sigma+,sigma+,75,94,-4.467964,1.705187e-04,4,4,3.5,f,+3.5,-1,4,4,4.5,f,+3.5,-1
sigma+,sigma+,66,83,-4.460375,4.657420e-03,4,4,3.5,e,+2.5,+1,4,4,4.5,e,+2.5,+1
sigma+,sigma+,74,93,-4.458757,1.528806e-04,4,4,3.5,f,+2.5,-1,4,4,4.5,f,+2.5,-1
sigma+,sigma+,65,82,-4.450515,2.165299e-03,4,4,3.5,e,+1.5,+1,4,4,4.5,e,+1.5,+1
sigma+,sigma+,73,92,-4.449531,7.105762e-05,4,4,3.5,f,+1.5,-1,4,4,4.5,f,+1.5,-1
sigma+,sigma+,64,81,-4.440633,2.685184e-04,4,4,3.5,e,+0.5,+1,4,4,4.5,e,+0.5,+1
sigma+,sigma+,72,91,-4.440286,8.810190e-06,4,4,3.5,f,+0.5,-1,4,4,4.5,f,+0.5,-1
sigma+,sigma+,71,90,-4.431022,8.844003e-06,4,4,3.5,f,-0.5,-1,4,4,4.5,f,-0.5,-1
sigma+,sigma+,63,80,-4.430730,2.697043e-04,4,4,3.5,e,-0.5,+1,4,4,4.5,e,-0.5,+1
sigma+,sigma+,70,89,-4.421738,7.194634e-05,4,4,3.5,f,-1.5,-1,4,4,4.5,f,-1.5,-1
sigma+,sigma+,62,79,-4.420804,2.194479e-03,4,4,3.5,e,-1.5,+1,4,4,4.5,e,-1.5,+1
sigma+,sigma+,69,88,-4.412434,1.561002e-04,4,4,3.5,f,-2.5,-1,4,4,4.5,f,-2.5,-1
sigma+,sigma+,61,78,-4.410855,4.762605e-03,4,4,3.5,e,-2.5,+1,4,4,4.5,e,-2.5,+1
sigma+,sigma+,68,87,-4.403111,1.755760e-04,4,4,3.5,f,-3.5,-1,4,4,4.5,f,-3.5,-1
sigma+,sigma+,60,77,-4.400884,5.358344e-03,4,4,3.5,e,-3.5,+1,4,4,4.5,e,-3.5,+1
sigma+,sigma+,105,126,-3.609658,3.255768e-03,5,5,4.5,e,+4.5,-1,5,5,5.5,e,+4.5,-1
sigma+,sigma+,115,138,-3.607294,7.663239e-05,5,5,4.5,f,+4.5,+1,5,5,5.5,f,+4.5,+1
sigma+,sigma+,104,125,-3.602575,3.559135e-03,5,5,4.5,e,+3.5,-1,5,5,5.5,e,+3.5,-1
sigma+,sigma+,114,137,-3.600726,8.374931e-05,5,5,4.5,f,+3.5,+1,5,5,5.5,f,+3.5,+1
sigma+,sigma+,103,124,-3.595478,2.430757e-03,5,5,4.5,e,+2.5,-1,5,5,5.5,e,+2.5,-1
sigma+,sigma+,113,136,-3.594146,5.718172e-05,5,5,4.5,f,+2.5,+1,5,5,5.5,f,+2.5,+1
sigma+,sigma+,102,123,-3.588367,1.024975e-03,5,5,4.5,e,+1.5,-1,5,5,5.5,e,+1.5,-1
sigma+,sigma+,112,135,-3.587554,2.410528e-05,5,5,4.5,f,+1.5,+1,5,5,5.5,f,+1.5,+1
sigma+,sigma+,101,122,-3.581242,1.225097e-04,5,5,4.5,e,+0.5,-1,5,5,5.5,e,+0.5,-1
sigma+,sigma+,111,134,-3.580950,2.880646e-06,5,5,4.5,f,+0.5,+1,5,5,5.5,f,+0.5,+1
sigma+,sigma+,110,133,-3.574333,2.890182e-06,5,5,4.5,f,-0.5,+1,5,5,5.5,f,-0.5,+1
sigma+,sigma+,100,121,-3.574102,1.229920e-04,5,5,4.5,e,-0.5,-1,5,5,5.5,e,-0.5,-1
sigma+,sigma+,109,132,-3.567705,2.437100e-05,5,5,4.5,f,-1.5,+1,5,5,5.5,f,-1.5,+1
sigma+,sigma+,99,120,-3.566948,1.037305e-03,5,5,4.5,e,-1.5,-1,5,5,5.5,e,-1.5,-1
sigma+,sigma+,108,131,-3.561064,5.824431e-05,5,5,4.5,f,-2.5,+1,5,5,5.5,f,-2.5,+1
sigma+,sigma+,98,119,-3.559780,2.479746e-03,5,5,4.5,e,-2.5,-1,5,5,5.5,e,-2.5,-1
sigma+,sigma+,107,130,-3.554410,8.594089e-05,5,5,4.5,f,-3.5,+1,5,5,5.5,f,-3.5,+1
sigma+,sigma+,97,118,-3.552598,3.659995e-03,5,5,4.5,e,-3.5,-1,5,5,5.5,e,-3.5,-1
sigma+,sigma+,106,129,-3.547744,7.922261e-05,5,5,4.5,f,-4.5,+1,5,5,5.5,f,-4.5,+1
sigma+,sigma+,96,117,-3.545400,3.374891e-03,5,5,4.5,e,-4.5,-1,5,5,5.5,e,-4.5,-1
sigma+,sigma+,0,0,0.000000,9.862531e-07,1,1,0.5,e,-0.5,-1,1,1,0.5,e,-0.5,-1
sigma+,sigma+,1,1,0.000000,9.620474e-07,1,1,0.5,e,+0.5,-1,1,1,0.5,e,+0.5,-1
sigma+,sigma+,2,2,0.000000,5.389236e-06,1,1,0.5,f,-0.5,+1,1,1,0.5,f,-0.5,+1
sigma+,sigma+,3,3,0.000000,5.258370e-06,1,1,0.5,f,+0.5,+1,1,1,0.5,f,+0.5,+1
sigma+,sigma+,4,4,0.000000,3.492333e-03,1,1,1.5,e,-1.5,-1,1,1,1.5,e,-1.5,-1
sigma+,sigma+,5,5,0.000000,3.376503e-03,1,1,1.5,e,-0.5,-1,1,1,1.5,e,-0.5,-1
sigma+,sigma+,6,6,0.000000,3.609222e-03,1,1,1.5,e,+0.5,-1,1,1,1.5,e,+0.5,-1
sigma+,sigma+,7,7,0.000000,3.492903e-03,1,1,1.5,e,+1.5,-1,1,1,1.5,e,+1.5,-1
sigma+,sigma+,8,8,0.000000,1.983388e-02,1,1,1.5,f,-1.5,+1,1,1,1.5,f,-1.5,+1
sigma+,sigma+,9,9,0.000000,1.918525e-02,1,1,1.5,f,-0.5,+1,1,1,1.5,f,-0.5,+1
sigma+,sigma+,10,10,0.000000,2.048503e-02,1,1,1.5,f,+0.5,+1,1,1,1.5,f,+0.5,+1
sigma+,sigma+,11,11,0.000000,1.983374e-02,1,1,1.5,f,+1.5,+1,1,1,1.5,f,+1.5,+1
sigma+,sigma+,12,12,0.000000,1.956497e-02,2,2,1.5,e,-1.5,+1,2,2,1.5,e,-1.5,+1
sigma+,sigma+,13,13,0.000000,1.996809e-02,2,2,1.5,e,-0.5,+1,2,2,1.5,e,-0.5,+1
sigma+,sigma+,14,14,0.000000,1.970077e-02,2,2,1.5,e,+0.5,+1,2,2,1.5,e,+0.5,+1
sigma+,sigma+,15,15,0.000000,2.009974e-02,2,2,1.5,e,+1.5,+1,2,2,1.5,e,+1.5,+1
sigma+,sigma+,16,16,0.000000,3.446815e-03,2,2,1.5,f,-1.5,-1,2,2,1.5,f,-1.5,-1
sigma+,sigma+,17,17,0.000000,3.515643e-03,2,2,1.5,f,-0.5,-1,2,2,1.5,f,-0.5,-1
sigma+,sigma+,18,18,0.000000,3.469795e-03,2,2,1.5,f,+0.5,-1,2,2,1.5,f,+0.5,-1
sigma+,sigma+,19,19,0.000000,3.537941e-03,2,2,1.5,f,+1.5,-1,2,2,1.5,f,+1.5,-1
sigma+,sigma+,20,20,0.000000,4.045620e-02,2,2,2.5,e,-2.5,+1,2,2,2.5,e,-2.5,+1
sigma+,sigma+,21,21,0.000000,1.542286e-03,2,2,2.5,e,-1.5,+1,2,2,2.5,e,-1.5,+1
sigma+,sigma+,22,22,0.000000,2.573959e-02,2,2,2.5,e,-0.5,+1,2,2,2.5,e,-0.5,+1
sigma+,sigma+,23,23,0.000000,2.604453e-02,2,2,2.5,e,+0.5,+1,2,2,2.5,e,+0.5,+1
sigma+,sigma+,24,24,0.000000,1.694698e-03,2,2,2.5,e,+1.5,+1,2,2,2.5,e,+1.5,+1
sigma+,sigma+,25,25,0.000000,4.045720e-02,2,2,2.5,e,+2.5,+1,2,2,2.5,e,+2.5,+1
sigma+,sigma+,26,26,0.000000,7.145623e-03,2,2,2.5,f,-2.5,-1,2,2,2.5,f,-2.5,-1
sigma+,sigma+,27,27,0.000000,2.729183e-04,2,2,2.5,f,-1.5,-1,2,2,2.5,f,-1.5,-1
sigma+,sigma+,28,28,0.000000,4.547286e-03,2,2,2.5,f,-0.5,-1,2,2,2.5,f,-0.5,-1
sigma+,sigma+,29,29,0.000000,4.599068e-03,2,2,2.5,f,+0.5,-1,2,2,2.5,f,+0.5,-1
sigma+,sigma+,30,30,0.000000,2.988044e-04,2,2,2.5,f,+1.5,-1,2,2,2.5,f,+1.5,-1
sigma+,sigma+,31,31,0.000000,7.145667e-03,2,2,2.5,f,+2.5,-1,2,2,2.5,f,+2.5,-1
sigma+,sigma+,32,32,0.000000,5.276228e-02,3,3,2.5,e,-2.5,-1,3,3,2.5,e,-2.5,-1
sigma+,sigma+,33,33,0.000000,2.180790e-03,3,3,2.5,e,-1.5,-1,3,3,2.5,e,-1.5,-1
sigma+,sigma+,34,34,0.000000,3.404750e-02,3,3,2.5,e,-0.5,-1,3,3,2.5,e,-0.5,-1
sigma+,sigma+,35,35,0.000000,3.386232e-02,3,3,2.5,e,+0.5,-1,3,3,2.5,e,+0.5,-1
sigma+,sigma+,36,36,0.000000,2.065039e-03,3,3,2.5,e,+1.5,-1,3,3,2.5,e,+1.5,-1
sigma+,sigma+,37,37,0.000000,5.334092e-02,3,3,2.5,e,+2.5,-1,3,3,2.5,e,+2.5,-1
sigma+,sigma+,38,38,0.000000,3.045998e-03,3,3,2.5,f,-2.5,+1,3,3,2.5,f,-2.5,+1
sigma+,sigma+,39,39,0.000000,1.257208e-04,3,3,2.5,f,-1.5,+1,3,3,2.5,f,-1.5,+1
sigma+,sigma+,40,40,0.000000,1.964836e-03,3,3,2.5,f,-0.5,+1,3,3,2.5,f,-0.5,+1
sigma+,sigma+,41,41,0.000000,1.954578e-03,3,3,2.5,f,+0.5,+1,3,3,2.5,f,+0.5,+1
sigma+,sigma+,42,42,0.000000,1.193196e-04,3,3,2.5,f,+1.5,+1,3,3,2.5,f,+1.5,+1
sigma+,sigma+,43,43,0.000000,3.077782e-03,3,3,2.5,f,+2.5,+1,3,3,2.5,f,+2.5,+1
sigma+,sigma+,44,44,0.000000,7.220228e-02,3,3,3.5,e,-3.5,-1,3,3,3.5,e,-3.5,-1
sigma+,sigma+,45,45,0.000000,1.522505e-03,3,3,3.5,e,-2.5,-1,3,3,3.5,e,-2.5,-1
sigma+,sigma+,46,46,0.000000,1.311692e-02,3,3,3.5,e,-1.5,-1,3,3,3.5,e,-1.5,-1
sigma+,sigma+,47,47,0.000000,3.674176e-02,3,3,3.5,e,-0.5,-1,3,3,3.5,e,-0.5,-1
sigma+,sigma+,48,48,0.000000,3.693417e-02,3,3,3.5,e,+0.5,-1,3,3,3.5,e,+0.5,-1
sigma+,sigma+,49,49,0.000000,1.340552e-02,3,3,3.5,e,+1.5,-1,3,3,3.5,e,+1.5,-1
sigma+,sigma+,50,50,0.000000,1.426310e-03,3,3,3.5,e,+2.5,-1,3,3,3.5,e,+2.5,-1
sigma+,sigma+,51,51,0.000000,7.220306e-02,3,3,3.5,e,+3.5,-1,3,3,3.5,e,+3.5,-1
sigma+,sigma+,52,52,0.000000,4.173008e-03,3,3,3.5,f,-3.5,+1,3,3,3.5,f,-3.5,+1
sigma+,sigma+,53,53,0.000000,8.783040e-05,3,3,3.5,f,-2.5,+1,3,3,3.5,f,-2.5,+1
sigma+,sigma+,54,54,0.000000,7.585862e-04,3,3,3.5,f,-1.5,+1,3,3,3.5,f,-1.5,+1
sigma+,sigma+,55,55,0.000000,2.123848e-03,3,3,3.5,f,-0.5,+1,3,3,3.5,f,-0.5,+1
sigma+,sigma+,56,56,0.000000,2.134333e-03,3,3,3.5,f,+0.5,+1,3,3,3.5,f,+0.5,+1
sigma+,sigma+,57,57,0.000000,7.743125e-04,3,3,3.5,f,+1.5,+1,3,3,3.5,f,+1.5,+1
sigma+,sigma+,58,58,0.000000,8.258890e-05,3,3,3.5,f,+2.5,+1,3,3,3.5,f,+2.5,+1
sigma+,sigma+,59,59,0.000000,4.173054e-03,3,3,3.5,f,+3.5,+1,3,3,3.5,f,+3.5,+1
sigma+,sigma+,60,60,0.000000,7.944868e-02,4,4,3.5,e,-3.5,+1,4,4,3.5,e,-3.5,+1
sigma+,sigma+,61,61,0.000000,1.580351e-03,4,4,3.5,e,-2.5,+1,4,4,3.5,e,-2.5,+1
sigma+,sigma+,62,62,0.000000,1.474882e-02,4,4,3.5,e,-1.5,+1,4,4,3.5,e,-1.5,+1
sigma+,sigma+,63,63,0.000000,4.073525e-02,4,4,3.5,e,-0.5,+1,4,4,3.5,e,-0.5,+1
sigma+,sigma+,64,64,0.000000,4.060281e-02,4,4,3.5,e,+0.5,+1,4,4,3.5,e,+0.5,+1
sigma+,sigma+,65,65,0.000000,1.453426e-02,4,4,3.5,e,+1.5,+1,4,4,3.5,e,+1.5,+1
sigma+,sigma+,66,66,0.000000,1.673046e-03,4,4,3.5,e,+2.5,+1,4,4,3.5,e,+2.5,+1
sigma+,sigma+,67,67,0.000000,7.996772e-02,4,4,3.5,e,+3.5,+1,4,4,3.5,e,+3.5,+1
sigma+,sigma+,68,68,0.000000,2.590224e-03,4,4,3.5,f,-3.5,-1,4,4,3.5,f,-3.5,-1
sigma+,sigma+,69,69,0.000000,5.159462e-05,4,4,3.5,f,-2.5,-1,4,4,3.5,f,-2.5,-1
sigma+,sigma+,70,70,0.000000,4.805676e-04,4,4,3.5,f,-1.5,-1,4,4,3.5,f,-1.5,-1
sigma+,sigma+,71,71,0.000000,1.327694e-03,4,4,3.5,f,-0.5,-1,4,4,3.5,f,-0.5,-1
sigma+,sigma+,72,72,0.000000,1.323598e-03,4,4,3.5,f,+0.5,-1,4,4,3.5,f,+0.5,-1
sigma+,sigma+,73,73,0.000000,4.739371e-04,4,4,3.5,f,+1.5,-1,4,4,3.5,f,+1.5,-1
sigma+,sigma+,74,74,0.000000,5.445389e-05,4,4,3.5,f,+2.5,-1,4,4,3.5,f,+2.5,-1
sigma+,sigma+,75,75,0.000000,2.606133e-03,4,4,3.5,f,+3.5,-1,4,4,3.5,f,+3.5,-1
sigma+,sigma+,76,76,0.000000,9.485697e-02,4,4,4.5,e,-4.5,+1,4,4,4.5,e,-4.5,+1
sigma+,sigma+,77,77,0.000000,1.063513e-02,4,4,4.5,e,-3.5,+1,4,4,4.5,e,-3.5,+1
sigma+,sigma+,78,78,0.000000,2.575930e-03,4,4,4.5,e,-2.5,+1,4,4,4.5,e,-2.5,+1
sigma+,sigma+,79,79,0.000000,2.357766e-02,4,4,4.5,e,-1.5,+1,4,4,4.5,e,-1.5,+1
sigma+,sigma+,80,80,0.000000,4.209145e-02,4,4,4.5,e,-0.5,+1,4,4,4.5,e,-0.5,+1
sigma+,sigma+,81,81,0.000000,4.222594e-02,4,4,4.5,e,+0.5,+1,4,4,4.5,e,+0.5,+1
sigma+,sigma+,82,82,0.000000,2.384999e-02,4,4,4.5,e,+1.5,+1,4,4,4.5,e,+1.5,+1
sigma+,sigma+,83,83,0.000000,2.693588e-03,4,4,4.5,e,+2.5,+1,4,4,4.5,e,+2.5,+1
sigma+,sigma+,84,84,0.000000,1.044690e-02,4,4,4.5,e,+3.5,+1,4,4,4.5,e,+3.5,+1
sigma+,sigma+,85,85,0.000000,9.485754e-02,4,4,4.5,e,+4.5,+1,4,4,4.5,e,+4.5,+1
sigma+,sigma+,86,86,0.000000,3.094368e-03,4,4,4.5,f,-4.5,-1,4,4,4.5,f,-4.5,-1
sigma+,sigma+,87,87,0.000000,3.467110e-04,4,4,4.5,f,-3.5,-1,4,4,4.5,f,-3.5,-1
sigma+,sigma+,88,88,0.000000,8.416646e-05,4,4,4.5,f,-2.5,-1,4,4,4.5,f,-2.5,-1
sigma+,sigma+,89,89,0.000000,7.694533e-04,4,4,4.5,f,-1.5,-1,4,4,4.5,f,-1.5,-1
sigma+,sigma+,90,90,0.000000,1.373241e-03,4,4,4.5,f,-0.5,-1,4,4,4.5,f,-0.5,-1
sigma+,sigma+,91,91,0.000000,1.377320e-03,4,4,4.5,f,+0.5,-1,4,4,4.5,f,+0.5,-1
sigma+,sigma+,92,92,0.000000,7.777120e-04,4,4,4.5,f,+1.5,-1,4,4,4.5,f,+1.5,-1
sigma+,sigma+,93,93,0.000000,8.773419e-05,4,4,4.5,f,+2.5,-1,4,4,4.5,f,+2.5,-1
sigma+,sigma+,94,94,0.000000,3.410056e-04,4,4,4.5,f,+3.5,-1,4,4,4.5,f,+3.5,-1
sigma+,sigma+,95,95,0.000000,3.094405e-03,4,4,4.5,f,+4.5,-1,4,4,4.5,f,+4.5,-1
sigma+,sigma+,96,96,0.000000,9.925820e-02,5,5,4.5,e,-4.5,-1,5,5,4.5,e,-4.5,-1
sigma+,sigma+,97,97,0.000000,1.094650e-02,5,5,4.5,e,-3.5,-1,5,5,4.5,e,-3.5,-1
sigma+,sigma+,98,98,0.000000,2.815291e-03,5,5,4.5,e,-2.5,-1,5,5,4.5,e,-2.5,-1
sigma+,sigma+,99,99,0.000000,2.498047e-02,5,5,4.5,e,-1.5,-1,5,5,4.5,e,-1.5,-1
sigma+,sigma+,100,100,0.000000,4.426925e-02,5,5,4.5,e,-0.5,-1,5,5,4.5,e,-0.5,-1
sigma+,sigma+,101,101,0.000000,4.416717e-02,5,5,4.5,e,+0.5,-1,5,5,4.5,e,+0.5,-1
sigma+,sigma+,102,102,0.000000,2.476611e-02,5,5,4.5,e,+1.5,-1,5,5,4.5,e,+1.5,-1
sigma+,sigma+,103,103,0.000000,2.713208e-03,5,5,4.5,e,+2.5,-1,5,5,4.5,e,+2.5,-1
sigma+,sigma+,104,104,0.000000,1.116084e-02,5,5,4.5,e,+3.5,-1,5,5,4.5,e,+3.5,-1
sigma+,sigma+,105,105,0.000000,9.971742e-02,5,5,4.5,e,+4.5,-1,5,5,4.5,e,+4.5,-1
sigma+,sigma+,106,106,0.000000,2.317671e-03,5,5,4.5,f,-4.5,+1,5,5,4.5,f,-4.5,+1
sigma+,sigma+,107,107,0.000000,2.557177e-04,5,5,4.5,f,-3.5,+1,5,5,4.5,f,-3.5,+1
sigma+,sigma+,108,108,0.000000,6.565199e-05,5,5,4.5,f,-2.5,+1,5,5,4.5,f,-2.5,+1
sigma+,sigma+,109,109,0.000000,5.830461e-04,5,5,4.5,f,-1.5,+1,5,5,4.5,f,-1.5,+1
sigma+,sigma+,110,110,0.000000,1.033446e-03,5,5,4.5,f,-0.5,+1,5,5,4.5,f,-0.5,+1
sigma+,sigma+,111,111,0.000000,1.031205e-03,5,5,4.5,f,+0.5,+1,5,5,4.5,f,+0.5,+1
sigma+,sigma+,112,112,0.000000,5.783419e-04,5,5,4.5,f,+1.5,+1,5,5,4.5,f,+1.5,+1
sigma+,sigma+,113,113,0.000000,6.341348e-05,5,5,4.5,f,+2.5,+1,5,5,4.5,f,+2.5,+1
sigma+,sigma+,114,114,0.000000,2.604096e-04,5,5,4.5,f,+3.5,+1,5,5,4.5,f,+3.5,+1
sigma+,sigma+,115,115,0.000000,2.327666e-03,5,5,4.5,f,+4.5,+1,5,5,4.5,f,+4.5,+1
sigma+,sigma+,116,116,0.000000,1.112981e-01,5,5,5.5,e,-5.5,-1,5,5,5.5,e,-5.5,-1
sigma+,sigma+,117,117,0.000000,2.310724e-02,5,5,5.5,e,-4.5,-1,5,5,5.5,e,-4.5,-1
sigma+,sigma+,118,118,0.000000,4.328849e-05,5,5,5.5,e,-3.5,-1,5,5,5.5,e,-3.5,-1
sigma+,sigma+,119,119,0.000000,1.053277e-02,5,5,5.5,e,-2.5,-1,5,5,5.5,e,-2.5,-1
sigma+,sigma+,120,120,0.000000,3.082312e-02,5,5,5.5,e,-1.5,-1,5,5,5.5,e,-1.5,-1
sigma+,sigma+,121,121,0.000000,4.501976e-02,5,5,5.5,e,-0.5,-1,5,5,5.5,e,-0.5,-1
sigma+,sigma+,122,122,0.000000,4.512255e-02,5,5,5.5,e,+0.5,-1,5,5,5.5,e,+0.5,-1
sigma+,sigma+,123,123,0.000000,3.106158e-02,5,5,5.5,e,+1.5,-1,5,5,5.5,e,+1.5,-1
sigma+,sigma+,124,124,0.000000,1.073246e-02,5,5,5.5,e,+2.5,-1,5,5,5.5,e,+2.5,-1
sigma+,sigma+,125,125,0.000000,3.094350e-05,5,5,5.5,e,+3.5,-1,5,5,5.5,e,+3.5,-1
sigma+,sigma+,126,126,0.000000,2.288703e-02,5,5,5.5,e,+4.5,-1,5,5,5.5,e,+4.5,-1
sigma+,sigma+,127,127,0.000000,1.112985e-01,5,5,5.5,e,+5.5,-1,5,5,5.5,e,+5.5,-1
sigma+,sigma+,128,128,0.000000,2.599619e-03,5,5,5.5,f,-5.5,+1,5,5,5.5,f,-5.5,+1
sigma+,sigma+,129,129,0.000000,5.395126e-04,5,5,5.5,f,-4.5,+1,5,5,5.5,f,-4.5,+1
sigma+,sigma+,130,130,0.000000,9.985056e-07,5,5,5.5,f,-3.5,+1,5,5,5.5,f,-3.5,+1
sigma+,sigma+,131,131,0.000000,2.462038e-04,5,5,5.5,f,-2.5,+1,5,5,5.5,f,-2.5,+1
sigma+,sigma+,132,132,0.000000,7.201680e-04,5,5,5.5,f,-1.5,+1,5,5,5.5,f,-1.5,+1
sigma+,sigma+,133,133,0.000000,1.051637e-03,5,5,5.5,f,-0.5,+1,5,5,5.5,f,-0.5,+1
sigma+,sigma+,134,134,0.000000,1.053848e-03,5,5,5.5,f,+0.5,+1,5,5,5.5,f,+0.5,+1
sigma+,sigma+,135,135,0.000000,7.252972e-04,5,5,5.5,f,+1.5,+1,5,5,5.5,f,+1.5,+1
sigma+,sigma+,136,136,0.000000,2.504987e-04,5,5,5.5,f,+2.5,+1,5,5,5.5,f,+2.5,+1
sigma+,sigma+,137,137,0.000000,7.330947e-07,5,5,5.5,f,+3.5,+1,5,5,5.5,f,+3.5,+1
sigma+,sigma+,138,138,0.000000,5.347810e-04,5,5,5.5,f,+4.5,+1,5,5,5.5,f,+4.5,+1
sigma+,sigma+,139,139,0.000000,2.599648e-03,5,5,5.5,f,+5.5,+1,5,5,5.5,f,+5.5,+1
sigma+,sigma+,117,96,3.545400,3.374891e-03,5,5,5.5,e,-4.5,-1,5,5,4.5,e,-4.5,-1
sigma+,sigma+,129,106,3.547744,7.922261e-05,5,5,5.5,f,-4.5,+1,5,5,4.5,f,-4.5,+1
sigma+,sigma+,118,97,3.552598,3.659995e-03,5,5,5.5,e,-3.5,-1,5,5,4.5,e,-3.5,-1
sigma+,sigma+,130,107,3.554410,8.594089e-05,5,5,5.5,f,-3.5,+1,5,5,4.5,f,-3.5,+1
sigma+,sigma+,119,98,3.559780,2.479746e-03,5,5,5.5,e,-2.5,-1,5,5,4.5,e,-2.5,-1
sigma+,sigma+,131,108,3.561064,5.824431e-05,5,5,5.5,f,-2.5,+1,5,5,4.5,f,-2.5,+1
sigma+,sigma+,120,99,3.566948,1.037305e-03,5,5,5.5,e,-1.5,-1,5,5,4.5,e,-1.5,-1
sigma+,sigma+,132,109,3.567705,2.437100e-05,5,5,5.5,f,-1.5,+1,5,5,4.5,f,-1.5,+1
sigma+,sigma+,121,100,3.574102,1.229920e-04,5,5,5.5,e,-0.5,-1,5,5,4.5,e,-0.5,-1
sigma+,sigma+,133,110,3.574333,2.890182e-06,5,5,5.5,f,-0.5,+1,5,5,4.5,f,-0.5,+1
sigma+,sigma+,134,111,3.580950,2.880646e-06,5,5,5.5,f,+0.5,+1,5,5,4.5,f,+0.5,+1
sigma+,sigma+,122,101,3.581242,1.225097e-04,5,5,5.5,e,+0.5,-1,5,5,4.5,e,+0.5,-1
sigma+,sigma+,135,112,3.587554,2.410528e-05,5,5,5.5,f,+1.5,+1,5,5,4.5,f,+1.5,+1
sigma+,sigma+,123,102,3.588367,1.024975e-03,5,5,5.5,e,+1.5,-1,5,5,4.5,e,+1.5,-1
sigma+,sigma+,136,113,3.594146,5.718172e-05,5,5,5.5,f,+2.5,+1,5,5,4.5,f,+2.5,+1
sigma+,sigma+,124,103,3.595478,2.430757e-03,5,5,5.5,e,+2.5,-1,5,5,4.5,e,+2.5,-1
sigma+,sigma+,137,114,3.600726,8.374931e-05,5,5,5.5,f,+3.5,+1,5,5,4.5,f,+3.5,+1
sigma+,sigma+,125,104,3.602575,3.559135e-03,5,5,5.5,e,+3.5,-1,5,5,4.5,e,+3.5,-1
sigma+,sigma+,138,115,3.607294,7.663239e-05,5,5,5.5,f,+4.5,+1,5,5,4.5,f,+4.5,+1
sigma+,sigma+,126,105,3.609658,3.255768e-03,5,5,5.5,e,+4.5,-1,5,5,4.5,e,+4.5,-1
sigma+,sigma+,77,60,4.400884,5.358344e-03,4,4,4.5,e,-3.5,+1,4,4,3.5,e,-3.5,+1
sigma+,sigma+,87,68,4.403111,1.755760e-04,4,4,4.5,f,-3.5,-1,4,4,3.5,f,-3.5,-1
sigma+,sigma+,78,61,4.410855,4.762605e-03,4,4,4.5,e,-2.5,+1,4,4,3.5,e,-2.5,+1
sigma+,sigma+,88,69,4.412434,1.561002e-04,4,4,4.5,f,-2.5,-1,4,4,3.5,f,-2.5,-1
sigma+,sigma+,79,62,4.420804,2.194479e-03,4,4,4.5,e,-1.5,+1,4,4,3.5,e,-1.5,+1
sigma+,sigma+,89,70,4.421738,7.194634e-05,4,4,4.5,f,-1.5,-1,4,4,3.5,f,-1.5,-1
sigma+,sigma+,80,63,4.430730,2.697043e-04,4,4,4.5,e,-0.5,+1,4,4,3.5,e,-0.5,+1
sigma+,sigma+,90,71,4.431022,8.844003e-06,4,4,4.5,f,-0.5,-1,4,4,3.5,f,-0.5,-1
sigma+,sigma+,91,72,4.440286,8.810190e-06,4,4,4.5,f,+0.5,-1,4,4,3.5,f,+0.5,-1
sigma+,sigma+,81,64,4.440633,2.685184e-04,4,4,4.5,e,+0.5,+1,4,4,3.5,e,+0.5,+1
sigma+,sigma+,92,73,4.449531,7.105762e-05,4,4,4.5,f,+1.5,-1,4,4,3.5,f,+1.5,-1
sigma+,sigma+,82,65,4.450515,2.165299e-03,4,4,4.5,e,+1.5,+1,4,4,3.5,e,+1.5,+1
sigma+,sigma+,93,74,4.458757,1.528806e-04,4,4,4.5,f,+2.5,-1,4,4,3.5,f,+2.5,-1
sigma+,sigma+,83,66,4.460375,4.657420e-03,4,4,4.5,e,+2.5,+1,4,4,3.5,e,+2.5,+1
sigma+,sigma+,94,75,4.467964,1.705187e-04,4,4,4.5,f,+3.5,-1,4,4,3.5,f,+3.5,-1
sigma+,sigma+,84,67,4.470213,5.193348e-03,4,4,4.5,e,+3.5,+1,4,4,3.5,e,+3.5,+1
sigma+,sigma+,45,32,5.756907,8.971208e-03,3,3,3.5,e,-2.5,-1,3,3,2.5,e,-2.5,-1
sigma+,sigma+,53,38,5.758949,5.203152e-04,3,3,3.5,f,-2.5,+1,3,3,2.5,f,-2.5,+1
sigma+,sigma+,46,33,5.772755,5.353157e-03,3,3,3.5,e,-1.5,-1,3,3,2.5,e,-1.5,-1
sigma+,sigma+,54,39,5.773967,3.105565e-04,3,3,3.5,f,-1.5,+1,3,3,2.5,f,-1.5,+1
sigma+,sigma+,47,34,5.788560,7.098438e-04,3,3,3.5,e,-0.5,-1,3,3,2.5,e,-0.5,-1
sigma+,sigma+,55,40,5.788945,4.118890e-05,3,3,3.5,f,-0.5,+1,3,3,2.5,f,-0.5,+1
sigma+,sigma+,56,41,5.803885,4.098851e-05,3,3,3.5,f,+0.5,+1,3,3,2.5,f,+0.5,+1
sigma+,sigma+,48,35,5.804322,7.060309e-04,3,3,3.5,e,+0.5,-1,3,3,2.5,e,+0.5,-1
sigma+,sigma+,57,42,5.818787,3.058069e-04,3,3,3.5,f,+1.5,+1,3,3,2.5,f,+1.5,+1
sigma+,sigma+,49,36,5.820041,5.266533e-03,3,3,3.5,e,+1.5,-1,3,3,2.5,e,+1.5,-1
sigma+,sigma+,58,43,5.833650,5.070669e-04,3,3,3.5,f,+2.5,+1,3,3,2.5,f,+2.5,+1
sigma+,sigma+,50,37,5.835718,8.730373e-03,3,3,3.5,e,+2.5,-1,3,3,2.5,e,+2.5,-1
sigma+,sigma+,21,12,8.280915,1.475207e-02,2,2,2.5,e,-1.5,+1,2,2,1.5,e,-1.5,+1
sigma+,sigma+,27,16,8.282624,2.610415e-03,2,2,2.5,f,-1.5,-1,2,2,1.5,f,-1.5,-1
sigma+,sigma+,22,13,8.313711,2.439257e-03,2,2,2.5,e,-0.5,+1,2,2,1.5,e,-0.5,+1
sigma+,sigma+,28,17,8.314260,4.317177e-04,2,2,2.5,f,-0.5,-1,2,2,1.5,f,-0.5,-1
sigma+,sigma+,29,18,8.345776,4.285386e-04,2,2,2.5,f,+0.5,-1,2,2,1.5,f,+0.5,-1
sigma+,sigma+,23,14,8.346377,2.420295e-03,2,2,2.5,e,+0.5,+1,2,2,1.5,e,+0.5,+1
sigma+,sigma+,30,19,8.377173,2.551718e-03,2,2,2.5,f,+1.5,-1,2,2,1.5,f,+1.5,-1
sigma+,sigma+,24,15,8.378916,1.440883e-02,2,2,2.5,e,+1.5,+1,2,2,1.5,e,+1.5,+1
sigma+,sigma+,5,0,14.986028,7.069913e-03,1,1,1.5,e,-0.5,-1,1,1,0.5,e,-0.5,-1
sigma+,sigma+,9,2,14.986957,3.998269e-02,1,1,1.5,f,-0.5,+1,1,1,0.5,f,-0.5,+1
sigma+,sigma+,10,3,15.110270,3.933280e-02,1,1,1.5,f,+0.5,+1,1,1,0.5,f,+0.5,+1
sigma+,sigma+,6,1,15.111259,6.953852e-03,1,1,1.5,e,+0.5,-1,1,1,0.5,e,+0.5,-1
sigma+,sigma+,3,23,29073.171904,2.226368e-04,1,1,0.5,f,+0.5,+1,2,2,2.5,e,+0.5,+1
sigma+,sigma+,2,22,29073.353183,2.241810e-04,1,1,0.5,f,-0.5,+1,2,2,2.5,e,-0.5,+1
sigma+,sigma+,3,14,29081.518281,3.442699e-04,1,1,0.5,f,+0.5,+1,2,2,1.5,e,+0.5,+1
sigma+,sigma+,2,13,29081.666894,3.335736e-04,1,1,0.5,f,-0.5,+1,2,2,1.5,e,-0.5,+1
sigma+,sigma+,11,24,29088.223772,6.788483e-04,1,1,1.5,f,+1.5,+1,2,2,2.5,e,+1.5,+1
sigma+,sigma+,10,23,29088.282174,1.095479e-04,1,1,1.5,f,+0.5,+1,2,2,2.5,e,+0.5,+1
sigma+,sigma+,9,22,29088.340140,1.159440e-04,1,1,1.5,f,-0.5,+1,2,2,2.5,e,-0.5,+1
sigma+,sigma+,8,21,29088.397660,6.736124e-04,1,1,1.5,f,-1.5,+1,2,2,2.5,e,-1.5,+1
sigma+,sigma+,1,29,29094.328830,2.192379e-02,1,1,0.5,e,+0.5,-1,2,2,2.5,f,+0.5,-1
sigma+,sigma+,0,28,29094.516247,2.205784e-02,1,1,0.5,e,-0.5,-1,2,2,2.5,f,-0.5,-1
sigma+,sigma+,11,15,29096.602688,1.635753e-04,1,1,1.5,f,+1.5,+1,2,2,1.5,e,+1.5,+1
sigma+,sigma+,10,14,29096.628551,1.647828e-04,1,1,1.5,f,+0.5,+1,2,2,1.5,e,+0.5,+1
sigma+,sigma+,9,13,29096.653851,1.675765e-04,1,1,1.5,f,-0.5,+1,2,2,1.5,e,-0.5,+1
sigma+,sigma+,8,12,29096.678575,1.688479e-04,1,1,1.5,f,-1.5,+1,2,2,1.5,e,-1.5,+1
sigma+,sigma+,1,18,29102.674606,3.351167e-02,1,1,0.5,e,+0.5,-1,2,2,1.5,f,+0.5,-1
sigma+,sigma+,0,17,29102.830507,3.246266e-02,1,1,0.5,e,-0.5,-1,2,2,1.5,f,-0.5,-1
sigma+,sigma+,7,30,29109.377448,6.623696e-02,1,1,1.5,e,+1.5,-1,2,2,2.5,f,+1.5,-1
sigma+,sigma+,6,29,29109.440089,1.069380e-02,1,1,1.5,e,+0.5,-1,2,2,2.5,f,+0.5,-1
sigma+,sigma+,5,28,29109.502275,1.130974e-02,1,1,1.5,e,-0.5,-1,2,2,2.5,f,-0.5,-1
sigma+,sigma+,4,27,29109.563994,6.573712e-02,1,1,1.5,e,-1.5,-1,2,2,2.5,f,-1.5,-1
sigma+,sigma+,7,19,29117.754620,1.625943e-02,1,1,1.5,e,+1.5,-1,2,2,1.5,f,+1.5,-1
sigma+,sigma+,6,18,29117.785865,1.635699e-02,1,1,1.5,e,+0.5,-1,2,2,1.5,f,+0.5,-1
sigma+,sigma+,5,17,29117.816535,1.665633e-02,1,1,1.5,e,-0.5,-1,2,2,1.5,f,-0.5,-1
sigma+,sigma+,4,16,29117.846618,1.675960e-02,1,1,1.5,e,-1.5,-1,2,2,1.5,f,-1.5,-1
sigma+,sigma+,19,49,43614.216229,3.410525e-05,2,2,1.5,f,+1.5,-1,3,3,3.5,e,+1.5,-1
sigma+,sigma+,18,48,43614.263442,6.180083e-05,2,2,1.5,f,+0.5,-1,3,3,3.5,e,+0.5,-1
sigma+,sigma+,17,47,43614.310735,6.221644e-05,2,2,1.5,f,-0.5,-1,3,3,3.5,e,-0.5,-1
sigma+,sigma+,16,46,43614.358111,3.479798e-05,2,2,1.5,f,-1.5,-1,3,3,3.5,e,-1.5,-1
sigma+,sigma+,19,36,43620.036271,4.961945e-04,2,2,1.5,f,+1.5,-1,3,3,2.5,e,+1.5,-1
sigma+,sigma+,18,35,43620.067764,8.378297e-05,2,2,1.5,f,+0.5,-1,3,3,2.5,e,+0.5,-1
sigma+,sigma+,17,34,43620.099296,8.113894e-05,2,2,1.5,f,-0.5,-1,3,3,2.5,e,-0.5,-1
sigma+,sigma+,16,33,43620.130866,4.932939e-04,2,2,1.5,f,-1.5,-1,3,3,2.5,e,-1.5,-1
sigma+,sigma+,31,50,43622.577549,5.154199e-04,2,2,2.5,f,+2.5,-1,3,3,3.5,e,+2.5,-1
sigma+,sigma+,30,49,43622.593402,3.073816e-04,2,2,2.5,f,+1.5,-1,3,3,3.5,e,+1.5,-1
sigma+,sigma+,29,48,43622.609218,4.022239e-05,2,2,2.5,f,+0.5,-1,3,3,3.5,e,+0.5,-1
sigma+,sigma+,28,47,43622.624995,4.203528e-05,2,2,2.5,f,-0.5,-1,3,3,3.5,e,-0.5,-1
sigma+,sigma+,27,46,43622.640735,3.094603e-04,2,2,2.5,f,-1.5,-1,3,3,3.5,e,-1.5,-1
sigma+,sigma+,26,45,43622.656435,5.125908e-04,2,2,2.5,f,-2.5,-1,3,3,3.5,e,-2.5,-1
sigma+,sigma+,31,37,43628.413266,8.577740e-05,2,2,2.5,f,+2.5,-1,3,3,2.5,e,+2.5,-1
sigma+,sigma+,26,32,43628.413342,8.859944e-05,2,2,2.5,f,-2.5,-1,3,3,2.5,e,-2.5,-1
sigma+,sigma+,30,36,43628.413443,3.453359e-06,2,2,2.5,f,+1.5,-1,3,3,2.5,e,+1.5,-1
sigma+,sigma+,27,33,43628.413490,3.521073e-06,2,2,2.5,f,-1.5,-1,3,3,2.5,e,-1.5,-1
sigma+,sigma+,29,35,43628.413540,5.560657e-05,2,2,2.5,f,+0.5,-1,3,3,2.5,e,+0.5,-1
sigma+,sigma+,28,34,43628.413556,5.596768e-05,2,2,2.5,f,-0.5,-1,3,3,2.5,e,-0.5,-1
sigma+,sigma+,15,57,43661.817349,3.345113e-03,2,2,1.5,e,+1.5,+1,3,3,3.5,f,+1.5,+1
sigma+,sigma+,14,56,43661.870478,6.050961e-03,2,2,1.5,e,+0.5,+1,3,3,3.5,f,+0.5,+1
sigma+,sigma+,13,55,43661.923690,6.080941e-03,2,2,1.5,e,-0.5,+1,3,3,3.5,f,-0.5,+1
sigma+,sigma+,12,54,43661.976986,3.395081e-03,2,2,1.5,e,-1.5,+1,3,3,3.5,f,-1.5,+1
sigma+,sigma+,15,42,43667.636136,4.859773e-02,2,2,1.5,e,+1.5,+1,3,3,2.5,f,+1.5,+1
sigma+,sigma+,14,41,43667.674363,8.203540e-03,2,2,1.5,e,+0.5,+1,3,3,2.5,f,+0.5,+1
sigma+,sigma+,13,40,43667.712635,7.951050e-03,2,2,1.5,e,-0.5,+1,3,3,2.5,f,-0.5,+1
sigma+,sigma+,12,39,43667.750953,4.832595e-02,2,2,1.5,e,-1.5,+1,3,3,2.5,f,-1.5,+1
sigma+,sigma+,25,58,43670.175631,5.063359e-02,2,2,2.5,e,+2.5,+1,3,3,3.5,f,+2.5,+1
sigma+,sigma+,24,57,43670.196265,3.019849e-02,2,2,2.5,e,+1.5,+1,3,3,3.5,f,+1.5,+1
sigma+,sigma+,23,56,43670.216855,3.951914e-03,2,2,2.5,e,+0.5,+1,3,3,3.5,f,+0.5,+1
sigma+,sigma+,22,55,43670.237401,4.130263e-03,2,2,2.5,e,-0.5,+1,3,3,3.5,f,-0.5,+1
sigma+,sigma+,21,54,43670.257902,3.040901e-02,2,2,2.5,e,-1.5,+1,3,3,3.5,f,-1.5,+1
sigma+,sigma+,20,53,43670.278357,5.037334e-02,2,2,2.5,e,-2.5,+1,3,3,3.5,f,-2.5,+1
sigma+,sigma+,25,43,43676.009281,8.298538e-03,2,2,2.5,e,+2.5,+1,3,3,2.5,f,+2.5,+1
sigma+,sigma+,24,42,43676.015052,3.314857e-04,2,2,2.5,e,+1.5,+1,3,3,2.5,f,+1.5,+1
sigma+,sigma+,23,41,43676.020741,5.371545e-03,2,2,2.5,e,+0.5,+1,3,3,2.5,f,+0.5,+1
sigma+,sigma+,22,40,43676.026346,5.415158e-03,2,2,2.5,e,-0.5,+1,3,3,2.5,f,-0.5,+1
sigma+,sigma+,21,39,43676.031868,3.428617e-04,2,2,2.5,e,-1.5,+1,3,3,2.5,f,-1.5,+1
sigma+,sigma+,20,38,43676.037306,8.559413e-03,2,2,2.5,e,-2.5,+1,3,3,2.5,f,-2.5,+1
sigma+,sigma+,43,83,58146.008450,5.217500e-05,3,3,2.5,f,+2.5,+1,4,4,4.5,e,+2.5,+1
sigma+,sigma+,42,82,58146.028547,1.125716e-04,3,3,2.5,f,+1.5,+1,4,4,4.5,e,+1.5,+1
sigma+,sigma+,41,81,58146.048675,1.511295e-04,3,3,2.5,f,+0.5,+1,4,4,4.5,e,+0.5,+1
sigma+,sigma+,40,80,58146.068833,1.521735e-04,3,3,2.5,f,-0.5,+1,4,4,4.5,e,-0.5,+1
sigma+,sigma+,39,79,58146.089022,1.149209e-04,3,3,2.5,f,-1.5,+1,4,4,4.5,e,-1.5,+1
sigma+,sigma+,38,78,58146.109241,5.400237e-05,3,3,2.5,f,-2.5,+1,4,4,4.5,e,-2.5,+1
sigma+,sigma+,43,66,58150.468824,2.368458e-03,3,3,2.5,f,+2.5,+1,4,4,3.5,e,+2.5,+1
sigma+,sigma+,42,65,58150.479062,1.425775e-03,3,3,2.5,f,+1.5,+1,4,4,3.5,e,+1.5,+1
sigma+,sigma+,41,64,58150.489308,1.924931e-04,3,3,2.5,f,+0.5,+1,4,4,3.5,e,+0.5,+1
sigma+,sigma+,40,63,58150.499563,1.861218e-04,3,3,2.5,f,-0.5,+1,4,4,3.5,e,-0.5,+1
sigma+,sigma+,39,62,58150.509825,1.413669e-03,3,3,2.5,f,-1.5,+1,4,4,3.5,e,-1.5,+1
sigma+,sigma+,38,61,58150.520097,2.363999e-03,3,3,2.5,f,-2.5,+1,4,4,3.5,e,-2.5,+1
sigma+,sigma+,59,84,58151.836857,2.229185e-03,3,3,3.5,f,+3.5,+1,4,4,4.5,e,+3.5,+1
sigma+,sigma+,58,83,58151.842100,1.984823e-03,3,3,3.5,f,+2.5,+1,4,4,4.5,e,+2.5,+1
sigma+,sigma+,57,82,58151.847334,9.145787e-04,3,3,3.5,f,+1.5,+1,4,4,4.5,e,+1.5,+1
sigma+,sigma+,56,81,58151.852560,1.110722e-04,3,3,3.5,f,+0.5,+1,4,4,4.5,e,+0.5,+1
sigma+,sigma+,55,80,58151.857779,1.159278e-04,3,3,3.5,f,-0.5,+1,4,4,4.5,e,-0.5,+1
sigma+,sigma+,54,79,58151.862989,9.239021e-04,3,3,3.5,f,-1.5,+1,4,4,4.5,e,-1.5,+1
sigma+,sigma+,53,78,58151.868190,1.987091e-03,3,3,3.5,f,-2.5,+1,4,4,4.5,e,-2.5,+1
sigma+,sigma+,52,77,58151.873384,2.219217e-03,3,3,3.5,f,-3.5,+1,4,4,4.5,e,-3.5,+1
sigma+,sigma+,52,60,58156.274268,2.852397e-04,3,3,3.5,f,-3.5,+1,4,4,3.5,e,-3.5,+1
sigma+,sigma+,53,61,58156.279046,5.874724e-06,3,3,3.5,f,-2.5,+1,4,4,3.5,e,-2.5,+1
sigma+,sigma+,54,62,58156.283792,5.160642e-05,3,3,3.5,f,-1.5,+1,4,4,3.5,e,-1.5,+1
sigma+,sigma+,55,63,58156.288508,1.431410e-04,3,3,3.5,f,-0.5,+1,4,4,3.5,e,-0.5,+1
sigma+,sigma+,56,64,58156.293194,1.427425e-04,3,3,3.5,f,+0.5,+1,4,4,3.5,e,+0.5,+1
sigma+,sigma+,57,65,58156.297849,5.131415e-05,3,3,3.5,f,+1.5,+1,4,4,3.5,e,+1.5,+1
sigma+,sigma+,58,66,58156.302474,5.564780e-06,3,3,3.5,f,+2.5,+1,4,4,3.5,e,+2.5,+1
sigma+,sigma+,59,67,58156.307070,2.752577e-04,3,3,3.5,f,+3.5,+1,4,4,3.5,e,+3.5,+1
sigma+,sigma+,37,93,58230.633834,9.076269e-04,3,3,2.5,e,+2.5,-1,4,4,4.5,f,+2.5,-1
sigma+,sigma+,36,92,58230.659776,1.953787e-03,3,3,2.5,e,+1.5,-1,4,4,4.5,f,+1.5,-1
sigma+,sigma+,35,91,58230.685748,2.616960e-03,3,3,2.5,e,+0.5,-1,4,4,4.5,f,+0.5,-1
sigma+,sigma+,34,90,58230.711752,2.628955e-03,3,3,2.5,e,-0.5,-1,4,4,4.5,f,-0.5,-1
sigma+,sigma+,33,89,58230.737787,1.980776e-03,3,3,2.5,e,-1.5,-1,4,4,4.5,f,-1.5,-1
sigma+,sigma+,32,88,58230.763854,9.286194e-04,3,3,2.5,e,-2.5,-1,4,4,4.5,f,-2.5,-1
sigma+,sigma+,37,74,58235.092591,4.096068e-02,3,3,2.5,e,+2.5,-1,4,4,3.5,f,+2.5,-1
sigma+,sigma+,36,73,58235.109307,2.465741e-02,3,3,2.5,e,+1.5,-1,4,4,3.5,f,+1.5,-1
sigma+,sigma+,35,72,58235.126034,3.328525e-03,3,3,2.5,e,+0.5,-1,4,4,3.5,f,+0.5,-1
sigma+,sigma+,34,71,58235.142774,3.219977e-03,3,3,2.5,e,-0.5,-1,4,4,3.5,f,-0.5,-1
sigma+,sigma+,33,70,58235.159525,2.445357e-02,3,3,2.5,e,-1.5,-1,4,4,3.5,f,-1.5,-1
sigma+,sigma+,32,69,58235.176288,4.089190e-02,3,3,2.5,e,-2.5,-1,4,4,3.5,f,-2.5,-1
sigma+,sigma+,51,94,58236.459275,3.859440e-02,3,3,3.5,e,+3.5,-1,4,4,4.5,f,+3.5,-1
sigma+,sigma+,50,93,58236.469551,3.436553e-02,3,3,3.5,e,+2.5,-1,4,4,4.5,f,+2.5,-1
sigma+,sigma+,49,92,58236.479817,1.583615e-02,3,3,3.5,e,+1.5,-1,4,4,4.5,f,+1.5,-1
sigma+,sigma+,48,91,58236.490071,1.923480e-03,3,3,3.5,e,+0.5,-1,4,4,4.5,f,+0.5,-1
sigma+,sigma+,47,90,58236.500313,2.007212e-03,3,3,3.5,e,-0.5,-1,4,4,4.5,f,-0.5,-1
sigma+,sigma+,46,89,58236.510543,1.599872e-02,3,3,3.5,e,-1.5,-1,4,4,4.5,f,-1.5,-1
sigma+,sigma+,45,88,58236.520761,3.441162e-02,3,3,3.5,e,-2.5,-1,4,4,4.5,f,-2.5,-1
sigma+,sigma+,44,87,58236.530968,3.843367e-02,3,3,3.5,e,-3.5,-1,4,4,4.5,f,-3.5,-1
sigma+,sigma+,51,75,58240.927239,4.742039e-03,3,3,3.5,e,+3.5,-1,4,4,3.5,f,+3.5,-1
sigma+,sigma+,50,74,58240.928308,9.739466e-05,3,3,3.5,e,+2.5,-1,4,4,3.5,f,+2.5,-1
sigma+,sigma+,49,73,58240.929348,8.787515e-04,3,3,3.5,e,+1.5,-1,4,4,3.5,f,+1.5,-1
sigma+,sigma+,48,72,58240.930357,2.453657e-03,3,3,3.5,e,+0.5,-1,4,4,3.5,f,+0.5,-1
sigma+,sigma+,47,71,58240.931334,2.466101e-03,3,3,3.5,e,-0.5,-1,4,4,3.5,f,-0.5,-1
sigma+,sigma+,46,70,58240.932280,8.924837e-04,3,3,3.5,e,-1.5,-1,4,4,3.5,f,-1.5,-1
sigma+,sigma+,45,69,58240.933195,9.939554e-05,3,3,3.5,e,-2.5,-1,4,4,3.5,f,-2.5,-1
sigma+,sigma+,44,68,58240.934078,4.903245e-03,3,3,3.5,e,-3.5,-1,4,4,3.5,f,-3.5,-1
sigma+,sigma+,75,125,72671.123936,3.888055e-05,4,4,3.5,f,+3.5,-1,5,5,5.5,e,+3.5,-1
sigma+,sigma+,74,124,72671.134518,9.137686e-05,4,4,3.5,f,+2.5,-1,5,5,5.5,e,+2.5,-1
sigma+,sigma+,73,123,72671.145116,1.380580e-04,4,4,3.5,f,+1.5,-1,5,5,5.5,e,+1.5,-1
sigma+,sigma+,72,122,72671.155731,1.655477e-04,4,4,3.5,f,+0.5,-1,5,5,5.5,e,+0.5,-1
sigma+,sigma+,71,121,72671.166362,1.667520e-04,4,4,3.5,f,-0.5,-1,5,5,5.5,e,-0.5,-1
sigma+,sigma+,70,120,72671.177011,1.410930e-04,4,4,3.5,f,-1.5,-1,5,5,5.5,e,-1.5,-1
sigma+,sigma+,69,119,72671.187677,9.474940e-05,4,4,3.5,f,-2.5,-1,5,5,5.5,e,-2.5,-1
sigma+,sigma+,68,118,72671.198359,4.090432e-05,4,4,3.5,f,-3.5,-1,5,5,5.5,e,-3.5,-1
sigma+,sigma+,75,104,72674.726511,3.903833e-03,4,4,3.5,f,+3.5,-1,5,5,4.5,e,+3.5,-1
sigma+,sigma+,74,103,72674.729995,3.491694e-03,4,4,3.5,f,+2.5,-1,5,5,4.5,e,+2.5,-1
sigma+,sigma+,73,102,72674.733483,1.621319e-03,4,4,3.5,f,+1.5,-1,5,5,4.5,e,+1.5,-1
sigma+,sigma+,72,101,72674.736972,2.028141e-04,4,4,3.5,f,+0.5,-1,5,5,4.5,e,+0.5,-1
sigma+,sigma+,71,100,72674.740465,1.954584e-04,4,4,3.5,f,-0.5,-1,5,5,4.5,e,-0.5,-1
sigma+,sigma+,70,99,72674.743959,1.604449e-03,4,4,3.5,f,-1.5,-1,5,5,4.5,e,-1.5,-1
sigma+,sigma+,69,98,72674.747457,3.477577e-03,4,4,3.5,f,-2.5,-1,5,5,4.5,e,-2.5,-1
sigma+,sigma+,68,97,72674.750957,3.901843e-03,4,4,3.5,f,-3.5,-1,5,5,4.5,e,-3.5,-1
sigma+,sigma+,95,126,72675.590523,3.589709e-03,4,4,4.5,f,+4.5,-1,5,5,5.5,e,+4.5,-1
sigma+,sigma+,94,125,72675.591900,3.902120e-03,4,4,4.5,f,+3.5,-1,5,5,5.5,e,+3.5,-1
sigma+,sigma+,93,124,72675.593275,2.648411e-03,4,4,4.5,f,+2.5,-1,5,5,5.5,e,+2.5,-1
sigma+,sigma+,92,123,72675.594647,1.107834e-03,4,4,4.5,f,+1.5,-1,5,5,5.5,e,+1.5,-1
sigma+,sigma+,91,122,72675.596017,1.297450e-04,4,4,4.5,f,+0.5,-1,5,5,5.5,e,+0.5,-1
sigma+,sigma+,90,121,72675.597384,1.356782e-04,4,4,4.5,f,-0.5,-1,5,5,5.5,e,-0.5,-1
sigma+,sigma+,89,120,72675.598749,1.121449e-03,4,4,4.5,f,-1.5,-1,5,5,5.5,e,-1.5,-1
sigma+,sigma+,88,119,72675.600111,2.659297e-03,4,4,4.5,f,-2.5,-1,5,5,5.5,e,-2.5,-1
sigma+,sigma+,87,118,72675.601470,3.900058e-03,4,4,4.5,f,-3.5,-1,5,5,5.5,e,-3.5,-1
sigma+,sigma+,86,117,72675.602827,3.575386e-03,4,4,4.5,f,-4.5,-1,5,5,5.5,e,-4.5,-1
sigma+,sigma+,86,96,72679.148227,3.675879e-04,4,4,4.5,f,-4.5,-1,5,5,4.5,e,-4.5,-1
sigma+,sigma+,87,97,72679.154068,4.105752e-05,4,4,4.5,f,-3.5,-1,5,5,4.5,e,-3.5,-1
sigma+,sigma+,88,98,72679.159891,9.874413e-06,4,4,4.5,f,-2.5,-1,5,5,4.5,e,-2.5,-1
sigma+,sigma+,89,99,72679.165697,9.010369e-05,4,4,4.5,f,-1.5,-1,5,5,4.5,e,-1.5,-1
sigma+,sigma+,90,100,72679.171486,1.601990e-04,4,4,4.5,f,-0.5,-1,5,5,4.5,e,-0.5,-1
sigma+,sigma+,91,101,72679.177258,1.600471e-04,4,4,4.5,f,+0.5,-1,5,5,4.5,e,+0.5,-1
sigma+,sigma+,92,102,72679.183014,9.003533e-05,4,4,4.5,f,+1.5,-1,5,5,4.5,e,+1.5,-1
sigma+,sigma+,93,103,72679.188753,1.014014e-05,4,4,4.5,f,+2.5,-1,5,5,4.5,e,+2.5,-1
sigma+,sigma+,94,104,72679.194475,3.903742e-05,4,4,4.5,f,+3.5,-1,5,5,4.5,e,+3.5,-1
sigma+,sigma+,95,105,72679.200181,3.532331e-04,4,4,4.5,f,+4.5,-1,5,5,4.5,e,+4.5,-1
sigma+,sigma+,1,48,72716.938048,9.869881e-09,1,1,0.5,e,+0.5,-1,3,3,3.5,e,+0.5,-1
sigma+,sigma+,0,47,72717.141242,1.024527e-08,1,1,0.5,e,-0.5,-1,3,3,3.5,e,-0.5,-1
sigma+,sigma+,1,35,72722.742370,4.662399e-03,1,1,0.5,e,+0.5,-1,3,3,2.5,e,+0.5,-1
sigma+,sigma+,0,34,72722.929803,4.684394e-03,1,1,0.5,e,-0.5,-1,3,3,2.5,e,-0.5,-1
sigma+,sigma+,7,49,72731.970849,2.874251e-03,1,1,1.5,e,+1.5,-1,3,3,3.5,e,+1.5,-1
sigma+,sigma+,6,48,72732.049307,5.155040e-03,1,1,1.5,e,+0.5,-1,3,3,3.5,e,+0.5,-1
sigma+,sigma+,5,47,72732.127271,5.136289e-03,1,1,1.5,e,-0.5,-1,3,3,3.5,e,-0.5,-1
sigma+,sigma+,4,46,72732.204728,2.842998e-03,1,1,1.5,e,-1.5,-1,3,3,3.5,e,-1.5,-1
sigma+,sigma+,7,36,72737.790891,1.123791e-03,1,1,1.5,e,+1.5,-1,3,3,2.5,e,+1.5,-1
sigma+,sigma+,6,35,72737.853629,1.915769e-04,1,1,1.5,e,+0.5,-1,3,3,2.5,e,+0.5,-1
sigma+,sigma+,5,34,72737.915831,1.880741e-04,1,1,1.5,e,-0.5,-1,3,3,2.5,e,-0.5,-1
sigma+,sigma+,4,33,72737.977484,1.154786e-03,1,1,1.5,e,-1.5,-1,3,3,2.5,e,-1.5,-1
sigma+,sigma+,3,56,72743.388759,6.737688e-08,1,1,0.5,f,+0.5,+1,3,3,3.5,f,+0.5,+1
sigma+,sigma+,2,55,72743.590584,6.974609e-08,1,1,0.5,f,-0.5,+1,3,3,3.5,f,-0.5,+1
sigma+,sigma+,3,41,72749.192645,2.638149e-02,1,1,0.5,f,+0.5,+1,3,3,2.5,f,+0.5,+1
sigma+,sigma+,2,40,72749.379529,2.650560e-02,1,1,0.5,f,-0.5,+1,3,3,2.5,f,-0.5,+1
sigma+,sigma+,11,57,72758.420037,1.626765e-02,1,1,1.5,f,+1.5,+1,3,3,3.5,f,+1.5,+1
sigma+,sigma+,10,56,72758.499029,2.918232e-02,1,1,1.5,f,+0.5,+1,3,3,3.5,f,+0.5,+1
sigma+,sigma+,9,55,72758.577541,2.908216e-02,1,1,1.5,f,-0.5,+1,3,3,3.5,f,-0.5,+1
sigma+,sigma+,8,54,72758.655561,1.610072e-02,1,1,1.5,f,-1.5,+1,3,3,3.5,f,-1.5,+1
sigma+,sigma+,11,42,72764.238824,6.402179e-03,1,1,1.5,f,+1.5,+1,3,3,2.5,f,+1.5,+1
sigma+,sigma+,10,41,72764.302914,1.092481e-03,1,1,1.5,f,+0.5,+1,3,3,2.5,f,+0.5,+1
sigma+,sigma+,9,40,72764.366487,1.068866e-03,1,1,1.5,f,-0.5,+1,3,3,2.5,f,-0.5,+1
sigma+,sigma+,8,39,72764.429528,6.569453e-03,1,1,1.5,f,-1.5,+1,3,3,2.5,f,-1.5,+1
sigma+,sigma+,67,137,72803.353590,3.350335e-04,4,4,3.5,e,+3.5,+1,5,5,5.5,f,+3.5,+1
sigma+,sigma+,66,136,72803.369984,7.851144e-04,4,4,3.5,e,+2.5,+1,5,5,5.5,f,+2.5,+1
sigma+,sigma+,65,135,72803.386394,1.182759e-03,4,4,3.5,e,+1.5,+1,5,5,5.5,f,+1.5,+1
sigma+,sigma+,64,134,72803.402821,1.414142e-03,4,4,3.5,e,+0.5,+1,5,5,5.5,f,+0.5,+1
sigma+,sigma+,63,133,72803.419265,1.420278e-03,4,4,3.5,e,-0.5,+1,5,5,5.5,f,-0.5,+1
sigma+,sigma+,62,132,72803.435727,1.198221e-03,4,4,3.5,e,-1.5,+1,5,5,5.5,f,-1.5,+1
sigma+,sigma+,61,131,72803.452206,8.022957e-04,4,4,3.5,e,-2.5,+1,5,5,5.5,f,-2.5,+1
sigma+,sigma+,60,130,72803.468702,3.453429e-04,4,4,3.5,e,-3.5,+1,5,5,5.5,f,-3.5,+1
sigma+,sigma+,67,114,72806.954316,3.329208e-02,4,4,3.5,e,+3.5,+1,5,5,4.5,f,+3.5,+1
sigma+,sigma+,66,113,72806.964130,2.977759e-02,4,4,3.5,e,+2.5,+1,5,5,4.5,f,+2.5,+1
sigma+,sigma+,65,112,72806.973948,1.382671e-02,4,4,3.5,e,+1.5,+1,5,5,4.5,f,+1.5,+1
sigma+,sigma+,64,111,72806.983771,1.729406e-03,4,4,3.5,e,+0.5,+1,5,5,4.5,f,+0.5,+1
sigma+,sigma+,63,110,72806.993599,1.667425e-03,4,4,3.5,e,-0.5,+1,5,5,4.5,f,-0.5,+1
sigma+,sigma+,62,109,72807.003431,1.368564e-02,4,4,3.5,e,-1.5,+1,5,5,4.5,f,-1.5,+1
sigma+,sigma+,61,108,72807.013269,2.966287e-02,4,4,3.5,e,-2.5,+1,5,5,4.5,f,-2.5,+1
sigma+,sigma+,60,107,72807.023112,3.328208e-02,4,4,3.5,e,-3.5,+1,5,5,4.5,f,-3.5,+1
sigma+,sigma+,85,138,72807.817243,3.063167e-02,4,4,4.5,e,+4.5,+1,5,5,5.5,f,+4.5,+1
sigma+,sigma+,84,137,72807.823803,3.329886e-02,4,4,4.5,e,+3.5,+1,5,5,5.5,f,+3.5,+1
sigma+,sigma+,83,136,72807.830358,2.260128e-02,4,4,4.5,e,+2.5,+1,5,5,5.5,f,+2.5,+1
sigma+,sigma+,82,135,72807.836909,9.454662e-03,4,4,4.5,e,+1.5,+1,5,5,5.5,f,+1.5,+1
sigma+,sigma+,81,134,72807.843454,1.107433e-03,4,4,4.5,e,+0.5,+1,5,5,5.5,f,+0.5,+1
sigma+,sigma+,80,133,72807.849995,1.157805e-03,4,4,4.5,e,-0.5,+1,5,5,5.5,f,-0.5,+1
sigma+,sigma+,79,132,72807.856530,9.571060e-03,4,4,4.5,e,-1.5,+1,5,5,5.5,f,-1.5,+1
sigma+,sigma+,78,131,72807.863061,2.269715e-02,4,4,4.5,e,-2.5,+1,5,5,5.5,f,-2.5,+1
sigma+,sigma+,77,130,72807.869586,3.328861e-02,4,4,4.5,e,-3.5,+1,5,5,5.5,f,-3.5,+1
sigma+,sigma+,76,129,72807.876107,3.051871e-02,4,4,4.5,e,-4.5,+1,5,5,5.5,f,-4.5,+1
sigma+,sigma+,76,106,72811.423851,3.120261e-03,4,4,4.5,e,-4.5,+1,5,5,4.5,f,-4.5,+1
sigma+,sigma+,77,107,72811.423997,3.454953e-04,4,4,4.5,e,-3.5,+1,5,5,4.5,f,-3.5,+1
sigma+,sigma+,78,108,72811.424125,8.580043e-05,4,4,4.5,e,-2.5,+1,5,5,4.5,f,-2.5,+1
sigma+,sigma+,79,109,72811.424235,7.700334e-04,4,4,4.5,e,-1.5,+1,5,5,4.5,f,-1.5,+1
sigma+,sigma+,80,110,72811.424328,1.363771e-03,4,4,4.5,e,-0.5,+1,5,5,4.5,f,-0.5,+1
sigma+,sigma+,81,111,72811.424404,1.358541e-03,4,4,4.5,e,+0.5,+1,5,5,4.5,f,+0.5,+1
sigma+,sigma+,82,112,72811.424463,7.613287e-04,4,4,4.5,e,+1.5,+1,5,5,4.5,f,+1.5,+1
sigma+,sigma+,83,113,72811.424504,8.436964e-05,4,4,4.5,e,+2.5,+1,5,5,4.5,f,+2.5,+1
sigma+,sigma+,84,114,72811.424529,3.351971e-04,4,4,4.5,e,+3.5,+1,5,5,4.5,f,+3.5,+1
sigma+,sigma+,85,115,72811.424537,3.006953e-03,4,4,4.5,e,+4.5,+1,5,5,4.5,f,+4.5,+1
sigma+,sigma+,15,82,101813.664683,4.805011e-11,2,2,1.5,e,+1.5,+1,4,4,4.5,e,+1.5,+1
sigma+,sigma+,14,81,101813.723038,9.057034e-11,2,2,1.5,e,+0.5,+1,4,4,4.5,e,+0.5,+1
sigma+,sigma+,13,80,101813.781469,8.509991e-11,2,2,1.5,e,-0.5,+1,4,4,4.5,e,-0.5,+1
sigma+,sigma+,12,79,101813.839975,3.984824e-11,2,2,1.5,e,-1.5,+1,4,4,4.5,e,-1.5,+1
sigma+,sigma+,15,65,101818.115198,3.565145e-03,2,2,1.5,e,+1.5,+1,4,4,3.5,e,+1.5,+1
sigma+,sigma+,14,64,101818.163672,6.428245e-03,2,2,1.5,e,+0.5,+1,4,4,3.5,e,+0.5,+1
sigma+,sigma+,13,63,101818.212198,6.439359e-03,2,2,1.5,e,-0.5,+1,4,4,3.5,e,-0.5,+1
sigma+,sigma+,12,62,101818.260779,3.583670e-03,2,2,1.5,e,-1.5,+1,4,4,3.5,e,-1.5,+1
sigma+,sigma+,25,83,101822.017730,2.326395e-03,2,2,2.5,e,+2.5,+1,4,4,4.5,e,+2.5,+1
sigma+,sigma+,24,82,101822.043599,4.976345e-03,2,2,2.5,e,+1.5,+1,4,4,4.5,e,+1.5,+1
sigma+,sigma+,23,81,101822.069416,6.623332e-03,2,2,2.5,e,+0.5,+1,4,4,4.5,e,+0.5,+1
sigma+,sigma+,22,80,101822.095180,6.611458e-03,2,2,2.5,e,-0.5,+1,4,4,4.5,e,-0.5,+1
sigma+,sigma+,21,79,101822.120890,4.949629e-03,2,2,2.5,e,-1.5,+1,4,4,4.5,e,-1.5,+1
sigma+,sigma+,20,78,101822.146547,2.305616e-03,2,2,2.5,e,-2.5,+1,4,4,4.5,e,-2.5,+1
sigma+,sigma+,25,66,101826.478105,6.489929e-04,2,2,2.5,e,+2.5,+1,4,4,3.5,e,+2.5,+1
sigma+,sigma+,24,65,101826.494114,3.915716e-04,2,2,2.5,e,+1.5,+1,4,4,3.5,e,+1.5,+1
sigma+,sigma+,23,64,101826.510049,5.242639e-05,2,2,2.5,e,+0.5,+1,4,4,3.5,e,+0.5,+1
sigma+,sigma+,22,63,101826.525909,5.303613e-05,2,2,2.5,e,-0.5,+1,4,4,3.5,e,-0.5,+1
sigma+,sigma+,21,62,101826.541694,3.994635e-04,2,2,2.5,e,-1.5,+1,4,4,3.5,e,-1.5,+1
sigma+,sigma+,20,61,101826.557402,6.696237e-04,2,2,2.5,e,-2.5,+1,4,4,3.5,e,-2.5,+1
sigma+,sigma+,19,92,101850.696046,1.071599e-11,2,2,1.5,f,+1.5,-1,4,4,4.5,f,+1.5,-1
sigma+,sigma+,18,91,101850.753512,2.916515e-11,2,2,1.5,f,+0.5,-1,4,4,4.5,f,+0.5,-1
sigma+,sigma+,17,90,101850.811048,3.825408e-11,2,2,1.5,f,-0.5,-1,4,4,4.5,f,-0.5,-1
sigma+,sigma+,16,89,101850.868654,2.438324e-11,2,2,1.5,f,-1.5,-1,4,4,4.5,f,-1.5,-1
sigma+,sigma+,19,73,101855.145577,2.018523e-02,2,2,1.5,f,+1.5,-1,4,4,3.5,f,+1.5,-1
sigma+,sigma+,18,72,101855.193798,3.639426e-02,2,2,1.5,f,+0.5,-1,4,4,3.5,f,+0.5,-1
sigma+,sigma+,17,71,101855.242069,3.645580e-02,2,2,1.5,f,-0.5,-1,4,4,3.5,f,-0.5,-1
sigma+,sigma+,16,70,101855.290391,2.028780e-02,2,2,1.5,f,-1.5,-1,4,4,3.5,f,-1.5,-1
sigma+,sigma+,31,93,101859.047100,1.316899e-02,2,2,2.5,f,+2.5,-1,4,4,4.5,f,+2.5,-1
sigma+,sigma+,30,92,101859.073219,2.817291e-02,2,2,2.5,f,+1.5,-1,4,4,4.5,f,+1.5,-1
sigma+,sigma+,29,91,101859.099288,3.750168e-02,2,2,2.5,f,+0.5,-1,4,4,4.5,f,+0.5,-1
sigma+,sigma+,28,90,101859.125308,3.743909e-02,2,2,2.5,f,-0.5,-1,4,4,4.5,f,-0.5,-1
sigma+,sigma+,27,89,101859.151278,2.803208e-02,2,2,2.5,f,-1.5,-1,4,4,4.5,f,-1.5,-1
sigma+,sigma+,26,88,101859.177196,1.305946e-02,2,2,2.5,f,-2.5,-1,4,4,4.5,f,-2.5,-1
sigma+,sigma+,31,74,101863.505857,3.698845e-03,2,2,2.5,f,+2.5,-1,4,4,3.5,f,+2.5,-1
sigma+,sigma+,30,73,101863.522750,2.232483e-03,2,2,2.5,f,+1.5,-1,4,4,3.5,f,+1.5,-1
sigma+,sigma+,29,72,101863.539574,2.995637e-04,2,2,2.5,f,+0.5,-1,4,4,3.5,f,+0.5,-1
sigma+,sigma+,28,71,101863.556329,3.008915e-04,2,2,2.5,f,-0.5,-1,4,4,3.5,f,-0.5,-1
sigma+,sigma+,27,70,101863.573015,2.271293e-03,2,2,2.5,f,-1.5,-1,4,4,3.5,f,-1.5,-1
sigma+,sigma+,26,69,101863.589630,3.808656e-03,2,2,2.5,f,-2.5,-1,4,4,3.5,f,-2.5,-1
sigma+,sigma+,37,124,130906.227108,1.042530e-09,3,3,2.5,e,+2.5,-1,5,5,5.5,e,+2.5,-1
sigma+,sigma+,36,123,130906.254423,2.611501e-09,3,3,2.5,e,+1.5,-1,5,5,5.5,e,+1.5,-1
sigma+,sigma+,35,122,130906.281765,3.738059e-09,3,3,2.5,e,+0.5,-1,5,5,5.5,e,+0.5,-1
sigma+,sigma+,34,121,130906.309136,3.745350e-09,3,3,2.5,e,-0.5,-1,5,5,5.5,e,-0.5,-1
sigma+,sigma+,33,120,130906.336536,2.626812e-09,3,3,2.5,e,-1.5,-1,5,5,5.5,e,-1.5,-1
sigma+,sigma+,32,119,130906.363965,1.052735e-09,3,3,2.5,e,-2.5,-1,5,5,5.5,e,-2.5,-1
sigma+,sigma+,37,103,130909.822586,2.495556e-03,3,3,2.5,e,+2.5,-1,5,5,4.5,e,+2.5,-1
sigma+,sigma+,36,102,130909.842789,5.352789e-03,3,3,2.5,e,+1.5,-1,5,5,4.5,e,+1.5,-1
sigma+,sigma+,35,101,130909.863007,7.144002e-03,3,3,2.5,e,+0.5,-1,5,5,4.5,e,+0.5,-1
sigma+,sigma+,34,100,130909.883238,7.151009e-03,3,3,2.5,e,-0.5,-1,5,5,4.5,e,-0.5,-1
sigma+,sigma+,33,99,130909.903484,5.368555e-03,3,3,2.5,e,-1.5,-1,5,5,4.5,e,-1.5,-1
sigma+,sigma+,32,98,130909.923745,2.507819e-03,3,3,2.5,e,-2.5,-1,5,5,4.5,e,-2.5,-1
sigma+,sigma+,51,125,130912.051175,1.743355e-03,3,3,3.5,e,+3.5,-1,5,5,5.5,e,+3.5,-1
sigma+,sigma+,50,124,130912.062826,4.063269e-03,3,3,3.5,e,+2.5,-1,5,5,5.5,e,+2.5,-1
sigma+,sigma+,49,123,130912.074464,6.088027e-03,3,3,3.5,e,+1.5,-1,5,5,5.5,e,+1.5,-1
sigma+,sigma+,48,122,130912.086087,7.239417e-03,3,3,3.5,e,+0.5,-1,5,5,5.5,e,+0.5,-1
sigma+,sigma+,47,121,130912.097697,7.231134e-03,3,3,3.5,e,-0.5,-1,5,5,5.5,e,-0.5,-1
sigma+,sigma+,46,120,130912.109291,6.067154e-03,3,3,3.5,e,-1.5,-1,5,5,5.5,e,-1.5,-1
sigma+,sigma+,45,119,130912.120872,4.040076e-03,3,3,3.5,e,-2.5,-1,5,5,5.5,e,-2.5,-1
sigma+,sigma+,44,118,130912.132438,1.729438e-03,3,3,3.5,e,-3.5,-1,5,5,5.5,e,-3.5,-1
sigma+,sigma+,11,65,130914.717886,1.134106e-11,1,1,1.5,f,+1.5,+1,4,4,3.5,e,+1.5,+1
sigma+,sigma+,10,64,130914.792223,2.072345e-11,1,1,1.5,f,+0.5,+1,4,4,3.5,e,+0.5,+1
sigma+,sigma+,9,63,130914.866050,2.103953e-11,1,1,1.5,f,-0.5,+1,4,4,3.5,e,-0.5,+1
sigma+,sigma+,8,62,130914.939354,1.186800e-11,1,1,1.5,f,-1.5,+1,4,4,3.5,e,-1.5,+1
sigma+,sigma+,51,104,130915.653749,3.775669e-04,3,3,3.5,e,+3.5,-1,5,5,4.5,e,+3.5,-1
sigma+,sigma+,50,103,130915.658304,3.378915e-04,3,3,3.5,e,+2.5,-1,5,5,4.5,e,+2.5,-1
sigma+,sigma+,49,102,130915.662831,1.564229e-04,3,3,3.5,e,+1.5,-1,5,5,4.5,e,+1.5,-1
sigma+,sigma+,48,101,130915.667329,1.902449e-05,3,3,3.5,e,+0.5,-1,5,5,4.5,e,+0.5,-1
sigma+,sigma+,47,100,130915.671799,2.020640e-05,3,3,3.5,e,-0.5,-1,5,5,4.5,e,-0.5,-1
sigma+,sigma+,46,99,130915.676240,1.613043e-04,3,3,3.5,e,-1.5,-1,5,5,4.5,e,-1.5,-1
sigma+,sigma+,45,98,130915.680652,3.486020e-04,3,3,3.5,e,-2.5,-1,5,5,4.5,e,-2.5,-1
sigma+,sigma+,44,97,130915.685035,3.913962e-04,3,3,3.5,e,-3.5,-1,5,5,4.5,e,-3.5,-1
sigma+,sigma+,43,136,130953.838808,3.704736e-09,3,3,2.5,f,+2.5,+1,5,5,5.5,f,+2.5,+1
sigma+,sigma+,42,135,130953.865456,9.267613e-09,3,3,2.5,f,+1.5,+1,5,5,5.5,f,+1.5,+1
sigma+,sigma+,41,134,130953.892129,1.324730e-08,3,3,2.5,f,+0.5,+1,5,5,5.5,f,+0.5,+1
sigma+,sigma+,40,133,130953.918828,1.325475e-08,3,3,2.5,f,-0.5,+1,5,5,5.5,f,-0.5,+1
sigma+,sigma+,39,132,130953.945552,9.283247e-09,3,3,2.5,f,-1.5,+1,5,5,5.5,f,-1.5,+1
sigma+,sigma+,38,131,130953.972302,3.715149e-09,3,3,2.5,f,-2.5,+1,5,5,5.5,f,-2.5,+1
sigma+,sigma+,43,113,130957.432954,1.413218e-02,3,3,2.5,f,+2.5,+1,5,5,4.5,f,+2.5,+1
sigma+,sigma+,42,112,130957.453010,3.031140e-02,3,3,2.5,f,+1.5,+1,5,5,4.5,f,+1.5,+1
sigma+,sigma+,41,111,130957.473079,4.045302e-02,3,3,2.5,f,+0.5,+1,5,5,4.5,f,+0.5,+1
sigma+,sigma+,40,110,130957.493161,4.049113e-02,3,3,2.5,f,-0.5,+1,5,5,4.5,f,-0.5,+1
sigma+,sigma+,39,109,130957.513257,3.039715e-02,3,3,2.5,f,-1.5,+1,5,5,4.5,f,-1.5,+1
sigma+,sigma+,38,108,130957.533366,1.419889e-02,3,3,2.5,f,-2.5,+1,5,5,4.5,f,-2.5,+1
sigma+,sigma+,59,137,130959.660660,9.869253e-03,3,3,3.5,f,+3.5,+1,5,5,5.5,f,+3.5,+1
sigma+,sigma+,58,136,130959.672458,2.300442e-02,3,3,3.5,f,+2.5,+1,5,5,5.5,f,+2.5,+1
sigma+,sigma+,57,135,130959.684243,3.447068e-02,3,3,3.5,f,+1.5,+1,5,5,5.5,f,+1.5,+1
sigma+,sigma+,56,134,130959.696014,4.099349e-02,3,3,3.5,f,+0.5,+1,5,5,5.5,f,+0.5,+1
sigma+,sigma+,55,133,130959.707773,4.095022e-02,3,3,3.5,f,-0.5,+1,5,5,5.5,f,-0.5,+1
sigma+,sigma+,54,132,130959.719519,3.436164e-02,3,3,3.5,f,-1.5,+1,5,5,5.5,f,-1.5,+1
sigma+,sigma+,53,131,130959.731251,2.288326e-02,3,3,3.5,f,-2.5,+1,5,5,5.5,f,-2.5,+1
sigma+,sigma+,52,130,130959.742970,9.796550e-03,3,3,3.5,f,-3.5,+1,5,5,5.5,f,-3.5,+1
sigma+,sigma+,59,114,130963.261386,2.152668e-03,3,3,3.5,f,+3.5,+1,5,5,4.5,f,+3.5,+1
sigma+,sigma+,58,113,130963.266604,1.926891e-03,3,3,3.5,f,+2.5,+1,5,5,4.5,f,+2.5,+1
sigma+,sigma+,57,112,130963.271797,8.926460e-04,3,3,3.5,f,+1.5,+1,5,5,4.5,f,+1.5,+1
sigma+,sigma+,56,111,130963.276964,1.090005e-04,3,3,3.5,f,+0.5,+1,5,5,4.5,f,+0.5,+1
sigma+,sigma+,55,110,130963.282107,1.143549e-04,3,3,3.5,f,-0.5,+1,5,5,4.5,f,-0.5,+1
sigma+,sigma+,54,109,130963.287224,9.164047e-04,3,3,3.5,f,-1.5,+1,5,5,4.5,f,-1.5,+1
sigma+,sigma+,53,108,130963.292315,1.981808e-03,3,3,3.5,f,-2.5,+1,5,5,4.5,f,-2.5,+1
sigma+,sigma+,52,107,130963.297380,2.225552e-03,3,3,3.5,f,-3.5,+1,5,5,4.5,f,-3.5,+1
sigma+,sigma+,7,73,130972.900197,1.104702e-09,1,1,1.5,e,+1.5,-1,4,4,3.5,f,+1.5,-1
sigma+,sigma+,6,72,130972.979663,2.016299e-09,1,1,1.5,e,+0.5,-1,4,4,3.5,f,+0.5,-1
sigma+,sigma+,5,71,130973.058605,2.044721e-09,1,1,1.5,e,-0.5,-1,4,4,3.5,f,-0.5,-1
sigma+,sigma+,4,70,130973.137009,1.152085e-09,1,1,1.5,e,-1.5,-1,4,4,3.5,f,-1.5,-1
sigma+,sigma+,31,103,174538.235853,2.127167e-11,2,2,2.5,f,+2.5,-1,5,5,4.5,e,+2.5,-1
sigma+,sigma+,30,102,174538.256232,4.591175e-11,2,2,2.5,f,+1.5,-1,5,5,4.5,e,+1.5,-1
sigma+,sigma+,29,101,174538.276546,6.165959e-11,2,2,2.5,f,+0.5,-1,5,5,4.5,e,+0.5,-1
sigma+,sigma+,28,100,174538.296794,6.210802e-11,2,2,2.5,f,-0.5,-1,5,5,4.5,e,-0.5,-1
sigma+,sigma+,27,99,174538.316975,4.692079e-11,2,2,2.5,f,-1.5,-1,5,5,4.5,e,-1.5,-1
sigma+,sigma+,26,98,174538.337087,2.205657e-11,2,2,2.5,f,-2.5,-1,5,5,4.5,e,-2.5,-1
sigma+,sigma+,25,113,174633.442235,3.666295e-10,2,2,2.5,e,+2.5,+1,5,5,4.5,f,+2.5,+1
sigma+,sigma+,24,112,174633.468062,7.909941e-10,2,2,2.5,e,+1.5,+1,5,5,4.5,f,+1.5,+1
sigma+,sigma+,23,111,174633.493820,1.061879e-09,2,2,2.5,e,+0.5,+1,5,5,4.5,f,+0.5,+1
sigma+,sigma+,22,110,174633.519508,1.069175e-09,2,2,2.5,e,-0.5,+1,5,5,4.5,f,-0.5,+1
sigma+,sigma+,21,109,174633.545125,8.074106e-10,2,2,2.5,e,-1.5,+1,5,5,4.5,f,-1.5,+1
sigma+,sigma+,20,108,174633.570672,3.793995e-10,2,2,2.5,e,-2.5,+1,5,5,4.5,f,-2.5,+1
sigma+,pi,107,20,-174633.550977,3.017952e-09,5,5,4.5,f,-3.5,+1,2,2,2.5,e,-2.5,+1
sigma+,pi,108,21,-174633.525437,3.746469e-09,5,5,4.5,f,-2.5,+1,2,2,2.5,e,-1.5,+1
sigma+,pi,109,22,-174633.499826,3.189233e-09,5,5,4.5,f,-1.5,+1,2,2,2.5,e,-0.5,+1
sigma+,pi,110,23,-174633.474144,2.111624e-09,5,5,4.5,f,-0.5,+1,2,2,2.5,e,+0.5,+1
sigma+,pi,111,24,-174633.448392,1.048622e-09,5,5,4.5,f,+0.5,+1,2,2,2.5,e,+1.5,+1
sigma+,pi,112,25,-174633.422571,3.124517e-10,5,5,4.5,f,+1.5,+1,2,2,2.5,e,+2.5,+1
sigma+,pi,108,12,-174625.244522,1.015710e-12,5,5,4.5,f,-2.5,+1,2,2,1.5,e,-1.5,+1
sigma+,pi,109,13,-174625.186115,1.301307e-12,5,5,4.5,f,-1.5,+1,2,2,1.5,e,-0.5,+1
sigma+,pi,97,26,-174538.314251,1.753894e-10,5,5,4.5,e,-3.5,-1,2,2,2.5,f,-2.5,-1
sigma+,pi,98,27,-174538.294145,2.176418e-10,5,5,4.5,e,-2.5,-1,2,2,2.5,f,-1.5,-1
sigma+,pi,99,28,-174538.273972,1.851970e-10,5,5,4.5,e,-1.5,-1,2,2,2.5,f,-0.5,-1
sigma+,pi,100,29,-174538.253732,1.225718e-10,5,5,4.5,e,-0.5,-1,2,2,2.5,f,+0.5,-1
sigma+,pi,101,30,-174538.233425,6.084395e-11,5,5,4.5,e,+0.5,-1,2,2,2.5,f,+1.5,-1
sigma+,pi,102,31,-174538.213052,1.812193e-11,5,5,4.5,e,+1.5,-1,2,2,2.5,f,+2.5,-1
sigma+,pi,69,4,-130973.110682,6.864487e-09,4,4,3.5,f,-2.5,-1,1,1,1.5,e,-1.5,-1
sigma+,pi,70,5,-130973.032288,6.768137e-09,4,4,3.5,f,-1.5,-1,1,1,1.5,e,-0.5,-1
sigma+,pi,71,6,-130972.953356,4.004288e-09,4,4,3.5,f,-0.5,-1,1,1,1.5,e,+0.5,-1
sigma+,pi,72,7,-130972.873900,1.316288e-09,4,4,3.5,f,+0.5,-1,1,1,1.5,e,+1.5,-1
sigma+,pi,106,52,-130963.277680,1.003384e-02,5,5,4.5,f,-4.5,+1,3,3,3.5,f,-3.5,+1
sigma+,pi,107,53,-130963.272620,1.436828e-03,5,5,4.5,f,-3.5,+1,3,3,3.5,f,-2.5,+1
sigma+,pi,108,54,-130963.267535,1.140645e-04,5,5,4.5,f,-2.5,+1,3,3,3.5,f,-1.5,+1
sigma+,pi,109,55,-130963.262425,2.084269e-03,5,5,4.5,f,-1.5,+1,3,3,3.5,f,-0.5,+1
sigma+,pi,110,56,-130963.257288,4.497990e-03,5,5,4.5,f,-0.5,+1,3,3,3.5,f,+0.5,+1
sigma+,pi,111,57,-130963.252127,5.615637e-03,5,5,4.5,f,+0.5,+1,3,3,3.5,f,+1.5,+1
sigma+,pi,112,58,-130963.246940,4.786128e-03,5,5,4.5,f,+1.5,+1,3,3,3.5,f,+2.5,+1
sigma+,pi,113,59,-130963.241728,2.426149e-03,5,5,4.5,f,+2.5,+1,3,3,3.5,f,+3.5,+1
sigma+,pi,129,52,-130959.729935,9.814841e-02,5,5,5.5,f,-4.5,+1,3,3,3.5,f,-3.5,+1
sigma+,pi,130,53,-130959.718210,1.375553e-01,5,5,5.5,f,-3.5,+1,3,3,3.5,f,-2.5,+1
sigma+,pi,131,54,-130959.706472,1.377020e-01,5,5,5.5,f,-2.5,+1,3,3,3.5,f,-1.5,+1
sigma+,pi,132,55,-130959.694720,1.148732e-01,5,5,5.5,f,-1.5,+1,3,3,3.5,f,-0.5,+1
sigma+,pi,133,56,-130959.682955,8.213868e-02,5,5,5.5,f,-0.5,+1,3,3,3.5,f,+0.5,+1
sigma+,pi,134,57,-130959.671177,4.933474e-02,5,5,5.5,f,+0.5,+1,3,3,3.5,f,+1.5,+1
sigma+,pi,135,58,-130959.659386,2.304679e-02,5,5,5.5,f,+1.5,+1,3,3,3.5,f,+2.5,+1
sigma+,pi,136,59,-130959.647582,6.591594e-03,5,5,5.5,f,+2.5,+1,3,3,3.5,f,+3.5,+1
sigma+,pi,70,0,-130958.046260,2.916397e-12,4,4,3.5,f,-1.5,-1,1,1,0.5,e,-0.5,-1
sigma+,pi,71,1,-130957.842097,1.734710e-12,4,4,3.5,f,-0.5,-1,1,1,0.5,e,+0.5,-1
sigma+,pi,107,38,-130957.513671,1.134026e-01,5,5,4.5,f,-3.5,+1,3,3,2.5,f,-2.5,+1
sigma+,pi,108,39,-130957.493569,1.416186e-01,5,5,4.5,f,-2.5,+1,3,3,2.5,f,-1.5,+1
sigma+,pi,109,40,-130957.473479,1.212729e-01,5,5,4.5,f,-1.5,+1,3,3,2.5,f,-0.5,+1
sigma+,pi,110,41,-130957.453403,8.077292e-02,5,5,4.5,f,-0.5,+1,3,3,2.5,f,+0.5,+1
sigma+,pi,111,42,-130957.433340,4.034890e-02,5,5,4.5,f,+0.5,+1,3,3,2.5,f,+1.5,+1
sigma+,pi,112,43,-130957.413290,1.209349e-02,5,5,4.5,f,+1.5,+1,3,3,2.5,f,+2.5,+1
sigma+,pi,130,38,-130953.959261,2.270544e-08,5,5,5.5,f,-3.5,+1,3,3,2.5,f,-2.5,+1
sigma+,pi,131,39,-130953.932505,3.781972e-08,5,5,5.5,f,-2.5,+1,3,3,2.5,f,-1.5,+1
sigma+,pi,132,40,-130953.905775,3.779589e-08,5,5,5.5,f,-1.5,+1,3,3,2.5,f,-0.5,+1
sigma+,pi,133,41,-130953.879070,2.697923e-08,5,5,5.5,f,-0.5,+1,3,3,2.5,f,+0.5,+1
sigma+,pi,134,42,-130953.852390,1.348031e-08,5,5,5.5,f,+0.5,+1,3,3,2.5,f,+1.5,+1
sigma+,pi,135,43,-130953.825736,3.771771e-09,5,5,5.5,f,+1.5,+1,3,3,2.5,f,+2.5,+1
sigma+,pi,96,44,-130915.662192,1.764906e-03,5,5,4.5,e,-4.5,-1,3,3,3.5,e,-3.5,-1
sigma+,pi,97,45,-130915.657816,2.531361e-04,5,5,4.5,e,-3.5,-1,3,3,3.5,e,-2.5,-1
sigma+,pi,98,46,-130915.653411,1.984410e-05,5,5,4.5,e,-2.5,-1,3,3,3.5,e,-1.5,-1
sigma+,pi,99,47,-130915.648977,3.653034e-04,5,5,4.5,e,-1.5,-1,3,3,3.5,e,-0.5,-1
sigma+,pi,100,48,-130915.644514,7.888941e-04,5,5,4.5,e,-0.5,-1,3,3,3.5,e,+0.5,-1
sigma+,pi,101,49,-130915.640023,9.850988e-04,5,5,4.5,e,+0.5,-1,3,3,3.5,e,+1.5,-1
sigma+,pi,102,50,-130915.635503,8.396182e-04,5,5,4.5,e,+1.5,-1,3,3,3.5,e,+2.5,-1
sigma+,pi,103,51,-130915.630956,4.256035e-04,5,5,4.5,e,+2.5,-1,3,3,3.5,e,+3.5,-1
sigma+,pi,61,8,-130914.909827,7.067009e-11,4,4,3.5,e,-2.5,+1,1,1,1.5,f,-1.5,+1
sigma+,pi,62,9,-130914.836535,6.959899e-11,4,4,3.5,e,-1.5,+1,1,1,1.5,f,-0.5,+1
sigma+,pi,63,10,-130914.762719,4.113026e-11,4,4,3.5,e,-0.5,+1,1,1,1.5,f,+0.5,+1
sigma+,pi,64,11,-130914.688393,1.350473e-11,4,4,3.5,e,+0.5,+1,1,1,1.5,f,+1.5,+1
sigma+,pi,117,44,-130912.116791,1.732944e-02,5,5,5.5,e,-4.5,-1,3,3,3.5,e,-3.5,-1
sigma+,pi,118,45,-130912.105218,2.428948e-02,5,5,5.5,e,-3.5,-1,3,3,3.5,e,-2.5,-1
sigma+,pi,119,46,-130912.093631,2.431758e-02,5,5,5.5,e,-2.5,-1,3,3,3.5,e,-1.5,-1
sigma+,pi,120,47,-130912.082028,2.028792e-02,5,5,5.5,e,-1.5,-1,3,3,3.5,e,-0.5,-1
sigma+,pi,121,48,-130912.070412,1.450790e-02,5,5,5.5,e,-0.5,-1,3,3,3.5,e,+0.5,-1
sigma+,pi,122,49,-130912.058781,8.714601e-03,5,5,5.5,e,+0.5,-1,3,3,3.5,e,+1.5,-1
sigma+,pi,123,50,-130912.047137,4.071388e-03,5,5,5.5,e,+1.5,-1,3,3,3.5,e,+2.5,-1
sigma+,pi,124,51,-130912.035478,1.164553e-03,5,5,5.5,e,+2.5,-1,3,3,3.5,e,+3.5,-1
sigma+,pi,97,32,-130909.900909,2.002781e-02,5,5,4.5,e,-3.5,-1,3,3,2.5,e,-2.5,-1
sigma+,pi,98,33,-130909.880655,2.501001e-02,5,5,4.5,e,-2.5,-1,3,3,2.5,e,-1.5,-1
sigma+,pi,99,34,-130909.860416,2.141611e-02,5,5,4.5,e,-1.5,-1,3,3,2.5,e,-0.5,-1
sigma+,pi,100,35,-130909.840192,1.426349e-02,5,5,4.5,e,-0.5,-1,3,3,2.5,e,+0.5,-1
sigma+,pi,101,36,-130909.819982,7.124845e-03,5,5,4.5,e,+0.5,-1,3,3,2.5,e,+1.5,-1
sigma+,pi,102,37,-130909.799786,2.135400e-03,5,5,4.5,e,+1.5,-1,3,3,2.5,e,+2.5,-1
sigma+,pi,118,32,-130906.348311,6.426733e-09,5,5,5.5,e,-3.5,-1,3,3,2.5,e,-2.5,-1
sigma+,pi,119,33,-130906.320875,1.068979e-08,5,5,5.5,e,-2.5,-1,3,3,2.5,e,-1.5,-1
sigma+,pi,120,34,-130906.293468,1.066822e-08,5,5,5.5,e,-1.5,-1,3,3,2.5,e,-0.5,-1
sigma+,pi,121,35,-130906.266090,7.604644e-09,5,5,5.5,e,-0.5,-1,3,3,2.5,e,+0.5,-1
sigma+,pi,122,36,-130906.238740,3.794519e-09,5,5,5.5,e,+0.5,-1,3,3,2.5,e,+1.5,-1
sigma+,pi,123,37,-130906.211419,1.060268e-09,5,5,5.5,e,+1.5,-1,3,3,2.5,e,+2.5,-1
sigma+,pi,68,26,-101863.563294,1.335857e-02,4,4,3.5,f,-3.5,-1,2,2,2.5,f,-2.5,-1
sigma+,pi,69,27,-101863.546689,3.790443e-04,4,4,3.5,f,-2.5,-1,2,2,2.5,f,-1.5,-1
sigma+,pi,70,28,-101863.530013,2.264112e-03,4,4,3.5,f,-1.5,-1,2,2,2.5,f,-0.5,-1
sigma+,pi,71,29,-101863.513267,7.350853e-03,4,4,3.5,f,-0.5,-1,2,2,2.5,f,+0.5,-1
sigma+,pi,72,30,-101863.496452,9.022339e-03,4,4,3.5,f,+0.5,-1,2,2,2.5,f,+1.5,-1
sigma+,pi,73,31,-101863.479569,5.559683e-03,4,4,3.5,f,+1.5,-1,2,2,2.5,f,+2.5,-1
sigma+,pi,87,26,-101859.160183,1.046955e-01,4,4,4.5,f,-3.5,-1,2,2,2.5,f,-2.5,-1
sigma+,pi,88,27,-101859.134255,1.310911e-01,4,4,4.5,f,-2.5,-1,2,2,2.5,f,-1.5,-1
sigma+,pi,89,28,-101859.108275,1.125526e-01,4,4,4.5,f,-1.5,-1,2,2,2.5,f,-0.5,-1
sigma+,pi,90,29,-101859.082246,7.516013e-02,4,4,4.5,f,-0.5,-1,2,2,2.5,f,+0.5,-1
sigma+,pi,91,30,-101859.056166,3.764221e-02,4,4,4.5,f,+0.5,-1,2,2,2.5,f,+1.5,-1
sigma+,pi,92,31,-101859.030038,1.131119e-02,4,4,4.5,f,+1.5,-1,2,2,2.5,f,+2.5,-1
sigma+,pi,69,16,-101855.264065,1.214682e-01,4,4,3.5,f,-2.5,-1,2,2,1.5,f,-1.5,-1
sigma+,pi,70,17,-101855.215753,1.212622e-01,4,4,3.5,f,-1.5,-1,2,2,1.5,f,-0.5,-1
sigma+,pi,71,18,-101855.167491,7.263514e-02,4,4,3.5,f,-0.5,-1,2,2,1.5,f,+0.5,-1
sigma+,pi,72,19,-101855.119280,2.417144e-02,4,4,3.5,f,+0.5,-1,2,2,1.5,f,+1.5,-1
sigma+,pi,88,16,-101850.851631,8.532256e-11,4,4,4.5,f,-2.5,-1,2,2,1.5,f,-1.5,-1
sigma+,pi,89,17,-101850.794015,8.283285e-11,4,4,4.5,f,-1.5,-1,2,2,1.5,f,-0.5,-1
sigma+,pi,90,18,-101850.736470,4.006765e-11,4,4,4.5,f,-0.5,-1,2,2,1.5,f,+0.5,-1
sigma+,pi,91,19,-101850.678994,9.179356e-12,4,4,4.5,f,+0.5,-1,2,2,1.5,f,+1.5,-1
sigma+,pi,60,20,-101826.527865,2.349066e-03,4,4,3.5,e,-3.5,+1,2,2,2.5,e,-2.5,+1
sigma+,pi,61,21,-101826.512168,6.692706e-05,4,4,3.5,e,-2.5,+1,2,2,2.5,e,-1.5,+1
sigma+,pi,62,22,-101826.496394,3.969111e-04,4,4,3.5,e,-1.5,+1,2,2,2.5,e,-0.5,+1
sigma+,pi,63,23,-101826.480545,1.289779e-03,4,4,3.5,e,-0.5,+1,2,2,2.5,e,+0.5,+1
sigma+,pi,64,24,-101826.464621,1.583295e-03,4,4,3.5,e,+0.5,+1,2,2,2.5,e,+1.5,+1
sigma+,pi,65,25,-101826.448623,9.756543e-04,4,4,3.5,e,+1.5,+1,2,2,2.5,e,+2.5,+1
sigma+,pi,77,20,-101822.126980,1.848671e-02,4,4,4.5,e,-3.5,+1,2,2,2.5,e,-2.5,+1
sigma+,pi,78,21,-101822.101313,2.315047e-02,4,4,4.5,e,-2.5,+1,2,2,2.5,e,-1.5,+1
sigma+,pi,79,22,-101822.075591,1.987908e-02,4,4,4.5,e,-1.5,+1,2,2,2.5,e,-0.5,+1
sigma+,pi,80,23,-101822.049816,1.327645e-02,4,4,4.5,e,-0.5,+1,2,2,2.5,e,+0.5,+1
sigma+,pi,81,24,-101822.023988,6.650010e-03,4,4,4.5,e,+0.5,+1,2,2,2.5,e,+1.5,+1
sigma+,pi,82,25,-101821.998108,1.998515e-03,4,4,4.5,e,+1.5,+1,2,2,2.5,e,+2.5,+1
sigma+,pi,61,12,-101818.231252,2.145519e-02,4,4,3.5,e,-2.5,+1,2,2,1.5,e,-1.5,+1
sigma+,pi,62,13,-101818.182683,2.141797e-02,4,4,3.5,e,-1.5,+1,2,2,1.5,e,-0.5,+1
sigma+,pi,63,14,-101818.134168,1.282872e-02,4,4,3.5,e,-0.5,+1,2,2,1.5,e,+0.5,+1
sigma+,pi,64,15,-101818.085705,4.268971e-03,4,4,3.5,e,+0.5,+1,2,2,1.5,e,+1.5,+1
sigma+,pi,78,12,-101813.820397,2.058335e-10,4,4,4.5,e,-2.5,+1,2,2,1.5,e,-1.5,+1
sigma+,pi,79,13,-101813.761880,2.815009e-10,4,4,4.5,e,-1.5,+1,2,2,1.5,e,-0.5,+1
sigma+,pi,80,14,-101813.703438,1.990230e-10,4,4,4.5,e,-0.5,+1,2,2,1.5,e,+0.5,+1
sigma+,pi,81,15,-101813.645072,7.016049e-11,4,4,4.5,e,+0.5,+1,2,2,1.5,e,+1.5,+1
sigma+,pi,114,85,-72811.404885,6.024787e-03,5,5,4.5,f,+3.5,+1,4,4,4.5,e,+4.5,+1
sigma+,pi,113,84,-72811.404871,6.047993e-03,5,5,4.5,f,+2.5,+1,4,4,4.5,e,+3.5,+1
sigma+,pi,112,83,-72811.404840,3.541343e-03,5,5,4.5,f,+1.5,+1,4,4,4.5,e,+2.5,+1
sigma+,pi,111,82,-72811.404793,1.015306e-03,5,5,4.5,f,+0.5,+1,4,4,4.5,e,+1.5,+1
sigma+,pi,110,81,-72811.404728,2.888089e-10,5,5,4.5,f,-0.5,+1,4,4,4.5,e,+0.5,+1
sigma+,pi,109,80,-72811.404646,1.025592e-03,5,5,4.5,f,-1.5,+1,4,4,4.5,e,-0.5,+1
sigma+,pi,108,79,-72811.404547,3.602176e-03,5,5,4.5,f,-2.5,+1,4,4,4.5,e,-1.5,+1
sigma+,pi,107,78,-72811.404430,6.199116e-03,5,5,4.5,f,-3.5,+1,4,4,4.5,e,-2.5,+1
sigma+,pi,106,77,-72811.404296,6.223829e-03,5,5,4.5,f,-4.5,+1,4,4,4.5,e,-3.5,+1
sigma+,pi,128,76,-72807.863078,1.681675e-01,5,5,5.5,f,-5.5,+1,4,4,4.5,e,-4.5,+1
sigma+,pi,129,77,-72807.856552,4.263874e-02,5,5,5.5,f,-4.5,+1,4,4,4.5,e,-3.5,+1
sigma+,pi,130,78,-72807.850020,1.403508e-03,5,5,5.5,f,-3.5,+1,4,4,4.5,e,-2.5,+1
sigma+,pi,131,79,-72807.843483,9.395776e-03,5,5,5.5,f,-2.5,+1,4,4,4.5,e,-1.5,+1
sigma+,pi,132,80,-72807.836941,3.865713e-02,5,5,5.5,f,-1.5,+1,4,4,4.5,e,-0.5,+1
sigma+,pi,133,81,-72807.830394,6.837391e-02,5,5,5.5,f,-0.5,+1,4,4,4.5,e,+0.5,+1
sigma+,pi,134,82,-72807.823843,8.491378e-02,5,5,5.5,f,+0.5,+1,4,4,4.5,e,+1.5,+1
sigma+,pi,135,83,-72807.817286,8.186165e-02,5,5,5.5,f,+1.5,+1,4,4,4.5,e,+2.5,+1
sigma+,pi,136,84,-72807.810725,6.005506e-02,5,5,5.5,f,+2.5,+1,4,4,4.5,e,+3.5,+1
sigma+,pi,137,85,-72807.804159,2.761899e-02,5,5,5.5,f,+3.5,+1,4,4,4.5,e,+4.5,+1
sigma+,pi,106,60,-72807.003412,1.494646e-01,5,5,4.5,f,-4.5,+1,4,4,3.5,e,-3.5,+1
sigma+,pi,107,61,-72806.993575,2.122231e-02,5,5,4.5,f,-3.5,+1,4,4,3.5,e,-2.5,+1
sigma+,pi,108,62,-72806.983743,1.834375e-03,5,5,4.5,f,-2.5,+1,4,4,3.5,e,-1.5,+1
sigma+,pi,109,63,-72806.973916,3.201175e-02,5,5,4.5,f,-1.5,+1,4,4,3.5,e,-0.5,+1
sigma+,pi,110,64,-72806.964095,6.892402e-02,5,5,4.5,f,-0.5,+1,4,4,3.5,e,+0.5,+1
sigma+,pi,111,65,-72806.954278,8.613871e-02,5,5,4.5,f,+0.5,+1,4,4,3.5,e,+1.5,+1
sigma+,pi,112,66,-72806.944466,7.356176e-02,5,5,4.5,f,+1.5,+1,4,4,3.5,e,+2.5,+1
sigma+,pi,113,67,-72806.934659,3.737920e-02,5,5,4.5,f,+2.5,+1,4,4,3.5,e,+3.5,+1
sigma+,pi,129,60,-72803.455667,3.458405e-03,5,5,5.5,f,-4.5,+1,4,4,3.5,e,-3.5,+1
sigma+,pi,130,61,-72803.439165,4.820549e-03,5,5,5.5,f,-3.5,+1,4,4,3.5,e,-2.5,+1
sigma+,pi,131,62,-72803.422679,4.799471e-03,5,5,5.5,f,-2.5,+1,4,4,3.5,e,-1.5,+1
sigma+,pi,132,63,-72803.406212,3.982111e-03,5,5,5.5,f,-1.5,+1,4,4,3.5,e,-0.5,+1
sigma+,pi,133,64,-72803.389761,2.831984e-03,5,5,5.5,f,-0.5,+1,4,4,3.5,e,+0.5,+1
sigma+,pi,134,65,-72803.373328,1.691810e-03,5,5,5.5,f,+0.5,+1,4,4,3.5,e,+1.5,+1
sigma+,pi,135,66,-72803.356912,7.860901e-04,5,5,5.5,f,+1.5,+1,4,4,3.5,e,+2.5,+1
sigma+,pi,136,67,-72803.340513,2.236260e-04,5,5,5.5,f,+2.5,+1,4,4,3.5,e,+3.5,+1
sigma+,pi,38,8,-72764.389731,1.646652e-02,3,3,2.5,f,-2.5,+1,1,1,1.5,f,-1.5,+1
sigma+,pi,39,9,-72764.326709,1.121729e-03,3,3,2.5,f,-1.5,+1,1,1,1.5,f,-0.5,+1
sigma+,pi,40,10,-72764.263156,1.356777e-02,3,3,2.5,f,-0.5,+1,1,1,1.5,f,+0.5,+1
sigma+,pi,41,11,-72764.199085,1.444161e-02,3,3,2.5,f,+0.5,+1,1,1,1.5,f,+1.5,+1
sigma+,pi,53,8,-72758.630782,9.685475e-02,3,3,3.5,f,-2.5,+1,1,1,1.5,f,-1.5,+1
sigma+,pi,54,9,-72758.552742,9.719132e-02,3,3,3.5,f,-1.5,+1,1,1,1.5,f,-0.5,+1
sigma+,pi,55,10,-72758.474211,5.851530e-02,3,3,3.5,f,-0.5,+1,1,1,1.5,f,+0.5,+1
sigma+,pi,56,11,-72758.395200,1.957146e-02,3,3,3.5,f,+0.5,+1,1,1,1.5,f,+1.5,+1
sigma+,pi,39,2,-72749.339752,1.056478e-01,3,3,2.5,f,-1.5,+1,1,1,0.5,f,-0.5,+1
sigma+,pi,40,3,-72749.152886,5.257792e-02,3,3,2.5,f,-0.5,+1,1,1,0.5,f,+0.5,+1
sigma+,pi,54,2,-72743.565785,2.314277e-07,3,3,3.5,f,-1.5,+1,1,1,0.5,f,-0.5,+1
sigma+,pi,55,3,-72743.363941,1.341315e-07,3,3,3.5,f,-0.5,+1,1,1,0.5,f,+0.5,+1
sigma+,pi,32,4,-72737.934394,2.895022e-03,3,3,2.5,e,-2.5,-1,1,1,1.5,e,-1.5,-1
sigma+,pi,33,5,-72737.872763,1.965486e-04,3,3,2.5,e,-1.5,-1,1,1,1.5,e,-0.5,-1
sigma+,pi,34,6,-72737.810582,2.381714e-03,3,3,2.5,e,-0.5,-1,1,1,1.5,e,+0.5,-1
sigma+,pi,35,7,-72737.747866,2.535409e-03,3,3,2.5,e,+0.5,-1,1,1,1.5,e,+1.5,-1
sigma+,pi,45,4,-72732.177487,1.710497e-02,3,3,3.5,e,-2.5,-1,1,1,1.5,e,-1.5,-1
sigma+,pi,46,5,-72732.100007,1.716802e-02,3,3,3.5,e,-1.5,-1,1,1,1.5,e,-0.5,-1
sigma+,pi,47,6,-72732.022022,1.033835e-02,3,3,3.5,e,-0.5,-1,1,1,1.5,e,+0.5,-1
sigma+,pi,48,7,-72731.943544,3.458537e-03,3,3,3.5,e,+0.5,-1,1,1,1.5,e,+1.5,-1
sigma+,pi,33,0,-72722.886735,1.867090e-02,3,3,2.5,e,-1.5,-1,1,1,0.5,e,-0.5,-1
sigma+,pi,34,1,-72722.699324,9.291871e-03,3,3,2.5,e,-0.5,-1,1,1,0.5,e,+0.5,-1
sigma+,pi,46,0,-72717.113979,3.394603e-08,3,3,3.5,e,-1.5,-1,1,1,0.5,e,-0.5,-1
sigma+,pi,47,1,-72716.910763,1.961972e-08,3,3,3.5,e,-0.5,-1,1,1,0.5,e,+0.5,-1
sigma+,pi,104,95,-72679.177394,7.078325e-04,5,5,4.5,e,+3.5,-1,4,4,4.5,f,+4.5,-1
sigma+,pi,103,94,-72679.171681,7.091932e-04,5,5,4.5,e,+2.5,-1,4,4,4.5,f,+3.5,-1
sigma+,pi,102,93,-72679.165952,4.140601e-04,5,5,4.5,e,+1.5,-1,4,4,4.5,f,+2.5,-1
sigma+,pi,101,92,-72679.160206,1.179089e-04,5,5,4.5,e,+0.5,-1,4,4,4.5,f,+1.5,-1
sigma+,pi,100,91,-72679.154444,4.965368e-09,5,5,4.5,e,-0.5,-1,4,4,4.5,f,+0.5,-1
sigma+,pi,99,90,-72679.148664,1.216557e-04,5,5,4.5,e,-1.5,-1,4,4,4.5,f,-0.5,-1
sigma+,pi,98,89,-72679.142868,4.244207e-04,5,5,4.5,e,-2.5,-1,4,4,4.5,f,-1.5,-1
sigma+,pi,97,88,-72679.137055,7.282797e-04,5,5,4.5,e,-3.5,-1,4,4,4.5,f,-2.5,-1
sigma+,pi,96,87,-72679.131224,7.297570e-04,5,5,4.5,e,-4.5,-1,4,4,4.5,f,-3.5,-1
sigma+,pi,116,86,-72675.587188,1.970429e-02,5,5,5.5,e,-5.5,-1,4,4,4.5,f,-4.5,-1
sigma+,pi,117,87,-72675.585824,4.996292e-03,5,5,5.5,e,-4.5,-1,4,4,4.5,f,-3.5,-1
sigma+,pi,118,88,-72675.584457,1.644925e-04,5,5,5.5,e,-3.5,-1,4,4,4.5,f,-2.5,-1
sigma+,pi,119,89,-72675.583088,1.100930e-03,5,5,5.5,e,-2.5,-1,4,4,4.5,f,-1.5,-1
sigma+,pi,120,90,-72675.581716,4.529916e-03,5,5,5.5,e,-1.5,-1,4,4,4.5,f,-0.5,-1
sigma+,pi,121,91,-72675.580341,8.012565e-03,5,5,5.5,e,-0.5,-1,4,4,4.5,f,+0.5,-1
sigma+,pi,122,92,-72675.578965,9.951238e-03,5,5,5.5,e,+0.5,-1,4,4,4.5,f,+1.5,-1
sigma+,pi,123,93,-72675.577585,9.593921e-03,5,5,5.5,e,+1.5,-1,4,4,4.5,f,+2.5,-1
sigma+,pi,124,94,-72675.576203,7.038521e-03,5,5,5.5,e,+2.5,-1,4,4,4.5,f,+3.5,-1
sigma+,pi,125,95,-72675.574819,3.237093e-03,5,5,5.5,e,+3.5,-1,4,4,4.5,f,+4.5,-1
sigma+,pi,96,68,-72674.728113,1.752440e-02,5,5,4.5,e,-4.5,-1,4,4,3.5,f,-3.5,-1
sigma+,pi,97,69,-72674.724620,2.488168e-03,5,5,4.5,e,-3.5,-1,4,4,3.5,f,-2.5,-1
sigma+,pi,98,70,-72674.721130,2.151637e-04,5,5,4.5,e,-2.5,-1,4,4,3.5,f,-1.5,-1
sigma+,pi,99,71,-72674.717643,3.753958e-03,5,5,4.5,e,-1.5,-1,4,4,3.5,f,-0.5,-1
sigma+,pi,100,72,-72674.714158,8.082526e-03,5,5,4.5,e,-0.5,-1,4,4,3.5,f,+0.5,-1
sigma+,pi,101,73,-72674.710675,1.010134e-02,5,5,4.5,e,+0.5,-1,4,4,3.5,f,+1.5,-1
sigma+,pi,102,74,-72674.707195,8.626582e-03,5,5,4.5,e,+1.5,-1,4,4,3.5,f,+2.5,-1
sigma+,pi,103,75,-72674.703717,4.383527e-03,5,5,4.5,e,+2.5,-1,4,4,3.5,f,+3.5,-1
sigma+,pi,117,68,-72671.182713,4.073040e-04,5,5,5.5,e,-4.5,-1,4,4,3.5,f,-3.5,-1
sigma+,pi,118,69,-72671.172023,5.660590e-04,5,5,5.5,e,-3.5,-1,4,4,3.5,f,-2.5,-1
sigma+,pi,119,70,-72671.161350,5.619323e-04,5,5,5.5,e,-2.5,-1,4,4,3.5,f,-1.5,-1
sigma+,pi,120,71,-72671.150694,4.648708e-04,5,5,5.5,e,-1.5,-1,4,4,3.5,f,-0.5,-1
sigma+,pi,121,72,-72671.140055,3.296408e-04,5,5,5.5,e,-0.5,-1,4,4,3.5,f,+0.5,-1
sigma+,pi,122,73,-72671.129434,1.963523e-04,5,5,5.5,e,+0.5,-1,4,4,3.5,f,+1.5,-1
sigma+,pi,123,74,-72671.118828,9.096904e-05,5,5,5.5,e,+1.5,-1,4,4,3.5,f,+2.5,-1
sigma+,pi,124,75,-72671.108240,2.580378e-05,5,5,5.5,e,+2.5,-1,4,4,3.5,f,+3.5,-1
sigma+,pi,68,45,-58240.906859,1.257769e-02,4,4,3.5,f,-3.5,-1,3,3,3.5,e,-2.5,-1
sigma+,pi,69,46,-58240.905954,9.534722e-03,4,4,3.5,f,-2.5,-1,3,3,3.5,e,-1.5,-1
sigma+,pi,70,47,-58240.905017,2.964118e-03,4,4,3.5,f,-1.5,-1,3,3,3.5,e,-0.5,-1
sigma+,pi,71,48,-58240.904050,2.489754e-10,4,4,3.5,f,-0.5,-1,3,3,3.5,e,+0.5,-1
sigma+,pi,72,49,-58240.903051,2.938593e-03,4,4,3.5,f,+0.5,-1,3,3,3.5,e,+1.5,-1
sigma+,pi,73,50,-58240.902021,9.355411e-03,4,4,3.5,f,+1.5,-1,3,3,3.5,e,+2.5,-1
sigma+,pi,74,51,-58240.900960,1.221881e-02,4,4,3.5,f,+2.5,-1,3,3,3.5,e,+3.5,-1
sigma+,pi,86,44,-58236.513964,1.733172e-01,4,4,4.5,f,-4.5,-1,3,3,3.5,e,-3.5,-1
sigma+,pi,87,45,-58236.503748,2.495511e-02,4,4,4.5,f,-3.5,-1,3,3,3.5,e,-2.5,-1
sigma+,pi,88,46,-58236.493520,1.991600e-03,4,4,4.5,f,-2.5,-1,3,3,3.5,e,-1.5,-1
sigma+,pi,89,47,-58236.483280,3.659178e-02,4,4,4.5,f,-1.5,-1,3,3,3.5,e,-0.5,-1
sigma+,pi,90,48,-58236.473028,7.939251e-02,4,4,4.5,f,-0.5,-1,3,3,3.5,e,+0.5,-1
sigma+,pi,91,49,-58236.462765,9.964928e-02,4,4,4.5,f,+0.5,-1,3,3,3.5,e,+1.5,-1
sigma+,pi,92,50,-58236.452490,8.538044e-02,4,4,4.5,f,+1.5,-1,3,3,3.5,e,+2.5,-1
sigma+,pi,93,51,-58236.442203,4.350868e-02,4,4,4.5,f,+2.5,-1,3,3,3.5,e,+3.5,-1
sigma+,pi,68,32,-58235.149952,1.427654e-01,4,4,3.5,f,-3.5,-1,3,3,2.5,e,-2.5,-1
sigma+,pi,69,33,-58235.133198,3.990909e-03,4,4,3.5,f,-2.5,-1,3,3,2.5,e,-1.5,-1
sigma+,pi,70,34,-58235.116457,2.476114e-02,4,4,3.5,f,-1.5,-1,3,3,2.5,e,-0.5,-1
sigma+,pi,71,35,-58235.099727,8.040847e-02,4,4,3.5,f,-0.5,-1,3,3,2.5,e,+0.5,-1
sigma+,pi,72,36,-58235.083009,9.904586e-02,4,4,3.5,f,+0.5,-1,3,3,2.5,e,+1.5,-1
sigma+,pi,73,37,-58235.066303,6.129150e-02,4,4,3.5,f,+1.5,-1,3,3,2.5,e,+2.5,-1
sigma+,pi,87,32,-58230.746841,7.447680e-03,4,4,4.5,f,-3.5,-1,3,3,2.5,e,-2.5,-1
sigma+,pi,88,33,-58230.720764,9.266564e-03,4,4,4.5,f,-2.5,-1,3,3,2.5,e,-1.5,-1
sigma+,pi,89,34,-58230.694719,7.906141e-03,4,4,4.5,f,-1.5,-1,3,3,2.5,e,-0.5,-1
sigma+,pi,90,35,-58230.668706,5.246514e-03,4,4,4.5,f,-0.5,-1,3,3,2.5,e,+0.5,-1
sigma+,pi,91,36,-58230.642723,2.611219e-03,4,4,4.5,f,+0.5,-1,3,3,2.5,e,+1.5,-1
sigma+,pi,92,37,-58230.616772,7.797797e-04,4,4,4.5,f,+1.5,-1,3,3,2.5,e,+2.5,-1
sigma+,pi,66,59,-58156.277599,7.093343e-04,4,4,3.5,e,+2.5,+1,3,3,3.5,f,+3.5,+1
sigma+,pi,65,58,-58156.272992,5.421844e-04,4,4,3.5,e,+1.5,+1,3,3,3.5,f,+2.5,+1
sigma+,pi,64,57,-58156.268356,1.696928e-04,4,4,3.5,e,+0.5,+1,3,3,3.5,f,+1.5,+1
sigma+,pi,63,56,-58156.263690,1.184682e-09,4,4,3.5,e,-0.5,+1,3,3,3.5,f,+0.5,+1
sigma+,pi,62,55,-58156.258993,1.728488e-04,4,4,3.5,e,-1.5,+1,3,3,3.5,f,-0.5,+1
sigma+,pi,61,54,-58156.254266,5.540097e-04,4,4,3.5,e,-2.5,+1,3,3,3.5,f,-1.5,+1
sigma+,pi,60,53,-58156.249508,7.295647e-04,4,4,3.5,e,-3.5,+1,3,3,3.5,f,-2.5,+1
sigma+,pi,76,52,-58151.853828,1.000892e-02,4,4,4.5,e,-4.5,+1,3,3,3.5,f,-3.5,+1
sigma+,pi,77,53,-58151.848624,1.441256e-03,4,4,4.5,e,-3.5,+1,3,3,3.5,f,-2.5,+1
sigma+,pi,78,54,-58151.843411,1.150012e-04,4,4,4.5,e,-2.5,+1,3,3,3.5,f,-1.5,+1
sigma+,pi,79,55,-58151.838190,2.113329e-03,4,4,4.5,e,-1.5,+1,3,3,3.5,f,-0.5,+1
sigma+,pi,80,56,-58151.832960,4.585542e-03,4,4,4.5,e,-0.5,+1,3,3,3.5,f,+0.5,+1
sigma+,pi,81,57,-58151.827723,5.755836e-03,4,4,4.5,e,+0.5,+1,3,3,3.5,f,+1.5,+1
sigma+,pi,82,58,-58151.822477,4.931900e-03,4,4,4.5,e,+1.5,+1,3,3,3.5,f,+2.5,+1
sigma+,pi,83,59,-58151.817224,2.513348e-03,4,4,4.5,e,+2.5,+1,3,3,3.5,f,+3.5,+1
sigma+,pi,60,38,-58150.490559,8.254074e-03,4,4,3.5,e,-3.5,+1,3,3,2.5,f,-2.5,+1
sigma+,pi,61,39,-58150.480299,2.306734e-04,4,4,3.5,e,-2.5,+1,3,3,2.5,f,-1.5,+1
sigma+,pi,62,40,-58150.470048,1.431921e-03,4,4,3.5,e,-1.5,+1,3,3,2.5,f,-0.5,+1
sigma+,pi,63,41,-58150.459805,4.649744e-03,4,4,3.5,e,-0.5,+1,3,3,2.5,f,+0.5,+1
sigma+,pi,64,42,-58150.449570,5.727487e-03,4,4,3.5,e,+0.5,+1,3,3,2.5,f,+1.5,+1
sigma+,pi,65,43,-58150.439343,3.544319e-03,4,4,3.5,e,+1.5,+1,3,3,2.5,f,+2.5,+1
sigma+,pi,77,38,-58146.089675,4.316644e-04,4,4,4.5,e,-3.5,+1,3,3,2.5,f,-2.5,+1
sigma+,pi,78,39,-58146.069444,5.358373e-04,4,4,4.5,e,-2.5,+1,3,3,2.5,f,-1.5,+1
sigma+,pi,79,40,-58146.049244,4.561120e-04,4,4,4.5,e,-1.5,+1,3,3,2.5,f,-0.5,+1
sigma+,pi,80,41,-58146.029075,3.019773e-04,4,4,4.5,e,-0.5,+1,3,3,2.5,f,+0.5,+1
sigma+,pi,81,42,-58146.008936,1.499501e-04,4,4,4.5,e,+0.5,+1,3,3,2.5,f,+1.5,+1
sigma+,pi,82,43,-58145.988828,4.467651e-05,4,4,4.5,e,+1.5,+1,3,3,2.5,f,+2.5,+1
sigma+,pi,38,21,-43675.992071,3.074013e-02,3,3,2.5,f,-2.5,+1,2,2,2.5,e,-1.5,+1
sigma+,pi,39,22,-43675.986569,1.219642e-02,3,3,2.5,f,-1.5,+1,2,2,2.5,e,-0.5,+1
sigma+,pi,40,23,-43675.980982,1.455786e-08,3,3,2.5,f,-0.5,+1,2,2,2.5,e,+0.5,+1
sigma+,pi,41,24,-43675.975313,1.207612e-02,3,3,2.5,f,+0.5,+1,2,2,2.5,e,+1.5,+1
sigma+,pi,42,25,-43675.969561,2.995056e-02,3,3,2.5,f,+1.5,+1,2,2,2.5,e,+2.5,+1
sigma+,pi,52,20,-43670.253597,1.767665e-01,3,3,3.5,f,-3.5,+1,2,2,2.5,e,-2.5,+1
sigma+,pi,53,21,-43670.233122,5.210486e-03,3,3,3.5,f,-2.5,+1,2,2,2.5,e,-1.5,+1
sigma+,pi,54,22,-43670.212602,2.990864e-02,3,3,3.5,f,-1.5,+1,2,2,2.5,e,-0.5,+1
sigma+,pi,55,23,-43670.192037,9.865746e-02,3,3,3.5,f,-0.5,+1,2,2,2.5,e,+0.5,+1
sigma+,pi,56,24,-43670.171428,1.223910e-01,3,3,3.5,f,+0.5,+1,2,2,2.5,e,+1.5,+1
sigma+,pi,57,25,-43670.150774,7.614515e-02,3,3,3.5,f,+1.5,+1,2,2,2.5,e,+2.5,+1
sigma+,pi,38,12,-43667.711156,1.203614e-01,3,3,2.5,f,-2.5,+1,2,2,1.5,e,-1.5,+1
sigma+,pi,39,13,-43667.672858,8.279125e-03,3,3,2.5,f,-1.5,+1,2,2,1.5,e,-0.5,+1
sigma+,pi,40,14,-43667.634605,1.012778e-01,3,3,2.5,f,-0.5,+1,2,2,1.5,e,+0.5,+1
sigma+,pi,41,15,-43667.596397,1.089438e-01,3,3,2.5,f,+0.5,+1,2,2,1.5,e,+1.5,+1
sigma+,pi,53,12,-43661.952207,2.045637e-02,3,3,3.5,f,-2.5,+1,2,2,1.5,e,-1.5,+1
sigma+,pi,54,13,-43661.898891,2.035417e-02,3,3,3.5,f,-1.5,+1,2,2,1.5,e,-0.5,+1
sigma+,pi,55,14,-43661.845660,1.215165e-02,3,3,3.5,f,-0.5,+1,2,2,1.5,e,+0.5,+1
sigma+,pi,56,15,-43661.792512,4.030419e-03,3,3,3.5,f,+0.5,+1,2,2,1.5,e,+1.5,+1
sigma+,pi,33,28,-43628.370488,1.262604e-04,3,3,2.5,e,-1.5,-1,2,2,2.5,f,-0.5,-1
sigma+,pi,35,30,-43628.370418,1.246291e-04,3,3,2.5,e,+0.5,-1,2,2,2.5,f,+1.5,-1
sigma+,pi,32,27,-43628.370400,3.177145e-04,3,3,2.5,e,-2.5,-1,2,2,2.5,f,-1.5,-1
sigma+,pi,36,31,-43628.370263,3.095954e-04,3,3,2.5,e,+1.5,-1,2,2,2.5,f,+2.5,-1
sigma+,pi,44,26,-43622.629216,1.798914e-03,3,3,3.5,e,-3.5,-1,2,2,2.5,f,-2.5,-1
sigma+,pi,45,27,-43622.613493,5.303065e-05,3,3,3.5,e,-2.5,-1,2,2,2.5,f,-1.5,-1
sigma+,pi,46,28,-43622.597732,3.044147e-04,3,3,3.5,e,-1.5,-1,2,2,2.5,f,-0.5,-1
sigma+,pi,47,29,-43622.581933,1.004225e-03,3,3,3.5,e,-0.5,-1,2,2,2.5,f,+0.5,-1
sigma+,pi,48,30,-43622.566096,1.245893e-03,3,3,3.5,e,+0.5,-1,2,2,2.5,f,+1.5,-1
sigma+,pi,49,31,-43622.550222,7.751805e-04,3,3,3.5,e,+1.5,-1,2,2,2.5,f,+2.5,-1
sigma+,pi,32,16,-43620.087776,1.228601e-03,3,3,2.5,e,-2.5,-1,2,2,1.5,f,-1.5,-1
sigma+,pi,33,17,-43620.056228,8.457776e-05,3,3,2.5,e,-1.5,-1,2,2,1.5,f,-0.5,-1
sigma+,pi,34,18,-43620.024718,1.034128e-03,3,3,2.5,e,-0.5,-1,2,2,1.5,f,+0.5,-1
sigma+,pi,35,19,-43619.993246,1.112337e-03,3,3,2.5,e,+0.5,-1,2,2,1.5,f,+1.5,-1
sigma+,pi,45,16,-43614.330869,2.093230e-04,3,3,3.5,e,-2.5,-1,2,2,1.5,f,-1.5,-1
sigma+,pi,46,17,-43614.283472,2.079091e-04,3,3,3.5,e,-1.5,-1,2,2,1.5,f,-0.5,-1
sigma+,pi,47,18,-43614.236157,1.239059e-04,3,3,3.5,e,-0.5,-1,2,2,1.5,f,+0.5,-1
sigma+,pi,48,19,-43614.188923,4.102499e-05,3,3,3.5,e,+0.5,-1,2,2,1.5,f,+1.5,-1
sigma+,pi,16,5,-29117.741897,1.001167e-01,2,2,1.5,f,-1.5,-1,1,1,1.5,e,-0.5,-1
sigma+,pi,17,6,-29117.711287,2.923118e-07,2,2,1.5,f,-0.5,-1,1,1,1.5,e,+0.5,-1
sigma+,pi,18,7,-29117.680102,9.792177e-02,2,2,1.5,f,+0.5,-1,1,1,1.5,e,+1.5,-1
sigma+,pi,26,4,-29109.521052,1.649726e-01,2,2,2.5,f,-2.5,-1,1,1,1.5,e,-1.5,-1
sigma+,pi,27,5,-29109.459273,1.038648e-02,2,2,2.5,f,-1.5,-1,1,1,1.5,e,-0.5,-1
sigma+,pi,28,6,-29109.397027,1.365676e-01,2,2,2.5,f,-0.5,-1,1,1,1.5,e,+0.5,-1
sigma+,pi,29,7,-29109.334326,1.495967e-01,2,2,2.5,f,+0.5,-1,1,1,1.5,e,+1.5,-1
sigma+,pi,16,0,-29102.755869,4.815670e-02,2,2,1.5,f,-1.5,-1,1,1,0.5,e,-0.5,-1
sigma+,pi,17,1,-29102.600028,1.491950e-01,2,2,1.5,f,-0.5,-1,1,1,0.5,e,+0.5,-1
sigma+,pi,12,9,-29096.575756,1.008001e-03,2,2,1.5,e,-1.5,+1,1,1,1.5,f,-0.5,+1
sigma+,pi,13,10,-29096.550521,1.760236e-09,2,2,1.5,e,-0.5,+1,1,1,1.5,f,+0.5,+1
sigma+,pi,14,11,-29096.524722,9.854054e-04,2,2,1.5,e,+0.5,+1,1,1,1.5,f,+1.5,+1
sigma+,pi,27,0,-29094.473245,8.883722e-02,2,2,2.5,f,-1.5,-1,1,1,0.5,e,-0.5,-1
sigma+,pi,28,1,-29094.285768,4.414392e-02,2,2,2.5,f,-0.5,-1,1,1,0.5,e,+0.5,-1
sigma+,pi,20,8,-29088.352425,1.690855e-03,2,2,2.5,e,-2.5,+1,1,1,1.5,f,-1.5,+1
sigma+,pi,21,9,-29088.294841,1.063725e-04,2,2,2.5,e,-1.5,+1,1,1,1.5,f,-0.5,+1
sigma+,pi,22,10,-29088.236810,1.399654e-03,2,2,2.5,e,-0.5,+1,1,1,1.5,f,+0.5,+1
sigma+,pi,23,11,-29088.178344,1.533515e-03,2,2,2.5,e,+0.5,+1,1,1,1.5,f,+1.5,+1
sigma+,pi,12,2,-29081.588799,4.949647e-04,2,2,1.5,e,-1.5,+1,1,1,0.5,f,-0.5,+1
sigma+,pi,13,3,-29081.440251,1.533087e-03,2,2,1.5,e,-0.5,+1,1,1,0.5,f,+0.5,+1
sigma+,pi,21,2,-29073.307883,9.026335e-04,2,2,2.5,e,-1.5,+1,1,1,0.5,f,-0.5,+1
sigma+,pi,22,3,-29073.126540,4.481595e-04,2,2,2.5,e,-0.5,+1,1,1,0.5,f,+0.5,+1
sigma+,pi,3,11,-15.006440,5.852260e-02,1,1,0.5,f,+0.5,+1,1,1,1.5,f,+1.5,+1
sigma+,pi,1,7,-15.005496,1.034555e-02,1,1,0.5,e,+0.5,-1,1,1,1.5,e,+1.5,-1
sigma+,pi,2,10,-14.883627,1.784510e-01,1,1,0.5,f,-0.5,+1,1,1,1.5,f,+0.5,+1
sigma+,pi,0,6,-14.880780,3.155142e-02,1,1,0.5,e,-0.5,-1,1,1,1.5,e,+0.5,-1
sigma+,pi,19,31,-8.333992,6.355520e-03,2,2,1.5,f,+1.5,-1,2,2,2.5,f,+2.5,-1
sigma+,pi,15,25,-8.333425,3.588268e-02,2,2,1.5,e,+1.5,+1,2,2,2.5,e,+2.5,+1
sigma+,pi,18,30,-8.302654,4.268537e-04,2,2,1.5,f,+0.5,-1,2,2,2.5,f,+1.5,-1
sigma+,pi,14,24,-8.300950,2.410976e-03,2,2,1.5,e,+0.5,+1,2,2,2.5,e,+1.5,+1
sigma+,pi,17,29,-8.271198,5.376437e-03,2,2,1.5,f,-0.5,-1,2,2,2.5,f,+0.5,-1
sigma+,pi,13,23,-8.268347,3.037172e-02,2,2,1.5,e,-0.5,+1,2,2,2.5,e,+0.5,+1
sigma+,pi,16,28,-8.239622,5.850972e-03,2,2,1.5,f,-1.5,-1,2,2,2.5,f,-0.5,-1
sigma+,pi,12,22,-8.235616,3.306024e-02,2,2,1.5,e,-1.5,+1,2,2,2.5,e,-0.5,+1
sigma+,pi,43,59,-5.808774,1.770243e-03,3,3,2.5,f,+2.5,+1,3,3,3.5,f,+3.5,+1
sigma+,pi,37,51,-5.808370,3.047435e-02,3,3,2.5,e,+2.5,-1,3,3,3.5,e,+3.5,-1
sigma+,pi,42,58,-5.793930,5.084031e-05,3,3,2.5,f,+1.5,+1,3,3,3.5,f,+2.5,+1
sigma+,pi,36,50,-5.792714,8.753038e-04,3,3,2.5,e,+1.5,-1,3,3,3.5,e,+2.5,-1
sigma+,pi,41,57,-5.779048,3.065702e-04,3,3,2.5,f,+0.5,+1,3,3,3.5,f,+1.5,+1
sigma+,pi,35,49,-5.777016,5.280900e-03,3,3,2.5,e,+0.5,-1,3,3,3.5,e,+1.5,-1
sigma+,pi,40,56,-5.764127,1.006646e-03,3,3,2.5,f,-0.5,+1,3,3,3.5,f,+0.5,+1
sigma+,pi,34,48,-5.761276,1.734431e-02,3,3,2.5,e,-0.5,-1,3,3,3.5,e,+0.5,-1
sigma+,pi,39,55,-5.749168,1.249350e-03,3,3,2.5,f,-1.5,+1,3,3,3.5,f,-0.5,+1
sigma+,pi,33,47,-5.745492,2.153174e-02,3,3,2.5,e,-1.5,-1,3,3,3.5,e,-0.5,-1
sigma+,pi,38,54,-5.734169,7.784280e-04,3,3,2.5,f,-2.5,+1,3,3,3.5,f,-1.5,+1
sigma+,pi,32,46,-5.729666,1.341937e-02,3,3,2.5,e,-2.5,-1,3,3,3.5,e,-1.5,-1
sigma+,pi,75,95,-4.450883,7.657657e-04,4,4,3.5,f,+3.5,-1,4,4,4.5,f,+4.5,-1
sigma+,pi,67,85,-4.450569,2.331866e-02,4,4,3.5,e,+3.5,+1,4,4,4.5,e,+4.5,+1
sigma+,pi,74,94,-4.441686,1.098475e-04,4,4,3.5,f,+2.5,-1,4,4,4.5,f,+3.5,-1
sigma+,pi,66,84,-4.440742,3.345785e-03,4,4,3.5,e,+2.5,+1,4,4,4.5,e,+3.5,+1
sigma+,pi,73,93,-4.432469,9.190887e-06,4,4,3.5,f,+1.5,-1,4,4,4.5,f,+2.5,-1
sigma+,pi,65,83,-4.430893,2.801096e-04,4,4,3.5,e,+1.5,+1,4,4,4.5,e,+2.5,+1
sigma+,pi,72,92,-4.423234,1.648151e-04,4,4,3.5,f,+0.5,-1,4,4,4.5,f,+1.5,-1
sigma+,pi,64,82,-4.421022,5.023485e-03,4,4,3.5,e,+0.5,+1,4,4,4.5,e,+1.5,+1
sigma+,pi,71,91,-4.413979,3.574885e-04,4,4,3.5,f,-0.5,-1,4,4,4.5,f,+0.5,-1
sigma+,pi,63,81,-4.411129,1.089893e-02,4,4,3.5,e,-0.5,+1,4,4,4.5,e,+0.5,+1
sigma+,pi,70,90,-4.404705,4.493989e-04,4,4,3.5,f,-1.5,-1,4,4,4.5,f,-0.5,-1
sigma+,pi,62,80,-4.401215,1.370487e-02,4,4,3.5,e,-1.5,+1,4,4,4.5,e,-0.5,+1
sigma+,pi,69,89,-4.395411,3.858666e-04,4,4,3.5,f,-2.5,-1,4,4,4.5,f,-1.5,-1
sigma+,pi,61,79,-4.391277,1.177073e-02,4,4,3.5,e,-2.5,+1,4,4,4.5,e,-1.5,+1
sigma+,pi,68,88,-4.386098,1.971007e-04,4,4,3.5,f,-3.5,-1,4,4,4.5,f,-2.5,-1
sigma+,pi,60,78,-4.381318,6.014229e-03,4,4,3.5,e,-3.5,+1,4,4,4.5,e,-2.5,+1
sigma+,pi,115,139,-3.594204,4.207171e-04,5,5,4.5,f,+4.5,+1,5,5,5.5,f,+5.5,+1
sigma+,pi,105,127,-3.593947,1.787158e-02,5,5,4.5,e,+4.5,-1,5,5,5.5,e,+5.5,-1
sigma+,pi,114,138,-3.587642,1.066281e-04,5,5,4.5,f,+3.5,+1,5,5,5.5,f,+4.5,+1
sigma+,pi,104,126,-3.586871,4.530606e-03,5,5,4.5,e,+3.5,-1,5,5,5.5,e,+4.5,-1
sigma+,pi,113,137,-3.581068,3.424615e-06,5,5,4.5,f,+2.5,+1,5,5,5.5,f,+3.5,+1
sigma+,pi,103,125,-3.579781,1.455187e-04,5,5,4.5,e,+2.5,-1,5,5,5.5,e,+3.5,-1
sigma+,pi,112,136,-3.574482,2.405929e-05,5,5,4.5,f,+1.5,+1,5,5,5.5,f,+2.5,+1
sigma+,pi,102,124,-3.572677,1.023021e-03,5,5,4.5,e,+1.5,-1,5,5,5.5,e,+2.5,-1
sigma+,pi,111,135,-3.567884,9.860362e-05,5,5,4.5,f,+0.5,+1,5,5,5.5,f,+1.5,+1
sigma+,pi,101,123,-3.565559,4.193689e-03,5,5,4.5,e,+0.5,-1,5,5,5.5,e,+1.5,-1
sigma+,pi,110,134,-3.561274,1.745636e-04,5,5,4.5,f,-0.5,+1,5,5,5.5,f,+0.5,+1
sigma+,pi,100,122,-3.558427,7.426384e-03,5,5,4.5,e,-0.5,-1,5,5,5.5,e,+0.5,-1
sigma+,pi,109,133,-3.554651,2.172025e-04,5,5,4.5,f,-1.5,+1,5,5,5.5,f,-0.5,+1
sigma+,pi,99,121,-3.551280,9.243007e-03,5,5,4.5,e,-1.5,-1,5,5,5.5,e,-0.5,-1
sigma+,pi,108,132,-3.548016,2.098707e-04,5,5,4.5,f,-2.5,+1,5,5,5.5,f,-1.5,+1
sigma+,pi,98,120,-3.544119,8.933617e-03,5,5,4.5,e,-2.5,-1,5,5,5.5,e,-1.5,-1
sigma+,pi,107,131,-3.541369,1.543431e-04,5,5,4.5,f,-3.5,+1,5,5,5.5,f,-2.5,+1
sigma+,pi,97,119,-3.536944,6.571909e-03,5,5,4.5,e,-3.5,-1,5,5,5.5,e,-2.5,-1
sigma+,pi,106,130,-3.534710,7.116407e-05,5,5,4.5,f,-4.5,+1,5,5,5.5,f,-3.5,+1
sigma+,pi,96,118,-3.529754,3.031065e-03,5,5,4.5,e,-4.5,-1,5,5,5.5,e,-3.5,-1
sigma+,pi,128,129,0.013029,4.246010e-03,5,5,5.5,f,-5.5,+1,5,5,5.5,f,-4.5,+1
sigma+,pi,129,130,0.013035,4.947736e-03,5,5,5.5,f,-4.5,+1,5,5,5.5,f,-3.5,+1
sigma+,pi,130,131,0.013041,3.763838e-03,5,5,5.5,f,-3.5,+1,5,5,5.5,f,-2.5,+1
sigma+,pi,131,132,0.013047,1.987950e-03,5,5,5.5,f,-2.5,+1,5,5,5.5,f,-1.5,+1
sigma+,pi,132,133,0.013053,5.470775e-04,5,5,5.5,f,-1.5,+1,5,5,5.5,f,-0.5,+1
sigma+,pi,133,134,0.013060,1.754120e-08,5,5,5.5,f,-0.5,+1,5,5,5.5,f,+0.5,+1
sigma+,pi,134,135,0.013066,5.358078e-04,5,5,5.5,f,+0.5,+1,5,5,5.5,f,+1.5,+1
sigma+,pi,135,136,0.013072,1.972198e-03,5,5,5.5,f,+1.5,+1,5,5,5.5,f,+2.5,+1
sigma+,pi,136,137,0.013078,3.754142e-03,5,5,5.5,f,+2.5,+1,5,5,5.5,f,+3.5,+1
sigma+,pi,137,138,0.013084,4.952322e-03,5,5,5.5,f,+3.5,+1,5,5,5.5,f,+4.5,+1
sigma+,pi,138,139,0.013090,4.261683e-03,5,5,5.5,f,+4.5,+1,5,5,5.5,f,+5.5,+1
sigma+,pi,116,117,0.015639,1.817558e-01,5,5,5.5,e,-5.5,-1,5,5,5.5,e,-4.5,-1
sigma+,pi,117,118,0.015646,2.118199e-01,5,5,5.5,e,-4.5,-1,5,5,5.5,e,-3.5,-1
sigma+,pi,118,119,0.015654,1.611601e-01,5,5,5.5,e,-3.5,-1,5,5,5.5,e,-2.5,-1
sigma+,pi,119,120,0.015661,8.513987e-02,5,5,5.5,e,-2.5,-1,5,5,5.5,e,-1.5,-1
sigma+,pi,120,121,0.015668,2.344313e-02,5,5,5.5,e,-1.5,-1,5,5,5.5,e,-0.5,-1
sigma+,pi,121,122,0.015675,8.861213e-07,5,5,5.5,e,-0.5,-1,5,5,5.5,e,+0.5,-1
sigma+,pi,122,123,0.015682,2.291899e-02,5,5,5.5,e,+0.5,-1,5,5,5.5,e,+1.5,-1
sigma+,pi,123,124,0.015689,8.440703e-02,5,5,5.5,e,+1.5,-1,5,5,5.5,e,+2.5,-1
sigma+,pi,124,125,0.015696,1.607085e-01,5,5,5.5,e,+2.5,-1,5,5,5.5,e,+3.5,-1
sigma+,pi,125,126,0.015703,2.120319e-01,5,5,5.5,e,+3.5,-1,5,5,5.5,e,+4.5,-1
sigma+,pi,126,127,0.015710,1.824834e-01,5,5,5.5,e,+4.5,-1,5,5,5.5,e,+5.5,-1
sigma+,pi,86,87,0.017003,6.175754e-03,4,4,4.5,f,-4.5,-1,4,4,4.5,f,-3.5,-1
sigma+,pi,87,88,0.017013,6.188763e-03,4,4,4.5,f,-3.5,-1,4,4,4.5,f,-2.5,-1
sigma+,pi,88,89,0.017023,3.620894e-03,4,4,4.5,f,-2.5,-1,4,4,4.5,f,-1.5,-1
sigma+,pi,89,90,0.017033,1.041302e-03,4,4,4.5,f,-1.5,-1,4,4,4.5,f,-0.5,-1
sigma+,pi,90,91,0.017042,3.059050e-08,4,4,4.5,f,-0.5,-1,4,4,4.5,f,+0.5,-1
sigma+,pi,91,92,0.017052,1.021735e-03,4,4,4.5,f,+0.5,-1,4,4,4.5,f,+1.5,-1
sigma+,pi,92,93,0.017062,3.599509e-03,4,4,4.5,f,+1.5,-1,4,4,4.5,f,+2.5,-1
sigma+,pi,93,94,0.017071,6.188811e-03,4,4,4.5,f,+2.5,-1,4,4,4.5,f,+3.5,-1
sigma+,pi,94,95,0.017081,6.201507e-03,4,4,4.5,f,+3.5,-1,4,4,4.5,f,+4.5,-1
sigma+,pi,76,77,0.019555,1.892854e-01,4,4,4.5,e,-4.5,+1,4,4,4.5,e,-3.5,+1
sigma+,pi,77,78,0.019567,1.897146e-01,4,4,4.5,e,-3.5,+1,4,4,4.5,e,-2.5,+1
sigma+,pi,78,79,0.019578,1.110226e-01,4,4,4.5,e,-2.5,+1,4,4,4.5,e,-1.5,+1
sigma+,pi,79,80,0.019589,3.194376e-02,4,4,4.5,e,-1.5,+1,4,4,4.5,e,-0.5,+1
sigma+,pi,80,81,0.019600,1.085493e-06,4,4,4.5,e,-0.5,+1,4,4,4.5,e,+0.5,+1
sigma+,pi,81,82,0.019611,3.129838e-02,4,4,4.5,e,+0.5,+1,4,4,4.5,e,+1.5,+1
sigma+,pi,82,83,0.019622,1.103169e-01,4,4,4.5,e,+1.5,+1,4,4,4.5,e,+2.5,+1
sigma+,pi,83,84,0.019633,1.897154e-01,4,4,4.5,e,+2.5,+1,4,4,4.5,e,+3.5,+1
sigma+,pi,84,85,0.019644,1.901337e-01,4,4,4.5,e,+3.5,+1,4,4,4.5,e,+4.5,+1
sigma+,pi,114,115,0.019652,4.645730e-03,5,5,4.5,f,+3.5,+1,5,5,4.5,f,+4.5,+1
sigma+,pi,113,114,0.019658,4.652074e-03,5,5,4.5,f,+2.5,+1,5,5,4.5,f,+3.5,+1
sigma+,pi,112,113,0.019664,2.719578e-03,5,5,4.5,f,+1.5,+1,5,5,4.5,f,+2.5,+1
sigma+,pi,111,112,0.019670,7.811728e-04,5,5,4.5,f,+0.5,+1,5,5,4.5,f,+1.5,+1
sigma+,pi,110,111,0.019676,1.833182e-08,5,5,4.5,f,-0.5,+1,5,5,4.5,f,+0.5,+1
sigma+,pi,109,110,0.019682,7.673080e-04,5,5,4.5,f,-1.5,+1,5,5,4.5,f,-0.5,+1
sigma+,pi,108,109,0.019688,2.700040e-03,5,5,4.5,f,-2.5,+1,5,5,4.5,f,-1.5,+1
sigma+,pi,107,108,0.019694,4.638748e-03,5,5,4.5,f,-3.5,+1,5,5,4.5,f,-2.5,+1
sigma+,pi,106,107,0.019701,4.645190e-03,5,5,4.5,f,-4.5,+1,5,5,4.5,f,-3.5,+1
sigma+,pi,104,105,0.022786,1.989969e-01,5,5,4.5,e,+3.5,-1,5,5,4.5,e,+4.5,-1
sigma+,pi,103,104,0.022793,1.992854e-01,5,5,4.5,e,+2.5,-1,5,5,4.5,e,+3.5,-1
sigma+,pi,102,103,0.022801,1.165171e-01,5,5,4.5,e,+1.5,-1,5,5,4.5,e,+2.5,-1
sigma+,pi,101,102,0.022808,3.347987e-02,5,5,4.5,e,+0.5,-1,5,5,4.5,e,+1.5,-1
sigma+,pi,100,101,0.022815,8.908563e-07,5,5,4.5,e,-0.5,-1,5,5,4.5,e,+0.5,-1
sigma+,pi,99,100,0.022822,3.284706e-02,5,5,4.5,e,-1.5,-1,5,5,4.5,e,-0.5,-1
sigma+,pi,98,99,0.022829,1.156240e-01,5,5,4.5,e,-2.5,-1,5,5,4.5,e,-1.5,-1
sigma+,pi,97,98,0.022836,1.986732e-01,5,5,4.5,e,-3.5,-1,5,5,4.5,e,-2.5,-1
sigma+,pi,96,97,0.022844,1.989666e-01,5,5,4.5,e,-4.5,-1,5,5,4.5,e,-3.5,-1
sigma+,pi,52,53,0.024760,1.070281e-02,3,3,3.5,f,-3.5,+1,3,3,3.5,f,-2.5,+1
sigma+,pi,53,54,0.024780,8.186305e-03,3,3,3.5,f,-2.5,+1,3,3,3.5,f,-1.5,+1
sigma+,pi,54,55,0.024799,2.577332e-03,3,3,3.5,f,-1.5,+1,3,3,3.5,f,-0.5,+1
sigma+,pi,55,56,0.024818,7.901574e-08,3,3,3.5,f,-0.5,+1,3,3,3.5,f,+0.5,+1
sigma+,pi,56,57,0.024838,2.532791e-03,3,3,3.5,f,+0.5,+1,3,3,3.5,f,+1.5,+1
sigma+,pi,57,58,0.024857,8.165391e-03,3,3,3.5,f,+1.5,+1,3,3,3.5,f,+2.5,+1
sigma+,pi,58,59,0.024875,1.075795e-02,3,3,3.5,f,+2.5,+1,3,3,3.5,f,+3.5,+1
sigma+,pi,74,75,0.026278,6.684953e-03,4,4,3.5,f,+2.5,-1,4,4,3.5,f,+3.5,-1
sigma+,pi,73,74,0.026288,5.104559e-03,4,4,3.5,f,+1.5,-1,4,4,3.5,f,+2.5,-1
sigma+,pi,72,73,0.026297,1.603318e-03,4,4,3.5,f,+0.5,-1,4,4,3.5,f,+1.5,-1
sigma+,pi,71,72,0.026307,3.189791e-08,4,4,3.5,f,-0.5,-1,4,4,3.5,f,+0.5,-1
sigma+,pi,70,71,0.026317,1.578202e-03,4,4,3.5,f,-1.5,-1,4,4,3.5,f,-0.5,-1
sigma+,pi,69,70,0.026327,5.076240e-03,4,4,3.5,f,-2.5,-1,4,4,3.5,f,-1.5,-1
sigma+,pi,68,69,0.026336,6.677481e-03,4,4,3.5,f,-3.5,-1,4,4,3.5,f,-2.5,-1
sigma+,pi,44,45,0.027220,1.851530e-01,3,3,3.5,e,-3.5,-1,3,3,3.5,e,-2.5,-1
sigma+,pi,45,46,0.027241,1.416524e-01,3,3,3.5,e,-2.5,-1,3,3,3.5,e,-1.5,-1
sigma+,pi,46,47,0.027263,4.461721e-02,3,3,3.5,e,-1.5,-1,3,3,3.5,e,-0.5,-1
sigma+,pi,47,48,0.027285,1.538049e-06,3,3,3.5,e,-0.5,-1,3,3,3.5,e,+0.5,-1
sigma+,pi,48,49,0.027306,4.379979e-02,3,3,3.5,e,+0.5,-1,3,3,3.5,e,+1.5,-1
sigma+,pi,49,50,0.027327,1.412685e-01,3,3,3.5,e,+1.5,-1,3,3,3.5,e,+2.5,-1
sigma+,pi,50,51,0.027348,1.861647e-01,3,3,3.5,e,+2.5,-1,3,3,3.5,e,+3.5,-1
sigma+,pi,66,67,0.029471,2.050955e-01,4,4,3.5,e,+2.5,+1,4,4,3.5,e,+3.5,+1
sigma+,pi,65,66,0.029482,1.566270e-01,4,4,3.5,e,+1.5,+1,4,4,3.5,e,+2.5,+1
sigma+,pi,64,65,0.029493,4.920949e-02,4,4,3.5,e,+0.5,+1,4,4,3.5,e,+1.5,+1
sigma+,pi,63,64,0.029504,1.091567e-06,4,4,3.5,e,-0.5,+1,4,4,3.5,e,+0.5,+1
sigma+,pi,62,63,0.029515,4.839507e-02,4,4,3.5,e,-1.5,+1,4,4,3.5,e,-0.5,+1
sigma+,pi,61,62,0.029526,1.557054e-01,4,4,3.5,e,-2.5,+1,4,4,3.5,e,-1.5,+1
sigma+,pi,60,61,0.029538,2.048455e-01,4,4,3.5,e,-3.5,+1,4,4,3.5,e,-2.5,+1
sigma+,pi,42,43,0.039720,1.104208e-02,3,3,2.5,f,+1.5,+1,3,3,2.5,f,+2.5,+1
sigma+,pi,41,42,0.039739,4.439905e-03,3,3,2.5,f,+0.5,+1,3,3,2.5,f,+1.5,+1
sigma+,pi,40,41,0.039758,8.182367e-08,3,3,2.5,f,-0.5,+1,3,3,2.5,f,+0.5,+1
sigma+,pi,39,40,0.039778,4.378619e-03,3,3,2.5,f,-1.5,+1,3,3,2.5,f,-0.5,+1
sigma+,pi,38,39,0.039797,1.100427e-02,3,3,2.5,f,-2.5,+1,3,3,2.5,f,-1.5,+1
sigma+,pi,26,27,0.042942,2.562634e-02,2,2,2.5,f,-2.5,-1,2,2,2.5,f,-1.5,-1
sigma+,pi,27,28,0.043002,1.036805e-02,2,2,2.5,f,-1.5,-1,2,2,2.5,f,-0.5,-1
sigma+,pi,36,37,0.043004,1.913401e-01,3,3,2.5,e,+1.5,-1,3,3,2.5,e,+2.5,-1
sigma+,pi,35,36,0.043025,7.695252e-02,3,3,2.5,e,+0.5,-1,3,3,2.5,e,+1.5,-1
sigma+,pi,34,35,0.043046,1.546379e-06,3,3,2.5,e,-0.5,-1,3,3,2.5,e,+0.5,-1
sigma+,pi,28,29,0.043062,4.579624e-07,2,2,2.5,f,-0.5,-1,2,2,2.5,f,+0.5,-1
sigma+,pi,33,34,0.043068,7.584151e-02,3,3,2.5,e,-1.5,-1,3,3,2.5,e,-0.5,-1
sigma+,pi,32,33,0.043090,1.906459e-01,3,3,2.5,e,-2.5,-1,3,3,2.5,e,-1.5,-1
sigma+,pi,29,30,0.043122,1.021274e-02,2,2,2.5,f,+0.5,-1,2,2,2.5,f,+1.5,-1
sigma+,pi,30,31,0.043180,2.582064e-02,2,2,2.5,f,+1.5,-1,2,2,2.5,f,+2.5,-1
sigma+,pi,20,21,0.045234,1.450661e-01,2,2,2.5,e,-2.5,+1,2,2,2.5,e,-1.5,+1
sigma+,pi,21,22,0.045300,5.871866e-02,2,2,2.5,e,-1.5,+1,2,2,2.5,e,-0.5,+1
sigma+,pi,22,23,0.045364,2.803410e-06,2,2,2.5,e,-0.5,+1,2,2,2.5,e,+0.5,+1
sigma+,pi,23,24,0.045428,5.780472e-02,2,2,2.5,e,+0.5,+1,2,2,2.5,e,+1.5,+1
sigma+,pi,24,25,0.045491,1.462121e-01,2,2,2.5,e,+1.5,+1,2,2,2.5,e,+2.5,+1
sigma+,pi,18,19,0.074518,2.108041e-02,2,2,1.5,f,+0.5,-1,2,2,1.5,f,+1.5,-1
sigma+,pi,17,18,0.074578,4.678423e-07,2,2,1.5,f,-0.5,-1,2,2,1.5,f,+0.5,-1
sigma+,pi,16,17,0.074639,2.083025e-02,2,2,1.5,f,-1.5,-1,2,2,1.5,f,-0.5,-1
sigma+,pi,14,15,0.077966,1.197360e-01,2,2,1.5,e,+0.5,+1,2,2,1.5,e,+1.5,+1
sigma+,pi,13,14,0.078030,2.815207e-06,2,2,1.5,e,-0.5,+1,2,2,1.5,e,+0.5,+1
sigma+,pi,12,13,0.078095,1.182652e-01,2,2,1.5,e,-1.5,+1,2,2,1.5,e,-0.5,+1
sigma+,pi,8,9,0.102819,1.180222e-01,1,1,1.5,f,-1.5,+1,1,1,1.5,f,-0.5,+1
sigma+,pi,9,10,0.103330,2.396230e-05,1,1,1.5,f,-0.5,+1,1,1,1.5,f,+0.5,+1
sigma+,pi,10,11,0.103829,1.199716e-01,1,1,1.5,f,+0.5,+1,1,1,1.5,f,+1.5,+1
sigma+,pi,4,5,0.104721,2.077907e-02,1,1,1.5,e,-1.5,-1,1,1,1.5,e,-0.5,-1
sigma+,pi,5,6,0.105248,4.354836e-06,1,1,1.5,e,-0.5,-1,1,1,1.5,e,+0.5,-1
sigma+,pi,6,7,0.105763,2.113018e-02,1,1,1.5,e,+0.5,-1,1,1,1.5,e,+1.5,-1
sigma+,pi,2,3,0.226643,2.395540e-05,1,1,0.5,f,-0.5,+1,1,1,0.5,f,+0.5,+1
sigma+,pi,0,1,0.230479,4.383357e-06,1,1,0.5,e,-0.5,-1,1,1,0.5,e,+0.5,-1
sigma+,pi,128,106,3.560773,4.365343e-04,5,5,5.5,f,-5.5,+1,5,5,4.5,f,-4.5,+1
sigma+,pi,116,96,3.561040,1.859948e-02,5,5,5.5,e,-5.5,-1,5,5,4.5,e,-4.5,-1
sigma+,pi,129,107,3.567445,1.098155e-04,5,5,5.5,f,-4.5,+1,5,5,4.5,f,-3.5,+1
sigma+,pi,117,97,3.568244,4.677571e-03,5,5,5.5,e,-4.5,-1,5,5,4.5,e,-3.5,-1
sigma+,pi,130,108,3.574105,3.499323e-06,5,5,5.5,f,-3.5,+1,5,5,4.5,f,-2.5,+1
sigma+,pi,118,98,3.575434,1.490313e-04,5,5,5.5,e,-3.5,-1,5,5,4.5,e,-2.5,-1
sigma+,pi,131,109,3.580752,2.442236e-05,5,5,5.5,f,-2.5,+1,5,5,4.5,f,-1.5,+1
sigma+,pi,119,99,3.582609,1.039524e-03,5,5,5.5,e,-2.5,-1,5,5,4.5,e,-1.5,-1
sigma+,pi,132,110,3.587387,9.934273e-05,5,5,5.5,f,-1.5,+1,5,5,4.5,f,-0.5,+1
sigma+,pi,120,100,3.589770,4.227360e-03,5,5,5.5,e,-1.5,-1,5,5,4.5,e,-0.5,-1
sigma+,pi,133,111,3.594009,1.745707e-04,5,5,5.5,f,-0.5,+1,5,5,4.5,f,+0.5,+1
sigma+,pi,121,101,3.596917,7.426423e-03,5,5,5.5,e,-0.5,-1,5,5,4.5,e,+0.5,-1
sigma+,pi,134,112,3.600620,2.156077e-04,5,5,5.5,f,+0.5,+1,5,5,4.5,f,+1.5,+1
sigma+,pi,122,102,3.604049,9.169512e-03,5,5,5.5,e,+0.5,-1,5,5,4.5,e,+1.5,-1
sigma+,pi,135,113,3.607218,2.067928e-04,5,5,5.5,f,+1.5,+1,5,5,4.5,f,+2.5,+1
sigma+,pi,123,103,3.611167,8.792075e-03,5,5,5.5,e,+1.5,-1,5,5,4.5,e,+2.5,-1
sigma+,pi,136,114,3.613804,1.509581e-04,5,5,5.5,f,+2.5,+1,5,5,4.5,f,+3.5,+1
sigma+,pi,124,104,3.618271,6.416331e-03,5,5,5.5,e,+2.5,-1,5,5,4.5,e,+3.5,-1
sigma+,pi,137,115,3.620378,6.909013e-05,5,5,5.5,f,+3.5,+1,5,5,4.5,f,+4.5,+1
sigma+,pi,125,105,3.625361,2.935766e-03,5,5,5.5,e,+3.5,-1,5,5,4.5,e,+4.5,-1
sigma+,pi,86,68,4.420114,7.917505e-04,4,4,4.5,f,-4.5,-1,4,4,3.5,f,-3.5,-1
sigma+,pi,76,60,4.420440,2.416709e-02,4,4,4.5,e,-4.5,+1,4,4,3.5,e,-3.5,+1
sigma+,pi,87,69,4.429447,1.126173e-04,4,4,4.5,f,-3.5,-1,4,4,3.5,f,-2.5,-1
sigma+,pi,77,61,4.430422,3.436590e-03,4,4,4.5,e,-3.5,+1,4,4,3.5,e,-2.5,+1
sigma+,pi,88,70,4.438761,9.350754e-06,4,4,4.5,f,-2.5,-1,4,4,3.5,f,-1.5,-1
sigma+,pi,78,62,4.440381,2.851886e-04,4,4,4.5,e,-2.5,+1,4,4,3.5,e,-1.5,+1
sigma+,pi,89,71,4.448054,1.662146e-04,4,4,4.5,f,-1.5,-1,4,4,3.5,f,-0.5,-1
sigma+,pi,79,63,4.450319,5.068661e-03,4,4,4.5,e,-1.5,+1,4,4,3.5,e,-0.5,+1
sigma+,pi,90,72,4.457328,3.575042e-04,4,4,4.5,f,-0.5,-1,4,4,3.5,f,+0.5,-1
sigma+,pi,80,64,4.460233,1.089900e-02,4,4,4.5,e,-0.5,+1,4,4,3.5,e,+0.5,+1
sigma+,pi,91,73,4.466583,4.456672e-04,4,4,4.5,f,+0.5,-1,4,4,3.5,f,+1.5,-1
sigma+,pi,81,65,4.470126,1.358296e-02,4,4,4.5,e,+0.5,+1,4,4,3.5,e,+1.5,+1
sigma+,pi,92,74,4.475819,3.794714e-04,4,4,4.5,f,+1.5,-1,4,4,3.5,f,+2.5,-1
sigma+,pi,82,66,4.479997,1.156221e-02,4,4,4.5,e,+1.5,+1,4,4,3.5,e,+2.5,+1
sigma+,pi,93,75,4.485035,1.922183e-04,4,4,4.5,f,+2.5,-1,4,4,3.5,f,+3.5,-1
sigma+,pi,83,67,4.489845,5.855108e-03,4,4,4.5,e,+2.5,+1,4,4,3.5,e,+3.5,+1
sigma+,pi,52,38,5.783709,1.825826e-03,3,3,3.5,f,-3.5,+1,3,3,2.5,f,-2.5,+1
sigma+,pi,44,32,5.784127,3.148565e-02,3,3,3.5,e,-3.5,-1,3,3,2.5,e,-2.5,-1
sigma+,pi,53,39,5.798746,5.187879e-05,3,3,3.5,f,-2.5,+1,3,3,2.5,f,-1.5,+1
sigma+,pi,45,33,5.799997,8.944900e-04,3,3,3.5,e,-2.5,-1,3,3,2.5,e,-1.5,-1
sigma+,pi,54,40,5.813744,3.097965e-04,3,3,3.5,f,-1.5,+1,3,3,2.5,f,-0.5,+1
sigma+,pi,46,34,5.815824,5.338849e-03,3,3,3.5,e,-1.5,-1,3,3,2.5,e,-0.5,-1
sigma+,pi,55,41,5.828704,1.006691e-03,3,3,3.5,f,-0.5,+1,3,3,2.5,f,+0.5,+1
sigma+,pi,47,35,5.831607,1.734443e-02,3,3,3.5,e,-0.5,-1,3,3,2.5,e,+0.5,-1
sigma+,pi,56,42,5.843624,1.236526e-03,3,3,3.5,f,+0.5,+1,3,3,2.5,f,+1.5,+1
sigma+,pi,48,36,5.847347,2.129862e-02,3,3,3.5,e,+0.5,-1,3,3,2.5,e,+1.5,-1
sigma+,pi,57,43,5.858506,7.625047e-04,3,3,3.5,f,+1.5,+1,3,3,2.5,f,+2.5,+1
sigma+,pi,49,37,5.863045,1.313030e-02,3,3,3.5,e,+1.5,-1,3,3,2.5,e,+2.5,-1
sigma+,pi,26,16,8.325566,6.550966e-03,2,2,2.5,f,-2.5,-1,2,2,1.5,f,-1.5,-1
sigma+,pi,20,12,8.326150,3.702660e-02,2,2,2.5,e,-2.5,+1,2,2,1.5,e,-1.5,+1
sigma+,pi,27,17,8.357262,4.335240e-04,2,2,2.5,f,-1.5,-1,2,2,1.5,f,-0.5,-1
sigma+,pi,21,13,8.359011,2.449307e-03,2,2,2.5,e,-1.5,+1,2,2,1.5,e,-0.5,+1
sigma+,pi,28,18,8.388838,5.376655e-03,2,2,2.5,f,-0.5,-1,2,2,1.5,f,+0.5,-1
sigma+,pi,22,14,8.391742,3.037197e-02,2,2,2.5,e,-0.5,+1,2,2,1.5,e,+0.5,+1
sigma+,pi,29,19,8.420294,5.762732e-03,2,2,2.5,f,+0.5,-1,2,2,1.5,f,+1.5,-1
sigma+,pi,23,15,8.424344,3.254514e-02,2,2,2.5,e,+0.5,+1,2,2,1.5,e,+1.5,+1
sigma+,pi,8,2,15.089776,6.047261e-02,1,1,1.5,f,-1.5,+1,1,1,0.5,f,-0.5,+1
sigma+,pi,4,0,15.090749,1.069409e-02,1,1,1.5,e,-1.5,-1,1,1,0.5,e,-0.5,-1
sigma+,pi,9,3,15.213600,1.784508e-01,1,1,1.5,f,-0.5,+1,1,1,0.5,f,+0.5,+1
sigma+,pi,5,1,15.216507,3.155227e-02,1,1,1.5,e,-0.5,-1,1,1,0.5,e,+0.5,-1
sigma+,pi,3,24,29073.217332,8.848022e-04,1,1,0.5,f,+0.5,+1,2,2,2.5,e,+1.5,+1
sigma+,pi,2,23,29073.398547,4.454218e-04,1,1,0.5,f,-0.5,+1,2,2,2.5,e,+0.5,+1
sigma+,pi,3,15,29081.596248,5.217858e-04,1,1,0.5,f,+0.5,+1,2,2,1.5,e,+1.5,+1
sigma+,pi,2,14,29081.744924,1.517285e-03,1,1,0.5,f,-0.5,+1,2,2,1.5,e,+0.5,+1
sigma+,pi,11,25,29088.269263,1.690413e-03,1,1,1.5,f,+1.5,+1,2,2,2.5,e,+2.5,+1
sigma+,pi,10,24,29088.327602,1.191323e-04,1,1,1.5,f,+0.5,+1,2,2,2.5,e,+1.5,+1
sigma+,pi,9,23,29088.385504,1.418175e-03,1,1,1.5,f,-0.5,+1,2,2,2.5,e,+0.5,+1
sigma+,pi,8,22,29088.442959,1.509558e-03,1,1,1.5,f,-1.5,+1,2,2,2.5,e,-0.5,+1
sigma+,pi,1,30,29094.371952,8.710547e-02,1,1,0.5,e,+0.5,-1,2,2,2.5,f,+1.5,-1
sigma+,pi,0,29,29094.559309,4.381432e-02,1,1,0.5,e,-0.5,-1,2,2,2.5,f,+0.5,-1
sigma+,pi,10,15,29096.706518,9.862322e-04,1,1,1.5,f,+0.5,+1,2,2,1.5,e,+1.5,+1
sigma+,pi,9,14,29096.731882,1.878044e-09,1,1,1.5,f,-0.5,+1,2,2,1.5,e,+0.5,+1
sigma+,pi,8,13,29096.756670,1.008922e-03,1,1,1.5,f,-1.5,+1,2,2,1.5,e,-0.5,+1
sigma+,pi,1,19,29102.749124,5.080408e-02,1,1,0.5,e,+0.5,-1,2,2,1.5,f,+1.5,-1
sigma+,pi,0,18,29102.905085,1.476962e-01,1,1,0.5,e,-0.5,-1,2,2,1.5,f,+0.5,-1
sigma+,pi,7,31,29109.420628,1.649732e-01,1,1,1.5,e,+1.5,-1,2,2,2.5,f,+2.5,-1
sigma+,pi,6,30,29109.483211,1.161811e-02,1,1,1.5,e,+0.5,-1,2,2,2.5,f,+1.5,-1
sigma+,pi,5,29,29109.545337,1.383981e-01,1,1,1.5,e,-0.5,-1,2,2,2.5,f,+0.5,-1
sigma+,pi,4,28,29109.606996,1.473481e-01,1,1,1.5,e,-1.5,-1,2,2,2.5,f,-0.5,-1
sigma+,pi,6,19,29117.860383,9.796933e-02,1,1,1.5,e,+0.5,-1,2,2,1.5,f,+1.5,-1
sigma+,pi,5,18,29117.891113,3.075653e-07,1,1,1.5,e,-0.5,-1,2,2,1.5,f,+0.5,-1
sigma+,pi,4,17,29117.921256,1.001732e-01,1,1,1.5,e,-1.5,-1,2,2,1.5,f,-0.5,-1
sigma+,pi,19,50,43614.243556,2.041317e-04,2,2,1.5,f,+1.5,-1,3,3,3.5,e,+2.5,-1
sigma+,pi,18,49,43614.290748,2.054894e-04,2,2,1.5,f,+0.5,-1,3,3,3.5,e,+1.5,-1
sigma+,pi,17,48,43614.338020,1.241166e-04,2,2,1.5,f,-0.5,-1,3,3,3.5,e,+0.5,-1
sigma+,pi,16,47,43614.385374,4.164930e-05,2,2,1.5,f,-1.5,-1,3,3,3.5,e,-0.5,-1
sigma+,pi,19,37,43620.079274,1.245042e-03,2,2,1.5,f,+1.5,-1,3,3,2.5,e,+2.5,-1
sigma+,pi,18,36,43620.110789,8.038532e-05,2,2,1.5,f,+0.5,-1,3,3,2.5,e,+1.5,-1
sigma+,pi,17,35,43620.142342,1.027357e-03,2,2,1.5,f,-0.5,-1,3,3,2.5,e,+0.5,-1
sigma+,pi,16,34,43620.173934,1.114081e-03,2,2,1.5,f,-1.5,-1,3,3,2.5,e,-0.5,-1
sigma+,pi,31,51,43622.604897,1.799223e-03,2,2,2.5,f,+2.5,-1,3,3,3.5,e,+3.5,-1
sigma+,pi,30,50,43622.620729,4.982872e-05,2,2,2.5,f,+1.5,-1,3,3,3.5,e,+2.5,-1
sigma+,pi,29,49,43622.636523,3.124003e-04,2,2,2.5,f,+0.5,-1,3,3,3.5,e,+1.5,-1
sigma+,pi,28,48,43622.652280,1.010752e-03,2,2,2.5,f,-0.5,-1,3,3,3.5,e,+0.5,-1
sigma+,pi,27,47,43622.667998,1.241967e-03,2,2,2.5,f,-1.5,-1,3,3,3.5,e,-0.5,-1
sigma+,pi,26,46,43622.683676,7.668263e-04,2,2,2.5,f,-2.5,-1,3,3,3.5,e,-1.5,-1
sigma+,pi,26,33,43628.456432,3.181101e-04,2,2,2.5,f,-2.5,-1,3,3,2.5,e,-1.5,-1
sigma+,pi,30,37,43628.456447,3.099759e-04,2,2,2.5,f,+1.5,-1,3,3,2.5,e,+2.5,-1
sigma+,pi,27,34,43628.456558,1.264093e-04,2,2,2.5,f,-1.5,-1,3,3,2.5,e,-0.5,-1
sigma+,pi,29,36,43628.456565,1.247903e-04,2,2,2.5,f,+0.5,-1,3,3,2.5,e,+1.5,-1
sigma+,pi,15,58,43661.842206,1.998890e-02,2,2,1.5,e,+1.5,+1,3,3,3.5,f,+2.5,+1
sigma+,pi,14,57,43661.895315,2.008664e-02,2,2,1.5,e,+0.5,+1,3,3,3.5,f,+1.5,+1
sigma+,pi,13,56,43661.948508,1.211105e-02,2,2,1.5,e,-0.5,+1,3,3,3.5,f,+0.5,+1
sigma+,pi,12,55,43662.001785,4.056852e-03,2,2,1.5,e,-1.5,+1,3,3,3.5,f,-0.5,+1
sigma+,pi,15,43,43667.675856,1.219399e-01,2,2,1.5,e,+1.5,+1,3,3,2.5,f,+2.5,+1
sigma+,pi,14,42,43667.714102,7.879333e-03,2,2,1.5,e,+0.5,+1,3,3,2.5,f,+1.5,+1
sigma+,pi,13,41,43667.752394,1.006512e-01,2,2,1.5,e,-0.5,+1,3,3,2.5,f,+0.5,+1
sigma+,pi,12,40,43667.790731,1.091414e-01,2,2,1.5,e,-1.5,+1,3,3,2.5,f,-0.5,+1
sigma+,pi,25,59,43670.200506,1.767666e-01,2,2,2.5,e,+2.5,+1,3,3,3.5,f,+3.5,+1
sigma+,pi,24,58,43670.221122,4.895825e-03,2,2,2.5,e,+1.5,+1,3,3,3.5,f,+2.5,+1
sigma+,pi,23,57,43670.241693,3.069626e-02,2,2,2.5,e,+0.5,+1,3,3,3.5,f,+1.5,+1
sigma+,pi,22,56,43670.262219,9.932299e-02,2,2,2.5,e,-0.5,+1,3,3,3.5,f,+0.5,+1
sigma+,pi,21,55,43670.282701,1.220526e-01,2,2,2.5,e,-1.5,+1,3,3,3.5,f,-0.5,+1
sigma+,pi,20,54,43670.303136,7.536447e-02,2,2,2.5,e,-2.5,+1,3,3,3.5,f,-1.5,+1
sigma+,pi,24,43,43676.054771,2.994385e-02,2,2,2.5,e,+1.5,+1,3,3,2.5,f,+2.5,+1
sigma+,pi,23,42,43676.060479,1.207420e-02,2,2,2.5,e,+0.5,+1,3,3,2.5,f,+1.5,+1
sigma+,pi,22,41,43676.066105,1.576133e-08,2,2,2.5,e,-0.5,+1,3,3,2.5,f,+0.5,+1
sigma+,pi,21,40,43676.071646,1.219299e-02,2,2,2.5,e,-1.5,+1,3,3,2.5,f,-0.5,+1
sigma+,pi,20,39,43676.077103,3.073352e-02,2,2,2.5,e,-2.5,+1,3,3,2.5,f,-1.5,+1
sigma+,pi,43,84,58146.028083,4.177938e-04,3,3,2.5,f,+2.5,+1,4,4,4.5,e,+3.5,+1
sigma+,pi,42,83,58146.048169,5.258107e-04,3,3,2.5,f,+1.5,+1,4,4,4.5,e,+2.5,+1
sigma+,pi,41,82,58146.068286,4.537831e-04,3,3,2.5,f,+0.5,+1,4,4,4.5,e,+1.5,+1
sigma+,pi,40,81,58146.088433,3.046009e-04,3,3,2.5,f,-0.5,+1,4,4,4.5,e,+0.5,+1
sigma+,pi,39,80,58146.108611,1.533499e-04,3,3,2.5,f,-1.5,+1,4,4,4.5,e,-0.5,+1
sigma+,pi,38,79,58146.128819,4.632291e-05,3,3,2.5,f,-2.5,+1,4,4,4.5,e,-1.5,+1
sigma+,pi,43,67,58150.498295,8.309125e-03,3,3,2.5,f,+2.5,+1,4,4,3.5,e,+3.5,+1
sigma+,pi,42,66,58150.508544,2.425675e-04,3,3,2.5,f,+1.5,+1,4,4,3.5,e,+2.5,+1
sigma+,pi,41,65,58150.518801,1.407716e-03,3,3,2.5,f,+0.5,+1,4,4,3.5,e,+1.5,+1
sigma+,pi,40,64,58150.529067,4.625982e-03,3,3,2.5,f,-0.5,+1,4,4,3.5,e,+0.5,+1
sigma+,pi,39,63,58150.539340,5.725183e-03,3,3,2.5,f,-1.5,+1,4,4,3.5,e,-0.5,+1
sigma+,pi,38,62,58150.549623,3.554535e-03,3,3,2.5,f,-2.5,+1,4,4,3.5,e,-1.5,+1
sigma+,pi,59,85,58151.856501,1.000941e-02,3,3,3.5,f,+3.5,+1,4,4,4.5,e,+4.5,+1
sigma+,pi,58,84,58151.861732,1.418794e-03,3,3,3.5,f,+2.5,+1,4,4,4.5,e,+3.5,+1
sigma+,pi,57,83,58151.866956,1.233257e-04,3,3,3.5,f,+1.5,+1,4,4,4.5,e,+2.5,+1
sigma+,pi,56,82,58151.872172,2.142224e-03,3,3,3.5,f,+0.5,+1,4,4,4.5,e,+1.5,+1
sigma+,pi,55,81,58151.877379,4.606588e-03,3,3,3.5,f,-0.5,+1,4,4,4.5,e,+0.5,+1
sigma+,pi,54,80,58151.882578,5.751327e-03,3,3,3.5,f,-1.5,+1,4,4,4.5,e,-0.5,+1
sigma+,pi,53,79,58151.887768,4.906923e-03,3,3,3.5,f,-2.5,+1,4,4,4.5,e,-1.5,+1
sigma+,pi,52,78,58151.892950,2.491046e-03,3,3,3.5,f,-3.5,+1,4,4,4.5,e,-2.5,+1
sigma+,pi,52,61,58156.303805,7.318325e-04,3,3,3.5,f,-3.5,+1,4,4,3.5,e,-2.5,+1
sigma+,pi,53,62,58156.308572,5.557102e-04,3,3,3.5,f,-2.5,+1,4,4,3.5,e,-1.5,+1
sigma+,pi,54,63,58156.313307,1.733657e-04,3,3,3.5,f,-1.5,+1,4,4,3.5,e,-0.5,+1
sigma+,pi,55,64,58156.318012,1.132679e-09,3,3,3.5,f,-0.5,+1,4,4,3.5,e,+0.5,+1
sigma+,pi,56,65,58156.322686,1.702351e-04,3,3,3.5,f,+0.5,+1,4,4,3.5,e,+1.5,+1
sigma+,pi,57,66,58156.327331,5.438744e-04,3,3,3.5,f,+1.5,+1,4,4,3.5,e,+2.5,+1
sigma+,pi,58,67,58156.331945,7.115182e-04,3,3,3.5,f,+2.5,+1,4,4,3.5,e,+3.5,+1
sigma+,pi,37,94,58230.650905,7.243765e-03,3,3,2.5,e,+2.5,-1,4,4,4.5,f,+3.5,-1
sigma+,pi,36,93,58230.676837,9.095671e-03,3,3,2.5,e,+1.5,-1,4,4,4.5,f,+2.5,-1
sigma+,pi,35,92,58230.702800,7.831644e-03,3,3,2.5,e,+0.5,-1,4,4,4.5,f,+1.5,-1
sigma+,pi,34,91,58230.728795,5.244829e-03,3,3,2.5,e,-0.5,-1,4,4,4.5,f,+0.5,-1
sigma+,pi,33,90,58230.754820,2.634363e-03,3,3,2.5,e,-1.5,-1,4,4,4.5,f,-0.5,-1
sigma+,pi,32,89,58230.780877,7.939182e-04,3,3,2.5,e,-2.5,-1,4,4,4.5,f,-1.5,-1
sigma+,pi,37,75,58235.118869,1.437112e-01,3,3,2.5,e,+2.5,-1,4,4,3.5,f,+3.5,-1
sigma+,pi,36,74,58235.135594,4.194253e-03,3,3,2.5,e,+1.5,-1,4,4,3.5,f,+2.5,-1
sigma+,pi,35,73,58235.152332,2.435301e-02,3,3,2.5,e,+0.5,-1,4,4,3.5,f,+1.5,-1
sigma+,pi,34,72,58235.169081,8.002418e-02,3,3,2.5,e,-0.5,-1,4,4,3.5,f,+0.5,-1
sigma+,pi,33,71,58235.185842,9.903950e-02,3,3,2.5,e,-1.5,-1,4,4,3.5,f,-0.5,-1
sigma+,pi,32,70,58235.202615,6.149051e-02,3,3,2.5,e,-2.5,-1,4,4,3.5,f,-1.5,-1
sigma+,pi,51,95,58236.476355,1.733171e-01,3,3,3.5,e,+3.5,-1,4,4,4.5,f,+4.5,-1
sigma+,pi,50,94,58236.486623,2.456893e-02,3,3,3.5,e,+2.5,-1,4,4,4.5,f,+3.5,-1
sigma+,pi,49,93,58236.496878,2.135248e-03,3,3,3.5,e,+1.5,-1,4,4,4.5,f,+2.5,-1
sigma+,pi,48,92,58236.507123,3.709676e-02,3,3,3.5,e,+0.5,-1,4,4,4.5,f,+1.5,-1
sigma+,pi,47,91,58236.517355,7.977708e-02,3,3,3.5,e,-0.5,-1,4,4,4.5,f,+0.5,-1
sigma+,pi,46,90,58236.527576,9.960724e-02,3,3,3.5,e,-1.5,-1,4,4,4.5,f,-0.5,-1
sigma+,pi,45,89,58236.537784,8.498756e-02,3,3,3.5,e,-2.5,-1,4,4,4.5,f,-1.5,-1
sigma+,pi,44,88,58236.547981,4.314705e-02,3,3,3.5,e,-3.5,-1,4,4,4.5,f,-2.5,-1
sigma+,pi,50,75,58240.954587,1.222264e-02,3,3,3.5,e,+2.5,-1,4,4,3.5,f,+3.5,-1
sigma+,pi,49,74,58240.955636,9.358638e-03,3,3,3.5,e,+1.5,-1,4,4,3.5,f,+2.5,-1
sigma+,pi,48,73,58240.956654,2.939811e-03,3,3,3.5,e,+0.5,-1,4,4,3.5,f,+1.5,-1
sigma+,pi,47,72,58240.957641,3.600290e-10,3,3,3.5,e,-0.5,-1,4,4,3.5,f,+0.5,-1
sigma+,pi,46,71,58240.958597,2.964748e-03,3,3,3.5,e,-1.5,-1,4,4,3.5,f,-0.5,-1
sigma+,pi,45,70,58240.959522,9.537417e-03,3,3,3.5,e,-2.5,-1,4,4,3.5,f,-1.5,-1
sigma+,pi,44,69,58240.960415,1.258165e-02,3,3,3.5,e,-3.5,-1,4,4,3.5,f,-2.5,-1
sigma+,pi,75,126,72671.139640,3.905232e-04,4,4,3.5,f,+3.5,-1,5,5,5.5,e,+4.5,-1
sigma+,pi,74,125,72671.150214,5.506642e-04,4,4,3.5,f,+2.5,-1,5,5,5.5,e,+3.5,-1
sigma+,pi,73,124,72671.160805,5.546330e-04,4,4,3.5,f,+1.5,-1,5,5,5.5,e,+2.5,-1
sigma+,pi,72,123,72671.171413,4.655327e-04,4,4,3.5,f,+0.5,-1,5,5,5.5,e,+1.5,-1
sigma+,pi,71,122,72671.182038,3.349306e-04,4,4,3.5,f,-0.5,-1,5,5,5.5,e,+0.5,-1
sigma+,pi,70,121,72671.192679,2.024165e-04,4,4,3.5,f,-1.5,-1,5,5,5.5,e,-0.5,-1
sigma+,pi,69,120,72671.203338,9.514795e-05,4,4,3.5,f,-2.5,-1,5,5,5.5,e,-1.5,-1
sigma+,pi,68,119,72671.214013,2.738328e-05,4,4,3.5,f,-3.5,-1,5,5,5.5,e,-2.5,-1
sigma+,pi,75,105,72674.749297,1.760039e-02,4,4,3.5,f,+3.5,-1,5,5,4.5,e,+4.5,-1
sigma+,pi,74,104,72674.752789,2.529493e-03,4,4,3.5,f,+2.5,-1,5,5,4.5,e,+3.5,-1
sigma+,pi,73,103,72674.756283,2.031584e-04,4,4,3.5,f,+1.5,-1,5,5,4.5,e,+2.5,-1
sigma+,pi,72,102,72674.759780,3.713418e-03,4,4,3.5,f,+0.5,-1,5,5,4.5,e,+1.5,-1
sigma+,pi,71,101,72674.763279,8.046645e-03,4,4,3.5,f,-0.5,-1,5,5,4.5,e,+0.5,-1
sigma+,pi,70,100,72674.766781,1.008994e-02,4,4,3.5,f,-1.5,-1,5,5,4.5,e,-0.5,-1
sigma+,pi,69,99,72674.770286,8.637664e-03,4,4,3.5,f,-2.5,-1,5,5,4.5,e,-1.5,-1
sigma+,pi,68,98,72674.773793,4.398048e-03,4,4,3.5,f,-3.5,-1,5,5,4.5,e,-2.5,-1
sigma+,pi,95,127,72675.606233,1.970480e-02,4,4,4.5,f,+4.5,-1,5,5,5.5,e,+5.5,-1
sigma+,pi,94,126,72675.607603,4.956039e-03,4,4,4.5,f,+3.5,-1,5,5,5.5,e,+4.5,-1
sigma+,pi,93,125,72675.608971,1.541446e-04,4,4,4.5,f,+2.5,-1,5,5,5.5,e,+3.5,-1
sigma+,pi,92,124,72675.610336,1.128188e-03,4,4,4.5,f,+1.5,-1,5,5,5.5,e,+2.5,-1
sigma+,pi,91,123,72675.611699,4.572584e-03,4,4,4.5,f,+0.5,-1,5,5,5.5,e,+1.5,-1
sigma+,pi,90,122,72675.613059,8.043029e-03,4,4,4.5,f,-0.5,-1,5,5,5.5,e,+0.5,-1
sigma+,pi,89,121,72675.614417,9.952383e-03,4,4,4.5,f,-1.5,-1,5,5,5.5,e,-0.5,-1
sigma+,pi,88,120,72675.615772,9.566476e-03,4,4,4.5,f,-2.5,-1,5,5,5.5,e,-1.5,-1
sigma+,pi,87,119,72675.617124,6.999845e-03,4,4,4.5,f,-3.5,-1,5,5,5.5,e,-2.5,-1
sigma+,pi,86,118,72675.618473,3.211396e-03,4,4,4.5,f,-4.5,-1,5,5,5.5,e,-3.5,-1
sigma+,pi,86,97,72679.171071,7.336938e-04,4,4,4.5,f,-4.5,-1,5,5,4.5,e,-3.5,-1
sigma+,pi,87,98,72679.176904,7.321807e-04,4,4,4.5,f,-3.5,-1,5,5,4.5,e,-2.5,-1
sigma+,pi,88,99,72679.182720,4.266709e-04,4,4,4.5,f,-2.5,-1,5,5,4.5,e,-1.5,-1
sigma+,pi,89,100,72679.188519,1.222861e-04,4,4,4.5,f,-1.5,-1,5,5,4.5,e,-0.5,-1
sigma+,pi,90,101,72679.194301,4.836092e-09,4,4,4.5,f,-0.5,-1,5,5,4.5,e,+0.5,-1
sigma+,pi,91,102,72679.200066,1.185619e-04,4,4,4.5,f,+0.5,-1,5,5,4.5,e,+1.5,-1
sigma+,pi,92,103,72679.205814,4.163029e-04,4,4,4.5,f,+1.5,-1,5,5,4.5,e,+2.5,-1
sigma+,pi,93,104,72679.211546,7.129960e-04,4,4,4.5,f,+2.5,-1,5,5,4.5,e,+3.5,-1
sigma+,pi,94,105,72679.217261,7.116015e-04,4,4,4.5,f,+3.5,-1,5,5,4.5,e,+4.5,-1
sigma+,pi,1,49,72716.965354,3.309852e-08,1,1,0.5,e,+0.5,-1,3,3,3.5,e,+1.5,-1
sigma+,pi,0,48,72717.168527,2.061273e-08,1,1,0.5,e,-0.5,-1,3,3,3.5,e,+0.5,-1
sigma+,pi,1,36,72722.785395,1.871546e-02,1,1,0.5,e,+0.5,-1,3,3,2.5,e,+1.5,-1
sigma+,pi,0,35,72722.972849,9.402129e-03,1,1,0.5,e,-0.5,-1,3,3,2.5,e,+0.5,-1
sigma+,pi,7,50,72731.998177,1.719870e-02,1,1,1.5,e,+1.5,-1,3,3,3.5,e,+2.5,-1
sigma+,pi,6,49,72732.076612,1.713673e-02,1,1,1.5,e,+0.5,-1,3,3,3.5,e,+1.5,-1
sigma+,pi,5,48,72732.154555,1.024457e-02,1,1,1.5,e,-0.5,-1,3,3,3.5,e,+0.5,-1
sigma+,pi,4,47,72732.231991,3.402277e-03,1,1,1.5,e,-1.5,-1,3,3,3.5,e,-0.5,-1
sigma+,pi,7,37,72737.833894,2.801897e-03,1,1,1.5,e,+1.5,-1,3,3,2.5,e,+2.5,-1
sigma+,pi,6,36,72737.896654,1.833348e-04,1,1,1.5,e,+0.5,-1,3,3,2.5,e,+1.5,-1
sigma+,pi,5,35,72737.958877,2.364086e-03,1,1,1.5,e,-0.5,-1,3,3,2.5,e,+0.5,-1
sigma+,pi,4,34,72738.020552,2.591075e-03,1,1,1.5,e,-1.5,-1,3,3,2.5,e,-0.5,-1
sigma+,pi,3,57,72743.413597,2.256204e-07,1,1,0.5,f,+0.5,+1,3,3,3.5,f,+1.5,+1
sigma+,pi,2,56,72743.615402,1.401238e-07,1,1,0.5,f,-0.5,+1,3,3,3.5,f,+0.5,+1
sigma+,pi,3,42,72749.232384,1.058961e-01,1,1,0.5,f,+0.5,+1,3,3,2.5,f,+1.5,+1
sigma+,pi,2,41,72749.419288,5.319855e-02,1,1,0.5,f,-0.5,+1,3,3,2.5,f,+0.5,+1
sigma+,pi,11,58,72758.444894,9.735644e-02,1,1,1.5,f,+1.5,+1,3,3,3.5,f,+2.5,+1
sigma+,pi,10,57,72758.523867,9.702524e-02,1,1,1.5,f,+0.5,+1,3,3,3.5,f,+1.5,+1
sigma+,pi,9,56,72758.602360,5.801502e-02,1,1,1.5,f,-0.5,+1,3,3,3.5,f,+0.5,+1
sigma+,pi,8,55,72758.680360,1.927116e-02,1,1,1.5,f,-1.5,+1,3,3,3.5,f,-0.5,+1
sigma+,pi,11,43,72764.278544,1.596498e-02,1,1,1.5,f,+1.5,+1,3,3,2.5,f,+2.5,+1
sigma+,pi,10,42,72764.342653,1.041061e-03,1,1,1.5,f,+0.5,+1,3,3,2.5,f,+1.5,+1
sigma+,pi,9,41,72764.406245,1.344994e-02,1,1,1.5,f,-0.5,+1,3,3,2.5,f,+0.5,+1
sigma+,pi,8,40,72764.469306,1.474297e-02,1,1,1.5,f,-1.5,+1,3,3,2.5,f,-0.5,+1
sigma+,pi,67,138,72803.366674,3.346056e-03,4,4,3.5,e,+3.5,+1,5,5,5.5,f,+4.5,+1
sigma+,pi,66,137,72803.383061,4.704518e-03,4,4,3.5,e,+2.5,+1,5,5,5.5,f,+3.5,+1
sigma+,pi,65,136,72803.399465,4.724687e-03,4,4,3.5,e,+1.5,+1,5,5,5.5,f,+2.5,+1
sigma+,pi,64,135,72803.415886,3.954155e-03,4,4,3.5,e,+0.5,+1,5,5,5.5,f,+1.5,+1
sigma+,pi,63,134,72803.432325,2.836558e-03,4,4,3.5,e,-0.5,+1,5,5,5.5,f,+0.5,+1
sigma+,pi,62,133,72803.448780,1.709279e-03,4,4,3.5,e,-1.5,+1,5,5,5.5,f,-0.5,+1
sigma+,pi,61,132,72803.465253,8.011130e-04,4,4,3.5,e,-2.5,+1,5,5,5.5,f,-1.5,+1
sigma+,pi,60,131,72803.481743,2.298814e-04,4,4,3.5,e,-3.5,+1,5,5,5.5,f,-2.5,+1
sigma+,pi,67,115,72806.973968,1.501119e-01,4,4,3.5,e,+3.5,+1,5,5,4.5,f,+4.5,+1
sigma+,pi,66,114,72806.983787,2.157296e-02,4,4,3.5,e,+2.5,+1,5,5,4.5,f,+3.5,+1
sigma+,pi,65,113,72806.993611,1.733420e-03,4,4,3.5,e,+1.5,+1,5,5,4.5,f,+2.5,+1
sigma+,pi,64,112,72807.003440,3.167681e-02,4,4,3.5,e,+0.5,+1,5,5,4.5,f,+1.5,+1
sigma+,pi,63,111,72807.013274,6.864041e-02,4,4,3.5,e,-0.5,+1,5,5,4.5,f,+0.5,+1
sigma+,pi,62,110,72807.023114,8.607139e-02,4,4,3.5,e,-1.5,+1,5,5,4.5,f,-0.5,+1
sigma+,pi,61,109,72807.032958,7.368409e-02,4,4,3.5,e,-2.5,+1,5,5,4.5,f,-1.5,+1
sigma+,pi,60,108,72807.042807,3.751853e-02,4,4,3.5,e,-3.5,+1,5,5,4.5,f,-2.5,+1
sigma+,pi,85,139,72807.830333,1.681674e-01,4,4,4.5,e,+4.5,+1,5,5,5.5,f,+5.5,+1
sigma+,pi,84,138,72807.836887,4.229879e-02,4,4,4.5,e,+3.5,+1,5,5,5.5,f,+4.5,+1
sigma+,pi,83,137,72807.843436,1.315852e-03,4,4,4.5,e,+2.5,+1,5,5,5.5,f,+3.5,+1
sigma+,pi,82,136,72807.849980,9.628559e-03,4,4,4.5,e,+1.5,+1,5,5,5.5,f,+2.5,+1
sigma+,pi,81,135,72807.856520,3.902777e-02,4,4,4.5,e,+0.5,+1,5,5,5.5,f,+1.5,+1
sigma+,pi,80,134,72807.863054,6.865188e-02,4,4,4.5,e,-0.5,+1,5,5,5.5,f,+0.5,+1
sigma+,pi,79,133,72807.869584,8.495296e-02,4,4,4.5,e,-1.5,+1,5,5,5.5,f,-0.5,+1
sigma+,pi,78,132,72807.876108,8.166225e-02,4,4,4.5,e,-2.5,+1,5,5,5.5,f,-1.5,+1
sigma+,pi,77,131,72807.882627,5.975516e-02,4,4,4.5,e,-3.5,+1,5,5,5.5,f,-2.5,+1
sigma+,pi,76,130,72807.889142,2.741565e-02,4,4,4.5,e,-4.5,+1,5,5,5.5,f,-3.5,+1
sigma+,pi,76,107,72811.443552,6.228793e-03,4,4,4.5,e,-4.5,+1,5,5,4.5,f,-3.5,+1
sigma+,pi,77,108,72811.443691,6.203906e-03,4,4,4.5,e,-3.5,+1,5,5,4.5,f,-2.5,+1
sigma+,pi,78,109,72811.443813,3.604820e-03,4,4,4.5,e,-2.5,+1,5,5,4.5,f,-1.5,+1
sigma+,pi,79,110,72811.443917,1.026249e-03,4,4,4.5,e,-1.5,+1,5,5,4.5,f,-0.5,+1
sigma+,pi,80,111,72811.444004,2.047819e-10,4,4,4.5,e,-0.5,+1,5,5,4.5,f,+0.5,+1
sigma+,pi,81,112,72811.444074,1.016270e-03,4,4,4.5,e,+0.5,+1,5,5,4.5,f,+1.5,+1
sigma+,pi,82,113,72811.444126,3.544374e-03,4,4,4.5,e,+1.5,+1,5,5,4.5,f,+2.5,+1
sigma+,pi,83,114,72811.444162,6.052938e-03,4,4,4.5,e,+2.5,+1,5,5,4.5,f,+3.5,+1
sigma+,pi,84,115,72811.444181,6.029567e-03,4,4,4.5,e,+3.5,+1,5,5,4.5,f,+4.5,+1
sigma+,pi,15,83,101813.684305,2.040063e-10,2,2,1.5,e,+1.5,+1,4,4,4.5,e,+2.5,+1
sigma+,pi,14,82,101813.742649,2.463158e-10,2,2,1.5,e,+0.5,+1,4,4,4.5,e,+1.5,+1
sigma+,pi,13,81,101813.801069,1.536936e-10,2,2,1.5,e,-0.5,+1,4,4,4.5,e,+0.5,+1
sigma+,pi,12,80,101813.859564,4.777584e-11,2,2,1.5,e,-1.5,+1,4,4,4.5,e,-0.5,+1
sigma+,pi,15,66,101818.144680,2.143688e-02,2,2,1.5,e,+1.5,+1,4,4,3.5,e,+2.5,+1
sigma+,pi,14,65,101818.193164,2.147377e-02,2,2,1.5,e,+0.5,+1,4,4,3.5,e,+1.5,+1
sigma+,pi,13,64,101818.241702,1.290665e-02,2,2,1.5,e,-0.5,+1,4,4,3.5,e,+0.5,+1
sigma+,pi,12,63,101818.290293,4.309772e-03,2,2,1.5,e,-1.5,+1,4,4,3.5,e,-0.5,+1
sigma+,pi,25,84,101822.037363,1.856979e-02,2,2,2.5,e,+2.5,+1,4,4,4.5,e,+3.5,+1
sigma+,pi,24,83,101822.063221,2.317120e-02,2,2,2.5,e,+1.5,+1,4,4,4.5,e,+2.5,+1
sigma+,pi,23,82,101822.089027,1.982561e-02,2,2,2.5,e,+0.5,+1,4,4,4.5,e,+1.5,+1
sigma+,pi,22,81,101822.114780,1.319331e-02,2,2,2.5,e,-0.5,+1,4,4,4.5,e,+0.5,+1
sigma+,pi,21,80,101822.140479,6.584693e-03,2,2,2.5,e,-1.5,+1,4,4,4.5,e,-0.5,+1
sigma+,pi,20,79,101822.166125,1.971795e-03,2,2,2.5,e,-2.5,+1,4,4,4.5,e,-1.5,+1
sigma+,pi,25,67,101826.507576,2.266457e-03,2,2,2.5,e,+2.5,+1,4,4,3.5,e,+3.5,+1
sigma+,pi,24,66,101826.523596,6.492609e-05,2,2,2.5,e,+1.5,+1,4,4,3.5,e,+2.5,+1
sigma+,pi,23,65,101826.539542,3.940535e-04,2,2,2.5,e,+0.5,+1,4,4,3.5,e,+1.5,+1
sigma+,pi,22,64,101826.555413,1.294002e-03,2,2,2.5,e,-0.5,+1,4,4,3.5,e,+0.5,+1
sigma+,pi,21,63,101826.571209,1.607085e-03,2,2,2.5,e,-1.5,+1,4,4,3.5,e,-0.5,+1
sigma+,pi,20,62,101826.586928,1.002144e-03,2,2,2.5,e,-2.5,+1,4,4,3.5,e,-1.5,+1
sigma+,pi,19,93,101850.713108,7.167991e-11,2,2,1.5,f,+1.5,-1,4,4,4.5,f,+2.5,-1
sigma+,pi,18,92,101850.770564,1.197994e-10,2,2,1.5,f,+0.5,-1,4,4,4.5,f,+1.5,-1
sigma+,pi,17,91,101850.828090,1.010910e-10,2,2,1.5,f,-0.5,-1,4,4,4.5,f,+0.5,-1
sigma+,pi,16,90,101850.885686,4.175069e-11,2,2,1.5,f,-1.5,-1,4,4,4.5,f,-0.5,-1
sigma+,pi,19,74,101855.171865,1.213656e-01,2,2,1.5,f,+1.5,-1,4,4,3.5,f,+2.5,-1
sigma+,pi,18,73,101855.220096,1.215699e-01,2,2,1.5,f,+0.5,-1,4,4,3.5,f,+1.5,-1
sigma+,pi,17,72,101855.268376,7.306586e-02,2,2,1.5,f,-0.5,-1,4,4,3.5,f,+0.5,-1
sigma+,pi,16,71,101855.316708,2.439707e-02,2,2,1.5,f,-1.5,-1,4,4,3.5,f,-0.5,-1
sigma+,pi,31,94,101859.064171,1.051341e-01,2,2,2.5,f,+2.5,-1,4,4,4.5,f,+3.5,-1
sigma+,pi,30,93,101859.090280,1.312011e-01,2,2,2.5,f,+1.5,-1,4,4,4.5,f,+2.5,-1
sigma+,pi,29,92,101859.116340,1.122714e-01,2,2,2.5,f,+0.5,-1,4,4,4.5,f,+1.5,-1
sigma+,pi,28,91,101859.142350,7.472230e-02,2,2,2.5,f,-0.5,-1,4,4,4.5,f,+0.5,-1
sigma+,pi,27,90,101859.168310,3.729812e-02,2,2,2.5,f,-1.5,-1,4,4,4.5,f,-0.5,-1
sigma+,pi,26,89,101859.194219,1.117041e-02,2,2,2.5,f,-2.5,-1,4,4,4.5,f,-1.5,-1
sigma+,pi,31,75,101863.532135,1.291949e-02,2,2,2.5,f,+2.5,-1,4,4,3.5,f,+3.5,-1
sigma+,pi,30,74,101863.549037,3.716080e-04,2,2,2.5,f,+1.5,-1,4,4,3.5,f,+2.5,-1
sigma+,pi,29,73,101863.565871,2.239417e-03,2,2,2.5,f,+0.5,-1,4,4,3.5,f,+1.5,-1
sigma+,pi,28,72,101863.582636,7.360253e-03,2,2,2.5,f,-0.5,-1,4,4,3.5,f,+0.5,-1
sigma+,pi,27,71,101863.599332,9.142354e-03,2,2,2.5,f,-1.5,-1,4,4,3.5,f,-0.5,-1
sigma+,pi,26,70,101863.615957,5.700942e-03,2,2,2.5,f,-2.5,-1,4,4,3.5,f,-1.5,-1
sigma+,pi,37,125,130906.242805,6.150264e-09,3,3,2.5,e,+2.5,-1,5,5,5.5,e,+3.5,-1
sigma+,pi,36,124,130906.270112,1.026990e-08,3,3,2.5,e,+1.5,-1,5,5,5.5,e,+2.5,-1
sigma+,pi,35,123,130906.297447,1.028920e-08,3,3,2.5,e,+0.5,-1,5,5,5.5,e,+1.5,-1
sigma+,pi,34,122,130906.324811,7.363107e-09,3,3,2.5,e,-0.5,-1,5,5,5.5,e,+0.5,-1
sigma+,pi,33,121,130906.352204,3.688334e-09,3,3,2.5,e,-1.5,-1,5,5,5.5,e,-0.5,-1
sigma+,pi,32,120,130906.379626,1.034615e-09,3,3,2.5,e,-2.5,-1,5,5,5.5,e,-1.5,-1
sigma+,pi,37,104,130909.845380,1.999849e-02,3,3,2.5,e,+2.5,-1,5,5,4.5,e,+3.5,-1
sigma+,pi,36,103,130909.865590,2.502241e-02,3,3,2.5,e,+1.5,-1,5,5,4.5,e,+2.5,-1
sigma+,pi,35,102,130909.885814,2.146877e-02,3,3,2.5,e,+0.5,-1,5,5,4.5,e,+1.5,-1
sigma+,pi,34,101,130909.906053,1.432663e-02,3,3,2.5,e,-0.5,-1,5,5,4.5,e,+0.5,-1
sigma+,pi,33,100,130909.926306,7.170431e-03,3,3,2.5,e,-1.5,-1,5,5,4.5,e,-0.5,-1
sigma+,pi,32,99,130909.946574,2.153282e-03,3,3,2.5,e,-2.5,-1,5,5,4.5,e,-1.5,-1
sigma+,pi,51,126,130912.066878,1.739900e-02,3,3,3.5,e,+3.5,-1,5,5,5.5,e,+4.5,-1
sigma+,pi,50,125,130912.078523,2.433119e-02,3,3,3.5,e,+2.5,-1,5,5,5.5,e,+3.5,-1
sigma+,pi,49,124,130912.090153,2.430362e-02,3,3,3.5,e,+1.5,-1,5,5,5.5,e,+2.5,-1
sigma+,pi,48,123,130912.101770,2.022991e-02,3,3,3.5,e,+0.5,-1,5,5,5.5,e,+1.5,-1
sigma+,pi,47,122,130912.113372,1.443333e-02,3,3,3.5,e,-0.5,-1,5,5,5.5,e,+0.5,-1
sigma+,pi,46,121,130912.124960,8.649981e-03,3,3,3.5,e,-1.5,-1,5,5,5.5,e,-0.5,-1
sigma+,pi,45,120,130912.136533,4.031954e-03,3,3,3.5,e,-2.5,-1,5,5,5.5,e,-1.5,-1
sigma+,pi,44,119,130912.148091,1.150635e-03,3,3,3.5,e,-3.5,-1,5,5,5.5,e,-2.5,-1
sigma+,pi,11,66,130914.747368,6.857018e-11,1,1,1.5,f,+1.5,+1,4,4,3.5,e,+2.5,+1
sigma+,pi,10,65,130914.821716,6.960693e-11,1,1,1.5,f,+0.5,+1,4,4,3.5,e,+1.5,+1
sigma+,pi,9,64,130914.895553,4.239936e-11,1,1,1.5,f,-0.5,+1,4,4,3.5,e,+0.5,+1
sigma+,pi,8,63,130914.968869,1.434940e-11,1,1,1.5,f,-1.5,+1,4,4,3.5,e,-0.5,+1
sigma+,pi,51,105,130915.676536,1.695708e-03,3,3,3.5,e,+3.5,-1,5,5,4.5,e,+4.5,-1
sigma+,pi,50,104,130915.681097,2.412497e-04,3,3,3.5,e,+2.5,-1,5,5,4.5,e,+3.5,-1
sigma+,pi,49,103,130915.685631,2.133567e-05,3,3,3.5,e,+1.5,-1,5,5,4.5,e,+2.5,-1
sigma+,pi,48,102,130915.690136,3.700431e-04,3,3,3.5,e,+0.5,-1,5,5,4.5,e,+1.5,-1
sigma+,pi,47,101,130915.694613,7.995095e-04,3,3,3.5,e,-0.5,-1,5,5,4.5,e,+0.5,-1
sigma+,pi,46,100,130915.699062,1.003452e-03,3,3,3.5,e,-1.5,-1,5,5,4.5,e,-0.5,-1
sigma+,pi,45,99,130915.703481,8.607978e-04,3,3,3.5,e,-2.5,-1,5,5,4.5,e,-1.5,-1
sigma+,pi,44,98,130915.707872,4.394202e-04,3,3,3.5,e,-3.5,-1,5,5,4.5,e,-2.5,-1
sigma+,pi,43,137,130953.851886,2.183195e-08,3,3,2.5,f,+2.5,+1,5,5,5.5,f,+3.5,+1
sigma+,pi,42,136,130953.878528,3.640572e-08,3,3,2.5,f,+1.5,+1,5,5,5.5,f,+2.5,+1
sigma+,pi,41,135,130953.905195,3.642373e-08,3,3,2.5,f,+0.5,+1,5,5,5.5,f,+1.5,+1
sigma+,pi,40,134,130953.931887,2.602899e-08,3,3,2.5,f,-0.5,+1,5,5,5.5,f,+0.5,+1
sigma+,pi,39,133,130953.958606,1.302009e-08,3,3,2.5,f,-1.5,+1,5,5,5.5,f,-0.5,+1
sigma+,pi,38,132,130953.985349,3.647070e-09,3,3,2.5,f,-2.5,+1,5,5,5.5,f,-1.5,+1
sigma+,pi,43,114,130957.452612,1.132424e-01,3,3,2.5,f,+2.5,+1,5,5,4.5,f,+3.5,+1
sigma+,pi,42,113,130957.472674,1.416852e-01,3,3,2.5,f,+1.5,+1,5,5,4.5,f,+2.5,+1
sigma+,pi,41,112,130957.492749,1.215587e-01,3,3,2.5,f,+0.5,+1,5,5,4.5,f,+1.5,+1
sigma+,pi,40,111,130957.512837,8.111588e-02,3,3,2.5,f,-0.5,+1,5,5,4.5,f,+0.5,+1
sigma+,pi,39,110,130957.532939,4.059661e-02,3,3,2.5,f,-1.5,+1,5,5,4.5,f,-0.5,+1
sigma+,pi,38,109,130957.553054,1.219067e-02,3,3,2.5,f,-2.5,+1,5,5,4.5,f,-1.5,+1
sigma+,pi,1,73,130957.894702,2.902706e-12,1,1,0.5,e,+0.5,-1,4,4,3.5,f,+1.5,-1
sigma+,pi,0,72,130958.098884,1.756846e-12,1,1,0.5,e,-0.5,-1,4,4,3.5,f,+0.5,-1
sigma+,pi,59,138,130959.673744,9.851215e-02,3,3,3.5,f,+3.5,+1,5,5,5.5,f,+4.5,+1
sigma+,pi,58,137,130959.685535,1.377737e-01,3,3,3.5,f,+2.5,+1,5,5,5.5,f,+3.5,+1
sigma+,pi,57,136,130959.697314,1.376296e-01,3,3,3.5,f,+1.5,+1,5,5,5.5,f,+2.5,+1
sigma+,pi,56,135,130959.709080,1.145706e-01,3,3,3.5,f,+0.5,+1,5,5,5.5,f,+1.5,+1
sigma+,pi,55,134,130959.720833,8.174940e-02,3,3,3.5,f,-0.5,+1,5,5,5.5,f,+0.5,+1
sigma+,pi,54,133,130959.732572,4.899732e-02,3,3,3.5,f,-1.5,+1,5,5,5.5,f,-0.5,+1
sigma+,pi,53,132,130959.744298,2.284087e-02,3,3,3.5,f,-2.5,+1,5,5,5.5,f,-1.5,+1
sigma+,pi,52,131,130959.756011,6.518908e-03,3,3,3.5,f,-3.5,+1,5,5,5.5,f,-2.5,+1
sigma+,pi,59,115,130963.281038,9.669508e-03,3,3,3.5,f,+3.5,+1,5,5,4.5,f,+4.5,+1
sigma+,pi,58,114,130963.286261,1.377910e-03,3,3,3.5,f,+2.5,+1,5,5,4.5,f,+3.5,+1
sigma+,pi,57,113,130963.291460,1.203995e-04,3,3,3.5,f,+1.5,+1,5,5,4.5,f,+2.5,+1
sigma+,pi,56,112,130963.296634,2.102764e-03,3,3,3.5,f,+0.5,+1,5,5,4.5,f,+1.5,+1
sigma+,pi,55,111,130963.301783,4.546229e-03,3,3,3.5,f,-0.5,+1,5,5,4.5,f,+0.5,+1
sigma+,pi,54,110,130963.306906,5.706888e-03,3,3,3.5,f,-1.5,+1,5,5,4.5,f,-0.5,+1
sigma+,pi,53,109,130963.312003,4.895697e-03,3,3,3.5,f,-2.5,+1,5,5,4.5,f,-1.5,+1
sigma+,pi,52,108,130963.317075,2.499058e-03,3,3,3.5,f,-3.5,+1,5,5,4.5,f,-2.5,+1
sigma+,pi,7,74,130972.926485,6.675071e-09,1,1,1.5,e,+1.5,-1,4,4,3.5,f,+2.5,-1
sigma+,pi,6,73,130973.005960,6.768263e-09,1,1,1.5,e,+0.5,-1,4,4,3.5,f,+1.5,-1
sigma+,pi,5,72,130973.084912,4.118052e-09,1,1,1.5,e,-0.5,-1,4,4,3.5,f,+0.5,-1
sigma+,pi,4,71,130973.163326,1.392123e-09,1,1,1.5,e,-1.5,-1,4,4,3.5,f,-0.5,-1
sigma+,pi,31,104,174538.258646,1.712102e-10,2,2,2.5,f,+2.5,-1,5,5,4.5,e,+3.5,-1
sigma+,pi,30,103,174538.279033,2.155577e-10,2,2,2.5,f,+1.5,-1,5,5,4.5,e,+2.5,-1
sigma+,pi,29,102,174538.299354,1.861014e-10,2,2,2.5,f,+0.5,-1,5,5,4.5,e,+1.5,-1
sigma+,pi,28,101,174538.319609,1.249685e-10,2,2,2.5,f,-0.5,-1,5,5,4.5,e,+0.5,-1
sigma+,pi,27,100,174538.339796,6.293926e-11,2,2,2.5,f,-1.5,-1,5,5,4.5,e,-0.5,-1
sigma+,pi,26,99,174538.359916,1.901970e-11,2,2,2.5,f,-2.5,-1,5,5,4.5,e,-1.5,-1
sigma+,pi,15,113,174625.108809,1.007835e-12,2,2,1.5,e,+1.5,+1,5,5,4.5,f,+2.5,+1
sigma+,pi,14,112,174625.167112,1.300301e-12,2,2,1.5,e,+0.5,+1,5,5,4.5,f,+1.5,+1
sigma+,pi,25,114,174633.461892,2.949878e-09,2,2,2.5,e,+2.5,+1,5,5,4.5,f,+3.5,+1
sigma+,pi,24,113,174633.487725,3.712463e-09,2,2,2.5,e,+1.5,+1,5,5,4.5,f,+2.5,+1
sigma+,pi,23,112,174633.513489,3.203862e-09,2,2,2.5,e,+0.5,+1,5,5,4.5,f,+1.5,+1
sigma+,pi,22,111,174633.539184,2.150560e-09,2,2,2.5,e,-0.5,+1,5,5,4.5,f,+0.5,+1
sigma+,pi,21,110,174633.564807,1.082683e-09,2,2,2.5,e,-1.5,+1,5,5,4.5,f,-0.5,+1
sigma+,pi,20,109,174633.590360,3.270495e-10,2,2,2.5,e,-2.5,+1,5,5,4.5,f,-1.5,+1
sigma-,pi,109,20,-174633.590360,3.270495e-10,5,5,4.5,f,-1.5,+1,2,2,2.5,e,-2.5,+1
sigma-,pi,110,21,-174633.564807,1.082683e-09,5,5,4.5,f,-0.5,+1,2,2,2.5,e,-1.5,+1
sigma-,pi,111,22,-174633.539184,2.150560e-09,5,5,4.5,f,+0.5,+1,2,2,2.5,e,-0.5,+1
sigma-,pi,112,23,-174633.513489,3.203862e-09,5,5,4.5,f,+1.5,+1,2,2,2.5,e,+0.5,+1
sigma-,pi,113,24,-174633.487725,3.712463e-09,5,5,4.5,f,+2.5,+1,2,2,2.5,e,+1.5,+1
sigma-,pi,114,25,-174633.461892,2.949878e-09,5,5,4.5,f,+3.5,+1,2,2,2.5,e,+2.5,+1
sigma-,pi,112,14,-174625.167112,1.300301e-12,5,5,4.5,f,+1.5,+1,2,2,1.5,e,+0.5,+1
sigma-,pi,113,15,-174625.108809,1.007835e-12,5,5,4.5,f,+2.5,+1,2,2,1.5,e,+1.5,+1
sigma-,pi,99,26,-174538.359916,1.901970e-11,5,5,4.5,e,-1.5,-1,2,2,2.5,f,-2.5,-1
sigma-,pi,100,27,-174538.339796,6.293926e-11,5,5,4.5,e,-0.5,-1,2,2,2.5,f,-1.5,-1
sigma-,pi,101,28,-174538.319609,1.249685e-10,5,5,4.5,e,+0.5,-1,2,2,2.5,f,-0.5,-1
sigma-,pi,102,29,-174538.299354,1.861014e-10,5,5,4.5,e,+1.5,-1,2,2,2.5,f,+0.5,-1
sigma-,pi,103,30,-174538.279033,2.155577e-10,5,5,4.5,e,+2.5,-1,2,2,2.5,f,+1.5,-1
sigma-,pi,104,31,-174538.258646,1.712102e-10,5,5,4.5,e,+3.5,-1,2,2,2.5,f,+2.5,-1
sigma-,pi,71,4,-130973.163326,1.392123e-09,4,4,3.5,f,-0.5,-1,1,1,1.5,e,-1.5,-1
sigma-,pi,72,5,-130973.084912,4.118052e-09,4,4,3.5,f,+0.5,-1,1,1,1.5,e,-0.5,-1
sigma-,pi,73,6,-130973.005960,6.768263e-09,4,4,3.5,f,+1.5,-1,1,1,1.5,e,+0.5,-1
sigma-,pi,74,7,-130972.926485,6.675071e-09,4,4,3.5,f,+2.5,-1,1,1,1.5,e,+1.5,-1
sigma-,pi,108,52,-130963.317075,2.499058e-03,5,5,4.5,f,-2.5,+1,3,3,3.5,f,-3.5,+1
sigma-,pi,109,53,-130963.312003,4.895697e-03,5,5,4.5,f,-1.5,+1,3,3,3.5,f,-2.5,+1
sigma-,pi,110,54,-130963.306906,5.706888e-03,5,5,4.5,f,-0.5,+1,3,3,3.5,f,-1.5,+1
sigma-,pi,111,55,-130963.301783,4.546229e-03,5,5,4.5,f,+0.5,+1,3,3,3.5,f,-0.5,+1
sigma-,pi,112,56,-130963.296634,2.102764e-03,5,5,4.5,f,+1.5,+1,3,3,3.5,f,+0.5,+1
sigma-,pi,113,57,-130963.291460,1.203995e-04,5,5,4.5,f,+2.5,+1,3,3,3.5,f,+1.5,+1
sigma-,pi,114,58,-130963.286261,1.377910e-03,5,5,4.5,f,+3.5,+1,3,3,3.5,f,+2.5,+1
sigma-,pi,115,59,-130963.281038,9.669508e-03,5,5,4.5,f,+4.5,+1,3,3,3.5,f,+3.5,+1
sigma-,pi,131,52,-130959.756011,6.518908e-03,5,5,5.5,f,-2.5,+1,3,3,3.5,f,-3.5,+1
sigma-,pi,132,53,-130959.744298,2.284087e-02,5,5,5.5,f,-1.5,+1,3,3,3.5,f,-2.5,+1
sigma-,pi,133,54,-130959.732572,4.899732e-02,5,5,5.5,f,-0.5,+1,3,3,3.5,f,-1.5,+1
sigma-,pi,134,55,-130959.720833,8.174940e-02,5,5,5.5,f,+0.5,+1,3,3,3.5,f,-0.5,+1
sigma-,pi,135,56,-130959.709080,1.145706e-01,5,5,5.5,f,+1.5,+1,3,3,3.5,f,+0.5,+1
sigma-,pi,136,57,-130959.697314,1.376296e-01,5,5,5.5,f,+2.5,+1,3,3,3.5,f,+1.5,+1
sigma-,pi,137,58,-130959.685535,1.377737e-01,5,5,5.5,f,+3.5,+1,3,3,3.5,f,+2.5,+1
sigma-,pi,138,59,-130959.673744,9.851215e-02,5,5,5.5,f,+4.5,+1,3,3,3.5,f,+3.5,+1
sigma-,pi,72,0,-130958.098884,1.756846e-12,4,4,3.5,f,+0.5,-1,1,1,0.5,e,-0.5,-1
sigma-,pi,73,1,-130957.894702,2.902706e-12,4,4,3.5,f,+1.5,-1,1,1,0.5,e,+0.5,-1
sigma-,pi,109,38,-130957.553054,1.219067e-02,5,5,4.5,f,-1.5,+1,3,3,2.5,f,-2.5,+1
sigma-,pi,110,39,-130957.532939,4.059661e-02,5,5,4.5,f,-0.5,+1,3,3,2.5,f,-1.5,+1
sigma-,pi,111,40,-130957.512837,8.111588e-02,5,5,4.5,f,+0.5,+1,3,3,2.5,f,-0.5,+1
sigma-,pi,112,41,-130957.492749,1.215587e-01,5,5,4.5,f,+1.5,+1,3,3,2.5,f,+0.5,+1
sigma-,pi,113,42,-130957.472674,1.416852e-01,5,5,4.5,f,+2.5,+1,3,3,2.5,f,+1.5,+1
sigma-,pi,114,43,-130957.452612,1.132424e-01,5,5,4.5,f,+3.5,+1,3,3,2.5,f,+2.5,+1
sigma-,pi,132,38,-130953.985349,3.647070e-09,5,5,5.5,f,-1.5,+1,3,3,2.5,f,-2.5,+1
sigma-,pi,133,39,-130953.958606,1.302009e-08,5,5,5.5,f,-0.5,+1,3,3,2.5,f,-1.5,+1
sigma-,pi,134,40,-130953.931887,2.602899e-08,5,5,5.5,f,+0.5,+1,3,3,2.5,f,-0.5,+1
sigma-,pi,135,41,-130953.905195,3.642373e-08,5,5,5.5,f,+1.5,+1,3,3,2.5,f,+0.5,+1
sigma-,pi,136,42,-130953.878528,3.640572e-08,5,5,5.5,f,+2.5,+1,3,3,2.5,f,+1.5,+1
sigma-,pi,137,43,-130953.851886,2.183195e-08,5,5,5.5,f,+3.5,+1,3,3,2.5,f,+2.5,+1
sigma-,pi,98,44,-130915.707872,4.394202e-04,5,5,4.5,e,-2.5,-1,3,3,3.5,e,-3.5,-1
sigma-,pi,99,45,-130915.703481,8.607978e-04,5,5,4.5,e,-1.5,-1,3,3,3.5,e,-2.5,-1
sigma-,pi,100,46,-130915.699062,1.003452e-03,5,5,4.5,e,-0.5,-1,3,3,3.5,e,-1.5,-1
sigma-,pi,101,47,-130915.694613,7.995095e-04,5,5,4.5,e,+0.5,-1,3,3,3.5,e,-0.5,-1
sigma-,pi,102,48,-130915.690136,3.700431e-04,5,5,4.5,e,+1.5,-1,3,3,3.5,e,+0.5,-1
sigma-,pi,103,49,-130915.685631,2.133567e-05,5,5,4.5,e,+2.5,-1,3,3,3.5,e,+1.5,-1
sigma-,pi,104,50,-130915.681097,2.412497e-04,5,5,4.5,e,+3.5,-1,3,3,3.5,e,+2.5,-1
sigma-,pi,105,51,-130915.676536,1.695708e-03,5,5,4.5,e,+4.5,-1,3,3,3.5,e,+3.5,-1
sigma-,pi,63,8,-130914.968869,1.434940e-11,4,4,3.5,e,-0.5,+1,1,1,1.5,f,-1.5,+1
sigma-,pi,64,9,-130914.895553,4.239936e-11,4,4,3.5,e,+0.5,+1,1,1,1.5,f,-0.5,+1
sigma-,pi,65,10,-130914.821716,6.960693e-11,4,4,3.5,e,+1.5,+1,1,1,1.5,f,+0.5,+1
sigma-,pi,66,11,-130914.747368,6.857018e-11,4,4,3.5,e,+2.5,+1,1,1,1.5,f,+1.5,+1
sigma-,pi,119,44,-130912.148091,1.150635e-03,5,5,5.5,e,-2.5,-1,3,3,3.5,e,-3.5,-1
sigma-,pi,120,45,-130912.136533,4.031954e-03,5,5,5.5,e,-1.5,-1,3,3,3.5,e,-2.5,-1
sigma-,pi,121,46,-130912.124960,8.649981e-03,5,5,5.5,e,-0.5,-1,3,3,3.5,e,-1.5,-1
sigma-,pi,122,47,-130912.113372,1.443333e-02,5,5,5.5,e,+0.5,-1,3,3,3.5,e,-0.5,-1
sigma-,pi,123,48,-130912.101770,2.022991e-02,5,5,5.5,e,+1.5,-1,3,3,3.5,e,+0.5,-1
sigma-,pi,124,49,-130912.090153,2.430362e-02,5,5,5.5,e,+2.5,-1,3,3,3.5,e,+1.5,-1
sigma-,pi,125,50,-130912.078523,2.433119e-02,5,5,5.5,e,+3.5,-1,3,3,3.5,e,+2.5,-1
sigma-,pi,126,51,-130912.066878,1.739900e-02,5,5,5.5,e,+4.5,-1,3,3,3.5,e,+3.5,-1
sigma-,pi,99,32,-130909.946574,2.153282e-03,5,5,4.5,e,-1.5,-1,3,3,2.5,e,-2.5,-1
sigma-,pi,100,33,-130909.926306,7.170431e-03,5,5,4.5,e,-0.5,-1,3,3,2.5,e,-1.5,-1
sigma-,pi,101,34,-130909.906053,1.432663e-02,5,5,4.5,e,+0.5,-1,3,3,2.5,e,-0.5,-1
sigma-,pi,102,35,-130909.885814,2.146877e-02,5,5,4.5,e,+1.5,-1,3,3,2.5,e,+0.5,-1
sigma-,pi,103,36,-130909.865590,2.502241e-02,5,5,4.5,e,+2.5,-1,3,3,2.5,e,+1.5,-1
sigma-,pi,104,37,-130909.845380,1.999849e-02,5,5,4.5,e,+3.5,-1,3,3,2.5,e,+2.5,-1
sigma-,pi,120,32,-130906.379626,1.034615e-09,5,5,5.5,e,-1.5,-1,3,3,2.5,e,-2.5,-1
sigma-,pi,121,33,-130906.352204,3.688334e-09,5,5,5.5,e,-0.5,-1,3,3,2.5,e,-1.5,-1
sigma-,pi,122,34,-130906.324811,7.363107e-09,5,5,5.5,e,+0.5,-1,3,3,2.5,e,-0.5,-1
sigma-,pi,123,35,-130906.297447,1.028920e-08,5,5,5.5,e,+1.5,-1,3,3,2.5,e,+0.5,-1
sigma-,pi,124,36,-130906.270112,1.026990e-08,5,5,5.5,e,+2.5,-1,3,3,2.5,e,+1.5,-1
sigma-,pi,125,37,-130906.242805,6.150264e-09,5,5,5.5,e,+3.5,-1,3,3,2.5,e,+2.5,-1
sigma-,pi,70,26,-101863.615957,5.700942e-03,4,4,3.5,f,-1.5,-1,2,2,2.5,f,-2.5,-1
sigma-,pi,71,27,-101863.599332,9.142354e-03,4,4,3.5,f,-0.5,-1,2,2,2.5,f,-1.5,-1
sigma-,pi,72,28,-101863.582636,7.360253e-03,4,4,3.5,f,+0.5,-1,2,2,2.5,f,-0.5,-1
sigma-,pi,73,29,-101863.565871,2.239417e-03,4,4,3.5,f,+1.5,-1,2,2,2.5,f,+0.5,-1
sigma-,pi,74,30,-101863.549037,3.716080e-04,4,4,3.5,f,+2.5,-1,2,2,2.5,f,+1.5,-1
sigma-,pi,75,31,-101863.532135,1.291949e-02,4,4,3.5,f,+3.5,-1,2,2,2.5,f,+2.5,-1
sigma-,pi,89,26,-101859.194219,1.117041e-02,4,4,4.5,f,-1.5,-1,2,2,2.5,f,-2.5,-1
sigma-,pi,90,27,-101859.168310,3.729812e-02,4,4,4.5,f,-0.5,-1,2,2,2.5,f,-1.5,-1
sigma-,pi,91,28,-101859.142350,7.472230e-02,4,4,4.5,f,+0.5,-1,2,2,2.5,f,-0.5,-1
sigma-,pi,92,29,-101859.116340,1.122714e-01,4,4,4.5,f,+1.5,-1,2,2,2.5,f,+0.5,-1
sigma-,pi,93,30,-101859.090280,1.312011e-01,4,4,4.5,f,+2.5,-1,2,2,2.5,f,+1.5,-1
sigma-,pi,94,31,-101859.064171,1.051341e-01,4,4,4.5,f,+3.5,-1,2,2,2.5,f,+2.5,-1
sigma-,pi,71,16,-101855.316708,2.439707e-02,4,4,3.5,f,-0.5,-1,2,2,1.5,f,-1.5,-1
sigma-,pi,72,17,-101855.268376,7.306586e-02,4,4,3.5,f,+0.5,-1,2,2,1.5,f,-0.5,-1
sigma-,pi,73,18,-101855.220096,1.215699e-01,4,4,3.5,f,+1.5,-1,2,2,1.5,f,+0.5,-1
sigma-,pi,74,19,-101855.171865,1.213656e-01,4,4,3.5,f,+2.5,-1,2,2,1.5,f,+1.5,-1
sigma-,pi,90,16,-101850.885686,4.175069e-11,4,4,4.5,f,-0.5,-1,2,2,1.5,f,-1.5,-1
sigma-,pi,91,17,-101850.828090,1.010910e-10,4,4,4.5,f,+0.5,-1,2,2,1.5,f,-0.5,-1
sigma-,pi,92,18,-101850.770564,1.197994e-10,4,4,4.5,f,+1.5,-1,2,2,1.5,f,+0.5,-1
sigma-,pi,93,19,-101850.713108,7.167991e-11,4,4,4.5,f,+2.5,-1,2,2,1.5,f,+1.5,-1
sigma-,pi,62,20,-101826.586928,1.002144e-03,4,4,3.5,e,-1.5,+1,2,2,2.5,e,-2.5,+1
sigma-,pi,63,21,-101826.571209,1.607085e-03,4,4,3.5,e,-0.5,+1,2,2,2.5,e,-1.5,+1
sigma-,pi,64,22,-101826.555413,1.294002e-03,4,4,3.5,e,+0.5,+1,2,2,2.5,e,-0.5,+1
sigma-,pi,65,23,-101826.539542,3.940535e-04,4,4,3.5,e,+1.5,+1,2,2,2.5,e,+0.5,+1
sigma-,pi,66,24,-101826.523596,6.492609e-05,4,4,3.5,e,+2.5,+1,2,2,2.5,e,+1.5,+1
sigma-,pi,67,25,-101826.507576,2.266457e-03,4,4,3.5,e,+3.5,+1,2,2,2.5,e,+2.5,+1
sigma-,pi,79,20,-101822.166125,1.971795e-03,4,4,4.5,e,-1.5,+1,2,2,2.5,e,-2.5,+1
sigma-,pi,80,21,-101822.140479,6.584693e-03,4,4,4.5,e,-0.5,+1,2,2,2.5,e,-1.5,+1
sigma-,pi,81,22,-101822.114780,1.319331e-02,4,4,4.5,e,+0.5,+1,2,2,2.5,e,-0.5,+1
sigma-,pi,82,23,-101822.089027,1.982561e-02,4,4,4.5,e,+1.5,+1,2,2,2.5,e,+0.5,+1
sigma-,pi,83,24,-101822.063221,2.317120e-02,4,4,4.5,e,+2.5,+1,2,2,2.5,e,+1.5,+1
sigma-,pi,84,25,-101822.037363,1.856979e-02,4,4,4.5,e,+3.5,+1,2,2,2.5,e,+2.5,+1
sigma-,pi,63,12,-101818.290293,4.309772e-03,4,4,3.5,e,-0.5,+1,2,2,1.5,e,-1.5,+1
sigma-,pi,64,13,-101818.241702,1.290665e-02,4,4,3.5,e,+0.5,+1,2,2,1.5,e,-0.5,+1
sigma-,pi,65,14,-101818.193164,2.147377e-02,4,4,3.5,e,+1.5,+1,2,2,1.5,e,+0.5,+1
sigma-,pi,66,15,-101818.144680,2.143688e-02,4,4,3.5,e,+2.5,+1,2,2,1.5,e,+1.5,+1
sigma-,pi,80,12,-101813.859564,4.777584e-11,4,4,4.5,e,-0.5,+1,2,2,1.5,e,-1.5,+1
sigma-,pi,81,13,-101813.801069,1.536936e-10,4,4,4.5,e,+0.5,+1,2,2,1.5,e,-0.5,+1
sigma-,pi,82,14,-101813.742649,2.463158e-10,4,4,4.5,e,+1.5,+1,2,2,1.5,e,+0.5,+1
sigma-,pi,83,15,-101813.684305,2.040063e-10,4,4,4.5,e,+2.5,+1,2,2,1.5,e,+1.5,+1
sigma-,pi,115,84,-72811.444181,6.029567e-03,5,5,4.5,f,+4.5,+1,4,4,4.5,e,+3.5,+1
sigma-,pi,114,83,-72811.444162,6.052938e-03,5,5,4.5,f,+3.5,+1,4,4,4.5,e,+2.5,+1
sigma-,pi,113,82,-72811.444126,3.544374e-03,5,5,4.5,f,+2.5,+1,4,4,4.5,e,+1.5,+1
sigma-,pi,112,81,-72811.444074,1.016270e-03,5,5,4.5,f,+1.5,+1,4,4,4.5,e,+0.5,+1
sigma-,pi,111,80,-72811.444004,2.047819e-10,5,5,4.5,f,+0.5,+1,4,4,4.5,e,-0.5,+1
sigma-,pi,110,79,-72811.443917,1.026249e-03,5,5,4.5,f,-0.5,+1,4,4,4.5,e,-1.5,+1
sigma-,pi,109,78,-72811.443813,3.604820e-03,5,5,4.5,f,-1.5,+1,4,4,4.5,e,-2.5,+1
sigma-,pi,108,77,-72811.443691,6.203906e-03,5,5,4.5,f,-2.5,+1,4,4,4.5,e,-3.5,+1
sigma-,pi,107,76,-72811.443552,6.228793e-03,5,5,4.5,f,-3.5,+1,4,4,4.5,e,-4.5,+1
sigma-,pi,130,76,-72807.889142,2.741565e-02,5,5,5.5,f,-3.5,+1,4,4,4.5,e,-4.5,+1
sigma-,pi,131,77,-72807.882627,5.975516e-02,5,5,5.5,f,-2.5,+1,4,4,4.5,e,-3.5,+1
sigma-,pi,132,78,-72807.876108,8.166225e-02,5,5,5.5,f,-1.5,+1,4,4,4.5,e,-2.5,+1
sigma-,pi,133,79,-72807.869584,8.495296e-02,5,5,5.5,f,-0.5,+1,4,4,4.5,e,-1.5,+1
sigma-,pi,134,80,-72807.863054,6.865188e-02,5,5,5.5,f,+0.5,+1,4,4,4.5,e,-0.5,+1
sigma-,pi,135,81,-72807.856520,3.902777e-02,5,5,5.5,f,+1.5,+1,4,4,4.5,e,+0.5,+1
sigma-,pi,136,82,-72807.849980,9.628559e-03,5,5,5.5,f,+2.5,+1,4,4,4.5,e,+1.5,+1
sigma-,pi,137,83,-72807.843436,1.315852e-03,5,5,5.5,f,+3.5,+1,4,4,4.5,e,+2.5,+1
sigma-,pi,138,84,-72807.836887,4.229879e-02,5,5,5.5,f,+4.5,+1,4,4,4.5,e,+3.5,+1
sigma-,pi,139,85,-72807.830333,1.681674e-01,5,5,5.5,f,+5.5,+1,4,4,4.5,e,+4.5,+1
sigma-,pi,108,60,-72807.042807,3.751853e-02,5,5,4.5,f,-2.5,+1,4,4,3.5,e,-3.5,+1
sigma-,pi,109,61,-72807.032958,7.368409e-02,5,5,4.5,f,-1.5,+1,4,4,3.5,e,-2.5,+1
sigma-,pi,110,62,-72807.023114,8.607139e-02,5,5,4.5,f,-0.5,+1,4,4,3.5,e,-1.5,+1
sigma-,pi,111,63,-72807.013274,6.864041e-02,5,5,4.5,f,+0.5,+1,4,4,3.5,e,-0.5,+1
sigma-,pi,112,64,-72807.003440,3.167681e-02,5,5,4.5,f,+1.5,+1,4,4,3.5,e,+0.5,+1
sigma-,pi,113,65,-72806.993611,1.733420e-03,5,5,4.5,f,+2.5,+1,4,4,3.5,e,+1.5,+1
sigma-,pi,114,66,-72806.983787,2.157296e-02,5,5,4.5,f,+3.5,+1,4,4,3.5,e,+2.5,+1
sigma-,pi,115,67,-72806.973968,1.501119e-01,5,5,4.5,f,+4.5,+1,4,4,3.5,e,+3.5,+1
sigma-,pi,131,60,-72803.481743,2.298814e-04,5,5,5.5,f,-2.5,+1,4,4,3.5,e,-3.5,+1
sigma-,pi,132,61,-72803.465253,8.011130e-04,5,5,5.5,f,-1.5,+1,4,4,3.5,e,-2.5,+1
sigma-,pi,133,62,-72803.448780,1.709279e-03,5,5,5.5,f,-0.5,+1,4,4,3.5,e,-1.5,+1
sigma-,pi,134,63,-72803.432325,2.836558e-03,5,5,5.5,f,+0.5,+1,4,4,3.5,e,-0.5,+1
sigma-,pi,135,64,-72803.415886,3.954155e-03,5,5,5.5,f,+1.5,+1,4,4,3.5,e,+0.5,+1
sigma-,pi,136,65,-72803.399465,4.724687e-03,5,5,5.5,f,+2.5,+1,4,4,3.5,e,+1.5,+1
sigma-,pi,137,66,-72803.383061,4.704518e-03,5,5,5.5,f,+3.5,+1,4,4,3.5,e,+2.5,+1
sigma-,pi,138,67,-72803.366674,3.346056e-03,5,5,5.5,f,+4.5,+1,4,4,3.5,e,+3.5,+1
sigma-,pi,40,8,-72764.469306,1.474297e-02,3,3,2.5,f,-0.5,+1,1,1,1.5,f,-1.5,+1
sigma-,pi,41,9,-72764.406245,1.344994e-02,3,3,2.5,f,+0.5,+1,1,1,1.5,f,-0.5,+1
sigma-,pi,42,10,-72764.342653,1.041061e-03,3,3,2.5,f,+1.5,+1,1,1,1.5,f,+0.5,+1
sigma-,pi,43,11,-72764.278544,1.596498e-02,3,3,2.5,f,+2.5,+1,1,1,1.5,f,+1.5,+1
sigma-,pi,55,8,-72758.680360,1.927116e-02,3,3,3.5,f,-0.5,+1,1,1,1.5,f,-1.5,+1
sigma-,pi,56,9,-72758.602360,5.801502e-02,3,3,3.5,f,+0.5,+1,1,1,1.5,f,-0.5,+1
sigma-,pi,57,10,-72758.523867,9.702524e-02,3,3,3.5,f,+1.5,+1,1,1,1.5,f,+0.5,+1
sigma-,pi,58,11,-72758.444894,9.735644e-02,3,3,3.5,f,+2.5,+1,1,1,1.5,f,+1.5,+1
sigma-,pi,41,2,-72749.419288,5.319855e-02,3,3,2.5,f,+0.5,+1,1,1,0.5,f,-0.5,+1
sigma-,pi,42,3,-72749.232384,1.058961e-01,3,3,2.5,f,+1.5,+1,1,1,0.5,f,+0.5,+1
sigma-,pi,56,2,-72743.615402,1.401238e-07,3,3,3.5,f,+0.5,+1,1,1,0.5,f,-0.5,+1
sigma-,pi,57,3,-72743.413597,2.256204e-07,3,3,3.5,f,+1.5,+1,1,1,0.5,f,+0.5,+1
sigma-,pi,34,4,-72738.020552,2.591075e-03,3,3,2.5,e,-0.5,-1,1,1,1.5,e,-1.5,-1
sigma-,pi,35,5,-72737.958877,2.364086e-03,3,3,2.5,e,+0.5,-1,1,1,1.5,e,-0.5,-1
sigma-,pi,36,6,-72737.896654,1.833348e-04,3,3,2.5,e,+1.5,-1,1,1,1.5,e,+0.5,-1
sigma-,pi,37,7,-72737.833894,2.801897e-03,3,3,2.5,e,+2.5,-1,1,1,1.5,e,+1.5,-1
sigma-,pi,47,4,-72732.231991,3.402277e-03,3,3,3.5,e,-0.5,-1,1,1,1.5,e,-1.5,-1
sigma-,pi,48,5,-72732.154555,1.024457e-02,3,3,3.5,e,+0.5,-1,1,1,1.5,e,-0.5,-1
sigma-,pi,49,6,-72732.076612,1.713673e-02,3,3,3.5,e,+1.5,-1,1,1,1.5,e,+0.5,-1
sigma-,pi,50,7,-72731.998177,1.719870e-02,3,3,3.5,e,+2.5,-1,1,1,1.5,e,+1.5,-1
sigma-,pi,35,0,-72722.972849,9.402129e-03,3,3,2.5,e,+0.5,-1,1,1,0.5,e,-0.5,-1
sigma-,pi,36,1,-72722.785395,1.871546e-02,3,3,2.5,e,+1.5,-1,1,1,0.5,e,+0.5,-1
sigma-,pi,48,0,-72717.168527,2.061273e-08,3,3,3.5,e,+0.5,-1,1,1,0.5,e,-0.5,-1
sigma-,pi,49,1,-72716.965354,3.309852e-08,3,3,3.5,e,+1.5,-1,1,1,0.5,e,+0.5,-1
sigma-,pi,105,94,-72679.217261,7.116015e-04,5,5,4.5,e,+4.5,-1,4,4,4.5,f,+3.5,-1
sigma-,pi,104,93,-72679.211546,7.129960e-04,5,5,4.5,e,+3.5,-1,4,4,4.5,f,+2.5,-1
sigma-,pi,103,92,-72679.205814,4.163029e-04,5,5,4.5,e,+2.5,-1,4,4,4.5,f,+1.5,-1
sigma-,pi,102,91,-72679.200066,1.185619e-04,5,5,4.5,e,+1.5,-1,4,4,4.5,f,+0.5,-1
sigma-,pi,101,90,-72679.194301,4.836092e-09,5,5,4.5,e,+0.5,-1,4,4,4.5,f,-0.5,-1
sigma-,pi,100,89,-72679.188519,1.222861e-04,5,5,4.5,e,-0.5,-1,4,4,4.5,f,-1.5,-1
sigma-,pi,99,88,-72679.182720,4.266709e-04,5,5,4.5,e,-1.5,-1,4,4,4.5,f,-2.5,-1
sigma-,pi,98,87,-72679.176904,7.321807e-04,5,5,4.5,e,-2.5,-1,4,4,4.5,f,-3.5,-1
sigma-,pi,97,86,-72679.171071,7.336938e-04,5,5,4.5,e,-3.5,-1,4,4,4.5,f,-4.5,-1
sigma-,pi,118,86,-72675.618473,3.211396e-03,5,5,5.5,e,-3.5,-1,4,4,4.5,f,-4.5,-1
sigma-,pi,119,87,-72675.617124,6.999845e-03,5,5,5.5,e,-2.5,-1,4,4,4.5,f,-3.5,-1
sigma-,pi,120,88,-72675.615772,9.566476e-03,5,5,5.5,e,-1.5,-1,4,4,4.5,f,-2.5,-1
sigma-,pi,121,89,-72675.614417,9.952383e-03,5,5,5.5,e,-0.5,-1,4,4,4.5,f,-1.5,-1
sigma-,pi,122,90,-72675.613059,8.043029e-03,5,5,5.5,e,+0.5,-1,4,4,4.5,f,-0.5,-1
sigma-,pi,123,91,-72675.611699,4.572584e-03,5,5,5.5,e,+1.5,-1,4,4,4.5,f,+0.5,-1
sigma-,pi,124,92,-72675.610336,1.128188e-03,5,5,5.5,e,+2.5,-1,4,4,4.5,f,+1.5,-1
sigma-,pi,125,93,-72675.608971,1.541446e-04,5,5,5.5,e,+3.5,-1,4,4,4.5,f,+2.5,-1
sigma-,pi,126,94,-72675.607603,4.956039e-03,5,5,5.5,e,+4.5,-1,4,4,4.5,f,+3.5,-1
sigma-,pi,127,95,-72675.606233,1.970480e-02,5,5,5.5,e,+5.5,-1,4,4,4.5,f,+4.5,-1
sigma-,pi,98,68,-72674.773793,4.398048e-03,5,5,4.5,e,-2.5,-1,4,4,3.5,f,-3.5,-1
sigma-,pi,99,69,-72674.770286,8.637664e-03,5,5,4.5,e,-1.5,-1,4,4,3.5,f,-2.5,-1
sigma-,pi,100,70,-72674.766781,1.008994e-02,5,5,4.5,e,-0.5,-1,4,4,3.5,f,-1.5,-1
sigma-,pi,101,71,-72674.763279,8.046645e-03,5,5,4.5,e,+0.5,-1,4,4,3.5,f,-0.5,-1
sigma-,pi,102,72,-72674.759780,3.713418e-03,5,5,4.5,e,+1.5,-1,4,4,3.5,f,+0.5,-1
sigma-,pi,103,73,-72674.756283,2.031584e-04,5,5,4.5,e,+2.5,-1,4,4,3.5,f,+1.5,-1
sigma-,pi,104,74,-72674.752789,2.529493e-03,5,5,4.5,e,+3.5,-1,4,4,3.5,f,+2.5,-1
sigma-,pi,105,75,-72674.749297,1.760039e-02,5,5,4.5,e,+4.5,-1,4,4,3.5,f,+3.5,-1
sigma-,pi,119,68,-72671.214013,2.738328e-05,5,5,5.5,e,-2.5,-1,4,4,3.5,f,-3.5,-1
sigma-,pi,120,69,-72671.203338,9.514795e-05,5,5,5.5,e,-1.5,-1,4,4,3.5,f,-2.5,-1
sigma-,pi,121,70,-72671.192679,2.024165e-04,5,5,5.5,e,-0.5,-1,4,4,3.5,f,-1.5,-1
sigma-,pi,122,71,-72671.182038,3.349306e-04,5,5,5.5,e,+0.5,-1,4,4,3.5,f,-0.5,-1
sigma-,pi,123,72,-72671.171413,4.655327e-04,5,5,5.5,e,+1.5,-1,4,4,3.5,f,+0.5,-1
sigma-,pi,124,73,-72671.160805,5.546330e-04,5,5,5.5,e,+2.5,-1,4,4,3.5,f,+1.5,-1
sigma-,pi,125,74,-72671.150214,5.506642e-04,5,5,5.5,e,+3.5,-1,4,4,3.5,f,+2.5,-1
sigma-,pi,126,75,-72671.139640,3.905232e-04,5,5,5.5,e,+4.5,-1,4,4,3.5,f,+3.5,-1
sigma-,pi,69,44,-58240.960415,1.258165e-02,4,4,3.5,f,-2.5,-1,3,3,3.5,e,-3.5,-1
sigma-,pi,70,45,-58240.959522,9.537417e-03,4,4,3.5,f,-1.5,-1,3,3,3.5,e,-2.5,-1
sigma-,pi,71,46,-58240.958597,2.964748e-03,4,4,3.5,f,-0.5,-1,3,3,3.5,e,-1.5,-1
sigma-,pi,72,47,-58240.957641,3.600290e-10,4,4,3.5,f,+0.5,-1,3,3,3.5,e,-0.5,-1
sigma-,pi,73,48,-58240.956654,2.939811e-03,4,4,3.5,f,+1.5,-1,3,3,3.5,e,+0.5,-1
sigma-,pi,74,49,-58240.955636,9.358638e-03,4,4,3.5,f,+2.5,-1,3,3,3.5,e,+1.5,-1
sigma-,pi,75,50,-58240.954587,1.222264e-02,4,4,3.5,f,+3.5,-1,3,3,3.5,e,+2.5,-1
sigma-,pi,88,44,-58236.547981,4.314705e-02,4,4,4.5,f,-2.5,-1,3,3,3.5,e,-3.5,-1
sigma-,pi,89,45,-58236.537784,8.498756e-02,4,4,4.5,f,-1.5,-1,3,3,3.5,e,-2.5,-1
sigma-,pi,90,46,-58236.527576,9.960724e-02,4,4,4.5,f,-0.5,-1,3,3,3.5,e,-1.5,-1
sigma-,pi,91,47,-58236.517355,7.977708e-02,4,4,4.5,f,+0.5,-1,3,3,3.5,e,-0.5,-1
sigma-,pi,92,48,-58236.507123,3.709676e-02,4,4,4.5,f,+1.5,-1,3,3,3.5,e,+0.5,-1
sigma-,pi,93,49,-58236.496878,2.135248e-03,4,4,4.5,f,+2.5,-1,3,3,3.5,e,+1.5,-1
sigma-,pi,94,50,-58236.486623,2.456893e-02,4,4,4.5,f,+3.5,-1,3,3,3.5,e,+2.5,-1
sigma-,pi,95,51,-58236.476355,1.733171e-01,4,4,4.5,f,+4.5,-1,3,3,3.5,e,+3.5,-1
sigma-,pi,70,32,-58235.202615,6.149051e-02,4,4,3.5,f,-1.5,-1,3,3,2.5,e,-2.5,-1
sigma-,pi,71,33,-58235.185842,9.903950e-02,4,4,3.5,f,-0.5,-1,3,3,2.5,e,-1.5,-1
sigma-,pi,72,34,-58235.169081,8.002418e-02,4,4,3.5,f,+0.5,-1,3,3,2.5,e,-0.5,-1
sigma-,pi,73,35,-58235.152332,2.435301e-02,4,4,3.5,f,+1.5,-1,3,3,2.5,e,+0.5,-1
sigma-,pi,74,36,-58235.135594,4.194253e-03,4,4,3.5,f,+2.5,-1,3,3,2.5,e,+1.5,-1
sigma-,pi,75,37,-58235.118869,1.437112e-01,4,4,3.5,f,+3.5,-1,3,3,2.5,e,+2.5,-1
sigma-,pi,89,32,-58230.780877,7.939182e-04,4,4,4.5,f,-1.5,-1,3,3,2.5,e,-2.5,-1
sigma-,pi,90,33,-58230.754820,2.634363e-03,4,4,4.5,f,-0.5,-1,3,3,2.5,e,-1.5,-1
sigma-,pi,91,34,-58230.728795,5.244829e-03,4,4,4.5,f,+0.5,-1,3,3,2.5,e,-0.5,-1
sigma-,pi,92,35,-58230.702800,7.831644e-03,4,4,4.5,f,+1.5,-1,3,3,2.5,e,+0.5,-1
sigma-,pi,93,36,-58230.676837,9.095671e-03,4,4,4.5,f,+2.5,-1,3,3,2.5,e,+1.5,-1
sigma-,pi,94,37,-58230.650905,7.243765e-03,4,4,4.5,f,+3.5,-1,3,3,2.5,e,+2.5,-1
sigma-,pi,67,58,-58156.331945,7.115182e-04,4,4,3.5,e,+3.5,+1,3,3,3.5,f,+2.5,+1
sigma-,pi,66,57,-58156.327331,5.438744e-04,4,4,3.5,e,+2.5,+1,3,3,3.5,f,+1.5,+1
sigma-,pi,65,56,-58156.322686,1.702351e-04,4,4,3.5,e,+1.5,+1,3,3,3.5,f,+0.5,+1
sigma-,pi,64,55,-58156.318012,1.132679e-09,4,4,3.5,e,+0.5,+1,3,3,3.5,f,-0.5,+1
sigma-,pi,63,54,-58156.313307,1.733657e-04,4,4,3.5,e,-0.5,+1,3,3,3.5,f,-1.5,+1
sigma-,pi,62,53,-58156.308572,5.557102e-04,4,4,3.5,e,-1.5,+1,3,3,3.5,f,-2.5,+1
sigma-,pi,61,52,-58156.303805,7.318325e-04,4,4,3.5,e,-2.5,+1,3,3,3.5,f,-3.5,+1
sigma-,pi,78,52,-58151.892950,2.491046e-03,4,4,4.5,e,-2.5,+1,3,3,3.5,f,-3.5,+1
sigma-,pi,79,53,-58151.887768,4.906923e-03,4,4,4.5,e,-1.5,+1,3,3,3.5,f,-2.5,+1
sigma-,pi,80,54,-58151.882578,5.751327e-03,4,4,4.5,e,-0.5,+1,3,3,3.5,f,-1.5,+1
sigma-,pi,81,55,-58151.877379,4.606588e-03,4,4,4.5,e,+0.5,+1,3,3,3.5,f,-0.5,+1
sigma-,pi,82,56,-58151.872172,2.142224e-03,4,4,4.5,e,+1.5,+1,3,3,3.5,f,+0.5,+1
sigma-,pi,83,57,-58151.866956,1.233257e-04,4,4,4.5,e,+2.5,+1,3,3,3.5,f,+1.5,+1
sigma-,pi,84,58,-58151.861732,1.418794e-03,4,4,4.5,e,+3.5,+1,3,3,3.5,f,+2.5,+1
sigma-,pi,85,59,-58151.856501,1.000941e-02,4,4,4.5,e,+4.5,+1,3,3,3.5,f,+3.5,+1
sigma-,pi,62,38,-58150.549623,3.554535e-03,4,4,3.5,e,-1.5,+1,3,3,2.5,f,-2.5,+1
sigma-,pi,63,39,-58150.539340,5.725183e-03,4,4,3.5,e,-0.5,+1,3,3,2.5,f,-1.5,+1
sigma-,pi,64,40,-58150.529067,4.625982e-03,4,4,3.5,e,+0.5,+1,3,3,2.5,f,-0.5,+1
sigma-,pi,65,41,-58150.518801,1.407716e-03,4,4,3.5,e,+1.5,+1,3,3,2.5,f,+0.5,+1
sigma-,pi,66,42,-58150.508544,2.425675e-04,4,4,3.5,e,+2.5,+1,3,3,2.5,f,+1.5,+1
sigma-,pi,67,43,-58150.498295,8.309125e-03,4,4,3.5,e,+3.5,+1,3,3,2.5,f,+2.5,+1
sigma-,pi,79,38,-58146.128819,4.632291e-05,4,4,4.5,e,-1.5,+1,3,3,2.5,f,-2.5,+1
sigma-,pi,80,39,-58146.108611,1.533499e-04,4,4,4.5,e,-0.5,+1,3,3,2.5,f,-1.5,+1
sigma-,pi,81,40,-58146.088433,3.046009e-04,4,4,4.5,e,+0.5,+1,3,3,2.5,f,-0.5,+1
sigma-,pi,82,41,-58146.068286,4.537831e-04,4,4,4.5,e,+1.5,+1,3,3,2.5,f,+0.5,+1
sigma-,pi,83,42,-58146.048169,5.258107e-04,4,4,4.5,e,+2.5,+1,3,3,2.5,f,+1.5,+1
sigma-,pi,84,43,-58146.028083,4.177938e-04,4,4,4.5,e,+3.5,+1,3,3,2.5,f,+2.5,+1
sigma-,pi,39,20,-43676.077103,3.073352e-02,3,3,2.5,f,-1.5,+1,2,2,2.5,e,-2.5,+1
sigma-,pi,40,21,-43676.071646,1.219299e-02,3,3,2.5,f,-0.5,+1,2,2,2.5,e,-1.5,+1
sigma-,pi,41,22,-43676.066105,1.576133e-08,3,3,2.5,f,+0.5,+1,2,2,2.5,e,-0.5,+1
sigma-,pi,42,23,-43676.060479,1.207420e-02,3,3,2.5,f,+1.5,+1,2,2,2.5,e,+0.5,+1
sigma-,pi,43,24,-43676.054771,2.994385e-02,3,3,2.5,f,+2.5,+1,2,2,2.5,e,+1.5,+1
sigma-,pi,54,20,-43670.303136,7.536447e-02,3,3,3.5,f,-1.5,+1,2,2,2.5,e,-2.5,+1
sigma-,pi,55,21,-43670.282701,1.220526e-01,3,3,3.5,f,-0.5,+1,2,2,2.5,e,-1.5,+1
sigma-,pi,56,22,-43670.262219,9.932299e-02,3,3,3.5,f,+0.5,+1,2,2,2.5,e,-0.5,+1
sigma-,pi,57,23,-43670.241693,3.069626e-02,3,3,3.5,f,+1.5,+1,2,2,2.5,e,+0.5,+1
sigma-,pi,58,24,-43670.221122,4.895825e-03,3,3,3.5,f,+2.5,+1,2,2,2.5,e,+1.5,+1
sigma-,pi,59,25,-43670.200506,1.767666e-01,3,3,3.5,f,+3.5,+1,2,2,2.5,e,+2.5,+1
sigma-,pi,40,12,-43667.790731,1.091414e-01,3,3,2.5,f,-0.5,+1,2,2,1.5,e,-1.5,+1
sigma-,pi,41,13,-43667.752394,1.006512e-01,3,3,2.5,f,+0.5,+1,2,2,1.5,e,-0.5,+1
sigma-,pi,42,14,-43667.714102,7.879333e-03,3,3,2.5,f,+1.5,+1,2,2,1.5,e,+0.5,+1
sigma-,pi,43,15,-43667.675856,1.219399e-01,3,3,2.5,f,+2.5,+1,2,2,1.5,e,+1.5,+1
sigma-,pi,55,12,-43662.001785,4.056852e-03,3,3,3.5,f,-0.5,+1,2,2,1.5,e,-1.5,+1
sigma-,pi,56,13,-43661.948508,1.211105e-02,3,3,3.5,f,+0.5,+1,2,2,1.5,e,-0.5,+1
sigma-,pi,57,14,-43661.895315,2.008664e-02,3,3,3.5,f,+1.5,+1,2,2,1.5,e,+0.5,+1
sigma-,pi,58,15,-43661.842206,1.998890e-02,3,3,3.5,f,+2.5,+1,2,2,1.5,e,+1.5,+1
sigma-,pi,36,29,-43628.456565,1.247903e-04,3,3,2.5,e,+1.5,-1,2,2,2.5,f,+0.5,-1
sigma-,pi,34,27,-43628.456558,1.264093e-04,3,3,2.5,e,-0.5,-1,2,2,2.5,f,-1.5,-1
sigma-,pi,37,30,-43628.456447,3.099759e-04,3,3,2.5,e,+2.5,-1,2,2,2.5,f,+1.5,-1
sigma-,pi,33,26,-43628.456432,3.181101e-04,3,3,2.5,e,-1.5,-1,2,2,2.5,f,-2.5,-1
sigma-,pi,46,26,-43622.683676,7.668263e-04,3,3,3.5,e,-1.5,-1,2,2,2.5,f,-2.5,-1
sigma-,pi,47,27,-43622.667998,1.241967e-03,3,3,3.5,e,-0.5,-1,2,2,2.5,f,-1.5,-1
sigma-,pi,48,28,-43622.652280,1.010752e-03,3,3,3.5,e,+0.5,-1,2,2,2.5,f,-0.5,-1
sigma-,pi,49,29,-43622.636523,3.124003e-04,3,3,3.5,e,+1.5,-1,2,2,2.5,f,+0.5,-1
sigma-,pi,50,30,-43622.620729,4.982872e-05,3,3,3.5,e,+2.5,-1,2,2,2.5,f,+1.5,-1
sigma-,pi,51,31,-43622.604897,1.799223e-03,3,3,3.5,e,+3.5,-1,2,2,2.5,f,+2.5,-1
sigma-,pi,34,16,-43620.173934,1.114081e-03,3,3,2.5,e,-0.5,-1,2,2,1.5,f,-1.5,-1
sigma-,pi,35,17,-43620.142342,1.027357e-03,3,3,2.5,e,+0.5,-1,2,2,1.5,f,-0.5,-1
sigma-,pi,36,18,-43620.110789,8.038532e-05,3,3,2.5,e,+1.5,-1,2,2,1.5,f,+0.5,-1
sigma-,pi,37,19,-43620.079274,1.245042e-03,3,3,2.5,e,+2.5,-1,2,2,1.5,f,+1.5,-1
sigma-,pi,47,16,-43614.385374,4.164930e-05,3,3,3.5,e,-0.5,-1,2,2,1.5,f,-1.5,-1
sigma-,pi,48,17,-43614.338020,1.241166e-04,3,3,3.5,e,+0.5,-1,2,2,1.5,f,-0.5,-1
sigma-,pi,49,18,-43614.290748,2.054894e-04,3,3,3.5,e,+1.5,-1,2,2,1.5,f,+0.5,-1
sigma-,pi,50,19,-43614.243556,2.041317e-04,3,3,3.5,e,+2.5,-1,2,2,1.5,f,+1.5,-1
sigma-,pi,17,4,-29117.921256,1.001732e-01,2,2,1.5,f,-0.5,-1,1,1,1.5,e,-1.5,-1
sigma-,pi,18,5,-29117.891113,3.075653e-07,2,2,1.5,f,+0.5,-1,1,1,1.5,e,-0.5,-1
sigma-,pi,19,6,-29117.860383,9.796933e-02,2,2,1.5,f,+1.5,-1,1,1,1.5,e,+0.5,-1
sigma-,pi,28,4,-29109.606996,1.473481e-01,2,2,2.5,f,-0.5,-1,1,1,1.5,e,-1.5,-1
sigma-,pi,29,5,-29109.545337,1.383981e-01,2,2,2.5,f,+0.5,-1,1,1,1.5,e,-0.5,-1
sigma-,pi,30,6,-29109.483211,1.161811e-02,2,2,2.5,f,+1.5,-1,1,1,1.5,e,+0.5,-1
sigma-,pi,31,7,-29109.420628,1.649732e-01,2,2,2.5,f,+2.5,-1,1,1,1.5,e,+1.5,-1
sigma-,pi,18,0,-29102.905085,1.476962e-01,2,2,1.5,f,+0.5,-1,1,1,0.5,e,-0.5,-1
sigma-,pi,19,1,-29102.749124,5.080408e-02,2,2,1.5,f,+1.5,-1,1,1,0.5,e,+0.5,-1
sigma-,pi,13,8,-29096.756670,1.008922e-03,2,2,1.5,e,-0.5,+1,1,1,1.5,f,-1.5,+1
sigma-,pi,14,9,-29096.731882,1.878044e-09,2,2,1.5,e,+0.5,+1,1,1,1.5,f,-0.5,+1
sigma-,pi,15,10,-29096.706518,9.862322e-04,2,2,1.5,e,+1.5,+1,1,1,1.5,f,+0.5,+1
sigma-,pi,29,0,-29094.559309,4.381432e-02,2,2,2.5,f,+0.5,-1,1,1,0.5,e,-0.5,-1
sigma-,pi,30,1,-29094.371952,8.710547e-02,2,2,2.5,f,+1.5,-1,1,1,0.5,e,+0.5,-1
sigma-,pi,22,8,-29088.442959,1.509558e-03,2,2,2.5,e,-0.5,+1,1,1,1.5,f,-1.5,+1
sigma-,pi,23,9,-29088.385504,1.418175e-03,2,2,2.5,e,+0.5,+1,1,1,1.5,f,-0.5,+1
sigma-,pi,24,10,-29088.327602,1.191323e-04,2,2,2.5,e,+1.5,+1,1,1,1.5,f,+0.5,+1
sigma-,pi,25,11,-29088.269263,1.690413e-03,2,2,2.5,e,+2.5,+1,1,1,1.5,f,+1.5,+1
sigma-,pi,14,2,-29081.744924,1.517285e-03,2,2,1.5,e,+0.5,+1,1,1,0.5,f,-0.5,+1
sigma-,pi,15,3,-29081.596248,5.217858e-04,2,2,1.5,e,+1.5,+1,1,1,0.5,f,+0.5,+1
sigma-,pi,23,2,-29073.398547,4.454218e-04,2,2,2.5,e,+0.5,+1,1,1,0.5,f,-0.5,+1
sigma-,pi,24,3,-29073.217332,8.848022e-04,2,2,2.5,e,+1.5,+1,1,1,0.5,f,+0.5,+1
sigma-,pi,1,5,-15.216507,3.155227e-02,1,1,0.5,e,+0.5,-1,1,1,1.5,e,-0.5,-1
sigma-,pi,3,9,-15.213600,1.784508e-01,1,1,0.5,f,+0.5,+1,1,1,1.5,f,-0.5,+1
sigma-,pi,0,4,-15.090749,1.069409e-02,1,1,0.5,e,-0.5,-1,1,1,1.5,e,-1.5,-1
sigma-,pi,2,8,-15.089776,6.047261e-02,1,1,0.5,f,-0.5,+1,1,1,1.5,f,-1.5,+1
sigma-,pi,15,23,-8.424344,3.254514e-02,2,2,1.5,e,+1.5,+1,2,2,2.5,e,+0.5,+1
sigma-,pi,19,29,-8.420294,5.762732e-03,2,2,1.5,f,+1.5,-1,2,2,2.5,f,+0.5,-1
sigma-,pi,14,22,-8.391742,3.037197e-02,2,2,1.5,e,+0.5,+1,2,2,2.5,e,-0.5,+1
sigma-,pi,18,28,-8.388838,5.376655e-03,2,2,1.5,f,+0.5,-1,2,2,2.5,f,-0.5,-1
sigma-,pi,13,21,-8.359011,2.449307e-03,2,2,1.5,e,-0.5,+1,2,2,2.5,e,-1.5,+1
sigma-,pi,17,27,-8.357262,4.335240e-04,2,2,1.5,f,-0.5,-1,2,2,2.5,f,-1.5,-1
sigma-,pi,12,20,-8.326150,3.702660e-02,2,2,1.5,e,-1.5,+1,2,2,2.5,e,-2.5,+1
sigma-,pi,16,26,-8.325566,6.550966e-03,2,2,1.5,f,-1.5,-1,2,2,2.5,f,-2.5,-1
sigma-,pi,37,49,-5.863045,1.313030e-02,3,3,2.5,e,+2.5,-1,3,3,3.5,e,+1.5,-1
sigma-,pi,43,57,-5.858506,7.625047e-04,3,3,2.5,f,+2.5,+1,3,3,3.5,f,+1.5,+1
sigma-,pi,36,48,-5.847347,2.129862e-02,3,3,2.5,e,+1.5,-1,3,3,3.5,e,+0.5,-1
sigma-,pi,42,56,-5.843624,1.236526e-03,3,3,2.5,f,+1.5,+1,3,3,3.5,f,+0.5,+1
sigma-,pi,35,47,-5.831607,1.734443e-02,3,3,2.5,e,+0.5,-1,3,3,3.5,e,-0.5,-1
sigma-,pi,41,55,-5.828704,1.006691e-03,3,3,2.5,f,+0.5,+1,3,3,3.5,f,-0.5,+1
sigma-,pi,34,46,-5.815824,5.338849e-03,3,3,2.5,e,-0.5,-1,3,3,3.5,e,-1.5,-1
sigma-,pi,40,54,-5.813744,3.097965e-04,3,3,2.5,f,-0.5,+1,3,3,3.5,f,-1.5,+1
sigma-,pi,33,45,-5.799997,8.944900e-04,3,3,2.5,e,-1.5,-1,3,3,3.5,e,-2.5,-1
sigma-,pi,39,53,-5.798746,5.187879e-05,3,3,2.5,f,-1.5,+1,3,3,3.5,f,-2.5,+1
sigma-,pi,32,44,-5.784127,3.148565e-02,3,3,2.5,e,-2.5,-1,3,3,3.5,e,-3.5,-1
sigma-,pi,38,52,-5.783709,1.825826e-03,3,3,2.5,f,-2.5,+1,3,3,3.5,f,-3.5,+1
sigma-,pi,67,83,-4.489845,5.855108e-03,4,4,3.5,e,+3.5,+1,4,4,4.5,e,+2.5,+1
sigma-,pi,75,93,-4.485035,1.922183e-04,4,4,3.5,f,+3.5,-1,4,4,4.5,f,+2.5,-1
sigma-,pi,66,82,-4.479997,1.156221e-02,4,4,3.5,e,+2.5,+1,4,4,4.5,e,+1.5,+1
sigma-,pi,74,92,-4.475819,3.794714e-04,4,4,3.5,f,+2.5,-1,4,4,4.5,f,+1.5,-1
sigma-,pi,65,81,-4.470126,1.358296e-02,4,4,3.5,e,+1.5,+1,4,4,4.5,e,+0.5,+1
sigma-,pi,73,91,-4.466583,4.456672e-04,4,4,3.5,f,+1.5,-1,4,4,4.5,f,+0.5,-1
sigma-,pi,64,80,-4.460233,1.089900e-02,4,4,3.5,e,+0.5,+1,4,4,4.5,e,-0.5,+1
sigma-,pi,72,90,-4.457328,3.575042e-04,4,4,3.5,f,+0.5,-1,4,4,4.5,f,-0.5,-1
sigma-,pi,63,79,-4.450319,5.068661e-03,4,4,3.5,e,-0.5,+1,4,4,4.5,e,-1.5,+1
sigma-,pi,71,89,-4.448054,1.662146e-04,4,4,3.5,f,-0.5,-1,4,4,4.5,f,-1.5,-1
sigma-,pi,62,78,-4.440381,2.851886e-04,4,4,3.5,e,-1.5,+1,4,4,4.5,e,-2.5,+1
sigma-,pi,70,88,-4.438761,9.350754e-06,4,4,3.5,f,-1.5,-1,4,4,4.5,f,-2.5,-1
sigma-,pi,61,77,-4.430422,3.436590e-03,4,4,3.5,e,-2.5,+1,4,4,4.5,e,-3.5,+1
sigma-,pi,69,87,-4.429447,1.126173e-04,4,4,3.5,f,-2.5,-1,4,4,4.5,f,-3.5,-1
sigma-,pi,60,76,-4.420440,2.416709e-02,4,4,3.5,e,-3.5,+1,4,4,4.5,e,-4.5,+1
sigma-,pi,68,86,-4.420114,7.917505e-04,4,4,3.5,f,-3.5,-1,4,4,4.5,f,-4.5,-1
sigma-,pi,105,125,-3.625361,2.935766e-03,5,5,4.5,e,+4.5,-1,5,5,5.5,e,+3.5,-1
sigma-,pi,115,137,-3.620378,6.909013e-05,5,5,4.5,f,+4.5,+1,5,5,5.5,f,+3.5,+1
sigma-,pi,104,124,-3.618271,6.416331e-03,5,5,4.5,e,+3.5,-1,5,5,5.5,e,+2.5,-1
sigma-,pi,114,136,-3.613804,1.509581e-04,5,5,4.5,f,+3.5,+1,5,5,5.5,f,+2.5,+1
sigma-,pi,103,123,-3.611167,8.792075e-03,5,5,4.5,e,+2.5,-1,5,5,5.5,e,+1.5,-1
sigma-,pi,113,135,-3.607218,2.067928e-04,5,5,4.5,f,+2.5,+1,5,5,5.5,f,+1.5,+1
sigma-,pi,102,122,-3.604049,9.169512e-03,5,5,4.5,e,+1.5,-1,5,5,5.5,e,+0.5,-1
sigma-,pi,112,134,-3.600620,2.156077e-04,5,5,4.5,f,+1.5,+1,5,5,5.5,f,+0.5,+1
sigma-,pi,101,121,-3.596917,7.426423e-03,5,5,4.5,e,+0.5,-1,5,5,5.5,e,-0.5,-1
sigma-,pi,111,133,-3.594009,1.745707e-04,5,5,4.5,f,+0.5,+1,5,5,5.5,f,-0.5,+1
sigma-,pi,100,120,-3.589770,4.227360e-03,5,5,4.5,e,-0.5,-1,5,5,5.5,e,-1.5,-1
sigma-,pi,110,132,-3.587387,9.934273e-05,5,5,4.5,f,-0.5,+1,5,5,5.5,f,-1.5,+1
sigma-,pi,99,119,-3.582609,1.039524e-03,5,5,4.5,e,-1.5,-1,5,5,5.5,e,-2.5,-1
sigma-,pi,109,131,-3.580752,2.442236e-05,5,5,4.5,f,-1.5,+1,5,5,5.5,f,-2.5,+1
sigma-,pi,98,118,-3.575434,1.490313e-04,5,5,4.5,e,-2.5,-1,5,5,5.5,e,-3.5,-1
sigma-,pi,108,130,-3.574105,3.499323e-06,5,5,4.5,f,-2.5,+1,5,5,5.5,f,-3.5,+1
sigma-,pi,97,117,-3.568244,4.677571e-03,5,5,4.5,e,-3.5,-1,5,5,5.5,e,-4.5,-1
sigma-,pi,107,129,-3.567445,1.098155e-04,5,5,4.5,f,-3.5,+1,5,5,5.5,f,-4.5,+1
sigma-,pi,96,116,-3.561040,1.859948e-02,5,5,4.5,e,-4.5,-1,5,5,5.5,e,-5.5,-1
sigma-,pi,106,128,-3.560773,4.365343e-04,5,5,4.5,f,-4.5,+1,5,5,5.5,f,-5.5,+1
sigma-,pi,1,0,-0.230479,4.383357e-06,1,1,0.5,e,+0.5,-1,1,1,0.5,e,-0.5,-1
sigma-,pi,3,2,-0.226643,2.395540e-05,1,1,0.5,f,+0.5,+1,1,1,0.5,f,-0.5,+1
sigma-,pi,7,6,-0.105763,2.113018e-02,1,1,1.5,e,+1.5,-1,1,1,1.5,e,+0.5,-1
sigma-,pi,6,5,-0.105248,4.354836e-06,1,1,1.5,e,+0.5,-1,1,1,1.5,e,-0.5,-1
sigma-,pi,5,4,-0.104721,2.077907e-02,1,1,1.5,e,-0.5,-1,1,1,1.5,e,-1.5,-1
sigma-,pi,11,10,-0.103829,1.199716e-01,1,1,1.5,f,+1.5,+1,1,1,1.5,f,+0.5,+1
sigma-,pi,10,9,-0.103330,2.396230e-05,1,1,1.5,f,+0.5,+1,1,1,1.5,f,-0.5,+1
sigma-,pi,9,8,-0.102819,1.180222e-01,1,1,1.5,f,-0.5,+1,1,1,1.5,f,-1.5,+1
sigma-,pi,13,12,-0.078095,1.182652e-01,2,2,1.5,e,-0.5,+1,2,2,1.5,e,-1.5,+1
sigma-,pi,14,13,-0.078030,2.815207e-06,2,2,1.5,e,+0.5,+1,2,2,1.5,e,-0.5,+1
sigma-,pi,15,14,-0.077966,1.197360e-01,2,2,1.5,e,+1.5,+1,2,2,1.5,e,+0.5,+1
sigma-,pi,17,16,-0.074639,2.083025e-02,2,2,1.5,f,-0.5,-1,2,2,1.5,f,-1.5,-1
sigma-,pi,18,17,-0.074578,4.678423e-07,2,2,1.5,f,+0.5,-1,2,2,1.5,f,-0.5,-1
sigma-,pi,19,18,-0.074518,2.108041e-02,2,2,1.5,f,+1.5,-1,2,2,1.5,f,+0.5,-1
sigma-,pi,25,24,-0.045491,1.462121e-01,2,2,2.5,e,+2.5,+1,2,2,2.5,e,+1.5,+1
sigma-,pi,24,23,-0.045428,5.780472e-02,2,2,2.5,e,+1.5,+1,2,2,2.5,e,+0.5,+1
sigma-,pi,23,22,-0.045364,2.803410e-06,2,2,2.5,e,+0.5,+1,2,2,2.5,e,-0.5,+1
sigma-,pi,22,21,-0.045300,5.871866e-02,2,2,2.5,e,-0.5,+1,2,2,2.5,e,-1.5,+1
sigma-,pi,21,20,-0.045234,1.450661e-01,2,2,2.5,e,-1.5,+1,2,2,2.5,e,-2.5,+1
sigma-,pi,31,30,-0.043180,2.582064e-02,2,2,2.5,f,+2.5,-1,2,2,2.5,f,+1.5,-1
sigma-,pi,30,29,-0.043122,1.021274e-02,2,2,2.5,f,+1.5,-1,2,2,2.5,f,+0.5,-1
sigma-,pi,33,32,-0.043090,1.906459e-01,3,3,2.5,e,-1.5,-1,3,3,2.5,e,-2.5,-1
sigma-,pi,34,33,-0.043068,7.584151e-02,3,3,2.5,e,-0.5,-1,3,3,2.5,e,-1.5,-1
sigma-,pi,29,28,-0.043062,4.579624e-07,2,2,2.5,f,+0.5,-1,2,2,2.5,f,-0.5,-1
sigma-,pi,35,34,-0.043046,1.546379e-06,3,3,2.5,e,+0.5,-1,3,3,2.5,e,-0.5,-1
sigma-,pi,36,35,-0.043025,7.695252e-02,3,3,2.5,e,+1.5,-1,3,3,2.5,e,+0.5,-1
sigma-,pi,37,36,-0.043004,1.913401e-01,3,3,2.5,e,+2.5,-1,3,3,2.5,e,+1.5,-1
sigma-,pi,28,27,-0.043002,1.036805e-02,2,2,2.5,f,-0.5,-1,2,2,2.5,f,-1.5,-1
sigma-,pi,27,26,-0.042942,2.562634e-02,2,2,2.5,f,-1.5,-1,2,2,2.5,f,-2.5,-1
sigma-,pi,39,38,-0.039797,1.100427e-02,3,3,2.5,f,-1.5,+1,3,3,2.5,f,-2.5,+1
sigma-,pi,40,39,-0.039778,4.378619e-03,3,3,2.5,f,-0.5,+1,3,3,2.5,f,-1.5,+1
sigma-,pi,41,40,-0.039758,8.182367e-08,3,3,2.5,f,+0.5,+1,3,3,2.5,f,-0.5,+1
sigma-,pi,42,41,-0.039739,4.439905e-03,3,3,2.5,f,+1.5,+1,3,3,2.5,f,+0.5,+1
sigma-,pi,43,42,-0.039720,1.104208e-02,3,3,2.5,f,+2.5,+1,3,3,2.5,f,+1.5,+1
sigma-,pi,61,60,-0.029538,2.048455e-01,4,4,3.5,e,-2.5,+1,4,4,3.5,e,-3.5,+1
sigma-,pi,62,61,-0.029526,1.557054e-01,4,4,3.5,e,-1.5,+1,4,4,3.5,e,-2.5,+1
sigma-,pi,63,62,-0.029515,4.839507e-02,4,4,3.5,e,-0.5,+1,4,4,3.5,e,-1.5,+1
sigma-,pi,64,63,-0.029504,1.091567e-06,4,4,3.5,e,+0.5,+1,4,4,3.5,e,-0.5,+1
sigma-,pi,65,64,-0.029493,4.920949e-02,4,4,3.5,e,+1.5,+1,4,4,3.5,e,+0.5,+1
sigma-,pi,66,65,-0.029482,1.566270e-01,4,4,3.5,e,+2.5,+1,4,4,3.5,e,+1.5,+1
sigma-,pi,67,66,-0.029471,2.050955e-01,4,4,3.5,e,+3.5,+1,4,4,3.5,e,+2.5,+1
sigma-,pi,51,50,-0.027348,1.861647e-01,3,3,3.5,e,+3.5,-1,3,3,3.5,e,+2.5,-1
sigma-,pi,50,49,-0.027327,1.412685e-01,3,3,3.5,e,+2.5,-1,3,3,3.5,e,+1.5,-1
sigma-,pi,49,48,-0.027306,4.379979e-02,3,3,3.5,e,+1.5,-1,3,3,3.5,e,+0.5,-1
sigma-,pi,48,47,-0.027285,1.538049e-06,3,3,3.5,e,+0.5,-1,3,3,3.5,e,-0.5,-1
sigma-,pi,47,46,-0.027263,4.461721e-02,3,3,3.5,e,-0.5,-1,3,3,3.5,e,-1.5,-1
sigma-,pi,46,45,-0.027241,1.416524e-01,3,3,3.5,e,-1.5,-1,3,3,3.5,e,-2.5,-1
sigma-,pi,45,44,-0.027220,1.851530e-01,3,3,3.5,e,-2.5,-1,3,3,3.5,e,-3.5,-1
sigma-,pi,69,68,-0.026336,6.677481e-03,4,4,3.5,f,-2.5,-1,4,4,3.5,f,-3.5,-1
sigma-,pi,70,69,-0.026327,5.076240e-03,4,4,3.5,f,-1.5,-1,4,4,3.5,f,-2.5,-1
sigma-,pi,71,70,-0.026317,1.578202e-03,4,4,3.5,f,-0.5,-1,4,4,3.5,f,-1.5,-1
sigma-,pi,72,71,-0.026307,3.189791e-08,4,4,3.5,f,+0.5,-1,4,4,3.5,f,-0.5,-1
sigma-,pi,73,72,-0.026297,1.603318e-03,4,4,3.5,f,+1.5,-1,4,4,3.5,f,+0.5,-1
sigma-,pi,74,73,-0.026288,5.104559e-03,4,4,3.5,f,+2.5,-1,4,4,3.5,f,+1.5,-1
sigma-,pi,75,74,-0.026278,6.684953e-03,4,4,3.5,f,+3.5,-1,4,4,3.5,f,+2.5,-1
sigma-,pi,59,58,-0.024875,1.075795e-02,3,3,3.5,f,+3.5,+1,3,3,3.5,f,+2.5,+1
sigma-,pi,58,57,-0.024857,8.165391e-03,3,3,3.5,f,+2.5,+1,3,3,3.5,f,+1.5,+1
sigma-,pi,57,56,-0.024838,2.532791e-03,3,3,3.5,f,+1.5,+1,3,3,3.5,f,+0.5,+1
sigma-,pi,56,55,-0.024818,7.901574e-08,3,3,3.5,f,+0.5,+1,3,3,3.5,f,-0.5,+1
sigma-,pi,55,54,-0.024799,2.577332e-03,3,3,3.5,f,-0.5,+1,3,3,3.5,f,-1.5,+1
sigma-,pi,54,53,-0.024780,8.186305e-03,3,3,3.5,f,-1.5,+1,3,3,3.5,f,-2.5,+1
sigma-,pi,53,52,-0.024760,1.070281e-02,3,3,3.5,f,-2.5,+1,3,3,3.5,f,-3.5,+1
sigma-,pi,97,96,-0.022844,1.989666e-01,5,5,4.5,e,-3.5,-1,5,5,4.5,e,-4.5,-1
sigma-,pi,98,97,-0.022836,1.986732e-01,5,5,4.5,e,-2.5,-1,5,5,4.5,e,-3.5,-1
sigma-,pi,99,98,-0.022829,1.156240e-01,5,5,4.5,e,-1.5,-1,5,5,4.5,e,-2.5,-1
sigma-,pi,100,99,-0.022822,3.284706e-02,5,5,4.5,e,-0.5,-1,5,5,4.5,e,-1.5,-1
sigma-,pi,101,100,-0.022815,8.908563e-07,5,5,4.5,e,+0.5,-1,5,5,4.5,e,-0.5,-1
sigma-,pi,102,101,-0.022808,3.347987e-02,5,5,4.5,e,+1.5,-1,5,5,4.5,e,+0.5,-1
sigma-,pi,103,102,-0.022801,1.165171e-01,5,5,4.5,e,+2.5,-1,5,5,4.5,e,+1.5,-1
sigma-,pi,104,103,-0.022793,1.992854e-01,5,5,4.5,e,+3.5,-1,5,5,4.5,e,+2.5,-1
sigma-,pi,105,104,-0.022786,1.989969e-01,5,5,4.5,e,+4.5,-1,5,5,4.5,e,+3.5,-1
sigma-,pi,107,106,-0.019701,4.645190e-03,5,5,4.5,f,-3.5,+1,5,5,4.5,f,-4.5,+1
sigma-,pi,108,107,-0.019694,4.638748e-03,5,5,4.5,f,-2.5,+1,5,5,4.5,f,-3.5,+1
sigma-,pi,109,108,-0.019688,2.700040e-03,5,5,4.5,f,-1.5,+1,5,5,4.5,f,-2.5,+1
sigma-,pi,110,109,-0.019682,7.673080e-04,5,5,4.5,f,-0.5,+1,5,5,4.5,f,-1.5,+1
sigma-,pi,111,110,-0.019676,1.833182e-08,5,5,4.5,f,+0.5,+1,5,5,4.5,f,-0.5,+1
sigma-,pi,112,111,-0.019670,7.811728e-04,5,5,4.5,f,+1.5,+1,5,5,4.5,f,+0.5,+1
sigma-,pi,113,112,-0.019664,2.719578e-03,5,5,4.5,f,+2.5,+1,5,5,4.5,f,+1.5,+1
sigma-,pi,114,113,-0.019658,4.652074e-03,5,5,4.5,f,+3.5,+1,5,5,4.5,f,+2.5,+1
sigma-,pi,115,114,-0.019652,4.645730e-03,5,5,4.5,f,+4.5,+1,5,5,4.5,f,+3.5,+1
sigma-,pi,85,84,-0.019644,1.901337e-01,4,4,4.5,e,+4.5,+1,4,4,4.5,e,+3.5,+1
sigma-,pi,84,83,-0.019633,1.897154e-01,4,4,4.5,e,+3.5,+1,4,4,4.5,e,+2.5,+1
sigma-,pi,83,82,-0.019622,1.103169e-01,4,4,4.5,e,+2.5,+1,4,4,4.5,e,+1.5,+1
sigma-,pi,82,81,-0.019611,3.129838e-02,4,4,4.5,e,+1.5,+1,4,4,4.5,e,+0.5,+1
sigma-,pi,81,80,-0.019600,1.085493e-06,4,4,4.5,e,+0.5,+1,4,4,4.5,e,-0.5,+1
sigma-,pi,80,79,-0.019589,3.194376e-02,4,4,4.5,e,-0.5,+1,4,4,4.5,e,-1.5,+1
sigma-,pi,79,78,-0.019578,1.110226e-01,4,4,4.5,e,-1.5,+1,4,4,4.5,e,-2.5,+1
sigma-,pi,78,77,-0.019567,1.897146e-01,4,4,4.5,e,-2.5,+1,4,4,4.5,e,-3.5,+1
sigma-,pi,77,76,-0.019555,1.892854e-01,4,4,4.5,e,-3.5,+1,4,4,4.5,e,-4.5,+1
sigma-,pi,95,94,-0.017081,6.201507e-03,4,4,4.5,f,+4.5,-1,4,4,4.5,f,+3.5,-1
sigma-,pi,94,93,-0.017071,6.188811e-03,4,4,4.5,f,+3.5,-1,4,4,4.5,f,+2.5,-1
sigma-,pi,93,92,-0.017062,3.599509e-03,4,4,4.5,f,+2.5,-1,4,4,4.5,f,+1.5,-1
sigma-,pi,92,91,-0.017052,1.021735e-03,4,4,4.5,f,+1.5,-1,4,4,4.5,f,+0.5,-1
sigma-,pi,91,90,-0.017042,3.059050e-08,4,4,4.5,f,+0.5,-1,4,4,4.5,f,-0.5,-1
sigma-,pi,90,89,-0.017033,1.041302e-03,4,4,4.5,f,-0.5,-1,4,4,4.5,f,-1.5,-1
sigma-,pi,89,88,-0.017023,3.620894e-03,4,4,4.5,f,-1.5,-1,4,4,4.5,f,-2.5,-1
sigma-,pi,88,87,-0.017013,6.188763e-03,4,4,4.5,f,-2.5,-1,4,4,4.5,f,-3.5,-1
sigma-,pi,87,86,-0.017003,6.175754e-03,4,4,4.5,f,-3.5,-1,4,4,4.5,f,-4.5,-1
sigma-,pi,127,126,-0.015710,1.824834e-01,5,5,5.5,e,+5.5,-1,5,5,5.5,e,+4.5,-1
sigma-,pi,126,125,-0.015703,2.120319e-01,5,5,5.5,e,+4.5,-1,5,5,5.5,e,+3.5,-1
sigma-,pi,125,124,-0.015696,1.607085e-01,5,5,5.5,e,+3.5,-1,5,5,5.5,e,+2.5,-1
sigma-,pi,124,123,-0.015689,8.440703e-02,5,5,5.5,e,+2.5,-1,5,5,5.5,e,+1.5,-1
sigma-,pi,123,122,-0.015682,2.291899e-02,5,5,5.5,e,+1.5,-1,5,5,5.5,e,+0.5,-1
sigma-,pi,122,121,-0.015675,8.861213e-07,5,5,5.5,e,+0.5,-1,5,5,5.5,e,-0.5,-1
sigma-,pi,121,120,-0.015668,2.344313e-02,5,5,5.5,e,-0.5,-1,5,5,5.5,e,-1.5,-1
sigma-,pi,120,119,-0.015661,8.513987e-02,5,5,5.5,e,-1.5,-1,5,5,5.5,e,-2.5,-1
sigma-,pi,119,118,-0.015654,1.611601e-01,5,5,5.5,e,-2.5,-1,5,5,5.5,e,-3.5,-1
sigma-,pi,118,117,-0.015646,2.118199e-01,5,5,5.5,e,-3.5,-1,5,5,5.5,e,-4.5,-1
sigma-,pi,117,116,-0.015639,1.817558e-01,5,5,5.5,e,-4.5,-1,5,5,5.5,e,-5.5,-1
sigma-,pi,139,138,-0.013090,4.261683e-03,5,5,5.5,f,+5.5,+1,5,5,5.5,f,+4.5,+1
sigma-,pi,138,137,-0.013084,4.952322e-03,5,5,5.5,f,+4.5,+1,5,5,5.5,f,+3.5,+1
sigma-,pi,137,136,-0.013078,3.754142e-03,5,5,5.5,f,+3.5,+1,5,5,5.5,f,+2.5,+1
sigma-,pi,136,135,-0.013072,1.972198e-03,5,5,5.5,f,+2.5,+1,5,5,5.5,f,+1.5,+1
sigma-,pi,135,134,-0.013066,5.358078e-04,5,5,5.5,f,+1.5,+1,5,5,5.5,f,+0.5,+1
sigma-,pi,134,133,-0.013060,1.754120e-08,5,5,5.5,f,+0.5,+1,5,5,5.5,f,-0.5,+1
sigma-,pi,133,132,-0.013053,5.470775e-04,5,5,5.5,f,-0.5,+1,5,5,5.5,f,-1.5,+1
sigma-,pi,132,131,-0.013047,1.987950e-03,5,5,5.5,f,-1.5,+1,5,5,5.5,f,-2.5,+1
sigma-,pi,131,130,-0.013041,3.763838e-03,5,5,5.5,f,-2.5,+1,5,5,5.5,f,-3.5,+1
sigma-,pi,130,129,-0.013035,4.947736e-03,5,5,5.5,f,-3.5,+1,5,5,5.5,f,-4.5,+1
sigma-,pi,129,128,-0.013029,4.246010e-03,5,5,5.5,f,-4.5,+1,5,5,5.5,f,-5.5,+1
sigma-,pi,118,96,3.529754,3.031065e-03,5,5,5.5,e,-3.5,-1,5,5,4.5,e,-4.5,-1
sigma-,pi,130,106,3.534710,7.116407e-05,5,5,5.5,f,-3.5,+1,5,5,4.5,f,-4.5,+1
sigma-,pi,119,97,3.536944,6.571909e-03,5,5,5.5,e,-2.5,-1,5,5,4.5,e,-3.5,-1
sigma-,pi,131,107,3.541369,1.543431e-04,5,5,5.5,f,-2.5,+1,5,5,4.5,f,-3.5,+1
sigma-,pi,120,98,3.544119,8.933617e-03,5,5,5.5,e,-1.5,-1,5,5,4.5,e,-2.5,-1
sigma-,pi,132,108,3.548016,2.098707e-04,5,5,5.5,f,-1.5,+1,5,5,4.5,f,-2.5,+1
sigma-,pi,121,99,3.551280,9.243007e-03,5,5,5.5,e,-0.5,-1,5,5,4.5,e,-1.5,-1
sigma-,pi,133,109,3.554651,2.172025e-04,5,5,5.5,f,-0.5,+1,5,5,4.5,f,-1.5,+1
sigma-,pi,122,100,3.558427,7.426384e-03,5,5,5.5,e,+0.5,-1,5,5,4.5,e,-0.5,-1
sigma-,pi,134,110,3.561274,1.745636e-04,5,5,5.5,f,+0.5,+1,5,5,4.5,f,-0.5,+1
sigma-,pi,123,101,3.565559,4.193689e-03,5,5,5.5,e,+1.5,-1,5,5,4.5,e,+0.5,-1
sigma-,pi,135,111,3.567884,9.860362e-05,5,5,5.5,f,+1.5,+1,5,5,4.5,f,+0.5,+1
sigma-,pi,124,102,3.572677,1.023021e-03,5,5,5.5,e,+2.5,-1,5,5,4.5,e,+1.5,-1
sigma-,pi,136,112,3.574482,2.405929e-05,5,5,5.5,f,+2.5,+1,5,5,4.5,f,+1.5,+1
sigma-,pi,125,103,3.579781,1.455187e-04,5,5,5.5,e,+3.5,-1,5,5,4.5,e,+2.5,-1
sigma-,pi,137,113,3.581068,3.424615e-06,5,5,5.5,f,+3.5,+1,5,5,4.5,f,+2.5,+1
sigma-,pi,126,104,3.586871,4.530606e-03,5,5,5.5,e,+4.5,-1,5,5,4.5,e,+3.5,-1
sigma-,pi,138,114,3.587642,1.066281e-04,5,5,5.5,f,+4.5,+1,5,5,4.5,f,+3.5,+1
sigma-,pi,127,105,3.593947,1.787158e-02,5,5,5.5,e,+5.5,-1,5,5,4.5,e,+4.5,-1
sigma-,pi,139,115,3.594204,4.207171e-04,5,5,5.5,f,+5.5,+1,5,5,4.5,f,+4.5,+1
sigma-,pi,78,60,4.381318,6.014229e-03,4,4,4.5,e,-2.5,+1,4,4,3.5,e,-3.5,+1
sigma-,pi,88,68,4.386098,1.971007e-04,4,4,4.5,f,-2.5,-1,4,4,3.5,f,-3.5,-1
sigma-,pi,79,61,4.391277,1.177073e-02,4,4,4.5,e,-1.5,+1,4,4,3.5,e,-2.5,+1
sigma-,pi,89,69,4.395411,3.858666e-04,4,4,4.5,f,-1.5,-1,4,4,3.5,f,-2.5,-1
sigma-,pi,80,62,4.401215,1.370487e-02,4,4,4.5,e,-0.5,+1,4,4,3.5,e,-1.5,+1
sigma-,pi,90,70,4.404705,4.493989e-04,4,4,4.5,f,-0.5,-1,4,4,3.5,f,-1.5,-1
sigma-,pi,81,63,4.411129,1.089893e-02,4,4,4.5,e,+0.5,+1,4,4,3.5,e,-0.5,+1
sigma-,pi,91,71,4.413979,3.574885e-04,4,4,4.5,f,+0.5,-1,4,4,3.5,f,-0.5,-1
sigma-,pi,82,64,4.421022,5.023485e-03,4,4,4.5,e,+1.5,+1,4,4,3.5,e,+0.5,+1
sigma-,pi,92,72,4.423234,1.648151e-04,4,4,4.5,f,+1.5,-1,4,4,3.5,f,+0.5,-1
sigma-,pi,83,65,4.430893,2.801096e-04,4,4,4.5,e,+2.5,+1,4,4,3.5,e,+1.5,+1
sigma-,pi,93,73,4.432469,9.190887e-06,4,4,4.5,f,+2.5,-1,4,4,3.5,f,+1.5,-1
sigma-,pi,84,66,4.440742,3.345785e-03,4,4,4.5,e,+3.5,+1,4,4,3.5,e,+2.5,+1
sigma-,pi,94,74,4.441686,1.098475e-04,4,4,4.5,f,+3.5,-1,4,4,3.5,f,+2.5,-1
sigma-,pi,85,67,4.450569,2.331866e-02,4,4,4.5,e,+4.5,+1,4,4,3.5,e,+3.5,+1
sigma-,pi,95,75,4.450883,7.657657e-04,4,4,4.5,f,+4.5,-1,4,4,3.5,f,+3.5,-1
sigma-,pi,46,32,5.729666,1.341937e-02,3,3,3.5,e,-1.5,-1,3,3,2.5,e,-2.5,-1
sigma-,pi,54,38,5.734169,7.784280e-04,3,3,3.5,f,-1.5,+1,3,3,2.5,f,-2.5,+1
sigma-,pi,47,33,5.745492,2.153174e-02,3,3,3.5,e,-0.5,-1,3,3,2.5,e,-1.5,-1
sigma-,pi,55,39,5.749168,1.249350e-03,3,3,3.5,f,-0.5,+1,3,3,2.5,f,-1.5,+1
sigma-,pi,48,34,5.761276,1.734431e-02,3,3,3.5,e,+0.5,-1,3,3,2.5,e,-0.5,-1
sigma-,pi,56,40,5.764127,1.006646e-03,3,3,3.5,f,+0.5,+1,3,3,2.5,f,-0.5,+1
sigma-,pi,49,35,5.777016,5.280900e-03,3,3,3.5,e,+1.5,-1,3,3,2.5,e,+0.5,-1
sigma-,pi,57,41,5.779048,3.065702e-04,3,3,3.5,f,+1.5,+1,3,3,2.5,f,+0.5,+1
sigma-,pi,50,36,5.792714,8.753038e-04,3,3,3.5,e,+2.5,-1,3,3,2.5,e,+1.5,-1
sigma-,pi,58,42,5.793930,5.084031e-05,3,3,3.5,f,+2.5,+1,3,3,2.5,f,+1.5,+1
sigma-,pi,51,37,5.808370,3.047435e-02,3,3,3.5,e,+3.5,-1,3,3,2.5,e,+2.5,-1
sigma-,pi,59,43,5.808774,1.770243e-03,3,3,3.5,f,+3.5,+1,3,3,2.5,f,+2.5,+1
sigma-,pi,22,12,8.235616,3.306024e-02,2,2,2.5,e,-0.5,+1,2,2,1.5,e,-1.5,+1
sigma-,pi,28,16,8.239622,5.850972e-03,2,2,2.5,f,-0.5,-1,2,2,1.5,f,-1.5,-1
sigma-,pi,23,13,8.268347,3.037172e-02,2,2,2.5,e,+0.5,+1,2,2,1.5,e,-0.5,+1
sigma-,pi,29,17,8.271198,5.376437e-03,2,2,2.5,f,+0.5,-1,2,2,1.5,f,-0.5,-1
sigma-,pi,24,14,8.300950,2.410976e-03,2,2,2.5,e,+1.5,+1,2,2,1.5,e,+0.5,+1
sigma-,pi,30,18,8.302654,4.268537e-04,2,2,2.5,f,+1.5,-1,2,2,1.5,f,+0.5,-1
sigma-,pi,25,15,8.333425,3.588268e-02,2,2,2.5,e,+2.5,+1,2,2,1.5,e,+1.5,+1
sigma-,pi,31,19,8.333992,6.355520e-03,2,2,2.5,f,+2.5,-1,2,2,1.5,f,+1.5,-1
sigma-,pi,6,0,14.880780,3.155142e-02,1,1,1.5,e,+0.5,-1,1,1,0.5,e,-0.5,-1
sigma-,pi,10,2,14.883627,1.784510e-01,1,1,1.5,f,+0.5,+1,1,1,0.5,f,-0.5,+1
sigma-,pi,7,1,15.005496,1.034555e-02,1,1,1.5,e,+1.5,-1,1,1,0.5,e,+0.5,-1
sigma-,pi,11,3,15.006440,5.852260e-02,1,1,1.5,f,+1.5,+1,1,1,0.5,f,+0.5,+1
sigma-,pi,3,22,29073.126540,4.481595e-04,1,1,0.5,f,+0.5,+1,2,2,2.5,e,-0.5,+1
sigma-,pi,2,21,29073.307883,9.026335e-04,1,1,0.5,f,-0.5,+1,2,2,2.5,e,-1.5,+1
sigma-,pi,3,13,29081.440251,1.533087e-03,1,1,0.5,f,+0.5,+1,2,2,1.5,e,-0.5,+1
sigma-,pi,2,12,29081.588799,4.949647e-04,1,1,0.5,f,-0.5,+1,2,2,1.5,e,-1.5,+1
sigma-,pi,11,23,29088.178344,1.533515e-03,1,1,1.5,f,+1.5,+1,2,2,2.5,e,+0.5,+1
sigma-,pi,10,22,29088.236810,1.399654e-03,1,1,1.5,f,+0.5,+1,2,2,2.5,e,-0.5,+1
sigma-,pi,9,21,29088.294841,1.063725e-04,1,1,1.5,f,-0.5,+1,2,2,2.5,e,-1.5,+1
sigma-,pi,8,20,29088.352425,1.690855e-03,1,1,1.5,f,-1.5,+1,2,2,2.5,e,-2.5,+1
sigma-,pi,1,28,29094.285768,4.414392e-02,1,1,0.5,e,+0.5,-1,2,2,2.5,f,-0.5,-1
sigma-,pi,0,27,29094.473245,8.883722e-02,1,1,0.5,e,-0.5,-1,2,2,2.5,f,-1.5,-1
sigma-,pi,11,14,29096.524722,9.854054e-04,1,1,1.5,f,+1.5,+1,2,2,1.5,e,+0.5,+1
sigma-,pi,10,13,29096.550521,1.760236e-09,1,1,1.5,f,+0.5,+1,2,2,1.5,e,-0.5,+1
sigma-,pi,9,12,29096.575756,1.008001e-03,1,1,1.5,f,-0.5,+1,2,2,1.5,e,-1.5,+1
sigma-,pi,1,17,29102.600028,1.491950e-01,1,1,0.5,e,+0.5,-1,2,2,1.5,f,-0.5,-1
sigma-,pi,0,16,29102.755869,4.815670e-02,1,1,0.5,e,-0.5,-1,2,2,1.5,f,-1.5,-1
sigma-,pi,7,29,29109.334326,1.495967e-01,1,1,1.5,e,+1.5,-1,2,2,2.5,f,+0.5,-1
sigma-,pi,6,28,29109.397027,1.365676e-01,1,1,1.5,e,+0.5,-1,2,2,2.5,f,-0.5,-1
sigma-,pi,5,27,29109.459273,1.038648e-02,1,1,1.5,e,-0.5,-1,2,2,2.5,f,-1.5,-1
sigma-,pi,4,26,29109.521052,1.649726e-01,1,1,1.5,e,-1.5,-1,2,2,2.5,f,-2.5,-1
sigma-,pi,7,18,29117.680102,9.792177e-02,1,1,1.5,e,+1.5,-1,2,2,1.5,f,+0.5,-1
sigma-,pi,6,17,29117.711287,2.923118e-07,1,1,1.5,e,+0.5,-1,2,2,1.5,f,-0.5,-1
sigma-,pi,5,16,29117.741897,1.001167e-01,1,1,1.5,e,-0.5,-1,2,2,1.5,f,-1.5,-1
sigma-,pi,19,48,43614.188923,4.102499e-05,2,2,1.5,f,+1.5,-1,3,3,3.5,e,+0.5,-1
sigma-,pi,18,47,43614.236157,1.239059e-04,2,2,1.5,f,+0.5,-1,3,3,3.5,e,-0.5,-1
sigma-,pi,17,46,43614.283472,2.079091e-04,2,2,1.5,f,-0.5,-1,3,3,3.5,e,-1.5,-1
sigma-,pi,16,45,43614.330869,2.093230e-04,2,2,1.5,f,-1.5,-1,3,3,3.5,e,-2.5,-1
sigma-,pi,19,35,43619.993246,1.112337e-03,2,2,1.5,f,+1.5,-1,3,3,2.5,e,+0.5,-1
sigma-,pi,18,34,43620.024718,1.034128e-03,2,2,1.5,f,+0.5,-1,3,3,2.5,e,-0.5,-1
sigma-,pi,17,33,43620.056228,8.457776e-05,2,2,1.5,f,-0.5,-1,3,3,2.5,e,-1.5,-1
sigma-,pi,16,32,43620.087776,1.228601e-03,2,2,1.5,f,-1.5,-1,3,3,2.5,e,-2.5,-1
sigma-,pi,31,49,43622.550222,7.751805e-04,2,2,2.5,f,+2.5,-1,3,3,3.5,e,+1.5,-1
sigma-,pi,30,48,43622.566096,1.245893e-03,2,2,2.5,f,+1.5,-1,3,3,3.5,e,+0.5,-1
sigma-,pi,29,47,43622.581933,1.004225e-03,2,2,2.5,f,+0.5,-1,3,3,3.5,e,-0.5,-1
sigma-,pi,28,46,43622.597732,3.044147e-04,2,2,2.5,f,-0.5,-1,3,3,3.5,e,-1.5,-1
sigma-,pi,27,45,43622.613493,5.303065e-05,2,2,2.5,f,-1.5,-1,3,3,3.5,e,-2.5,-1
sigma-,pi,26,44,43622.629216,1.798914e-03,2,2,2.5,f,-2.5,-1,3,3,3.5,e,-3.5,-1
sigma-,pi,31,36,43628.370263,3.095954e-04,2,2,2.5,f,+2.5,-1,3,3,2.5,e,+1.5,-1
sigma-,pi,27,32,43628.370400,3.177145e-04,2,2,2.5,f,-1.5,-1,3,3,2.5,e,-2.5,-1
sigma-,pi,30,35,43628.370418,1.246291e-04,2,2,2.5,f,+1.5,-1,3,3,2.5,e,+0.5,-1
sigma-,pi,28,33,43628.370488,1.262604e-04,2,2,2.5,f,-0.5,-1,3,3,2.5,e,-1.5,-1
sigma-,pi,15,56,43661.792512,4.030419e-03,2,2,1.5,e,+1.5,+1,3,3,3.5,f,+0.5,+1
sigma-,pi,14,55,43661.845660,1.215165e-02,2,2,1.5,e,+0.5,+1,3,3,3.5,f,-0.5,+1
sigma-,pi,13,54,43661.898891,2.035417e-02,2,2,1.5,e,-0.5,+1,3,3,3.5,f,-1.5,+1
sigma-,pi,12,53,43661.952207,2.045637e-02,2,2,1.5,e,-1.5,+1,3,3,3.5,f,-2.5,+1
sigma-,pi,15,41,43667.596397,1.089438e-01,2,2,1.5,e,+1.5,+1,3,3,2.5,f,+0.5,+1
sigma-,pi,14,40,43667.634605,1.012778e-01,2,2,1.5,e,+0.5,+1,3,3,2.5,f,-0.5,+1
sigma-,pi,13,39,43667.672858,8.279125e-03,2,2,1.5,e,-0.5,+1,3,3,2.5,f,-1.5,+1
sigma-,pi,12,38,43667.711156,1.203614e-01,2,2,1.5,e,-1.5,+1,3,3,2.5,f,-2.5,+1
sigma-,pi,25,57,43670.150774,7.614515e-02,2,2,2.5,e,+2.5,+1,3,3,3.5,f,+1.5,+1
sigma-,pi,24,56,43670.171428,1.223910e-01,2,2,2.5,e,+1.5,+1,3,3,3.5,f,+0.5,+1
sigma-,pi,23,55,43670.192037,9.865746e-02,2,2,2.5,e,+0.5,+1,3,3,3.5,f,-0.5,+1
sigma-,pi,22,54,43670.212602,2.990864e-02,2,2,2.5,e,-0.5,+1,3,3,3.5,f,-1.5,+1
sigma-,pi,21,53,43670.233122,5.210486e-03,2,2,2.5,e,-1.5,+1,3,3,3.5,f,-2.5,+1
sigma-,pi,20,52,43670.253597,1.767665e-01,2,2,2.5,e,-2.5,+1,3,3,3.5,f,-3.5,+1
sigma-,pi,25,42,43675.969561,2.995056e-02,2,2,2.5,e,+2.5,+1,3,3,2.5,f,+1.5,+1
sigma-,pi,24,41,43675.975313,1.207612e-02,2,2,2.5,e,+1.5,+1,3,3,2.5,f,+0.5,+1
sigma-,pi,23,40,43675.980982,1.455786e-08,2,2,2.5,e,+0.5,+1,3,3,2.5,f,-0.5,+1
sigma-,pi,22,39,43675.986569,1.219642e-02,2,2,2.5,e,-0.5,+1,3,3,2.5,f,-1.5,+1
sigma-,pi,21,38,43675.992071,3.074013e-02,2,2,2.5,e,-1.5,+1,3,3,2.5,f,-2.5,+1
sigma-,pi,43,82,58145.988828,4.467651e-05,3,3,2.5,f,+2.5,+1,4,4,4.5,e,+1.5,+1
sigma-,pi,42,81,58146.008936,1.499501e-04,3,3,2.5,f,+1.5,+1,4,4,4.5,e,+0.5,+1
sigma-,pi,41,80,58146.029075,3.019773e-04,3,3,2.5,f,+0.5,+1,4,4,4.5,e,-0.5,+1
sigma-,pi,40,79,58146.049244,4.561120e-04,3,3,2.5,f,-0.5,+1,4,4,4.5,e,-1.5,+1
sigma-,pi,39,78,58146.069444,5.358373e-04,3,3,2.5,f,-1.5,+1,4,4,4.5,e,-2.5,+1
sigma-,pi,38,77,58146.089675,4.316644e-04,3,3,2.5,f,-2.5,+1,4,4,4.5,e,-3.5,+1
sigma-,pi,43,65,58150.439343,3.544319e-03,3,3,2.5,f,+2.5,+1,4,4,3.5,e,+1.5,+1
sigma-,pi,42,64,58150.449570,5.727487e-03,3,3,2.5,f,+1.5,+1,4,4,3.5,e,+0.5,+1
sigma-,pi,41,63,58150.459805,4.649744e-03,3,3,2.5,f,+0.5,+1,4,4,3.5,e,-0.5,+1
sigma-,pi,40,62,58150.470048,1.431921e-03,3,3,2.5,f,-0.5,+1,4,4,3.5,e,-1.5,+1
sigma-,pi,39,61,58150.480299,2.306734e-04,3,3,2.5,f,-1.5,+1,4,4,3.5,e,-2.5,+1
sigma-,pi,38,60,58150.490559,8.254074e-03,3,3,2.5,f,-2.5,+1,4,4,3.5,e,-3.5,+1
sigma-,pi,59,83,58151.817224,2.513348e-03,3,3,3.5,f,+3.5,+1,4,4,4.5,e,+2.5,+1
sigma-,pi,58,82,58151.822477,4.931900e-03,3,3,3.5,f,+2.5,+1,4,4,4.5,e,+1.5,+1
sigma-,pi,57,81,58151.827723,5.755836e-03,3,3,3.5,f,+1.5,+1,4,4,4.5,e,+0.5,+1
sigma-,pi,56,80,58151.832960,4.585542e-03,3,3,3.5,f,+0.5,+1,4,4,4.5,e,-0.5,+1
sigma-,pi,55,79,58151.838190,2.113329e-03,3,3,3.5,f,-0.5,+1,4,4,4.5,e,-1.5,+1
sigma-,pi,54,78,58151.843411,1.150012e-04,3,3,3.5,f,-1.5,+1,4,4,4.5,e,-2.5,+1
sigma-,pi,53,77,58151.848624,1.441256e-03,3,3,3.5,f,-2.5,+1,4,4,4.5,e,-3.5,+1
sigma-,pi,52,76,58151.853828,1.000892e-02,3,3,3.5,f,-3.5,+1,4,4,4.5,e,-4.5,+1
sigma-,pi,53,60,58156.249508,7.295647e-04,3,3,3.5,f,-2.5,+1,4,4,3.5,e,-3.5,+1
sigma-,pi,54,61,58156.254266,5.540097e-04,3,3,3.5,f,-1.5,+1,4,4,3.5,e,-2.5,+1
sigma-,pi,55,62,58156.258993,1.728488e-04,3,3,3.5,f,-0.5,+1,4,4,3.5,e,-1.5,+1
sigma-,pi,56,63,58156.263690,1.184682e-09,3,3,3.5,f,+0.5,+1,4,4,3.5,e,-0.5,+1
sigma-,pi,57,64,58156.268356,1.696928e-04,3,3,3.5,f,+1.5,+1,4,4,3.5,e,+0.5,+1
sigma-,pi,58,65,58156.272992,5.421844e-04,3,3,3.5,f,+2.5,+1,4,4,3.5,e,+1.5,+1
sigma-,pi,59,66,58156.277599,7.093343e-04,3,3,3.5,f,+3.5,+1,4,4,3.5,e,+2.5,+1
sigma-,pi,37,92,58230.616772,7.797797e-04,3,3,2.5,e,+2.5,-1,4,4,4.5,f,+1.5,-1
sigma-,pi,36,91,58230.642723,2.611219e-03,3,3,2.5,e,+1.5,-1,4,4,4.5,f,+0.5,-1
sigma-,pi,35,90,58230.668706,5.246514e-03,3,3,2.5,e,+0.5,-1,4,4,4.5,f,-0.5,-1
sigma-,pi,34,89,58230.694719,7.906141e-03,3,3,2.5,e,-0.5,-1,4,4,4.5,f,-1.5,-1
sigma-,pi,33,88,58230.720764,9.266564e-03,3,3,2.5,e,-1.5,-1,4,4,4.5,f,-2.5,-1
sigma-,pi,32,87,58230.746841,7.447680e-03,3,3,2.5,e,-2.5,-1,4,4,4.5,f,-3.5,-1
sigma-,pi,37,73,58235.066303,6.129150e-02,3,3,2.5,e,+2.5,-1,4,4,3.5,f,+1.5,-1
sigma-,pi,36,72,58235.083009,9.904586e-02,3,3,2.5,e,+1.5,-1,4,4,3.5,f,+0.5,-1
sigma-,pi,35,71,58235.099727,8.040847e-02,3,3,2.5,e,+0.5,-1,4,4,3.5,f,-0.5,-1
sigma-,pi,34,70,58235.116457,2.476114e-02,3,3,2.5,e,-0.5,-1,4,4,3.5,f,-1.5,-1
sigma-,pi,33,69,58235.133198,3.990909e-03,3,3,2.5,e,-1.5,-1,4,4,3.5,f,-2.5,-1
sigma-,pi,32,68,58235.149952,1.427654e-01,3,3,2.5,e,-2.5,-1,4,4,3.5,f,-3.5,-1
sigma-,pi,51,93,58236.442203,4.350868e-02,3,3,3.5,e,+3.5,-1,4,4,4.5,f,+2.5,-1
sigma-,pi,50,92,58236.452490,8.538044e-02,3,3,3.5,e,+2.5,-1,4,4,4.5,f,+1.5,-1
sigma-,pi,49,91,58236.462765,9.964928e-02,3,3,3.5,e,+1.5,-1,4,4,4.5,f,+0.5,-1
sigma-,pi,48,90,58236.473028,7.939251e-02,3,3,3.5,e,+0.5,-1,4,4,4.5,f,-0.5,-1
sigma-,pi,47,89,58236.483280,3.659178e-02,3,3,3.5,e,-0.5,-1,4,4,4.5,f,-1.5,-1
sigma-,pi,46,88,58236.493520,1.991600e-03,3,3,3.5,e,-1.5,-1,4,4,4.5,f,-2.5,-1
sigma-,pi,45,87,58236.503748,2.495511e-02,3,3,3.5,e,-2.5,-1,4,4,4.5,f,-3.5,-1
sigma-,pi,44,86,58236.513964,1.733172e-01,3,3,3.5,e,-3.5,-1,4,4,4.5,f,-4.5,-1
sigma-,pi,51,74,58240.900960,1.221881e-02,3,3,3.5,e,+3.5,-1,4,4,3.5,f,+2.5,-1
sigma-,pi,50,73,58240.902021,9.355411e-03,3,3,3.5,e,+2.5,-1,4,4,3.5,f,+1.5,-1
sigma-,pi,49,72,58240.903051,2.938593e-03,3,3,3.5,e,+1.5,-1,4,4,3.5,f,+0.5,-1
sigma-,pi,48,71,58240.904050,2.489754e-10,3,3,3.5,e,+0.5,-1,4,4,3.5,f,-0.5,-1
sigma-,pi,47,70,58240.905017,2.964118e-03,3,3,3.5,e,-0.5,-1,4,4,3.5,f,-1.5,-1
sigma-,pi,46,69,58240.905954,9.534722e-03,3,3,3.5,e,-1.5,-1,4,4,3.5,f,-2.5,-1
sigma-,pi,45,68,58240.906859,1.257769e-02,3,3,3.5,e,-2.5,-1,4,4,3.5,f,-3.5,-1
sigma-,pi,75,124,72671.108240,2.580378e-05,4,4,3.5,f,+3.5,-1,5,5,5.5,e,+2.5,-1
sigma-,pi,74,123,72671.118828,9.096904e-05,4,4,3.5,f,+2.5,-1,5,5,5.5,e,+1.5,-1
sigma-,pi,73,122,72671.129434,1.963523e-04,4,4,3.5,f,+1.5,-1,5,5,5.5,e,+0.5,-1
sigma-,pi,72,121,72671.140055,3.296408e-04,4,4,3.5,f,+0.5,-1,5,5,5.5,e,-0.5,-1
sigma-,pi,71,120,72671.150694,4.648708e-04,4,4,3.5,f,-0.5,-1,5,5,5.5,e,-1.5,-1
sigma-,pi,70,119,72671.161350,5.619323e-04,4,4,3.5,f,-1.5,-1,5,5,5.5,e,-2.5,-1
sigma-,pi,69,118,72671.172023,5.660590e-04,4,4,3.5,f,-2.5,-1,5,5,5.5,e,-3.5,-1
sigma-,pi,68,117,72671.182713,4.073040e-04,4,4,3.5,f,-3.5,-1,5,5,5.5,e,-4.5,-1
sigma-,pi,75,103,72674.703717,4.383527e-03,4,4,3.5,f,+3.5,-1,5,5,4.5,e,+2.5,-1
sigma-,pi,74,102,72674.707195,8.626582e-03,4,4,3.5,f,+2.5,-1,5,5,4.5,e,+1.5,-1
sigma-,pi,73,101,72674.710675,1.010134e-02,4,4,3.5,f,+1.5,-1,5,5,4.5,e,+0.5,-1
sigma-,pi,72,100,72674.714158,8.082526e-03,4,4,3.5,f,+0.5,-1,5,5,4.5,e,-0.5,-1
sigma-,pi,71,99,72674.717643,3.753958e-03,4,4,3.5,f,-0.5,-1,5,5,4.5,e,-1.5,-1
sigma-,pi,70,98,72674.721130,2.151637e-04,4,4,3.5,f,-1.5,-1,5,5,4.5,e,-2.5,-1
sigma-,pi,69,97,72674.724620,2.488168e-03,4,4,3.5,f,-2.5,-1,5,5,4.5,e,-3.5,-1
sigma-,pi,68,96,72674.728113,1.752440e-02,4,4,3.5,f,-3.5,-1,5,5,4.5,e,-4.5,-1
sigma-,pi,95,125,72675.574819,3.237093e-03,4,4,4.5,f,+4.5,-1,5,5,5.5,e,+3.5,-1
sigma-,pi,94,124,72675.576203,7.038521e-03,4,4,4.5,f,+3.5,-1,5,5,5.5,e,+2.5,-1
sigma-,pi,93,123,72675.577585,9.593921e-03,4,4,4.5,f,+2.5,-1,5,5,5.5,e,+1.5,-1
sigma-,pi,92,122,72675.578965,9.951238e-03,4,4,4.5,f,+1.5,-1,5,5,5.5,e,+0.5,-1
sigma-,pi,91,121,72675.580341,8.012565e-03,4,4,4.5,f,+0.5,-1,5,5,5.5,e,-0.5,-1
sigma-,pi,90,120,72675.581716,4.529916e-03,4,4,4.5,f,-0.5,-1,5,5,5.5,e,-1.5,-1
sigma-,pi,89,119,72675.583088,1.100930e-03,4,4,4.5,f,-1.5,-1,5,5,5.5,e,-2.5,-1
sigma-,pi,88,118,72675.584457,1.644925e-04,4,4,4.5,f,-2.5,-1,5,5,5.5,e,-3.5,-1
sigma-,pi,87,117,72675.585824,4.996292e-03,4,4,4.5,f,-3.5,-1,5,5,5.5,e,-4.5,-1
sigma-,pi,86,116,72675.587188,1.970429e-02,4,4,4.5,f,-4.5,-1,5,5,5.5,e,-5.5,-1
sigma-,pi,87,96,72679.131224,7.297570e-04,4,4,4.5,f,-3.5,-1,5,5,4.5,e,-4.5,-1
sigma-,pi,88,97,72679.137055,7.282797e-04,4,4,4.5,f,-2.5,-1,5,5,4.5,e,-3.5,-1
sigma-,pi,89,98,72679.142868,4.244207e-04,4,4,4.5,f,-1.5,-1,5,5,4.5,e,-2.5,-1
sigma-,pi,90,99,72679.148664,1.216557e-04,4,4,4.5,f,-0.5,-1,5,5,4.5,e,-1.5,-1
sigma-,pi,91,100,72679.154444,4.965368e-09,4,4,4.5,f,+0.5,-1,5,5,4.5,e,-0.5,-1
sigma-,pi,92,101,72679.160206,1.179089e-04,4,4,4.5,f,+1.5,-1,5,5,4.5,e,+0.5,-1
sigma-,pi,93,102,72679.165952,4.140601e-04,4,4,4.5,f,+2.5,-1,5,5,4.5,e,+1.5,-1
sigma-,pi,94,103,72679.171681,7.091932e-04,4,4,4.5,f,+3.5,-1,5,5,4.5,e,+2.5,-1
sigma-,pi,95,104,72679.177394,7.078325e-04,4,4,4.5,f,+4.5,-1,5,5,4.5,e,+3.5,-1
sigma-,pi,1,47,72716.910763,1.961972e-08,1,1,0.5,e,+0.5,-1,3,3,3.5,e,-0.5,-1
sigma-,pi,0,46,72717.113979,3.394603e-08,1,1,0.5,e,-0.5,-1,3,3,3.5,e,-1.5,-1
sigma-,pi,1,34,72722.699324,9.291871e-03,1,1,0.5,e,+0.5,-1,3,3,2.5,e,-0.5,-1
sigma-,pi,0,33,72722.886735,1.867090e-02,1,1,0.5,e,-0.5,-1,3,3,2.5,e,-1.5,-1
sigma-,pi,7,48,72731.943544,3.458537e-03,1,1,1.5,e,+1.5,-1,3,3,3.5,e,+0.5,-1
sigma-,pi,6,47,72732.022022,1.033835e-02,1,1,1.5,e,+0.5,-1,3,3,3.5,e,-0.5,-1
sigma-,pi,5,46,72732.100007,1.716802e-02,1,1,1.5,e,-0.5,-1,3,3,3.5,e,-1.5,-1
sigma-,pi,4,45,72732.177487,1.710497e-02,1,1,1.5,e,-1.5,-1,3,3,3.5,e,-2.5,-1
sigma-,pi,7,35,72737.747866,2.535409e-03,1,1,1.5,e,+1.5,-1,3,3,2.5,e,+0.5,-1
sigma-,pi,6,34,72737.810582,2.381714e-03,1,1,1.5,e,+0.5,-1,3,3,2.5,e,-0.5,-1
sigma-,pi,5,33,72737.872763,1.965486e-04,1,1,1.5,e,-0.5,-1,3,3,2.5,e,-1.5,-1
sigma-,pi,4,32,72737.934394,2.895022e-03,1,1,1.5,e,-1.5,-1,3,3,2.5,e,-2.5,-1
sigma-,pi,3,55,72743.363941,1.341315e-07,1,1,0.5,f,+0.5,+1,3,3,3.5,f,-0.5,+1
sigma-,pi,2,54,72743.565785,2.314277e-07,1,1,0.5,f,-0.5,+1,3,3,3.5,f,-1.5,+1
sigma-,pi,3,40,72749.152886,5.257792e-02,1,1,0.5,f,+0.5,+1,3,3,2.5,f,-0.5,+1
sigma-,pi,2,39,72749.339752,1.056478e-01,1,1,0.5,f,-0.5,+1,3,3,2.5,f,-1.5,+1
sigma-,pi,11,56,72758.395200,1.957146e-02,1,1,1.5,f,+1.5,+1,3,3,3.5,f,+0.5,+1
sigma-,pi,10,55,72758.474211,5.851530e-02,1,1,1.5,f,+0.5,+1,3,3,3.5,f,-0.5,+1
sigma-,pi,9,54,72758.552742,9.719132e-02,1,1,1.5,f,-0.5,+1,3,3,3.5,f,-1.5,+1
sigma-,pi,8,53,72758.630782,9.685475e-02,1,1,1.5,f,-1.5,+1,3,3,3.5,f,-2.5,+1
sigma-,pi,11,41,72764.199085,1.444161e-02,1,1,1.5,f,+1.5,+1,3,3,2.5,f,+0.5,+1
sigma-,pi,10,40,72764.263156,1.356777e-02,1,1,1.5,f,+0.5,+1,3,3,2.5,f,-0.5,+1
sigma-,pi,9,39,72764.326709,1.121729e-03,1,1,1.5,f,-0.5,+1,3,3,2.5,f,-1.5,+1
sigma-,pi,8,38,72764.389731,1.646652e-02,1,1,1.5,f,-1.5,+1,3,3,2.5,f,-2.5,+1
sigma-,pi,67,136,72803.340513,2.236260e-04,4,4,3.5,e,+3.5,+1,5,5,5.5,f,+2.5,+1
sigma-,pi,66,135,72803.356912,7.860901e-04,4,4,3.5,e,+2.5,+1,5,5,5.5,f,+1.5,+1
sigma-,pi,65,134,72803.373328,1.691810e-03,4,4,3.5,e,+1.5,+1,5,5,5.5,f,+0.5,+1
sigma-,pi,64,133,72803.389761,2.831984e-03,4,4,3.5,e,+0.5,+1,5,5,5.5,f,-0.5,+1
sigma-,pi,63,132,72803.406212,3.982111e-03,4,4,3.5,e,-0.5,+1,5,5,5.5,f,-1.5,+1
sigma-,pi,62,131,72803.422679,4.799471e-03,4,4,3.5,e,-1.5,+1,5,5,5.5,f,-2.5,+1
sigma-,pi,61,130,72803.439165,4.820549e-03,4,4,3.5,e,-2.5,+1,5,5,5.5,f,-3.5,+1
sigma-,pi,60,129,72803.455667,3.458405e-03,4,4,3.5,e,-3.5,+1,5,5,5.5,f,-4.5,+1
sigma-,pi,67,113,72806.934659,3.737920e-02,4,4,3.5,e,+3.5,+1,5,5,4.5,f,+2.5,+1
sigma-,pi,66,112,72806.944466,7.356176e-02,4,4,3.5,e,+2.5,+1,5,5,4.5,f,+1.5,+1
sigma-,pi,65,111,72806.954278,8.613871e-02,4,4,3.5,e,+1.5,+1,5,5,4.5,f,+0.5,+1
sigma-,pi,64,110,72806.964095,6.892402e-02,4,4,3.5,e,+0.5,+1,5,5,4.5,f,-0.5,+1
sigma-,pi,63,109,72806.973916,3.201175e-02,4,4,3.5,e,-0.5,+1,5,5,4.5,f,-1.5,+1
sigma-,pi,62,108,72806.983743,1.834375e-03,4,4,3.5,e,-1.5,+1,5,5,4.5,f,-2.5,+1
sigma-,pi,61,107,72806.993575,2.122231e-02,4,4,3.5,e,-2.5,+1,5,5,4.5,f,-3.5,+1
sigma-,pi,60,106,72807.003412,1.494646e-01,4,4,3.5,e,-3.5,+1,5,5,4.5,f,-4.5,+1
sigma-,pi,85,137,72807.804159,2.761899e-02,4,4,4.5,e,+4.5,+1,5,5,5.5,f,+3.5,+1
sigma-,pi,84,136,72807.810725,6.005506e-02,4,4,4.5,e,+3.5,+1,5,5,5.5,f,+2.5,+1
sigma-,pi,83,135,72807.817286,8.186165e-02,4,4,4.5,e,+2.5,+1,5,5,5.5,f,+1.5,+1
sigma-,pi,82,134,72807.823843,8.491378e-02,4,4,4.5,e,+1.5,+1,5,5,5.5,f,+0.5,+1
sigma-,pi,81,133,72807.830394,6.837391e-02,4,4,4.5,e,+0.5,+1,5,5,5.5,f,-0.5,+1
sigma-,pi,80,132,72807.836941,3.865713e-02,4,4,4.5,e,-0.5,+1,5,5,5.5,f,-1.5,+1
sigma-,pi,79,131,72807.843483,9.395776e-03,4,4,4.5,e,-1.5,+1,5,5,5.5,f,-2.5,+1
sigma-,pi,78,130,72807.850020,1.403508e-03,4,4,4.5,e,-2.5,+1,5,5,5.5,f,-3.5,+1
sigma-,pi,77,129,72807.856552,4.263874e-02,4,4,4.5,e,-3.5,+1,5,5,5.5,f,-4.5,+1
sigma-,pi,76,128,72807.863078,1.681675e-01,4,4,4.5,e,-4.5,+1,5,5,5.5,f,-5.5,+1
sigma-,pi,77,106,72811.404296,6.223829e-03,4,4,4.5,e,-3.5,+1,5,5,4.5,f,-4.5,+1
sigma-,pi,78,107,72811.404430,6.199116e-03,4,4,4.5,e,-2.5,+1,5,5,4.5,f,-3.5,+1
sigma-,pi,79,108,72811.404547,3.602176e-03,4,4,4.5,e,-1.5,+1,5,5,4.5,f,-2.5,+1
sigma-,pi,80,109,72811.404646,1.025592e-03,4,4,4.5,e,-0.5,+1,5,5,4.5,f,-1.5,+1
sigma-,pi,81,110,72811.404728,2.888089e-10,4,4,4.5,e,+0.5,+1,5,5,4.5,f,-0.5,+1
sigma-,pi,82,111,72811.404793,1.015306e-03,4,4,4.5,e,+1.5,+1,5,5,4.5,f,+0.5,+1
sigma-,pi,83,112,72811.404840,3.541343e-03,4,4,4.5,e,+2.5,+1,5,5,4.5,f,+1.5,+1
sigma-,pi,84,113,72811.404871,6.047993e-03,4,4,4.5,e,+3.5,+1,5,5,4.5,f,+2.5,+1
sigma-,pi,85,114,72811.404885,6.024787e-03,4,4,4.5,e,+4.5,+1,5,5,4.5,f,+3.5,+1
sigma-,pi,15,81,101813.645072,7.016049e-11,2,2,1.5,e,+1.5,+1,4,4,4.5,e,+0.5,+1
sigma-,pi,14,80,101813.703438,1.990230e-10,2,2,1.5,e,+0.5,+1,4,4,4.5,e,-0.5,+1
sigma-,pi,13,79,101813.761880,2.815009e-10,2,2,1.5,e,-0.5,+1,4,4,4.5,e,-1.5,+1
sigma-,pi,12,78,101813.820397,2.058335e-10,2,2,1.5,e,-1.5,+1,4,4,4.5,e,-2.5,+1
sigma-,pi,15,64,101818.085705,4.268971e-03,2,2,1.5,e,+1.5,+1,4,4,3.5,e,+0.5,+1
sigma-,pi,14,63,101818.134168,1.282872e-02,2,2,1.5,e,+0.5,+1,4,4,3.5,e,-0.5,+1
sigma-,pi,13,62,101818.182683,2.141797e-02,2,2,1.5,e,-0.5,+1,4,4,3.5,e,-1.5,+1
sigma-,pi,12,61,101818.231252,2.145519e-02,2,2,1.5,e,-1.5,+1,4,4,3.5,e,-2.5,+1
sigma-,pi,25,82,101821.998108,1.998515e-03,2,2,2.5,e,+2.5,+1,4,4,4.5,e,+1.5,+1
sigma-,pi,24,81,101822.023988,6.650010e-03,2,2,2.5,e,+1.5,+1,4,4,4.5,e,+0.5,+1
sigma-,pi,23,80,101822.049816,1.327645e-02,2,2,2.5,e,+0.5,+1,4,4,4.5,e,-0.5,+1
sigma-,pi,22,79,101822.075591,1.987908e-02,2,2,2.5,e,-0.5,+1,4,4,4.5,e,-1.5,+1
sigma-,pi,21,78,101822.101313,2.315047e-02,2,2,2.5,e,-1.5,+1,4,4,4.5,e,-2.5,+1
sigma-,pi,20,77,101822.126980,1.848671e-02,2,2,2.5,e,-2.5,+1,4,4,4.5,e,-3.5,+1
sigma-,pi,25,65,101826.448623,9.756543e-04,2,2,2.5,e,+2.5,+1,4,4,3.5,e,+1.5,+1
sigma-,pi,24,64,101826.464621,1.583295e-03,2,2,2.5,e,+1.5,+1,4,4,3.5,e,+0.5,+1
sigma-,pi,23,63,101826.480545,1.289779e-03,2,2,2.5,e,+0.5,+1,4,4,3.5,e,-0.5,+1
sigma-,pi,22,62,101826.496394,3.969111e-04,2,2,2.5,e,-0.5,+1,4,4,3.5,e,-1.5,+1
sigma-,pi,21,61,101826.512168,6.692706e-05,2,2,2.5,e,-1.5,+1,4,4,3.5,e,-2.5,+1
sigma-,pi,20,60,101826.527865,2.349066e-03,2,2,2.5,e,-2.5,+1,4,4,3.5,e,-3.5,+1
sigma-,pi,19,91,101850.678994,9.179356e-12,2,2,1.5,f,+1.5,-1,4,4,4.5,f,+0.5,-1
sigma-,pi,18,90,101850.736470,4.006765e-11,2,2,1.5,f,+0.5,-1,4,4,4.5,f,-0.5,-1
sigma-,pi,17,89,101850.794015,8.283285e-11,2,2,1.5,f,-0.5,-1,4,4,4.5,f,-1.5,-1
sigma-,pi,16,88,101850.851631,8.532256e-11,2,2,1.5,f,-1.5,-1,4,4,4.5,f,-2.5,-1
sigma-,pi,19,72,101855.119280,2.417144e-02,2,2,1.5,f,+1.5,-1,4,4,3.5,f,+0.5,-1
sigma-,pi,18,71,101855.167491,7.263514e-02,2,2,1.5,f,+0.5,-1,4,4,3.5,f,-0.5,-1
sigma-,pi,17,70,101855.215753,1.212622e-01,2,2,1.5,f,-0.5,-1,4,4,3.5,f,-1.5,-1
sigma-,pi,16,69,101855.264065,1.214682e-01,2,2,1.5,f,-1.5,-1,4,4,3.5,f,-2.5,-1
sigma-,pi,31,92,101859.030038,1.131119e-02,2,2,2.5,f,+2.5,-1,4,4,4.5,f,+1.5,-1
sigma-,pi,30,91,101859.056166,3.764221e-02,2,2,2.5,f,+1.5,-1,4,4,4.5,f,+0.5,-1
sigma-,pi,29,90,101859.082246,7.516013e-02,2,2,2.5,f,+0.5,-1,4,4,4.5,f,-0.5,-1
sigma-,pi,28,89,101859.108275,1.125526e-01,2,2,2.5,f,-0.5,-1,4,4,4.5,f,-1.5,-1
sigma-,pi,27,88,101859.134255,1.310911e-01,2,2,2.5,f,-1.5,-1,4,4,4.5,f,-2.5,-1
sigma-,pi,26,87,101859.160183,1.046955e-01,2,2,2.5,f,-2.5,-1,4,4,4.5,f,-3.5,-1
sigma-,pi,31,73,101863.479569,5.559683e-03,2,2,2.5,f,+2.5,-1,4,4,3.5,f,+1.5,-1
sigma-,pi,30,72,101863.496452,9.022339e-03,2,2,2.5,f,+1.5,-1,4,4,3.5,f,+0.5,-1
sigma-,pi,29,71,101863.513267,7.350853e-03,2,2,2.5,f,+0.5,-1,4,4,3.5,f,-0.5,-1
sigma-,pi,28,70,101863.530013,2.264112e-03,2,2,2.5,f,-0.5,-1,4,4,3.5,f,-1.5,-1
sigma-,pi,27,69,101863.546689,3.790443e-04,2,2,2.5,f,-1.5,-1,4,4,3.5,f,-2.5,-1
sigma-,pi,26,68,101863.563294,1.335857e-02,2,2,2.5,f,-2.5,-1,4,4,3.5,f,-3.5,-1
sigma-,pi,37,123,130906.211419,1.060268e-09,3,3,2.5,e,+2.5,-1,5,5,5.5,e,+1.5,-1
sigma-,pi,36,122,130906.238740,3.794519e-09,3,3,2.5,e,+1.5,-1,5,5,5.5,e,+0.5,-1
sigma-,pi,35,121,130906.266090,7.604644e-09,3,3,2.5,e,+0.5,-1,5,5,5.5,e,-0.5,-1
sigma-,pi,34,120,130906.293468,1.066822e-08,3,3,2.5,e,-0.5,-1,5,5,5.5,e,-1.5,-1
sigma-,pi,33,119,130906.320875,1.068979e-08,3,3,2.5,e,-1.5,-1,5,5,5.5,e,-2.5,-1
sigma-,pi,32,118,130906.348311,6.426733e-09,3,3,2.5,e,-2.5,-1,5,5,5.5,e,-3.5,-1
sigma-,pi,37,102,130909.799786,2.135400e-03,3,3,2.5,e,+2.5,-1,5,5,4.5,e,+1.5,-1
sigma-,pi,36,101,130909.819982,7.124845e-03,3,3,2.5,e,+1.5,-1,5,5,4.5,e,+0.5,-1
sigma-,pi,35,100,130909.840192,1.426349e-02,3,3,2.5,e,+0.5,-1,5,5,4.5,e,-0.5,-1
sigma-,pi,34,99,130909.860416,2.141611e-02,3,3,2.5,e,-0.5,-1,5,5,4.5,e,-1.5,-1
sigma-,pi,33,98,130909.880655,2.501001e-02,3,3,2.5,e,-1.5,-1,5,5,4.5,e,-2.5,-1
sigma-,pi,32,97,130909.900909,2.002781e-02,3,3,2.5,e,-2.5,-1,5,5,4.5,e,-3.5,-1
sigma-,pi,51,124,130912.035478,1.164553e-03,3,3,3.5,e,+3.5,-1,5,5,5.5,e,+2.5,-1
sigma-,pi,50,123,130912.047137,4.071388e-03,3,3,3.5,e,+2.5,-1,5,5,5.5,e,+1.5,-1
sigma-,pi,49,122,130912.058781,8.714601e-03,3,3,3.5,e,+1.5,-1,5,5,5.5,e,+0.5,-1
sigma-,pi,48,121,130912.070412,1.450790e-02,3,3,3.5,e,+0.5,-1,5,5,5.5,e,-0.5,-1
sigma-,pi,47,120,130912.082028,2.028792e-02,3,3,3.5,e,-0.5,-1,5,5,5.5,e,-1.5,-1
sigma-,pi,46,119,130912.093631,2.431758e-02,3,3,3.5,e,-1.5,-1,5,5,5.5,e,-2.5,-1
sigma-,pi,45,118,130912.105218,2.428948e-02,3,3,3.5,e,-2.5,-1,5,5,5.5,e,-3.5,-1
sigma-,pi,44,117,130912.116791,1.732944e-02,3,3,3.5,e,-3.5,-1,5,5,5.5,e,-4.5,-1
sigma-,pi,11,64,130914.688393,1.350473e-11,1,1,1.5,f,+1.5,+1,4,4,3.5,e,+0.5,+1
sigma-,pi,10,63,130914.762719,4.113026e-11,1,1,1.5,f,+0.5,+1,4,4,3.5,e,-0.5,+1
sigma-,pi,9,62,130914.836535,6.959899e-11,1,1,1.5,f,-0.5,+1,4,4,3.5,e,-1.5,+1
sigma-,pi,8,61,130914.909827,7.067009e-11,1,1,1.5,f,-1.5,+1,4,4,3.5,e,-2.5,+1
sigma-,pi,51,103,130915.630956,4.256035e-04,3,3,3.5,e,+3.5,-1,5,5,4.5,e,+2.5,-1
sigma-,pi,50,102,130915.635503,8.396182e-04,3,3,3.5,e,+2.5,-1,5,5,4.5,e,+1.5,-1
sigma-,pi,49,101,130915.640023,9.850988e-04,3,3,3.5,e,+1.5,-1,5,5,4.5,e,+0.5,-1
sigma-,pi,48,100,130915.644514,7.888941e-04,3,3,3.5,e,+0.5,-1,5,5,4.5,e,-0.5,-1
sigma-,pi,47,99,130915.648977,3.653034e-04,3,3,3.5,e,-0.5,-1,5,5,4.5,e,-1.5,-1
sigma-,pi,46,98,130915.653411,1.984410e-05,3,3,3.5,e,-1.5,-1,5,5,4.5,e,-2.5,-1
sigma-,pi,45,97,130915.657816,2.531361e-04,3,3,3.5,e,-2.5,-1,5,5,4.5,e,-3.5,-1
sigma-,pi,44,96,130915.662192,1.764906e-03,3,3,3.5,e,-3.5,-1,5,5,4.5,e,-4.5,-1
sigma-,pi,43,135,130953.825736,3.771771e-09,3,3,2.5,f,+2.5,+1,5,5,5.5,f,+1.5,+1
sigma-,pi,42,134,130953.852390,1.348031e-08,3,3,2.5,f,+1.5,+1,5,5,5.5,f,+0.5,+1
sigma-,pi,41,133,130953.879070,2.697923e-08,3,3,2.5,f,+0.5,+1,5,5,5.5,f,-0.5,+1
sigma-,pi,40,132,130953.905775,3.779589e-08,3,3,2.5,f,-0.5,+1,5,5,5.5,f,-1.5,+1
sigma-,pi,39,131,130953.932505,3.781972e-08,3,3,2.5,f,-1.5,+1,5,5,5.5,f,-2.5,+1
sigma-,pi,38,130,130953.959261,2.270544e-08,3,3,2.5,f,-2.5,+1,5,5,5.5,f,-3.5,+1
sigma-,pi,43,112,130957.413290,1.209349e-02,3,3,2.5,f,+2.5,+1,5,5,4.5,f,+1.5,+1
sigma-,pi,42,111,130957.433340,4.034890e-02,3,3,2.5,f,+1.5,+1,5,5,4.5,f,+0.5,+1
sigma-,pi,41,110,130957.453403,8.077292e-02,3,3,2.5,f,+0.5,+1,5,5,4.5,f,-0.5,+1
sigma-,pi,40,109,130957.473479,1.212729e-01,3,3,2.5,f,-0.5,+1,5,5,4.5,f,-1.5,+1
sigma-,pi,39,108,130957.493569,1.416186e-01,3,3,2.5,f,-1.5,+1,5,5,4.5,f,-2.5,+1
sigma-,pi,38,107,130957.513671,1.134026e-01,3,3,2.5,f,-2.5,+1,5,5,4.5,f,-3.5,+1
sigma-,pi,1,71,130957.842097,1.734710e-12,1,1,0.5,e,+0.5,-1,4,4,3.5,f,-0.5,-1
sigma-,pi,0,70,130958.046260,2.916397e-12,1,1,0.5,e,-0.5,-1,4,4,3.5,f,-1.5,-1
sigma-,pi,59,136,130959.647582,6.591594e-03,3,3,3.5,f,+3.5,+1,5,5,5.5,f,+2.5,+1
sigma-,pi,58,135,130959.659386,2.304679e-02,3,3,3.5,f,+2.5,+1,5,5,5.5,f,+1.5,+1
sigma-,pi,57,134,130959.671177,4.933474e-02,3,3,3.5,f,+1.5,+1,5,5,5.5,f,+0.5,+1
sigma-,pi,56,133,130959.682955,8.213868e-02,3,3,3.5,f,+0.5,+1,5,5,5.5,f,-0.5,+1
sigma-,pi,55,132,130959.694720,1.148732e-01,3,3,3.5,f,-0.5,+1,5,5,5.5,f,-1.5,+1
sigma-,pi,54,131,130959.706472,1.377020e-01,3,3,3.5,f,-1.5,+1,5,5,5.5,f,-2.5,+1
sigma-,pi,53,130,130959.718210,1.375553e-01,3,3,3.5,f,-2.5,+1,5,5,5.5,f,-3.5,+1
sigma-,pi,52,129,130959.729935,9.814841e-02,3,3,3.5,f,-3.5,+1,5,5,5.5,f,-4.5,+1
sigma-,pi,59,113,130963.241728,2.426149e-03,3,3,3.5,f,+3.5,+1,5,5,4.5,f,+2.5,+1
sigma-,pi,58,112,130963.246940,4.786128e-03,3,3,3.5,f,+2.5,+1,5,5,4.5,f,+1.5,+1
sigma-,pi,57,111,130963.252127,5.615637e-03,3,3,3.5,f,+1.5,+1,5,5,4.5,f,+0.5,+1
sigma-,pi,56,110,130963.257288,4.497990e-03,3,3,3.5,f,+0.5,+1,5,5,4.5,f,-0.5,+1
sigma-,pi,55,109,130963.262425,2.084269e-03,3,3,3.5,f,-0.5,+1,5,5,4.5,f,-1.5,+1
sigma-,pi,54,108,130963.267535,1.140645e-04,3,3,3.5,f,-1.5,+1,5,5,4.5,f,-2.5,+1
sigma-,pi,53,107,130963.272620,1.436828e-03,3,3,3.5,f,-2.5,+1,5,5,4.5,f,-3.5,+1
sigma-,pi,52,106,130963.277680,1.003384e-02,3,3,3.5,f,-3.5,+1,5,5,4.5,f,-4.5,+1
sigma-,pi,7,72,130972.873900,1.316288e-09,1,1,1.5,e,+1.5,-1,4,4,3.5,f,+0.5,-1
sigma-,pi,6,71,130972.953356,4.004288e-09,1,1,1.5,e,+0.5,-1,4,4,3.5,f,-0.5,-1
sigma-,pi,5,70,130973.032288,6.768137e-09,1,1,1.5,e,-0.5,-1,4,4,3.5,f,-1.5,-1
sigma-,pi,4,69,130973.110682,6.864487e-09,1,1,1.5,e,-1.5,-1,4,4,3.5,f,-2.5,-1
sigma-,pi,31,102,174538.213052,1.812193e-11,2,2,2.5,f,+2.5,-1,5,5,4.5,e,+1.5,-1
sigma-,pi,30,101,174538.233425,6.084395e-11,2,2,2.5,f,+1.5,-1,5,5,4.5,e,+0.5,-1
sigma-,pi,29,100,174538.253732,1.225718e-10,2,2,2.5,f,+0.5,-1,5,5,4.5,e,-0.5,-1
sigma-,pi,28,99,174538.273972,1.851970e-10,2,2,2.5,f,-0.5,-1,5,5,4.5,e,-1.5,-1
sigma-,pi,27,98,174538.294145,2.176418e-10,2,2,2.5,f,-1.5,-1,5,5,4.5,e,-2.5,-1
sigma-,pi,26,97,174538.314251,1.753894e-10,2,2,2.5,f,-2.5,-1,5,5,4.5,e,-3.5,-1
sigma-,pi,13,109,174625.186115,1.301307e-12,2,2,1.5,e,-0.5,+1,5,5,4.5,f,-1.5,+1
sigma-,pi,12,108,174625.244522,1.015710e-12,2,2,1.5,e,-1.5,+1,5,5,4.5,f,-2.5,+1
sigma-,pi,25,112,174633.422571,3.124517e-10,2,2,2.5,e,+2.5,+1,5,5,4.5,f,+1.5,+1
sigma-,pi,24,111,174633.448392,1.048622e-09,2,2,2.5,e,+1.5,+1,5,5,4.5,f,+0.5,+1
sigma-,pi,23,110,174633.474144,2.111624e-09,2,2,2.5,e,+0.5,+1,5,5,4.5,f,-0.5,+1
sigma-,pi,22,109,174633.499826,3.189233e-09,2,2,2.5,e,-0.5,+1,5,5,4.5,f,-1.5,+1
sigma-,pi,21,108,174633.525437,3.746469e-09,2,2,2.5,e,-1.5,+1,5,5,4.5,f,-2.5,+1
sigma-,pi,20,107,174633.550977,3.017952e-09,2,2,2.5,e,-2.5,+1,5,5,4.5,f,-3.5,+1
pi,pi,108,20,-174633.570672,1.517598e-09,5,5,4.5,f,-2.5,+1,2,2,2.5,e,-2.5,+1
pi,pi,109,21,-174633.545125,3.229643e-09,5,5,4.5,f,-1.5,+1,2,2,2.5,e,-1.5,+1
pi,pi,110,22,-174633.519508,4.276699e-09,5,5,4.5,f,-0.5,+1,2,2,2.5,e,-0.5,+1
pi,pi,111,23,-174633.493820,4.247516e-09,5,5,4.5,f,+0.5,+1,2,2,2.5,e,+0.5,+1
pi,pi,112,24,-174633.468062,3.163977e-09,5,5,4.5,f,+1.5,+1,2,2,2.5,e,+1.5,+1
pi,pi,113,25,-174633.442235,1.466518e-09,5,5,4.5,f,+2.5,+1,2,2,2.5,e,+2.5,+1
pi,pi,110,13,-174625.205797,1.737452e-12,5,5,4.5,f,-0.5,+1,2,2,1.5,e,-0.5,+1
pi,pi,111,14,-174625.147442,1.731373e-12,5,5,4.5,f,+0.5,+1,2,2,1.5,e,+0.5,+1
pi,pi,98,26,-174538.337087,8.822627e-11,5,5,4.5,e,-2.5,-1,2,2,2.5,f,-2.5,-1
pi,pi,99,27,-174538.316975,1.876832e-10,5,5,4.5,e,-1.5,-1,2,2,2.5,f,-1.5,-1
pi,pi,100,28,-174538.296794,2.484321e-10,5,5,4.5,e,-0.5,-1,2,2,2.5,f,-0.5,-1
pi,pi,101,29,-174538.276546,2.466384e-10,5,5,4.5,e,+0.5,-1,2,2,2.5,f,+0.5,-1
pi,pi,102,30,-174538.256232,1.836470e-10,5,5,4.5,e,+1.5,-1,2,2,2.5,f,+1.5,-1
pi,pi,103,31,-174538.235853,8.508667e-11,5,5,4.5,e,+2.5,-1,2,2,2.5,f,+2.5,-1
pi,pi,70,4,-130973.137009,4.608341e-09,4,4,3.5,f,-1.5,-1,1,1,1.5,e,-1.5,-1
pi,pi,71,5,-130973.058605,8.178885e-09,4,4,3.5,f,-0.5,-1,1,1,1.5,e,-0.5,-1
pi,pi,72,6,-130972.979663,8.065196e-09,4,4,3.5,f,+0.5,-1,1,1,1.5,e,+0.5,-1
pi,pi,73,7,-130972.900197,4.418810e-09,4,4,3.5,f,+1.5,-1,1,1,1.5,e,+1.5,-1
pi,pi,107,52,-130963.297380,8.902208e-03,5,5,4.5,f,-3.5,+1,3,3,3.5,f,-3.5,+1
pi,pi,108,53,-130963.292315,7.927234e-03,5,5,4.5,f,-2.5,+1,3,3,3.5,f,-2.5,+1
pi,pi,109,54,-130963.287224,3.665619e-03,5,5,4.5,f,-1.5,+1,3,3,3.5,f,-1.5,+1
pi,pi,110,55,-130963.282107,4.574196e-04,5,5,4.5,f,-0.5,+1,3,3,3.5,f,-0.5,+1
pi,pi,111,56,-130963.276964,4.360022e-04,5,5,4.5,f,+0.5,+1,3,3,3.5,f,+0.5,+1
pi,pi,112,57,-130963.271797,3.570584e-03,5,5,4.5,f,+1.5,+1,3,3,3.5,f,+1.5,+1
pi,pi,113,58,-130963.266604,7.707563e-03,5,5,4.5,f,+2.5,+1,3,3,3.5,f,+2.5,+1
pi,pi,114,59,-130963.261386,8.610671e-03,5,5,4.5,f,+3.5,+1,3,3,3.5,f,+3.5,+1
pi,pi,130,52,-130959.742970,3.918620e-02,5,5,5.5,f,-3.5,+1,3,3,3.5,f,-3.5,+1
pi,pi,131,53,-130959.731251,9.153302e-02,5,5,5.5,f,-2.5,+1,3,3,3.5,f,-2.5,+1
pi,pi,132,54,-130959.719519,1.374465e-01,5,5,5.5,f,-1.5,+1,3,3,3.5,f,-1.5,+1
pi,pi,133,55,-130959.707773,1.638009e-01,5,5,5.5,f,-0.5,+1,3,3,3.5,f,-0.5,+1
pi,pi,134,56,-130959.696014,1.639740e-01,5,5,5.5,f,+0.5,+1,3,3,3.5,f,+0.5,+1
pi,pi,135,57,-130959.684243,1.378827e-01,5,5,5.5,f,+1.5,+1,3,3,3.5,f,+1.5,+1
pi,pi,136,58,-130959.672458,9.201768e-02,5,5,5.5,f,+2.5,+1,3,3,3.5,f,+2.5,+1
pi,pi,137,59,-130959.660660,3.947701e-02,5,5,5.5,f,+3.5,+1,3,3,3.5,f,+3.5,+1
pi,pi,71,0,-130958.072577,3.506684e-12,4,4,3.5,f,-0.5,-1,1,1,0.5,e,-0.5,-1
pi,pi,72,1,-130957.868404,3.476334e-12,4,4,3.5,f,+0.5,-1,1,1,0.5,e,+0.5,-1
pi,pi,108,38,-130957.533366,5.679554e-02,5,5,4.5,f,-2.5,+1,3,3,2.5,f,-2.5,+1
pi,pi,109,39,-130957.513257,1.215886e-01,5,5,4.5,f,-1.5,+1,3,3,2.5,f,-1.5,+1
pi,pi,110,40,-130957.493161,1.619645e-01,5,5,4.5,f,-0.5,+1,3,3,2.5,f,-0.5,+1
pi,pi,111,41,-130957.473079,1.618121e-01,5,5,4.5,f,+0.5,+1,3,3,2.5,f,+0.5,+1
pi,pi,112,42,-130957.453010,1.212456e-01,5,5,4.5,f,+1.5,+1,3,3,2.5,f,+1.5,+1
pi,pi,113,43,-130957.432954,5.652874e-02,5,5,4.5,f,+2.5,+1,3,3,2.5,f,+2.5,+1
pi,pi,131,38,-130953.972302,1.486060e-08,5,5,5.5,f,-2.5,+1,3,3,2.5,f,-2.5,+1
pi,pi,132,39,-130953.945552,3.713299e-08,5,5,5.5,f,-1.5,+1,3,3,2.5,f,-1.5,+1
pi,pi,133,40,-130953.918828,5.301899e-08,5,5,5.5,f,-0.5,+1,3,3,2.5,f,-0.5,+1
pi,pi,134,41,-130953.892129,5.298920e-08,5,5,5.5,f,+0.5,+1,3,3,2.5,f,+0.5,+1
pi,pi,135,42,-130953.865456,3.707045e-08,5,5,5.5,f,+1.5,+1,3,3,2.5,f,+1.5,+1
pi,pi,136,43,-130953.838808,1.481894e-08,5,5,5.5,f,+2.5,+1,3,3,2.5,f,+2.5,+1
pi,pi,97,44,-130915.685035,1.565585e-03,5,5,4.5,e,-3.5,-1,3,3,3.5,e,-3.5,-1
pi,pi,98,45,-130915.680652,1.394408e-03,5,5,4.5,e,-2.5,-1,3,3,3.5,e,-2.5,-1
pi,pi,99,46,-130915.676240,6.452172e-04,5,5,4.5,e,-1.5,-1,3,3,3.5,e,-1.5,-1
pi,pi,100,47,-130915.671799,8.082560e-05,5,5,4.5,e,-0.5,-1,3,3,3.5,e,-0.5,-1
pi,pi,101,48,-130915.667329,7.609797e-05,5,5,4.5,e,+0.5,-1,3,3,3.5,e,+0.5,-1
pi,pi,102,49,-130915.662831,6.256916e-04,5,5,4.5,e,+1.5,-1,3,3,3.5,e,+1.5,-1
pi,pi,103,50,-130915.658304,1.351566e-03,5,5,4.5,e,+2.5,-1,3,3,3.5,e,+2.5,-1
pi,pi,104,51,-130915.653749,1.510268e-03,5,5,4.5,e,+3.5,-1,3,3,3.5,e,+3.5,-1
pi,pi,62,8,-130914.939354,4.747200e-11,4,4,3.5,e,-1.5,+1,1,1,1.5,f,-1.5,+1
pi,pi,63,9,-130914.866050,8.415811e-11,4,4,3.5,e,-0.5,+1,1,1,1.5,f,-0.5,+1
pi,pi,64,10,-130914.792223,8.289378e-11,4,4,3.5,e,+0.5,+1,1,1,1.5,f,+0.5,+1
pi,pi,65,11,-130914.717886,4.536425e-11,4,4,3.5,e,+1.5,+1,1,1,1.5,f,+1.5,+1
pi,pi,118,44,-130912.132438,6.917750e-03,5,5,5.5,e,-3.5,-1,3,3,3.5,e,-3.5,-1
pi,pi,119,45,-130912.120872,1.616030e-02,5,5,5.5,e,-2.5,-1,3,3,3.5,e,-2.5,-1
pi,pi,120,46,-130912.109291,2.426862e-02,5,5,5.5,e,-1.5,-1,3,3,3.5,e,-1.5,-1
pi,pi,121,47,-130912.097697,2.892454e-02,5,5,5.5,e,-0.5,-1,3,3,3.5,e,-0.5,-1
pi,pi,122,48,-130912.086087,2.895767e-02,5,5,5.5,e,+0.5,-1,3,3,3.5,e,+0.5,-1
pi,pi,123,49,-130912.074464,2.435211e-02,5,5,5.5,e,+1.5,-1,3,3,3.5,e,+1.5,-1
pi,pi,124,50,-130912.062826,1.625308e-02,5,5,5.5,e,+2.5,-1,3,3,3.5,e,+2.5,-1
pi,pi,125,51,-130912.051175,6.973418e-03,5,5,5.5,e,+3.5,-1,3,3,3.5,e,+3.5,-1
pi,pi,98,32,-130909.923745,1.003128e-02,5,5,4.5,e,-2.5,-1,3,3,2.5,e,-2.5,-1
pi,pi,99,33,-130909.903484,2.147422e-02,5,5,4.5,e,-1.5,-1,3,3,2.5,e,-1.5,-1
pi,pi,100,34,-130909.883238,2.860403e-02,5,5,4.5,e,-0.5,-1,3,3,2.5,e,-0.5,-1
pi,pi,101,35,-130909.863007,2.857601e-02,5,5,4.5,e,+0.5,-1,3,3,2.5,e,+0.5,-1
pi,pi,102,36,-130909.842789,2.141116e-02,5,5,4.5,e,+1.5,-1,3,3,2.5,e,+1.5,-1
pi,pi,103,37,-130909.822586,9.982222e-03,5,5,4.5,e,+2.5,-1,3,3,2.5,e,+2.5,-1
pi,pi,119,32,-130906.363965,4.210942e-09,5,5,5.5,e,-2.5,-1,3,3,2.5,e,-2.5,-1
pi,pi,120,33,-130906.336536,1.050725e-08,5,5,5.5,e,-1.5,-1,3,3,2.5,e,-1.5,-1
pi,pi,121,34,-130906.309136,1.498140e-08,5,5,5.5,e,-0.5,-1,3,3,2.5,e,-0.5,-1
pi,pi,122,35,-130906.281765,1.495224e-08,5,5,5.5,e,+0.5,-1,3,3,2.5,e,+0.5,-1
pi,pi,123,36,-130906.254423,1.044600e-08,5,5,5.5,e,+1.5,-1,3,3,2.5,e,+1.5,-1
pi,pi,124,37,-130906.227108,4.170121e-09,5,5,5.5,e,+2.5,-1,3,3,2.5,e,+2.5,-1
pi,pi,69,26,-101863.589630,1.523462e-02,4,4,3.5,f,-2.5,-1,2,2,2.5,f,-2.5,-1
pi,pi,70,27,-101863.573015,9.085171e-03,4,4,3.5,f,-1.5,-1,2,2,2.5,f,-1.5,-1
pi,pi,71,28,-101863.556329,1.203566e-03,4,4,3.5,f,-0.5,-1,2,2,2.5,f,-0.5,-1
pi,pi,72,29,-101863.539574,1.198255e-03,4,4,3.5,f,+0.5,-1,2,2,2.5,f,+0.5,-1
pi,pi,73,30,-101863.522750,8.929931e-03,4,4,3.5,f,+1.5,-1,2,2,2.5,f,+1.5,-1
pi,pi,74,31,-101863.505857,1.479538e-02,4,4,3.5,f,+2.5,-1,2,2,2.5,f,+2.5,-1
pi,pi,88,26,-101859.177196,5.223782e-02,4,4,4.5,f,-2.5,-1,2,2,2.5,f,-2.5,-1
pi,pi,89,27,-101859.151278,1.121283e-01,4,4,4.5,f,-1.5,-1,2,2,2.5,f,-1.5,-1
pi,pi,90,28,-101859.125308,1.497564e-01,4,4,4.5,f,-0.5,-1,2,2,2.5,f,-0.5,-1
pi,pi,91,29,-101859.099288,1.500067e-01,4,4,4.5,f,+0.5,-1,2,2,2.5,f,+0.5,-1
pi,pi,92,30,-101859.073219,1.126916e-01,4,4,4.5,f,+1.5,-1,2,2,2.5,f,+1.5,-1
pi,pi,93,31,-101859.047100,5.267595e-02,4,4,4.5,f,+2.5,-1,2,2,2.5,f,+2.5,-1
pi,pi,70,16,-101855.290391,8.115119e-02,4,4,3.5,f,-1.5,-1,2,2,1.5,f,-1.5,-1
pi,pi,71,17,-101855.242069,1.458232e-01,4,4,3.5,f,-0.5,-1,2,2,1.5,f,-0.5,-1
pi,pi,72,18,-101855.193798,1.455770e-01,4,4,3.5,f,+0.5,-1,2,2,1.5,f,+0.5,-1
pi,pi,73,19,-101855.145577,8.074093e-02,4,4,3.5,f,+1.5,-1,2,2,1.5,f,+1.5,-1
pi,pi,89,16,-101850.868654,9.753297e-11,4,4,4.5,f,-1.5,-1,2,2,1.5,f,-1.5,-1
pi,pi,90,17,-101850.811048,1.530163e-10,4,4,4.5,f,-0.5,-1,2,2,1.5,f,-0.5,-1
pi,pi,91,18,-101850.753512,1.166606e-10,4,4,4.5,f,+0.5,-1,2,2,1.5,f,+0.5,-1
pi,pi,92,19,-101850.696046,4.286394e-11,4,4,4.5,f,+1.5,-1,2,2,1.5,f,+1.5,-1
pi,pi,61,20,-101826.557402,2.678495e-03,4,4,3.5,e,-2.5,+1,2,2,2.5,e,-2.5,+1
pi,pi,62,21,-101826.541694,1.597854e-03,4,4,3.5,e,-1.5,+1,2,2,2.5,e,-1.5,+1
pi,pi,63,22,-101826.525909,2.121445e-04,4,4,3.5,e,-0.5,+1,2,2,2.5,e,-0.5,+1
pi,pi,64,23,-101826.510049,2.097056e-04,4,4,3.5,e,+0.5,+1,2,2,2.5,e,+0.5,+1
pi,pi,65,24,-101826.494114,1.566286e-03,4,4,3.5,e,+1.5,+1,2,2,2.5,e,+1.5,+1
pi,pi,66,25,-101826.478105,2.595972e-03,4,4,3.5,e,+2.5,+1,2,2,2.5,e,+2.5,+1
pi,pi,78,20,-101822.146547,9.222462e-03,4,4,4.5,e,-2.5,+1,2,2,2.5,e,-2.5,+1
pi,pi,79,21,-101822.120890,1.979852e-02,4,4,4.5,e,-1.5,+1,2,2,2.5,e,-1.5,+1
pi,pi,80,22,-101822.095180,2.644583e-02,4,4,4.5,e,-0.5,+1,2,2,2.5,e,-0.5,+1
pi,pi,81,23,-101822.069416,2.649333e-02,4,4,4.5,e,+0.5,+1,2,2,2.5,e,+0.5,+1
pi,pi,82,24,-101822.043599,1.990538e-02,4,4,4.5,e,+1.5,+1,2,2,2.5,e,+1.5,+1
pi,pi,83,25,-101822.017730,9.305582e-03,4,4,4.5,e,+2.5,+1,2,2,2.5,e,+2.5,+1
pi,pi,62,12,-101818.260779,1.433468e-02,4,4,3.5,e,-1.5,+1,2,2,1.5,e,-1.5,+1
pi,pi,63,13,-101818.212198,2.575744e-02,4,4,3.5,e,-0.5,+1,2,2,1.5,e,-0.5,+1
pi,pi,64,14,-101818.163672,2.571298e-02,4,4,3.5,e,+0.5,+1,2,2,1.5,e,+0.5,+1
pi,pi,65,15,-101818.115198,1.426058e-02,4,4,3.5,e,+1.5,+1,2,2,1.5,e,+1.5,+1
pi,pi,79,12,-101813.839975,1.593930e-10,4,4,4.5,e,-1.5,+1,2,2,1.5,e,-1.5,+1
pi,pi,80,13,-101813.781469,3.403997e-10,4,4,4.5,e,-0.5,+1,2,2,1.5,e,-0.5,+1
pi,pi,81,14,-101813.723038,3.622813e-10,4,4,4.5,e,+0.5,+1,2,2,1.5,e,+0.5,+1
pi,pi,82,15,-101813.664683,1.922004e-10,4,4,4.5,e,+1.5,+1,2,2,1.5,e,+1.5,+1
pi,pi,115,85,-72811.424537,1.202781e-02,5,5,4.5,f,+4.5,+1,4,4,4.5,e,+4.5,+1
pi,pi,114,84,-72811.424529,1.340788e-03,5,5,4.5,f,+3.5,+1,4,4,4.5,e,+3.5,+1
pi,pi,113,83,-72811.424504,3.374786e-04,5,5,4.5,f,+2.5,+1,4,4,4.5,e,+2.5,+1
pi,pi,112,82,-72811.424463,3.045315e-03,5,5,4.5,f,+1.5,+1,4,4,4.5,e,+1.5,+1
pi,pi,111,81,-72811.424404,5.434163e-03,5,5,4.5,f,+0.5,+1,4,4,4.5,e,+0.5,+1
pi,pi,110,80,-72811.424328,5.455086e-03,5,5,4.5,f,-0.5,+1,4,4,4.5,e,-0.5,+1
pi,pi,109,79,-72811.424235,3.080134e-03,5,5,4.5,f,-1.5,+1,4,4,4.5,e,-1.5,+1
pi,pi,108,78,-72811.424125,3.432017e-04,5,5,4.5,f,-2.5,+1,4,4,4.5,e,-2.5,+1
pi,pi,107,77,-72811.423997,1.381981e-03,5,5,4.5,f,-3.5,+1,4,4,4.5,e,-3.5,+1
pi,pi,106,76,-72811.423851,1.248104e-02,5,5,4.5,f,-4.5,+1,4,4,4.5,e,-4.5,+1
pi,pi,129,76,-72807.876107,1.220748e-01,5,5,5.5,f,-4.5,+1,4,4,4.5,e,-4.5,+1
pi,pi,130,77,-72807.869586,1.331544e-01,5,5,5.5,f,-3.5,+1,4,4,4.5,e,-3.5,+1
pi,pi,131,78,-72807.863061,9.078861e-02,5,5,5.5,f,-2.5,+1,4,4,4.5,e,-2.5,+1
pi,pi,132,79,-72807.856530,3.828424e-02,5,5,5.5,f,-1.5,+1,4,4,4.5,e,-1.5,+1
pi,pi,133,80,-72807.849995,4.631222e-03,5,5,5.5,f,-0.5,+1,4,4,4.5,e,-0.5,+1
pi,pi,134,81,-72807.843454,4.429734e-03,5,5,5.5,f,+0.5,+1,4,4,4.5,e,+0.5,+1
pi,pi,135,82,-72807.836909,3.781865e-02,5,5,5.5,f,+1.5,+1,4,4,4.5,e,+1.5,+1
pi,pi,136,83,-72807.830358,9.040514e-02,5,5,5.5,f,+2.5,+1,4,4,4.5,e,+2.5,+1
pi,pi,137,84,-72807.823803,1.331954e-01,5,5,5.5,f,+3.5,+1,4,4,4.5,e,+3.5,+1
pi,pi,138,85,-72807.817243,1.225267e-01,5,5,5.5,f,+4.5,+1,4,4,4.5,e,+4.5,+1
pi,pi,107,60,-72807.023112,1.331283e-01,5,5,4.5,f,-3.5,+1,4,4,3.5,e,-3.5,+1
pi,pi,108,61,-72807.013269,1.186515e-01,5,5,4.5,f,-2.5,+1,4,4,3.5,e,-2.5,+1
pi,pi,109,62,-72807.003431,5.474256e-02,5,5,4.5,f,-1.5,+1,4,4,3.5,e,-1.5,+1
pi,pi,110,63,-72806.993599,6.669700e-03,5,5,4.5,f,-0.5,+1,4,4,3.5,e,-0.5,+1
pi,pi,111,64,-72806.983771,6.917624e-03,5,5,4.5,f,+0.5,+1,4,4,3.5,e,+0.5,+1
pi,pi,112,65,-72806.973948,5.530683e-02,5,5,4.5,f,+1.5,+1,4,4,3.5,e,+1.5,+1
pi,pi,113,66,-72806.964130,1.191104e-01,5,5,4.5,f,+2.5,+1,4,4,3.5,e,+2.5,+1
pi,pi,114,67,-72806.954316,1.331683e-01,5,5,4.5,f,+3.5,+1,4,4,3.5,e,+3.5,+1
pi,pi,130,60,-72803.468702,1.381371e-03,5,5,5.5,f,-3.5,+1,4,4,3.5,e,-3.5,+1
pi,pi,131,61,-72803.452206,3.209183e-03,5,5,5.5,f,-2.5,+1,4,4,3.5,e,-2.5,+1
pi,pi,132,62,-72803.435727,4.792886e-03,5,5,5.5,f,-1.5,+1,4,4,3.5,e,-1.5,+1
pi,pi,133,63,-72803.419265,5.681112e-03,5,5,5.5,f,-0.5,+1,4,4,3.5,e,-0.5,+1
pi,pi,134,64,-72803.402821,5.656569e-03,5,5,5.5,f,+0.5,+1,4,4,3.5,e,+0.5,+1
pi,pi,135,65,-72803.386394,4.731035e-03,5,5,5.5,f,+1.5,+1,4,4,3.5,e,+1.5,+1
pi,pi,136,66,-72803.369984,3.140457e-03,5,5,5.5,f,+2.5,+1,4,4,3.5,e,+2.5,+1
pi,pi,137,67,-72803.353590,1.340134e-03,5,5,5.5,f,+3.5,+1,4,4,3.5,e,+3.5,+1
pi,pi,39,8,-72764.429528,2.627781e-02,3,3,2.5,f,-1.5,+1,1,1,1.5,f,-1.5,+1
pi,pi,40,9,-72764.366487,4.275465e-03,3,3,2.5,f,-0.5,+1,1,1,1.5,f,-0.5,+1
pi,pi,41,10,-72764.302914,4.369925e-03,3,3,2.5,f,+0.5,+1,1,1,1.5,f,+0.5,+1
pi,pi,42,11,-72764.238824,2.560872e-02,3,3,2.5,f,+1.5,+1,1,1,1.5,f,+1.5,+1
pi,pi,54,8,-72758.655561,6.440287e-02,3,3,3.5,f,-1.5,+1,1,1,1.5,f,-1.5,+1
pi,pi,55,9,-72758.577541,1.163286e-01,3,3,3.5,f,-0.5,+1,1,1,1.5,f,-0.5,+1
pi,pi,56,10,-72758.499029,1.167293e-01,3,3,3.5,f,+0.5,+1,1,1,1.5,f,+0.5,+1
pi,pi,57,11,-72758.420037,6.507061e-02,3,3,3.5,f,+1.5,+1,1,1,1.5,f,+1.5,+1
pi,pi,40,2,-72749.379529,1.060224e-01,3,3,2.5,f,-0.5,+1,1,1,0.5,f,-0.5,+1
pi,pi,41,3,-72749.192645,1.055260e-01,3,3,2.5,f,+0.5,+1,1,1,0.5,f,+0.5,+1
pi,pi,55,2,-72743.590584,2.789844e-07,3,3,3.5,f,-0.5,+1,1,1,0.5,f,-0.5,+1
pi,pi,56,3,-72743.388759,2.695075e-07,3,3,3.5,f,+0.5,+1,1,1,0.5,f,+0.5,+1
pi,pi,33,4,-72737.977484,4.619142e-03,3,3,2.5,e,-1.5,-1,1,1,1.5,e,-1.5,-1
pi,pi,34,5,-72737.915831,7.522962e-04,3,3,2.5,e,-0.5,-1,1,1,1.5,e,-0.5,-1
pi,pi,35,6,-72737.853629,7.663077e-04,3,3,2.5,e,+0.5,-1,1,1,1.5,e,+0.5,-1
pi,pi,36,7,-72737.790891,4.495165e-03,3,3,2.5,e,+1.5,-1,1,1,1.5,e,+1.5,-1
pi,pi,46,4,-72732.204728,1.137199e-02,3,3,3.5,e,-1.5,-1,1,1,1.5,e,-1.5,-1
pi,pi,47,5,-72732.127271,2.054516e-02,3,3,3.5,e,-0.5,-1,1,1,1.5,e,-0.5,-1
pi,pi,48,6,-72732.049307,2.062016e-02,3,3,3.5,e,+0.5,-1,1,1,1.5,e,+0.5,-1
pi,pi,49,7,-72731.970849,1.149700e-02,3,3,3.5,e,+1.5,-1,1,1,1.5,e,+1.5,-1
pi,pi,34,0,-72722.929803,1.873758e-02,3,3,2.5,e,-0.5,-1,1,1,0.5,e,-0.5,-1
pi,pi,35,1,-72722.742370,1.864960e-02,3,3,2.5,e,+0.5,-1,1,1,0.5,e,+0.5,-1
pi,pi,47,0,-72717.141242,4.098106e-08,3,3,3.5,e,-0.5,-1,1,1,0.5,e,-0.5,-1
pi,pi,48,1,-72716.938048,3.947952e-08,3,3,3.5,e,+0.5,-1,1,1,0.5,e,+0.5,-1
pi,pi,105,95,-72679.200181,1.412932e-03,5,5,4.5,e,+4.5,-1,4,4,4.5,f,+4.5,-1
pi,pi,104,94,-72679.194475,1.561497e-04,5,5,4.5,e,+3.5,-1,4,4,4.5,f,+3.5,-1
pi,pi,103,93,-72679.188753,4.056057e-05,5,5,4.5,e,+2.5,-1,4,4,4.5,f,+2.5,-1
pi,pi,102,92,-72679.183014,3.601413e-04,5,5,4.5,e,+1.5,-1,4,4,4.5,f,+1.5,-1
pi,pi,101,91,-72679.177258,6.401885e-04,5,5,4.5,e,+0.5,-1,4,4,4.5,f,+0.5,-1
pi,pi,100,90,-72679.171486,6.407959e-04,5,5,4.5,e,-0.5,-1,4,4,4.5,f,-0.5,-1
pi,pi,99,89,-72679.165697,3.604148e-04,5,5,4.5,e,-1.5,-1,4,4,4.5,f,-1.5,-1
pi,pi,98,88,-72679.159891,3.949765e-05,5,5,4.5,e,-2.5,-1,4,4,4.5,f,-2.5,-1
pi,pi,97,87,-72679.154068,1.642301e-04,5,5,4.5,e,-3.5,-1,4,4,4.5,f,-3.5,-1
pi,pi,96,86,-72679.148227,1.470351e-03,5,5,4.5,e,-4.5,-1,4,4,4.5,f,-4.5,-1
pi,pi,117,86,-72675.602827,1.430155e-02,5,5,5.5,e,-4.5,-1,4,4,4.5,f,-4.5,-1
pi,pi,118,87,-72675.601470,1.560023e-02,5,5,5.5,e,-3.5,-1,4,4,4.5,f,-3.5,-1
pi,pi,119,88,-72675.600111,1.063719e-02,5,5,5.5,e,-2.5,-1,4,4,4.5,f,-2.5,-1
pi,pi,120,89,-72675.598749,4.485798e-03,5,5,5.5,e,-1.5,-1,4,4,4.5,f,-1.5,-1
pi,pi,121,90,-72675.597384,5.427128e-04,5,5,5.5,e,-0.5,-1,4,4,4.5,f,-0.5,-1
pi,pi,122,91,-72675.596017,5.189800e-04,5,5,5.5,e,+0.5,-1,4,4,4.5,f,+0.5,-1
pi,pi,123,92,-72675.594647,4.431336e-03,5,5,5.5,e,+1.5,-1,4,4,4.5,f,+1.5,-1
pi,pi,124,93,-72675.593275,1.059365e-02,5,5,5.5,e,+2.5,-1,4,4,4.5,f,+2.5,-1
pi,pi,125,94,-72675.591900,1.560848e-02,5,5,5.5,e,+3.5,-1,4,4,4.5,f,+3.5,-1
pi,pi,126,95,-72675.590523,1.435884e-02,5,5,5.5,e,+4.5,-1,4,4,4.5,f,+4.5,-1
pi,pi,97,68,-72674.750957,1.560737e-02,5,5,4.5,e,-3.5,-1,4,4,3.5,f,-3.5,-1
pi,pi,98,69,-72674.747457,1.391031e-02,5,5,4.5,e,-2.5,-1,4,4,3.5,f,-2.5,-1
pi,pi,99,70,-72674.743959,6.417796e-03,5,5,4.5,e,-1.5,-1,4,4,3.5,f,-1.5,-1
pi,pi,100,71,-72674.740465,7.818337e-04,5,5,4.5,e,-0.5,-1,4,4,3.5,f,-0.5,-1
pi,pi,101,72,-72674.736972,8.112566e-04,5,5,4.5,e,+0.5,-1,4,4,3.5,f,+0.5,-1
pi,pi,102,73,-72674.733483,6.485278e-03,5,5,4.5,e,+1.5,-1,4,4,3.5,f,+1.5,-1
pi,pi,103,74,-72674.729995,1.396678e-02,5,5,4.5,e,+2.5,-1,4,4,3.5,f,+2.5,-1
pi,pi,104,75,-72674.726511,1.561533e-02,5,5,4.5,e,+3.5,-1,4,4,3.5,f,+3.5,-1
pi,pi,118,68,-72671.198359,1.636173e-04,5,5,5.5,e,-3.5,-1,4,4,3.5,f,-3.5,-1
pi,pi,119,69,-72671.187677,3.789976e-04,5,5,5.5,e,-2.5,-1,4,4,3.5,f,-2.5,-1
pi,pi,120,70,-72671.177011,5.643720e-04,5,5,5.5,e,-1.5,-1,4,4,3.5,f,-1.5,-1
pi,pi,121,71,-72671.166362,6.670081e-04,5,5,5.5,e,-0.5,-1,4,4,3.5,f,-0.5,-1
pi,pi,122,72,-72671.155731,6.621907e-04,5,5,5.5,e,+0.5,-1,4,4,3.5,f,+0.5,-1
pi,pi,123,73,-72671.145116,5.522319e-04,5,5,5.5,e,+1.5,-1,4,4,3.5,f,+1.5,-1
pi,pi,124,74,-72671.134518,3.655074e-04,5,5,5.5,e,+2.5,-1,4,4,3.5,f,+2.5,-1
pi,pi,125,75,-72671.123936,1.555222e-04,5,5,5.5,e,+3.5,-1,4,4,3.5,f,+3.5,-1
pi,pi,68,44,-58240.934078,1.961298e-02,4,4,3.5,f,-3.5,-1,3,3,3.5,e,-3.5,-1
pi,pi,69,45,-58240.933195,3.975821e-04,4,4,3.5,f,-2.5,-1,3,3,3.5,e,-2.5,-1
pi,pi,70,46,-58240.932280,3.569935e-03,4,4,3.5,f,-1.5,-1,3,3,3.5,e,-1.5,-1
pi,pi,71,47,-58240.931334,9.864402e-03,4,4,3.5,f,-0.5,-1,3,3,3.5,e,-0.5,-1
pi,pi,72,48,-58240.930357,9.814630e-03,4,4,3.5,f,+0.5,-1,3,3,3.5,e,+0.5,-1
pi,pi,73,49,-58240.929348,3.515006e-03,4,4,3.5,f,+1.5,-1,3,3,3.5,e,+1.5,-1
pi,pi,74,50,-58240.928308,3.895786e-04,4,4,3.5,f,+2.5,-1,3,3,3.5,e,+2.5,-1
pi,pi,75,51,-58240.927239,1.896815e-02,4,4,3.5,f,+3.5,-1,3,3,3.5,e,+3.5,-1
pi,pi,87,44,-58236.530968,1.537347e-01,4,4,4.5,f,-3.5,-1,3,3,3.5,e,-3.5,-1
pi,pi,88,45,-58236.520761,1.376465e-01,4,4,4.5,f,-2.5,-1,3,3,3.5,e,-2.5,-1
pi,pi,89,46,-58236.510543,6.399488e-02,4,4,4.5,f,-1.5,-1,3,3,3.5,e,-1.5,-1
pi,pi,90,47,-58236.500313,8.028848e-03,4,4,4.5,f,-0.5,-1,3,3,3.5,e,-0.5,-1
pi,pi,91,48,-58236.490071,7.693919e-03,4,4,4.5,f,+0.5,-1,3,3,3.5,e,+0.5,-1
pi,pi,92,49,-58236.479817,6.334459e-02,4,4,4.5,f,+1.5,-1,3,3,3.5,e,+1.5,-1
pi,pi,93,50,-58236.469551,1.374621e-01,4,4,4.5,f,+2.5,-1,3,3,3.5,e,+2.5,-1
pi,pi,94,51,-58236.459275,1.543776e-01,4,4,4.5,f,+3.5,-1,3,3,3.5,e,+3.5,-1
pi,pi,69,32,-58235.176288,1.635676e-01,4,4,3.5,f,-2.5,-1,3,3,2.5,e,-2.5,-1
pi,pi,70,33,-58235.159525,9.781428e-02,4,4,3.5,f,-1.5,-1,3,3,2.5,e,-1.5,-1
pi,pi,71,34,-58235.142774,1.287991e-02,4,4,3.5,f,-0.5,-1,3,3,2.5,e,-0.5,-1
pi,pi,72,35,-58235.126034,1.331410e-02,4,4,3.5,f,+0.5,-1,3,3,2.5,e,+0.5,-1
pi,pi,73,36,-58235.109307,9.862966e-02,4,4,3.5,f,+1.5,-1,3,3,2.5,e,+1.5,-1
pi,pi,74,37,-58235.092591,1.638427e-01,4,4,3.5,f,+2.5,-1,3,3,2.5,e,+2.5,-1
pi,pi,88,32,-58230.763854,3.714478e-03,4,4,4.5,f,-2.5,-1,3,3,2.5,e,-2.5,-1
pi,pi,89,33,-58230.737787,7.923103e-03,4,4,4.5,f,-1.5,-1,3,3,2.5,e,-1.5,-1
pi,pi,90,34,-58230.711752,1.051582e-02,4,4,4.5,f,-0.5,-1,3,3,2.5,e,-0.5,-1
pi,pi,91,35,-58230.685748,1.046784e-02,4,4,4.5,f,+0.5,-1,3,3,2.5,e,+0.5,-1
pi,pi,92,36,-58230.659776,7.815147e-03,4,4,4.5,f,+1.5,-1,3,3,2.5,e,+1.5,-1
pi,pi,93,37,-58230.633834,3.630508e-03,4,4,4.5,f,+2.5,-1,3,3,2.5,e,+2.5,-1
pi,pi,67,59,-58156.307070,1.101031e-03,4,4,3.5,e,+3.5,+1,3,3,3.5,f,+3.5,+1
pi,pi,66,58,-58156.302474,2.225912e-05,4,4,3.5,e,+2.5,+1,3,3,3.5,f,+2.5,+1
pi,pi,65,57,-58156.297849,2.052566e-04,4,4,3.5,e,+1.5,+1,3,3,3.5,f,+1.5,+1
pi,pi,64,56,-58156.293194,5.709701e-04,4,4,3.5,e,+0.5,+1,3,3,3.5,f,+0.5,+1
pi,pi,63,55,-58156.288508,5.725641e-04,4,4,3.5,e,-0.5,+1,3,3,3.5,f,-0.5,+1
pi,pi,62,54,-58156.283792,2.064257e-04,4,4,3.5,e,-1.5,+1,3,3,3.5,f,-1.5,+1
pi,pi,61,53,-58156.279046,2.349889e-05,4,4,3.5,e,-2.5,+1,3,3,3.5,f,-2.5,+1
pi,pi,60,52,-58156.274268,1.140959e-03,4,4,3.5,e,-3.5,+1,3,3,3.5,f,-3.5,+1
pi,pi,77,52,-58151.873384,8.876866e-03,4,4,4.5,e,-3.5,+1,3,3,3.5,f,-3.5,+1
pi,pi,78,53,-58151.868190,7.948364e-03,4,4,4.5,e,-2.5,+1,3,3,3.5,f,-2.5,+1
pi,pi,79,54,-58151.862989,3.695609e-03,4,4,4.5,e,-1.5,+1,3,3,3.5,f,-1.5,+1
pi,pi,80,55,-58151.857779,4.637110e-04,4,4,4.5,e,-0.5,+1,3,3,3.5,f,-0.5,+1
pi,pi,81,56,-58151.852560,4.442888e-04,4,4,4.5,e,+0.5,+1,3,3,3.5,f,+0.5,+1
pi,pi,82,57,-58151.847334,3.658315e-03,4,4,4.5,e,+1.5,+1,3,3,3.5,f,+1.5,+1
pi,pi,83,58,-58151.842100,7.939291e-03,4,4,4.5,e,+2.5,+1,3,3,3.5,f,+2.5,+1
pi,pi,84,59,-58151.836857,8.916738e-03,4,4,4.5,e,+3.5,+1,3,3,3.5,f,+3.5,+1
pi,pi,61,38,-58150.520097,9.455996e-03,4,4,3.5,e,-2.5,+1,3,3,2.5,f,-2.5,+1
pi,pi,62,39,-58150.509825,5.654678e-03,4,4,3.5,e,-1.5,+1,3,3,2.5,f,-1.5,+1
pi,pi,63,40,-58150.499563,7.444871e-04,4,4,3.5,e,-0.5,+1,3,3,2.5,f,-0.5,+1
pi,pi,64,41,-58150.489308,7.699723e-04,4,4,3.5,e,+0.5,+1,3,3,2.5,f,+0.5,+1
pi,pi,65,42,-58150.479062,5.703099e-03,4,4,3.5,e,+1.5,+1,3,3,2.5,f,+1.5,+1
pi,pi,66,43,-58150.468824,9.473831e-03,4,4,3.5,e,+2.5,+1,3,3,2.5,f,+2.5,+1
pi,pi,78,38,-58146.109241,2.160095e-04,4,4,4.5,e,-2.5,+1,3,3,2.5,f,-2.5,+1
pi,pi,79,39,-58146.089022,4.596835e-04,4,4,4.5,e,-1.5,+1,3,3,2.5,f,-1.5,+1
pi,pi,80,40,-58146.068833,6.086941e-04,4,4,4.5,e,-0.5,+1,3,3,2.5,f,-0.5,+1
pi,pi,81,41,-58146.048675,6.045178e-04,4,4,4.5,e,+0.5,+1,3,3,2.5,f,+0.5,+1
pi,pi,82,42,-58146.028547,4.502864e-04,4,4,4.5,e,+1.5,+1,3,3,2.5,f,+1.5,+1
pi,pi,83,43,-58146.008450,2.087000e-04,4,4,4.5,e,+2.5,+1,3,3,2.5,f,+2.5,+1
pi,pi,38,20,-43676.037306,3.423765e-02,3,3,2.5,f,-2.5,+1,2,2,2.5,e,-2.5,+1
pi,pi,39,21,-43676.031868,1.371447e-03,3,3,2.5,f,-1.5,+1,2,2,2.5,e,-1.5,+1
pi,pi,40,22,-43676.026346,2.166063e-02,3,3,2.5,f,-0.5,+1,2,2,2.5,e,-0.5,+1
pi,pi,41,23,-43676.020741,2.148618e-02,3,3,2.5,f,+0.5,+1,2,2,2.5,e,+0.5,+1
pi,pi,42,24,-43676.015052,1.325943e-03,3,3,2.5,f,+1.5,+1,2,2,2.5,e,+1.5,+1
pi,pi,43,25,-43676.009281,3.319415e-02,3,3,2.5,f,+2.5,+1,2,2,2.5,e,+2.5,+1
pi,pi,53,20,-43670.278357,2.014933e-01,3,3,3.5,f,-2.5,+1,2,2,2.5,e,-2.5,+1
pi,pi,54,21,-43670.257902,1.216360e-01,3,3,3.5,f,-1.5,+1,2,2,2.5,e,-1.5,+1
pi,pi,55,22,-43670.237401,1.652105e-02,3,3,3.5,f,-0.5,+1,2,2,2.5,e,-0.5,+1
pi,pi,56,23,-43670.216855,1.580766e-02,3,3,3.5,f,+0.5,+1,2,2,2.5,e,+0.5,+1
pi,pi,57,24,-43670.196265,1.207940e-01,3,3,3.5,f,+1.5,+1,2,2,2.5,e,+1.5,+1
pi,pi,58,25,-43670.175631,2.025343e-01,3,3,3.5,f,+2.5,+1,2,2,2.5,e,+2.5,+1
pi,pi,39,12,-43667.750953,1.933038e-01,3,3,2.5,f,-1.5,+1,2,2,1.5,e,-1.5,+1
pi,pi,40,13,-43667.712635,3.180420e-02,3,3,2.5,f,-0.5,+1,2,2,1.5,e,-0.5,+1
pi,pi,41,14,-43667.674363,3.281416e-02,3,3,2.5,f,+0.5,+1,2,2,1.5,e,+0.5,+1
pi,pi,42,15,-43667.636136,1.943909e-01,3,3,2.5,f,+1.5,+1,2,2,1.5,e,+1.5,+1
pi,pi,54,12,-43661.976986,1.358032e-02,3,3,3.5,f,-1.5,+1,2,2,1.5,e,-1.5,+1
pi,pi,55,13,-43661.923690,2.432376e-02,3,3,3.5,f,-0.5,+1,2,2,1.5,e,-0.5,+1
pi,pi,56,14,-43661.870478,2.420384e-02,3,3,3.5,f,+0.5,+1,2,2,1.5,e,+0.5,+1
pi,pi,57,15,-43661.817349,1.338045e-02,3,3,3.5,f,+1.5,+1,2,2,1.5,e,+1.5,+1
pi,pi,34,28,-43628.413556,2.238707e-04,3,3,2.5,e,-0.5,-1,2,2,2.5,f,-0.5,-1
pi,pi,35,29,-43628.413540,2.224263e-04,3,3,2.5,e,+0.5,-1,2,2,2.5,f,+0.5,-1
pi,pi,33,27,-43628.413490,1.408429e-05,3,3,2.5,e,-1.5,-1,2,2,2.5,f,-1.5,-1
pi,pi,36,30,-43628.413443,1.381344e-05,3,3,2.5,e,+1.5,-1,2,2,2.5,f,+1.5,-1
pi,pi,32,26,-43628.413342,3.543977e-04,3,3,2.5,e,-2.5,-1,2,2,2.5,f,-2.5,-1
pi,pi,37,31,-43628.413266,3.431096e-04,3,3,2.5,e,+2.5,-1,2,2,2.5,f,+2.5,-1
pi,pi,45,26,-43622.656435,2.050363e-03,3,3,3.5,e,-2.5,-1,2,2,2.5,f,-2.5,-1
pi,pi,46,27,-43622.640735,1.237841e-03,3,3,3.5,e,-1.5,-1,2,2,2.5,f,-1.5,-1
pi,pi,47,28,-43622.624995,1.681411e-04,3,3,3.5,e,-0.5,-1,2,2,2.5,f,-0.5,-1
pi,pi,48,29,-43622.609218,1.608896e-04,3,3,3.5,e,+0.5,-1,2,2,2.5,f,+0.5,-1
pi,pi,49,30,-43622.593402,1.229527e-03,3,3,3.5,e,+1.5,-1,2,2,2.5,f,+1.5,-1
pi,pi,50,31,-43622.577549,2.061679e-03,3,3,3.5,e,+2.5,-1,2,2,2.5,f,+2.5,-1
pi,pi,33,16,-43620.130866,1.973176e-03,3,3,2.5,e,-1.5,-1,2,2,1.5,f,-1.5,-1
pi,pi,34,17,-43620.099296,3.245558e-04,3,3,2.5,e,-0.5,-1,2,2,1.5,f,-0.5,-1
pi,pi,35,18,-43620.067764,3.351319e-04,3,3,2.5,e,+0.5,-1,2,2,1.5,f,+0.5,-1
pi,pi,36,19,-43620.036271,1.984778e-03,3,3,2.5,e,+1.5,-1,2,2,1.5,f,+1.5,-1
pi,pi,46,16,-43614.358111,1.391919e-04,3,3,3.5,e,-1.5,-1,2,2,1.5,f,-1.5,-1
pi,pi,47,17,-43614.310735,2.488658e-04,3,3,3.5,e,-0.5,-1,2,2,1.5,f,-0.5,-1
pi,pi,48,18,-43614.263442,2.472033e-04,3,3,3.5,e,+0.5,-1,2,2,1.5,f,+0.5,-1
pi,pi,49,19,-43614.216229,1.364210e-04,3,3,3.5,e,+1.5,-1,2,2,1.5,f,+1.5,-1
pi,pi,16,4,-29117.846618,6.703839e-02,2,2,1.5,f,-1.5,-1,1,1,1.5,e,-1.5,-1
pi,pi,17,5,-29117.816535,6.662534e-02,2,2,1.5,f,-0.5,-1,1,1,1.5,e,-0.5,-1
pi,pi,18,6,-29117.785865,6.542795e-02,2,2,1.5,f,+0.5,-1,1,1,1.5,e,+0.5,-1
pi,pi,19,7,-29117.754620,6.503772e-02,2,2,1.5,f,+1.5,-1,1,1,1.5,e,+1.5,-1
pi,pi,27,4,-29109.563994,2.629485e-01,2,2,2.5,f,-1.5,-1,1,1,1.5,e,-1.5,-1
pi,pi,28,5,-29109.502275,4.523897e-02,2,2,2.5,f,-0.5,-1,1,1,1.5,e,-0.5,-1
pi,pi,29,6,-29109.440089,4.277521e-02,2,2,2.5,f,+0.5,-1,1,1,1.5,e,+0.5,-1
pi,pi,30,7,-29109.377448,2.649478e-01,2,2,2.5,f,+1.5,-1,1,1,1.5,e,+1.5,-1
pi,pi,17,0,-29102.830507,1.298506e-01,2,2,1.5,f,-0.5,-1,1,1,0.5,e,-0.5,-1
pi,pi,18,1,-29102.674606,1.340467e-01,2,2,1.5,f,+0.5,-1,1,1,0.5,e,+0.5,-1
pi,pi,12,8,-29096.678575,6.753916e-04,2,2,1.5,e,-1.5,+1,1,1,1.5,f,-1.5,+1
pi,pi,13,9,-29096.653851,6.703058e-04,2,2,1.5,e,-0.5,+1,1,1,1.5,f,-0.5,+1
pi,pi,14,10,-29096.628551,6.591310e-04,2,2,1.5,e,+0.5,+1,1,1,1.5,f,+0.5,+1
pi,pi,15,11,-29096.602688,6.543013e-04,2,2,1.5,e,+1.5,+1,1,1,1.5,f,+1.5,+1
pi,pi,28,0,-29094.516247,8.823137e-02,2,2,2.5,f,-0.5,-1,1,1,0.5,e,-0.5,-1
pi,pi,29,1,-29094.328830,8.769517e-02,2,2,2.5,f,+0.5,-1,1,1,0.5,e,+0.5,-1
pi,pi,21,8,-29088.397660,2.694450e-03,2,2,2.5,e,-1.5,+1,1,1,1.5,f,-1.5,+1
pi,pi,22,9,-29088.340140,4.637761e-04,2,2,2.5,e,-0.5,+1,1,1,1.5,f,-0.5,+1
pi,pi,23,10,-29088.282174,4.381916e-04,2,2,2.5,e,+0.5,+1,1,1,1.5,f,+0.5,+1
pi,pi,24,11,-29088.223772,2.715393e-03,2,2,2.5,e,+1.5,+1,1,1,1.5,f,+1.5,+1
pi,pi,13,2,-29081.666894,1.334294e-03,2,2,1.5,e,-0.5,+1,1,1,0.5,f,-0.5,+1
pi,pi,14,3,-29081.518281,1.377080e-03,2,2,1.5,e,+0.5,+1,1,1,0.5,f,+0.5,+1
pi,pi,22,2,-29073.353183,8.967242e-04,2,2,2.5,e,-0.5,+1,1,1,0.5,f,-0.5,+1
pi,pi,23,3,-29073.171904,8.905471e-04,2,2,2.5,e,+0.5,+1,1,1,0.5,f,+0.5,+1
pi,pi,1,6,-15.111259,2.781541e-02,1,1,0.5,e,+0.5,-1,1,1,1.5,e,+0.5,-1
pi,pi,3,10,-15.110270,1.573312e-01,1,1,0.5,f,+0.5,+1,1,1,1.5,f,+0.5,+1
pi,pi,2,9,-14.986957,1.599308e-01,1,1,0.5,f,-0.5,+1,1,1,1.5,f,-0.5,+1
pi,pi,0,5,-14.986028,2.827965e-02,1,1,0.5,e,-0.5,-1,1,1,1.5,e,-0.5,-1
pi,pi,15,24,-8.378916,5.763532e-02,2,2,1.5,e,+1.5,+1,2,2,2.5,e,+1.5,+1
pi,pi,19,30,-8.377173,1.020687e-02,2,2,1.5,f,+1.5,-1,2,2,2.5,f,+1.5,-1
pi,pi,14,23,-8.346377,9.681178e-03,2,2,1.5,e,+0.5,+1,2,2,2.5,e,+0.5,+1
pi,pi,18,29,-8.345776,1.714154e-03,2,2,1.5,f,+0.5,-1,2,2,2.5,f,+0.5,-1
pi,pi,17,28,-8.314260,1.726871e-03,2,2,1.5,f,-0.5,-1,2,2,2.5,f,-0.5,-1
pi,pi,13,22,-8.313711,9.757027e-03,2,2,1.5,e,-0.5,+1,2,2,2.5,e,-0.5,+1
pi,pi,16,27,-8.282624,1.044166e-02,2,2,1.5,f,-1.5,-1,2,2,2.5,f,-1.5,-1
pi,pi,12,21,-8.280915,5.900829e-02,2,2,1.5,e,-1.5,+1,2,2,2.5,e,-1.5,+1
pi,pi,37,50,-5.835718,3.492149e-02,3,3,2.5,e,+2.5,-1,3,3,3.5,e,+2.5,-1
pi,pi,43,58,-5.833650,2.028267e-03,3,3,2.5,f,+2.5,+1,3,3,3.5,f,+2.5,+1
pi,pi,36,49,-5.820041,2.106613e-02,3,3,2.5,e,+1.5,-1,3,3,3.5,e,+1.5,-1
pi,pi,42,57,-5.818787,1.223228e-03,3,3,2.5,f,+1.5,+1,3,3,3.5,f,+1.5,+1
pi,pi,35,48,-5.804322,2.824124e-03,3,3,2.5,e,+0.5,-1,3,3,3.5,e,+0.5,-1
pi,pi,41,56,-5.803885,1.639540e-04,3,3,2.5,f,+0.5,+1,3,3,3.5,f,+0.5,+1
pi,pi,40,55,-5.788945,1.647556e-04,3,3,2.5,f,-0.5,+1,3,3,3.5,f,-0.5,+1
pi,pi,34,47,-5.788560,2.839375e-03,3,3,2.5,e,-0.5,-1,3,3,3.5,e,-0.5,-1
pi,pi,39,54,-5.773967,1.242226e-03,3,3,2.5,f,-1.5,+1,3,3,3.5,f,-1.5,+1
pi,pi,33,46,-5.772755,2.141263e-02,3,3,2.5,e,-1.5,-1,3,3,3.5,e,-1.5,-1
pi,pi,38,53,-5.758949,2.081261e-03,3,3,2.5,f,-2.5,+1,3,3,3.5,f,-2.5,+1
pi,pi,32,45,-5.756907,3.588483e-02,3,3,2.5,e,-2.5,-1,3,3,3.5,e,-2.5,-1
pi,pi,67,84,-4.470213,2.077339e-02,4,4,3.5,e,+3.5,+1,4,4,4.5,e,+3.5,+1
pi,pi,75,94,-4.467964,6.820750e-04,4,4,3.5,f,+3.5,-1,4,4,4.5,f,+3.5,-1
pi,pi,66,83,-4.460375,1.862968e-02,4,4,3.5,e,+2.5,+1,4,4,4.5,e,+2.5,+1
pi,pi,74,93,-4.458757,6.115223e-04,4,4,3.5,f,+2.5,-1,4,4,4.5,f,+2.5,-1
pi,pi,65,82,-4.450515,8.661195e-03,4,4,3.5,e,+1.5,+1,4,4,4.5,e,+1.5,+1
pi,pi,73,92,-4.449531,2.842305e-04,4,4,3.5,f,+1.5,-1,4,4,4.5,f,+1.5,-1
pi,pi,64,81,-4.440633,1.074074e-03,4,4,3.5,e,+0.5,+1,4,4,4.5,e,+0.5,+1
pi,pi,72,91,-4.440286,3.524076e-05,4,4,3.5,f,+0.5,-1,4,4,4.5,f,+0.5,-1
pi,pi,71,90,-4.431022,3.537601e-05,4,4,3.5,f,-0.5,-1,4,4,4.5,f,-0.5,-1
pi,pi,63,80,-4.430730,1.078817e-03,4,4,3.5,e,-0.5,+1,4,4,4.5,e,-0.5,+1
pi,pi,70,89,-4.421738,2.877854e-04,4,4,3.5,f,-1.5,-1,4,4,4.5,f,-1.5,-1
pi,pi,62,79,-4.420804,8.777915e-03,4,4,3.5,e,-1.5,+1,4,4,4.5,e,-1.5,+1
pi,pi,69,88,-4.412434,6.244009e-04,4,4,3.5,f,-2.5,-1,4,4,4.5,f,-2.5,-1
pi,pi,61,78,-4.410855,1.905042e-02,4,4,3.5,e,-2.5,+1,4,4,4.5,e,-2.5,+1
pi,pi,68,87,-4.403111,7.023041e-04,4,4,3.5,f,-3.5,-1,4,4,4.5,f,-3.5,-1
pi,pi,60,77,-4.400884,2.143338e-02,4,4,3.5,e,-3.5,+1,4,4,4.5,e,-3.5,+1
pi,pi,105,126,-3.609658,1.302307e-02,5,5,4.5,e,+4.5,-1,5,5,5.5,e,+4.5,-1
pi,pi,115,138,-3.607294,3.065296e-04,5,5,4.5,f,+4.5,+1,5,5,5.5,f,+4.5,+1
pi,pi,104,125,-3.602575,1.423654e-02,5,5,4.5,e,+3.5,-1,5,5,5.5,e,+3.5,-1
pi,pi,114,137,-3.600726,3.349973e-04,5,5,4.5,f,+3.5,+1,5,5,5.5,f,+3.5,+1
pi,pi,103,124,-3.595478,9.723028e-03,5,5,4.5,e,+2.5,-1,5,5,5.5,e,+2.5,-1
pi,pi,113,136,-3.594146,2.287269e-04,5,5,4.5,f,+2.5,+1,5,5,5.5,f,+2.5,+1
pi,pi,102,123,-3.588367,4.099899e-03,5,5,4.5,e,+1.5,-1,5,5,5.5,e,+1.5,-1
pi,pi,112,135,-3.587554,9.642111e-05,5,5,4.5,f,+1.5,+1,5,5,5.5,f,+1.5,+1
pi,pi,101,122,-3.581242,4.900388e-04,5,5,4.5,e,+0.5,-1,5,5,5.5,e,+0.5,-1
pi,pi,111,134,-3.580950,1.152259e-05,5,5,4.5,f,+0.5,+1,5,5,5.5,f,+0.5,+1
pi,pi,110,133,-3.574333,1.156073e-05,5,5,4.5,f,-0.5,+1,5,5,5.5,f,-0.5,+1
pi,pi,100,121,-3.574102,4.919678e-04,5,5,4.5,e,-0.5,-1,5,5,5.5,e,-0.5,-1
pi,pi,109,132,-3.567705,9.748401e-05,5,5,4.5,f,-1.5,+1,5,5,5.5,f,-1.5,+1
pi,pi,99,120,-3.566948,4.149220e-03,5,5,4.5,e,-1.5,-1,5,5,5.5,e,-1.5,-1
pi,pi,108,131,-3.561064,2.329772e-04,5,5,4.5,f,-2.5,+1,5,5,5.5,f,-2.5,+1
pi,pi,98,119,-3.559780,9.918983e-03,5,5,4.5,e,-2.5,-1,5,5,5.5,e,-2.5,-1
pi,pi,107,130,-3.554410,3.437635e-04,5,5,4.5,f,-3.5,+1,5,5,5.5,f,-3.5,+1
pi,pi,97,118,-3.552598,1.463998e-02,5,5,4.5,e,-3.5,-1,5,5,5.5,e,-3.5,-1
pi,pi,106,129,-3.547744,3.168905e-04,5,5,4.5,f,-4.5,+1,5,5,5.5,f,-4.5,+1
pi,pi,96,117,-3.545400,1.349956e-02,5,5,4.5,e,-4.5,-1,5,5,5.5,e,-4.5,-1
pi,pi,0,0,0.000000,3.945012e-06,1,1,0.5,e,-0.5,-1,1,1,0.5,e,-0.5,-1
pi,pi,1,1,0.000000,3.848189e-06,1,1,0.5,e,+0.5,-1,1,1,0.5,e,+0.5,-1
pi,pi,2,2,0.000000,2.155694e-05,1,1,0.5,f,-0.5,+1,1,1,0.5,f,-0.5,+1
pi,pi,3,3,0.000000,2.103348e-05,1,1,0.5,f,+0.5,+1,1,1,0.5,f,+0.5,+1
pi,pi,4,4,0.000000,1.396933e-02,1,1,1.5,e,-1.5,-1,1,1,1.5,e,-1.5,-1
pi,pi,5,5,0.000000,1.350601e-02,1,1,1.5,e,-0.5,-1,1,1,1.5,e,-0.5,-1
pi,pi,6,6,0.000000,1.443689e-02,1,1,1.5,e,+0.5,-1,1,1,1.5,e,+0.5,-1
pi,pi,7,7,0.000000,1.397161e-02,1,1,1.5,e,+1.5,-1,1,1,1.5,e,+1.5,-1
pi,pi,8,8,0.000000,7.933553e-02,1,1,1.5,f,-1.5,+1,1,1,1.5,f,-1.5,+1
pi,pi,9,9,0.000000,7.674102e-02,1,1,1.5,f,-0.5,+1,1,1,1.5,f,-0.5,+1
pi,pi,10,10,0.000000,8.194013e-02,1,1,1.5,f,+0.5,+1,1,1,1.5,f,+0.5,+1
pi,pi,11,11,0.000000,7.933497e-02,1,1,1.5,f,+1.5,+1,1,1,1.5,f,+1.5,+1
pi,pi,12,12,0.000000,7.825987e-02,2,2,1.5,e,-1.5,+1,2,2,1.5,e,-1.5,+1
pi,pi,13,13,0.000000,7.987235e-02,2,2,1.5,e,-0.5,+1,2,2,1.5,e,-0.5,+1
pi,pi,14,14,0.000000,7.880308e-02,2,2,1.5,e,+0.5,+1,2,2,1.5,e,+0.5,+1
pi,pi,15,15,0.000000,8.039897e-02,2,2,1.5,e,+1.5,+1,2,2,1.5,e,+1.5,+1
pi,pi,16,16,0.000000,1.378726e-02,2,2,1.5,f,-1.5,-1,2,2,1.5,f,-1.5,-1
pi,pi,17,17,0.000000,1.406257e-02,2,2,1.5,f,-0.5,-1,2,2,1.5,f,-0.5,-1
pi,pi,18,18,0.000000,1.387918e-02,2,2,1.5,f,+0.5,-1,2,2,1.5,f,+0.5,-1
pi,pi,19,19,0.000000,1.415176e-02,2,2,1.5,f,+1.5,-1,2,2,1.5,f,+1.5,-1
pi,pi,20,20,0.000000,1.618248e-01,2,2,2.5,e,-2.5,+1,2,2,2.5,e,-2.5,+1
pi,pi,21,21,0.000000,6.169146e-03,2,2,2.5,e,-1.5,+1,2,2,2.5,e,-1.5,+1
pi,pi,22,22,0.000000,1.029584e-01,2,2,2.5,e,-0.5,+1,2,2,2.5,e,-0.5,+1
pi,pi,23,23,0.000000,1.041781e-01,2,2,2.5,e,+0.5,+1,2,2,2.5,e,+0.5,+1
pi,pi,24,24,0.000000,6.778790e-03,2,2,2.5,e,+1.5,+1,2,2,2.5,e,+1.5,+1
pi,pi,25,25,0.000000,1.618288e-01,2,2,2.5,e,+2.5,+1,2,2,2.5,e,+2.5,+1
pi,pi,26,26,0.000000,2.858249e-02,2,2,2.5,f,-2.5,-1,2,2,2.5,f,-2.5,-1
pi,pi,27,27,0.000000,1.091673e-03,2,2,2.5,f,-1.5,-1,2,2,2.5,f,-1.5,-1
pi,pi,28,28,0.000000,1.818914e-02,2,2,2.5,f,-0.5,-1,2,2,2.5,f,-0.5,-1
pi,pi,29,29,0.000000,1.839627e-02,2,2,2.5,f,+0.5,-1,2,2,2.5,f,+0.5,-1
pi,pi,30,30,0.000000,1.195218e-03,2,2,2.5,f,+1.5,-1,2,2,2.5,f,+1.5,-1
pi,pi,31,31,0.000000,2.858267e-02,2,2,2.5,f,+2.5,-1,2,2,2.5,f,+2.5,-1
pi,pi,32,32,0.000000,2.110491e-01,3,3,2.5,e,-2.5,-1,3,3,2.5,e,-2.5,-1
pi,pi,33,33,0.000000,8.723160e-03,3,3,2.5,e,-1.5,-1,3,3,2.5,e,-1.5,-1
pi,pi,34,34,0.000000,1.361900e-01,3,3,2.5,e,-0.5,-1,3,3,2.5,e,-0.5,-1
pi,pi,35,35,0.000000,1.354493e-01,3,3,2.5,e,+0.5,-1,3,3,2.5,e,+0.5,-1
pi,pi,36,36,0.000000,8.260155e-03,3,3,2.5,e,+1.5,-1,3,3,2.5,e,+1.5,-1
pi,pi,37,37,0.000000,2.133637e-01,3,3,2.5,e,+2.5,-1,3,3,2.5,e,+2.5,-1
pi,pi,38,38,0.000000,1.218399e-02,3,3,2.5,f,-2.5,+1,3,3,2.5,f,-2.5,+1
pi,pi,39,39,0.000000,5.028830e-04,3,3,2.5,f,-1.5,+1,3,3,2.5,f,-1.5,+1
pi,pi,40,40,0.000000,7.859346e-03,3,3,2.5,f,-0.5,+1,3,3,2.5,f,-0.5,+1
pi,pi,41,41,0.000000,7.818312e-03,3,3,2.5,f,+0.5,+1,3,3,2.5,f,+0.5,+1
pi,pi,42,42,0.000000,4.772784e-04,3,3,2.5,f,+1.5,+1,3,3,2.5,f,+1.5,+1
pi,pi,43,43,0.000000,1.231113e-02,3,3,2.5,f,+2.5,+1,3,3,2.5,f,+2.5,+1
pi,pi,44,44,0.000000,2.888091e-01,3,3,3.5,e,-3.5,-1,3,3,3.5,e,-3.5,-1
pi,pi,45,45,0.000000,6.090020e-03,3,3,3.5,e,-2.5,-1,3,3,3.5,e,-2.5,-1
pi,pi,46,46,0.000000,5.246769e-02,3,3,3.5,e,-1.5,-1,3,3,3.5,e,-1.5,-1
pi,pi,47,47,0.000000,1.469670e-01,3,3,3.5,e,-0.5,-1,3,3,3.5,e,-0.5,-1
pi,pi,48,48,0.000000,1.477367e-01,3,3,3.5,e,+0.5,-1,3,3,3.5,e,+0.5,-1
pi,pi,49,49,0.000000,5.362209e-02,3,3,3.5,e,+1.5,-1,3,3,3.5,e,+1.5,-1
pi,pi,50,50,0.000000,5.705241e-03,3,3,3.5,e,+2.5,-1,3,3,3.5,e,+2.5,-1
pi,pi,51,51,0.000000,2.888122e-01,3,3,3.5,e,+3.5,-1,3,3,3.5,e,+3.5,-1
pi,pi,52,52,0.000000,1.669203e-02,3,3,3.5,f,-3.5,+1,3,3,3.5,f,-3.5,+1
pi,pi,53,53,0.000000,3.513216e-04,3,3,3.5,f,-2.5,+1,3,3,3.5,f,-2.5,+1
pi,pi,54,54,0.000000,3.034345e-03,3,3,3.5,f,-1.5,+1,3,3,3.5,f,-1.5,+1
pi,pi,55,55,0.000000,8.495393e-03,3,3,3.5,f,-0.5,+1,3,3,3.5,f,-0.5,+1
pi,pi,56,56,0.000000,8.537334e-03,3,3,3.5,f,+0.5,+1,3,3,3.5,f,+0.5,+1
pi,pi,57,57,0.000000,3.097250e-03,3,3,3.5,f,+1.5,+1,3,3,3.5,f,+1.5,+1
pi,pi,58,58,0.000000,3.303556e-04,3,3,3.5,f,+2.5,+1,3,3,3.5,f,+2.5,+1
pi,pi,59,59,0.000000,1.669222e-02,3,3,3.5,f,+3.5,+1,3,3,3.5,f,+3.5,+1
pi,pi,60,60,0.000000,3.177947e-01,4,4,3.5,e,-3.5,+1,4,4,3.5,e,-3.5,+1
pi,pi,61,61,0.000000,6.321403e-03,4,4,3.5,e,-2.5,+1,4,4,3.5,e,-2.5,+1
pi,pi,62,62,0.000000,5.899527e-02,4,4,3.5,e,-1.5,+1,4,4,3.5,e,-1.5,+1
pi,pi,63,63,0.000000,1.629410e-01,4,4,3.5,e,-0.5,+1,4,4,3.5,e,-0.5,+1
pi,pi,64,64,0.000000,1.624112e-01,4,4,3.5,e,+0.5,+1,4,4,3.5,e,+0.5,+1
pi,pi,65,65,0.000000,5.813703e-02,4,4,3.5,e,+1.5,+1,4,4,3.5,e,+1.5,+1
pi,pi,66,66,0.000000,6.692184e-03,4,4,3.5,e,+2.5,+1,4,4,3.5,e,+2.5,+1
pi,pi,67,67,0.000000,3.198709e-01,4,4,3.5,e,+3.5,+1,4,4,3.5,e,+3.5,+1
pi,pi,68,68,0.000000,1.036089e-02,4,4,3.5,f,-3.5,-1,4,4,3.5,f,-3.5,-1
pi,pi,69,69,0.000000,2.063785e-04,4,4,3.5,f,-2.5,-1,4,4,3.5,f,-2.5,-1
pi,pi,70,70,0.000000,1.922271e-03,4,4,3.5,f,-1.5,-1,4,4,3.5,f,-1.5,-1
pi,pi,71,71,0.000000,5.310776e-03,4,4,3.5,f,-0.5,-1,4,4,3.5,f,-0.5,-1
pi,pi,72,72,0.000000,5.294394e-03,4,4,3.5,f,+0.5,-1,4,4,3.5,f,+0.5,-1
pi,pi,73,73,0.000000,1.895748e-03,4,4,3.5,f,+1.5,-1,4,4,3.5,f,+1.5,-1
pi,pi,74,74,0.000000,2.178155e-04,4,4,3.5,f,+2.5,-1,4,4,3.5,f,+2.5,-1
pi,pi,75,75,0.000000,1.042453e-02,4,4,3.5,f,+3.5,-1,4,4,3.5,f,+3.5,-1
pi,pi,76,76,0.000000,3.794279e-01,4,4,4.5,e,-4.5,+1,4,4,4.5,e,-4.5,+1
pi,pi,77,77,0.000000,4.254051e-02,4,4,4.5,e,-3.5,+1,4,4,4.5,e,-3.5,+1
pi,pi,78,78,0.000000,1.030372e-02,4,4,4.5,e,-2.5,+1,4,4,4.5,e,-2.5,+1
pi,pi,79,79,0.000000,9.431064e-02,4,4,4.5,e,-1.5,+1,4,4,4.5,e,-1.5,+1
pi,pi,80,80,0.000000,1.683658e-01,4,4,4.5,e,-0.5,+1,4,4,4.5,e,-0.5,+1
pi,pi,81,81,0.000000,1.689038e-01,4,4,4.5,e,+0.5,+1,4,4,4.5,e,+0.5,+1
pi,pi,82,82,0.000000,9.539996e-02,4,4,4.5,e,+1.5,+1,4,4,4.5,e,+1.5,+1
pi,pi,83,83,0.000000,1.077435e-02,4,4,4.5,e,+2.5,+1,4,4,4.5,e,+2.5,+1
pi,pi,84,84,0.000000,4.178758e-02,4,4,4.5,e,+3.5,+1,4,4,4.5,e,+3.5,+1
pi,pi,85,85,0.000000,3.794302e-01,4,4,4.5,e,+4.5,+1,4,4,4.5,e,+4.5,+1
pi,pi,86,86,0.000000,1.237747e-02,4,4,4.5,f,-4.5,-1,4,4,4.5,f,-4.5,-1
pi,pi,87,87,0.000000,1.386844e-03,4,4,4.5,f,-3.5,-1,4,4,4.5,f,-3.5,-1
pi,pi,88,88,0.000000,3.366658e-04,4,4,4.5,f,-2.5,-1,4,4,4.5,f,-2.5,-1
pi,pi,89,89,0.000000,3.077813e-03,4,4,4.5,f,-1.5,-1,4,4,4.5,f,-1.5,-1
pi,pi,90,90,0.000000,5.492965e-03,4,4,4.5,f,-0.5,-1,4,4,4.5,f,-0.5,-1
pi,pi,91,91,0.000000,5.509280e-03,4,4,4.5,f,+0.5,-1,4,4,4.5,f,+0.5,-1
pi,pi,92,92,0.000000,3.110848e-03,4,4,4.5,f,+1.5,-1,4,4,4.5,f,+1.5,-1
pi,pi,93,93,0.000000,3.509368e-04,4,4,4.5,f,+2.5,-1,4,4,4.5,f,+2.5,-1
pi,pi,94,94,0.000000,1.364022e-03,4,4,4.5,f,+3.5,-1,4,4,4.5,f,+3.5,-1
pi,pi,95,95,0.000000,1.237762e-02,4,4,4.5,f,+4.5,-1,4,4,4.5,f,+4.5,-1
pi,pi,96,96,0.000000,3.970328e-01,5,5,4.5,e,-4.5,-1,5,5,4.5,e,-4.5,-1
pi,pi,97,97,0.000000,4.378599e-02,5,5,4.5,e,-3.5,-1,5,5,4.5,e,-3.5,-1
pi,pi,98,98,0.000000,1.126116e-02,5,5,4.5,e,-2.5,-1,5,5,4.5,e,-2.5,-1
pi,pi,99,99,0.000000,9.992188e-02,5,5,4.5,e,-1.5,-1,5,5,4.5,e,-1.5,-1
pi,pi,100,100,0.000000,1.770770e-01,5,5,4.5,e,-0.5,-1,5,5,4.5,e,-0.5,-1
pi,pi,101,101,0.000000,1.766687e-01,5,5,4.5,e,+0.5,-1,5,5,4.5,e,+0.5,-1
pi,pi,102,102,0.000000,9.906443e-02,5,5,4.5,e,+1.5,-1,5,5,4.5,e,+1.5,-1
pi,pi,103,103,0.000000,1.085283e-02,5,5,4.5,e,+2.5,-1,5,5,4.5,e,+2.5,-1
pi,pi,104,104,0.000000,4.464336e-02,5,5,4.5,e,+3.5,-1,5,5,4.5,e,+3.5,-1
pi,pi,105,105,0.000000,3.988697e-01,5,5,4.5,e,+4.5,-1,5,5,4.5,e,+4.5,-1
pi,pi,106,106,0.000000,9.270682e-03,5,5,4.5,f,-4.5,+1,5,5,4.5,f,-4.5,+1
pi,pi,107,107,0.000000,1.022871e-03,5,5,4.5,f,-3.5,+1,5,5,4.5,f,-3.5,+1
pi,pi,108,108,0.000000,2.626080e-04,5,5,4.5,f,-2.5,+1,5,5,4.5,f,-2.5,+1
pi,pi,109,109,0.000000,2.332184e-03,5,5,4.5,f,-1.5,+1,5,5,4.5,f,-1.5,+1
pi,pi,110,110,0.000000,4.133782e-03,5,5,4.5,f,-0.5,+1,5,5,4.5,f,-0.5,+1
pi,pi,111,111,0.000000,4.124819e-03,5,5,4.5,f,+0.5,+1,5,5,4.5,f,+0.5,+1
pi,pi,112,112,0.000000,2.313367e-03,5,5,4.5,f,+1.5,+1,5,5,4.5,f,+1.5,+1
pi,pi,113,113,0.000000,2.536539e-04,5,5,4.5,f,+2.5,+1,5,5,4.5,f,+2.5,+1
pi,pi,114,114,0.000000,1.041639e-03,5,5,4.5,f,+3.5,+1,5,5,4.5,f,+3.5,+1
pi,pi,115,115,0.000000,9.310665e-03,5,5,4.5,f,+4.5,+1,5,5,4.5,f,+4.5,+1
pi,pi,116,116,0.000000,4.451924e-01,5,5,5.5,e,-5.5,-1,5,5,5.5,e,-5.5,-1
pi,pi,117,117,0.000000,9.242896e-02,5,5,5.5,e,-4.5,-1,5,5,5.5,e,-4.5,-1
pi,pi,118,118,0.000000,1.731540e-04,5,5,5.5,e,-3.5,-1,5,5,5.5,e,-3.5,-1
pi,pi,119,119,0.000000,4.213106e-02,5,5,5.5,e,-2.5,-1,5,5,5.5,e,-2.5,-1
pi,pi,120,120,0.000000,1.232925e-01,5,5,5.5,e,-1.5,-1,5,5,5.5,e,-1.5,-1
pi,pi,121,121,0.000000,1.800791e-01,5,5,5.5,e,-0.5,-1,5,5,5.5,e,-0.5,-1
pi,pi,122,122,0.000000,1.804902e-01,5,5,5.5,e,+0.5,-1,5,5,5.5,e,+0.5,-1
pi,pi,123,123,0.000000,1.242463e-01,5,5,5.5,e,+1.5,-1,5,5,5.5,e,+1.5,-1
pi,pi,124,124,0.000000,4.292985e-02,5,5,5.5,e,+2.5,-1,5,5,5.5,e,+2.5,-1
pi,pi,125,125,0.000000,1.237740e-04,5,5,5.5,e,+3.5,-1,5,5,5.5,e,+3.5,-1
pi,pi,126,126,0.000000,9.154814e-02,5,5,5.5,e,+4.5,-1,5,5,5.5,e,+4.5,-1
pi,pi,127,127,0.000000,4.451941e-01,5,5,5.5,e,+5.5,-1,5,5,5.5,e,+5.5,-1
pi,pi,128,128,0.000000,1.039848e-02,5,5,5.5,f,-5.5,+1,5,5,5.5,f,-5.5,+1
pi,pi,129,129,0.000000,2.158050e-03,5,5,5.5,f,-4.5,+1,5,5,5.5,f,-4.5,+1
pi,pi,130,130,0.000000,3.994023e-06,5,5,5.5,f,-3.5,+1,5,5,5.5,f,-3.5,+1
pi,pi,131,131,0.000000,9.848153e-04,5,5,5.5,f,-2.5,+1,5,5,5.5,f,-2.5,+1
pi,pi,132,132,0.000000,2.880672e-03,5,5,5.5,f,-1.5,+1,5,5,5.5,f,-1.5,+1
pi,pi,133,133,0.000000,4.206550e-03,5,5,5.5,f,-0.5,+1,5,5,5.5,f,-0.5,+1
pi,pi,134,134,0.000000,4.215394e-03,5,5,5.5,f,+0.5,+1,5,5,5.5,f,+0.5,+1
pi,pi,135,135,0.000000,2.901189e-03,5,5,5.5,f,+1.5,+1,5,5,5.5,f,+1.5,+1
pi,pi,136,136,0.000000,1.001995e-03,5,5,5.5,f,+2.5,+1,5,5,5.5,f,+2.5,+1
pi,pi,137,137,0.000000,2.932379e-06,5,5,5.5,f,+3.5,+1,5,5,5.5,f,+3.5,+1
pi,pi,138,138,0.000000,2.139124e-03,5,5,5.5,f,+4.5,+1,5,5,5.5,f,+4.5,+1
pi,pi,139,139,0.000000,1.039859e-02,5,5,5.5,f,+5.5,+1,5,5,5.5,f,+5.5,+1
pi,pi,117,96,3.545400,1.349956e-02,5,5,5.5,e,-4.5,-1,5,5,4.5,e,-4.5,-1
pi,pi,129,106,3.547744,3.168905e-04,5,5,5.5,f,-4.5,+1,5,5,4.5,f,-4.5,+1
pi,pi,118,97,3.552598,1.463998e-02,5,5,5.5,e,-3.5,-1,5,5,4.5,e,-3.5,-1
pi,pi,130,107,3.554410,3.437635e-04,5,5,5.5,f,-3.5,+1,5,5,4.5,f,-3.5,+1
pi,pi,119,98,3.559780,9.918983e-03,5,5,5.5,e,-2.5,-1,5,5,4.5,e,-2.5,-1
pi,pi,131,108,3.561064,2.329772e-04,5,5,5.5,f,-2.5,+1,5,5,4.5,f,-2.5,+1
pi,pi,120,99,3.566948,4.149220e-03,5,5,5.5,e,-1.5,-1,5,5,4.5,e,-1.5,-1
pi,pi,132,109,3.567705,9.748401e-05,5,5,5.5,f,-1.5,+1,5,5,4.5,f,-1.5,+1
pi,pi,121,100,3.574102,4.919678e-04,5,5,5.5,e,-0.5,-1,5,5,4.5,e,-0.5,-1
pi,pi,133,110,3.574333,1.156073e-05,5,5,5.5,f,-0.5,+1,5,5,4.5,f,-0.5,+1
pi,pi,134,111,3.580950,1.152259e-05,5,5,5.5,f,+0.5,+1,5,5,4.5,f,+0.5,+1
pi,pi,122,101,3.581242,4.900388e-04,5,5,5.5,e,+0.5,-1,5,5,4.5,e,+0.5,-1
pi,pi,135,112,3.587554,9.642111e-05,5,5,5.5,f,+1.5,+1,5,5,4.5,f,+1.5,+1
pi,pi,123,102,3.588367,4.099899e-03,5,5,5.5,e,+1.5,-1,5,5,4.5,e,+1.5,-1
pi,pi,136,113,3.594146,2.287269e-04,5,5,5.5,f,+2.5,+1,5,5,4.5,f,+2.5,+1
pi,pi,124,103,3.595478,9.723028e-03,5,5,5.5,e,+2.5,-1,5,5,4.5,e,+2.5,-1
pi,pi,137,114,3.600726,3.349973e-04,5,5,5.5,f,+3.5,+1,5,5,4.5,f,+3.5,+1
pi,pi,125,104,3.602575,1.423654e-02,5,5,5.5,e,+3.5,-1,5,5,4.5,e,+3.5,-1
pi,pi,138,115,3.607294,3.065296e-04,5,5,5.5,f,+4.5,+1,5,5,4.5,f,+4.5,+1
pi,pi,126,105,3.609658,1.302307e-02,5,5,5.5,e,+4.5,-1,5,5,4.5,e,+4.5,-1
pi,pi,77,60,4.400884,2.143338e-02,4,4,4.5,e,-3.5,+1,4,4,3.5,e,-3.5,+1
pi,pi,87,68,4.403111,7.023041e-04,4,4,4.5,f,-3.5,-1,4,4,3.5,f,-3.5,-1
pi,pi,78,61,4.410855,1.905042e-02,4,4,4.5,e,-2.5,+1,4,4,3.5,e,-2.5,+1
pi,pi,88,69,4.412434,6.244009e-04,4,4,4.5,f,-2.5,-1,4,4,3.5,f,-2.5,-1
pi,pi,79,62,4.420804,8.777915e-03,4,4,4.5,e,-1.5,+1,4,4,3.5,e,-1.5,+1
pi,pi,89,70,4.421738,2.877854e-04,4,4,4.5,f,-1.5,-1,4,4,3.5,f,-1.5,-1
pi,pi,80,63,4.430730,1.078817e-03,4,4,4.5,e,-0.5,+1,4,4,3.5,e,-0.5,+1
pi,pi,90,71,4.431022,3.537601e-05,4,4,4.5,f,-0.5,-1,4,4,3.5,f,-0.5,-1
pi,pi,91,72,4.440286,3.524076e-05,4,4,4.5,f,+0.5,-1,4,4,3.5,f,+0.5,-1
pi,pi,81,64,4.440633,1.074074e-03,4,4,4.5,e,+0.5,+1,4,4,3.5,e,+0.5,+1
pi,pi,92,73,4.449531,2.842305e-04,4,4,4.5,f,+1.5,-1,4,4,3.5,f,+1.5,-1
pi,pi,82,65,4.450515,8.661195e-03,4,4,4.5,e,+1.5,+1,4,4,3.5,e,+1.5,+1
pi,pi,93,74,4.458757,6.115223e-04,4,4,4.5,f,+2.5,-1,4,4,3.5,f,+2.5,-1
pi,pi,83,66,4.460375,1.862968e-02,4,4,4.5,e,+2.5,+1,4,4,3.5,e,+2.5,+1
pi,pi,94,75,4.467964,6.820750e-04,4,4,4.5,f,+3.5,-1,4,4,3.5,f,+3.5,-1
pi,pi,84,67,4.470213,2.077339e-02,4,4,4.5,e,+3.5,+1,4,4,3.5,e,+3.5,+1
pi,pi,45,32,5.756907,3.588483e-02,3,3,3.5,e,-2.5,-1,3,3,2.5,e,-2.5,-1
pi,pi,53,38,5.758949,2.081261e-03,3,3,3.5,f,-2.5,+1,3,3,2.5,f,-2.5,+1
pi,pi,46,33,5.772755,2.141263e-02,3,3,3.5,e,-1.5,-1,3,3,2.5,e,-1.5,-1
pi,pi,54,39,5.773967,1.242226e-03,3,3,3.5,f,-1.5,+1,3,3,2.5,f,-1.5,+1
pi,pi,47,34,5.788560,2.839375e-03,3,3,3.5,e,-0.5,-1,3,3,2.5,e,-0.5,-1
pi,pi,55,40,5.788945,1.647556e-04,3,3,3.5,f,-0.5,+1,3,3,2.5,f,-0.5,+1
pi,pi,56,41,5.803885,1.639540e-04,3,3,3.5,f,+0.5,+1,3,3,2.5,f,+0.5,+1
pi,pi,48,35,5.804322,2.824124e-03,3,3,3.5,e,+0.5,-1,3,3,2.5,e,+0.5,-1
pi,pi,57,42,5.818787,1.223228e-03,3,3,3.5,f,+1.5,+1,3,3,2.5,f,+1.5,+1
pi,pi,49,36,5.820041,2.106613e-02,3,3,3.5,e,+1.5,-1,3,3,2.5,e,+1.5,-1
pi,pi,58,43,5.833650,2.028267e-03,3,3,3.5,f,+2.5,+1,3,3,2.5,f,+2.5,+1
pi,pi,50,37,5.835718,3.492149e-02,3,3,3.5,e,+2.5,-1,3,3,2.5,e,+2.5,-1
pi,pi,21,12,8.280915,5.900829e-02,2,2,2.5,e,-1.5,+1,2,2,1.5,e,-1.5,+1
pi,pi,27,16,8.282624,1.044166e-02,2,2,2.5,f,-1.5,-1,2,2,1.5,f,-1.5,-1
pi,pi,22,13,8.313711,9.757027e-03,2,2,2.5,e,-0.5,+1,2,2,1.5,e,-0.5,+1
pi,pi,28,17,8.314260,1.726871e-03,2,2,2.5,f,-0.5,-1,2,2,1.5,f,-0.5,-1
pi,pi,29,18,8.345776,1.714154e-03,2,2,2.5,f,+0.5,-1,2,2,1.5,f,+0.5,-1
pi,pi,23,14,8.346377,9.681178e-03,2,2,2.5,e,+0.5,+1,2,2,1.5,e,+0.5,+1
pi,pi,30,19,8.377173,1.020687e-02,2,2,2.5,f,+1.5,-1,2,2,1.5,f,+1.5,-1
pi,pi,24,15,8.378916,5.763532e-02,2,2,2.5,e,+1.5,+1,2,2,1.5,e,+1.5,+1
pi,pi,5,0,14.986028,2.827965e-02,1,1,1.5,e,-0.5,-1,1,1,0.5,e,-0.5,-1
pi,pi,9,2,14.986957,1.599308e-01,1,1,1.5,f,-0.5,+1,1,1,0.5,f,-0.5,+1
pi,pi,10,3,15.110270,1.573312e-01,1,1,1.5,f,+0.5,+1,1,1,0.5,f,+0.5,+1
pi,pi,6,1,15.111259,2.781541e-02,1,1,1.5,e,+0.5,-1,1,1,0.5,e,+0.5,-1
pi,pi,3,23,29073.171904,8.905471e-04,1,1,0.5,f,+0.5,+1,2,2,2.5,e,+0.5,+1
pi,pi,2,22,29073.353183,8.967242e-04,1,1,0.5,f,-0.5,+1,2,2,2.5,e,-0.5,+1
pi,pi,3,14,29081.518281,1.377080e-03,1,1,0.5,f,+0.5,+1,2,2,1.5,e,+0.5,+1
pi,pi,2,13,29081.666894,1.334294e-03,1,1,0.5,f,-0.5,+1,2,2,1.5,e,-0.5,+1
pi,pi,11,24,29088.223772,2.715393e-03,1,1,1.5,f,+1.5,+1,2,2,2.5,e,+1.5,+1
pi,pi,10,23,29088.282174,4.381916e-04,1,1,1.5,f,+0.5,+1,2,2,2.5,e,+0.5,+1
pi,pi,9,22,29088.340140,4.637761e-04,1,1,1.5,f,-0.5,+1,2,2,2.5,e,-0.5,+1
pi,pi,8,21,29088.397660,2.694450e-03,1,1,1.5,f,-1.5,+1,2,2,2.5,e,-1.5,+1
pi,pi,1,29,29094.328830,8.769517e-02,1,1,0.5,e,+0.5,-1,2,2,2.5,f,+0.5,-1
pi,pi,0,28,29094.516247,8.823137e-02,1,1,0.5,e,-0.5,-1,2,2,2.5,f,-0.5,-1
pi,pi,11,15,29096.602688,6.543013e-04,1,1,1.5,f,+1.5,+1,2,2,1.5,e,+1.5,+1
pi,pi,10,14,29096.628551,6.591310e-04,1,1,1.5,f,+0.5,+1,2,2,1.5,e,+0.5,+1
pi,pi,9,13,29096.653851,6.703058e-04,1,1,1.5,f,-0.5,+1,2,2,1.5,e,-0.5,+1
pi,pi,8,12,29096.678575,6.753916e-04,1,1,1.5,f,-1.5,+1,2,2,1.5,e,-1.5,+1
pi,pi,1,18,29102.674606,1.340467e-01,1,1,0.5,e,+0.5,-1,2,2,1.5,f,+0.5,-1
pi,pi,0,17,29102.830507,1.298506e-01,1,1,0.5,e,-0.5,-1,2,2,1.5,f,-0.5,-1
pi,pi,7,30,29109.377448,2.649478e-01,1,1,1.5,e,+1.5,-1,2,2,2.5,f,+1.5,-1
pi,pi,6,29,29109.440089,4.277521e-02,1,1,1.5,e,+0.5,-1,2,2,2.5,f,+0.5,-1
pi,pi,5,28,29109.502275,4.523897e-02,1,1,1.5,e,-0.5,-1,2,2,2.5,f,-0.5,-1
pi,pi,4,27,29109.563994,2.629485e-01,1,1,1.5,e,-1.5,-1,2,2,2.5,f,-1.5,-1
pi,pi,7,19,29117.754620,6.503772e-02,1,1,1.5,e,+1.5,-1,2,2,1.5,f,+1.5,-1
pi,pi,6,18,29117.785865,6.542795e-02,1,1,1.5,e,+0.5,-1,2,2,1.5,f,+0.5,-1
pi,pi,5,17,29117.816535,6.662534e-02,1,1,1.5,e,-0.5,-1,2,2,1.5,f,-0.5,-1
pi,pi,4,16,29117.846618,6.703839e-02,1,1,1.5,e,-1.5,-1,2,2,1.5,f,-1.5,-1
pi,pi,19,49,43614.216229,1.364210e-04,2,2,1.5,f,+1.5,-1,3,3,3.5,e,+1.5,-1
pi,pi,18,48,43614.263442,2.472033e-04,2,2,1.5,f,+0.5,-1,3,3,3.5,e,+0.5,-1
pi,pi,17,47,43614.310735,2.488658e-04,2,2,1.5,f,-0.5,-1,3,3,3.5,e,-0.5,-1
pi,pi,16,46,43614.358111,1.391919e-04,2,2,1.5,f,-1.5,-1,3,3,3.5,e,-1.5,-1
pi,pi,19,36,43620.036271,1.984778e-03,2,2,1.5,f,+1.5,-1,3,3,2.5,e,+1.5,-1
pi,pi,18,35,43620.067764,3.351319e-04,2,2,1.5,f,+0.5,-1,3,3,2.5,e,+0.5,-1
pi,pi,17,34,43620.099296,3.245558e-04,2,2,1.5,f,-0.5,-1,3,3,2.5,e,-0.5,-1
pi,pi,16,33,43620.130866,1.973176e-03,2,2,1.5,f,-1.5,-1,3,3,2.5,e,-1.5,-1
pi,pi,31,50,43622.577549,2.061679e-03,2,2,2.5,f,+2.5,-1,3,3,3.5,e,+2.5,-1
pi,pi,30,49,43622.593402,1.229527e-03,2,2,2.5,f,+1.5,-1,3,3,3.5,e,+1.5,-1
pi,pi,29,48,43622.609218,1.608896e-04,2,2,2.5,f,+0.5,-1,3,3,3.5,e,+0.5,-1
pi,pi,28,47,43622.624995,1.681411e-04,2,2,2.5,f,-0.5,-1,3,3,3.5,e,-0.5,-1
pi,pi,27,46,43622.640735,1.237841e-03,2,2,2.5,f,-1.5,-1,3,3,3.5,e,-1.5,-1
pi,pi,26,45,43622.656435,2.050363e-03,2,2,2.5,f,-2.5,-1,3,3,3.5,e,-2.5,-1
pi,pi,31,37,43628.413266,3.431096e-04,2,2,2.5,f,+2.5,-1,3,3,2.5,e,+2.5,-1
pi,pi,26,32,43628.413342,3.543977e-04,2,2,2.5,f,-2.5,-1,3,3,2.5,e,-2.5,-1
pi,pi,30,36,43628.413443,1.381344e-05,2,2,2.5,f,+1.5,-1,3,3,2.5,e,+1.5,-1
pi,pi,27,33,43628.413490,1.408429e-05,2,2,2.5,f,-1.5,-1,3,3,2.5,e,-1.5,-1
pi,pi,29,35,43628.413540,2.224263e-04,2,2,2.5,f,+0.5,-1,3,3,2.5,e,+0.5,-1
pi,pi,28,34,43628.413556,2.238707e-04,2,2,2.5,f,-0.5,-1,3,3,2.5,e,-0.5,-1
pi,pi,15,57,43661.817349,1.338045e-02,2,2,1.5,e,+1.5,+1,3,3,3.5,f,+1.5,+1
pi,pi,14,56,43661.870478,2.420384e-02,2,2,1.5,e,+0.5,+1,3,3,3.5,f,+0.5,+1
pi,pi,13,55,43661.923690,2.432376e-02,2,2,1.5,e,-0.5,+1,3,3,3.5,f,-0.5,+1
pi,pi,12,54,43661.976986,1.358032e-02,2,2,1.5,e,-1.5,+1,3,3,3.5,f,-1.5,+1
pi,pi,15,42,43667.636136,1.943909e-01,2,2,1.5,e,+1.5,+1,3,3,2.5,f,+1.5,+1
pi,pi,14,41,43667.674363,3.281416e-02,2,2,1.5,e,+0.5,+1,3,3,2.5,f,+0.5,+1
pi,pi,13,40,43667.712635,3.180420e-02,2,2,1.5,e,-0.5,+1,3,3,2.5,f,-0.5,+1
pi,pi,12,39,43667.750953,1.933038e-01,2,2,1.5,e,-1.5,+1,3,3,2.5,f,-1.5,+1
pi,pi,25,58,43670.175631,2.025343e-01,2,2,2.5,e,+2.5,+1,3,3,3.5,f,+2.5,+1
pi,pi,24,57,43670.196265,1.207940e-01,2,2,2.5,e,+1.5,+1,3,3,3.5,f,+1.5,+1
pi,pi,23,56,43670.216855,1.580766e-02,2,2,2.5,e,+0.5,+1,3,3,3.5,f,+0.5,+1
pi,pi,22,55,43670.237401,1.652105e-02,2,2,2.5,e,-0.5,+1,3,3,3.5,f,-0.5,+1
pi,pi,21,54,43670.257902,1.216360e-01,2,2,2.5,e,-1.5,+1,3,3,3.5,f,-1.5,+1
pi,pi,20,53,43670.278357,2.014933e-01,2,2,2.5,e,-2.5,+1,3,3,3.5,f,-2.5,+1
pi,pi,25,43,43676.009281,3.319415e-02,2,2,2.5,e,+2.5,+1,3,3,2.5,f,+2.5,+1
pi,pi,24,42,43676.015052,1.325943e-03,2,2,2.5,e,+1.5,+1,3,3,2.5,f,+1.5,+1
pi,pi,23,41,43676.020741,2.148618e-02,2,2,2.5,e,+0.5,+1,3,3,2.5,f,+0.5,+1
pi,pi,22,40,43676.026346,2.166063e-02,2,2,2.5,e,-0.5,+1,3,3,2.5,f,-0.5,+1
pi,pi,21,39,43676.031868,1.371447e-03,2,2,2.5,e,-1.5,+1,3,3,2.5,f,-1.5,+1
pi,pi,20,38,43676.037306,3.423765e-02,2,2,2.5,e,-2.5,+1,3,3,2.5,f,-2.5,+1
pi,pi,43,83,58146.008450,2.087000e-04,3,3,2.5,f,+2.5,+1,4,4,4.5,e,+2.5,+1
pi,pi,42,82,58146.028547,4.502864e-04,3,3,2.5,f,+1.5,+1,4,4,4.5,e,+1.5,+1
pi,pi,41,81,58146.048675,6.045178e-04,3,3,2.5,f,+0.5,+1,4,4,4.5,e,+0.5,+1
pi,pi,40,80,58146.068833,6.086941e-04,3,3,2.5,f,-0.5,+1,4,4,4.5,e,-0.5,+1
pi,pi,39,79,58146.089022,4.596835e-04,3,3,2.5,f,-1.5,+1,4,4,4.5,e,-1.5,+1
pi,pi,38,78,58146.109241,2.160095e-04,3,3,2.5,f,-2.5,+1,4,4,4.5,e,-2.5,+1
pi,pi,43,66,58150.468824,9.473831e-03,3,3,2.5,f,+2.5,+1,4,4,3.5,e,+2.5,+1
pi,pi,42,65,58150.479062,5.703099e-03,3,3,2.5,f,+1.5,+1,4,4,3.5,e,+1.5,+1
pi,pi,41,64,58150.489308,7.699723e-04,3,3,2.5,f,+0.5,+1,4,4,3.5,e,+0.5,+1
pi,pi,40,63,58150.499563,7.444871e-04,3,3,2.5,f,-0.5,+1,4,4,3.5,e,-0.5,+1
pi,pi,39,62,58150.509825,5.654678e-03,3,3,2.5,f,-1.5,+1,4,4,3.5,e,-1.5,+1
pi,pi,38,61,58150.520097,9.455996e-03,3,3,2.5,f,-2.5,+1,4,4,3.5,e,-2.5,+1
pi,pi,59,84,58151.836857,8.916738e-03,3,3,3.5,f,+3.5,+1,4,4,4.5,e,+3.5,+1
pi,pi,58,83,58151.842100,7.939291e-03,3,3,3.5,f,+2.5,+1,4,4,4.5,e,+2.5,+1
pi,pi,57,82,58151.847334,3.658315e-03,3,3,3.5,f,+1.5,+1,4,4,4.5,e,+1.5,+1
pi,pi,56,81,58151.852560,4.442888e-04,3,3,3.5,f,+0.5,+1,4,4,4.5,e,+0.5,+1
pi,pi,55,80,58151.857779,4.637110e-04,3,3,3.5,f,-0.5,+1,4,4,4.5,e,-0.5,+1
pi,pi,54,79,58151.862989,3.695609e-03,3,3,3.5,f,-1.5,+1,4,4,4.5,e,-1.5,+1
pi,pi,53,78,58151.868190,7.948364e-03,3,3,3.5,f,-2.5,+1,4,4,4.5,e,-2.5,+1
pi,pi,52,77,58151.873384,8.876866e-03,3,3,3.5,f,-3.5,+1,4,4,4.5,e,-3.5,+1
pi,pi,52,60,58156.274268,1.140959e-03,3,3,3.5,f,-3.5,+1,4,4,3.5,e,-3.5,+1
pi,pi,53,61,58156.279046,2.349889e-05,3,3,3.5,f,-2.5,+1,4,4,3.5,e,-2.5,+1
pi,pi,54,62,58156.283792,2.064257e-04,3,3,3.5,f,-1.5,+1,4,4,3.5,e,-1.5,+1
pi,pi,55,63,58156.288508,5.725641e-04,3,3,3.5,f,-0.5,+1,4,4,3.5,e,-0.5,+1
pi,pi,56,64,58156.293194,5.709701e-04,3,3,3.5,f,+0.5,+1,4,4,3.5,e,+0.5,+1
pi,pi,57,65,58156.297849,2.052566e-04,3,3,3.5,f,+1.5,+1,4,4,3.5,e,+1.5,+1
pi,pi,58,66,58156.302474,2.225912e-05,3,3,3.5,f,+2.5,+1,4,4,3.5,e,+2.5,+1
pi,pi,59,67,58156.307070,1.101031e-03,3,3,3.5,f,+3.5,+1,4,4,3.5,e,+3.5,+1
pi,pi,37,93,58230.633834,3.630508e-03,3,3,2.5,e,+2.5,-1,4,4,4.5,f,+2.5,-1
pi,pi,36,92,58230.659776,7.815147e-03,3,3,2.5,e,+1.5,-1,4,4,4.5,f,+1.5,-1
pi,pi,35,91,58230.685748,1.046784e-02,3,3,2.5,e,+0.5,-1,4,4,4.5,f,+0.5,-1
pi,pi,34,90,58230.711752,1.051582e-02,3,3,2.5,e,-0.5,-1,4,4,4.5,f,-0.5,-1
pi,pi,33,89,58230.737787,7.923103e-03,3,3,2.5,e,-1.5,-1,4,4,4.5,f,-1.5,-1
pi,pi,32,88,58230.763854,3.714478e-03,3,3,2.5,e,-2.5,-1,4,4,4.5,f,-2.5,-1
pi,pi,37,74,58235.092591,1.638427e-01,3,3,2.5,e,+2.5,-1,4,4,3.5,f,+2.5,-1
pi,pi,36,73,58235.109307,9.862966e-02,3,3,2.5,e,+1.5,-1,4,4,3.5,f,+1.5,-1
pi,pi,35,72,58235.126034,1.331410e-02,3,3,2.5,e,+0.5,-1,4,4,3.5,f,+0.5,-1
pi,pi,34,71,58235.142774,1.287991e-02,3,3,2.5,e,-0.5,-1,4,4,3.5,f,-0.5,-1
pi,pi,33,70,58235.159525,9.781428e-02,3,3,2.5,e,-1.5,-1,4,4,3.5,f,-1.5,-1
pi,pi,32,69,58235.176288,1.635676e-01,3,3,2.5,e,-2.5,-1,4,4,3.5,f,-2.5,-1
pi,pi,51,94,58236.459275,1.543776e-01,3,3,3.5,e,+3.5,-1,4,4,4.5,f,+3.5,-1
pi,pi,50,93,58236.469551,1.374621e-01,3,3,3.5,e,+2.5,-1,4,4,4.5,f,+2.5,-1
pi,pi,49,92,58236.479817,6.334459e-02,3,3,3.5,e,+1.5,-1,4,4,4.5,f,+1.5,-1
pi,pi,48,91,58236.490071,7.693919e-03,3,3,3.5,e,+0.5,-1,4,4,4.5,f,+0.5,-1
pi,pi,47,90,58236.500313,8.028848e-03,3,3,3.5,e,-0.5,-1,4,4,4.5,f,-0.5,-1
pi,pi,46,89,58236.510543,6.399488e-02,3,3,3.5,e,-1.5,-1,4,4,4.5,f,-1.5,-1
pi,pi,45,88,58236.520761,1.376465e-01,3,3,3.5,e,-2.5,-1,4,4,4.5,f,-2.5,-1
pi,pi,44,87,58236.530968,1.537347e-01,3,3,3.5,e,-3.5,-1,4,4,4.5,f,-3.5,-1
pi,pi,51,75,58240.927239,1.896815e-02,3,3,3.5,e,+3.5,-1,4,4,3.5,f,+3.5,-1
pi,pi,50,74,58240.928308,3.895786e-04,3,3,3.5,e,+2.5,-1,4,4,3.5,f,+2.5,-1
pi,pi,49,73,58240.929348,3.515006e-03,3,3,3.5,e,+1.5,-1,4,4,3.5,f,+1.5,-1
pi,pi,48,72,58240.930357,9.814630e-03,3,3,3.5,e,+0.5,-1,4,4,3.5,f,+0.5,-1
pi,pi,47,71,58240.931334,9.864402e-03,3,3,3.5,e,-0.5,-1,4,4,3.5,f,-0.5,-1
pi,pi,46,70,58240.932280,3.569935e-03,3,3,3.5,e,-1.5,-1,4,4,3.5,f,-1.5,-1
pi,pi,45,69,58240.933195,3.975821e-04,3,3,3.5,e,-2.5,-1,4,4,3.5,f,-2.5,-1
pi,pi,44,68,58240.934078,1.961298e-02,3,3,3.5,e,-3.5,-1,4,4,3.5,f,-3.5,-1
pi,pi,75,125,72671.123936,1.555222e-04,4,4,3.5,f,+3.5,-1,5,5,5.5,e,+3.5,-1
pi,pi,74,124,72671.134518,3.655074e-04,4,4,3.5,f,+2.5,-1,5,5,5.5,e,+2.5,-1
pi,pi,73,123,72671.145116,5.522319e-04,4,4,3.5,f,+1.5,-1,5,5,5.5,e,+1.5,-1
pi,pi,72,122,72671.155731,6.621907e-04,4,4,3.5,f,+0.5,-1,5,5,5.5,e,+0.5,-1
pi,pi,71,121,72671.166362,6.670081e-04,4,4,3.5,f,-0.5,-1,5,5,5.5,e,-0.5,-1
pi,pi,70,120,72671.177011,5.643720e-04,4,4,3.5,f,-1.5,-1,5,5,5.5,e,-1.5,-1
pi,pi,69,119,72671.187677,3.789976e-04,4,4,3.5,f,-2.5,-1,5,5,5.5,e,-2.5,-1
pi,pi,68,118,72671.198359,1.636173e-04,4,4,3.5,f,-3.5,-1,5,5,5.5,e,-3.5,-1
pi,pi,75,104,72674.726511,1.561533e-02,4,4,3.5,f,+3.5,-1,5,5,4.5,e,+3.5,-1
pi,pi,74,103,72674.729995,1.396678e-02,4,4,3.5,f,+2.5,-1,5,5,4.5,e,+2.5,-1
pi,pi,73,102,72674.733483,6.485278e-03,4,4,3.5,f,+1.5,-1,5,5,4.5,e,+1.5,-1
pi,pi,72,101,72674.736972,8.112566e-04,4,4,3.5,f,+0.5,-1,5,5,4.5,e,+0.5,-1
pi,pi,71,100,72674.740465,7.818337e-04,4,4,3.5,f,-0.5,-1,5,5,4.5,e,-0.5,-1
pi,pi,70,99,72674.743959,6.417796e-03,4,4,3.5,f,-1.5,-1,5,5,4.5,e,-1.5,-1
pi,pi,69,98,72674.747457,1.391031e-02,4,4,3.5,f,-2.5,-1,5,5,4.5,e,-2.5,-1
pi,pi,68,97,72674.750957,1.560737e-02,4,4,3.5,f,-3.5,-1,5,5,4.5,e,-3.5,-1
pi,pi,95,126,72675.590523,1.435884e-02,4,4,4.5,f,+4.5,-1,5,5,5.5,e,+4.5,-1
pi,pi,94,125,72675.591900,1.560848e-02,4,4,4.5,f,+3.5,-1,5,5,5.5,e,+3.5,-1
pi,pi,93,124,72675.593275,1.059365e-02,4,4,4.5,f,+2.5,-1,5,5,5.5,e,+2.5,-1
pi,pi,92,123,72675.594647,4.431336e-03,4,4,4.5,f,+1.5,-1,5,5,5.5,e,+1.5,-1
pi,pi,91,122,72675.596017,5.189800e-04,4,4,4.5,f,+0.5,-1,5,5,5.5,e,+0.5,-1
pi,pi,90,121,72675.597384,5.427128e-04,4,4,4.5,f,-0.5,-1,5,5,5.5,e,-0.5,-1
pi,pi,89,120,72675.598749,4.485798e-03,4,4,4.5,f,-1.5,-1,5,5,5.5,e,-1.5,-1
pi,pi,88,119,72675.600111,1.063719e-02,4,4,4.5,f,-2.5,-1,5,5,5.5,e,-2.5,-1
pi,pi,87,118,72675.601470,1.560023e-02,4,4,4.5,f,-3.5,-1,5,5,5.5,e,-3.5,-1
pi,pi,86,117,72675.602827,1.430155e-02,4,4,4.5,f,-4.5,-1,5,5,5.5,e,-4.5,-1
pi,pi,86,96,72679.148227,1.470351e-03,4,4,4.5,f,-4.5,-1,5,5,4.5,e,-4.5,-1
pi,pi,87,97,72679.154068,1.642301e-04,4,4,4.5,f,-3.5,-1,5,5,4.5,e,-3.5,-1
pi,pi,88,98,72679.159891,3.949765e-05,4,4,4.5,f,-2.5,-1,5,5,4.5,e,-2.5,-1
pi,pi,89,99,72679.165697,3.604148e-04,4,4,4.5,f,-1.5,-1,5,5,4.5,e,-1.5,-1
pi,pi,90,100,72679.171486,6.407959e-04,4,4,4.5,f,-0.5,-1,5,5,4.5,e,-0.5,-1
pi,pi,91,101,72679.177258,6.401885e-04,4,4,4.5,f,+0.5,-1,5,5,4.5,e,+0.5,-1
pi,pi,92,102,72679.183014,3.601413e-04,4,4,4.5,f,+1.5,-1,5,5,4.5,e,+1.5,-1
pi,pi,93,103,72679.188753,4.056057e-05,4,4,4.5,f,+2.5,-1,5,5,4.5,e,+2.5,-1
pi,pi,94,104,72679.194475,1.561497e-04,4,4,4.5,f,+3.5,-1,5,5,4.5,e,+3.5,-1
pi,pi,95,105,72679.200181,1.412932e-03,4,4,4.5,f,+4.5,-1,5,5,4.5,e,+4.5,-1
pi,pi,1,48,72716.938048,3.947952e-08,1,1,0.5,e,+0.5,-1,3,3,3.5,e,+0.5,-1
pi,pi,0,47,72717.141242,4.098106e-08,1,1,0.5,e,-0.5,-1,3,3,3.5,e,-0.5,-1
pi,pi,1,35,72722.742370,1.864960e-02,1,1,0.5,e,+0.5,-1,3,3,2.5,e,+0.5,-1
pi,pi,0,34,72722.929803,1.873758e-02,1,1,0.5,e,-0.5,-1,3,3,2.5,e,-0.5,-1
pi,pi,7,49,72731.970849,1.149700e-02,1,1,1.5,e,+1.5,-1,3,3,3.5,e,+1.5,-1
pi,pi,6,48,72732.049307,2.062016e-02,1,1,1.5,e,+0.5,-1,3,3,3.5,e,+0.5,-1
pi,pi,5,47,72732.127271,2.054516e-02,1,1,1.5,e,-0.5,-1,3,3,3.5,e,-0.5,-1
pi,pi,4,46,72732.204728,1.137199e-02,1,1,1.5,e,-1.5,-1,3,3,3.5,e,-1.5,-1
pi,pi,7,36,72737.790891,4.495165e-03,1,1,1.5,e,+1.5,-1,3,3,2.5,e,+1.5,-1
pi,pi,6,35,72737.853629,7.663077e-04,1,1,1.5,e,+0.5,-1,3,3,2.5,e,+0.5,-1
pi,pi,5,34,72737.915831,7.522962e-04,1,1,1.5,e,-0.5,-1,3,3,2.5,e,-0.5,-1
pi,pi,4,33,72737.977484,4.619142e-03,1,1,1.5,e,-1.5,-1,3,3,2.5,e,-1.5,-1
pi,pi,3,56,72743.388759,2.695075e-07,1,1,0.5,f,+0.5,+1,3,3,3.5,f,+0.5,+1
pi,pi,2,55,72743.590584,2.789844e-07,1,1,0.5,f,-0.5,+1,3,3,3.5,f,-0.5,+1
pi,pi,3,41,72749.192645,1.055260e-01,1,1,0.5,f,+0.5,+1,3,3,2.5,f,+0.5,+1
pi,pi,2,40,72749.379529,1.060224e-01,1,1,0.5,f,-0.5,+1,3,3,2.5,f,-0.5,+1
pi,pi,11,57,72758.420037,6.507061e-02,1,1,1.5,f,+1.5,+1,3,3,3.5,f,+1.5,+1
pi,pi,10,56,72758.499029,1.167293e-01,1,1,1.5,f,+0.5,+1,3,3,3.5,f,+0.5,+1
pi,pi,9,55,72758.577541,1.163286e-01,1,1,1.5,f,-0.5,+1,3,3,3.5,f,-0.5,+1
pi,pi,8,54,72758.655561,6.440287e-02,1,1,1.5,f,-1.5,+1,3,3,3.5,f,-1.5,+1
pi,pi,11,42,72764.238824,2.560872e-02,1,1,1.5,f,+1.5,+1,3,3,2.5,f,+1.5,+1
pi,pi,10,41,72764.302914,4.369925e-03,1,1,1.5,f,+0.5,+1,3,3,2.5,f,+0.5,+1
pi,pi,9,40,72764.366487,4.275465e-03,1,1,1.5,f,-0.5,+1,3,3,2.5,f,-0.5,+1
pi,pi,8,39,72764.429528,2.627781e-02,1,1,1.5,f,-1.5,+1,3,3,2.5,f,-1.5,+1
pi,pi,67,137,72803.353590,1.340134e-03,4,4,3.5,e,+3.5,+1,5,5,5.5,f,+3.5,+1
pi,pi,66,136,72803.369984,3.140457e-03,4,4,3.5,e,+2.5,+1,5,5,5.5,f,+2.5,+1
pi,pi,65,135,72803.386394,4.731035e-03,4,4,3.5,e,+1.5,+1,5,5,5.5,f,+1.5,+1
pi,pi,64,134,72803.402821,5.656569e-03,4,4,3.5,e,+0.5,+1,5,5,5.5,f,+0.5,+1
pi,pi,63,133,72803.419265,5.681112e-03,4,4,3.5,e,-0.5,+1,5,5,5.5,f,-0.5,+1
pi,pi,62,132,72803.435727,4.792886e-03,4,4,3.5,e,-1.5,+1,5,5,5.5,f,-1.5,+1
pi,pi,61,131,72803.452206,3.209183e-03,4,4,3.5,e,-2.5,+1,5,5,5.5,f,-2.5,+1
pi,pi,60,130,72803.468702,1.381371e-03,4,4,3.5,e,-3.5,+1,5,5,5.5,f,-3.5,+1
pi,pi,67,114,72806.954316,1.331683e-01,4,4,3.5,e,+3.5,+1,5,5,4.5,f,+3.5,+1
pi,pi,66,113,72806.964130,1.191104e-01,4,4,3.5,e,+2.5,+1,5,5,4.5,f,+2.5,+1
pi,pi,65,112,72806.973948,5.530683e-02,4,4,3.5,e,+1.5,+1,5,5,4.5,f,+1.5,+1
pi,pi,64,111,72806.983771,6.917624e-03,4,4,3.5,e,+0.5,+1,5,5,4.5,f,+0.5,+1
pi,pi,63,110,72806.993599,6.669700e-03,4,4,3.5,e,-0.5,+1,5,5,4.5,f,-0.5,+1
pi,pi,62,109,72807.003431,5.474256e-02,4,4,3.5,e,-1.5,+1,5,5,4.5,f,-1.5,+1
pi,pi,61,108,72807.013269,1.186515e-01,4,4,3.5,e,-2.5,+1,5,5,4.5,f,-2.5,+1
pi,pi,60,107,72807.023112,1.331283e-01,4,4,3.5,e,-3.5,+1,5,5,4.5,f,-3.5,+1
pi,pi,85,138,72807.817243,1.225267e-01,4,4,4.5,e,+4.5,+1,5,5,5.5,f,+4.5,+1
pi,pi,84,137,72807.823803,1.331954e-01,4,4,4.5,e,+3.5,+1,5,5,5.5,f,+3.5,+1
pi,pi,83,136,72807.830358,9.040514e-02,4,4,4.5,e,+2.5,+1,5,5,5.5,f,+2.5,+1
pi,pi,82,135,72807.836909,3.781865e-02,4,4,4.5,e,+1.5,+1,5,5,5.5,f,+1.5,+1
pi,pi,81,134,72807.843454,4.429734e-03,4,4,4.5,e,+0.5,+1,5,5,5.5,f,+0.5,+1
pi,pi,80,133,72807.849995,4.631222e-03,4,4,4.5,e,-0.5,+1,5,5,5.5,f,-0.5,+1
pi,pi,79,132,72807.856530,3.828424e-02,4,4,4.5,e,-1.5,+1,5,5,5.5,f,-1.5,+1
pi,pi,78,131,72807.863061,9.078861e-02,4,4,4.5,e,-2.5,+1,5,5,5.5,f,-2.5,+1
pi,pi,77,130,72807.869586,1.331544e-01,4,4,4.5,e,-3.5,+1,5,5,5.5,f,-3.5,+1
pi,pi,76,129,72807.876107,1.220748e-01,4,4,4.5,e,-4.5,+1,5,5,5.5,f,-4.5,+1
pi,pi,76,106,72811.423851,1.248104e-02,4,4,4.5,e,-4.5,+1,5,5,4.5,f,-4.5,+1
pi,pi,77,107,72811.423997,1.381981e-03,4,4,4.5,e,-3.5,+1,5,5,4.5,f,-3.5,+1
pi,pi,78,108,72811.424125,3.432017e-04,4,4,4.5,e,-2.5,+1,5,5,4.5,f,-2.5,+1
pi,pi,79,109,72811.424235,3.080134e-03,4,4,4.5,e,-1.5,+1,5,5,4.5,f,-1.5,+1
pi,pi,80,110,72811.424328,5.455086e-03,4,4,4.5,e,-0.5,+1,5,5,4.5,f,-0.5,+1
pi,pi,81,111,72811.424404,5.434163e-03,4,4,4.5,e,+0.5,+1,5,5,4.5,f,+0.5,+1
pi,pi,82,112,72811.424463,3.045315e-03,4,4,4.5,e,+1.5,+1,5,5,4.5,f,+1.5,+1
pi,pi,83,113,72811.424504,3.374786e-04,4,4,4.5,e,+2.5,+1,5,5,4.5,f,+2.5,+1
pi,pi,84,114,72811.424529,1.340788e-03,4,4,4.5,e,+3.5,+1,5,5,4.5,f,+3.5,+1
pi,pi,85,115,72811.424537,1.202781e-02,4,4,4.5,e,+4.5,+1,5,5,4.5,f,+4.5,+1
pi,pi,15,82,101813.664683,1.922004e-10,2,2,1.5,e,+1.5,+1,4,4,4.5,e,+1.5,+1
pi,pi,14,81,101813.723038,3.622813e-10,2,2,1.5,e,+0.5,+1,4,4,4.5,e,+0.5,+1
pi,pi,13,80,101813.781469,3.403997e-10,2,2,1.5,e,-0.5,+1,4,4,4.5,e,-0.5,+1
pi,pi,12,79,101813.839975,1.593930e-10,2,2,1.5,e,-1.5,+1,4,4,4.5,e,-1.5,+1
pi,pi,15,65,101818.115198,1.426058e-02,2,2,1.5,e,+1.5,+1,4,4,3.5,e,+1.5,+1
pi,pi,14,64,101818.163672,2.571298e-02,2,2,1.5,e,+0.5,+1,4,4,3.5,e,+0.5,+1
pi,pi,13,63,101818.212198,2.575744e-02,2,2,1.5,e,-0.5,+1,4,4,3.5,e,-0.5,+1
pi,pi,12,62,101818.260779,1.433468e-02,2,2,1.5,e,-1.5,+1,4,4,3.5,e,-1.5,+1
pi,pi,25,83,101822.017730,9.305582e-03,2,2,2.5,e,+2.5,+1,4,4,4.5,e,+2.5,+1
pi,pi,24,82,101822.043599,1.990538e-02,2,2,2.5,e,+1.5,+1,4,4,4.5,e,+1.5,+1
pi,pi,23,81,101822.069416,2.649333e-02,2,2,2.5,e,+0.5,+1,4,4,4.5,e,+0.5,+1
pi,pi,22,80,101822.095180,2.644583e-02,2,2,2.5,e,-0.5,+1,4,4,4.5,e,-0.5,+1
pi,pi,21,79,101822.120890,1.979852e-02,2,2,2.5,e,-1.5,+1,4,4,4.5,e,-1.5,+1
pi,pi,20,78,101822.146547,9.222462e-03,2,2,2.5,e,-2.5,+1,4,4,4.5,e,-2.5,+1
pi,pi,25,66,101826.478105,2.595972e-03,2,2,2.5,e,+2.5,+1,4,4,3.5,e,+2.5,+1
pi,pi,24,65,101826.494114,1.566286e-03,2,2,2.5,e,+1.5,+1,4,4,3.5,e,+1.5,+1
pi,pi,23,64,101826.510049,2.097056e-04,2,2,2.5,e,+0.5,+1,4,4,3.5,e,+0.5,+1
pi,pi,22,63,101826.525909,2.121445e-04,2,2,2.5,e,-0.5,+1,4,4,3.5,e,-0.5,+1
pi,pi,21,62,101826.541694,1.597854e-03,2,2,2.5,e,-1.5,+1,4,4,3.5,e,-1.5,+1
pi,pi,20,61,101826.557402,2.678495e-03,2,2,2.5,e,-2.5,+1,4,4,3.5,e,-2.5,+1
pi,pi,19,92,101850.696046,4.286394e-11,2,2,1.5,f,+1.5,-1,4,4,4.5,f,+1.5,-1
pi,pi,18,91,101850.753512,1.166606e-10,2,2,1.5,f,+0.5,-1,4,4,4.5,f,+0.5,-1
pi,pi,17,90,101850.811048,1.530163e-10,2,2,1.5,f,-0.5,-1,4,4,4.5,f,-0.5,-1
pi,pi,16,89,101850.868654,9.753297e-11,2,2,1.5,f,-1.5,-1,4,4,4.5,f,-1.5,-1
pi,pi,19,73,101855.145577,8.074093e-02,2,2,1.5,f,+1.5,-1,4,4,3.5,f,+1.5,-1
pi,pi,18,72,101855.193798,1.455770e-01,2,2,1.5,f,+0.5,-1,4,4,3.5,f,+0.5,-1
pi,pi,17,71,101855.242069,1.458232e-01,2,2,1.5,f,-0.5,-1,4,4,3.5,f,-0.5,-1
pi,pi,16,70,101855.290391,8.115119e-02,2,2,1.5,f,-1.5,-1,4,4,3.5,f,-1.5,-1
pi,pi,31,93,101859.047100,5.267595e-02,2,2,2.5,f,+2.5,-1,4,4,4.5,f,+2.5,-1
pi,pi,30,92,101859.073219,1.126916e-01,2,2,2.5,f,+1.5,-1,4,4,4.5,f,+1.5,-1
pi,pi,29,91,101859.099288,1.500067e-01,2,2,2.5,f,+0.5,-1,4,4,4.5,f,+0.5,-1
pi,pi,28,90,101859.125308,1.497564e-01,2,2,2.5,f,-0.5,-1,4,4,4.5,f,-0.5,-1
pi,pi,27,89,101859.151278,1.121283e-01,2,2,2.5,f,-1.5,-1,4,4,4.5,f,-1.5,-1
pi,pi,26,88,101859.177196,5.223782e-02,2,2,2.5,f,-2.5,-1,4,4,4.5,f,-2.5,-1
pi,pi,31,74,101863.505857,1.479538e-02,2,2,2.5,f,+2.5,-1,4,4,3.5,f,+2.5,-1
pi,pi,30,73,101863.522750,8.929931e-03,2,2,2.5,f,+1.5,-1,4,4,3.5,f,+1.5,-1
pi,pi,29,72,101863.539574,1.198255e-03,2,2,2.5,f,+0.5,-1,4,4,3.5,f,+0.5,-1
pi,pi,28,71,101863.556329,1.203566e-03,2,2,2.5,f,-0.5,-1,4,4,3.5,f,-0.5,-1
pi,pi,27,70,101863.573015,9.085171e-03,2,2,2.5,f,-1.5,-1,4,4,3.5,f,-1.5,-1
pi,pi,26,69,101863.589630,1.523462e-02,2,2,2.5,f,-2.5,-1,4,4,3.5,f,-2.5,-1
pi,pi,37,124,130906.227108,4.170121e-09,3,3,2.5,e,+2.5,-1,5,5,5.5,e,+2.5,-1
pi,pi,36,123,130906.254423,1.044600e-08,3,3,2.5,e,+1.5,-1,5,5,5.5,e,+1.5,-1
pi,pi,35,122,130906.281765,1.495224e-08,3,3,2.5,e,+0.5,-1,5,5,5.5,e,+0.5,-1
pi,pi,34,121,130906.309136,1.498140e-08,3,3,2.5,e,-0.5,-1,5,5,5.5,e,-0.5,-1
pi,pi,33,120,130906.336536,1.050725e-08,3,3,2.5,e,-1.5,-1,5,5,5.5,e,-1.5,-1
pi,pi,32,119,130906.363965,4.210942e-09,3,3,2.5,e,-2.5,-1,5,5,5.5,e,-2.5,-1
pi,pi,37,103,130909.822586,9.982222e-03,3,3,2.5,e,+2.5,-1,5,5,4.5,e,+2.5,-1
pi,pi,36,102,130909.842789,2.141116e-02,3,3,2.5,e,+1.5,-1,5,5,4.5,e,+1.5,-1
pi,pi,35,101,130909.863007,2.857601e-02,3,3,2.5,e,+0.5,-1,5,5,4.5,e,+0.5,-1
pi,pi,34,100,130909.883238,2.860403e-02,3,3,2.5,e,-0.5,-1,5,5,4.5,e,-0.5,-1
pi,pi,33,99,130909.903484,2.147422e-02,3,3,2.5,e,-1.5,-1,5,5,4.5,e,-1.5,-1
pi,pi,32,98,130909.923745,1.003128e-02,3,3,2.5,e,-2.5,-1,5,5,4.5,e,-2.5,-1
pi,pi,51,125,130912.051175,6.973418e-03,3,3,3.5,e,+3.5,-1,5,5,5.5,e,+3.5,-1
pi,pi,50,124,130912.062826,1.625308e-02,3,3,3.5,e,+2.5,-1,5,5,5.5,e,+2.5,-1
pi,pi,49,123,130912.074464,2.435211e-02,3,3,3.5,e,+1.5,-1,5,5,5.5,e,+1.5,-1
pi,pi,48,122,130912.086087,2.895767e-02,3,3,3.5,e,+0.5,-1,5,5,5.5,e,+0.5,-1
pi,pi,47,121,130912.097697,2.892454e-02,3,3,3.5,e,-0.5,-1,5,5,5.5,e,-0.5,-1
pi,pi,46,120,130912.109291,2.426862e-02,3,3,3.5,e,-1.5,-1,5,5,5.5,e,-1.5,-1
pi,pi,45,119,130912.120872,1.616030e-02,3,3,3.5,e,-2.5,-1,5,5,5.5,e,-2.5,-1
pi,pi,44,118,130912.132438,6.917750e-03,3,3,3.5,e,-3.5,-1,5,5,5.5,e,-3.5,-1
pi,pi,11,65,130914.717886,4.536425e-11,1,1,1.5,f,+1.5,+1,4,4,3.5,e,+1.5,+1
pi,pi,10,64,130914.792223,8.289378e-11,1,1,1.5,f,+0.5,+1,4,4,3.5,e,+0.5,+1
pi,pi,9,63,130914.866050,8.415811e-11,1,1,1.5,f,-0.5,+1,4,4,3.5,e,-0.5,+1
pi,pi,8,62,130914.939354,4.747200e-11,1,1,1.5,f,-1.5,+1,4,4,3.5,e,-1.5,+1
pi,pi,51,104,130915.653749,1.510268e-03,3,3,3.5,e,+3.5,-1,5,5,4.5,e,+3.5,-1
pi,pi,50,103,130915.658304,1.351566e-03,3,3,3.5,e,+2.5,-1,5,5,4.5,e,+2.5,-1
pi,pi,49,102,130915.662831,6.256916e-04,3,3,3.5,e,+1.5,-1,5,5,4.5,e,+1.5,-1
pi,pi,48,101,130915.667329,7.609797e-05,3,3,3.5,e,+0.5,-1,5,5,4.5,e,+0.5,-1
pi,pi,47,100,130915.671799,8.082560e-05,3,3,3.5,e,-0.5,-1,5,5,4.5,e,-0.5,-1
pi,pi,46,99,130915.676240,6.452172e-04,3,3,3.5,e,-1.5,-1,5,5,4.5,e,-1.5,-1
pi,pi,45,98,130915.680652,1.394408e-03,3,3,3.5,e,-2.5,-1,5,5,4.5,e,-2.5,-1
pi,pi,44,97,130915.685035,1.565585e-03,3,3,3.5,e,-3.5,-1,5,5,4.5,e,-3.5,-1
pi,pi,43,136,130953.838808,1.481894e-08,3,3,2.5,f,+2.5,+1,5,5,5.5,f,+2.5,+1
pi,pi,42,135,130953.865456,3.707045e-08,3,3,2.5,f,+1.5,+1,5,5,5.5,f,+1.5,+1
pi,pi,41,134,130953.892129,5.298920e-08,3,3,2.5,f,+0.5,+1,5,5,5.5,f,+0.5,+1
pi,pi,40,133,130953.918828,5.301899e-08,3,3,2.5,f,-0.5,+1,5,5,5.5,f,-0.5,+1
pi,pi,39,132,130953.945552,3.713299e-08,3,3,2.5,f,-1.5,+1,5,5,5.5,f,-1.5,+1
pi,pi,38,131,130953.972302,1.486060e-08,3,3,2.5,f,-2.5,+1,5,5,5.5,f,-2.5,+1
pi,pi,43,113,130957.432954,5.652874e-02,3,3,2.5,f,+2.5,+1,5,5,4.5,f,+2.5,+1
pi,pi,42,112,130957.453010,1.212456e-01,3,3,2.5,f,+1.5,+1,5,5,4.5,f,+1.5,+1
pi,pi,41,111,130957.473079,1.618121e-01,3,3,2.5,f,+0.5,+1,5,5,4.5,f,+0.5,+1
pi,pi,40,110,130957.493161,1.619645e-01,3,3,2.5,f,-0.5,+1,5,5,4.5,f,-0.5,+1
pi,pi,39,109,130957.513257,1.215886e-01,3,3,2.5,f,-1.5,+1,5,5,4.5,f,-1.5,+1
pi,pi,38,108,130957.533366,5.679554e-02,3,3,2.5,f,-2.5,+1,5,5,4.5,f,-2.5,+1
pi,pi,1,72,130957.868404,3.476334e-12,1,1,0.5,e,+0.5,-1,4,4,3.5,f,+0.5,-1
pi,pi,0,71,130958.072577,3.506684e-12,1,1,0.5,e,-0.5,-1,4,4,3.5,f,-0.5,-1
pi,pi,59,137,130959.660660,3.947701e-02,3,3,3.5,f,+3.5,+1,5,5,5.5,f,+3.5,+1
pi,pi,58,136,130959.672458,9.201768e-02,3,3,3.5,f,+2.5,+1,5,5,5.5,f,+2.5,+1
pi,pi,57,135,130959.684243,1.378827e-01,3,3,3.5,f,+1.5,+1,5,5,5.5,f,+1.5,+1
pi,pi,56,134,130959.696014,1.639740e-01,3,3,3.5,f,+0.5,+1,5,5,5.5,f,+0.5,+1
pi,pi,55,133,130959.707773,1.638009e-01,3,3,3.5,f,-0.5,+1,5,5,5.5,f,-0.5,+1
pi,pi,54,132,130959.719519,1.374465e-01,3,3,3.5,f,-1.5,+1,5,5,5.5,f,-1.5,+1
pi,pi,53,131,130959.731251,9.153302e-02,3,3,3.5,f,-2.5,+1,5,5,5.5,f,-2.5,+1
pi,pi,52,130,130959.742970,3.918620e-02,3,3,3.5,f,-3.5,+1,5,5,5.5,f,-3.5,+1
pi,pi,59,114,130963.261386,8.610671e-03,3,3,3.5,f,+3.5,+1,5,5,4.5,f,+3.5,+1
pi,pi,58,113,130963.266604,7.707563e-03,3,3,3.5,f,+2.5,+1,5,5,4.5,f,+2.5,+1
pi,pi,57,112,130963.271797,3.570584e-03,3,3,3.5,f,+1.5,+1,5,5,4.5,f,+1.5,+1
pi,pi,56,111,130963.276964,4.360022e-04,3,3,3.5,f,+0.5,+1,5,5,4.5,f,+0.5,+1
pi,pi,55,110,130963.282107,4.574196e-04,3,3,3.5,f,-0.5,+1,5,5,4.5,f,-0.5,+1
pi,pi,54,109,130963.287224,3.665619e-03,3,3,3.5,f,-1.5,+1,5,5,4.5,f,-1.5,+1
pi,pi,53,108,130963.292315,7.927234e-03,3,3,3.5,f,-2.5,+1,5,5,4.5,f,-2.5,+1
pi,pi,52,107,130963.297380,8.902208e-03,3,3,3.5,f,-3.5,+1,5,5,4.5,f,-3.5,+1
pi,pi,7,73,130972.900197,4.418810e-09,1,1,1.5,e,+1.5,-1,4,4,3.5,f,+1.5,-1
pi,pi,6,72,130972.979663,8.065196e-09,1,1,1.5,e,+0.5,-1,4,4,3.5,f,+0.5,-1
pi,pi,5,71,130973.058605,8.178885e-09,1,1,1.5,e,-0.5,-1,4,4,3.5,f,-0.5,-1
pi,pi,4,70,130973.137009,4.608341e-09,1,1,1.5,e,-1.5,-1,4,4,3.5,f,-1.5,-1
pi,pi,31,103,174538.235853,8.508667e-11,2,2,2.5,f,+2.5,-1,5,5,4.5,e,+2.5,-1
pi,pi,30,102,174538.256232,1.836470e-10,2,2,2.5,f,+1.5,-1,5,5,4.5,e,+1.5,-1
pi,pi,29,101,174538.276546,2.466384e-10,2,2,2.5,f,+0.5,-1,5,5,4.5,e,+0.5,-1
pi,pi,28,100,174538.296794,2.484321e-10,2,2,2.5,f,-0.5,-1,5,5,4.5,e,-0.5,-1
pi,pi,27,99,174538.316975,1.876832e-10,2,2,2.5,f,-1.5,-1,5,5,4.5,e,-1.5,-1
pi,pi,26,98,174538.337087,8.822627e-11,2,2,2.5,f,-2.5,-1,5,5,4.5,e,-2.5,-1
pi,pi,14,111,174625.147442,1.731373e-12,2,2,1.5,e,+0.5,+1,5,5,4.5,f,+0.5,+1
pi,pi,13,110,174625.205797,1.737452e-12,2,2,1.5,e,-0.5,+1,5,5,4.5,f,-0.5,+1
pi,pi,25,113,174633.442235,1.466518e-09,2,2,2.5,e,+2.5,+1,5,5,4.5,f,+2.5,+1
pi,pi,24,112,174633.468062,3.163977e-09,2,2,2.5,e,+1.5,+1,5,5,4.5,f,+1.5,+1
pi,pi,23,111,174633.493820,4.247516e-09,2,2,2.5,e,+0.5,+1,5,5,4.5,f,+0.5,+1
pi,pi,22,110,174633.519508,4.276699e-09,2,2,2.5,e,-0.5,+1,5,5,4.5,f,-0.5,+1
pi,pi,21,109,174633.545125,3.229643e-09,2,2,2.5,e,-1.5,+1,5,5,4.5,f,-1.5,+1
pi,pi,20,108,174633.570672,1.517598e-09,2,2,2.5,e,-2.5,+1,5,5,4.5,f,-2.5,+1
